{"type":"FeatureCollection","features":[{"type":"Feature","properties":{"zona_code":"ZA1","zona":"Zona residencial mixta 1","comuna":"Lebu"},"geometry":{"type":"Polygon","coordinates":[[[-73.54616547817172,-37.66628972630424],[-73.54594921029386,-37.66657992302093],[-73.54569049502086,-37.666871757988446],[-73.54548287261841,-37.667071429018605],[-73.54525230803301,-37.66724380208403],[-73.545047635622,-37.667375716325104],[-73.54468289445677,-37.66662882331541],[-73.54553291124978,-37.66638179922287],[-73.54603003517177,-37.66627804699355],[-73.54616547817172,-37.66628972630424]]]}},{"type":"Feature","properties":{"zona_code":"ZA1","zona":"Zona residencial mixta 1","comuna":"Lebu"},"geometry":{"type":"Polygon","coordinates":[[[-73.54621116198122,-37.666457068050825],[-73.54644146811707,-37.6666285520718],[-73.54680235317136,-37.66696409729236],[-73.54659920321524,-37.66723687761324],[-73.54624763197631,-37.667633763794704],[-73.54600773124308,-37.66788541491902],[-73.54579062801926,-37.668045995168384],[-73.54554350669525,-37.668179549815186],[-73.54546740487278,-37.66821067283898],[-73.54508885028292,-37.6674699520492],[-73.54545918635327,-37.66726399715298],[-73.54574860821872,-37.6670104351666],[-73.54600024930976,-37.666718873365234],[-73.54621116198122,-37.666457068050825]]]}},{"type":"Feature","properties":{"zona_code":"ZA1","zona":"Zona residencial mixta 1","comuna":"Lebu"},"geometry":{"type":"Polygon","coordinates":[[[-73.54497995416958,-37.66754461773255],[-73.54533979085355,-37.66826915104048],[-73.54508603776814,-37.66835222948368],[-73.54473997033509,-37.66843323539641],[-73.54428606556287,-37.66849021886842],[-73.54409237408008,-37.66851178878692],[-73.54379731727529,-37.66786084793775],[-73.54397047297651,-37.66785134434875],[-73.54414664872908,-37.66783326979171],[-73.54451644328935,-37.667734439380624],[-73.54470755611997,-37.66767069098904],[-73.54497995416958,-37.66754461773255]]]}},{"type":"Feature","properties":{"zona_code":"ZA1","zona":"Zona residencial mixta 1","comuna":"Lebu"},"geometry":{"type":"Polygon","coordinates":[[[-73.54701880310475,-37.66737286355072],[-73.54760356556272,-37.668528375670526],[-73.54781432641113,-37.66895990667142],[-73.54762156748332,-37.669054726302306],[-73.5474284653248,-37.669143921085166],[-73.54723096392975,-37.669219194460936],[-73.54707048341913,-37.66926203370949],[-73.54687040358907,-37.66929512877298],[-73.54662365090184,-37.669318752778416],[-73.5464181429304,-37.66932105418996],[-73.54630848557042,-37.66932529031761],[-73.54621754696912,-37.669345713133914],[-73.54610287766327,-37.66938396326989],[-73.546041096132,-37.66941735234005],[-73.54595678822376,-37.66948825102515],[-73.54561674369835,-37.668565665257105],[-73.54573831471984,-37.66852433003686],[-73.54587231595153,-37.66845433086529],[-73.54602650827967,-37.668366640773826],[-73.54617630513404,-37.66826502849659],[-73.54630841566129,-37.66816409927003],[-73.54649333928853,-37.66799912431798],[-73.54667887730994,-37.66778621194367],[-73.54701880310475,-37.66737286355072]]]}},{"type":"Feature","properties":{"zona_code":"ZA1","zona":"Zona residencial mixta 1","comuna":"Lebu"},"geometry":{"type":"Polygon","coordinates":[[[-73.54548844280781,-37.66861289634622],[-73.54588488237293,-37.66964604226856],[-73.54577539754908,-37.669653089270874],[-73.54543554122723,-37.66971976431096],[-73.54517903339858,-37.669757854647905],[-73.54486359347203,-37.66981794898186],[-73.54453434723895,-37.66988421157209],[-73.54421340932528,-37.66886787550231],[-73.5444209073826,-37.66884013450133],[-73.54473754637883,-37.66879972444722],[-73.54512304109262,-37.66872565265302],[-73.54548844280781,-37.66861289634622]]]}},{"type":"Feature","properties":{"zona_code":"ZA1","zona":"Zona residencial mixta 1","comuna":"Lebu"},"geometry":{"type":"Polygon","coordinates":[[[-73.54591583151486,-37.6697463103605],[-73.54594129773915,-37.670046898423344],[-73.54581671056542,-37.67024195448378],[-73.54569287473151,-37.67036229296773],[-73.54554860195421,-37.67043832535205],[-73.54538035444305,-37.670470189079914],[-73.5451868299078,-37.670494572957296],[-73.54502617252217,-37.670534598852505],[-73.54475705869346,-37.670598540543835],[-73.54456732023148,-37.66998863007498],[-73.54532485850282,-37.669852277639855],[-73.54591583151486,-37.6697463103605]]]}},{"type":"Feature","properties":{"zona_code":"ZA1","zona":"Zona residencial mixta 1","comuna":"Lebu"},"geometry":{"type":"Polygon","coordinates":[[[-73.54443039378678,-37.67001082719516],[-73.54461340002754,-37.67062663468728],[-73.54439209103417,-37.6706605459087],[-73.54423548526482,-37.670708868217055],[-73.54411779149522,-37.6707556888456],[-73.54403615798387,-37.6708123908429],[-73.54398145034352,-37.67084550564065],[-73.54393718141253,-37.6708753992993],[-73.54388480781988,-37.67088869518833],[-73.54374331180308,-37.67089415713684],[-73.54351252156874,-37.670888974357084],[-73.54336395066174,-37.67089470987421],[-73.54319769203806,-37.670901127058734],[-73.54304575489205,-37.67090981008771],[-73.54281651069827,-37.67092993186694],[-73.54248821824915,-37.67095387700842],[-73.5423115128147,-37.67038291737041],[-73.54443039378678,-37.67001082719516]]]}},{"type":"Feature","properties":{"zona_code":"ZA1","zona":"Zona residencial mixta 1","comuna":"Lebu"},"geometry":{"type":"Polygon","coordinates":[[[-73.54217121995744,-37.67040806063994],[-73.54233981780979,-37.67096242258558],[-73.54224197308407,-37.67098592758879],[-73.54215879215614,-37.67101732232218],[-73.54211823217561,-37.67104989013489],[-73.54205799326016,-37.67110858297037],[-73.54203278517572,-37.67116028786808],[-73.54191323533911,-37.67135091814811],[-73.54185399177716,-37.671542038959],[-73.54175803627705,-37.67188677263],[-73.54169175141081,-37.672252908671545],[-73.54124740290607,-37.67229260123833],[-73.54029753641477,-37.67235743118788],[-73.54007455566895,-37.67137676156574],[-73.53988941979331,-37.67078357614826],[-73.54093618708266,-37.670622003232516],[-73.54217121995744,-37.67040806063994]]]}},{"type":"Feature","properties":{"zona_code":"ZA1","zona":"Zona residencial mixta 1","comuna":"Lebu"},"geometry":{"type":"Polygon","coordinates":[[[-73.53973184792815,-37.67087420662339],[-73.53981986532506,-37.67109628687935],[-73.53986588297118,-37.67126925528853],[-73.53926794913687,-37.67134868520424],[-73.53851773232013,-37.671431166476715],[-73.53840990553522,-37.67111684128301],[-73.53973184792815,-37.67087420662339]]]}},{"type":"Feature","properties":{"zona_code":"ZA1","zona":"Zona residencial mixta 1","comuna":"Lebu"},"geometry":{"type":"Polygon","coordinates":[[[-73.53989699621951,-37.67137233705072],[-73.54004631182194,-37.672017636241144],[-73.54012151968033,-37.67237831379677],[-73.53876078341669,-37.67245052383495],[-73.53871195572889,-37.672173381706635],[-73.53856014315748,-37.67154508751399],[-73.53989699621951,-37.67137233705072]]]}},{"type":"Feature","properties":{"zona_code":"ZA1","zona":"Zona residencial mixta 1","comuna":"Lebu"},"geometry":{"type":"Polygon","coordinates":[[[-73.53777487567055,-37.66994912646446],[-73.53792737775274,-37.67029836962963],[-73.5380336570325,-37.670587390186306],[-73.53700937154682,-37.67082698638636],[-73.53688266345769,-37.6704936585272],[-73.53677992563523,-37.67020450065734],[-73.53777487567055,-37.66994912646446]]]}},{"type":"Feature","properties":{"zona_code":"ZA1","zona":"Zona residencial mixta 1","comuna":"Lebu"},"geometry":{"type":"Polygon","coordinates":[[[-73.5380612306181,-37.67069060879008],[-73.53829759199284,-37.67131000714843],[-73.53800775783913,-37.671383187561865],[-73.53760540954241,-37.67147197976303],[-73.53729788850089,-37.671545840340315],[-73.53705816838558,-37.67092938789346],[-73.5380612306181,-37.67069060879008]]]}},{"type":"Feature","properties":{"zona_code":"ZA1","zona":"Zona residencial mixta 1","comuna":"Lebu"},"geometry":{"type":"Polygon","coordinates":[[[-73.53663021835605,-37.67024972867652],[-73.53667376203784,-37.67032414845763],[-73.53688373951344,-37.67086001374687],[-73.53658648789477,-37.67092783975805],[-73.53550023206259,-37.67119799698458],[-73.5353509970415,-37.67090217422987],[-73.53518493405423,-37.67062109243846],[-73.53663021835605,-37.67024972867652]]]}},{"type":"Feature","properties":{"zona_code":"ZA1","zona":"Zona residencial mixta 1","comuna":"Lebu"},"geometry":{"type":"Polygon","coordinates":[[[-73.53692528977628,-37.67095987575632],[-73.53716181394755,-37.671582089359646],[-73.53618686528914,-37.671816958368844],[-73.53587899621276,-37.67188519240828],[-73.53581834501747,-37.67187907501474],[-73.53566316831518,-37.67154402342392],[-73.53554531865042,-37.67129772312625],[-73.53692528977628,-37.67095987575632]]]}},{"type":"Feature","properties":{"zona_code":"ZA1","zona":"Zona residencial mixta 1","comuna":"Lebu"},"geometry":{"type":"Polygon","coordinates":[[[-73.53717877479016,-37.671685717252664],[-73.53731997914113,-37.67202412384692],[-73.53742244432938,-37.67236684181654],[-73.53744403819123,-37.67254638932475],[-73.53681116570162,-37.672576422892504],[-73.53630218979939,-37.67237056531493],[-73.53593452293482,-37.67198169802022],[-73.53717877479016,-37.671685717252664]]]}},{"type":"Feature","properties":{"zona_code":"ZA1","zona":"Zona residencial mixta 1","comuna":"Lebu"},"geometry":{"type":"Polygon","coordinates":[[[-73.53832801662587,-37.67140184289095],[-73.53849967898938,-37.67200682431652],[-73.5385884758089,-37.67247407910152],[-73.5375851944198,-37.67253531046726],[-73.53753015510998,-37.67227249938332],[-73.53732563293292,-37.67165187135936],[-73.53832801662587,-37.67140184289095]]]}},{"type":"Feature","properties":{"zona_code":"ZA1","zona":"Zona residencial mixta 1","comuna":"Lebu"},"geometry":{"type":"Polygon","coordinates":[[[-73.54180016959556,-37.66915126468596],[-73.54214683520577,-37.67029908272152],[-73.53985157525757,-37.6706863909268],[-73.5394000602691,-37.66944678259601],[-73.54180016959556,-37.66915126468596]]]}},{"type":"Feature","properties":{"zona_code":"ZA1","zona":"Zona residencial mixta 1","comuna":"Lebu"},"geometry":{"type":"Polygon","coordinates":[[[-73.54366647561204,-37.66789549193317],[-73.54381425888896,-37.668225180530875],[-73.54394652074353,-37.668532921620304],[-73.5420739514644,-37.668757393300744],[-73.54206742512422,-37.66865054410811],[-73.54209541436211,-37.668528271963396],[-73.54210458296518,-37.66844618351968],[-73.54209321581833,-37.668376160602875],[-73.54205622821887,-37.668293035571644],[-73.54200900712787,-37.668100385595636],[-73.54366647561204,-37.66789549193317]]]}},{"type":"Feature","properties":{"zona_code":"ZA1","zona":"Zona residencial mixta 1","comuna":"Lebu"},"geometry":{"type":"Polygon","coordinates":[[[-73.54407428635942,-37.66888311076922],[-73.54426350160988,-37.66948458697935],[-73.54439237292821,-37.66991083194962],[-73.54227668799129,-37.67027716042946],[-73.54193407356922,-37.669137643036784],[-73.54407428635942,-37.66888311076922]]]}},{"type":"Feature","properties":{"zona_code":"ZA1","zona":"Zona residencial mixta 1","comuna":"Lebu"},"geometry":{"type":"Polygon","coordinates":[[[-73.54453505486424,-37.66667539859864],[-73.54493283250726,-37.66744074574631],[-73.54460469763201,-37.66758306403209],[-73.5443081551945,-37.667662155469124],[-73.54409159441605,-37.66771561111276],[-73.54375157269176,-37.66777947008933],[-73.5434122202747,-37.66698367944814],[-73.5437437896477,-37.66689760085548],[-73.54397192109354,-37.66680142264001],[-73.54424861164578,-37.66674564516487],[-73.54453505486424,-37.66667539859864]]]}},{"type":"Feature","properties":{"zona_code":"ZA1","zona":"Zona residencial mixta 1","comuna":"Lebu"},"geometry":{"type":"Polygon","coordinates":[[[-73.54328711278875,-37.667025147956814],[-73.54361465011718,-37.667801666349575],[-73.54317774720462,-37.66784671549553],[-73.5422871117093,-37.66795155018533],[-73.54169240349958,-37.66802523111209],[-73.54110071469177,-37.66809033658473],[-73.54084757563868,-37.66812546880776],[-73.54052757042997,-37.66816881716178],[-73.54018366157193,-37.66822717764641],[-73.53986719347222,-37.66827038773269],[-73.539669447541,-37.6682836517885],[-73.5394108812922,-37.668287986842614],[-73.53901738238083,-37.66828906980451],[-73.53828492123831,-37.66825530828573],[-73.53778307276153,-37.66822392515269],[-73.53778991041254,-37.668161655855464],[-73.53809429011463,-37.66815273976787],[-73.53844002186821,-37.66806612986219],[-73.53925020615708,-37.66786296310705],[-73.54019411493101,-37.667643358672755],[-73.54086788149209,-37.66747080862457],[-73.54155750906892,-37.667325826820104],[-73.54201608083382,-37.66722921612447],[-73.54257843239125,-37.66714832725288],[-73.54279231355075,-37.667109069563566],[-73.54307797126745,-37.66708395229063],[-73.54312024645988,-37.667079502281204],[-73.54328711278875,-37.667025147956814]]]}},{"type":"Feature","properties":{"zona_code":"ZA1","zona":"Zona residencial mixta 1","comuna":"Lebu"},"geometry":{"type":"Polygon","coordinates":[[[-73.53953128329944,-37.66840171810917],[-73.53964003526988,-37.668789286245094],[-73.53895118026216,-37.668889131726225],[-73.53818045039583,-37.66898367544061],[-73.53776493015486,-37.66903069811519],[-73.53751714435843,-37.66903743295362],[-73.53716100786187,-37.66901170344324],[-73.53697095583256,-37.66897675235212],[-73.53675106020384,-37.668917585864946],[-73.5365057179896,-37.668848126159865],[-73.53617833202927,-37.668770553692234],[-73.53582549885238,-37.668682687356274],[-73.535592999268,-37.66864937004899],[-73.53530036475992,-37.66861836969204],[-73.53533537630315,-37.66843663984912],[-73.53533951679992,-37.668213823609904],[-73.53594679932792,-37.668229880679874],[-73.53691831872,-37.66828826410779],[-73.53769054704382,-37.66833459339518],[-73.53856906752478,-37.66837963749026],[-73.53953128329944,-37.66840171810917]]]}},{"type":"Feature","properties":{"zona_code":"ZA1","zona":"Zona residencial mixta 1","comuna":"Lebu"},"geometry":{"type":"Polygon","coordinates":[[[-73.5351790217927,-37.66872169047767],[-73.53524626988019,-37.669068585613665],[-73.53536471191929,-37.669557249306195],[-73.53548937271846,-37.67003158065575],[-73.53476370770052,-37.67022582955175],[-73.53460361350079,-37.66969367541191],[-73.53445584870336,-37.66918922954555],[-73.53435796892016,-37.668863242982496],[-73.53461225278421,-37.668788622089885],[-73.53485056363321,-37.668742801308156],[-73.5351790217927,-37.66872169047767]]]}},{"type":"Feature","properties":{"zona_code":"ZA1","zona":"Zona residencial mixta 1","comuna":"Lebu"},"geometry":{"type":"Polygon","coordinates":[[[-73.53532473896277,-37.66872734973688],[-73.53550263572491,-37.66873740556785],[-73.53570381347733,-37.66878038504416],[-73.53617743105725,-37.668872052056315],[-73.53652724339763,-37.66896848964868],[-73.53682348013238,-37.66905853482839],[-73.53703156158387,-37.66909842795739],[-73.53724957191905,-37.66912666343606],[-73.53742798355877,-37.669145152295236],[-73.53760485110693,-37.669138334022755],[-73.53782063005436,-37.669130015178894],[-73.53818326052831,-37.66908784883557],[-73.5386546919342,-37.6690273947252],[-73.53924553177387,-37.668948241272794],[-73.539663900942,-37.668889829605654],[-73.53970888595494,-37.66904592715469],[-73.53943771135441,-37.66907611484416],[-73.53897050573744,-37.66914768297677],[-73.53843124519815,-37.6692586671312],[-73.53734217068893,-37.669540223066804],[-73.53641072615609,-37.66979032805922],[-73.53561163857894,-37.67000150336791],[-73.53550146952307,-37.66953225049055],[-73.53532463087936,-37.66878372255476],[-73.53532473896277,-37.66872734973688]]]}},{"type":"Feature","properties":{"zona_code":"ZA1","zona":"Zona residencial mixta 1","comuna":"Lebu"},"geometry":{"type":"Polygon","coordinates":[[[-73.53518992091865,-37.66820267705978],[-73.53520100300804,-37.66832626196702],[-73.53517958114554,-37.668614568496146],[-73.53484421914843,-37.66863876330717],[-73.53455250629295,-37.66868100487454],[-73.53429217680188,-37.66877276827533],[-73.53405107578246,-37.66888915746958],[-73.5339320673735,-37.66897265830371],[-73.53361217691734,-37.66913435691859],[-73.53325423171128,-37.66931161393739],[-73.53283786179806,-37.669519303311446],[-73.53211254701344,-37.66989390230752],[-73.53168658721503,-37.67011886798864],[-73.5310908867304,-37.670409554254675],[-73.53059588326337,-37.67066535875001],[-73.52981177937325,-37.671064754397776],[-73.52923409344261,-37.671360375624594],[-73.5286601111443,-37.671658669166334],[-73.52814101307763,-37.671926664859384],[-73.52783883990416,-37.67197211088366],[-73.52739892443942,-37.67103639787869],[-73.52762480987886,-37.671019252783815],[-73.52799481865523,-37.67092328469745],[-73.52818139222961,-37.67084282696147],[-73.52858871268103,-37.67066086797742],[-73.5292257343883,-37.670408061863455],[-73.5297546332315,-37.67018477978267],[-73.53027628283999,-37.66995895710839],[-73.53073174524967,-37.669752589517536],[-73.53110824473072,-37.66958871901372],[-73.53156153548711,-37.669404979819504],[-73.53187926552225,-37.66926591593165],[-73.53231840305561,-37.669082719493744],[-73.53294495787074,-37.66883311542672],[-73.53347297536638,-37.668595759227244],[-73.53394964474626,-37.66838856302252],[-73.53423370634465,-37.668278975404846],[-73.53440817272002,-37.668232796334124],[-73.5345875473278,-37.6682089753055],[-73.53475397288697,-37.66820538153916],[-73.53518992091865,-37.66820267705978]]]}},{"type":"Feature","properties":{"zona_code":"ZA1","zona":"Zona residencial mixta 1","comuna":"Lebu"},"geometry":{"type":"Polygon","coordinates":[[[-73.53214484966483,-37.670016670056725],[-73.53266365504976,-37.67079149305288],[-73.53210383035044,-37.67091451515421],[-73.53053977140654,-37.67131576112967],[-73.52942655332683,-37.67160944749809],[-73.52864088707662,-37.67180878634599],[-73.52921486949192,-37.67151049291696],[-73.53214484966483,-37.670016670056725]]]}},{"type":"Feature","properties":{"zona_code":"ZA1","zona":"Zona residencial mixta 1","comuna":"Lebu"},"geometry":{"type":"Polygon","coordinates":[[[-73.63280758764773,-37.64291372881893],[-73.6327392520469,-37.64306860924683],[-73.63261714644875,-37.64327069899432],[-73.63251135481887,-37.64339323258298],[-73.63235956196816,-37.643573943822005],[-73.63220139790744,-37.643766178629974],[-73.63167651469382,-37.64353317960191],[-73.63135130611849,-37.64343324107435],[-73.63091548108413,-37.64326437503267],[-73.6303520256241,-37.64309489160163],[-73.63079506996444,-37.64303800739534],[-73.63136784481989,-37.64301547485078],[-73.63198836916594,-37.6429628759679],[-73.63280758764773,-37.64291372881893]]]}},{"type":"Feature","properties":{"zona_code":"ZA1","zona":"Zona residencial mixta 1","comuna":"Lebu"},"geometry":{"type":"Polygon","coordinates":[[[-73.6288368972833,-37.642782455416544],[-73.62897797316353,-37.64277127095674],[-73.63052445929094,-37.64324593725737],[-73.63095251316435,-37.64340383610733],[-73.63068450133407,-37.643425652691825],[-73.63036166775173,-37.643477808161364],[-73.6300826610406,-37.6435507865711],[-73.62970675375125,-37.64366139453296],[-73.62928134389158,-37.6437739487196],[-73.62888456908028,-37.64389101164409],[-73.62874488991748,-37.6439246873906],[-73.62868742561908,-37.64368456858306],[-73.62867580816499,-37.643611749018],[-73.62853053435252,-37.643555456045476],[-73.62900151759665,-37.64349184374544],[-73.6288368972833,-37.642782455416544]]]}},{"type":"Feature","properties":{"zona_code":"ZA1","zona":"Zona residencial mixta 1","comuna":"Lebu"},"geometry":{"type":"Polygon","coordinates":[[[-73.62873902575473,-37.642690479613385],[-73.62785503408747,-37.64283796853373],[-73.62711106708794,-37.6429574015302],[-73.6270531513788,-37.64236782308127],[-73.62755338391429,-37.642432710643575],[-73.62805396731272,-37.6425032196424],[-73.62840710297718,-37.64259643313838],[-73.62873902575473,-37.642690479613385]]]}},{"type":"Feature","properties":{"zona_code":"ZA1","zona":"Zona residencial mixta 1","comuna":"Lebu"},"geometry":{"type":"Polygon","coordinates":[[[-73.62855167020366,-37.64366735937679],[-73.62861651597052,-37.64396919258427],[-73.62828586849852,-37.64406674351294],[-73.62801056704286,-37.64414238909603],[-73.62774762120348,-37.64424573165367],[-73.62742736308826,-37.64439642051329],[-73.62720579571307,-37.64448122546666],[-73.62685297441973,-37.644678286658134],[-73.62669978197479,-37.644323558154646],[-73.62658444795548,-37.64417871829914],[-73.62699733427424,-37.644035664063715],[-73.62747263797502,-37.643870426884064],[-73.62824017996569,-37.64367397042067],[-73.62840212172452,-37.6436563292202],[-73.62855167020366,-37.64366735937679]]]}},{"type":"Feature","properties":{"zona_code":"ZA1","zona":"Zona residencial mixta 1","comuna":"Lebu"},"geometry":{"type":"Polygon","coordinates":[[[-73.62693796110548,-37.64239630647943],[-73.62699958518003,-37.64298855716956],[-73.62656051656697,-37.64316646008717],[-73.6266244260042,-37.64328231998758],[-73.62695524775755,-37.64392881251595],[-73.62654201214276,-37.64406624307376],[-73.62611572976266,-37.64342350088088],[-73.62600520866964,-37.64347011917513],[-73.62610037466611,-37.64363266192646],[-73.62524871853674,-37.64401560346813],[-73.62491784889015,-37.644166702573095],[-73.62446809325242,-37.643488237232496],[-73.62601347242526,-37.6428046628828],[-73.62670365341496,-37.642504158458976],[-73.62693796110548,-37.64239630647943]]]}},{"type":"Feature","properties":{"zona_code":"ZA1","zona":"Zona residencial mixta 1","comuna":"Lebu"},"geometry":{"type":"Polygon","coordinates":[[[-73.62675768313473,-37.64234702499912],[-73.62546784769442,-37.64292192623955],[-73.62440540858587,-37.64339205726489],[-73.62412463957932,-37.64298033328066],[-73.62368812644966,-37.642343619711035],[-73.62430830074024,-37.642057152921005],[-73.62454719362506,-37.641966035529926],[-73.62528557532048,-37.64198493764054],[-73.62580365772749,-37.642051951336825],[-73.62603692690125,-37.64215551904867],[-73.62630114332885,-37.64224377798698],[-73.62675768313473,-37.64234702499912]]]}},{"type":"Feature","properties":{"zona_code":"ZA1","zona":"Zona residencial mixta 1","comuna":"Lebu"},"geometry":{"type":"Polygon","coordinates":[[[-73.62615210545545,-37.643723634723614],[-73.62641752205101,-37.644116229395415],[-73.62609372641663,-37.644267052777955],[-73.62563924047852,-37.644482198142605],[-73.6252249086456,-37.644659124183036],[-73.6249731152291,-37.644257536832185],[-73.62615210545545,-37.643723634723614]]]}},{"type":"Feature","properties":{"zona_code":"ZA1","zona":"Zona residencial mixta 1","comuna":"Lebu"},"geometry":{"type":"Polygon","coordinates":[[[-73.62647667442091,-37.644212546530106],[-73.62656337309853,-37.644352875643555],[-73.62663523030596,-37.64448251397512],[-73.62673245634203,-37.644735162945466],[-73.62632515698128,-37.64496818375324],[-73.62564744044484,-37.64535556626348],[-73.62526620725369,-37.64475332581165],[-73.62647667442091,-37.644212546530106]]]}},{"type":"Feature","properties":{"zona_code":"ZA1","zona":"Zona residencial mixta 1","comuna":"Lebu"},"geometry":{"type":"Polygon","coordinates":[[[-73.62485285647315,-37.64431862859474],[-73.62510766265179,-37.644711643206534],[-73.62435215320617,-37.64510207347339],[-73.6236649070534,-37.64545036209667],[-73.62346375223235,-37.644950958272716],[-73.62485285647315,-37.64431862859474]]]}},{"type":"Feature","properties":{"zona_code":"ZA1","zona":"Zona residencial mixta 1","comuna":"Lebu"},"geometry":{"type":"Polygon","coordinates":[[[-73.6251666388916,-37.644805149643176],[-73.6253608572334,-37.64513572175597],[-73.62553831405215,-37.64542467639939],[-73.6251173883353,-37.645666683937364],[-73.62441966607335,-37.64607457346423],[-73.62433380025715,-37.646004669370306],[-73.62424278426678,-37.645965968665536],[-73.62408196727694,-37.645887735692625],[-73.62395367256119,-37.64581949764648],[-73.62383987008819,-37.64575632698891],[-73.62375915571849,-37.6456552181602],[-73.62372104566296,-37.64555525441195],[-73.6251666388916,-37.644805149643176]]]}},{"type":"Feature","properties":{"zona_code":"ZA1","zona":"Zona residencial mixta 1","comuna":"Lebu"},"geometry":{"type":"Polygon","coordinates":[[[-73.62359724933734,-37.64561648383492],[-73.6236498523562,-37.645721516081096],[-73.62371096575515,-37.64579239274352],[-73.62378906141875,-37.645851329108574],[-73.62390356213557,-37.64592574509119],[-73.62402832137523,-37.645994122204335],[-73.62418154281734,-37.64606419931824],[-73.6242725589094,-37.64610289917028],[-73.62429957987291,-37.64613847591244],[-73.6236064750149,-37.64650672301588],[-73.6234393704649,-37.64632727443045],[-73.62321966393276,-37.646042794117186],[-73.62316295922855,-37.6459858357241],[-73.62306897481112,-37.6458993389658],[-73.62359724933734,-37.64561648383492]]]}},{"type":"Feature","properties":{"zona_code":"ZA1","zona":"Zona residencial mixta 1","comuna":"Lebu"},"geometry":{"type":"Polygon","coordinates":[[[-73.62333694440242,-37.64502076129487],[-73.62356267510475,-37.64551638104101],[-73.62335611536429,-37.64561468190539],[-73.62296826896166,-37.645818743641094],[-73.62257356527725,-37.64551295059099],[-73.62252445691983,-37.64546414883845],[-73.62245924018056,-37.64544134466072],[-73.62333694440242,-37.64502076129487]]]}},{"type":"Feature","properties":{"zona_code":"ZA1","zona":"Zona residencial mixta 1","comuna":"Lebu"},"geometry":{"type":"Polygon","coordinates":[[[-73.62273275950902,-37.64425252952555],[-73.62284332819287,-37.644377832726896],[-73.62296415544498,-37.644497095353934],[-73.62305599961915,-37.64460622263545],[-73.62313300159187,-37.644704659584],[-73.62322218239122,-37.64482798321783],[-73.62328857814829,-37.64492683613173],[-73.62302260978562,-37.645038742691256],[-73.62273415917375,-37.64518816949577],[-73.6226549303614,-37.645225101630125],[-73.62259569609941,-37.64524151888702],[-73.62233819368103,-37.64537563829069],[-73.62206231376187,-37.64527091838207],[-73.62199094402801,-37.64520607948376],[-73.62195157039055,-37.64514280314289],[-73.62189927547007,-37.645099762723646],[-73.62186269549876,-37.645081471114366],[-73.62180455156945,-37.64505838870313],[-73.62173933656365,-37.645035583249246],[-73.62163893729272,-37.64501697845116],[-73.62153164169351,-37.64500146186574],[-73.62147738293339,-37.64498386390852],[-73.62141535420994,-37.64495529669466],[-73.62130757920312,-37.644874976952245],[-73.62273275950902,-37.64425252952555]]]}},{"type":"Feature","properties":{"zona_code":"ZA1","zona":"Zona residencial mixta 1","comuna":"Lebu"},"geometry":{"type":"Polygon","coordinates":[[[-73.62357511663022,-37.6424072435583],[-73.62371231232956,-37.64261886925584],[-73.62385959074176,-37.64282164290424],[-73.62397788696073,-37.64301428138429],[-73.62411368746726,-37.64320341336228],[-73.6242337732835,-37.64336779756291],[-73.62428074344048,-37.64343923000789],[-73.62394245276853,-37.643584980884505],[-73.6236697676744,-37.643702789695],[-73.62334579259232,-37.64385079503418],[-73.6230732804162,-37.64397141284462],[-73.62275584971879,-37.64411070547356],[-73.62250236766357,-37.64385291462783],[-73.62233086342873,-37.64365954602246],[-73.62222789187943,-37.64354239931948],[-73.6221491459319,-37.6434158467754],[-73.62200348556458,-37.643182005767066],[-73.62357511663022,-37.6424072435583]]]}},{"type":"Feature","properties":{"zona_code":"ZA1","zona":"Zona residencial mixta 1","comuna":"Lebu"},"geometry":{"type":"Polygon","coordinates":[[[-73.62189366019668,-37.643239866352346],[-73.62199305128229,-37.64341352039329],[-73.62207603029516,-37.64355118026722],[-73.62218712111017,-37.64368491802932],[-73.62232841864211,-37.643848472169],[-73.62247945068229,-37.64399755084006],[-73.62264213960924,-37.644163082171005],[-73.62221099546979,-37.64435475075936],[-73.62182158008818,-37.64453350511921],[-73.62149336337754,-37.64467039885628],[-73.62130731898428,-37.64475661633591],[-73.62115488598157,-37.644813331053555],[-73.62097836143333,-37.64471034413771],[-73.62085260394984,-37.644568726052064],[-73.62066591221645,-37.644359040115646],[-73.62057123399758,-37.64426129523978],[-73.62052780358937,-37.64418972339373],[-73.62051230921337,-37.6441114167398],[-73.62051571523759,-37.64405209752876],[-73.62056120145303,-37.643985489709245],[-73.62058988233291,-37.64393363393414],[-73.62064313818895,-37.64387799446188],[-73.62078356552155,-37.64379920561133],[-73.62091565379136,-37.64375738143465],[-73.62189366019668,-37.643239866352346]]]}},{"type":"Feature","properties":{"zona_code":"ZA1","zona":"Zona residencial mixta 1","comuna":"Lebu"},"geometry":{"type":"Polygon","coordinates":[[[-73.62434545853637,-37.643539557968495],[-73.62479115214497,-37.64420972791012],[-73.62426415830367,-37.64445589896465],[-73.62391647886436,-37.64462174775203],[-73.6233930137085,-37.64486777666209],[-73.62324485763125,-37.64465094491524],[-73.6231328906908,-37.64450315150226],[-73.62301083969702,-37.64436420797699],[-73.62283435696894,-37.64420485569059],[-73.62434545853637,-37.643539557968495]]]}},{"type":"Feature","properties":{"zona_code":"ZA1","zona":"Zona residencial mixta 1","comuna":"Lebu"},"geometry":{"type":"Polygon","coordinates":[[[-73.62679381409262,-37.64483844002842],[-73.62687074051948,-37.64504961096584],[-73.62694382227028,-37.64519893014864],[-73.6269761290991,-37.645262482205375],[-73.62704837686992,-37.645341374759056],[-73.62709958627961,-37.645423912313156],[-73.62714123641987,-37.645523735954676],[-73.62671874312511,-37.64574044564491],[-73.62637211230322,-37.64592317044557],[-73.62598994655013,-37.64610447174194],[-73.62565304698597,-37.64627272056665],[-73.6252682153197,-37.64646821599252],[-73.62477285606528,-37.64671032893685],[-73.62461408438283,-37.64649391681091],[-73.62438782610828,-37.646218150604064],[-73.62489488108368,-37.645936123710605],[-73.62594472967803,-37.645319927866566],[-73.62679381409262,-37.64483844002842]]]}},{"type":"Feature","properties":{"zona_code":"ZA1","zona":"Zona residencial mixta 1","comuna":"Lebu"},"geometry":{"type":"Polygon","coordinates":[[[-73.62690276355127,-37.64476651736407],[-73.62732542678948,-37.64455261909526],[-73.62771199054579,-37.644385231569224],[-73.62813390889559,-37.644216453199455],[-73.6284199920311,-37.64414320211973],[-73.62893134965934,-37.643987814658075],[-73.62947788630976,-37.64382822276845],[-73.62972913461951,-37.64376479324424],[-73.62992328612988,-37.64369515353227],[-73.63027514285493,-37.64359676363127],[-73.63057021607679,-37.64355415511805],[-73.63087659572331,-37.64352237527733],[-73.6311000427685,-37.64352485779123],[-73.63125153374327,-37.64353862712666],[-73.6311475411924,-37.644145844747236],[-73.63100875539877,-37.64416539609009],[-73.63073541939448,-37.64421560614043],[-73.63047622512157,-37.644265258726],[-73.63007167931751,-37.64437135787412],[-73.62948572164441,-37.64452404760825],[-73.62920016304089,-37.6446057361176],[-73.62899557688223,-37.64467860337206],[-73.62855314215159,-37.64485946493732],[-73.62818089605385,-37.64502910998349],[-73.62776744283583,-37.64522010250789],[-73.62725813131384,-37.64546559226075],[-73.62720836138121,-37.64534917806443],[-73.62716243573975,-37.64529461553656],[-73.62709407332058,-37.645221207488085],[-73.62705700744195,-37.64513811353507],[-73.62697794317299,-37.64494957325998],[-73.62690276355127,-37.64476651736407]]]}},{"type":"Feature","properties":{"zona_code":"ZA1","zona":"Zona residencial mixta 1","comuna":"Lebu"},"geometry":{"type":"Polygon","coordinates":[[[-73.63731828995549,-37.64273204547824],[-73.63708307447158,-37.64298776799454],[-73.63692030478443,-37.64321964748255],[-73.63684280619428,-37.643341070817605],[-73.63681287906593,-37.64342961813607],[-73.63677052781597,-37.64360320536586],[-73.63670759650266,-37.643901609911474],[-73.63663023913215,-37.64408221270776],[-73.63640812589966,-37.644214967778915],[-73.63617859028182,-37.644342378540934],[-73.6358383965521,-37.64445723682282],[-73.63558855387625,-37.644543170836556],[-73.63528938617439,-37.644633865609094],[-73.63481379957403,-37.64470895815472],[-73.63442627084818,-37.644746762113606],[-73.6340815209042,-37.64478851749112],[-73.63381175627109,-37.644782227088875],[-73.63348681996148,-37.64480065438893],[-73.6331989906187,-37.64484580288123],[-73.63286131071726,-37.64488727699509],[-73.63242995146621,-37.64490425243187],[-73.63211950684062,-37.64492774242268],[-73.63161848238482,-37.6449643669007],[-73.63113264912003,-37.64501730113111],[-73.63062420132958,-37.64504857626555],[-73.62998916536995,-37.64509610170862],[-73.62936827094101,-37.64514306792977],[-73.62879652599212,-37.645182460998996],[-73.62923014195712,-37.64497376191877],[-73.62987162555099,-37.644801979591314],[-73.63064004219972,-37.64461956414438],[-73.63160680503796,-37.64443497630522],[-73.6323019044483,-37.64444144558069],[-73.63273256157792,-37.644413224406755],[-73.63341743803205,-37.64436935926283],[-73.63405918566065,-37.64431591482082],[-73.63453191846827,-37.64428039446128],[-73.63478508729516,-37.64424788033135],[-73.63518255406389,-37.64414204355083],[-73.63534841318366,-37.64407350865536],[-73.63562426471717,-37.64394991230157],[-73.6358233804443,-37.64384624739848],[-73.6360862034537,-37.64362733950891],[-73.63642337375033,-37.64323640170362],[-73.6366972496478,-37.642853593639906],[-73.63689664978548,-37.642555449385156],[-73.63731828995549,-37.64273204547824]]]}},{"type":"Feature","properties":{"zona_code":"ZA1","zona":"Zona residencial mixta 1","comuna":"Lebu"},"geometry":{"type":"Polygon","coordinates":[[[-73.62264876255901,-37.64692340419916],[-73.62290527297864,-37.64762919373875],[-73.62277051588507,-37.64768521647428],[-73.62243718046672,-37.6477969487279],[-73.62204320839972,-37.647902606351984],[-73.62171008894636,-37.647960779755486],[-73.62133720038112,-37.64800642107917],[-73.62105096373377,-37.64802047690532],[-73.62106939318134,-37.64751808525396],[-73.62108633369527,-37.64733422627581],[-73.62110061316027,-37.64693627742776],[-73.62167975657309,-37.64695863492769],[-73.62194210979746,-37.64695960760122],[-73.62216910537092,-37.64696196832421],[-73.62240212371465,-37.646947181850834],[-73.62264876255901,-37.64692340419916]]]}},{"type":"Feature","properties":{"zona_code":"ZA1","zona":"Zona residencial mixta 1","comuna":"Lebu"},"geometry":{"type":"Polygon","coordinates":[[[-73.62095193193426,-37.64693929522808],[-73.6209492647732,-37.647181778818755],[-73.6209312728672,-37.64757705609629],[-73.62091288745025,-37.64802307875495],[-73.62046347393128,-37.64803508275387],[-73.62000681422678,-37.648044551489924],[-73.61938732591123,-37.648057588806964],[-73.61885217513186,-37.648058860092696],[-73.6182226010882,-37.648080742693026],[-73.61729919307442,-37.64810851136348],[-73.61748564714367,-37.64797155336663],[-73.61772287096498,-37.647795963786045],[-73.61790317003774,-37.647616971330606],[-73.61805107507634,-37.647487160268234],[-73.61818859191567,-37.64730420879853],[-73.61832240007666,-37.64711858378804],[-73.61854731393777,-37.64685892587827],[-73.6187042994332,-37.64664702564459],[-73.61881614512129,-37.64650735581983],[-73.61894832214892,-37.64658108408517],[-73.61912768751377,-37.64667268900119],[-73.61934206278572,-37.64675728233801],[-73.61952605751367,-37.6468092476951],[-73.61973126754322,-37.64686038039928],[-73.61997131380255,-37.64690168994002],[-73.62023100442553,-37.64691686282878],[-73.62095193193426,-37.64693929522808]]]}},{"type":"Feature","properties":{"zona_code":"ZA1","zona":"Zona residencial mixta 1","comuna":"Lebu"},"geometry":{"type":"Polygon","coordinates":[[[-73.62100625266783,-37.645987375728424],[-73.62097022414414,-37.646834298493374],[-73.62070433467298,-37.646833461662766],[-73.62031700355698,-37.64681766299684],[-73.62003980854519,-37.64680599606844],[-73.6196889281007,-37.64674930724224],[-73.6194432533455,-37.64667439743413],[-73.61924760424559,-37.646605978802064],[-73.61902122554561,-37.64649930947764],[-73.61889895809378,-37.646413919436306],[-73.61918066196394,-37.64609848271292],[-73.61936025593143,-37.64590824163896],[-73.61958319760222,-37.64567402414949],[-73.61958808335275,-37.64575274661223],[-73.61956607812093,-37.64585507065675],[-73.61955821751705,-37.64595684011553],[-73.61960693008417,-37.646056390277764],[-73.61966699416173,-37.646110400135775],[-73.61975163412167,-37.64616062737953],[-73.61984653286318,-37.64620481527261],[-73.61994675855864,-37.646220610290854],[-73.62004397156579,-37.64624497807693],[-73.620189989167,-37.64625615781429],[-73.62028545776919,-37.64625241038071],[-73.62039877913747,-37.64625078148896],[-73.62055684643708,-37.64622766660677],[-73.6207299735297,-37.64616168621405],[-73.62087057873883,-37.6460857077827],[-73.62100625266783,-37.645987375728424]]]}},{"type":"Feature","properties":{"zona_code":"ZA1","zona":"Zona residencial mixta 1","comuna":"Lebu"},"geometry":{"type":"Polygon","coordinates":[[[-73.62115021929588,-37.64590844671803],[-73.62131430854411,-37.64586818500553],[-73.62141278804826,-37.645855863746355],[-73.62154396270644,-37.64585635041481],[-73.62168024556355,-37.645882001712586],[-73.62178116907297,-37.64590904135475],[-73.62186899753584,-37.645953505526435],[-73.62197219062513,-37.64601709399058],[-73.62213916016886,-37.64613736427378],[-73.62225544994351,-37.6461835287673],[-73.62236095825644,-37.64622729780693],[-73.62249335580888,-37.64624746448342],[-73.62260349110814,-37.64625159508271],[-73.6227010982171,-37.64622521525162],[-73.6227628225027,-37.64619178927426],[-73.62283851555564,-37.64615499605438],[-73.62290469151806,-37.64607912043173],[-73.62293550901366,-37.646004632726246],[-73.6229159529611,-37.645918031377406],[-73.62303185000968,-37.64601494056207],[-73.62310108410814,-37.64610240931959],[-73.62327451739138,-37.64632670321178],[-73.62348064754492,-37.64656380434593],[-73.62326701347466,-37.64666238296548],[-73.62303006758626,-37.64672805559639],[-73.62284546026318,-37.64678039878482],[-73.62258908885487,-37.64681865037354],[-73.62234279988347,-37.64684804965184],[-73.62200283181897,-37.646852944242596],[-73.62154513214439,-37.64684554935853],[-73.62109821428423,-37.64684054725762],[-73.62111650962461,-37.64650726239983],[-73.62112402316463,-37.646171583865964],[-73.62115021929588,-37.64590844671803]]]}},{"type":"Feature","properties":{"zona_code":"ZA1","zona":"Zona residencial mixta 1","comuna":"Lebu"},"geometry":{"type":"Polygon","coordinates":[[[-73.61955186102568,-37.645511788906546],[-73.61878834555633,-37.64634498156816],[-73.61832415878331,-37.64606162904001],[-73.61753364544161,-37.64554587754042],[-73.6167495172002,-37.64501859622805],[-73.61691814158898,-37.64505144052487],[-73.61716293780755,-37.645112297946156],[-73.61727765393306,-37.645133164442036],[-73.61745972398313,-37.64515420653902],[-73.61760504179126,-37.64515414323234],[-73.61778890401114,-37.64514693005669],[-73.61797966385565,-37.64513662942219],[-73.61812712158206,-37.64511393423744],[-73.61820670047977,-37.64508262872724],[-73.61836904557607,-37.645014255158486],[-73.61847018912255,-37.644987740893605],[-73.61864204726713,-37.644958450497626],[-73.618765102506,-37.64494234907931],[-73.61883581938518,-37.64493957474849],[-73.61902317022071,-37.6449885906278],[-73.61918328233187,-37.645055585978426],[-73.61929105524486,-37.64513590761976],[-73.61938080009887,-37.645211299962654],[-73.61948800462767,-37.64533955641785],[-73.61953213437772,-37.645422375744175],[-73.61955186102568,-37.645511788906546]]]}},{"type":"Feature","properties":{"zona_code":"ZA1","zona":"Zona residencial mixta 1","comuna":"Lebu"},"geometry":{"type":"Polygon","coordinates":[[[-73.6165289010317,-37.64500470140706],[-73.61788318979201,-37.6459239182483],[-73.61870217036669,-37.64644136893803],[-73.61852588882569,-37.64668502770099],[-73.61826539502584,-37.64699963062564],[-73.61798630159826,-37.64735723845057],[-73.61792718973986,-37.647432835312316],[-73.6178263456475,-37.64752134240417],[-73.61768070863617,-37.64768770129961],[-73.61758872631438,-37.64774767756966],[-73.61711126412233,-37.64810742754857],[-73.61630506350518,-37.64813904556889],[-73.61643410764461,-37.64753367387998],[-73.6165104417205,-37.64716429232323],[-73.61659332377272,-37.64678620003894],[-73.61671939903134,-37.64613303167912],[-73.61679075227013,-37.6457976660022],[-73.61680105915804,-37.64573525807285],[-73.61679368691172,-37.64567354319897],[-73.6167755322185,-37.64560943246369],[-73.61673651195662,-37.64555177712403],[-73.61664467609691,-37.645442643295645],[-73.61655904007814,-37.6453191761003],[-73.61650129389082,-37.64524534484035],[-73.61647200919776,-37.64517321643426],[-73.6164641136681,-37.64510306665585],[-73.61649227421985,-37.6450427770668],[-73.6165289010317,-37.64500470140706]]]}},{"type":"Feature","properties":{"zona_code":"ZA1","zona":"Zona residencial mixta 1","comuna":"Lebu"},"geometry":{"type":"Polygon","coordinates":[[[-73.65997003498013,-37.609570397611385],[-73.66079969621224,-37.6092980037242],[-73.66130086989939,-37.61023075868634],[-73.66091539036135,-37.61058139851491],[-73.6606271180348,-37.61084364009177],[-73.65997003498013,-37.609570397611385]]]}},{"type":"Feature","properties":{"zona_code":"ZA1","zona":"Zona residencial mixta 1","comuna":"Lebu"},"geometry":{"type":"Polygon","coordinates":[[[-73.66089714957864,-37.60898694827202],[-73.66087612172439,-37.60899059957806],[-73.66081013762489,-37.60867192185687],[-73.66077391777263,-37.60809278019926],[-73.66076853824926,-37.60778015922423],[-73.66074429260479,-37.607335822757015],[-73.6607187482405,-37.60709727675678],[-73.66067127866005,-37.60690469085536],[-73.66058919313322,-37.60666838173054],[-73.66052651839121,-37.60651585480631],[-73.6604746199985,-37.60636571872298],[-73.66043877214253,-37.6063023163142],[-73.66038703268536,-37.60621135869034],[-73.66034077764512,-37.6060948198949],[-73.66030547604663,-37.60598348419469],[-73.6602873343126,-37.605806647606826],[-73.66034048028801,-37.60592009573733],[-73.66039680893402,-37.60602778109559],[-73.66052660666551,-37.60623401798688],[-73.6606924293508,-37.60650646930001],[-73.66083865025632,-37.60674869497482],[-73.6609681003381,-37.606949308807906],[-73.66114753367977,-37.607212765869264],[-73.66129817092704,-37.607468907377836],[-73.6614560517604,-37.60772757966011],[-73.66160969737484,-37.6079751467034],[-73.66177252257631,-37.60825616977134],[-73.66182426509715,-37.60834712591531],[-73.66208525936325,-37.60827197195573],[-73.66240050824884,-37.60815803000802],[-73.6626781149995,-37.608065306792454],[-73.66303541478256,-37.60794406161205],[-73.66330930996382,-37.60784866578618],[-73.66369894144296,-37.6077345931594],[-73.66390532526678,-37.60769259959358],[-73.6641507563952,-37.60765187601867],[-73.66442834355578,-37.60761551581831],[-73.66474320393739,-37.60760868022318],[-73.66503005769545,-37.60760718070306],[-73.66503387270645,-37.60789449832178],[-73.66458799534622,-37.60790229715228],[-73.66429556807805,-37.60792797261056],[-73.66406374343869,-37.6079597015681],[-73.6637594678149,-37.60802248362446],[-73.66353611696972,-37.608076422380165],[-73.66336276737212,-37.60813683597139],[-73.66283883294342,-37.60831259189977],[-73.66217988765838,-37.60853878388731],[-73.66176709561798,-37.6086791334501],[-73.66089714957864,-37.60898694827202]]]}},{"type":"Feature","properties":{"zona_code":"ZA1","zona":"Zona residencial mixta 1","comuna":"Lebu"},"geometry":{"type":"Polygon","coordinates":[[[-73.66505595739896,-37.6082473226757],[-73.6650813550605,-37.609134087962616],[-73.66375138405076,-37.60916704264479],[-73.66386741475272,-37.60937945780923],[-73.66372940991577,-37.609410288130704],[-73.66362497578862,-37.60943978967348],[-73.6634712430609,-37.609474061124665],[-73.66336257213091,-37.60949245655528],[-73.66314063987132,-37.60951251949906],[-73.66316234065255,-37.60963284739783],[-73.66321440735754,-37.609842159964714],[-73.66319242287102,-37.61011359022663],[-73.6631734743529,-37.61026371105112],[-73.66277816984584,-37.610400553389404],[-73.66260198414585,-37.61047235114805],[-73.66239522447371,-37.61056508772636],[-73.66221921310397,-37.61063969709275],[-73.66206317464128,-37.61069378686209],[-73.66192427907275,-37.61073874251805],[-73.66182001861482,-37.61077105371519],[-73.66170374902599,-37.61078129310054],[-73.66159224555996,-37.610811072245674],[-73.66146182457685,-37.61087823924573],[-73.66142593900635,-37.610927570527586],[-73.66140630103496,-37.61101007951401],[-73.66140876318929,-37.61104943868013],[-73.66141987550677,-37.61111382015178],[-73.66150907185948,-37.61123711404918],[-73.66160127383046,-37.611351833787296],[-73.66168605696919,-37.61146120939845],[-73.66176888884829,-37.61159602866116],[-73.66188599007947,-37.6117689463317],[-73.66196687236364,-37.61192920738399],[-73.66200766436711,-37.61201496048586],[-73.6620111818922,-37.6120711874584],[-73.66200056357442,-37.61212797425906],[-73.66196626251894,-37.61220260834475],[-73.6619128841015,-37.61225545198237],[-73.66183353549367,-37.61228959499348],[-73.66172821783846,-37.61230503824036],[-73.66165718490406,-37.612302213662275],[-73.66157078497214,-37.61228026878907],[-73.66145947110503,-37.61225649280838],[-73.66130610096764,-37.612240017665464],[-73.66114689285538,-37.61224350175514],[-73.660986085328,-37.61227805013214],[-73.66076554206079,-37.61234878467876],[-73.66050964930906,-37.61244909878413],[-73.66038063033211,-37.61253875492478],[-73.66019717537793,-37.6126643850064],[-73.66006463957969,-37.61269781379111],[-73.65989465237661,-37.61269890433142],[-73.65968615947807,-37.61265078864164],[-73.6595271449284,-37.612600714722355],[-73.65948122032361,-37.61254616628283],[-73.65940456171069,-37.612453375865954],[-73.65929927923685,-37.612356082693026],[-73.65914276379415,-37.6122326323269],[-73.65893235777816,-37.612097222959974],[-73.65885620976259,-37.6120692341412],[-73.65876256695918,-37.612044756097426],[-73.65869206156508,-37.61205036455861],[-73.65857313384846,-37.61207479741652],[-73.65846691864733,-37.612132548323835],[-73.65837503330317,-37.61213618303551],[-73.65829870825841,-37.61210538253729],[-73.65821461331394,-37.61206361691285],[-73.65814375687734,-37.61206360153639],[-73.65792091714337,-37.61212596503482],[-73.6577782857411,-37.61222461152779],[-73.65746501539371,-37.61166206455835],[-73.65840586556608,-37.61135428683446],[-73.65934582759424,-37.6110324448928],[-73.66072724829183,-37.61102850477997],[-73.66101887986449,-37.610763311523534],[-73.66139004704345,-37.61041041981639],[-73.66156872939267,-37.61026524872545],[-73.66125562542199,-37.60967734035864],[-73.6610631385313,-37.60931857755993],[-73.66144801607987,-37.609184971820774],[-73.6620712786986,-37.60895455975369],[-73.66254697753696,-37.6088004448352],[-73.66292177493538,-37.608675689581105],[-73.66310236998483,-37.608617807545215],[-73.66329286107121,-37.608548261125094],[-73.66346603542009,-37.60848503635227],[-73.66369186595806,-37.608414088799606],[-73.66386609508486,-37.60836773214793],[-73.66402000050913,-37.60833627142346],[-73.6641707246145,-37.608310573361116],[-73.66432144750509,-37.60828487419018],[-73.66447269919674,-37.608267609647015],[-73.6647190112413,-37.608240942336],[-73.66505595739896,-37.6082473226757]]]}},{"type":"Feature","properties":{"zona_code":"ZA1","zona":"Zona residencial mixta 1","comuna":"Lebu"},"geometry":{"type":"Polygon","coordinates":[[[-73.65918803875377,-37.60941533252876],[-73.65882959110907,-37.608696749580446],[-73.65836448117567,-37.60783019539614],[-73.6580265217884,-37.6071840756107],[-73.6574569045045,-37.60611873108928],[-73.65758326208378,-37.60604327542847],[-73.65788156322348,-37.60588492294334],[-73.65807631130855,-37.6057701229331],[-73.65828450939142,-37.60558715078285],[-73.65845366026856,-37.60540290513353],[-73.65862476263126,-37.605193216454055],[-73.65875412398609,-37.605109185461075],[-73.65889416270694,-37.60479926535492],[-73.65928998608851,-37.604104387208515],[-73.66009291604249,-37.60436853927576],[-73.66043670119723,-37.60448457711333],[-73.66018246408453,-37.60500757453193],[-73.66001997883916,-37.605355022344646],[-73.65997152559743,-37.605486582743715],[-73.65995946323184,-37.605633613300476],[-73.6599537658822,-37.60576911837737],[-73.65996856711183,-37.605892539258626],[-73.6599771794435,-37.60603029602182],[-73.66001882671205,-37.606186474402904],[-73.66010975304366,-37.60639425043243],[-73.66022735106506,-37.60663197255756],[-73.66027819340358,-37.60676523998299],[-73.66033573572855,-37.60694897259636],[-73.66037084407706,-37.60711386414595],[-73.66040468670334,-37.60737181088602],[-73.66042210797852,-37.60759376936707],[-73.66043153073626,-37.607971052202856],[-73.66044455857256,-37.60812272621922],[-73.66045753275053,-37.60844350171873],[-73.6604680546978,-37.60869673488752],[-73.6603294414855,-37.60897277996844],[-73.66023859697437,-37.6090496521023],[-73.66012937974426,-37.60911597777781],[-73.65999206674942,-37.609186232942946],[-73.65977259594935,-37.609245648741506],[-73.6594976357229,-37.60932416920015],[-73.65918803875377,-37.60941533252876]]]}},{"type":"Feature","properties":{"zona_code":"ZA1","zona":"Zona residencial mixta 1","comuna":"Lebu"},"geometry":{"type":"Polygon","coordinates":[[[-73.66048320239099,-37.60437845929897],[-73.65870351460748,-37.603789390986854],[-73.6575135377628,-37.6033968032787],[-73.6581975052978,-37.60277789987564],[-73.65913486314128,-37.60201932524589],[-73.66018920544076,-37.60165913439061],[-73.6604536219561,-37.60186568222236],[-73.66055554927327,-37.60190955938719],[-73.66147135490273,-37.6021664173938],[-73.66134880557068,-37.60252919604654],[-73.66131501696573,-37.602668631263],[-73.66083307361163,-37.603685394780584],[-73.66048320239099,-37.60437845929897]]]}},{"type":"Feature","properties":{"zona_code":"ZA1","zona":"Zona residencial mixta 1","comuna":"Lebu"},"geometry":{"type":"Polygon","coordinates":[[[-73.64731221626882,-37.613606248562974],[-73.64714620297421,-37.61378471924314],[-73.64685255203717,-37.614075323822256],[-73.64660186396506,-37.61431632076529],[-73.6464441709525,-37.61445782413524],[-73.64630327195692,-37.61458457216935],[-73.6461770630682,-37.614662829149815],[-73.6460335346434,-37.614747406230656],[-73.64603036635093,-37.614014762681585],[-73.64606146607963,-37.61366124374677],[-73.64612206706134,-37.6133262881776],[-73.64632190931431,-37.613349404417676],[-73.64681503199505,-37.61347367995537],[-73.64731221626882,-37.613606248562974]]]}},{"type":"Feature","properties":{"zona_code":"ZA1","zona":"Zona residencial mixta 1","comuna":"Lebu"},"geometry":{"type":"Polygon","coordinates":[[[-73.65916120310979,-37.60405593438761],[-73.65902559842996,-37.60432340416548],[-73.65864212740703,-37.60504597593375],[-73.65849066606852,-37.60517315612078],[-73.6583731164214,-37.60533281470977],[-73.65821333740237,-37.605496961769056],[-73.65805603611169,-37.60564410065805],[-73.65781462704842,-37.60580583976071],[-73.65756827835924,-37.605945226129386],[-73.65741347548372,-37.60601898906879],[-73.65715674839613,-37.60553875348461],[-73.65673459120288,-37.60473531466797],[-73.65649712239332,-37.60427968026233],[-73.65676769813345,-37.60407451564121],[-73.65700240858959,-37.6038623141223],[-73.65741792232114,-37.60348231647952],[-73.65819963721061,-37.60374732151676],[-73.65916120310979,-37.60405593438761]],[[-73.65731166789277,-37.60416291844873],[-73.65716957706431,-37.604269997628506],[-73.65710169364812,-37.60437414209102],[-73.65746595395998,-37.604534471967895],[-73.65755172145833,-37.60431970491861],[-73.65731166789277,-37.60416291844873]]]}},{"type":"Feature","properties":{"zona_code":"ZA1","zona":"Zona residencial mixta 1","comuna":"Lebu"},"geometry":{"type":"Polygon","coordinates":[[[-73.6540492017722,-37.613099192879844],[-73.65396049730064,-37.613097062457605],[-73.65373837413615,-37.613114296107625],[-73.65362317481315,-37.61308502915304],[-73.6535952761901,-37.61303540147885],[-73.65354441682484,-37.612958498455654],[-73.65347200061187,-37.61287681052551],[-73.65334481790475,-37.612769103778064],[-73.65323370403462,-37.61269176255278],[-73.65311762842494,-37.61264843857561],[-73.65301197906555,-37.61260188343635],[-73.6528368999839,-37.61252143309048],[-73.65274874618846,-37.612471367784586],[-73.6526010636553,-37.61237574312888],[-73.652511857303,-37.6123088097902],[-73.65244014514025,-37.612238366497245],[-73.6523649002679,-37.61216806306868],[-73.65229689820215,-37.61210029111374],[-73.65225308492023,-37.612079475690024],[-73.6521840074851,-37.61205120373404],[-73.65210891384203,-37.61204007846019],[-73.65203487411854,-37.61204582191759],[-73.65196489472244,-37.61205986028062],[-73.6518751147599,-37.612097227456296],[-73.65179383006894,-37.612100438288664],[-73.65171520360116,-37.61208945265345],[-73.65168783181355,-37.61204825937281],[-73.65167780475203,-37.611944377115066],[-73.65167767742457,-37.61182882998818],[-73.6516681756117,-37.61173338164723],[-73.65163869861635,-37.61165845172052],[-73.65156628689094,-37.61157676177948],[-73.65145535132066,-37.61150223113757],[-73.65134246209013,-37.61145314207477],[-73.65119651233704,-37.611441996727486],[-73.65111204599583,-37.61145097049533],[-73.65095865316952,-37.611490848945934],[-73.65084431047805,-37.61153200380371],[-73.65070362525226,-37.61160519992734],[-73.65053323789503,-37.61171339016076],[-73.6504715546618,-37.61174682805102],[-73.6504156870525,-37.611816674048455],[-73.65035663464488,-37.6118922833579],[-73.65030307262327,-37.61194231027438],[-73.65018551996644,-37.612045593902735],[-73.65004270185423,-37.61214142132272],[-73.6499537985548,-37.61219284358459],[-73.64986258805045,-37.6122640856735],[-73.64975300557977,-37.61232477970653],[-73.64961266815692,-37.61240359799123],[-73.64954391596149,-37.612437314994175],[-73.64938202268213,-37.61251134740664],[-73.6491678186891,-37.61259871817981],[-73.64897464360595,-37.61268244030688],[-73.64882300094698,-37.61275043083474],[-73.64865067997367,-37.61282769288834],[-73.64850344701013,-37.61290960067228],[-73.64835425876961,-37.61301694986863],[-73.6482607393378,-37.61310801052903],[-73.6482080512512,-37.61317209390254],[-73.64810816503903,-37.61327467832277],[-73.64802808061586,-37.6133539353817],[-73.64793526197832,-37.61345624102005],[-73.64786893595566,-37.61358568413589],[-73.64782769941542,-37.613719773357715],[-73.64777568598663,-37.61385147051707],[-73.64775159352754,-37.61397642789151],[-73.64770328839344,-37.61411079655869],[-73.64765658924345,-37.6142141001081],[-73.64750272891658,-37.61447382346364],[-73.64741502095693,-37.61460129252041],[-73.6473616030991,-37.61471049713629],[-73.64727757787503,-37.61489700547826],[-73.64721373064093,-37.615009440518605],[-73.64707954990043,-37.6151302882809],[-73.64695474380254,-37.615231037498766],[-73.64680537412205,-37.615335574158685],[-73.64664610191322,-37.615451775020745],[-73.64656849501922,-37.6155140224723],[-73.64653329992494,-37.615574596926784],[-73.64650870834585,-37.615634752239686],[-73.64652226380744,-37.61573849594324],[-73.64652965514189,-37.61580020784354],[-73.64653739776325,-37.615867542378304],[-73.64653383537744,-37.61592404988522],[-73.64648397765443,-37.615976747432555],[-73.64639877598675,-37.61603083933912],[-73.6463259579475,-37.61605626011111],[-73.64622521668232,-37.61608841840257],[-73.64611033753489,-37.616121134500375],[-73.64601190320087,-37.61613347370537],[-73.64588890414863,-37.61614960019941],[-73.64575848548326,-37.61616038331067],[-73.6454994296799,-37.616153693567384],[-73.6453827975831,-37.61615829580485],[-73.64544791737282,-37.61598098937067],[-73.64546687201799,-37.61588723639937],[-73.64549450317233,-37.615762139032356],[-73.64553910255017,-37.61562509885677],[-73.64560899643409,-37.61543914882424],[-73.64567001246647,-37.61533809965204],[-73.6457909638655,-37.61517550110104],[-73.64585498784734,-37.615065878183664],[-73.64592534987902,-37.61500109836179],[-73.64603864909711,-37.61494307876422],[-73.64617668687363,-37.61488408382458],[-73.64629404781535,-37.61483436003876],[-73.64641000357956,-37.61476214378484],[-73.64661472250764,-37.614579327859246],[-73.64690606844869,-37.61430854376861],[-73.6471362526173,-37.61407962892625],[-73.64726336321021,-37.6139590596162],[-73.64733938917007,-37.6138715089129],[-73.6474592541441,-37.613748408426225],[-73.6475524251455,-37.61365172582267],[-73.64764258662234,-37.61356361681699],[-73.64775310437112,-37.61340424573511],[-73.64801587207363,-37.61301621659141],[-73.64822700120317,-37.61270913805832],[-73.64842329093,-37.61239137203924],[-73.64867051216427,-37.61198140801492],[-73.64884168251244,-37.6117153639938],[-73.64925163586437,-37.61169917778352],[-73.64941066940406,-37.611692898443856],[-73.64959905370192,-37.61164600312338],[-73.64988746957334,-37.6115557007381],[-73.65018330304842,-37.61147074149789],[-73.6505093386964,-37.61141558995833],[-73.65105343211073,-37.61133491515026],[-73.65160123418107,-37.61125690925364],[-73.65200484076824,-37.61119587136627],[-73.65219144227973,-37.61117722573523],[-73.65245175671433,-37.611090846488416],[-73.65287217649335,-37.610958682520554],[-73.6530406178724,-37.611273316453676],[-73.6531172441311,-37.61142247877971],[-73.6533337143081,-37.611825400674405],[-73.65351965458865,-37.61213652394096],[-73.6537682650782,-37.61260017809406],[-73.65395436238057,-37.61297047995082],[-73.6540492017722,-37.613099192879844]]]}},{"type":"Feature","properties":{"zona_code":"ZA1","zona":"Zona residencial mixta 1","comuna":"Lebu"},"geometry":{"type":"Polygon","coordinates":[[[-73.65144512554669,-37.60818827301616],[-73.6521244851682,-37.60948041544436],[-73.65241879566547,-37.61005218281072],[-73.65280121545347,-37.610786749746254],[-73.65257183176026,-37.610857816861696],[-73.6520294754294,-37.611022979826785],[-73.65200315773649,-37.61099865449635],[-73.65196608647149,-37.61091556957343],[-73.65183454552752,-37.61068120784827],[-73.6517328578253,-37.61047103151447],[-73.65150527217247,-37.61006008980429],[-73.65135220490131,-37.609764574438564],[-73.65113274476265,-37.60937022110028],[-73.65104747804071,-37.60919603364867],[-73.65093253588843,-37.60900047173942],[-73.65076972447496,-37.608775798805574],[-73.65059631148932,-37.60855154427468],[-73.65052460581896,-37.608481098990175],[-73.651125095165,-37.60828264598883],[-73.65144512554669,-37.60818827301616]]]}},{"type":"Feature","properties":{"zona_code":"ZA1","zona":"Zona residencial mixta 1","comuna":"Lebu"},"geometry":{"type":"Polygon","coordinates":[[[-73.65078726827204,-37.607467398340695],[-73.65091862361314,-37.607698949854246],[-73.65137502267486,-37.608086763015486],[-73.65045362731759,-37.60836553280419],[-73.65032841184316,-37.60823237859327],[-73.65049267670507,-37.607969422734406],[-73.65075047593835,-37.607559037667514],[-73.65078726827204,-37.607467398340695]]]}},{"type":"Feature","properties":{"zona_code":"ZA1","zona":"Zona residencial mixta 1","comuna":"Lebu"},"geometry":{"type":"Polygon","coordinates":[[[-73.65078050178475,-37.6071886496974],[-73.64972389020463,-37.60643560518442],[-73.65098516336312,-37.605870039782815],[-73.65147380343153,-37.60563936480382],[-73.65153920210528,-37.605580414606706],[-73.65170917784292,-37.605976721926744],[-73.65161267679767,-37.60604817454516],[-73.65147109949271,-37.60616368142978],[-73.65135318179388,-37.60631771094362],[-73.65122837085727,-37.60647483136048],[-73.65078050178475,-37.6071886496974]]]}},{"type":"Feature","properties":{"zona_code":"ZA1","zona":"Zona residencial mixta 1","comuna":"Lebu"},"geometry":{"type":"Polygon","coordinates":[[[-73.64951694742038,-37.60652550780344],[-73.65068147792348,-37.60736166110538],[-73.65023129353374,-37.60809529790661],[-73.64997840976055,-37.60778963051354],[-73.64985620372138,-37.607647902055746],[-73.64973700690321,-37.60749760062914],[-73.64966407510158,-37.607407474738416],[-73.64951520432997,-37.60723579838658],[-73.64926019618181,-37.60695275986198],[-73.64907283387899,-37.60673187104272],[-73.64916932460123,-37.60668860542721],[-73.64951694742038,-37.60652550780344]]]}},{"type":"Feature","properties":{"zona_code":"ZA1","zona":"Zona residencial mixta 1","comuna":"Lebu"},"geometry":{"type":"Polygon","coordinates":[[[-73.64866671024507,-37.6065534392247],[-73.64899428118817,-37.60694916663427],[-73.64949509856815,-37.60753815421403],[-73.64962066177584,-37.60767693099682],[-73.6497829412518,-37.6078931724024],[-73.65005276731752,-37.608243264634005],[-73.64989015636964,-37.608362418831796],[-73.64963285531887,-37.60844021882195],[-73.64828235763135,-37.608882467798104],[-73.64800556388586,-37.60870456525292],[-73.6479133300098,-37.60870256923815],[-73.64713841995827,-37.60820612405457],[-73.64646845598143,-37.607744988671044],[-73.64631893773442,-37.607818528948016],[-73.64621400089158,-37.607783212268785],[-73.64648161146394,-37.60758664223695],[-73.64666011504731,-37.60749504887686],[-73.64690053848919,-37.60760111331628],[-73.64718899896654,-37.607398082394525],[-73.64742442213719,-37.607253511243165],[-73.647792756016,-37.6070247794105],[-73.64806617168222,-37.606864615672464],[-73.64824715348249,-37.60675601216293],[-73.6484298883461,-37.60667552152548],[-73.64866671024507,-37.6065534392247]]]}},{"type":"Feature","properties":{"zona_code":"ZA1","zona":"Zona residencial mixta 1","comuna":"Lebu"},"geometry":{"type":"Polygon","coordinates":[[[-73.6502673060906,-37.60855890128146],[-73.6506215491942,-37.60901275486482],[-73.65097431942397,-37.60961321888648],[-73.65126014955642,-37.61016277726682],[-73.65173878285871,-37.61107673869209],[-73.65082838062298,-37.61119161440836],[-73.65017595973207,-37.61129629485638],[-73.64940616002225,-37.611507065832804],[-73.64901811431443,-37.611533660915796],[-73.64895415071143,-37.61153055002611],[-73.64898174791989,-37.61146182037898],[-73.64912409116556,-37.611244824534396],[-73.64926468074884,-37.610999715369935],[-73.64962911918828,-37.610424475790325],[-73.64979268967501,-37.61015027498289],[-73.64997074477448,-37.60988113904411],[-73.6502037892979,-37.609528098525274],[-73.65016637299978,-37.60904200378659],[-73.65009847833107,-37.60874875989497],[-73.65012434450085,-37.60859554795343],[-73.6502673060906,-37.60855890128146]]]}},{"type":"Feature","properties":{"zona_code":"ZA1","zona":"Zona residencial mixta 1","comuna":"Lebu"},"geometry":{"type":"Polygon","coordinates":[[[-73.64979854793123,-37.60854077328746],[-73.64903998969228,-37.60932885760879],[-73.6485274999685,-37.60985920930485],[-73.64810145133428,-37.61029877845587],[-73.64786579202712,-37.61055327605734],[-73.64756064953677,-37.61088661069097],[-73.64738404018367,-37.61106549934944],[-73.6472588637101,-37.6112169934172],[-73.64712553837947,-37.61140826585255],[-73.6470021127513,-37.61158787365634],[-73.64692343080786,-37.611689621413916],[-73.64680938114405,-37.61184913061733],[-73.64666349493973,-37.61206626320389],[-73.64661451475105,-37.6121330174482],[-73.64656538808798,-37.612140592536306],[-73.64640179508967,-37.61207377200274],[-73.6464656126994,-37.612017705149775],[-73.64655828396383,-37.61185622059764],[-73.64675668376715,-37.611572194111325],[-73.64696906990838,-37.61122843096207],[-73.64714094707183,-37.61097363383658],[-73.64728276991063,-37.61074820634952],[-73.64745005811177,-37.61047667964858],[-73.64776325301358,-37.60993165176599],[-73.6479729742259,-37.60960208379218],[-73.64827605918953,-37.609122275444356],[-73.6483179670731,-37.60905579904555],[-73.64836162843648,-37.60901743758446],[-73.64841624377785,-37.608984279424554],[-73.64979854793123,-37.60854077328746]]]}},{"type":"Feature","properties":{"zona_code":"ZA1","zona":"Zona residencial mixta 1","comuna":"Lebu"},"geometry":{"type":"Polygon","coordinates":[[[-73.64818070882465,-37.608985122332975],[-73.64744632420422,-37.61016117264599],[-73.64680032479606,-37.61122099795153],[-73.64672021331798,-37.61135662110157],[-73.64631278401806,-37.611981460586975],[-73.64625162447246,-37.61202333017351],[-73.6461376559094,-37.61201373519031],[-73.64583658439395,-37.611957974122674],[-73.64565567272294,-37.61189747188401],[-73.64595539417013,-37.611476987172566],[-73.64619626024908,-37.61107855225945],[-73.64648963695166,-37.61061322375907],[-73.64671510658327,-37.610252034225454],[-73.64716957303787,-37.609529513934135],[-73.64742640360794,-37.60916003916155],[-73.64752736636535,-37.60901795610933],[-73.64757209405825,-37.60896827891114],[-73.64765887847662,-37.608911305631715],[-73.64792573274983,-37.60881622194255],[-73.64818070882465,-37.608985122332975]]]}},{"type":"Feature","properties":{"zona_code":"ZA1","zona":"Zona residencial mixta 1","comuna":"Lebu"},"geometry":{"type":"Polygon","coordinates":[[[-73.64617416811853,-37.61214475660498],[-73.64587727778782,-37.61255385683439],[-73.64581766699924,-37.61267739764133],[-73.6458089645367,-37.612765109917625],[-73.64580963712983,-37.612832722992735],[-73.6458345232399,-37.612890926964155],[-73.64590260972139,-37.61313061728261],[-73.64595273241915,-37.61325264690639],[-73.64595711476794,-37.61332293249826],[-73.64590323106897,-37.613651985947655],[-73.64587361697865,-37.61385889282619],[-73.64519797075194,-37.613705175386784],[-73.64458027662668,-37.61357171467402],[-73.64472652188822,-37.613360207519584],[-73.64493290463606,-37.61303359382535],[-73.64506907138711,-37.612830938242794],[-73.6452535179622,-37.612550282690805],[-73.64547014910559,-37.61221762717124],[-73.6455990693105,-37.61201243894511],[-73.64577592268076,-37.612064647036185],[-73.64617416811853,-37.61214475660498]]]}},{"type":"Feature","properties":{"zona_code":"ZA1","zona":"Zona residencial mixta 1","comuna":"Lebu"},"geometry":{"type":"Polygon","coordinates":[[[-73.64585288938194,-37.61449242819454],[-73.64586364250489,-37.61472169863905],[-73.64576386899718,-37.61493982964619],[-73.64568413037034,-37.61502470763322],[-73.6455677655783,-37.61520403519274],[-73.64548659606857,-37.61532278940407],[-73.64541193984002,-37.61548919892668],[-73.6453520931054,-37.61572266362568],[-73.64489999512735,-37.61551785019828],[-73.64461468311424,-37.615374096120476],[-73.6442717706392,-37.615215703296236],[-73.64369919363408,-37.61495363296761],[-73.64410984343151,-37.614323038555334],[-73.6446017144617,-37.614484011963846],[-73.64511514229024,-37.61464976884646],[-73.64545507236468,-37.614760365033156],[-73.64550789464062,-37.614613136493546],[-73.64566098928597,-37.61448309011184],[-73.64585288938194,-37.61449242819454]]]}},{"type":"Feature","properties":{"zona_code":"ZA1","zona":"Zona residencial mixta 1","comuna":"Lebu"},"geometry":{"type":"Polygon","coordinates":[[[-73.6453138604048,-37.6158481791029],[-73.64524618619944,-37.61618341337226],[-73.64461071084838,-37.61587873620642],[-73.64417575930064,-37.615664787798465],[-73.64348870989103,-37.61532831852164],[-73.64351190302027,-37.6152456715558],[-73.64363233346242,-37.61507464045481],[-73.6453138604048,-37.6158481791029]]]}},{"type":"Feature","properties":{"zona_code":"ZA1","zona":"Zona residencial mixta 1","comuna":"Lebu"},"geometry":{"type":"Polygon","coordinates":[[[-73.64349277473258,-37.61499559407666],[-73.64332140324747,-37.61525882107205],[-73.64288999208827,-37.61504472841119],[-73.64241918293085,-37.61482373308195],[-73.64178954038913,-37.61455544771196],[-73.641922947319,-37.61425144449044],[-73.64349277473258,-37.61499559407666]]]}},{"type":"Feature","properties":{"zona_code":"ZA1","zona":"Zona residencial mixta 1","comuna":"Lebu"},"geometry":{"type":"Polygon","coordinates":[[[-73.64357394814948,-37.61487684039745],[-73.64293866524407,-37.61457496491329],[-73.64198221604995,-37.61412228230174],[-73.64218216444087,-37.61363528180491],[-73.64234124521731,-37.61323162288269],[-73.64239697833628,-37.61310260002562],[-73.64249231973281,-37.61292692272886],[-73.64263293310033,-37.6126818193042],[-73.64290300107069,-37.61223996454254],[-73.64316885303582,-37.61207165452844],[-73.64349884997186,-37.61156824925568],[-73.6437840963806,-37.61114270432689],[-73.64411215850842,-37.61060837260893],[-73.64435153516762,-37.61103859258069],[-73.64453565500256,-37.61137798663007],[-73.64464900815202,-37.61154825260498],[-73.64483111652386,-37.61168480519913],[-73.644944528347,-37.61174233437645],[-73.6452618097404,-37.61188764530391],[-73.64545437535972,-37.61196459879213],[-73.64523756933092,-37.612294442989366],[-73.64494295235333,-37.61274008966595],[-73.64445751432076,-37.61347791548609],[-73.64357394814948,-37.61487684039745]]]}},{"type":"Feature","properties":{"zona_code":"ZA1","zona":"Zona residencial mixta 1","comuna":"Lebu"},"geometry":{"type":"Polygon","coordinates":[[[-73.64770904949773,-37.60875008911075],[-73.64761220277596,-37.608787731697646],[-73.64751924111498,-37.608830857091704],[-73.64738790346712,-37.608940319621965],[-73.6472878176999,-37.60909646004132],[-73.6470807528521,-37.609411830482514],[-73.64686413620245,-37.6097444884968],[-73.64658314801099,-37.61018114605988],[-73.6463960544774,-37.610475999399945],[-73.6460878123041,-37.610987008165566],[-73.64576738583723,-37.611473131432305],[-73.645518221337,-37.61185216463532],[-73.64498223489254,-37.61160838496922],[-73.64480418705665,-37.611480127801414],[-73.6445317733244,-37.61103148370097],[-73.64434376930032,-37.610686606654156],[-73.64422568865912,-37.61044043122842],[-73.6444214657278,-37.61011423623471],[-73.64473129429976,-37.60962853468379],[-73.64499357180797,-37.609175709443505],[-73.64522611168465,-37.60881424337542],[-73.64534985895611,-37.608696627826326],[-73.64556694714815,-37.60848514315402],[-73.64575874326141,-37.608322567141435],[-73.64585261070103,-37.60823713187925],[-73.64600550319678,-37.60813245817549],[-73.64612480903165,-37.60805729272582],[-73.64626213477013,-37.60798705212428],[-73.64634554619303,-37.60796121385838],[-73.64648868389986,-37.607927383095195],[-73.64664446994904,-37.60803960541429],[-73.64689141022677,-37.6081933252788],[-73.64717261029804,-37.60838514811358],[-73.64750150566216,-37.608603272131006],[-73.64770904949773,-37.60875008911075]]]}},{"type":"Feature","properties":{"zona_code":"ZA1","zona":"Zona residencial mixta 1","comuna":"Lebu"},"geometry":{"type":"Polygon","coordinates":[[[-73.64832356368309,-37.60292569121817],[-73.6482671727678,-37.6029871015098],[-73.64815228809867,-37.60307618710954],[-73.64793629970622,-37.603248175321504],[-73.64780056197249,-37.60334371998489],[-73.64765191702875,-37.60345950185178],[-73.64754850764535,-37.603562225032555],[-73.64751153662966,-37.60365105293478],[-73.6474777216898,-37.603790486355976],[-73.64748315575193,-37.603877639910934],[-73.64753996170049,-37.60405013561621],[-73.64763336066635,-37.604184548651574],[-73.6477981358892,-37.6043274161708],[-73.64804451157772,-37.60452906746665],[-73.64778719392478,-37.60466323070099],[-73.64764721822988,-37.60474766870167],[-73.64753568803847,-37.604833802528226],[-73.64723157502173,-37.60455833360092],[-73.64687536152894,-37.60424264502105],[-73.64639108962797,-37.603861549205064],[-73.64597022629219,-37.60353149873937],[-73.64610654998538,-37.603331654402],[-73.64627610788976,-37.60309667870207],[-73.64650082993425,-37.60278061319632],[-73.64671442375989,-37.602456530649555],[-73.64710114051655,-37.60252300242692],[-73.6472809781463,-37.60256663600406],[-73.64753324191845,-37.60263559370706],[-73.64785051389036,-37.60272453196855],[-73.64809816553944,-37.60283312736405],[-73.64832356368309,-37.60292569121817]]]}},{"type":"Feature","properties":{"zona_code":"ZA1","zona":"Zona residencial mixta 1","comuna":"Lebu"},"geometry":{"type":"Polygon","coordinates":[[[-73.64701009026258,-37.604755903101086],[-73.64660143463806,-37.60507640955608],[-73.64637980027618,-37.60521479859596],[-73.64617673969,-37.605310178259494],[-73.64597350408769,-37.605402748054665],[-73.64581427857463,-37.605462578663804],[-73.64563420088396,-37.60552886806994],[-73.64542833485262,-37.60557926440927],[-73.6452710665624,-37.60561365182327],[-73.64507261741382,-37.60566939169216],[-73.6448423649172,-37.60572638558467],[-73.64453167894887,-37.60585701031425],[-73.6441479788877,-37.60606660948412],[-73.64385156947023,-37.6062558547086],[-73.64361470959696,-37.606434295939984],[-73.64346374345361,-37.606569892889965],[-73.64331257081069,-37.60675904613854],[-73.64305881213046,-37.606495672088236],[-73.64278262690205,-37.606213454138036],[-73.64263888414355,-37.60606693079774],[-73.64247256940814,-37.60584238290378],[-73.64220929863137,-37.60553992602459],[-73.64200537227883,-37.605280221750874],[-73.6419317513814,-37.60517884508058],[-73.64188041560523,-37.605037132775934],[-73.64151304325584,-37.6051107992031],[-73.64103682302358,-37.60520002711115],[-73.64068729279562,-37.60527580626039],[-73.64053939748656,-37.60529008941816],[-73.64038072576008,-37.60530197878277],[-73.64023846410929,-37.60534985969012],[-73.64014620196643,-37.60540422548121],[-73.640039978139,-37.60546195971706],[-73.63995285845643,-37.60548512084652],[-73.63987882229884,-37.60549085586213],[-73.6397221088185,-37.60547730290204],[-73.63958449874632,-37.605429175876075],[-73.63947652543182,-37.60545879457339],[-73.63940506073915,-37.605448927955045],[-73.63909681096116,-37.60533424563723],[-73.63868609797157,-37.60519541661546],[-73.63876324404664,-37.60486967642085],[-73.63886956722332,-37.60435818528764],[-73.63909359558122,-37.60437190648018],[-73.6392762681927,-37.60440416746516],[-73.63948171863578,-37.60446089481383],[-73.63955008490336,-37.60447792962896],[-73.63972887477888,-37.60450470589381],[-73.6398569653685,-37.604513750542765],[-73.64000996784051,-37.60452463239059],[-73.64018063961389,-37.60453481728152],[-73.64037163960856,-37.60453010989013],[-73.64056900639144,-37.604513876900235],[-73.64070577308223,-37.60449157744463],[-73.64091234067573,-37.60445243464738],[-73.64114294395264,-37.60440107106105],[-73.64128236905343,-37.60436457385695],[-73.64138928980695,-37.60431808462345],[-73.64150786157882,-37.60428804629966],[-73.64162853511453,-37.604291744631375],[-73.64174336612857,-37.604315402149005],[-73.64180907530229,-37.60434663186269],[-73.64187741054997,-37.60442003406859],[-73.64192065858357,-37.60448878798142],[-73.6419455379396,-37.604546991826176],[-73.64196881025069,-37.60463626160155],[-73.64199474011323,-37.60471133516718],[-73.6420134273137,-37.60478387567996],[-73.64205226703649,-37.604838711632844],[-73.64217822632024,-37.604870384849534],[-73.64224165857485,-37.60486506533651],[-73.64231289221871,-37.604814345877294],[-73.6423447271898,-37.60475672346741],[-73.64235007545992,-37.60467196233016],[-73.64230965982478,-37.604591823679094],[-73.64227172741343,-37.604494675687135],[-73.64224632256172,-37.604428037942],[-73.642195306331,-37.60434831714294],[-73.64214694765846,-37.604254400112566],[-73.64208728762239,-37.604149654748426],[-73.641963766332,-37.60387268860688],[-73.64184623118379,-37.603634943975365],[-73.64173153083273,-37.60338581436952],[-73.64165315274326,-37.603264896959246],[-73.64163040750228,-37.603184061097096],[-73.6415923339755,-37.60302773464478],[-73.64157315521494,-37.60289039136642],[-73.64157094473079,-37.602741105812285],[-73.64157436728956,-37.60262541923778],[-73.6415880746092,-37.60244732256474],[-73.64161161738019,-37.60237029932805],[-73.64166542005714,-37.60221035103057],[-73.64170505578271,-37.60210732886843],[-73.64177386810945,-37.601960880598604],[-73.64185786449957,-37.60183074456922],[-73.64192667625788,-37.60168429619279],[-73.64195448502815,-37.60156201162899],[-73.64200126504701,-37.6016306259229],[-73.6421919528928,-37.60184857639364],[-73.64237945924701,-37.60207228972754],[-73.64258302642523,-37.60232637068133],[-73.6428388367917,-37.60267985201253],[-73.64320815936715,-37.60320641228693],[-73.64331726202563,-37.603365574697],[-73.64385877383967,-37.60307366043434],[-73.64419369046944,-37.60287726050902],[-73.64466025642659,-37.60263339142496],[-73.64485784729355,-37.602848247097796],[-73.6451172328639,-37.60314521523538],[-73.6454976142628,-37.603507868608126],[-73.64597355676702,-37.60392593515832],[-73.64640554995204,-37.604264001337874],[-73.64701009026258,-37.604755903101086]],[[-73.64638694771853,-37.60436337732627],[-73.64617871833686,-37.60420531113387],[-73.64599823404525,-37.604037694770284],[-73.64573787693152,-37.60423679504853],[-73.64547027561224,-37.604433362783006],[-73.64567920529721,-37.604602676383294],[-73.64587242331444,-37.604747243867344],[-73.64612959838023,-37.60455390478127],[-73.64638694771853,-37.60436337732627]]]}},{"type":"Feature","properties":{"zona_code":"ZA1","zona":"Zona residencial mixta 1","comuna":"Lebu"},"geometry":{"type":"Polygon","coordinates":[[[-73.64071276951402,-37.59831630239961],[-73.64035435241028,-37.59853334616059],[-73.63994945550897,-37.59877194904228],[-73.6396744567732,-37.59893497455467],[-73.63950612517418,-37.599019111246584],[-73.63946702835507,-37.598960057065696],[-73.63939695140908,-37.598858539390655],[-73.63931910774185,-37.59874605269411],[-73.63925980769694,-37.59864692864171],[-73.63921974915483,-37.59857241164144],[-73.63913770702916,-37.59839245030182],[-73.63905339161147,-37.59817594077256],[-73.6389962253113,-37.59805418466497],[-73.63898195249962,-37.5979955617339],[-73.63894829568392,-37.59785315159012],[-73.63891992328861,-37.59773871701849],[-73.63889368393119,-37.597601651413136],[-73.63887699597498,-37.59744729934575],[-73.63885957432214,-37.597338069812004],[-73.638858559359,-37.59726483311223],[-73.63885548090508,-37.59710148995925],[-73.63885873409502,-37.59698299122652],[-73.63887227336873,-37.596802083503945],[-73.63888612738903,-37.59668316716804],[-73.63890158942357,-37.59653318581465],[-73.63895934868907,-37.596265985216014],[-73.63898282275665,-37.596017045781046],[-73.63901903137689,-37.59574505769332],[-73.6390376776998,-37.59558931414371],[-73.63903718739382,-37.59552451140382],[-73.63901850627047,-37.59545197042339],[-73.63895973397742,-37.59536127930659],[-73.63893167728611,-37.59530883611824],[-73.63886531286045,-37.59520998997292],[-73.63877033257707,-37.59510663353948],[-73.63866279316498,-37.59502913696617],[-73.638591637521,-37.59496711783992],[-73.63848920602476,-37.594914785371806],[-73.63838376628799,-37.59487102629212],[-73.63830816629,-37.594851456779274],[-73.63823151794688,-37.59481501836041],[-73.63810208053236,-37.59472711018318],[-73.63800461822348,-37.594640761511684],[-73.63794000507939,-37.594570029062126],[-73.63788760104819,-37.59446781406438],[-73.63785884657318,-37.59440412442691],[-73.63783435958199,-37.59429517276554],[-73.63782628045757,-37.594222213199956],[-73.637828974877,-37.59415164833334],[-73.63786420509072,-37.594034709289744],[-73.63793658880539,-37.59383175577258],[-73.63795415201966,-37.593715511361594],[-73.63794631874173,-37.59353262741301],[-73.63794408102821,-37.59343970958024],[-73.63792365312658,-37.59333905334701],[-73.63788415983989,-37.59321660114871],[-73.63782927312174,-37.59313139357499],[-73.63853211179185,-37.59298534278654],[-73.63859165043411,-37.59325919705093],[-73.63865916479733,-37.593490460150036],[-73.63873402577576,-37.59383980620006],[-73.63882123662026,-37.594216847872204],[-73.63896134405356,-37.594760907693605],[-73.63900328876758,-37.59492271993715],[-73.63908472976435,-37.59520698309228],[-73.63915826613079,-37.595421099836024],[-73.63925909094334,-37.595789150058046],[-73.63938360060654,-37.596139357413904],[-73.63947847920129,-37.59641181783377],[-73.63959382466533,-37.59672856539027],[-73.63967289084212,-37.596860731186524],[-73.63976749094223,-37.597014832137084],[-73.64001424200255,-37.59739404247692],[-73.64012101828396,-37.59757302828299],[-73.64028534647419,-37.59782302344064],[-73.6404827368089,-37.59803507659033],[-73.64071276951402,-37.59831630239961]]]}},{"type":"Feature","properties":{"zona_code":"ZA1","zona":"Zona residencial mixta 1","comuna":"Lebu"},"geometry":{"type":"Polygon","coordinates":[[[-73.63895509577927,-37.59288131407234],[-73.6395690740783,-37.592730302563915],[-73.63993498958074,-37.592634154801004],[-73.64020708102105,-37.592567067467876],[-73.64052017234627,-37.59247581695151],[-73.6409450993353,-37.592360431891706],[-73.64100940392859,-37.59265382393926],[-73.6410587678601,-37.59282097998089],[-73.64110106585976,-37.59298841424764],[-73.64116862184,-37.59316330726945],[-73.64123355263358,-37.593296029451224],[-73.64128774289365,-37.59336998930487],[-73.6413924152262,-37.59351523629085],[-73.6416517520375,-37.59381221607167],[-73.64192823249864,-37.59410006335857],[-73.64212225696073,-37.594315065584134],[-73.64242204202422,-37.59463581367046],[-73.64280939805964,-37.5950545682701],[-73.64330021114415,-37.59559888775117],[-73.64372130425983,-37.59604731094383],[-73.64413463382877,-37.5964847658098],[-73.64476265354753,-37.597184313308404],[-73.6451682288801,-37.597610796084716],[-73.64565078458378,-37.59813570095951],[-73.64588296825981,-37.59839428407953],[-73.64566050567089,-37.59846224593631],[-73.6454975860047,-37.59851940304632],[-73.64532511725712,-37.59859384603869],[-73.64509310355818,-37.59867909289939],[-73.64486214038631,-37.59878120812396],[-73.6447011459107,-37.59886929044121],[-73.64445762466755,-37.59899726454456],[-73.64412503226562,-37.59917384496398],[-73.64377564674021,-37.59936517835576],[-73.64347751195682,-37.59952630651969],[-73.64315534072236,-37.599699655672374],[-73.6428674525227,-37.59985474159533],[-73.64251978113998,-37.599504881202094],[-73.6422181922207,-37.59921238875147],[-73.64205308806324,-37.59906388748516],[-73.64190670396626,-37.5989315587111],[-73.6416400707731,-37.59868841684541],[-73.64129965372862,-37.59834108517924],[-73.64120536553509,-37.59824897770797],[-73.6408531591422,-37.59782601366673],[-73.64069407949329,-37.59766036352936],[-73.64031829666868,-37.597086135624295],[-73.64000325336411,-37.59657715486961],[-73.63986992343828,-37.596199112117134],[-73.63968107309813,-37.595611880532694],[-73.63953420803024,-37.59513009197759],[-73.63938383732336,-37.59460616550448],[-73.6395990894951,-37.59447931521344],[-73.63940297245176,-37.59423057124278],[-73.6398945878853,-37.59399137230523],[-73.6396855626859,-37.59376286621897],[-73.63923625907286,-37.59399898852104],[-73.63895509577927,-37.59288131407234]],[[-73.6404340524175,-37.59672646268725],[-73.64020081281166,-37.596792019759334],[-73.64031748925863,-37.59695934237417],[-73.64055020427567,-37.596885350202996],[-73.6404340524175,-37.59672646268725]]]}},{"type":"Feature","properties":{"zona_code":"ZB1","zona":"Zona equipamiento 1","comuna":"Lebu"},"geometry":{"type":"Polygon","coordinates":[[[-73.54186432195989,-37.66811160555349],[-73.5419111992023,-37.66829863193719],[-73.54194646921563,-37.66835363970077],[-73.54196776177956,-37.66841200489746],[-73.54197188358056,-37.668479488602266],[-73.54194537114127,-37.66856788325389],[-73.54192672333082,-37.668610879219095],[-73.54193204615855,-37.66869804520474],[-73.54193314526874,-37.6687741004291],[-73.54145464530097,-37.66883484077212],[-73.53985288653016,-37.66902346259936],[-73.53965457376101,-37.66838850745351],[-73.53976457321362,-37.668389902039074],[-73.53993670047693,-37.66836353347528],[-73.54066730923303,-37.668250797957015],[-73.54105064276564,-37.66819936967395],[-73.54186432195989,-37.66811160555349]]]}},{"type":"Feature","properties":{"zona_code":"ZB1","zona":"Zona equipamiento 1","comuna":"Lebu"},"geometry":{"type":"Polygon","coordinates":[[[-73.6288368972833,-37.642782455416544],[-73.62900151759665,-37.64349184374544],[-73.62853053435252,-37.643555456045476],[-73.62845309908474,-37.643564138069],[-73.62831144413168,-37.64288202920598],[-73.6288368972833,-37.642782455416544]]]}},{"type":"Feature","properties":{"zona_code":"ZB1","zona":"Zona equipamiento 1","comuna":"Lebu"},"geometry":{"type":"Polygon","coordinates":[[[-73.62438782610828,-37.646218150604064],[-73.62461408438283,-37.64649391681091],[-73.62477285606528,-37.64671032893685],[-73.62419896184755,-37.647000618138456],[-73.62390609828796,-37.647136130093834],[-73.62377866977202,-37.64685366288804],[-73.62368280463627,-37.64667987216642],[-73.62365704919151,-37.64660760642681],[-73.62377783482019,-37.64655494993786],[-73.62438782610828,-37.646218150604064]]]}},{"type":"Feature","properties":{"zona_code":"ZB1","zona":"Zona equipamiento 1","comuna":"Lebu"},"geometry":{"type":"Polygon","coordinates":[[[-73.62354049711321,-37.64667136996856],[-73.62365186006826,-37.64692346618224],[-73.62376715070812,-37.64712467782481],[-73.62380438862454,-37.64721058405347],[-73.62352902821574,-37.64734258961455],[-73.62336808088756,-37.647433461729335],[-73.62311995903602,-37.6475474855881],[-73.62290527297864,-37.64762919373875],[-73.62264876255901,-37.64692340419916],[-73.6231282877866,-37.646825658699505],[-73.62354049711321,-37.64667136996856]]]}},{"type":"Feature","properties":{"zona_code":"ZB1","zona":"Zona equipamiento 1","comuna":"Lebu"},"geometry":{"type":"Polygon","coordinates":[[[-73.66302640911191,-37.59868340453228],[-73.6629025746612,-37.59925197248998],[-73.66279404363587,-37.5994422790233],[-73.66242778717955,-37.6000993589352],[-73.66132802080007,-37.59950595370704],[-73.66192792894955,-37.599129915823674],[-73.66244633643923,-37.59892338284452],[-73.66302640911191,-37.59868340453228]]]}},{"type":"Feature","properties":{"zona_code":"ZB1","zona":"Zona equipamiento 1","comuna":"Lebu"},"geometry":{"type":"Polygon","coordinates":[[[-73.66218437001768,-37.60056838320236],[-73.66214901868699,-37.60062614972964],[-73.66186876604962,-37.6007894335859],[-73.6614706590886,-37.60099402079054],[-73.66113669729128,-37.60114815662567],[-73.66078860261588,-37.60130285033327],[-73.66039757321582,-37.601450787136784],[-73.65961501181228,-37.60060525511623],[-73.66032767692187,-37.60016275922483],[-73.66063055601497,-37.59996476316982],[-73.66082104738426,-37.59983885485141],[-73.66094067641765,-37.59976929819077],[-73.66180053732383,-37.60032147459097],[-73.66218437001768,-37.60056838320236]]]}},{"type":"Feature","properties":{"zona_code":"ZB1","zona":"Zona equipamiento 1","comuna":"Lebu"},"geometry":{"type":"Polygon","coordinates":[[[-73.66212548038847,-37.60075954295207],[-73.66202218637288,-37.60114692418032],[-73.66166046978097,-37.60193346517669],[-73.66068725119618,-37.601664789167884],[-73.660523162197,-37.60153318539176],[-73.66125115890195,-37.60122253888709],[-73.66196839048533,-37.60085312977601],[-73.66212548038847,-37.60075954295207]]]}},{"type":"Feature","properties":{"zona_code":"ZB1","zona":"Zona equipamiento 1","comuna":"Lebu"},"geometry":{"type":"Polygon","coordinates":[[[-73.6499717977788,-37.60853534168956],[-73.64993628099303,-37.60873261788489],[-73.64996942597871,-37.6088947733701],[-73.6500115300023,-37.60917212550507],[-73.65003558811422,-37.609500921116506],[-73.64988139356963,-37.60975502367465],[-73.64970386456937,-37.610032594325006],[-73.64962007692576,-37.61010917931561],[-73.6494545491385,-37.61040882239149],[-73.64936384165105,-37.61054486598588],[-73.64922573507151,-37.610772967628954],[-73.64898030004038,-37.611154678288564],[-73.64876862498836,-37.611509691405644],[-73.64862267560662,-37.61149854287949],[-73.64836576726692,-37.61146922854833],[-73.64809402175875,-37.611429225662945],[-73.64770778283281,-37.61137119386091],[-73.64752631771643,-37.61135862838997],[-73.64733690876768,-37.61133228375665],[-73.64745592090694,-37.611138757822395],[-73.64780613078887,-37.610789552808725],[-73.64819453655117,-37.61037119879752],[-73.64874327586143,-37.60979714225907],[-73.6499717977788,-37.60853534168956]]]}},{"type":"Feature","properties":{"zona_code":"ZB1","zona":"Zona equipamiento 1","comuna":"Lebu"},"geometry":{"type":"Polygon","coordinates":[[[-73.64863833743772,-37.6116360231167],[-73.64849651800627,-37.61186145225994],[-73.64819695902145,-37.61234112192821],[-73.64801640931083,-37.61262726428894],[-73.64782896584101,-37.61291649716399],[-73.64764417880633,-37.61319153338493],[-73.6474814992907,-37.613423421356636],[-73.64731221626882,-37.613606248562974],[-73.64681503199505,-37.61347367995537],[-73.64632190931431,-37.613349404417676],[-73.64612206706134,-37.6133262881776],[-73.64610611770749,-37.613240958109174],[-73.6460710077973,-37.61313242811749],[-73.64602479876065,-37.6129595145652],[-73.64596550417201,-37.612804026773595],[-73.6459963159578,-37.61267316774838],[-73.64605627768195,-37.612555249484096],[-73.64610260047608,-37.61250269176738],[-73.64634714944873,-37.61216329608815],[-73.64660490931806,-37.612263040166965],[-73.64665792017279,-37.612260948868425],[-73.64680555981285,-37.612071930356095],[-73.64691450073722,-37.6118872572905],[-73.64707752867064,-37.61166099263613],[-73.64724143388223,-37.61144878522487],[-73.64863833743772,-37.6116360231167]]]}},{"type":"Feature","properties":{"zona_code":"ZB1","zona":"Zona equipamiento 1","comuna":"Lebu"},"geometry":{"type":"Polygon","coordinates":[[[-73.64773428719263,-37.59821836537569],[-73.6476985173954,-37.598383240659864],[-73.64763830692034,-37.59866745101083],[-73.64758516491436,-37.598951382711604],[-73.64752402104513,-37.5993342713635],[-73.64751444435822,-37.59940792650781],[-73.64677068377085,-37.599352725560735],[-73.64643625723383,-37.59932928247761],[-73.64636065257223,-37.59965073872639],[-73.64630607315424,-37.59996854615084],[-73.64622141476667,-37.600372092120644],[-73.64614382231818,-37.60077535674842],[-73.64606985161659,-37.601009379652446],[-73.64624810790649,-37.60102771195115],[-73.64658730250326,-37.60107069521799],[-73.64688339468186,-37.60110410550927],[-73.64726534392473,-37.601151036227385],[-73.64721240260353,-37.601381410981006],[-73.6471133478281,-37.60161078744415],[-73.64700068425428,-37.60184915582795],[-73.64685604281503,-37.602085967695686],[-73.64662002140646,-37.60239120607964],[-73.64636682804591,-37.60276194441994],[-73.64610904608539,-37.60311595303151],[-73.64582775359227,-37.6034906163867],[-73.64561599425296,-37.60333268805283],[-73.64547876395785,-37.60323382354202],[-73.64521636866807,-37.60294542981646],[-73.6450491481291,-37.602763196721845],[-73.64476663417234,-37.60243613924769],[-73.64455459117707,-37.6021598497917],[-73.64427033082778,-37.601804676184436],[-73.64410437240585,-37.6015857531855],[-73.64382029071788,-37.60123338985678],[-73.6435464632824,-37.600874984331725],[-73.64334219684694,-37.600609659712774],[-73.64307208284471,-37.6002539248315],[-73.64297939770552,-37.60013075364793],[-73.64362391762158,-37.599786867717256],[-73.64437075916504,-37.5993797577145],[-73.6447197921901,-37.599182799880516],[-73.64494599681768,-37.599061144496034],[-73.64515558507594,-37.598957054137],[-73.64535632276821,-37.59888149567113],[-73.6456673290895,-37.59875649338212],[-73.64603151227895,-37.59863221128068],[-73.64643085310917,-37.59850372214489],[-73.64691181142413,-37.59837764744738],[-73.64773428719263,-37.59821836537569]]]}},{"type":"Feature","properties":{"zona_code":"ZE","zona":"Zona area verde y equipamiento","comuna":"Lebu"},"geometry":{"type":"Polygon","coordinates":[[[-73.53922137052051,-37.6694818582012],[-73.5396954281045,-37.67077132947877],[-73.53891715704219,-37.67091690061943],[-73.53835933770227,-37.671014508497144],[-73.53811532146739,-37.67032776290112],[-73.53789740483086,-37.66977811464315],[-73.53863823481775,-37.669600172327456],[-73.53922137052051,-37.6694818582012]]]}},{"type":"Feature","properties":{"zona_code":"ZE","zona":"Zona area verde y equipamiento","comuna":"Lebu"},"geometry":{"type":"Polygon","coordinates":[[[-73.63638437216333,-37.64252489643209],[-73.63620493916979,-37.64283070802261],[-73.63599476947725,-37.643098273206576],[-73.63587057164092,-37.64326662804707],[-73.63573047986561,-37.643407425268784],[-73.63550588087983,-37.64355718768828],[-73.63523318387172,-37.64373138924848],[-73.63512332995168,-37.643560977820876],[-73.63508951135148,-37.64335938855307],[-73.63504294956076,-37.643180847130004],[-73.63507095334903,-37.643061374056],[-73.63498238413469,-37.642777389840006],[-73.63487043167382,-37.6425732406313],[-73.63472347489764,-37.642376105496304],[-73.63461957693454,-37.64230128190009],[-73.63487869102893,-37.642364357503574],[-73.63511974387593,-37.64247887406597],[-73.63540819512681,-37.642557702549865],[-73.63568110318714,-37.6426145963774],[-73.63592187456628,-37.64261075205763],[-73.63611174654787,-37.64258636440043],[-73.63638437216333,-37.64252489643209]]]}},{"type":"Feature","properties":{"zona_code":"ZE","zona":"Zona area verde y equipamiento","comuna":"Lebu"},"geometry":{"type":"Polygon","coordinates":[[[-73.63125153374327,-37.64353862712666],[-73.63150960070121,-37.64358484046536],[-73.63173616100408,-37.643694297323385],[-73.6321076476385,-37.64385441811085],[-73.63238405809406,-37.64396754861586],[-73.63246744355645,-37.64405445412563],[-73.632121294899,-37.64407371238817],[-73.63161782698658,-37.64407097587511],[-73.6311475411924,-37.644145844747236],[-73.63125153374327,-37.64353862712666]]]}},{"type":"Feature","properties":{"zona_code":"ZE","zona":"Zona area verde y equipamiento","comuna":"Lebu"},"geometry":{"type":"Polygon","coordinates":[[[-73.62817761385818,-37.642895745905705],[-73.62831044795726,-37.643550018201594],[-73.62815592621271,-37.643573003633136],[-73.62779823718321,-37.64366316096765],[-73.6275122428085,-37.64373781667978],[-73.62709060723623,-37.64388262574234],[-73.62696232634345,-37.64367206395188],[-73.62673566637515,-37.64321876184224],[-73.6268079927878,-37.643184917262644],[-73.62707960150946,-37.643078417669976],[-73.62817761385818,-37.642895745905705]]]}},{"type":"Feature","properties":{"zona_code":"ZE","zona":"Zona area verde y equipamiento","comuna":"Lebu"},"geometry":{"type":"Polygon","coordinates":[[[-73.6604680546978,-37.60869673488752],[-73.66050421984924,-37.60887849421814],[-73.66053704382948,-37.60900683871329],[-73.66059581921073,-37.609210250320004],[-73.65964881782233,-37.609532379486296],[-73.65930528718755,-37.60964743288088],[-73.65918803875377,-37.60941533252876],[-73.6594976357229,-37.60932416920015],[-73.65977259594935,-37.609245648741506],[-73.65999206674942,-37.609186232942946],[-73.66012937974426,-37.60911597777781],[-73.66023859697437,-37.6090496521023],[-73.6603294414855,-37.60897277996844],[-73.6604680546978,-37.60869673488752]]]}},{"type":"Feature","properties":{"zona_code":"ZE","zona":"Zona area verde y equipamiento","comuna":"Lebu"},"geometry":{"type":"Polygon","coordinates":[[[-73.66539220061121,-37.59485683393487],[-73.66543669504475,-37.59494525787735],[-73.66545026950321,-37.59504899743852],[-73.6654389367263,-37.59515090600619],[-73.66539402990892,-37.59528232792304],[-73.66535248089154,-37.59541079912077],[-73.665319419943,-37.595505112815786],[-73.6652999648961,-37.59559043320564],[-73.66529905500884,-37.59568911134594],[-73.66531563585221,-37.595784277604],[-73.66535041051863,-37.59588717719468],[-73.66535375271549,-37.59594059292665],[-73.66535744756291,-37.59599963128127],[-73.66531962227673,-37.5960744061179],[-73.66522683213307,-37.59623309022566],[-73.66511901572746,-37.59643464352171],[-73.6647534743129,-37.596536491430484],[-73.6639192029425,-37.59678936424052],[-73.66380906353565,-37.597067103848104],[-73.66360734359561,-37.59757957248907],[-73.66348076462995,-37.59787769025741],[-73.66321817543822,-37.59809664463812],[-73.66317345654281,-37.59817451047491],[-73.6631319195073,-37.59824661345108],[-73.66310504207487,-37.59832659031081],[-73.66307957220981,-37.59842905943732],[-73.66304896975086,-37.59856273249065],[-73.66277210181369,-37.59866669993135],[-73.6623989341237,-37.59881675400741],[-73.66206428151911,-37.59895964572114],[-73.66189448442546,-37.59901991561761],[-73.66183264171049,-37.59905054761608],[-73.66165999583336,-37.599178569838955],[-73.66132920700953,-37.599383309981356],[-73.66090299621435,-37.59964819265886],[-73.66045027110866,-37.59994230617742],[-73.66000726428157,-37.600221941833055],[-73.65955099878859,-37.600516191871655],[-73.65950560967114,-37.6004700765165],[-73.65957948046616,-37.60040515049987],[-73.65966272082684,-37.6003201248916],[-73.65977067805787,-37.60029048828564],[-73.65984878518454,-37.60023666810898],[-73.66003592128662,-37.600113711644475],[-73.66030822891229,-37.599936654079414],[-73.6604301612206,-37.59984727863498],[-73.66053001338494,-37.59974468559958],[-73.66069221912262,-37.59967626320708],[-73.66081520522398,-37.59960375520065],[-73.66100870136022,-37.59946927246118],[-73.6611083771887,-37.59936386760418],[-73.66120450037864,-37.599314969161554],[-73.66130769125853,-37.599265792106195],[-73.66141353561358,-37.59920241732642],[-73.66153934997635,-37.599118524014656],[-73.66170705533385,-37.5989681507736],[-73.6618180320101,-37.5988735708472],[-73.661984646758,-37.59881906386143],[-73.66211981260128,-37.59877143833319],[-73.66227637151273,-37.5986694163739],[-73.6624665224273,-37.59848151536698],[-73.66272579036351,-37.598152779694736],[-73.66284066689906,-37.598007314770406],[-73.6628979376164,-37.59790358731208],[-73.66297376997926,-37.597756850650576],[-73.66306906138746,-37.59752479311183],[-73.6631573009057,-37.59723664772683],[-73.66325030550883,-37.59696804299426],[-73.66331697665503,-37.5967314817288],[-73.66336083170572,-37.59658319195528],[-73.66339282424329,-37.59652837743698],[-73.66346616010524,-37.596455014879],[-73.66359091222857,-37.59635425135638],[-73.66383704270058,-37.59621204277267],[-73.66396318607919,-37.596190137531494],[-73.66397607154231,-37.59622626556454],[-73.66391210555676,-37.59627952854424],[-73.66382711421903,-37.596336442483796],[-73.66370944478793,-37.59638055935553],[-73.66364725250344,-37.596405568848304],[-73.66366207331062,-37.59647262131341],[-73.66370587972875,-37.596493433327446],[-73.6639063974414,-37.596471400548346],[-73.66406752085285,-37.596442472737834],[-73.66422017200442,-37.59639133388382],[-73.66434684217998,-37.596377862148266],[-73.66446043382295,-37.5963818173911],[-73.664617848469,-37.596350217792],[-73.66485230680514,-37.596247926460954],[-73.66500813763555,-37.59619102366135],[-73.66512492559482,-37.596132848927006],[-73.66517793951444,-37.59607438263567],[-73.66517920106662,-37.59598132801745],[-73.66514442548127,-37.59587842746766],[-73.66512589621641,-37.59580870326282],[-73.6651195636545,-37.59570749440058],[-73.66515650962972,-37.59561866309007],[-73.66522068113093,-37.59545547694146],[-73.66526541204541,-37.595321243790266],[-73.66527957523952,-37.59520794972871],[-73.66529426621304,-37.59510308958568],[-73.66530276904227,-37.595012566554416],[-73.66532540668624,-37.59492148325667],[-73.66535421430008,-37.59487243014565],[-73.66539220061121,-37.59485683393487]]]}},{"type":"Feature","properties":{"zona_code":"ZE","zona":"Zona area verde y equipamiento","comuna":"Lebu"},"geometry":{"type":"Polygon","coordinates":[[[-73.65923519081596,-37.60079079184795],[-73.65927156115438,-37.60086262942772],[-73.65929184589743,-37.60096046844279],[-73.65928032747773,-37.6010595657277],[-73.65925131904454,-37.60116217308533],[-73.65914830028696,-37.60121416046559],[-73.65895110521191,-37.6012896024413],[-73.65864364852003,-37.601414498991566],[-73.65841640855933,-37.60151931217227],[-73.65818598436906,-37.601629886681486],[-73.657949020704,-37.601749174811125],[-73.65771912324205,-37.60186818322243],[-73.65752102642936,-37.60198593245975],[-73.65731913258365,-37.602099604892004],[-73.65721177626533,-37.6021672632505],[-73.65709063780174,-37.60224110341395],[-73.65698637568221,-37.60230159278798],[-73.65694271209115,-37.6023681416743],[-73.65687025235961,-37.602427373294375],[-73.65672941425683,-37.60249776494185],[-73.65660103176367,-37.60256907242847],[-73.65633490371064,-37.60270360216437],[-73.65646197013378,-37.60261120879801],[-73.65677989290499,-37.60239853553385],[-73.65699964242448,-37.602258793843774],[-73.65778983498653,-37.60175265300138],[-73.65816588710615,-37.60150667478374],[-73.65855068403393,-37.601258940801586],[-73.65898619646958,-37.600972561466136],[-73.65913260304742,-37.60087799201604],[-73.65923519081596,-37.60079079184795]]]}},{"type":"Feature","properties":{"zona_code":"ZE","zona":"Zona area verde y equipamiento","comuna":"Lebu"},"geometry":{"type":"Polygon","coordinates":[[[-73.65637354431483,-37.60972958146979],[-73.65679450115131,-37.61051334050083],[-73.65578949383674,-37.610871553163406],[-73.65534240096889,-37.610066277440616],[-73.65637354431483,-37.60972958146979]]]}},{"type":"Feature","properties":{"zona_code":"ZE","zona":"Zona area verde y equipamiento","comuna":"Lebu"},"geometry":{"type":"Polygon","coordinates":[[[-73.65548298402787,-37.603100849140084],[-73.65558875210964,-37.60326294927617],[-73.655577426526,-37.60330849024739],[-73.65553377221558,-37.603346854551056],[-73.65534839804484,-37.603441551297436],[-73.65511036962157,-37.6035439665102],[-73.65490344230241,-37.60363387801213],[-73.65468608745061,-37.60372701944238],[-73.65464579008851,-37.60376243211407],[-73.65465698361896,-37.60382822027582],[-73.6541369145534,-37.60406578844635],[-73.65433958077332,-37.60447489104914],[-73.65362701761708,-37.60469329029188],[-73.65247788713265,-37.605068441662944],[-73.65171590140572,-37.605346558179086],[-73.65156339946034,-37.60540049428185],[-73.65151232294944,-37.605433513234026],[-73.6514923483024,-37.605454030763575],[-73.65142941693006,-37.60552415714355],[-73.65138523292885,-37.60555408498909],[-73.65121027330459,-37.60564554586523],[-73.65055922847715,-37.60594182019928],[-73.65021461927503,-37.60609634634016],[-73.64985940645437,-37.60625129000009],[-73.64963532080769,-37.606350324988654],[-73.64910613416936,-37.60598792450083],[-73.64932102192132,-37.605911800459566],[-73.64957442932246,-37.605828518131055],[-73.6499073587306,-37.60571391156416],[-73.64992730844959,-37.60574976225086],[-73.65016179188235,-37.605703864679334],[-73.65015139188311,-37.6056507275566],[-73.65047634959457,-37.605578709475346],[-73.65080271071479,-37.605529181911265],[-73.65098153003039,-37.60549957236376],[-73.65116937138959,-37.60544424112418],[-73.65147896427574,-37.605353099589806],[-73.65174898306779,-37.60525224614867],[-73.65211972513278,-37.605119230245265],[-73.65253535140519,-37.60496753012877],[-73.65305204980214,-37.604789287589824],[-73.65323337006788,-37.60468629967985],[-73.65356297771251,-37.604461899623004],[-73.6538197782786,-37.60426292250214],[-73.65404688152482,-37.60409893920383],[-73.65400660710294,-37.60407798364557],[-73.65440675158587,-37.603735241961175],[-73.65448023433191,-37.60377743093057],[-73.65457303282304,-37.60367512138902],[-73.65548298402787,-37.603100849140084]]]}},{"type":"Feature","properties":{"zona_code":"ZE","zona":"Zona area verde y equipamiento","comuna":"Lebu"},"geometry":{"type":"Polygon","coordinates":[[[-73.64891394053092,-37.606087108731415],[-73.64941821524998,-37.606447674722126],[-73.64899089302952,-37.60663928292717],[-73.6486098035338,-37.60620902988984],[-73.64891394053092,-37.606087108731415]]]}},{"type":"Feature","properties":{"zona_code":"ZE","zona":"Zona area verde y equipamiento","comuna":"Lebu"},"geometry":{"type":"Polygon","coordinates":[[[-73.6484766932058,-37.60634674675986],[-73.64866671024507,-37.6065534392247],[-73.6484298883461,-37.60667552152548],[-73.64824715348249,-37.60675601216293],[-73.64806617168222,-37.606864615672464],[-73.647792756016,-37.6070247794105],[-73.64742442213719,-37.607253511243165],[-73.64718899896654,-37.607398082394525],[-73.64690053848919,-37.60760111331628],[-73.64666011504731,-37.60749504887686],[-73.64648161146394,-37.60758664223695],[-73.64621400089158,-37.607783212268785],[-73.64631893773442,-37.607818528948016],[-73.64614928156439,-37.60788158945795],[-73.64604253519752,-37.607930895171954],[-73.64592004578057,-37.60801182287599],[-73.64578835726809,-37.60811566009214],[-73.64567638196988,-37.60819476413396],[-73.64553284843784,-37.6083075239167],[-73.64543518337122,-37.60838888117064],[-73.64535758303067,-37.608451127119984],[-73.64542671449436,-37.60836666821195],[-73.64554745138844,-37.60825762695554],[-73.64565650658199,-37.608188501899015],[-73.64571643747338,-37.60812695242726],[-73.645802711478,-37.608033361740304],[-73.64595633338602,-37.607883565505816],[-73.6460592242687,-37.60777240908725],[-73.64631161936809,-37.607615897328316],[-73.64640300298558,-37.607547469207006],[-73.64660113297805,-37.60742973578013],[-73.64675647710887,-37.60736442128504],[-73.64695016754024,-37.60728913736203],[-73.64705159796279,-37.60726822434008],[-73.64714914441313,-37.607241828342566],[-73.64722020036162,-37.60718829368458],[-73.64728471455655,-37.60714347242188],[-73.64732043180283,-37.60709133333444],[-73.64736289370049,-37.6069769233222],[-73.64742495291988,-37.606892742635246],[-73.64748400412599,-37.60681713561284],[-73.64758350484823,-37.606765296725435],[-73.64768546140542,-37.60675281710174],[-73.64776904663208,-37.60672979000964],[-73.64783674247144,-37.60667920602582],[-73.64792105611905,-37.606611056193714],[-73.64801667232199,-37.606553734064924],[-73.64818422022476,-37.60645693407336],[-73.64826762929872,-37.60643109439596],[-73.6484766932058,-37.60634674675986]]]}},{"type":"Feature","properties":{"zona_code":"ZE","zona":"Zona area verde y equipamiento","comuna":"Lebu"},"geometry":{"type":"Polygon","coordinates":[[[-73.64463508859288,-37.60944913743043],[-73.64428527471523,-37.61003223992769],[-73.64406581098778,-37.610376278319436],[-73.64387622298321,-37.610688135888196],[-73.64366046481231,-37.61103484599742],[-73.64344400253555,-37.61137031036572],[-73.64334887263054,-37.61149243210856],[-73.64327246296901,-37.61163072537025],[-73.64319748431156,-37.61173514223021],[-73.64304574625177,-37.61197222951092],[-73.6427623976966,-37.61214404767407],[-73.64268598625634,-37.612282340506916],[-73.6425259201311,-37.612556394785855],[-73.6423522409157,-37.612839440221244],[-73.64225938276273,-37.61299810990733],[-73.6421848973577,-37.61316732867884],[-73.64211376904571,-37.613333596472366],[-73.64205642792294,-37.61349368416518],[-73.6419794579749,-37.613679911163636],[-73.6418780661323,-37.6139291045986],[-73.64176712183104,-37.61419558364832],[-73.64164928397193,-37.61446515302798],[-73.64157955558345,-37.614653912780184],[-73.64148365362429,-37.61487752389226],[-73.64137925059059,-37.61513529031448],[-73.64130070160257,-37.61529621399614],[-73.64122460269218,-37.6154964978574],[-73.6411400350043,-37.61567456842406],[-73.64107012868153,-37.615860516468686],[-73.64098626075626,-37.616049833073895],[-73.64090946188715,-37.61623887052701],[-73.64082895073685,-37.61642523611205],[-73.64071642335824,-37.61666641206378],[-73.64068934276754,-37.61674357439903],[-73.64066827914448,-37.616803590634134],[-73.64057075070511,-37.616773614149864],[-73.64072806281702,-37.6163982106161],[-73.64084503013835,-37.616114584856525],[-73.64091777088524,-37.615917251246756],[-73.64102343478764,-37.61562279773491],[-73.64111898828996,-37.615393563524954],[-73.64123151120158,-37.61515238706281],[-73.64131093736007,-37.61500552093435],[-73.64134970260038,-37.61488844082555],[-73.64145480599467,-37.61464192059039],[-73.64147271600109,-37.61453129863555],[-73.64144982222146,-37.614391283747835],[-73.64144600018935,-37.61427306429167],[-73.64149379143312,-37.61413026355674],[-73.64156845601688,-37.61396385573183],[-73.64161285630063,-37.61388037356066],[-73.64170612926668,-37.613614590690496],[-73.64178590253506,-37.613473347687744],[-73.64183459931267,-37.613288235612984],[-73.64194974617881,-37.61308922988836],[-73.64213134024206,-37.612876332082465],[-73.64219995201977,-37.61278344039659],[-73.64227622080037,-37.612585967935054],[-73.64237827997161,-37.61240438799435],[-73.64237977423369,-37.61225777524372],[-73.64241199358044,-37.61214940781376],[-73.64248308881307,-37.61203950844195],[-73.64264043409827,-37.611892386824465],[-73.64272391425013,-37.6117538157116],[-73.64285018346725,-37.61156282590767],[-73.64286312399723,-37.61148622046549],[-73.64293932905294,-37.61140148394882],[-73.64310972748525,-37.61129330489083],[-73.643237335467,-37.611237542552054],[-73.64333915379919,-37.61116588681516],[-73.64347721809142,-37.61105052712486],[-73.64358029262847,-37.61094218440512],[-73.64368777614422,-37.61084775853703],[-73.64378646987886,-37.610669129057456],[-73.64388583400753,-37.6105581134592],[-73.64397322417804,-37.61036865654314],[-73.64409078369303,-37.61026537740286],[-73.64418202806932,-37.61013777201514],[-73.64438469667206,-37.609808487333225],[-73.6444713550687,-37.60966415254081],[-73.64463508859288,-37.60944913743043]]]}},{"type":"Feature","properties":{"zona_code":"ZE","zona":"Zona area verde y equipamiento","comuna":"Lebu"},"geometry":{"type":"Polygon","coordinates":[[[-73.6400777103777,-37.61801620608465],[-73.64019926726995,-37.61774930952415],[-73.640330027288,-37.61745950280612],[-73.64039038340313,-37.61729084269447],[-73.64050189318283,-37.616976430594356],[-73.64057450696689,-37.61700456986172],[-73.64047485855973,-37.617281876778776],[-73.64039127240315,-37.61758955267142],[-73.64024554617173,-37.61809414212905],[-73.6400777103777,-37.61801620608465]]]}},{"type":"Feature","properties":{"zona_code":"ZE","zona":"Zona area verde y equipamiento","comuna":"Lebu"},"geometry":{"type":"Polygon","coordinates":[[[-73.63847226674054,-37.61618835136713],[-73.6385779127552,-37.61623492033676],[-73.63856370864477,-37.616348213590676],[-73.63858236307941,-37.61647712219355],[-73.6385571713745,-37.616641578887155],[-73.63850317990776,-37.6167987146833],[-73.6384529309614,-37.616902155524635],[-73.63841419446555,-37.616962865972056],[-73.63839011960201,-37.61703145518825],[-73.6383762989665,-37.617094003371],[-73.638380674287,-37.61716428906513],[-73.6383868006228,-37.61726269066794],[-73.63837577955216,-37.61737022175513],[-73.63811430198662,-37.61726778776165],[-73.63822333787186,-37.61697038448943],[-73.63834598479589,-37.61666399015549],[-73.63840445385344,-37.61640803532208],[-73.63843811453279,-37.61626579208179],[-73.63847226674054,-37.61618835136713]]]}},{"type":"Feature","properties":{"zona_code":"ZE","zona":"Zona area verde y equipamiento","comuna":"Lebu"},"geometry":{"type":"Polygon","coordinates":[[[-73.638635472009,-37.61602127642948],[-73.63846869229904,-37.61596020610747],[-73.63848576474031,-37.61577915953012],[-73.63855693670801,-37.61555652470329],[-73.63869546741773,-37.61527768787442],[-73.63880040591252,-37.61502835708851],[-73.63893312558129,-37.61471311044022],[-73.6390405466783,-37.61444677198],[-73.63912637799432,-37.61423201451066],[-73.63919114485006,-37.61407727205075],[-73.6392770078212,-37.613806145825045],[-73.63935881112481,-37.6135267250553],[-73.63942381930076,-37.61326205743179],[-73.63952805199297,-37.61300148052879],[-73.63959960208712,-37.612728100690596],[-73.63968224529218,-37.61251910483163],[-73.63986300284392,-37.61223578447183],[-73.64001986278446,-37.61202386388434],[-73.64015338262978,-37.61183541029787],[-73.64022038893152,-37.61177358474577],[-73.64044915489373,-37.61157855851188],[-73.64060772981976,-37.61145111981118],[-73.64066784177481,-37.611392384380345],[-73.64074107171872,-37.611259854168686],[-73.64080916081883,-37.611158528437535],[-73.64091072755744,-37.61091214802857],[-73.6410144275449,-37.610643136500826],[-73.64110168298181,-37.61039450098315],[-73.6411650100214,-37.61027363440715],[-73.64133435799229,-37.61014858907287],[-73.64145811354506,-37.6100309777943],[-73.64151594748702,-37.60993569291995],[-73.64159358551447,-37.60981708004132],[-73.64167157190383,-37.609704090627346],[-73.64182789600196,-37.60948373428545],[-73.64200507358915,-37.60925691848049],[-73.64215908787385,-37.609056381374906],[-73.64228129577056,-37.60885709767837],[-73.6423218084184,-37.60876813205453],[-73.64241997832686,-37.608581069721076],[-73.64243981196942,-37.60850137377835],[-73.64251660181404,-37.60831233579739],[-73.64259815226463,-37.608142838304225],[-73.64263831317736,-37.60804824899733],[-73.6428315787987,-37.607795433691386],[-73.64303421820367,-37.607522519038454],[-73.64321547697264,-37.60724762950081],[-73.6434014955396,-37.60699228017146],[-73.64356151789137,-37.60677459472063],[-73.64374820489058,-37.60658685880013],[-73.64393839241117,-37.60645535163091],[-73.64415209097584,-37.606303188263865],[-73.64446970199941,-37.60611310610621],[-73.64474753264253,-37.60596686706434],[-73.64494440613306,-37.605885824995674],[-73.64523669075771,-37.60580101835702],[-73.64549591493969,-37.6057541541461],[-73.64567015283087,-37.60570782359561],[-73.64583644631456,-37.60564771469007],[-73.6460930411846,-37.60555867757074],[-73.64630705365522,-37.60546850154884],[-73.64650993892668,-37.605370308544366],[-73.64667643449587,-37.60525664275413],[-73.64684964673364,-37.60513707371641],[-73.64716461587837,-37.6049048133548],[-73.64748604919399,-37.60517396197989],[-73.6473114360362,-37.60527104053514],[-73.64702584412461,-37.605406318182546],[-73.64683373604144,-37.6055069042065],[-73.64662626565331,-37.60558836778642],[-73.6464665145152,-37.60563976442308],[-73.64630039713003,-37.605702686450186],[-73.64611555859344,-37.60574943617411],[-73.64592914281923,-37.605770882840375],[-73.64585385243028,-37.605813309366724],[-73.64573723654951,-37.605817910474194],[-73.64559550504651,-37.60587423186495],[-73.6455000911427,-37.605877996359666],[-73.64540713198697,-37.60592112015678],[-73.64530482623869,-37.60592797429427],[-73.64499501688458,-37.60607265773955],[-73.64469545747154,-37.606211298705446],[-73.6445786359027,-37.60626945518379],[-73.64451905559763,-37.606336626740514],[-73.64441584301746,-37.606385791340834],[-73.64428097163724,-37.60649538921057],[-73.64422387362818,-37.606545553037634],[-73.64411960963486,-37.6065778485533],[-73.64406975556643,-37.60663054433567],[-73.644021827719,-37.60671416640271],[-73.64392316891328,-37.6068364284581],[-73.6437828036993,-37.606971606867326],[-73.64367354293715,-37.607094286714656],[-73.64360934635008,-37.60720109642541],[-73.64354409875072,-37.60729103818073],[-73.64344914765556,-37.607415971488265],[-73.64335349535507,-37.60752965852832],[-73.64322037193662,-37.60766737009159],[-73.64315106318794,-37.607749016356934],[-73.64301434268836,-37.607999602903014],[-73.64280705567076,-37.60836852478229],[-73.64270447692762,-37.60854166956947],[-73.64254301666007,-37.60879323092071],[-73.64240828126941,-37.60896200737595],[-73.6423205692431,-37.60908947179077],[-73.64218156686412,-37.60930351006103],[-73.64208430297543,-37.60944826096367],[-73.64200351469007,-37.60951626774274],[-73.64185726740057,-37.609727772527194],[-73.64171563643905,-37.60989963768498],[-73.64162316235378,-37.610007561853045],[-73.64157187106794,-37.610094133679304],[-73.64148702254374,-37.61015384478674],[-73.64140427454169,-37.61024729526898],[-73.64134416412057,-37.610306030214296],[-73.64129482957897,-37.61036715955157],[-73.6411835701799,-37.61057164786271],[-73.64113630483729,-37.61072288343539],[-73.64107525334116,-37.61088029803814],[-73.64096273454406,-37.61112147370971],[-73.64089157322562,-37.61134410945902],[-73.64083940417804,-37.611416624307594],[-73.64076407269167,-37.61151541692815],[-73.64064650778782,-37.61161869261709],[-73.64059206255217,-37.611654658384815],[-73.64046105954958,-37.61176973639363],[-73.64035587911738,-37.61184434042687],[-73.64028852206458,-37.611900543408076],[-73.64023194335783,-37.61195913999856],[-73.64014971793596,-37.612061022574174],[-73.6400666164876,-37.61214884757779],[-73.64000720270984,-37.612218828845336],[-73.63995167356877,-37.61229429410864],[-73.63981724450753,-37.612525058555306],[-73.63977529270237,-37.61264790032058],[-73.63974940480479,-37.612801111265014],[-73.6397038864954,-37.61298046113975],[-73.63965521690979,-37.61310920451728],[-73.63961323222323,-37.61328841392777],[-73.63956190392865,-37.613431354270226],[-73.63951267532836,-37.613608031319075],[-73.63945690332423,-37.61379342130545],[-73.63941530087106,-37.61392188644023],[-73.63938395203706,-37.61404431042753],[-73.63932233646483,-37.61424965856778],[-73.63924469116445,-37.61436827061878],[-73.63919640428496,-37.614446267795124],[-73.63917355624808,-37.61453453737077],[-73.63913832192483,-37.61465147721428],[-73.63909423527758,-37.61479695052164],[-73.63902642561655,-37.61501663404383],[-73.63898926534888,-37.615102648402846],[-73.63896484209202,-37.61516561514519],[-73.63887676706933,-37.615287454879265],[-73.63878960139697,-37.61536698436511],[-73.63877595565812,-37.61543234393502],[-73.63875415772137,-37.61553748132829],[-73.63869502342257,-37.615725822536746],[-73.63866188839644,-37.61587649983509],[-73.638635472009,-37.61602127642948]]]}},{"type":"Feature","properties":{"zona_code":"ZE","zona":"Zona area verde y equipamiento","comuna":"Lebu"},"geometry":{"type":"Polygon","coordinates":[[[-73.63923625907286,-37.59399898852104],[-73.63940297245176,-37.59423057124278],[-73.6395990894951,-37.59447931521344],[-73.63938383732336,-37.59460616550448],[-73.63923625907286,-37.59399898852104]]]}},{"type":"Feature","properties":{"zona_code":"ZR1","zona":"Zona restriccion por riesgo de inundacion","comuna":"Lebu"},"geometry":{"type":"Polygon","coordinates":[[[-73.53435796892016,-37.668863242982496],[-73.53445584870336,-37.66918922954555],[-73.53460361350079,-37.66969367541191],[-73.53476370770052,-37.67022582955175],[-73.53452836124455,-37.67029126513086],[-73.53443836466471,-37.670094623491764],[-73.53433597982658,-37.66981108643305],[-73.53423175620476,-37.66938106089195],[-73.53411863667591,-37.66897956326729],[-73.53435796892016,-37.668863242982496]]]}},{"type":"Feature","properties":{"zona_code":"ZR1","zona":"Zona restriccion por riesgo de inundacion","comuna":"Lebu"},"geometry":{"type":"Polygon","coordinates":[[[-73.53500080650215,-37.67053799675698],[-73.53508167241367,-37.67070116871612],[-73.5352654862395,-37.67104075415419],[-73.5355111106628,-37.671521698911356],[-73.53565584513416,-37.67185997102949],[-73.53585722487762,-37.672080503839055],[-73.53610499974731,-37.67236407264966],[-73.53576286953115,-37.67221942581214],[-73.5355980218398,-37.6721327698084],[-73.53551385139109,-37.67203173095183],[-73.5354807494767,-37.67195408954125],[-73.53544655520108,-37.67180039301323],[-73.53540968049433,-37.67166089235592],[-73.53535003767544,-37.67149690271662],[-73.53528960209388,-37.67137803855824],[-73.53502789824324,-37.670982266836724],[-73.53478810983178,-37.67059692319539],[-73.53500080650215,-37.67053799675698]]]}},{"type":"Feature","properties":{"zona_code":"ZR1","zona":"Zona restriccion por riesgo de inundacion","comuna":"Lebu"},"geometry":{"type":"Polygon","coordinates":[[[-73.62088745362625,-37.64487314976024],[-73.62078980801326,-37.64472760986605],[-73.62068277673535,-37.64460216678052],[-73.62055806813316,-37.64447741724372],[-73.62050494741615,-37.64436394883662],[-73.62060756905183,-37.644475474360135],[-73.6207483404232,-37.64463059545629],[-73.62085484775919,-37.64474760360923],[-73.62096227380387,-37.6448223011177],[-73.6211456961285,-37.6449221988986],[-73.62128175664971,-37.64500140826843],[-73.62137010678715,-37.64505430675138],[-73.62147949798464,-37.64510356116377],[-73.62158731791202,-37.64512751177136],[-73.62170116178767,-37.64513431556613],[-73.62176973884874,-37.645154169886524],[-73.6218360012623,-37.645193844156566],[-73.62187537482608,-37.6452571205341],[-73.62192871715716,-37.645317029795216],[-73.62199886600773,-37.64536218768946],[-73.62212646023575,-37.645419181634416],[-73.62231521036722,-37.64549068471167],[-73.62242883749046,-37.645551044598704],[-73.62266805132265,-37.64575021030129],[-73.6229159529611,-37.645918031377406],[-73.62293550901366,-37.646004632726246],[-73.62290469151806,-37.64607912043173],[-73.62283851555564,-37.64615499605438],[-73.6227628225027,-37.64619178927426],[-73.6227010982171,-37.64622521525162],[-73.62260349110814,-37.64625159508271],[-73.62249335580888,-37.64624746448342],[-73.62236095825644,-37.64622729780693],[-73.62225544994351,-37.6461835287673],[-73.62213916016886,-37.64613736427378],[-73.62197219062513,-37.64601709399058],[-73.62186899753584,-37.645953505526435],[-73.62178116907297,-37.64590904135475],[-73.62168024556355,-37.645882001712586],[-73.62154396270644,-37.64585635041481],[-73.62141278804826,-37.645855863746355],[-73.62131430854411,-37.64586818500553],[-73.62115021929588,-37.64590844671803],[-73.62100625266783,-37.645987375728424],[-73.62087057873883,-37.6460857077827],[-73.6207299735297,-37.64616168621405],[-73.62055684643708,-37.64622766660677],[-73.62039877913747,-37.64625078148896],[-73.62028545776919,-37.64625241038071],[-73.620189989167,-37.64625615781429],[-73.62004397156579,-37.64624497807693],[-73.61994675855864,-37.646220610290854],[-73.61984653286318,-37.64620481527261],[-73.61975163412167,-37.64616062737953],[-73.61966699416173,-37.646110400135775],[-73.61960693008417,-37.646056390277764],[-73.61955821751705,-37.64595684011553],[-73.61956607812093,-37.64585507065675],[-73.61958808335275,-37.64575274661223],[-73.61958319760222,-37.64567402414949],[-73.61955186102568,-37.645511788906546],[-73.61953213437772,-37.645422375744175],[-73.61948800462767,-37.64533955641785],[-73.61938080009887,-37.645211299962654],[-73.61929105524486,-37.64513590761976],[-73.61918328233187,-37.645055585978426],[-73.61902317022071,-37.6449885906278],[-73.61883581938518,-37.64493957474849],[-73.618765102506,-37.64494234907931],[-73.61889029850589,-37.644903617189804],[-73.61911449565315,-37.64486099976918],[-73.61922056915341,-37.6448568374696],[-73.61933105141628,-37.644866593733866],[-73.61945266432465,-37.644884368150166],[-73.61954332825259,-37.64491744894438],[-73.61968117826011,-37.64496840711756],[-73.61980204816928,-37.64503130394665],[-73.6199619864504,-37.64509548602858],[-73.62008569368119,-37.645146998383154],[-73.6202902020054,-37.645186883856915],[-73.62047650749744,-37.64521902861778],[-73.62055429462369,-37.645215975436955],[-73.62067311559352,-37.645188764735224],[-73.62078329419279,-37.645136528029845],[-73.62086680198377,-37.64505433546383],[-73.620893562498,-37.644971553267176],[-73.62088745362625,-37.64487314976024]]]}},{"type":"Feature","properties":{"zona_code":"ZR1","zona":"Zona restriccion por riesgo de inundacion","comuna":"Lebu"},"geometry":{"type":"Polygon","coordinates":[[[-73.62058091636297,-37.643760656817875],[-73.62051172761674,-37.64384510493116],[-73.62043210459117,-37.64393278101388],[-73.6203574143478,-37.64404280964016],[-73.62033170167142,-37.64414246147751],[-73.62033091227183,-37.64424395412504],[-73.62035504855025,-37.64434728580954],[-73.62039245475033,-37.64443600526321],[-73.6204362356542,-37.64451320072121],[-73.62050795387572,-37.64458366319153],[-73.62059237287892,-37.64468744747059],[-73.62068368965936,-37.644788142557246],[-73.62074990612331,-37.644884186396915],[-73.62076081830558,-37.64494576129296],[-73.62073938407596,-37.64500015150866],[-73.62068966302965,-37.645055652088104],[-73.62062758943125,-37.64508345343616],[-73.62056870308749,-37.64510549410722],[-73.62048419318414,-37.64511444774747],[-73.62037318633038,-37.64509625767756],[-73.62027296203713,-37.64508046304682],[-73.62016798064315,-37.6450451261626],[-73.6200196969735,-37.64499739743801],[-73.61987106418238,-37.644944044978395],[-73.61976538568031,-37.644897461553185],[-73.61964875018894,-37.64484567201319],[-73.61956109904048,-37.64480401755748],[-73.61945646655667,-37.64477430269068],[-73.61934192606695,-37.64475625055209],[-73.61926697637665,-37.64474791876895],[-73.61914641042303,-37.644747013010225],[-73.61902741501869,-37.6447714108525],[-73.61884547240483,-37.64480955144356],[-73.61870897252611,-37.64483745365318],[-73.61858997571396,-37.64486185103475],[-73.61845260372158,-37.644875696325336],[-73.61828903680694,-37.64492438802862],[-73.6181054773248,-37.64499359358287],[-73.6180282141551,-37.64500508003262],[-73.61788782662178,-37.64502749742961],[-73.61772587758848,-37.64504512315282],[-73.61764808944999,-37.64504817445609],[-73.6175347687828,-37.64504980162776],[-73.6173784953435,-37.64504465773352],[-73.61716709141815,-37.64500785617429],[-73.61701614595513,-37.644974319141525],[-73.6168360422545,-37.644927833836256],[-73.61674572754382,-37.644900373626534],[-73.61664550437733,-37.64488457593291],[-73.61655710971318,-37.64488804198871],[-73.61592511077036,-37.644470342083864],[-73.61626188243409,-37.644471228056176],[-73.61663065193169,-37.644473677128275],[-73.61691102505196,-37.64447959135236],[-73.61714560849073,-37.64449011979484],[-73.61726477856715,-37.64446853518106],[-73.61777821248793,-37.64440330151292],[-73.6181157294313,-37.644359059458004],[-73.61843626338113,-37.644326755920794],[-73.61894969543964,-37.64426151801251],[-73.61922426343514,-37.644231015649204],[-73.62058091636297,-37.643760656817875]]]}},{"type":"Feature","properties":{"zona_code":"ZR1","zona":"Zona restriccion por riesgo de inundacion","comuna":"Lebu"},"geometry":{"type":"Polygon","coordinates":[[[-73.63767526447631,-37.617101888753794],[-73.63724161850178,-37.6169371842111],[-73.63688156552995,-37.61678789940266],[-73.63642556147275,-37.6166339364295],[-73.63645572655928,-37.616435464696714],[-73.63652466609348,-37.61611991281828],[-73.63659703422917,-37.615688674827226],[-73.63665820305008,-37.61536215543815],[-73.63673893361747,-37.61483758147956],[-73.63682655810393,-37.61430991814976],[-73.63692478342658,-37.6137818373006],[-73.63700708638976,-37.613282566675316],[-73.63705390553363,-37.61301016186962],[-73.63710464530347,-37.6126868716751],[-73.63715303889138,-37.61243976960021],[-73.63715097420682,-37.61234966333755],[-73.63717697320091,-37.61231200156642],[-73.63717364857753,-37.6122585837303],[-73.63721445008446,-37.61200332562399],[-73.63726956130617,-37.6117503219393],[-73.63735389031365,-37.61139752570795],[-73.63740441829722,-37.61112779253935],[-73.6374781091559,-37.610831782197685],[-73.63753234432092,-37.610564720798266],[-73.63759294794595,-37.6102861360712],[-73.63765603548023,-37.60999054300147],[-73.63772500128348,-37.60961862309245],[-73.63776275538463,-37.609428306667525],[-73.63779379104317,-37.60924389177983],[-73.63786569518493,-37.60897613464372],[-73.63791744425157,-37.60872608214615],[-73.63797503684674,-37.608456070526344],[-73.63802272655678,-37.60819772254211],[-73.63808385209597,-37.607927571363156],[-73.63815260499814,-37.60760920832945],[-73.63821089586745,-37.607350442709716],[-73.63827607960562,-37.6070885876782],[-73.6383289107834,-37.60679903506924],[-73.63838877592163,-37.60656557212786],[-73.638457561342,-37.60619084014557],[-73.63855465175742,-37.60575862717252],[-73.63861311492421,-37.60550267254769],[-73.63863494703425,-37.605341167220224],[-73.63868609797157,-37.60519541661546],[-73.63909681096116,-37.60533424563723],[-73.63940506073915,-37.605448927955045],[-73.63947652543182,-37.60545879457339],[-73.63955346825566,-37.60561359055402],[-73.63969041875214,-37.60587875656542],[-73.63981341078913,-37.60614729004034],[-73.63988433755176,-37.606319232794085],[-73.63994168775208,-37.60644379889544],[-73.63996761726726,-37.60651887286976],[-73.63999599646226,-37.606633307146076],[-73.63999799647644,-37.60683614904039],[-73.64000198929556,-37.606957180837824],[-73.639964449568,-37.607093940829145],[-73.63991595884009,-37.60722549493497],[-73.6398170831106,-37.60740130983398],[-73.63978699532461,-37.607487046502406],[-73.63973902784386,-37.60762703536942],[-73.63971600742569,-37.60771249297538],[-73.63969561181369,-37.60784012220453],[-73.63968018381016,-37.60793373563004],[-73.63966227192356,-37.608044356498176],[-73.63965317895571,-37.6081828142674],[-73.6396480026231,-37.60827038649472],[-73.63965371189857,-37.608475901047285],[-73.63966561311605,-37.60866707994591],[-73.63969203481122,-37.60880695568349],[-73.63973028340445,-37.60896609481966],[-73.63976447333077,-37.60911693859579],[-73.63982602640785,-37.60930897915958],[-73.63987061087526,-37.60951296168469],[-73.640078228759,-37.61011636189342],[-73.6400757119427,-37.61018973799365],[-73.64006301948793,-37.61044107077502],[-73.6400543094699,-37.61052878342066],[-73.64000053212453,-37.610632362862546],[-73.6399614164457,-37.610743819061454],[-73.63987412476823,-37.61104882229156],[-73.63985677157768,-37.6111115093607],[-73.6398041856691,-37.61129113747262],[-73.63978326403952,-37.61141033266464],[-73.63971517445783,-37.61151165778091],[-73.63968385942958,-37.611577713282095],[-73.63960835202855,-37.61167369381758],[-73.63948105683103,-37.61179144342216],[-73.63935887005752,-37.61193435616055],[-73.63925827217157,-37.61202568850653],[-73.63906008472762,-37.612199779467055],[-73.63876448058943,-37.61245943982888],[-73.63858679468807,-37.61262144864132],[-73.63841565119984,-37.612774744256306],[-73.63824821860423,-37.612930712388795],[-73.63814548310927,-37.61304467464915],[-73.63805226633474,-37.61319771910297],[-73.63802024897268,-37.61325252881419],[-73.63797759481683,-37.61336412368439],[-73.63794547443958,-37.61358803914542],[-73.6378863051006,-37.61383274768164],[-73.6378333292554,-37.614063119759955],[-73.63775876308505,-37.61434507354547],[-73.63769675843481,-37.61460116667117],[-73.63766684037603,-37.614689713917585],[-73.63755783976855,-37.61493074822846],[-73.63747977139153,-37.61515647262874],[-73.63751203661135,-37.615276391462004],[-73.63754286683468,-37.615430185575015],[-73.63757523757246,-37.61566565193696],[-73.63763882353567,-37.61600416824481],[-73.63767326119478,-37.616329739890915],[-73.63769632363953,-37.61647256756532],[-73.63772407654835,-37.61674767214664],[-73.63770805150925,-37.616945588263725],[-73.63767526447631,-37.617101888753794]]]}},{"type":"Feature","properties":{"zona_code":"ZR1","zona":"Zona restriccion por riesgo de inundacion","comuna":"Lebu"},"geometry":{"type":"Polygon","coordinates":[[[-73.64195448502815,-37.60156201162899],[-73.64192667625788,-37.60168429619279],[-73.64185786449957,-37.60183074456922],[-73.64177386810945,-37.601960880598604],[-73.64170505578271,-37.60210732886843],[-73.64166542005714,-37.60221035103057],[-73.64161161738019,-37.60237029932805],[-73.6415880746092,-37.60244732256474],[-73.64157436728956,-37.60262541923778],[-73.64157094473079,-37.602741105812285],[-73.64157315521494,-37.60289039136642],[-73.6415923339755,-37.60302773464478],[-73.64163040750228,-37.603184061097096],[-73.64165315274326,-37.603264896959246],[-73.64173153083273,-37.60338581436952],[-73.64184623118379,-37.603634943975365],[-73.641963766332,-37.60387268860688],[-73.64208728762239,-37.604149654748426],[-73.64214694765846,-37.604254400112566],[-73.642195306331,-37.60434831714294],[-73.64224632256172,-37.604428037942],[-73.64227172741343,-37.604494675687135],[-73.64230965982478,-37.604591823679094],[-73.64235007545992,-37.60467196233016],[-73.6423447271898,-37.60475672346741],[-73.64231289221871,-37.604814345877294],[-73.64224165857485,-37.60486506533651],[-73.64217822632024,-37.604870384849534],[-73.64205226703649,-37.604838711632844],[-73.6420134273137,-37.60478387567996],[-73.64199474011323,-37.60471133516718],[-73.64196881025069,-37.60463626160155],[-73.6419455379396,-37.604546991826176],[-73.64192065858357,-37.60448878798142],[-73.64187741054997,-37.60442003406859],[-73.64180907530229,-37.60434663186269],[-73.64174336612857,-37.604315402149005],[-73.64162853511453,-37.604291744631375],[-73.64150786157882,-37.60428804629966],[-73.64138928980695,-37.60431808462345],[-73.64128236905343,-37.60436457385695],[-73.64114294395264,-37.60440107106105],[-73.64091234067573,-37.60445243464738],[-73.64070577308223,-37.60449157744463],[-73.64056900639144,-37.604513876900235],[-73.64037163960856,-37.60453010989013],[-73.64018063961389,-37.60453481728152],[-73.64000996784051,-37.60452463239059],[-73.6398569653685,-37.604513750542765],[-73.63972887477888,-37.60450470589381],[-73.63955008490336,-37.60447792962896],[-73.63948171863578,-37.60446089481383],[-73.6392762681927,-37.60440416746516],[-73.63909359558122,-37.60437190648018],[-73.63886956722332,-37.60435818528764],[-73.63892554533727,-37.604119238760866],[-73.63895444347807,-37.60395745432037],[-73.63902494074468,-37.6036672055005],[-73.6390725908158,-37.60346522546781],[-73.63912062595821,-37.603212500275106],[-73.6391886715133,-37.60288289094308],[-73.63925101529391,-37.602632420760074],[-73.63930933471715,-37.602317286463865],[-73.63936072749539,-37.602061610268386],[-73.63941337835386,-37.60176924639333],[-73.63946581905469,-37.601530438951045],[-73.63952039456805,-37.6012690004699],[-73.63957126085371,-37.6010048901357],[-73.6396394443694,-37.60073446130755],[-73.63966284851891,-37.600598258430786],[-73.63966536625956,-37.60052488223785],[-73.6396963620827,-37.6003968351765],[-73.63974520024966,-37.600270903605384],[-73.63979970557547,-37.60012220145637],[-73.6398877967149,-37.59994399344927],[-73.64001416424277,-37.59986855580828],[-73.64036653734107,-37.59972502723544],[-73.64045659358976,-37.59980602962875],[-73.64052828034781,-37.599876481674485],[-73.64066333078698,-37.60005435243753],[-73.64081265874368,-37.6002908458052],[-73.64099007965898,-37.60052341386725],[-73.64115798465718,-37.60071689867914],[-73.6412752283959,-37.60083628564239],[-73.64140838891575,-37.60092686138059],[-73.6415122318327,-37.60100168205843],[-73.64163230945188,-37.60110968290385],[-73.64171830895908,-37.601182389072605],[-73.64180305024902,-37.60129178195815],[-73.64191179517579,-37.60144532293772],[-73.64195448502815,-37.60156201162899]]]}},{"type":"Feature","properties":{"zona_code":"ZR1","zona":"Zona restriccion por riesgo de inundacion","comuna":"Lebu"},"geometry":{"type":"Polygon","coordinates":[[[-73.64671442375989,-37.602456530649555],[-73.64684516587404,-37.602280862373334],[-73.64701312845449,-37.60204876668041],[-73.64709755389867,-37.601925655492714],[-73.64716315792698,-37.601813152007004],[-73.64726149602382,-37.601600713280064],[-73.6473511760691,-37.60139143606625],[-73.64739506570407,-37.60124315030452],[-73.64743019179943,-37.60095429317383],[-73.64745629477234,-37.60069115715526],[-73.64747509846843,-37.60053822428012],[-73.64751851910324,-37.600268768615116],[-73.64756103404402,-37.60004162335261],[-73.64757840725778,-37.59992256783113],[-73.64760483125174,-37.59972142229807],[-73.64762100625893,-37.59952631868586],[-73.64766389983563,-37.5992484280411],[-73.6477540672642,-37.59876293323348],[-73.64780826130043,-37.59849587116581],[-73.64788508581532,-37.5981940948291],[-73.64825346773415,-37.598137280090484],[-73.64870948355625,-37.59806573126991],[-73.64912891081906,-37.59803226391277],[-73.64949162692068,-37.597998215440434],[-73.64995751252697,-37.59797136681265],[-73.65045960856061,-37.59795717625042],[-73.65093343806595,-37.597944100657735],[-73.65134632128033,-37.597919339039386],[-73.65176008106684,-37.59790863255095],[-73.65208903941534,-37.597901274964],[-73.65254131589303,-37.59788340783177],[-73.65291603220521,-37.59787142226953],[-73.65335893510873,-37.59787365005662],[-73.65388027521277,-37.59788405066451],[-73.65429225595526,-37.597901589285634],[-73.65470210649958,-37.597941756948515],[-73.65516989665178,-37.59800218020411],[-73.65551208776976,-37.5980365646092],[-73.65552455218777,-37.598236173288505],[-73.65550852982231,-37.598546823193004],[-73.65549922204376,-37.59885157134293],[-73.65548352906,-37.599224211910766],[-73.65492324323189,-37.599384457669196],[-73.65447091424264,-37.599515069888874],[-73.65402935861576,-37.59964807268397],[-73.65379364515215,-37.59973066454193],[-73.65328986355375,-37.599945037562044],[-73.65287850159972,-37.60010784456184],[-73.652288307038,-37.60035662927491],[-73.65181190873437,-37.600555821824095],[-73.65133816348082,-37.600740816833245],[-73.65106670547497,-37.60093191244515],[-73.65083589535065,-37.60109321777546],[-73.65056002361102,-37.60127039452858],[-73.65032921133799,-37.601431699718326],[-73.64988419900449,-37.601736742531536],[-73.64957366168589,-37.60198292655767],[-73.64897185484341,-37.60244352873635],[-73.64869101169971,-37.60265471721405],[-73.64843101677279,-37.60285944634321],[-73.64832356368309,-37.60292569121817],[-73.64809816553944,-37.60283312736405],[-73.64785051389036,-37.60272453196855],[-73.64753324191845,-37.60263559370706],[-73.6472809781463,-37.60256663600406],[-73.64710114051655,-37.60252300242692],[-73.64671442375989,-37.602456530649555]]]}},{"type":"Feature","properties":{"zona_code":"ZB3","zona":"Zona equipamiento 3","comuna":"Lebu"},"geometry":{"type":"Polygon","coordinates":[[[-73.53411863667591,-37.66897956326729],[-73.53423175620476,-37.66938106089195],[-73.53433597982658,-37.66981108643305],[-73.53443836466471,-37.670094623491764],[-73.53452836124455,-37.67029126513086],[-73.53392832400041,-37.67045248483523],[-73.53337358454483,-37.67060068187648],[-73.53266365504976,-37.67079149305288],[-73.53214484966483,-37.670016670056725],[-73.53411863667591,-37.66897956326729]]]}},{"type":"Feature","properties":{"zona_code":"ZB3","zona":"Zona equipamiento 3","comuna":"Lebu"},"geometry":{"type":"Polygon","coordinates":[[[-73.53478810983178,-37.67059692319539],[-73.53502789824324,-37.670982266836724],[-73.53528960209388,-37.67137803855824],[-73.53337979945779,-37.671865923431625],[-73.53287261841893,-37.67110756742244],[-73.53478810983178,-37.67059692319539]]]}},{"type":"Feature","properties":{"zona_code":"ZB3","zona":"Zona equipamiento 3","comuna":"Lebu"},"geometry":{"type":"Polygon","coordinates":[[[-73.63480078229762,-37.58724470080229],[-73.63496768804214,-37.587536878364986],[-73.6351556180303,-37.587825409781544],[-73.63541665669229,-37.58815052049426],[-73.63571673657246,-37.588476912051185],[-73.63609342131335,-37.58889611137989],[-73.63619632975458,-37.58901325034768],[-73.63660988749722,-37.58951272908017],[-73.63631761487595,-37.589653878915925],[-73.63610236922479,-37.58978072255724],[-73.63595215626523,-37.589871186274564],[-73.63570581145744,-37.59001052747355],[-73.63543224879153,-37.590167848654914],[-73.63515833574114,-37.59031954741573],[-73.63485013733833,-37.59048950375726],[-73.63457002952059,-37.590655536532296],[-73.63423797101055,-37.5908405226248],[-73.63421688850694,-37.59067225086371],[-73.6342002528374,-37.590461528584285],[-73.63422422769872,-37.590277391978724],[-73.63424907700073,-37.59010731293682],[-73.63433525117641,-37.58989818239526],[-73.63441270801516,-37.58977676328101],[-73.63449404668242,-37.58966082829342],[-73.63456653446931,-37.589573425624],[-73.63460918352928,-37.58946183143508],[-73.63464581531682,-37.589367383993164],[-73.63467450654171,-37.58925915772892],[-73.63468430937458,-37.5891319454368],[-73.63468085411284,-37.589019347343296],[-73.63465284153881,-37.588910534448054],[-73.6346338569816,-37.588775999617226],[-73.63462669377492,-37.588660728661885],[-73.6346607810824,-37.588411371897834],[-73.63470381837192,-37.58824903246811],[-73.63473936422695,-37.58819408483483],[-73.63476568570948,-37.58793376054357],[-73.63478280637585,-37.58769634506641],[-73.63480503391163,-37.587484093105736],[-73.63480078229762,-37.58724470080229]]]}},{"type":"Feature","properties":{"zona_code":"ZP3","zona":"Zona de proteccion - Proteccion por riesgo de incendios forestales","comuna":"Lebu"},"geometry":{"type":"Polygon","coordinates":[[[-73.53287261841893,-37.67110756742244],[-73.53337979945779,-37.671865923431625],[-73.53528960209388,-37.67137803855824],[-73.53535003767544,-37.67149690271662],[-73.53540968049433,-37.67166089235592],[-73.53544655520108,-37.67180039301323],[-73.5354807494767,-37.67195408954125],[-73.53551385139109,-37.67203173095183],[-73.5355980218398,-37.6721327698084],[-73.53576286953115,-37.67221942581214],[-73.53610499974731,-37.67236407264966],[-73.53618003802556,-37.672431641904595],[-73.53659532307704,-37.67261292697599],[-73.53673420897442,-37.67268085290527],[-73.53687605288418,-37.672681022210234],[-73.53733524527186,-37.672652047151864],[-73.53850798469847,-37.67257864674723],[-73.54003412746094,-37.67248596681954],[-73.54162998445601,-37.672373666055734],[-73.541485805953,-37.672683620740294],[-73.54134616098038,-37.672835567345565],[-73.54099371345272,-37.67310282512387],[-73.54037886979745,-37.673137819010364],[-73.539086192956,-37.67322150102029],[-73.5376796223786,-37.67329828491215],[-73.53660660756843,-37.67337910718238],[-73.53620855596284,-37.67324789043808],[-73.5358317321804,-37.67311585441935],[-73.53542626536557,-37.672979283196824],[-73.53522974956067,-37.67289666577644],[-73.53493907358427,-37.67266547993514],[-73.53477690662321,-37.672564627824585],[-73.53463163253241,-37.67250821859897],[-73.53445167051635,-37.67246442029664],[-73.53423941863588,-37.67247259827368],[-73.53402077751304,-37.67249229391448],[-73.53370582879394,-37.67256079472136],[-73.53339087838776,-37.672629294659906],[-73.5331651615702,-37.6726492621119],[-73.53288546284973,-37.67259802905288],[-73.53271930787736,-37.67254805949489],[-73.53257129320791,-37.672446658556915],[-73.53246812958439,-37.67238298828027],[-73.53227663725119,-37.672266350765206],[-73.53204440810593,-37.67217946579578],[-73.53183010058613,-37.672153896634846],[-73.5315683233456,-37.6721639758244],[-73.53124162160206,-37.67227238039161],[-73.53063705412374,-37.672476034807374],[-73.52996173292415,-37.67268240822527],[-73.52957739736878,-37.67277611643069],[-73.52911660403345,-37.672895313696436],[-73.52881497569786,-37.672134665540135],[-73.53287261841893,-37.67110756742244]]]}},{"type":"Feature","properties":{"zona_code":"ZP3","zona":"Zona de proteccion - Proteccion por riesgo de incendios forestales","comuna":"Lebu"},"geometry":{"type":"Polygon","coordinates":[[[-73.54121372645064,-37.67310561018048],[-73.54148031162259,-37.67288394107938],[-73.54165519377881,-37.67261226075003],[-73.54180143230889,-37.672336047671635],[-73.54183927889507,-37.67214293370766],[-73.54192843434349,-37.67174491238114],[-73.54208280864505,-37.67136974045611],[-73.54220668604975,-37.67113384784976],[-73.54238012178898,-37.67107078609285],[-73.54296949685005,-37.67102549080658],[-73.54345360727064,-37.670998348950356],[-73.54382658132084,-37.67100931725392],[-73.54398085274549,-37.67098081345748],[-73.54411183867906,-37.670919388029816],[-73.54427544823515,-37.67081160749827],[-73.54466078201612,-37.670734724295514],[-73.5451126379446,-37.67064399696302],[-73.54529771310143,-37.67059739190517],[-73.5455227302647,-37.67056615460981],[-73.54566147546134,-37.67051570142689],[-73.54581550162818,-37.67042519948047],[-73.54593899358876,-37.67029923723183],[-73.546075703276,-37.670099485296674],[-73.5460960949987,-37.669969049467824],[-73.54606026158575,-37.669730867084674],[-73.54606598804762,-37.669592542806456],[-73.54612855722772,-37.66951402890871],[-73.54625988152623,-37.66945822461133],[-73.546364969687,-37.66943725517026],[-73.54651707436754,-37.66943137914444],[-73.54671197114114,-37.669429487552485],[-73.54682516541668,-37.66942511528363],[-73.54694776881169,-37.669400649742144],[-73.54707037099656,-37.669376184057434],[-73.54733559673659,-37.66930675087851],[-73.54754034377166,-37.66923401621589],[-73.54775061744613,-37.66913570190579],[-73.54787012469411,-37.66906062358338],[-73.54808934015107,-37.6695143752778],[-73.54816195203993,-37.66965812815729],[-73.54778498116666,-37.66981361539854],[-73.54764675451388,-37.66987250704354],[-73.54746418876243,-37.669902108287324],[-73.5472546982575,-37.6699552962699],[-73.54716125393799,-37.66999272738413],[-73.5470589150266,-37.670058686578656],[-73.54700455311587,-37.6700974264564],[-73.54696018765047,-37.670183693399636],[-73.54691279991594,-37.6702785319808],[-73.54687214413686,-37.67036747359268],[-73.54680542291283,-37.67049406253635],[-73.54674052132702,-37.67059239662755],[-73.54667846759543,-37.670679346732065],[-73.54655446159845,-37.670796873872774],[-73.54647084021991,-37.67087902015461],[-73.54621213933434,-37.67105530027404],[-73.5460572539514,-37.67113174318982],[-73.54591462603332,-37.67117671070843],[-73.54569771335561,-37.67122454636395],[-73.54549728391892,-37.6712520162311],[-73.545213330585,-37.67130525812505],[-73.54489486276282,-37.67137392491394],[-73.54467509828143,-37.671433142527384],[-73.54451330637191,-37.67151266880745],[-73.54436195523012,-37.671588973737215],[-73.54426764715407,-37.67161234382157],[-73.54405746239007,-37.671654279589944],[-73.54390250231543,-37.67167153618152],[-73.54362589497542,-37.671670940385596],[-73.54342494827479,-37.671689971682184],[-73.54322149421965,-37.67172600919133],[-73.54306859414477,-37.67177700648989],[-73.542938294119,-37.67184967799051],[-73.54282671131888,-37.67193853844964],[-73.5427616303315,-37.672034057908355],[-73.54271749974677,-37.67218231964893],[-73.54270771443625,-37.6723123460102],[-73.54268601101033,-37.672479470789476],[-73.54267337461863,-37.67262088004202],[-73.54263089319993,-37.672738075655616],[-73.5425652958996,-37.672825160869046],[-73.54247407750672,-37.6728991422067],[-73.54234308674748,-37.67296056569429],[-73.5421574886872,-37.67299873182987],[-73.54174885356593,-37.6730426855239],[-73.54133953225056,-37.67307539052713],[-73.54121372645064,-37.67310561018048]]]}},{"type":"Feature","properties":{"zona_code":"ZP3","zona":"Zona de proteccion - Proteccion por riesgo de incendios forestales","comuna":"Lebu"},"geometry":{"type":"Polygon","coordinates":[[[-73.63731828995549,-37.64273204547824],[-73.63689664978548,-37.642555449385156],[-73.63717408974685,-37.64211613324046],[-73.63728238903613,-37.64192021962551],[-73.63744180716014,-37.64197594241553],[-73.63758106392203,-37.642049370293705],[-73.63763581612864,-37.64213176405339],[-73.63764212239924,-37.64223297577469],[-73.63752108221435,-37.642451938779075],[-73.63731828995549,-37.64273204547824]]]}},{"type":"Feature","properties":{"zona_code":"ZP3","zona":"Zona de proteccion - Proteccion por riesgo de incendios forestales","comuna":"Lebu"},"geometry":{"type":"Polygon","coordinates":[[[-73.62144177830838,-37.64249805902814],[-73.62143366024992,-37.642481467160394],[-73.62179106973363,-37.642301153006564],[-73.62218898604799,-37.64208824481493],[-73.62250112827303,-37.64192097836338],[-73.62303007643112,-37.64164937309226],[-73.62335635651704,-37.641481550151845],[-73.6237314347113,-37.64130053583863],[-73.62382196414643,-37.64127443293574],[-73.62403344383092,-37.64119848610338],[-73.62433174195453,-37.6410937623767],[-73.62455164799648,-37.64109639710333],[-73.62485658123623,-37.64109851034797],[-73.6250340594735,-37.64110281081203],[-73.62538246874401,-37.64112012390956],[-73.62558487069495,-37.6411262632885],[-73.62575348948724,-37.641159094863674],[-73.62595746447003,-37.64119053639905],[-73.62622612808144,-37.64123634570084],[-73.62630971776117,-37.6412696994213],[-73.62655023092671,-37.64137580015251],[-73.62670239598161,-37.64142900507124],[-73.62695779176008,-37.6414894265965],[-73.62713898147487,-37.641496396131885],[-73.62743453282458,-37.6415185992956],[-73.62784637070051,-37.64158696066479],[-73.62816842017175,-37.64163630310294],[-73.62834005181448,-37.64166055792047],[-73.62851343118163,-37.64171292656902],[-73.628866913756,-37.64181176127942],[-73.62919176172319,-37.641906085643164],[-73.62947400833025,-37.641999265223674],[-73.62982430712233,-37.64210385981702],[-73.63014597120623,-37.64220394250971],[-73.63042149946159,-37.642303020897835],[-73.63058021496077,-37.642347508527116],[-73.63093255243395,-37.642313919611496],[-73.63126472534769,-37.64229803381204],[-73.6318016137551,-37.64226845558473],[-73.63228830315455,-37.642229576590694],[-73.63235817659465,-37.64215636831365],[-73.63242787589272,-37.64208034868747],[-73.63253982593757,-37.64199984827944],[-73.63267600041637,-37.64190993891584],[-73.63289580376392,-37.641797009319454],[-73.63318330778881,-37.64168987040549],[-73.63338609580921,-37.641645250751004],[-73.63365907036156,-37.64158941258476],[-73.63390162417399,-37.641557318078036],[-73.63408193903807,-37.64155022037976],[-73.63435081596826,-37.641542454260005],[-73.63457495710568,-37.64155617713144],[-73.6348720851405,-37.641603663510104],[-73.635012247775,-37.641634783509964],[-73.63517484953415,-37.64168474825999],[-73.63528777850102,-37.64173385059762],[-73.63539717223769,-37.64178309128475],[-73.63553537503313,-37.64183965364265],[-73.63566157207792,-37.64187414073791],[-73.63582207280294,-37.641890367042144],[-73.63596349559269,-37.64188479768905],[-73.63612172125984,-37.641864474730994],[-73.6362295726305,-37.6418320436028],[-73.63637456494274,-37.641769966947955],[-73.63651195925874,-37.64169973313064],[-73.63660339214074,-37.641631310345055],[-73.63690153873945,-37.64175202875117],[-73.636632428297,-37.642154378139324],[-73.63638437216333,-37.64252489643209],[-73.63611174654787,-37.64258636440043],[-73.63592187456628,-37.64261075205763],[-73.63568110318714,-37.6426145963774],[-73.63540819512681,-37.642557702549865],[-73.63511974387593,-37.64247887406597],[-73.63487869102893,-37.642364357503574],[-73.63461957693454,-37.64230128190009],[-73.63438307632167,-37.64225986300195],[-73.63413523411701,-37.64226398282381],[-73.63383894374947,-37.64228691941619],[-73.63348321301501,-37.64237983506012],[-73.63328234872026,-37.64245538201025],[-73.63308995278194,-37.64255314143198],[-73.6329958548102,-37.64263575815284],[-73.63291057904543,-37.64274621120144],[-73.63280758764773,-37.64291372881893],[-73.63198836916594,-37.6429628759679],[-73.63136784481989,-37.64301547485078],[-73.63079506996444,-37.64303800739534],[-73.6303520256241,-37.64309489160163],[-73.63008197336296,-37.64299841644187],[-73.62943846218504,-37.64279543839501],[-73.62901604954165,-37.64267113172484],[-73.62856714039482,-37.642519681719605],[-73.62808798445256,-37.6423947840989],[-73.62755152145755,-37.64231723158735],[-73.62715858154489,-37.64226785463247],[-73.62686708751286,-37.642253947389946],[-73.62671701742873,-37.642234480289595],[-73.62641089679504,-37.6421563234383],[-73.62620482244049,-37.64209114499741],[-73.62605230778121,-37.64203231589089],[-73.62590987494157,-37.6419646354113],[-73.6257803220507,-37.64193308835716],[-73.62554063901757,-37.64189741261496],[-73.62517048904282,-37.641872498441096],[-73.6247335105888,-37.641855846493506],[-73.6244966234512,-37.64186515248812],[-73.62430600625056,-37.641934644245225],[-73.62400521705331,-37.642056374767776],[-73.62365117453025,-37.64223374544055],[-73.62302532138956,-37.64254297992626],[-73.62250326406246,-37.642811495763446],[-73.62194213583432,-37.64307872542002],[-73.62185522849111,-37.64299194986372],[-73.62173370649109,-37.6428614399531],[-73.62163160946083,-37.64275835026666],[-73.6215141478387,-37.64263613607386],[-73.62144177830838,-37.64249805902814]]]}},{"type":"Feature","properties":{"zona_code":"ZBCD2","zona":"Zona equipamiento - Actividades productivas 2","comuna":"Lebu"},"geometry":{"type":"Polygon","coordinates":[[[-73.64016943509614,-37.64394275799715],[-73.63991076944228,-37.64434188516016],[-73.6395079207565,-37.64492988644038],[-73.63932464237534,-37.64517385043425],[-73.63901828267412,-37.64549030524292],[-73.6387609249354,-37.64574000639649],[-73.63852004972777,-37.64591296133067],[-73.6382728036237,-37.64609744167037],[-73.63785349667482,-37.64636479451834],[-73.63754491229227,-37.646531961564904],[-73.63715251773975,-37.64671933860553],[-73.63663972971683,-37.646908638601914],[-73.63593264247231,-37.64710840654262],[-73.63549770338398,-37.64718190152744],[-73.63480905879328,-37.64727947636446],[-73.63508428322227,-37.64674724617803],[-73.63519990755552,-37.646441130009904],[-73.63528034899225,-37.64613921758441],[-73.63535582041877,-37.64587132133021],[-73.63537597823758,-37.64556896460223],[-73.63538671423754,-37.645058421496834],[-73.63536521724237,-37.644940897481334],[-73.63533223858303,-37.64480973405759],[-73.63528938617439,-37.644633865609094],[-73.63558855387625,-37.644543170836556],[-73.6358383965521,-37.64445723682282],[-73.63617859028182,-37.644342378540934],[-73.63640812589966,-37.644214967778915],[-73.63663023913215,-37.64408221270776],[-73.63670759650266,-37.643901609911474],[-73.63677052781597,-37.64360320536586],[-73.63681287906593,-37.64342961813607],[-73.63684280619428,-37.643341070817605],[-73.63692030478443,-37.64321964748255],[-73.63708307447158,-37.64298776799454],[-73.63731828995549,-37.64273204547824],[-73.64016943509614,-37.64394275799715]]]}},{"type":"Feature","properties":{"zona_code":"ZBCD2","zona":"Zona equipamiento - Actividades productivas 2","comuna":"Lebu"},"geometry":{"type":"Polygon","coordinates":[[[-73.63523318387172,-37.64373138924848],[-73.63483144976264,-37.643882487737876],[-73.63450224772768,-37.64394617940222],[-73.63412746552041,-37.643960933756304],[-73.63331565855589,-37.644015435721265],[-73.63259507770793,-37.644055068582475],[-73.6325537712379,-37.64396087025001],[-73.63243503080932,-37.64387535565603],[-73.63220139790744,-37.643766178629974],[-73.63235956196816,-37.643573943822005],[-73.63251135481887,-37.64339323258298],[-73.63261714644875,-37.64327069899432],[-73.6327392520469,-37.64306860924683],[-73.63280758764773,-37.64291372881893],[-73.63291057904543,-37.64274621120144],[-73.6329958548102,-37.64263575815284],[-73.63308995278194,-37.64255314143198],[-73.63328234872026,-37.64245538201025],[-73.63348321301501,-37.64237983506012],[-73.63383894374947,-37.64228691941619],[-73.63413523411701,-37.64226398282381],[-73.63438307632167,-37.64225986300195],[-73.63461957693454,-37.64230128190009],[-73.63472347489764,-37.642376105496304],[-73.63487043167382,-37.6425732406313],[-73.63498238413469,-37.642777389840006],[-73.63507095334903,-37.643061374056],[-73.63504294956076,-37.643180847130004],[-73.63508951135148,-37.64335938855307],[-73.63512332995168,-37.643560977820876],[-73.63523318387172,-37.64373138924848]]]}},{"type":"Feature","properties":{"zona_code":"ZBCD2","zona":"Zona equipamiento - Actividades productivas 2","comuna":"Lebu"},"geometry":{"type":"Polygon","coordinates":[[[-73.61641811826865,-37.64493295005663],[-73.61637033584415,-37.64499119158354],[-73.61633440710854,-37.64504051160359],[-73.61632693850386,-37.645091536315334],[-73.61632891913247,-37.64515205326545],[-73.6163545808241,-37.64522291527239],[-73.61639119836317,-37.6452989844841],[-73.61643763960625,-37.645361985034235],[-73.61650376486791,-37.64545662595079],[-73.61660742910996,-37.64558502371388],[-73.6166471474527,-37.645653925305446],[-73.61667272234178,-37.6457233811324],[-73.616672848751,-37.64578256136385],[-73.6166338584902,-37.64589682582983],[-73.61658787501469,-37.64612691607953],[-73.61653442147733,-37.6464080309977],[-73.61646590506135,-37.64673201147162],[-73.61637485663005,-37.64714988125489],[-73.61627170681311,-37.6476584134934],[-73.61616345129254,-37.64814178062702],[-73.6152609064358,-37.64816307890418],[-73.6138313249161,-37.6482022092347],[-73.61379910593722,-37.64745378648064],[-73.61377336165518,-37.646581101412345],[-73.6137517291627,-37.645660343579],[-73.61372870369004,-37.6447170922955],[-73.61370258888455,-37.64406707287805],[-73.6136891751018,-37.643450375969564],[-73.61365608686711,-37.643088103612236],[-73.61405044504458,-37.64333193684851],[-73.61507128577522,-37.644019059422476],[-73.61578472482812,-37.64449275700001],[-73.61641811826865,-37.64493295005663]]]}},{"type":"Feature","properties":{"zona_code":"ZBCD2","zona":"Zona equipamiento - Actividades productivas 2","comuna":"Lebu"},"geometry":{"type":"Polygon","coordinates":[[[-73.66052116330674,-37.62325269050329],[-73.66062483684856,-37.622870930676065],[-73.66067230806583,-37.62249703363062],[-73.66066069846732,-37.62231148325917],[-73.66061803115777,-37.621969337196305],[-73.6606035908819,-37.62179517214368],[-73.66056481081516,-37.62145850852043],[-73.66057423289801,-37.62126930784152],[-73.66061002864107,-37.620935328560066],[-73.66065071592392,-37.62079280162589],[-73.66071544115958,-37.620638050332275],[-73.66083886055561,-37.62040206186632],[-73.66094140802288,-37.62022890287878],[-73.66114734904697,-37.620009376169556],[-73.66133241816323,-37.61985267878273],[-73.6616291796189,-37.61966901181324],[-73.66223365354435,-37.61930687849626],[-73.66293196434788,-37.61891566199493],[-73.66401644655258,-37.61829777019511],[-73.6649054408245,-37.617783437455785],[-73.66562404814835,-37.617377309890315],[-73.66649181430638,-37.6168638064008],[-73.66711496694923,-37.616517819523594],[-73.6673276769384,-37.616746126972686],[-73.66785628727804,-37.617266288387036],[-73.66822977123574,-37.61768550098884],[-73.66909302242624,-37.618570043678965],[-73.66828676092277,-37.61904730767839],[-73.66720088798293,-37.619699113297365],[-73.66636808699153,-37.62020559921539],[-73.66538469149542,-37.62079696124682],[-73.66397849557335,-37.621653076022724],[-73.66314424322148,-37.62213705140315],[-73.66246233066678,-37.622564259079724],[-73.66155982898523,-37.623090382842065],[-73.6609745788563,-37.62347711736285],[-73.66052116330674,-37.62325269050329]]]}},{"type":"Feature","properties":{"zona_code":"ZBCD2","zona":"Zona equipamiento - Actividades productivas 2","comuna":"Lebu"},"geometry":{"type":"Polygon","coordinates":[[[-73.63660988749722,-37.58951272908017],[-73.63687940378604,-37.58986004938633],[-73.6371794598765,-37.59024280435447],[-73.63749183040298,-37.59070962497462],[-73.637689993096,-37.591048479382785],[-73.63792908412684,-37.59147590844755],[-73.63819584708179,-37.59200652652531],[-73.63835319288121,-37.59237235296314],[-73.63846334719902,-37.59277667485794],[-73.63853211179185,-37.59298534278654],[-73.63782927312174,-37.59313139357499],[-73.63774228372793,-37.59297135470049],[-73.63765860694578,-37.59287882612522],[-73.63756184746303,-37.59280372244148],[-73.63748999488676,-37.59273045646314],[-73.637398516946,-37.592683327375056],[-73.63727170622913,-37.592637590984914],[-73.63715035201106,-37.592622640533854],[-73.63696540052489,-37.59261019373943],[-73.63683785423585,-37.59260957941604],[-73.63666280220657,-37.592585469386265],[-73.63646179457126,-37.59254265222201],[-73.63624189763158,-37.59248084983881],[-73.63589431791817,-37.5923592516535],[-73.63563559329317,-37.59224260938254],[-73.63544169161513,-37.592143143865925],[-73.63524639241557,-37.59202118558715],[-73.63502692339713,-37.5918522670949],[-73.63483589580912,-37.5916850471705],[-73.63467736681325,-37.59152782056327],[-73.63457711692058,-37.59139648516156],[-73.63443415904884,-37.591204825380174],[-73.63428504740172,-37.59097113300903],[-73.63423797101055,-37.5908405226248],[-73.63457002952059,-37.590655536532296],[-73.63485013733833,-37.59048950375726],[-73.63515833574114,-37.59031954741573],[-73.63543224879153,-37.590167848654914],[-73.63570581145744,-37.59001052747355],[-73.63595215626523,-37.589871186274564],[-73.63610236922479,-37.58978072255724],[-73.63631761487595,-37.589653878915925],[-73.63660988749722,-37.58951272908017]]]}},{"type":"Feature","properties":{"zona_code":"ZP2","zona":"Zona de proteccion 2 - Proteccion por interes y/o valor paisajistico","comuna":"Lebu"},"geometry":{"type":"Polygon","coordinates":[[[-73.66817989812462,-37.61434495512944],[-73.66854674127916,-37.614319137546644],[-73.668597208974,-37.61467224435556],[-73.66859397136773,-37.61495984077068],[-73.66852676805168,-37.61524433684533],[-73.66845073357575,-37.61550100061968],[-73.66833830080472,-37.61574219663452],[-73.6681968894757,-37.61597326934596],[-73.66797276938767,-37.61624143971385],[-73.66779850202441,-37.616400537393375],[-73.66758924510945,-37.616566659059785],[-73.6673276769384,-37.616746126972686],[-73.66711496694923,-37.616517819523594],[-73.66737759108247,-37.616355219853254],[-73.6675946218699,-37.616200063968485],[-73.66774096778745,-37.61604771018127],[-73.66789121106383,-37.61584447212765],[-73.66802625948142,-37.615624925702996],[-73.66813514820956,-37.6154402366846],[-73.66821118369624,-37.61518357313061],[-73.66823844494519,-37.61494011712753],[-73.66823848983732,-37.61471465002466],[-73.66817989812462,-37.61434495512944]]]}},{"type":"Feature","properties":{"zona_code":"ZP2","zona":"Zona de proteccion 2 - Proteccion por interes y/o valor paisajistico","comuna":"Lebu"},"geometry":{"type":"Polygon","coordinates":[[[-73.66014531822994,-37.62307873967421],[-73.65818679545,-37.62213037242516],[-73.65803244101562,-37.62181518974094],[-73.65797139224085,-37.62151886230505],[-73.65795240679267,-37.62121523432773],[-73.65800727506678,-37.62095941416308],[-73.65808440337365,-37.62071962323372],[-73.6581862555672,-37.620535220678384],[-73.65829728444476,-37.62038427532541],[-73.6584033549847,-37.62026734564457],[-73.65851754817703,-37.620167004435054],[-73.6586349232081,-37.62006090042027],[-73.65883694925454,-37.61994862852861],[-73.6589997436972,-37.61983227279102],[-73.65925314904979,-37.619861701920655],[-73.65952334676852,-37.61987637348998],[-73.659676029826,-37.61988160422337],[-73.65983490197662,-37.619872498924515],[-73.66000349862607,-37.61984891566214],[-73.6602295420363,-37.61978078418335],[-73.66044445356296,-37.61970463873243],[-73.6607182182516,-37.619606434175296],[-73.66085713233137,-37.61956147854638],[-73.66098756926314,-37.61949431171162],[-73.6611137680144,-37.619416039669055],[-73.66119347588476,-37.61938751902993],[-73.66124418841456,-37.619405239628044],[-73.66127103952354,-37.61943799687969],[-73.66116887858415,-37.61950404374938],[-73.6610635332443,-37.61957585415903],[-73.66092142213421,-37.61968293987985],[-73.66076003695879,-37.61982178963966],[-73.66062073918346,-37.619973856705734],[-73.66050264576512,-37.62012508370368],[-73.66039037295737,-37.62031271827454],[-73.66027314250381,-37.62053436950512],[-73.66018258627066,-37.620785966784766],[-73.66014947728141,-37.62099301516505],[-73.66011738887376,-37.6213296654385],[-73.66014343618947,-37.621689380060076],[-73.66017887307916,-37.62197262814948],[-73.66021358979553,-37.62230099806128],[-73.66022090962939,-37.62264454360044],[-73.66014531822994,-37.62307873967421]]]}},{"type":"Feature","properties":{"zona_code":"ZP2","zona":"Zona de proteccion 2 - Proteccion por interes y/o valor paisajistico","comuna":"Lebu"},"geometry":{"type":"Polygon","coordinates":[[[-73.65913955628245,-37.61974500868057],[-73.65936792130941,-37.61960069169117],[-73.6595879850177,-37.6194369753152],[-73.65986531940358,-37.619225898507345],[-73.66010730818124,-37.61901622039044],[-73.66027152353806,-37.61886598616023],[-73.66038766314465,-37.61874020117495],[-73.6605552354283,-37.618587015086526],[-73.66070355239489,-37.61840922680458],[-73.66077515126184,-37.61830775088596],[-73.66088386939892,-37.618176623048136],[-73.6609330150551,-37.61811267405663],[-73.6610590687434,-37.61791885652048],[-73.66112730859732,-37.61782033181603],[-73.66120421621763,-37.61769046318525],[-73.66127440752496,-37.617566496517625],[-73.66134742915125,-37.61743114443372],[-73.66142910245992,-37.617320814602664],[-73.66154717251541,-37.6172259535864],[-73.66166612330525,-37.6171451498736],[-73.66185044925986,-37.61708994047088],[-73.66197221338956,-37.617054117261596],[-73.66212030051778,-37.61704261708311],[-73.66220900896072,-37.617044741449874],[-73.6622950621152,-37.61706106243635],[-73.66242069754705,-37.61708708921111],[-73.66255587934559,-37.617095827454875],[-73.6626680957931,-37.617077291907684],[-73.66277943206053,-37.61704469974181],[-73.66289254439857,-37.61698385426909],[-73.66298251372751,-37.616892922887864],[-73.66303024890945,-37.61680648254643],[-73.66304900663685,-37.61670991685305],[-73.66305610535728,-37.6165969030674],[-73.66304570835571,-37.61648739981742],[-73.66301199467696,-37.61634500129838],[-73.66295936415568,-37.61623998913695],[-73.66290743653602,-37.61614622214742],[-73.66285638916352,-37.61606651254981],[-73.66278784742572,-37.615990314347705],[-73.66270887854049,-37.61591734619803],[-73.66258714765824,-37.61584043594864],[-73.66246207419265,-37.61571010903445],[-73.66232727769011,-37.615594258161735],[-73.66223506839498,-37.6154795398379],[-73.66218120822404,-37.61535484823185],[-73.6621844226467,-37.615236351180585],[-73.66219185855104,-37.615185327182594],[-73.66221891641756,-37.61510816125518],[-73.6622837942078,-37.61501258724949],[-73.66236173682977,-37.61495595266677],[-73.66255896178015,-37.61488050394609],[-73.6626577423635,-37.6148737734327],[-73.66275051108242,-37.61488419196298],[-73.66288799040376,-37.61487311042397],[-73.66299914812383,-37.614837707582325],[-73.66309776803911,-37.6147717982477],[-73.66317961201679,-37.61466427925755],[-73.66327153032486,-37.61454790564701],[-73.66337227577134,-37.61445936633237],[-73.66348838890742,-37.614389946040326],[-73.66363242291266,-37.61431378300397],[-73.6638140855426,-37.6142727679769],[-73.66395103698578,-37.61425325218447],[-73.66420229754472,-37.61430530191418],[-73.66432898352231,-37.614348195284194],[-73.66448039461801,-37.614446475725806],[-73.66457879389452,-37.61454685533227],[-73.66463142561025,-37.61465186592023],[-73.66475135476814,-37.61486976259659],[-73.66493560372707,-37.61509638317904],[-73.66503859429365,-37.615213490850735],[-73.66517409753945,-37.61534058298763],[-73.66538700137326,-37.61545897165078],[-73.66553153695696,-37.615503974571546],[-73.6657283813392,-37.61553563138475],[-73.66586744654364,-37.61554984899329],[-73.6659413114632,-37.615541284686905],[-73.6660888682468,-37.61552134647221],[-73.66621062561147,-37.61548551966641],[-73.66635641953778,-37.61543746629545],[-73.66649903192929,-37.615395176560675],[-73.66667380281895,-37.615357248174256],[-73.66682807335769,-37.615331405766725],[-73.6670638058059,-37.615305152288926],[-73.66721418918866,-37.61527382619707],[-73.66737040795584,-37.615222541043416],[-73.66751815029131,-37.615149045090874],[-73.66764415847227,-37.615067955333785],[-73.66778767252936,-37.614926986959745],[-73.66777987659538,-37.61502875510604],[-73.66771586241339,-37.61525112137958],[-73.6676543378482,-37.61540011316544],[-73.66748676472896,-37.615666041559734],[-73.66727006419221,-37.61593955339232],[-73.66698481469062,-37.61613686892521],[-73.66590392471369,-37.61675464362872],[-73.66473605333708,-37.61745476845367],[-73.66357206011847,-37.61810399825516],[-73.66217650830355,-37.61890330286222],[-73.66153403890875,-37.6192810315462],[-73.66137337650102,-37.61937476032108],[-73.66132338361668,-37.619311917894976],[-73.66123980637482,-37.619278588190305],[-73.66114808845374,-37.61928503799855],[-73.66101288668756,-37.61933266515755],[-73.66081104169359,-37.61944775128617],[-73.66062811625284,-37.619525450235024],[-73.66026068220336,-37.619655545545235],[-73.66003764620741,-37.61971510307239],[-73.65988812840193,-37.61976047715479],[-73.65972572214811,-37.61976972353823],[-73.6595058859878,-37.61976715027945],[-73.65913955628245,-37.61974500868057]]]}},{"type":"Feature","properties":{"zona_code":"ZP2","zona":"Zona de proteccion 2 - Proteccion por interes y/o valor paisajistico","comuna":"Lebu"},"geometry":{"type":"Polygon","coordinates":[[[-73.63965198683572,-37.58495402560701],[-73.63964801868755,-37.58466248169032],[-73.63960885186675,-37.583463407144485],[-73.63957580878875,-37.5823627335153],[-73.63957116227931,-37.58188943324318],[-73.63957277740211,-37.58128906034194],[-73.63957089434625,-37.580917112001664],[-73.6395424657073,-37.580346106379864],[-73.63953509005765,-37.57999973993989],[-73.63952512849706,-37.57955483281102],[-73.6395125810568,-37.5790113849725],[-73.63948439672467,-37.578615106758015],[-73.6394605122184,-37.57840185325513],[-73.63938212043729,-37.57560349773753],[-73.63936265707096,-37.574834853867124],[-73.63934640756119,-37.574288733876934],[-73.63933554943138,-37.573601482665964],[-73.6393117854574,-37.572934468871345],[-73.63929774483749,-37.57225298062354],[-73.639258115187,-37.571273753602036],[-73.63960888185028,-37.57150513556283],[-73.6397042161557,-37.57155774752993],[-73.63998654686125,-37.57165654312141],[-73.64016329673845,-37.57170876609208],[-73.64035858282817,-37.57177435034156],[-73.64045146985409,-37.571787601224074],[-73.64061559456684,-37.57197841997394],[-73.64085861757793,-37.57224222589953],[-73.6408781292966,-37.57266984676504],[-73.6408886883527,-37.57301045132962],[-73.64089802437756,-37.573331375649055],[-73.64100902956,-37.57346510103962],[-73.6411187750019,-37.5736355150465],[-73.64139800367104,-37.573911985205946],[-73.64165198294123,-37.57418099346747],[-73.64053635200091,-37.57468997851445],[-73.64047245259768,-37.5749151453207],[-73.6403920792933,-37.5752170572866],[-73.64031576247504,-37.57552726450944],[-73.64029638492082,-37.57572813066354],[-73.64028931649274,-37.576013063071976],[-73.6402798009793,-37.57625863410824],[-73.64026948285705,-37.576377411522515],[-73.6402879125512,-37.57655987805303],[-73.64031798908356,-37.57675879659097],[-73.64034789154998,-37.57695490289116],[-73.64037978701425,-37.57706919868273],[-73.64041644013484,-37.57720303604298],[-73.64045823474052,-37.57730566869548],[-73.64047127999997,-37.57734461135013],[-73.64049226561181,-37.57739733334445],[-73.64051325012002,-37.5774500553221],[-73.64054269885256,-37.57752499062268],[-73.64057833890143,-37.5775855901198],[-73.64060250626703,-37.5776325498465],[-73.64063779680515,-37.577687526663304],[-73.64066497161512,-37.57772591280249],[-73.64069214758479,-37.57776429894877],[-73.64075038156992,-37.577846555210186],[-73.64081074957636,-37.57790618031338],[-73.6408412826573,-37.5779416164111],[-73.64087870625704,-37.57797396201472],[-73.64091259753532,-37.57800644628787],[-73.64096502641853,-37.57805229291535],[-73.64101056488602,-37.57810122911383],[-73.64104057313072,-37.57812823026123],[-73.64106670052679,-37.57814974743766],[-73.6410968841993,-37.57817955990888],[-73.641135008438,-37.57822315167271],[-73.64116519216702,-37.578252964127216],[-73.64119184355339,-37.57828291526337],[-73.64122608474423,-37.57832102301317],[-73.64126791576219,-37.57836728737027],[-73.64129386791086,-37.57838599316111],[-73.64133853208712,-37.57842087167685],[-73.64138938748614,-37.57844141433781],[-73.64143335126788,-37.57846504748296],[-73.6414799750006,-37.57847448347907],[-73.64152502351679,-37.5784586165611],[-73.64157661170725,-37.57843403642457],[-73.6416135463834,-37.57840157888878],[-73.64164411449336,-37.578380645857024],[-73.64169234560009,-37.5783590175095],[-73.641726621468,-37.57834075618741],[-73.64176813746882,-37.57832502877972],[-73.64180241330304,-37.578306767434846],[-73.6418271410707,-37.57830579288998],[-73.6419120969068,-37.57830526352879],[-73.64196560880465,-37.57831160966016],[-73.64201558946066,-37.57831809539527],[-73.6420473819819,-37.57831684247566],[-73.64207900022562,-37.57831277732263],[-73.64212688144565,-37.57828552613339],[-73.64217158000811,-37.57826403540162],[-73.64223464098859,-37.57825309458372],[-73.64228797858023,-37.578256629245104],[-73.64234166591568,-37.57826578654259],[-73.64239217062539,-37.57828070610204],[-73.64242130565574,-37.57829365026505],[-73.64246068809796,-37.57830055287727],[-73.64250042143014,-37.57831307814935],[-73.64253767050246,-37.57834261190605],[-73.64257387148538,-37.57835527678432],[-73.64263885444313,-37.57837526216238],[-73.64267488114417,-37.57838511568692],[-73.64272080433314,-37.578383305862815],[-73.64279817030594,-37.57837461933867],[-73.64283667782409,-37.57836746517184],[-73.64288490974072,-37.578345835441866],[-73.64291565180608,-37.578327713396284],[-73.64295415928987,-37.578320559190374],[-73.64298259489688,-37.57832225609635],[-73.64301491264476,-37.578329437812116],[-73.64304653083283,-37.57832537330006],[-73.64308115616015,-37.57831273423674],[-73.64311508073466,-37.578288850733244],[-73.6431525388164,-37.57826482668258],[-73.6432041274737,-37.578240246734836],[-73.64323487055225,-37.57822212461645],[-73.64327726014017,-37.57822045331074],[-73.64331258610298,-37.57821906131044],[-73.64334084620951,-37.578217946793636],[-73.64336592373634,-37.57822259548514],[-73.64338799419573,-37.57823581692063],[-73.64342842614994,-37.578259588088045],[-73.64345808665882,-37.57828096599274],[-73.6434872207661,-37.578293908982076],[-73.64352394720241,-37.57831500756577],[-73.64354902364198,-37.578319656206126],[-73.6435702190363,-37.578318820055195],[-73.64359141441393,-37.57831798480155],[-73.64361579233938,-37.57831138722326],[-73.64364352715816,-37.57830183864076],[-73.64368822529579,-37.57828034822735],[-73.64371207788925,-37.57826531573392],[-73.64373610596078,-37.57825309457098],[-73.64378538594508,-37.57824833332847],[-73.64381735389594,-37.57824989216744],[-73.64383959880502,-37.57826592484259],[-73.64386236905233,-37.57829039240801],[-73.64388954688295,-37.57832877785037],[-73.64389766119791,-37.57834536738262],[-73.64391689910344,-37.578369974609096],[-73.64394285193387,-37.5783886798303],[-73.64396845491643,-37.578401762388424],[-73.6440046550514,-37.578414426819904],[-73.64404067971594,-37.578424279004174],[-73.64408023787722,-37.578433993316345],[-73.64410514004152,-37.578435829616595],[-73.64411573831975,-37.57843541149844],[-73.64414399848579,-37.5784342976918],[-73.64419999346492,-37.5784236342637],[-73.64425228165122,-37.57841030006948],[-73.6442764840611,-37.578400890118054],[-73.64431110921056,-37.57838825159175],[-73.64435244921124,-37.578369711929845],[-73.64439466448997,-37.57836522890189],[-73.64441620977064,-37.57837001615716],[-73.6444601756513,-37.578393647304644],[-73.64447888835794,-37.5784098195503],[-73.64448081335475,-37.578440745070154],[-73.64448466446785,-37.57850259702349],[-73.64448907102647,-37.5785165148712],[-73.6444978863965,-37.5785443514932],[-73.64450705169101,-37.57857780987004],[-73.644527339568,-37.57861928497094],[-73.64453633163012,-37.57864993203678],[-73.64453895531429,-37.5786921037561],[-73.64454476376125,-37.57872851315459],[-73.64458131404734,-37.578746800971025],[-73.64466413768089,-37.578768899955044],[-73.64474891857608,-37.578765556325656],[-73.64485363762759,-37.57879806592841],[-73.64488043421966,-37.57888719657031],[-73.64473606133484,-37.57901407803054],[-73.64471839816402,-37.57901477469215],[-73.64466436005424,-37.57899999580494],[-73.64459601569406,-37.57898296251031],[-73.64454956786626,-37.57897633907991],[-73.64451529238293,-37.57899460032669],[-73.64449567191075,-37.57902073950453],[-73.64446545420921,-37.57904729593947],[-73.64447356985852,-37.579063885447155],[-73.64450022285637,-37.57909383676466],[-73.64451239634228,-37.57911872147314],[-73.64452191159383,-37.579157803404385],[-73.64453849168453,-37.57919660685706],[-73.64453705979437,-37.57923048429792],[-73.64452027191487,-37.57924523667417],[-73.64448952870923,-37.57926335912224],[-73.64447379161552,-37.579294981274714],[-73.64447641640807,-37.57933715300368],[-73.64445025639846,-37.579372004634656],[-73.64439709224548,-37.57937128315642],[-73.6443651249147,-37.57936972537933],[-73.64433987142483,-37.57936226555775],[-73.644284607992,-37.57932780628995],[-73.6442401162534,-37.57929574017888],[-73.64420622293225,-37.57926325682875],[-73.64416984798163,-37.57924778113045],[-73.64409867083833,-37.579242132537566],[-73.6440479581158,-37.57928077042696],[-73.64399441150933,-37.57933079326691],[-73.6439804246128,-37.5793905304475],[-73.6439634283694,-37.579458840361916],[-73.64393954271134,-37.5795302409501],[-73.64389376268144,-37.57959123153604],[-73.64383245116473,-37.579630287418745],[-73.6437785543098,-37.57967468749357],[-73.64373703795187,-37.57969041559869],[-73.6437352558523,-37.5797186694619],[-73.64372815806469,-37.57977531683951],[-73.64371787767287,-37.57983772563596],[-73.64369577377147,-37.579880872301736],[-73.64366555543488,-37.57990742851576],[-73.64360620117994,-37.57992104174629],[-73.643547929417,-37.579895155774786],[-73.64348612525549,-37.579869408531486],[-73.64340137621741,-37.57981638318543],[-73.64333215746854,-37.5797852916147],[-73.64323943428973,-37.579774855036746],[-73.64313272347627,-37.57982415544748],[-73.64308694149435,-37.57988514478702],[-73.6430837254545,-37.57994727512663],[-73.64310471359757,-37.57999999668388],[-73.64318327275696,-37.5800673590887],[-73.64330359425281,-37.580151393170105],[-73.64337720544478,-37.58022458669051],[-73.64340030934602,-37.58028286192295],[-73.64341306253363,-37.58037395488395],[-73.64337815650205,-37.58041056058825],[-73.64333991004418,-37.580421932349765],[-73.64328959465857,-37.580381640473625],[-73.64325480957092,-37.58036328332225],[-73.64318823112554,-37.58034617937958],[-73.64308463108893,-37.580360128187586],[-73.6428952698871,-37.58039013958331],[-73.64277302784511,-37.580417504852136],[-73.64267180626986,-37.58044122267968],[-73.64259671212726,-37.580486458161026],[-73.6425398066381,-37.58053943126063],[-73.6425005646226,-37.58059170801161],[-73.64248954971958,-37.58069923937548],[-73.64245674685904,-37.58091190873315],[-73.64243293412575,-37.58115522526008],[-73.64239712352718,-37.581376468194954],[-73.6423563461012,-37.5816317262943],[-73.64227016929847,-37.58189722979407],[-73.64219535721462,-37.582060824567904],[-73.64208345343472,-37.582368206818614],[-73.64198555614117,-37.58258766897939],[-73.64193353078561,-37.582747547465885],[-73.64177788578966,-37.58309188268366],[-73.64170791731895,-37.583276423805756],[-73.6415402896487,-37.583570501910046],[-73.6413077087776,-37.58393055167009],[-73.64114889242063,-37.584110138109466],[-73.64104478055417,-37.58422979308094],[-73.64096279165439,-37.584278116994426],[-73.64089704982156,-37.584331438126675],[-73.64083756981799,-37.58440001263384],[-73.6407933745594,-37.584458121633055],[-73.64071385139646,-37.58451762179933],[-73.64063696803319,-37.58444878274472],[-73.6405439256018,-37.58451868026031],[-73.64040217578804,-37.58465954552146],[-73.64021372885911,-37.58490371178013],[-73.63985309752574,-37.58494187517843],[-73.63965198683572,-37.58495402560701]]]}},{"type":"Feature","properties":{"zona_code":"ZR2","zona":"Zona restriccion por riesgo de remocion","comuna":"Lebu"},"geometry":{"type":"Polygon","coordinates":[[[-73.66503005769545,-37.60760718070306],[-73.66531116422867,-37.607627045381136],[-73.6656588706029,-37.60769218163315],[-73.6661560400945,-37.607824670713306],[-73.66649631610768,-37.607940828906344],[-73.66681591754106,-37.608066260208574],[-73.66710883414744,-37.60821811328378],[-73.66735934548349,-37.60837164709932],[-73.66769005563577,-37.60861782349075],[-73.66782749888193,-37.60871947139324],[-73.66797836124024,-37.608865679751595],[-73.66823945467604,-37.60913152430964],[-73.66841557323188,-37.609341552511296],[-73.66859452189023,-37.60954019487859],[-73.6687482051988,-37.60973138398475],[-73.66887910134498,-37.60989811085332],[-73.66897024552443,-37.610052322722666],[-73.66910537032498,-37.61028652233335],[-73.66919455442928,-37.61052254248015],[-73.66925157129685,-37.610810568151145],[-73.66925770425004,-37.61107806541536],[-73.66925237605771,-37.611219191935916],[-73.66922231039663,-37.61136130035074],[-73.66918517563816,-37.611503688635274],[-73.6691091586957,-37.61170398494606],[-73.6690303210098,-37.611859301300036],[-73.66886699868913,-37.61213633504212],[-73.66878355818773,-37.61233128925264],[-73.66872080417431,-37.61246060175115],[-73.66863843202427,-37.612616056387004],[-73.66857830846253,-37.612843905515824],[-73.66850316846369,-37.613058258719505],[-73.66844761253104,-37.61341556964552],[-73.66842740910496,-37.613715112268274],[-73.668458994789,-37.61393650655596],[-73.66854674127916,-37.614319137546644],[-73.66817989812462,-37.61434495512944],[-73.6680962394925,-37.61385788478205],[-73.66808108144495,-37.61367247675326],[-73.66810781420408,-37.613420586823416],[-73.66814390518901,-37.61320496483531],[-73.6681960813024,-37.61296333840646],[-73.66823003654342,-37.612826712576606],[-73.66828733071682,-37.612610249198774],[-73.6683619321037,-37.61244382858145],[-73.66850705895696,-37.612159061792866],[-73.66874745981225,-37.61169859859223],[-73.66887615836175,-37.611377844114116],[-73.66890199719676,-37.611168264631544],[-73.66891265489595,-37.61088600983872],[-73.66885917317855,-37.610597843642054],[-73.66875444510183,-37.610339892609936],[-73.66863009821235,-37.61010808456278],[-73.66835805718067,-37.60978067207078],[-73.66810138779766,-37.60947237752442],[-73.66775091375028,-37.609080433867845],[-73.6674779759793,-37.60885169566859],[-73.66703985432899,-37.60853086303562],[-73.66677079341827,-37.608363972778655],[-73.66653758652183,-37.60826048167508],[-73.66609148443368,-37.608094969717165],[-73.66568424215822,-37.60798428189847],[-73.66532169517266,-37.60790845982604],[-73.66503387270645,-37.60789449832178],[-73.66503005769545,-37.60760718070306]]]}},{"type":"Feature","properties":{"zona_code":"ZR2","zona":"Zona restriccion por riesgo de remocion","comuna":"Lebu"},"geometry":{"type":"Polygon","coordinates":[[[-73.66505595739896,-37.6082473226757],[-73.66522663768333,-37.60825746970262],[-73.66549236462934,-37.6083145823295],[-73.66586179882793,-37.608415495183095],[-73.66627416260341,-37.60855134384211],[-73.66649270571487,-37.60864696103507],[-73.66670647146374,-37.60877940541426],[-73.66708788705334,-37.60904330250928],[-73.66738326098357,-37.60929088043898],[-73.6676570689239,-37.60959004173304],[-73.66787116728663,-37.60984084028972],[-73.6681223667101,-37.6101183505036],[-73.66825502431041,-37.61031319195092],[-73.66833062168209,-37.6104454735574],[-73.66838501601548,-37.6105785964693],[-73.668444530284,-37.61073688068159],[-73.66847168842494,-37.61100072618566],[-73.6684566370483,-37.61115633026345],[-73.66842409246875,-37.61131544661522],[-73.66834824902863,-37.611518553696484],[-73.66824731355744,-37.61171701978727],[-73.66804844900474,-37.61210537652497],[-73.66791870003642,-37.61235289582943],[-73.6678692004846,-37.61246759082074],[-73.66782127437813,-37.612663954719125],[-73.6677390511782,-37.61293495443307],[-73.66769553943183,-37.61314523439916],[-73.66766739508886,-37.613374633815326],[-73.66763253535291,-37.61360993651732],[-73.6676316310232,-37.61370861357375],[-73.66764556742393,-37.61381797532715],[-73.66766425958868,-37.614003243049844],[-73.6676939179023,-37.61413734688851],[-73.66774424033693,-37.61431854283103],[-73.66775376302043,-37.61441398753272],[-73.6677740400805,-37.61462455780771],[-73.66778692045834,-37.614717051749594],[-73.66778689733283,-37.61482978528894],[-73.66778767252936,-37.614926986959745],[-73.66764415847227,-37.615067955333785],[-73.66751815029131,-37.615149045090874],[-73.66737040795584,-37.615222541043416],[-73.66721418918866,-37.61527382619707],[-73.6670638058059,-37.615305152288926],[-73.66682807335769,-37.615331405766725],[-73.66667380281895,-37.615357248174256],[-73.66649903192929,-37.615395176560675],[-73.66635641953778,-37.61543746629545],[-73.66621062561147,-37.61548551966641],[-73.6660888682468,-37.61552134647221],[-73.6659413114632,-37.615541284686905],[-73.66586744654364,-37.61554984899329],[-73.6657283813392,-37.61553563138475],[-73.66553153695696,-37.615503974571546],[-73.66538700137326,-37.61545897165078],[-73.66517409753945,-37.61534058298763],[-73.66503859429365,-37.615213490850735],[-73.66493560372707,-37.61509638317904],[-73.66475135476814,-37.61486976259659],[-73.66463142561025,-37.61465186592023],[-73.66457879389452,-37.61454685533227],[-73.66448039461801,-37.614446475725806],[-73.66432898352231,-37.614348195284194],[-73.66420229754472,-37.61430530191418],[-73.66395103698578,-37.61425325218447],[-73.6638140855426,-37.6142727679769],[-73.66363242291266,-37.61431378300397],[-73.66348838890742,-37.614389946040326],[-73.66337227577134,-37.61445936633237],[-73.66327153032486,-37.61454790564701],[-73.66317961201679,-37.61466427925755],[-73.66309776803911,-37.6147717982477],[-73.66299914812383,-37.614837707582325],[-73.66288799040376,-37.61487311042397],[-73.66275051108242,-37.61488419196298],[-73.6626577423635,-37.6148737734327],[-73.66255896178015,-37.61488050394609],[-73.66236173682977,-37.61495595266677],[-73.6622837942078,-37.61501258724949],[-73.66221891641756,-37.61510816125518],[-73.66219185855104,-37.615185327182594],[-73.6621844226467,-37.615236351180585],[-73.66218120822404,-37.61535484823185],[-73.66223506839498,-37.6154795398379],[-73.66232727769011,-37.615594258161735],[-73.66246207419265,-37.61571010903445],[-73.66258714765824,-37.61584043594864],[-73.66270887854049,-37.61591734619803],[-73.66278784742572,-37.615990314347705],[-73.66285638916352,-37.61606651254981],[-73.66290743653602,-37.61614622214742],[-73.66295936415568,-37.61623998913695],[-73.66301199467696,-37.61634500129838],[-73.66304570835571,-37.61648739981742],[-73.66305610535728,-37.6165969030674],[-73.66304900663685,-37.61670991685305],[-73.66303024890945,-37.61680648254643],[-73.66298251372751,-37.616892922887864],[-73.66289254439857,-37.61698385426909],[-73.66277943206053,-37.61704469974181],[-73.6626680957931,-37.617077291907684],[-73.66255587934559,-37.617095827454875],[-73.66242069754705,-37.61708708921111],[-73.6622950621152,-37.61706106243635],[-73.66220900896072,-37.617044741449874],[-73.66212030051778,-37.61704261708311],[-73.66197221338956,-37.617054117261596],[-73.66185044925986,-37.61708994047088],[-73.66166612330525,-37.6171451498736],[-73.66154717251541,-37.6172259535864],[-73.66142910245992,-37.617320814602664],[-73.66134742915125,-37.61743114443372],[-73.66127440752496,-37.617566496517625],[-73.66120421621763,-37.61769046318525],[-73.66112730859732,-37.61782033181603],[-73.6610590687434,-37.61791885652048],[-73.6609330150551,-37.61811267405663],[-73.66088386939892,-37.618176623048136],[-73.66077515126184,-37.61830775088596],[-73.66070355239489,-37.61840922680458],[-73.6605552354283,-37.618587015086526],[-73.66038766314465,-37.61874020117495],[-73.66027152353806,-37.61886598616023],[-73.66010730818124,-37.61901622039044],[-73.65986531940358,-37.619225898507345],[-73.6595879850177,-37.6194369753152],[-73.65936792130941,-37.61960069169117],[-73.65913955628245,-37.61974500868057],[-73.65895586375727,-37.61972550354281],[-73.65888464781689,-37.6197198658586],[-73.65880778769242,-37.61968063256954],[-73.658776699988,-37.61963676964215],[-73.65875763976743,-37.61955861075292],[-73.6587209068965,-37.619481150431604],[-73.65866562431327,-37.6193903330679],[-73.65853967158638,-37.61924594555421],[-73.65838649924345,-37.619119544469214],[-73.65822871944026,-37.6190327824715],[-73.6580725408855,-37.6189149540637],[-73.65799144458477,-37.618864614201335],[-73.65820213760904,-37.61872099971653],[-73.65829793580146,-37.61866647989673],[-73.65845645443993,-37.6186517529026],[-73.65858581948723,-37.61862408796185],[-73.658721549723,-37.61858489750577],[-73.65875135810205,-37.618211698811464],[-73.65875936082307,-37.61805637399906],[-73.65878659831478,-37.61798202027824],[-73.65892922077178,-37.61793973900002],[-73.65907449676322,-37.61788326001963],[-73.65920104691939,-37.617810612603414],[-73.65930076465699,-37.6176488402949],[-73.6593608836158,-37.617533729022064],[-73.65940528269533,-37.61739387366948],[-73.65941875209407,-37.61726933390608],[-73.65943487726693,-37.61713059842764],[-73.65939658047473,-37.61697146948457],[-73.65932876346965,-37.61685014658049],[-73.6591787940559,-37.61666161674705],[-73.65907457927545,-37.61652482408276],[-73.65889577515256,-37.616441712175224],[-73.65882510844312,-37.616388142256575],[-73.65863179700472,-37.616356333838816],[-73.65842151924667,-37.6163364706969],[-73.65830012395764,-37.61632154486459],[-73.65816336179296,-37.61628749912662],[-73.65811354971642,-37.6162274667084],[-73.65810243851595,-37.61616308410591],[-73.65810688860763,-37.61606426642928],[-73.65814189854983,-37.61600087884372],[-73.65819828939306,-37.615939463069985],[-73.65834321205395,-37.61587736321647],[-73.65847257229991,-37.61584969829563],[-73.65863709888497,-37.615817823864965],[-73.65869966022748,-37.61579843823821],[-73.6587859061657,-37.615761205981045],[-73.65891651423563,-37.61569685351195],[-73.65904589273093,-37.61561282087331],[-73.65916078107341,-37.615523724932125],[-73.65923185302306,-37.61541381689103],[-73.65925256659021,-37.61529180912119],[-73.6592352843408,-37.61518539623607],[-73.65919218808926,-37.6151194614503],[-73.65907294194616,-37.615025538838786],[-73.65898548419763,-37.6149867241986],[-73.65883794573041,-37.61495028733361],[-73.65876480179809,-37.61491372531713],[-73.65869483986297,-37.6148713996573],[-73.65861640334029,-37.614806863668655],[-73.65857348394127,-37.61474373997631],[-73.65854011259759,-37.614663329114194],[-73.65847106752577,-37.61452232568657],[-73.6583862858433,-37.614412946942785],[-73.65825926941338,-37.614308056643395],[-73.65814603856414,-37.61419698515047],[-73.65804198559765,-37.61411937000818],[-73.65794304922038,-37.61406691738139],[-73.65777096934316,-37.61397790114851],[-73.65767150518082,-37.61391701437054],[-73.6576306963132,-37.61388762693315],[-73.65749909376424,-37.61376600805922],[-73.65740230502831,-37.61363455650468],[-73.65734439323538,-37.61350156715576],[-73.65733240395629,-37.613423127933046],[-73.6573167257724,-37.613285650377165],[-73.6573254147869,-37.61319793880226],[-73.65727263843979,-37.61303374495768],[-73.65727302947138,-37.61292663251114],[-73.65734039154852,-37.61281405339616],[-73.65739908564304,-37.61273281875989],[-73.65746734632648,-37.61257792901951],[-73.65753736379091,-37.61245115319969],[-73.6576358299993,-37.61232607005123],[-73.6577782857411,-37.61222461152779],[-73.65792091714337,-37.61212596503482],[-73.65814375687734,-37.61206360153639],[-73.65821461331394,-37.61206361691285],[-73.65829870825841,-37.61210538253729],[-73.65837503330317,-37.61213618303551],[-73.65846691864733,-37.612132548323835],[-73.65857313384846,-37.61207479741652],[-73.65869206156508,-37.61205036455861],[-73.65876256695918,-37.612044756097426],[-73.65885620976259,-37.6120692341412],[-73.65893235777816,-37.612097222959974],[-73.65914276379415,-37.6122326323269],[-73.65929927923685,-37.612356082693026],[-73.65940456171069,-37.612453375865954],[-73.65948122032361,-37.61254616628283],[-73.6595271449284,-37.612600714722355],[-73.65968615947807,-37.61265078864164],[-73.65989465237661,-37.61269890433142],[-73.66006463957969,-37.61269781379111],[-73.66019717537793,-37.6126643850064],[-73.66038063033211,-37.61253875492478],[-73.66050964930906,-37.61244909878413],[-73.66076554206079,-37.61234878467876],[-73.66073758668443,-37.6124682600017],[-73.66072447181226,-37.61259842177573],[-73.66072514051463,-37.61272240125663],[-73.66073182244621,-37.61282923352655],[-73.66073073398425,-37.61292509997404],[-73.66081055905292,-37.61306849302848],[-73.66089003320208,-37.613206263428644],[-73.66095997764803,-37.61330495401935],[-73.66105077517476,-37.61339718285695],[-73.66112177596948,-37.61351274208998],[-73.6611079579205,-37.61363165867664],[-73.66099409515579,-37.61385035870971],[-73.66085035974369,-37.614101242470525],[-73.6608105706079,-37.61420145907694],[-73.66078456641118,-37.61429549339123],[-73.66077924031968,-37.61438025384262],[-73.66082850860934,-37.61448821837722],[-73.66090659440589,-37.61454713031427],[-73.6609636520171,-37.61460969350224],[-73.66097829847375,-37.61467393483159],[-73.6609869327299,-37.61475532428749],[-73.66099292995244,-37.61479454329952],[-73.66103532290123,-37.61484923222991],[-73.6610833769058,-37.61488114951069],[-73.66119704777475,-37.61471600526548],[-73.66132060083525,-37.614595563238964],[-73.6614121537033,-37.61452993565214],[-73.66162829674504,-37.61441710056277],[-73.66182641753427,-37.614299341536395],[-73.66195385423818,-37.61418438213229],[-73.66208093925322,-37.614063799079496],[-73.66218291672514,-37.61399493990874],[-73.66232269830323,-37.61396403970357],[-73.66243225604573,-37.613959701892746],[-73.66254712290167,-37.6139269696615],[-73.66267807593793,-37.613868236385514],[-73.66274135440986,-37.613803727521564],[-73.66276946638814,-37.613743429241104],[-73.66279494025568,-37.61364096142459],[-73.6627962023541,-37.61354790622498],[-73.66279250795299,-37.61348886797068],[-73.66286657899828,-37.61337038345222],[-73.66292843334413,-37.613339751203505],[-73.66297365709222,-37.61338305313991],[-73.66304485169859,-37.613445055408974],[-73.66312258570112,-37.61349834328982],[-73.66318690320446,-37.61350706913897],[-73.66326023980433,-37.613490073484506],[-73.6633171522223,-37.61343708902621],[-73.66347847360933,-37.61346733857335],[-73.66347049573207,-37.613566295945354],[-73.66350599695716,-37.613624073960665],[-73.66361042176719,-37.61365093982038],[-73.66373128510533,-37.61365742621554],[-73.66382141159951,-37.613625673434726],[-73.66395677750042,-37.61358085498605],[-73.66409001732374,-37.61355866703804],[-73.66417235660288,-37.613572315533695],[-73.66426635468602,-37.61360241194499],[-73.66435381369888,-37.61364122270052],[-73.66443668092074,-37.61366330491632],[-73.6645603743013,-37.61365840410178],[-73.66466268715374,-37.61365153251725],[-73.66473744516067,-37.61360066006171],[-73.66476432346701,-37.61352068216418],[-73.66476611205603,-37.61343606170986],[-73.66482992942616,-37.61332361838409],[-73.66493225491077,-37.61326038025828],[-73.66503739701092,-37.613242122861955],[-73.66515525371875,-37.61325718196176],[-73.66526815402374,-37.61330625620335],[-73.66534854408046,-37.61334534587069],[-73.66543406584046,-37.613353230608645],[-73.66551146374103,-37.6133445280586],[-73.66551448252854,-37.613279586665186],[-73.66548022590818,-37.613185121133654],[-73.66547123417567,-37.61309810928663],[-73.66546896002198,-37.61300519518543],[-73.66553701421041,-37.61290385726229],[-73.66554887480336,-37.612810382895034],[-73.66556020858994,-37.61270847373589],[-73.66555847486501,-37.61256762721561],[-73.6655254506723,-37.61249284079697],[-73.66546787664248,-37.61236547954916],[-73.66537813170447,-37.61229012183063],[-73.66533025378746,-37.61226101758718],[-73.66532569077053,-37.61213155564898],[-73.665549931015,-37.61209166933252],[-73.66569253738513,-37.61204938043587],[-73.66584380887363,-37.61197574706119],[-73.66588605455975,-37.61191488768106],[-73.66588059752597,-37.61182773645567],[-73.66577778648528,-37.61171344082224],[-73.66568962577306,-37.611663385945754],[-73.66560271107475,-37.611576643802856],[-73.66556103451074,-37.611476835351695],[-73.66552482840154,-37.61140781181524],[-73.66546847350403,-37.611356496882394],[-73.66542732626925,-37.61126512230128],[-73.6654232782869,-37.611200461471995],[-73.66543513868683,-37.61110698708741],[-73.66545582917935,-37.61104134606633],[-73.66564209993972,-37.610904322915864],[-73.66583649370494,-37.61078388666269],[-73.66592768632411,-37.61071263366851],[-73.66603266158509,-37.610635197673645],[-73.66610317738464,-37.61057321844798],[-73.66612898493472,-37.61053273958903],[-73.66612743972209,-37.610338337081075],[-73.66612554291157,-37.61013831106862],[-73.6661241751872,-37.609946719866194],[-73.66611345039186,-37.6097188605421],[-73.66597191804368,-37.60972165062552],[-73.66581802511595,-37.60969674753196],[-73.665653691246,-37.609731441830036],[-73.66552824551205,-37.60970822911217],[-73.66534361556141,-37.609645086765696],[-73.66525032617996,-37.60962623558991],[-73.66513688951339,-37.609625093825194],[-73.66502909923265,-37.60965754731098],[-73.66497290816572,-37.6096654097841],[-73.66489287486279,-37.609631942529],[-73.66476461301805,-37.60956374725845],[-73.66460579209654,-37.609460124309244],[-73.66446021427339,-37.609398251741425],[-73.66430720067595,-37.60938740319234],[-73.66414764722843,-37.60938526795091],[-73.66386741475272,-37.60937945780923],[-73.66375138405076,-37.60916704264479],[-73.6650813550605,-37.609134087962616],[-73.66505595739896,-37.6082473226757]]]}},{"type":"Feature","properties":{"zona_code":"ZR2","zona":"Zona restriccion por riesgo de remocion","comuna":"Lebu"},"geometry":{"type":"Polygon","coordinates":[[[-73.65818679545,-37.62213037242516],[-73.65673231580976,-37.62147909892343],[-73.65501061980076,-37.620690408968876],[-73.6540103822669,-37.62021983273953],[-73.65405992998156,-37.6200487745394],[-73.65405927042237,-37.61992479355475],[-73.65403652635665,-37.61978759474704],[-73.65402526384959,-37.619664032664986],[-73.65402640431006,-37.61945543169038],[-73.65397595568275,-37.619215048700276],[-73.65394796496543,-37.61893714096188],[-73.65393532029667,-37.618734720523776],[-73.65395321073383,-37.61862409818679],[-73.65392465051758,-37.61845049048196],[-73.65385543391152,-37.618306673217695],[-73.6537054974668,-37.61806176788941],[-73.65343458410698,-37.61763845228343],[-73.65320358220978,-37.61728683549561],[-73.65300913226336,-37.617009868068365],[-73.6528646453517,-37.61685211411348],[-73.65269752563309,-37.616729074983574],[-73.65256324562299,-37.61667801412806],[-73.65230228094042,-37.616584047921904],[-73.65202184282779,-37.61657539958293],[-73.65205442378061,-37.61641628589596],[-73.65209688195053,-37.61630187429236],[-73.6521782168973,-37.616185927570534],[-73.65230620018438,-37.61607941112383],[-73.65243912073473,-37.61599524600485],[-73.65255913317758,-37.61593131857628],[-73.65281522635615,-37.615833830846235],[-73.65288307862185,-37.61584242332313],[-73.65295431368588,-37.615791696666115],[-73.65299586961679,-37.615719596044855],[-73.65306005836301,-37.61561278123256],[-73.65314174169112,-37.61550245640273],[-73.65323563102973,-37.615360647456434],[-73.65340545048542,-37.61535675444278],[-73.6535263165087,-37.61536325134058],[-73.65362685506656,-37.61538464332031],[-73.65384435233844,-37.61546341521079],[-73.65397667684122,-37.6155399163019],[-73.65407611862362,-37.61565717408165],[-73.65418510986096,-37.61575714410307],[-73.65430593305835,-37.615876375143074],[-73.65442888559095,-37.61597297474488],[-73.65453629658055,-37.616047641774536],[-73.65467446179042,-37.61610418394579],[-73.65489903062972,-37.616182674026476],[-73.65501193050932,-37.616231758942305],[-73.65514302812623,-37.61628857871158],[-73.6553585769752,-37.616392790527314],[-73.65541563121862,-37.61645535631729],[-73.6554998850467,-37.6165563032142],[-73.65558661853784,-37.61664024221836],[-73.65566470342424,-37.61669915758083],[-73.65576770486047,-37.616759906084724],[-73.65587707087172,-37.61680913017366],[-73.65602408456913,-37.61683713685631],[-73.6561301136763,-37.61683294409893],[-73.65623579076444,-37.6168231286263],[-73.65634711071627,-37.61684690962999],[-73.65643792736749,-37.61688277490925],[-73.65659517362404,-37.61696110528984],[-73.65664746527544,-37.61700413047977],[-73.65670116175488,-37.61706964698505],[-73.65675433251837,-37.61712672956478],[-73.65681863294331,-37.617191825970764],[-73.6568756890224,-37.617254391081616],[-73.65690976260738,-37.617346048492664],[-73.65693586955635,-37.61748029555475],[-73.6569778908044,-37.61758572942769],[-73.65703211608938,-37.61765967971662],[-73.65707874491038,-37.61772547521314],[-73.65716831387086,-37.61779802785943],[-73.6573096486775,-37.61790517053553],[-73.65751440653297,-37.61806335256236],[-73.65756279431045,-37.618157261835144],[-73.65763186070664,-37.61824189780731],[-73.65766294717304,-37.61828576102243],[-73.65771733100476,-37.61841888936477],[-73.65773816690935,-37.618468795320354],[-73.6577569925982,-37.61871324507572],[-73.65780202287662,-37.61881010470971],[-73.6578571290526,-37.618898111163524],[-73.65793945551646,-37.61896813114586],[-73.65802797261817,-37.61902381444777],[-73.65815607029703,-37.61908920404631],[-73.65824847302653,-37.61915037063025],[-73.65837213928815,-37.61925821058724],[-73.65849227159407,-37.61936619048982],[-73.65854579640843,-37.61942889399837],[-73.65859596307479,-37.619494549765015],[-73.6586238684912,-37.61954417542576],[-73.65863462950904,-37.619602934459564],[-73.658649100968,-37.61966436472435],[-73.65867683037965,-37.61971117906625],[-73.65873318664339,-37.619762497204185],[-73.65879538118034,-37.619793856037774],[-73.65887153809727,-37.61982184502395],[-73.6589997436972,-37.61983227279102],[-73.65883694925454,-37.61994862852861],[-73.6586349232081,-37.62006090042027],[-73.65851754817703,-37.620167004435054],[-73.6584033549847,-37.62026734564457],[-73.65829728444476,-37.62038427532541],[-73.6581862555672,-37.620535220678384],[-73.65808440337365,-37.62071962323372],[-73.65800727506678,-37.62095941416308],[-73.65795240679267,-37.62121523432773],[-73.65797139224085,-37.62151886230505],[-73.65803244101562,-37.62181518974094],[-73.65818679545,-37.62213037242516]]]}},{"type":"Feature","properties":{"zona_code":"ZR2","zona":"Zona restriccion por riesgo de remocion","comuna":"Lebu"},"geometry":{"type":"Polygon","coordinates":[[[-73.6538791028165,-37.620160200321614],[-73.6507699656998,-37.61874142321715],[-73.65075625207118,-37.618578500772685],[-73.65071837168584,-37.61831225541757],[-73.6506787381203,-37.6180178960585],[-73.650647927855,-37.617751371004964],[-73.65063155819736,-37.61760264582173],[-73.65061580273338,-37.617463760670056],[-73.65059588579935,-37.61734335922615],[-73.65057595803574,-37.61725114081584],[-73.6505504767796,-37.61712673169941],[-73.6506460157389,-37.617068000738875],[-73.65078450548268,-37.61698784433961],[-73.65095710853534,-37.61688661284282],[-73.65111991040443,-37.61677026625274],[-73.65115156820224,-37.61670983113441],[-73.65208345843361,-37.616711063686964],[-73.65226458582117,-37.61671799887601],[-73.65244463657704,-37.61676443290741],[-73.65259587403305,-37.61683173312653],[-73.6527342049408,-37.61691927193091],[-73.65281898206877,-37.617028655500725],[-73.65300372921496,-37.617263731610706],[-73.6532845390564,-37.617675384079575],[-73.65357417837151,-37.618114870066094],[-73.65370027251184,-37.61831844277493],[-73.65378184849439,-37.618489955222536],[-73.65378957621495,-37.61861365636944],[-73.65379269364558,-37.61877699657594],[-73.65380182531031,-37.61892318906634],[-73.65382575455169,-37.61919280284073],[-73.65386522627367,-37.61948434913808],[-73.65387892520172,-37.6197036374073],[-73.65388489736257,-37.619799224562136],[-73.65392441276994,-37.61997803597035],[-73.6538791028165,-37.620160200321614]]]}},{"type":"Feature","properties":{"zona_code":"ZR2","zona":"Zona restriccion por riesgo de remocion","comuna":"Lebu"},"geometry":{"type":"Polygon","coordinates":[[[-73.65168783181355,-37.61204825937281],[-73.65167986277802,-37.612090848669645],[-73.65168477570836,-37.6121695680852],[-73.65171337605717,-37.612230441448524],[-73.65173756445107,-37.61227739811645],[-73.65178684128372,-37.612328999170856],[-73.65185238596148,-37.6123574112508],[-73.65192111298747,-37.61238006168657],[-73.65201741198304,-37.612390348706036],[-73.65213897527889,-37.61240809308164],[-73.65225204234706,-37.612459991826135],[-73.65242852519815,-37.61256293441761],[-73.65254547727778,-37.612620316510615],[-73.65267920008351,-37.61271931126243],[-73.65275231759271,-37.612812245806715],[-73.6528685223549,-37.612971117284594],[-73.65294076210834,-37.61304999425898],[-73.65301104750344,-37.6131543128888],[-73.65300676455998,-37.61325594248303],[-73.65298889528204,-37.61331019683487],[-73.65288107016424,-37.61339900779487],[-73.65278705263695,-37.613425269398164],[-73.65269092805272,-37.61341779429491],[-73.65260330089367,-37.613376163712175],[-73.6525248701595,-37.613311623776305],[-73.65229201581097,-37.61321372635477],[-73.65218300802303,-37.61317012167629],[-73.65205031389621,-37.61314436212821],[-73.65190065196829,-37.61313054707159],[-73.65165185837108,-37.61311782969072],[-73.65141083619346,-37.61311607732009],[-73.65121645838708,-37.61312375516683],[-73.65102932438623,-37.61313396520477],[-73.65089289720015,-37.61316190079594],[-73.65070112767543,-37.61326811716214],[-73.65059595505639,-37.61334272956313],[-73.65051073532426,-37.61345319156488],[-73.6504426593139,-37.613554522196495],[-73.65033480557067,-37.613699698629446],[-73.65023845553803,-37.61380214595767],[-73.65010676355683,-37.613905987826584],[-73.65003056498406,-37.61399072905921],[-73.64997627368483,-37.61408587838696],[-73.64995945544283,-37.61415700100872],[-73.6499629138499,-37.61432596477766],[-73.64997752627336,-37.61444657606298],[-73.64997090861073,-37.61462439231471],[-73.6499639661156,-37.6147402180887],[-73.64991972466804,-37.614882881828656],[-73.6498959880428,-37.6150134632277],[-73.649823823742,-37.61516286626249],[-73.64976669906194,-37.61526940051635],[-73.64969526194835,-37.615373681762236],[-73.64959748030843,-37.615510004936205],[-73.64948132575303,-37.615635779986434],[-73.6493711857671,-37.61574440743184],[-73.64925310072888,-37.61583925690611],[-73.6491620607477,-37.61591330962683],[-73.64904911383573,-37.615976954864855],[-73.6489172416997,-37.61607798486078],[-73.64880940660385,-37.61616679277561],[-73.64872330344313,-37.616263196755476],[-73.64862940443801,-37.61640500280252],[-73.64854540590878,-37.61653514419104],[-73.64849604840099,-37.61665264435191],[-73.64843836896287,-37.61680711176838],[-73.64837525141563,-37.61687442575809],[-73.64832451692858,-37.61691306662087],[-73.64826989677186,-37.616946224594706],[-73.64824054310819,-37.61698683994001],[-73.6481904842617,-37.617093094711876],[-73.64816940064776,-37.61720947931422],[-73.64816759414784,-37.61729410001298],[-73.64820907680925,-37.617391104638926],[-73.64829683016636,-37.617548285450354],[-73.6481620247592,-37.6174887856749],[-73.64790725312783,-37.617380472807206],[-73.64756009074989,-37.617210983810565],[-73.6472689248557,-37.61708719643295],[-73.64696981554353,-37.616949629446246],[-73.64666293638454,-37.61680109498544],[-73.64637548345355,-37.616679977053096],[-73.6460650724433,-37.616531579883066],[-73.64576579202881,-37.61639119859946],[-73.64551687030138,-37.616262921219395],[-73.64538647824972,-37.61621733521543],[-73.6453827975831,-37.61615829580485],[-73.6454994296799,-37.616153693567384],[-73.64575848548326,-37.61616038331067],[-73.64588890414863,-37.61614960019941],[-73.64601190320087,-37.61613347370537],[-73.64611033753489,-37.616121134500375],[-73.64622521668232,-37.61608841840257],[-73.6463259579475,-37.61605626011111],[-73.64639877598675,-37.61603083933912],[-73.64648397765443,-37.615976747432555],[-73.64653383537744,-37.61592404988522],[-73.64653739776325,-37.615867542378304],[-73.64652965514189,-37.61580020784354],[-73.64652226380744,-37.61573849594324],[-73.64650870834585,-37.615634752239686],[-73.64653329992494,-37.615574596926784],[-73.64656849501922,-37.6155140224723],[-73.64664610191322,-37.615451775020745],[-73.64680537412205,-37.615335574158685],[-73.64695474380254,-37.615231037498766],[-73.64707954990043,-37.6151302882809],[-73.64721373064093,-37.615009440518605],[-73.64727757787503,-37.61489700547826],[-73.6473616030991,-37.61471049713629],[-73.64741502095693,-37.61460129252041],[-73.64750272891658,-37.61447382346364],[-73.64765658924345,-37.6142141001081],[-73.64770328839344,-37.61411079655869],[-73.64775159352754,-37.61397642789151],[-73.64777568598663,-37.61385147051707],[-73.64782769941542,-37.613719773357715],[-73.64786893595566,-37.61358568413589],[-73.64793526197832,-37.61345624102005],[-73.64802808061586,-37.6133539353817],[-73.64810816503903,-37.61327467832277],[-73.6482080512512,-37.61317209390254],[-73.6482607393378,-37.61310801052903],[-73.64835425876961,-37.61301694986863],[-73.64850344701013,-37.61290960067228],[-73.64865067997367,-37.61282769288834],[-73.64882300094698,-37.61275043083474],[-73.64897464360595,-37.61268244030688],[-73.6491678186891,-37.61259871817981],[-73.64938202268213,-37.61251134740664],[-73.64954391596149,-37.612437314994175],[-73.64961266815692,-37.61240359799123],[-73.64975300557977,-37.61232477970653],[-73.64986258805045,-37.6122640856735],[-73.6499537985548,-37.61219284358459],[-73.65004270185423,-37.61214142132272],[-73.65018551996644,-37.612045593902735],[-73.65030307262327,-37.61194231027438],[-73.65035663464488,-37.6118922833579],[-73.6504156870525,-37.611816674048455],[-73.6504715546618,-37.61174682805102],[-73.65053323789503,-37.61171339016076],[-73.65070362525226,-37.61160519992734],[-73.65084431047805,-37.61153200380371],[-73.65095865316952,-37.611490848945934],[-73.65111204599583,-37.61145097049533],[-73.65119651233704,-37.611441996727486],[-73.65134246209013,-37.61145314207477],[-73.65145535132066,-37.61150223113757],[-73.65156628689094,-37.61157676177948],[-73.65163869861635,-37.61165845172052],[-73.6516681756117,-37.61173338164723],[-73.65167767742457,-37.61182882998818],[-73.65167780475203,-37.611944377115066],[-73.65168783181355,-37.61204825937281]]]}},{"type":"Feature","properties":{"zona_code":"ZB2","zona":"Zona equipamiento 2","comuna":"Lebu"},"geometry":{"type":"Polygon","coordinates":[[[-73.65997003498013,-37.609570397611385],[-73.6606271180348,-37.61084364009177],[-73.66015604424364,-37.61084537498012],[-73.65935242346488,-37.61085462938902],[-73.65920575379907,-37.61088861677424],[-73.6587210202486,-37.60999183915104],[-73.65997003498013,-37.609570397611385]]]}},{"type":"Feature","properties":{"zona_code":"ZA4C","zona":"Zona residencial mixta 4 - Condicionada por pendiente 1","comuna":"Lebu"},"geometry":{"type":"Polygon","coordinates":[[[-73.66611345039186,-37.6097188605421],[-73.6661241751872,-37.609946719866194],[-73.66612554291157,-37.61013831106862],[-73.66612743972209,-37.610338337081075],[-73.66612898493472,-37.61053273958903],[-73.66610317738464,-37.61057321844798],[-73.66603266158509,-37.610635197673645],[-73.66592768632411,-37.61071263366851],[-73.66583649370494,-37.61078388666269],[-73.66564209993972,-37.610904322915864],[-73.66545582917935,-37.61104134606633],[-73.66543513868683,-37.61110698708741],[-73.6654232782869,-37.611200461471995],[-73.66542732626925,-37.61126512230128],[-73.66546847350403,-37.611356496882394],[-73.66552482840154,-37.61140781181524],[-73.66556103451074,-37.611476835351695],[-73.66560271107475,-37.611576643802856],[-73.66568962577306,-37.611663385945754],[-73.66577778648528,-37.61171344082224],[-73.66588059752597,-37.61182773645567],[-73.66588605455975,-37.61191488768106],[-73.66584380887363,-37.61197574706119],[-73.66569253738513,-37.61204938043587],[-73.665549931015,-37.61209166933252],[-73.66532569077053,-37.61213155564898],[-73.66533025378746,-37.61226101758718],[-73.66537813170447,-37.61229012183063],[-73.66546787664248,-37.61236547954916],[-73.6655254506723,-37.61249284079697],[-73.66555847486501,-37.61256762721561],[-73.66556020858994,-37.61270847373589],[-73.66554887480336,-37.612810382895034],[-73.66553701421041,-37.61290385726229],[-73.66546896002198,-37.61300519518543],[-73.66547123417567,-37.61309810928663],[-73.66548022590818,-37.613185121133654],[-73.66551448252854,-37.613279586665186],[-73.66551146374103,-37.6133445280586],[-73.66543406584046,-37.613353230608645],[-73.66534854408046,-37.61334534587069],[-73.66526815402374,-37.61330625620335],[-73.66515525371875,-37.61325718196176],[-73.66503739701092,-37.613242122861955],[-73.66493225491077,-37.61326038025828],[-73.66482992942616,-37.61332361838409],[-73.66476611205603,-37.61343606170986],[-73.66476432346701,-37.61352068216418],[-73.66473744516067,-37.61360066006171],[-73.66466268715374,-37.61365153251725],[-73.6645603743013,-37.61365840410178],[-73.66443668092074,-37.61366330491632],[-73.66435381369888,-37.61364122270052],[-73.66426635468602,-37.61360241194499],[-73.66417235660288,-37.613572315533695],[-73.66409001732374,-37.61355866703804],[-73.66395677750042,-37.61358085498605],[-73.66382141159951,-37.613625673434726],[-73.66373128510533,-37.61365742621554],[-73.66361042176719,-37.61365093982038],[-73.66350599695716,-37.613624073960665],[-73.66347049573207,-37.613566295945354],[-73.66347847360933,-37.61346733857335],[-73.6633171522223,-37.61343708902621],[-73.66326023980433,-37.613490073484506],[-73.66318690320446,-37.61350706913897],[-73.66312258570112,-37.61349834328982],[-73.66304485169859,-37.613445055408974],[-73.66297365709222,-37.61338305313991],[-73.66292843334413,-37.613339751203505],[-73.66286657899828,-37.61337038345222],[-73.66279250795299,-37.61348886797068],[-73.66279725019874,-37.613592958069525],[-73.66279494025568,-37.61364096142459],[-73.66276946638814,-37.613743429241104],[-73.66274135440986,-37.613803727521564],[-73.66267807593793,-37.613868236385514],[-73.66254712290167,-37.6139269696615],[-73.66243225604573,-37.613959701892746],[-73.66232269830323,-37.61396403970357],[-73.66218291672514,-37.61399493990874],[-73.66208093925322,-37.614063799079496],[-73.66195385423818,-37.61418438213229],[-73.66182641753427,-37.614299341536395],[-73.66162829674504,-37.61441710056277],[-73.6614121537033,-37.61452993565214],[-73.66132060083525,-37.614595563238964],[-73.66119704777475,-37.61471600526548],[-73.6610833769058,-37.61488114951069],[-73.66103532290123,-37.61484923222991],[-73.66099292995244,-37.61479454329952],[-73.6609869327299,-37.61475532428749],[-73.66097829847375,-37.61467393483159],[-73.6609636520171,-37.61460969350224],[-73.66090659440589,-37.61454713031427],[-73.66082850860934,-37.61448821837722],[-73.66077924031968,-37.61438025384262],[-73.66078456641118,-37.61429549339123],[-73.6608105706079,-37.61420145907694],[-73.66085035974369,-37.614101242470525],[-73.66099409515579,-37.61385035870971],[-73.6611079579205,-37.61363165867664],[-73.66112177596948,-37.61351274208998],[-73.66105077517476,-37.61339718285695],[-73.66095997764803,-37.61330495401935],[-73.66089003320208,-37.613206263428644],[-73.66081055905292,-37.61306849302848],[-73.66073073398425,-37.61292509997404],[-73.66073182244621,-37.61282923352655],[-73.66072514051463,-37.61272240125663],[-73.66072447181226,-37.61259842177573],[-73.66073758668443,-37.6124682600017],[-73.66076554206079,-37.61234878467876],[-73.660986085328,-37.61227805013214],[-73.66114689285538,-37.61224350175514],[-73.66130610096764,-37.612240017665464],[-73.66145947110503,-37.61225649280838],[-73.66157078497214,-37.61228026878907],[-73.66165718490406,-37.612302213662275],[-73.66172821783846,-37.61230503824036],[-73.66183353549367,-37.61228959499348],[-73.6619128841015,-37.61225545198237],[-73.66196626251894,-37.61220260834475],[-73.66200056357442,-37.61212797425906],[-73.6620111818922,-37.6120711874584],[-73.66200766436711,-37.61201496048586],[-73.66196687236364,-37.61192920738399],[-73.66188599007947,-37.6117689463317],[-73.66176888884829,-37.61159602866116],[-73.66168605696919,-37.61146120939845],[-73.66160127383046,-37.611351833787296],[-73.66150907185948,-37.61123711404918],[-73.66141987550677,-37.61111382015178],[-73.66140876318929,-37.61104943868013],[-73.66140630103496,-37.61101007951401],[-73.66142593900635,-37.610927570527586],[-73.66146182457685,-37.61087823924573],[-73.66159224555996,-37.610811072245674],[-73.66170374902599,-37.61078129310054],[-73.66182001861482,-37.61077105371519],[-73.66192427907275,-37.61073874251805],[-73.66206317464128,-37.61069378686209],[-73.66221921310397,-37.61063969709275],[-73.66239522447371,-37.61056508772636],[-73.66260198414585,-37.61047235114805],[-73.66277816984584,-37.610400553389404],[-73.6631734743529,-37.61026371105112],[-73.66319242287102,-37.61011359022663],[-73.66321440735754,-37.609842159964714],[-73.66316234065255,-37.60963284739783],[-73.66314063987132,-37.60951251949906],[-73.66336257213091,-37.60949245655528],[-73.6634712430609,-37.609474061124665],[-73.66362497578862,-37.60943978967348],[-73.66372940991577,-37.609410288130704],[-73.66386741475272,-37.60937945780923],[-73.66414764722843,-37.60938526795091],[-73.66430720067595,-37.60938740319234],[-73.66446021427339,-37.609398251741425],[-73.66460579209654,-37.609460124309244],[-73.66476461301805,-37.60956374725845],[-73.66489287486279,-37.609631942529],[-73.66497290816572,-37.6096654097841],[-73.66502909923265,-37.60965754731098],[-73.66513688951339,-37.609625093825194],[-73.66525032617996,-37.60962623558991],[-73.66534361556141,-37.609645086765696],[-73.66552824551205,-37.60970822911217],[-73.665653691246,-37.609731441830036],[-73.66581802511595,-37.60969674753196],[-73.66597191804368,-37.60972165062552],[-73.66611345039186,-37.6097188605421]]]}},{"type":"Feature","properties":{"zona_code":"ZA5C","zona":"Zona residencial mixta 5 - Condicionada por pendiente 2","comuna":"Lebu"},"geometry":{"type":"Polygon","coordinates":[[[-73.66177252257631,-37.60825616977134],[-73.66160969737484,-37.6079751467034],[-73.6614560517604,-37.60772757966011],[-73.66129817092704,-37.607468907377836],[-73.66114753367977,-37.607212765869264],[-73.6609681003381,-37.606949308807906],[-73.66083865025632,-37.60674869497482],[-73.6606924293508,-37.60650646930001],[-73.66052660666551,-37.60623401798688],[-73.66039680893402,-37.60602778109559],[-73.66034048028801,-37.60592009573733],[-73.6602873343126,-37.605806647606826],[-73.66029160773512,-37.60570501833847],[-73.66030294730953,-37.6056031096817],[-73.6603261383507,-37.60546409439852],[-73.6604265606824,-37.60525720032443],[-73.66064684829398,-37.60481445971631],[-73.66078299270933,-37.60449905471675],[-73.66092513129637,-37.6042228694768],[-73.66101370267118,-37.60405308334054],[-73.66115601455657,-37.60377970906829],[-73.66128313749851,-37.603490025634905],[-73.66144508516075,-37.60313414276392],[-73.66157025457767,-37.60286990179062],[-73.6616204628126,-37.60276645458307],[-73.66177890760858,-37.602297976859],[-73.6617793114168,-37.6021344977782],[-73.66196762832543,-37.602200319178884],[-73.66237393747457,-37.60235333263337],[-73.66271789114367,-37.6024721759392],[-73.66268818300905,-37.60256353896752],[-73.66266323852756,-37.602674440912224],[-73.66260575585285,-37.60288809128691],[-73.6625376891984,-37.60304579410572],[-73.66242630572248,-37.60330385363816],[-73.6623053758312,-37.60357920057579],[-73.66219045826757,-37.60383740004402],[-73.66205398487293,-37.60409081518623],[-73.661920501438,-37.604392024175155],[-73.66177871742075,-37.60467383327959],[-73.6616560253714,-37.60492106634732],[-73.66151213070216,-37.605169138505794],[-73.66145784170016,-37.60532065904256],[-73.6613917216473,-37.60545291911912],[-73.66132401910349,-37.60555987739377],[-73.66129534592994,-37.60572447501023],[-73.66131916812996,-37.605822173507406],[-73.66132391598877,-37.60589808059162],[-73.66135904289345,-37.60600660470657],[-73.66140441968281,-37.606109086594905],[-73.66146215612802,-37.606239261917736],[-73.66153295594111,-37.606408378588746],[-73.6616002057899,-37.606633999890605],[-73.6616734508167,-37.60689884105221],[-73.66173029303597,-37.60707132692169],[-73.661740968964,-37.60741192174539],[-73.66175850433378,-37.60786215927823],[-73.66177252257631,-37.60825616977134]]]}},{"type":"Feature","properties":{"zona_code":"ZA5C","zona":"Zona residencial mixta 5 - Condicionada por pendiente 2","comuna":"Lebu"},"geometry":{"type":"Polygon","coordinates":[[[-73.65034384162357,-37.61685305898182],[-73.6505504767796,-37.61712673169941],[-73.65057595803574,-37.61725114081584],[-73.65059588579935,-37.61734335922615],[-73.65061580273338,-37.617463760670056],[-73.65063155819736,-37.61760264582173],[-73.650647927855,-37.617751371004964],[-73.6506787381203,-37.6180178960585],[-73.65071837168584,-37.61831225541757],[-73.65075625207118,-37.618578500772685],[-73.6507699656998,-37.61874142321715],[-73.65036077508263,-37.61854339147041],[-73.65009063131292,-37.61841596244394],[-73.64976855038607,-37.618251126379896],[-73.64983650531782,-37.618034249335004],[-73.64985442737851,-37.617867259898276],[-73.6498788424395,-37.61780429257079],[-73.65000424880343,-37.617542871618554],[-73.65008809468075,-37.617353550027374],[-73.65023435434598,-37.61708566814365],[-73.65034384162357,-37.61685305898182]]]}},{"type":"Feature","properties":{"zona_code":"ZA5C","zona":"Zona residencial mixta 5 - Condicionada por pendiente 2","comuna":"Lebu"},"geometry":{"type":"Polygon","coordinates":[[[-73.64965865808364,-37.61819346272055],[-73.6492763198984,-37.61802818710718],[-73.64889187696302,-37.61782917362717],[-73.64857491468925,-37.617689497313506],[-73.64829683016636,-37.617548285450354],[-73.64820907680925,-37.617391104638926],[-73.64816759414784,-37.61729410001298],[-73.64816940064776,-37.61720947931422],[-73.6481904842617,-37.617093094711876],[-73.64824054310819,-37.61698683994001],[-73.64826989677186,-37.616946224594706],[-73.64832451692858,-37.61691306662087],[-73.64837525141563,-37.61687442575809],[-73.64843836896287,-37.61680711176838],[-73.64849604840099,-37.61665264435191],[-73.64854540590878,-37.61653514419104],[-73.64862940443801,-37.61640500280252],[-73.64872330344313,-37.616263196755476],[-73.64880940660385,-37.61616679277561],[-73.6489172416997,-37.61607798486078],[-73.64904911383573,-37.615976954864855],[-73.6491620607477,-37.61591330962683],[-73.64925310072888,-37.61583925690611],[-73.6493711857671,-37.61574440743184],[-73.64948132575303,-37.615635779986434],[-73.64959748030843,-37.615510004936205],[-73.64969526194835,-37.615373681762236],[-73.64976669906194,-37.61526940051635],[-73.649823823742,-37.61516286626249],[-73.6498959880428,-37.6150134632277],[-73.64991972466804,-37.614882881828656],[-73.6499639661156,-37.6147402180887],[-73.64997090861073,-37.61462439231471],[-73.64997752627336,-37.61444657606298],[-73.6499629138499,-37.61432596477766],[-73.64995945544283,-37.61415700100872],[-73.64997627368483,-37.61408587838696],[-73.65003056498406,-37.61399072905921],[-73.65010676355683,-37.613905987826584],[-73.65023845553803,-37.61380214595767],[-73.65033480557067,-37.613699698629446],[-73.6504426593139,-37.613554522196495],[-73.65051073532426,-37.61345319156488],[-73.65059595505639,-37.61334272956313],[-73.65070112767543,-37.61326811716214],[-73.65089289720015,-37.61316190079594],[-73.65102932438623,-37.61313396520477],[-73.65121645838708,-37.61312375516683],[-73.65141083619346,-37.61311607732009],[-73.65165185837108,-37.61311782969072],[-73.65190065196829,-37.61313054707159],[-73.65205031389621,-37.61314436212821],[-73.65218300802303,-37.61317012167629],[-73.65229201581097,-37.61321372635477],[-73.6525248701595,-37.613311623776305],[-73.65260330089367,-37.613376163712175],[-73.65269092805272,-37.61341779429491],[-73.65278705263695,-37.613425269398164],[-73.65288107016424,-37.61339900779487],[-73.65298889528204,-37.61331019683487],[-73.65300676455998,-37.61325594248303],[-73.65301104750344,-37.6131543128888],[-73.65294076210834,-37.61304999425898],[-73.6528685223549,-37.612971117284594],[-73.65275231759271,-37.612812245806715],[-73.65267920008351,-37.61271931126243],[-73.65254547727778,-37.612620316510615],[-73.65242852519815,-37.61256293441761],[-73.65225204234706,-37.612459991826135],[-73.65213897527889,-37.61240809308164],[-73.65201741198304,-37.612390348706036],[-73.65192111298747,-37.61238006168657],[-73.65185238596148,-37.6123574112508],[-73.65178684128372,-37.612328999170856],[-73.65173756445107,-37.61227739811645],[-73.65171337605717,-37.612230441448524],[-73.65168477570836,-37.6121695680852],[-73.65167986277802,-37.612090848669645],[-73.65168783181355,-37.61204825937281],[-73.65171520360116,-37.61208945265345],[-73.65179383006894,-37.612100438288664],[-73.6518751147599,-37.612097227456296],[-73.65196489472244,-37.61205986028062],[-73.65203487411854,-37.61204582191759],[-73.65210891384203,-37.61204007846019],[-73.6521840074851,-37.61205120373404],[-73.65225308492023,-37.612079475690024],[-73.65229689820215,-37.61210029111374],[-73.6523649002679,-37.61216806306868],[-73.65244014514025,-37.612238366497245],[-73.652511857303,-37.6123088097902],[-73.6526010636553,-37.61237574312888],[-73.65274874618846,-37.612471367784586],[-73.6528368999839,-37.61252143309048],[-73.65301197906555,-37.61260188343635],[-73.65311762842494,-37.61264843857561],[-73.65323370403462,-37.61269176255278],[-73.65334481790475,-37.612769103778064],[-73.65347200061187,-37.61287681052551],[-73.65354441682484,-37.612958498455654],[-73.6535952761901,-37.61303540147885],[-73.65362317481315,-37.61308502915304],[-73.65373837413615,-37.613114296107625],[-73.65396049730064,-37.613097062457605],[-73.6540492017722,-37.613099192879844],[-73.65410254139043,-37.613159087885904],[-73.65417533166166,-37.61319003102762],[-73.65435607668998,-37.61324770815502],[-73.65436454990146,-37.6132699196286],[-73.6541909816465,-37.61338387682045],[-73.65413777401692,-37.613439528133156],[-73.65408879947846,-37.61350628557727],[-73.65406669433078,-37.61354943480914],[-73.65403732380952,-37.61364641874259],[-73.65403321814789,-37.61375085880396],[-73.65403969323975,-37.61391124787418],[-73.654033985166,-37.61404675407571],[-73.65405760398316,-37.614198010405715],[-73.6540789629579,-37.614256350897506],[-73.65410420673594,-37.6143201749555],[-73.6541404046426,-37.614389201800655],[-73.65418402259918,-37.61446357317128],[-73.65424919587142,-37.61454272835646],[-73.65429494296238,-37.61459446836653],[-73.65438380289102,-37.61465577780366],[-73.6544647162452,-37.614703309635146],[-73.65452672883171,-37.614731859317615],[-73.65455976609232,-37.614750281587206],[-73.6545723014232,-37.614780787925305],[-73.65448359492802,-37.61477865785817],[-73.65432332691012,-37.614765264768266],[-73.65411039713358,-37.614759589614735],[-73.65382663003548,-37.61469752903593],[-73.65374428936724,-37.61468387330842],[-73.65347145398268,-37.614683383521225],[-73.6533368033547,-37.6146830679805],[-73.65315357467841,-37.61464239702078],[-73.65281150591623,-37.61455445501979],[-73.6525588463292,-37.61447988885646],[-73.65246891155583,-37.614458077211836],[-73.65242050877525,-37.61442053295439],[-73.65238519062827,-37.61436556126745],[-73.6523677187485,-37.61431270323155],[-73.65234124774899,-37.61422919965898],[-73.6523266077169,-37.614164956483535],[-73.65230472373386,-37.614098180870336],[-73.65226198598295,-37.61403786629917],[-73.65221057706049,-37.61400889579073],[-73.65212099352026,-37.613992706507304],[-73.65206056169636,-37.61398945737577],[-73.65199376285254,-37.613997733205544],[-73.65193155194623,-37.61402273789299],[-73.65185342564794,-37.614076554132],[-73.65164396037356,-37.61423983835676],[-73.65157413029998,-37.61431305473692],[-73.65143817961423,-37.61446216061616],[-73.65137153156412,-37.61452961527479],[-73.65136850038431,-37.61459455695573],[-73.65136529226228,-37.61465668640727],[-73.65139336691236,-37.61470912590601],[-73.65142497456898,-37.614761425522936],[-73.65146134598089,-37.6148332653569],[-73.65157524650016,-37.61501195801549],[-73.65171917768345,-37.61521764653452],[-73.651817035184,-37.61530960434777],[-73.65191772484253,-37.6153901760632],[-73.65196312023971,-37.6154362943345],[-73.65201222340558,-37.61548508399739],[-73.6520395976933,-37.61552627812122],[-73.65201608626587,-37.61554693553609],[-73.6519696150153,-37.615540316415974],[-73.65192579983862,-37.615519500845295],[-73.65183766625911,-37.61541306783995],[-73.65165606331244,-37.6152849614664],[-73.65148947654,-37.61517035464129],[-73.65132765172181,-37.61507528689102],[-73.65112995880607,-37.61497318171995],[-73.6509066498809,-37.61485799499225],[-73.65080222717766,-37.61483111793527],[-73.65071334502254,-37.61482617371921],[-73.65070595027689,-37.61476446290719],[-73.65075054061201,-37.61462742145615],[-73.65077888942838,-37.61445720182625],[-73.65082879189131,-37.61429176661876],[-73.65092897255549,-37.61391015267098],[-73.6508068808765,-37.61388397397952],[-73.65075554960657,-37.61408328476703],[-73.6506497264969,-37.614431301717964],[-73.65060528678917,-37.614627521412615],[-73.65057287829681,-37.614789446904936],[-73.65057709040664,-37.614856920190086],[-73.65056127580644,-37.61505764649353],[-73.65054987189158,-37.61527229040029],[-73.65053014731632,-37.615523901756816],[-73.65048580888515,-37.615892036247665],[-73.6504524481639,-37.61620900776678],[-73.650419940736,-37.616596403670044],[-73.65024297601717,-37.616769673721606],[-73.65020337130939,-37.61681633166962],[-73.65003851324977,-37.61718358994687],[-73.64988746465815,-37.61748829822999],[-73.6497744407363,-37.61772104670864],[-73.64971801580964,-37.61783882700016],[-73.64969284919725,-37.618003283811056],[-73.64965865808364,-37.61819346272055]]]}},{"type":"Feature","properties":{"zona_code":"ZA5C","zona":"Zona residencial mixta 5 - Condicionada por pendiente 2","comuna":"Lebu"},"geometry":{"type":"Polygon","coordinates":[[[-73.6562691471961,-37.612056013770925],[-73.65663289118908,-37.61277439486452],[-73.65663357358703,-37.61284200806684],[-73.65656948725699,-37.613177105505365],[-73.65657919093756,-37.61321899688587],[-73.65666281449656,-37.61359334617861],[-73.65661897854163,-37.61362889940274],[-73.65585888161752,-37.613881604635914],[-73.65582760084868,-37.61389129670523],[-73.65575900474246,-37.6139841957067],[-73.65576251873603,-37.61404042277138],[-73.65590786318955,-37.61426859773981],[-73.65607331847126,-37.61459179968963],[-73.65603459740232,-37.614652515344986],[-73.65594657385809,-37.61471799956612],[-73.65589055411417,-37.61472866982698],[-73.65582340412388,-37.614731325210705],[-73.6555972166425,-37.61474026835827],[-73.65531412943993,-37.61474582449937],[-73.6550600199233,-37.61476150725269],[-73.65470271441437,-37.614769995871555],[-73.654659096882,-37.61469562559708],[-73.6545924957018,-37.614650346279916],[-73.6544937359479,-37.6146007020971],[-73.65440505190757,-37.614542204955065],[-73.65430967176965,-37.61443324142445],[-73.65422349124579,-37.614301368432855],[-73.6541742540094,-37.61413703248738],[-73.65416281816732,-37.61401065992949],[-73.65415370851217,-37.61380810032331],[-73.65415395055554,-37.61364180874868],[-73.65419339640627,-37.61353597101787],[-73.65430793753372,-37.61344125722227],[-73.65445057578354,-37.613342614177036],[-73.65447568798862,-37.613290891886855],[-73.65448064937745,-37.613256875374],[-73.65447818970992,-37.61321751613368],[-73.65445487780659,-37.61318461744782],[-73.65440046122096,-37.613164221764706],[-73.6542009918805,-37.61309037477894],[-73.6541289277879,-37.613014309876355],[-73.65398589602685,-37.61276631371248],[-73.65378267724046,-37.61234877756117],[-73.65478135080724,-37.61200210424356],[-73.65503367760166,-37.61246842721729],[-73.65563047361765,-37.612267277706195],[-73.6562691471961,-37.612056013770925]]]}},{"type":"Feature","properties":{"zona_code":"ZA5C","zona":"Zona residencial mixta 5 - Condicionada por pendiente 2","comuna":"Lebu"},"geometry":{"type":"Polygon","coordinates":[[[-73.65746501539371,-37.61166206455835],[-73.6577782857411,-37.61222461152779],[-73.6576358299993,-37.61232607005123],[-73.65753736379091,-37.61245115319969],[-73.65746734632648,-37.61257792901951],[-73.65739908564304,-37.61273281875989],[-73.65734039154852,-37.61281405339616],[-73.65727302947138,-37.61292663251114],[-73.65727263843979,-37.61303374495768],[-73.6573254147869,-37.61319793880226],[-73.6573167257724,-37.613285650377165],[-73.65733240395629,-37.613423127933046],[-73.65734439323538,-37.61350156715576],[-73.65740230502831,-37.61363455650468],[-73.65749909376424,-37.61376600805922],[-73.6576306963132,-37.61388762693315],[-73.65767150518082,-37.61391701437054],[-73.65777096934316,-37.61397790114851],[-73.65794304922038,-37.61406691738139],[-73.65804198559765,-37.61411937000818],[-73.65814603856414,-37.61419698515047],[-73.65825926941338,-37.614308056643395],[-73.6583862858433,-37.614412946942785],[-73.65847106752577,-37.61452232568657],[-73.65854011259759,-37.614663329114194],[-73.65857348394127,-37.61474373997631],[-73.65861640334029,-37.614806863668655],[-73.65869483986297,-37.6148713996573],[-73.65876480179809,-37.61491372531713],[-73.65883794573041,-37.61495028733361],[-73.65898548419763,-37.6149867241986],[-73.65907294194616,-37.615025538838786],[-73.65919218808926,-37.6151194614503],[-73.6592352843408,-37.61518539623607],[-73.65925256659021,-37.61529180912119],[-73.65923185302306,-37.61541381689103],[-73.65916078107341,-37.615523724932125],[-73.65904589273093,-37.61561282087331],[-73.65891651423563,-37.61569685351195],[-73.6587859061657,-37.615761205981045],[-73.65869966022748,-37.61579843823821],[-73.65863709888497,-37.615817823864965],[-73.65847257229991,-37.61584969829563],[-73.65834321205395,-37.61587736321647],[-73.65819828939306,-37.615939463069985],[-73.65814189854983,-37.61600087884372],[-73.65810688860763,-37.61606426642928],[-73.65810243851595,-37.61616308410591],[-73.65811354971642,-37.6162274667084],[-73.65816336179296,-37.61628749912662],[-73.65830012395764,-37.61632154486459],[-73.65842151924667,-37.6163364706969],[-73.65863179700472,-37.616356333838816],[-73.65882510844312,-37.616388142256575],[-73.65889577515256,-37.616441712175224],[-73.65907457927545,-37.61652482408276],[-73.6591787940559,-37.61666161674705],[-73.65932876346965,-37.61685014658049],[-73.65939658047473,-37.61697146948457],[-73.65943487726693,-37.61713059842764],[-73.65941875209407,-37.61726933390608],[-73.65940528269533,-37.61739387366948],[-73.6593608836158,-37.617533729022064],[-73.65930076465699,-37.6176488402949],[-73.65920104691939,-37.617810612603414],[-73.65907449676322,-37.61788326001963],[-73.65892922077178,-37.61793973900002],[-73.65878659831478,-37.61798202027824],[-73.65875936082307,-37.61805637399906],[-73.65875135810205,-37.618211698811464],[-73.658721549723,-37.61858489750577],[-73.65858581948723,-37.61862408796185],[-73.65845645443993,-37.6186517529026],[-73.65829793580146,-37.61866647989673],[-73.65820213760904,-37.61872099971653],[-73.65799144458477,-37.618864614201335],[-73.65791972102328,-37.618794174996104],[-73.65788386971296,-37.61873077186814],[-73.65786432074817,-37.61853144394104],[-73.65785233025765,-37.61845300571142],[-73.65782161324154,-37.6183583971984],[-73.65778046958275,-37.61826702013569],[-73.6577589492336,-37.618149501918325],[-73.65776904471812,-37.61808428082177],[-73.65785853276506,-37.617872184605666],[-73.65790893063588,-37.6177715499084],[-73.65796655328305,-37.617729813424745],[-73.65809345523606,-37.61766278981428],[-73.65821241038567,-37.617581988774],[-73.65827870186597,-37.61750890849014],[-73.6583389983671,-37.61739660817055],[-73.65836801278378,-37.61729400053101],[-73.65835973225006,-37.617218231767836],[-73.65833325355892,-37.617134730332246],[-73.65830163890239,-37.61708243336257],[-73.6582640112595,-37.61704728345145],[-73.65817778188021,-37.61702814822042],[-73.65801344694408,-37.61700646619451],[-73.65787154861286,-37.61700362456953],[-73.65766499710453,-37.616930064233046],[-73.65763310805677,-37.61664667445953],[-73.6576174475442,-37.616452829930864],[-73.65759874138284,-37.6163802925691],[-73.65756113318331,-37.616288775379864],[-73.65748910022423,-37.61609997921905],[-73.65740097793292,-37.61593718316337],[-73.65725900282231,-37.61564969243757],[-73.65716629344486,-37.61547016841947],[-73.65705097382259,-37.615268991362235],[-73.65698370713145,-37.61509973401727],[-73.65691062282863,-37.614894067879625],[-73.65689174165858,-37.614818719998716],[-73.65688928182466,-37.61477936080627],[-73.6568848891106,-37.61470907633845],[-73.6568776652865,-37.61465017712432],[-73.65685312196938,-37.61459759974499],[-73.65674186548587,-37.614404716291055],[-73.65662070915592,-37.61422349801114],[-73.6566045852636,-37.61385211642175],[-73.65660655914901,-37.613770306683506],[-73.65668272849128,-37.61374192990279],[-73.6567380444406,-37.61372001401737],[-73.6567739333635,-37.613670682454604],[-73.65678242663192,-37.61363652669149],[-73.65671202088498,-37.613360295900485],[-73.65667002384065,-37.61319849485936],[-73.656670922154,-37.61315618432259],[-73.65673180560337,-37.612883216534776],[-73.65674525909854,-37.61281504503897],[-73.6567454555625,-37.61276148837805],[-73.65673928582255,-37.61271945788468],[-73.65671775027191,-37.61265830652983],[-73.65659609148136,-37.61241228634698],[-73.65639125865523,-37.61202582062492],[-73.65746501539371,-37.61166206455835]]]}},{"type":"Feature","properties":{"zona_code":"ZA5C","zona":"Zona residencial mixta 5 - Condicionada por pendiente 2","comuna":"Lebu"},"geometry":{"type":"Polygon","coordinates":[[[-73.6564588276425,-37.61378742265131],[-73.65647839038162,-37.61393038378947],[-73.65647782329911,-37.614034683994525],[-73.65648977043307,-37.614225858290574],[-73.656510955317,-37.614281387067784],[-73.656577887677,-37.61438865498293],[-73.65666407364122,-37.61452052634755],[-73.65672764835936,-37.614630745512144],[-73.65674936045981,-37.61469470816673],[-73.65675550985196,-37.614793106602924],[-73.6567609574483,-37.614880258921104],[-73.6567756014349,-37.614944501614836],[-73.65682822229888,-37.6150495172739],[-73.6569018538475,-37.61520724942141],[-73.65696382829111,-37.61534853286209],[-73.6570413465866,-37.61551174841878],[-73.65716055275519,-37.61571840806967],[-73.65732742263273,-37.616064098800315],[-73.65739082467155,-37.616171506327085],[-73.65747627219523,-37.61640486601253],[-73.65749634676142,-37.61661262795739],[-73.65752030543946,-37.61682587334353],[-73.65754127813855,-37.6169913247458],[-73.65767608932931,-37.617050813921644],[-73.65784960203774,-37.61710595287609],[-73.65802754686172,-37.6171186418893],[-73.65819859830381,-37.617134421156706],[-73.65822896319908,-37.61722340607279],[-73.65823636549308,-37.61728511652544],[-73.65821141219432,-37.61739601977939],[-73.65813080668445,-37.61746684714981],[-73.65802987601629,-37.61755257225362],[-73.65790084512004,-37.61764222628088],[-73.65782855740758,-37.617676087215116],[-73.65778948505984,-37.61773118170978],[-73.65773114054664,-37.61781803903527],[-73.65769099413262,-37.61791263180578],[-73.65763598877001,-37.61805290657133],[-73.65763684918807,-37.61812333014731],[-73.65764141877388,-37.61819642587317],[-73.65766294717304,-37.61828576102243],[-73.65763186070664,-37.61824189780731],[-73.65756279431045,-37.618157261835144],[-73.65751440653297,-37.61806335256236],[-73.6573096486775,-37.61790517053553],[-73.65716831387086,-37.61779802785943],[-73.65707874491038,-37.61772547521314],[-73.65703211608938,-37.61765967971662],[-73.6569778908044,-37.61758572942769],[-73.65693586955635,-37.61748029555475],[-73.65690976260738,-37.617346048492664],[-73.6568756890224,-37.617254391081616],[-73.65681863294331,-37.617191825970764],[-73.65675433251837,-37.61712672956478],[-73.65670116175488,-37.61706964698505],[-73.65664746527544,-37.61700413047977],[-73.65659517362404,-37.61696110528984],[-73.65643792736749,-37.61688277490925],[-73.65634711071627,-37.61684690962999],[-73.65623579076444,-37.6168231286263],[-73.6561301136763,-37.61683294409893],[-73.65602408456913,-37.61683713685631],[-73.65587707087172,-37.61680913017366],[-73.65576770486047,-37.616759906084724],[-73.65566470342424,-37.61669915758083],[-73.65558661853784,-37.61664024221836],[-73.6554998850467,-37.6165563032142],[-73.65541563121862,-37.61645535631729],[-73.6553585769752,-37.616392790527314],[-73.65514302812623,-37.61628857871158],[-73.65501193050932,-37.616231758942305],[-73.65489903062972,-37.616182674026476],[-73.65467446179042,-37.61610418394579],[-73.65453629658055,-37.616047641774536],[-73.65442888559095,-37.61597297474488],[-73.65430593305835,-37.615876375143074],[-73.65418510986096,-37.61575714410307],[-73.65407611862362,-37.61565717408165],[-73.65397667684122,-37.6155399163019],[-73.65384435233844,-37.61546341521079],[-73.65362685506656,-37.61538464332031],[-73.6535263165087,-37.61536325134058],[-73.65340545048542,-37.61535675444278],[-73.65323563102973,-37.615360647456434],[-73.65314174169112,-37.61550245640273],[-73.65306005836301,-37.61561278123256],[-73.65299586961679,-37.615719596044855],[-73.65295431368588,-37.615791696666115],[-73.65288307862185,-37.61584242332313],[-73.65281522635615,-37.615833830846235],[-73.65255913317758,-37.61593131857628],[-73.65243912073473,-37.61599524600485],[-73.65230620018438,-37.61607941112383],[-73.6521782168973,-37.616185927570534],[-73.65209688195053,-37.61630187429236],[-73.65205442378061,-37.61641628589596],[-73.65202184282779,-37.61657539958293],[-73.65118405137169,-37.61657749555475],[-73.6505491302501,-37.61656593622047],[-73.65060306808323,-37.61606777866484],[-73.65064848367638,-37.61566014413807],[-73.65067063935327,-37.61550426077402],[-73.65068166744031,-37.615340362100305],[-73.65067765609908,-37.61521933227705],[-73.65069544974817,-37.6149367955461],[-73.65074121957971,-37.614932169925865],[-73.65084210717235,-37.61495918596959],[-73.65098397851328,-37.61501840386332],[-73.651163649126,-37.615115585921124],[-73.65139791323152,-37.615235975225026],[-73.65157633201575,-37.615369843566775],[-73.65170564728557,-37.61545492276932],[-73.65180668870133,-37.61554111630583],[-73.65187098338927,-37.61560621621717],[-73.65194024092321,-37.61563729972768],[-73.65200844458322,-37.61565151532992],[-73.65208902976825,-37.61563705827086],[-73.6521406395812,-37.615612472281086],[-73.65216610475055,-37.61556637316174],[-73.65217690582496,-37.61551239783172],[-73.65215201503395,-37.61545419602503],[-73.65208313214588,-37.6153723682759],[-73.65201211978365,-37.61531316995093],[-73.65194251196539,-37.61527646387154],[-73.65182858596019,-37.61515413942836],[-73.6517653686534,-37.615049541280335],[-73.65163768173768,-37.61487702998705],[-73.65152749116945,-37.61470100973567],[-73.65150312634636,-37.61465124171646],[-73.65150297495191,-37.61459206342548],[-73.65151447963828,-37.614549333411745],[-73.65156751645931,-37.614490871155866],[-73.6517077032019,-37.614352871398545],[-73.65179838709815,-37.61427319397993],[-73.65199070818421,-37.6141190428089],[-73.65204231696347,-37.614094456836334],[-73.65210946644905,-37.614091803596146],[-73.65215982256427,-37.61410390628976],[-73.65217501278232,-37.61412021552082],[-73.652177820665,-37.6141651982838],[-73.65220323862658,-37.61423183403164],[-73.65223783157127,-37.614331927530806],[-73.65227102006578,-37.61440952963351],[-73.65231410860349,-37.61447546681671],[-73.65238529630743,-37.61453747536999],[-73.65245791130133,-37.614565608262765],[-73.65264502407175,-37.61461176300747],[-73.65294009554249,-37.61468465373583],[-73.65323180828365,-37.614760494052184],[-73.65332881185923,-37.614782025286345],[-73.6536802783342,-37.61479349985638],[-73.65383011989672,-37.6148101240347],[-73.6539951511478,-37.614843057917355],[-73.65415682438797,-37.61487894192739],[-73.65456802044271,-37.61488241758809],[-73.65481965205183,-37.61488374283862],[-73.65502781762092,-37.614869876620894],[-73.65525260122052,-37.614838443220236],[-73.65545828719644,-37.61484158497388],[-73.6556954292583,-37.61483784475005],[-73.65583343837017,-37.614835206298466],[-73.65592886121999,-37.61483143273575],[-73.65602287950432,-37.61480516864742],[-73.65611867412217,-37.614750650496006],[-73.65617772198203,-37.61467503915721],[-73.65621255687233,-37.614608839936736],[-73.65618873666635,-37.61451114059905],[-73.65609337600961,-37.61434581142693],[-73.65600914478753,-37.61418849790279],[-73.65591837264085,-37.61403989733727],[-73.65589029614941,-37.61398745886612],[-73.6564588276425,-37.61378742265131]]]}},{"type":"Feature","properties":{"zona_code":"ZED","zona":"Zona equipamiento deportivo","comuna":"Lebu"},"geometry":{"type":"Polygon","coordinates":[[[-73.65115156820224,-37.61670983113441],[-73.65111991040443,-37.61677026625274],[-73.65095710853534,-37.61688661284282],[-73.65078450548268,-37.61698784433961],[-73.6506460157389,-37.617068000738875],[-73.6505504767796,-37.61712673169941],[-73.65034384162357,-37.61685305898182],[-73.65035552199218,-37.61681314131917],[-73.65047255479831,-37.61670142199823],[-73.65115156820224,-37.61670983113441]]]}},{"type":"Feature","properties":{"zona_code":"ZED","zona":"Zona equipamiento deportivo","comuna":"Lebu"},"geometry":{"type":"Polygon","coordinates":[[[-73.64587361697865,-37.61385889282619],[-73.64585288938194,-37.61449242819454],[-73.64566098928597,-37.61448309011184],[-73.64550789464062,-37.614613136493546],[-73.64545507236468,-37.614760365033156],[-73.64511514229024,-37.61464976884646],[-73.6446017144617,-37.614484011963846],[-73.64410984343151,-37.614323038555334],[-73.64458027662668,-37.61357171467402],[-73.64519797075194,-37.613705175386784],[-73.64587361697865,-37.61385889282619]]]}},{"type":"Feature","properties":{"zona_code":"ZED","zona":"Zona equipamiento deportivo","comuna":"Lebu"},"geometry":{"type":"Polygon","coordinates":[[[-73.65731166789277,-37.60416291844873],[-73.65755172145833,-37.60431970491861],[-73.65746595395998,-37.604534471967895],[-73.65710169364812,-37.60437414209102],[-73.65716957706431,-37.604269997628506],[-73.65731166789277,-37.60416291844873]]]}},{"type":"Feature","properties":{"zona_code":"ZED","zona":"Zona equipamiento deportivo","comuna":"Lebu"},"geometry":{"type":"Polygon","coordinates":[[[-73.64466025642659,-37.60263339142496],[-73.64419369046944,-37.60287726050902],[-73.64385877383967,-37.60307366043434],[-73.64331726202563,-37.603365574697],[-73.64320815936715,-37.60320641228693],[-73.6428388367917,-37.60267985201253],[-73.64258302642523,-37.60232637068133],[-73.64237945924701,-37.60207228972754],[-73.6421919528928,-37.60184857639364],[-73.64200126504701,-37.6016306259229],[-73.64195448502815,-37.60156201162899],[-73.64191179517579,-37.60144532293772],[-73.64180305024902,-37.60129178195815],[-73.64171830895908,-37.601182389072605],[-73.64163230945188,-37.60110968290385],[-73.6415122318327,-37.60100168205843],[-73.64175964890889,-37.60087919737178],[-73.64208872102178,-37.60070276081936],[-73.64236653793417,-37.60055652878119],[-73.64285342366091,-37.6002977750841],[-73.6429618184389,-37.60044569157985],[-73.64326352884245,-37.60085372930495],[-73.64349904228638,-37.60116573575924],[-73.64378347095656,-37.6015237224564],[-73.64425223204665,-37.60211118037044],[-73.64446091579664,-37.602390421337915],[-73.64466025642659,-37.60263339142496]]]}},{"type":"Feature","properties":{"zona_code":"ZED","zona":"Zona equipamiento deportivo","comuna":"Lebu"},"geometry":{"type":"Polygon","coordinates":[[[-73.64751444435822,-37.59940792650781],[-73.64745006101003,-37.599909313369075],[-73.64734762829036,-37.60053902719231],[-73.64731180065628,-37.60081663903532],[-73.64726534392473,-37.601151036227385],[-73.64688339468186,-37.60110410550927],[-73.64658730250326,-37.60107069521799],[-73.64624810790649,-37.60102771195115],[-73.64606985161659,-37.601009379652446],[-73.64614382231818,-37.60077535674842],[-73.64622141476667,-37.600372092120644],[-73.64630607315424,-37.59996854615084],[-73.64636065257223,-37.59965073872639],[-73.64643625723383,-37.59932928247761],[-73.64677068377085,-37.599352725560735],[-73.64751444435822,-37.59940792650781]]]}},{"type":"Feature","properties":{"zona_code":"ZED","zona":"Zona equipamiento deportivo","comuna":"Lebu"},"geometry":{"type":"Polygon","coordinates":[[[-73.63923625907286,-37.59399898852104],[-73.6396855626859,-37.59376286621897],[-73.6398945878853,-37.59399137230523],[-73.63940297245176,-37.59423057124278],[-73.63923625907286,-37.59399898852104]]]}},{"type":"Feature","properties":{"zona_code":"ZED","zona":"Zona equipamiento deportivo","comuna":"Lebu"},"geometry":{"type":"Polygon","coordinates":[[[-73.6404340524175,-37.59672646268725],[-73.64055020427567,-37.596885350202996],[-73.64031748925863,-37.59695934237417],[-73.64020081281166,-37.596792019759334],[-73.6404340524175,-37.59672646268725]]]}},{"type":"Feature","properties":{"zona_code":"ZED","zona":"Zona equipamiento deportivo","comuna":"Lebu"},"geometry":{"type":"Polygon","coordinates":[[[-73.6377258324571,-37.59025792904474],[-73.63747397656297,-37.58990991596922],[-73.63724646826343,-37.58961167318538],[-73.6369751672263,-37.589292608263804],[-73.63719817455294,-37.58917673026211],[-73.63752014330731,-37.58900058879232],[-73.63763487634144,-37.58913698835206],[-73.63779938559377,-37.58933343199816],[-73.63801454827323,-37.58960397620742],[-73.638299812478,-37.589919670442306],[-73.6377258324571,-37.59025792904474]]]}},{"type":"Feature","properties":{"zona_code":"ZBCD1","zona":"Zona equipamiento - Actividades productivas 1","comuna":"Lebu"},"geometry":{"type":"Polygon","coordinates":[[[-73.66271789114367,-37.6024721759392],[-73.66237393747457,-37.60235333263337],[-73.66196762832543,-37.602200319178884],[-73.6617793114168,-37.6021344977782],[-73.66179117684868,-37.60204102370544],[-73.6618048183086,-37.601919295475696],[-73.66185237079262,-37.60183004485446],[-73.66197417919348,-37.601568754825685],[-73.66214584181445,-37.60119839544163],[-73.66228415242321,-37.60069125767928],[-73.66230378863519,-37.600608748361076],[-73.66238811522484,-37.600427855915704],[-73.66256151497367,-37.60014197611307],[-73.66296188925821,-37.59940744982046],[-73.66303524493247,-37.599277721252705],[-73.66310759449324,-37.598962022046024],[-73.66316333198894,-37.59866389086225],[-73.66322356121974,-37.598409266133565],[-73.66326139799877,-37.59830630796587],[-73.66329852267732,-37.59822028774065],[-73.66339174973089,-37.598096817228516],[-73.66354654745118,-37.59796668134073],[-73.6636980167668,-37.598349611037726],[-73.66377885294038,-37.59862260553523],[-73.6638491055417,-37.59883965343481],[-73.66393665802629,-37.59910674471295],[-73.66405845778753,-37.599468302815126],[-73.66404429287489,-37.59958159661219],[-73.66392409288248,-37.59981182352919],[-73.66379858466354,-37.60007044296677],[-73.66367131743007,-37.60030094918384],[-73.66358894452227,-37.60045640061075],[-73.66350231776163,-37.600657114246644],[-73.6633566612628,-37.60093344148538],[-73.66320604722085,-37.60124378464929],[-73.66313956509926,-37.60142679055919],[-73.66302287724011,-37.60171324341772],[-73.66293058809757,-37.601936727440545],[-73.66283088007638,-37.6021548682952],[-73.66271789114367,-37.6024721759392]]]}},{"type":"Feature","properties":{"zona_code":"ZBCD1","zona":"Zona equipamiento - Actividades productivas 1","comuna":"Lebu"},"geometry":{"type":"Polygon","coordinates":[[[-73.66242778717955,-37.6000993589352],[-73.66218437001768,-37.60056838320236],[-73.66180053732383,-37.60032147459097],[-73.66094067641765,-37.59976929819077],[-73.66132802080007,-37.59950595370704],[-73.66242778717955,-37.6000993589352]]]}},{"type":"Feature","properties":{"zona_code":"ZB4","zona":"Zona equipamiento 4","comuna":"Lebu"},"geometry":{"type":"Polygon","coordinates":[[[-73.66354654745118,-37.59796668134073],[-73.66361140223272,-37.59789929104244],[-73.66378217100701,-37.59751487312612],[-73.66389010562703,-37.59723017499336],[-73.66403383598387,-37.59686655598166],[-73.6646500826962,-37.59669559497431],[-73.6651778198966,-37.596525319502504],[-73.66523630226826,-37.59649763727682],[-73.66527059464558,-37.596423002772774],[-73.66538530185417,-37.59621835743421],[-73.6654874591988,-37.596039574036446],[-73.66548696161043,-37.595918406343294],[-73.66545325703314,-37.59577600728942],[-73.66544268668898,-37.59566369260173],[-73.66544500358158,-37.595587505812354],[-73.66547047023072,-37.595485037861444],[-73.66550495275587,-37.59535684722665],[-73.66553571116079,-37.59528235201813],[-73.66565803864152,-37.595652342622856],[-73.6657355202924,-37.595928286674344],[-73.66587921102774,-37.59635661565251],[-73.66599059057431,-37.596721403340894],[-73.66618018937298,-37.597260645238094],[-73.6663789552456,-37.59788971008984],[-73.66656784368772,-37.598474072603516],[-73.66677333195706,-37.59909723353279],[-73.66694721314467,-37.59966809846474],[-73.66711015846313,-37.600177394246366],[-73.66718854507867,-37.60041102654567],[-73.66683430605174,-37.60046734008488],[-73.66641115754057,-37.60055456670597],[-73.6657364125395,-37.60069685320702],[-73.66540389954068,-37.60076075718869],[-73.66513834583017,-37.60081918890062],[-73.66479593564866,-37.600894756331044],[-73.66454469104244,-37.600955437791505],[-73.66386675598828,-37.60110347721643],[-73.66354130660216,-37.60116709628324],[-73.66320604722085,-37.60124378464929],[-73.6633566612628,-37.60093344148538],[-73.66350231776163,-37.600657114246644],[-73.66358894452227,-37.60045640061075],[-73.66367131743007,-37.60030094918384],[-73.66379858466354,-37.60007044296677],[-73.66392409288248,-37.59981182352919],[-73.66404429287489,-37.59958159661219],[-73.66405845778753,-37.599468302815126],[-73.66393665802629,-37.59910674471295],[-73.6638491055417,-37.59883965343481],[-73.66377885294038,-37.59862260553523],[-73.6636980167668,-37.598349611037726],[-73.66354654745118,-37.59796668134073]]]}},{"type":"Feature","properties":{"zona_code":"ZB4","zona":"Zona equipamiento 4","comuna":"Lebu"},"geometry":{"type":"Polygon","coordinates":[[[-73.65374730552955,-37.60477590470177],[-73.65388941777914,-37.60506621346608],[-73.65288297211772,-37.605400500743805],[-73.6527159519002,-37.60510835710175],[-73.65374730552955,-37.60477590470177]]]}},{"type":"Feature","properties":{"zona_code":"ZB4","zona":"Zona equipamiento 4","comuna":"Lebu"},"geometry":{"type":"Polygon","coordinates":[[[-73.65465698361896,-37.60382822027582],[-73.65485734666176,-37.60425714209489],[-73.65483947994012,-37.60431139686223],[-73.65433958077332,-37.60447489104914],[-73.6541369145534,-37.60406578844635],[-73.65465698361896,-37.60382822027582]]]}},{"type":"Feature","properties":{"zona_code":"ZB4","zona":"Zona equipamiento 4","comuna":"Lebu"},"geometry":{"type":"Polygon","coordinates":[[[-73.65258641922163,-37.60516138692909],[-73.65274920422293,-37.60544242451113],[-73.65263452013454,-37.6054779578076],[-73.65251329505344,-37.60552220383652],[-73.65241645486938,-37.605559850515085],[-73.6523337503847,-37.60559693753217],[-73.6522377880876,-37.60564864063436],[-73.65211744053616,-37.60570694372101],[-73.65202819363209,-37.605752744227246],[-73.65192621628567,-37.6058215947245],[-73.65170917784292,-37.605976721926744],[-73.65153920210528,-37.605580414606706],[-73.6516030102271,-37.60552434563368],[-73.65167140454659,-37.60548500552905],[-73.65175446088124,-37.60545354071457],[-73.65258641922163,-37.60516138692909]]]}},{"type":"Feature","properties":{"zona_code":"ZB4","zona":"Zona equipamiento 4","comuna":"Lebu"},"geometry":{"type":"Polygon","coordinates":[[[-73.65923519081596,-37.60079079184795],[-73.65931859956119,-37.60073676188565],[-73.65959993601368,-37.60104410106717],[-73.65976347604433,-37.6012236402693],[-73.66002185749376,-37.60150370343601],[-73.66007855130445,-37.6015606452427],[-73.65971774104187,-37.601682018571],[-73.65894116048545,-37.60195230341453],[-73.65829355990115,-37.602189296971446],[-73.65768412080389,-37.602413504569554],[-73.65704976862281,-37.60263587613716],[-73.65646859049284,-37.60285896055978],[-73.65568366657412,-37.60316619233851],[-73.65566070793638,-37.60313891650564],[-73.65633490371064,-37.60270360216437],[-73.65660103176367,-37.60256907242847],[-73.65672941425683,-37.60249776494185],[-73.65687025235961,-37.602427373294375],[-73.65694271209115,-37.6023681416743],[-73.65698637568221,-37.60230159278798],[-73.65709063780174,-37.60224110341395],[-73.65721177626533,-37.6021672632505],[-73.65731913258365,-37.602099604892004],[-73.65752102642936,-37.60198593245975],[-73.65771912324205,-37.60186818322243],[-73.657949020704,-37.601749174811125],[-73.65818598436906,-37.601629886681486],[-73.65841640855933,-37.60151931217227],[-73.65864364852003,-37.601414498991566],[-73.65895110521191,-37.6012896024413],[-73.65914830028696,-37.60121416046559],[-73.65925131904454,-37.60116217308533],[-73.65928032747773,-37.6010595657277],[-73.65929184589743,-37.60096046844279],[-73.65927156115438,-37.60086262942772],[-73.65923519081596,-37.60079079184795]]]}},{"type":"Feature","properties":{"zona_code":"ZB4","zona":"Zona equipamiento 4","comuna":"Lebu"},"geometry":{"type":"Polygon","coordinates":[[[-73.65873773591585,-37.602154816112844],[-73.65844339417447,-37.60240460923919],[-73.6580315336502,-37.60272950784026],[-73.657745834193,-37.60300432254717],[-73.65740358547527,-37.603309555986684],[-73.6569269258816,-37.60373142813031],[-73.65661524406073,-37.60401572321705],[-73.65655479967984,-37.604068842782766],[-73.65634572182829,-37.604237755351114],[-73.65629464931246,-37.60427077644903],[-73.65604178226934,-37.604362506524666],[-73.65563960008807,-37.604502415797],[-73.65481297518342,-37.60476619578415],[-73.6540248626832,-37.60502281318899],[-73.65386861550296,-37.60473306345792],[-73.654976031369,-37.604370820560966],[-73.65500926172467,-37.60433568684212],[-73.65502499886851,-37.60430406341808],[-73.65501141386441,-37.6042566883598],[-73.65496815372722,-37.604187940815024],[-73.65479761708707,-37.6038395719217],[-73.65482979394511,-37.6037875694734],[-73.65534650017582,-37.60355295035281],[-73.65563983682657,-37.60342862091186],[-73.65577400442778,-37.60325139807761],[-73.65624792794246,-37.603069196705476],[-73.65718887601085,-37.602707879495696],[-73.65790504883013,-37.602434358735],[-73.65837753578039,-37.6022860261705],[-73.65873773591585,-37.602154816112844]]]}},{"type":"Feature","properties":{"zona_code":"ZB4","zona":"Zona equipamiento 4","comuna":"Lebu"},"geometry":{"type":"Polygon","coordinates":[[[-73.65407819938832,-37.59604712989173],[-73.6543494696946,-37.59625060144876],[-73.654591596062,-37.59644113470539],[-73.65487291963143,-37.59669212021278],[-73.65529463289046,-37.59709256387182],[-73.6555842572197,-37.5973629478668],[-73.65582531493192,-37.597592976185176],[-73.65607414459714,-37.59783397016838],[-73.65569892505638,-37.59778116466301],[-73.6553021544801,-37.59772357350546],[-73.65469303126838,-37.597668737297056],[-73.65417948463282,-37.59761293938945],[-73.65360161273094,-37.59760477383568],[-73.65346381025734,-37.597610219801815],[-73.65331741053095,-37.59747790574432],[-73.65310247232144,-37.5973257533158],[-73.65285114953666,-37.59715812822996],[-73.65266375382599,-37.59704998024281],[-73.6529613558961,-37.59682402891489],[-73.65344431675484,-37.59650338385985],[-73.65407819938832,-37.59604712989173]]]}},{"type":"Feature","properties":{"zona_code":"ZB4","zona":"Zona equipamiento 4","comuna":"Lebu"},"geometry":{"type":"Polygon","coordinates":[[[-73.64888376705152,-37.59209806224908],[-73.64850119806755,-37.59232453832598],[-73.64818134776584,-37.592534446703596],[-73.64764679028231,-37.592879652132595],[-73.64711675092904,-37.592331263108036],[-73.64739683361344,-37.592165201923564],[-73.64777905484097,-37.591933105928966],[-73.64836342043034,-37.59159157070425],[-73.64888376705152,-37.59209806224908]]]}},{"type":"Feature","properties":{"zona_code":"ZB4","zona":"Zona equipamiento 4","comuna":"Lebu"},"geometry":{"type":"Polygon","coordinates":[[[-73.64752740548413,-37.59073678637152],[-73.64772531992244,-37.59095726250693],[-73.64789905599032,-37.591130779989214],[-73.64809539497499,-37.59132595182443],[-73.6482691338826,-37.5914994687975],[-73.64793781038668,-37.5916957366461],[-73.64768582024435,-37.59185787240227],[-73.64740573937068,-37.592023933414886],[-73.64703058260847,-37.592255749562604],[-73.64675797410563,-37.59197339771994],[-73.6464936905839,-37.591654078881696],[-73.64634398637622,-37.59146833776585],[-73.64666824694261,-37.59127235212911],[-73.64717681198462,-37.590964815275576],[-73.64752740548413,-37.59073678637152]]]}},{"type":"Feature","properties":{"zona_code":"ZB4","zona":"Zona equipamiento 4","comuna":"Lebu"},"geometry":{"type":"Polygon","coordinates":[[[-73.64219535721462,-37.582060824567904],[-73.64225898577,-37.58228660294903],[-73.642322233191,-37.582563126665235],[-73.6423948201713,-37.582875920174665],[-73.64244026173272,-37.58309396076673],[-73.64254555318944,-37.58336318983435],[-73.64265227936757,-37.583598543251],[-73.64277485308591,-37.58391782113115],[-73.64285968297806,-37.58414276411947],[-73.64293678094126,-37.58430037030402],[-73.64301531308996,-37.58442409997681],[-73.64311025047523,-37.58458382189417],[-73.64328197106138,-37.58483915906162],[-73.64341255529051,-37.58505947855437],[-73.64357455504341,-37.58532928910344],[-73.6434324037901,-37.58540676129487],[-73.64325606227824,-37.58550390113666],[-73.64299437277565,-37.58565231607332],[-73.64277350265813,-37.585773757433756],[-73.64261386040003,-37.585854736268914],[-73.64244634923108,-37.58595152489354],[-73.64228616510435,-37.586052254180316],[-73.64222760998173,-37.58605033494576],[-73.64215936351142,-37.58600652226606],[-73.64201563219042,-37.585916362897585],[-73.64182873510852,-37.58578703954045],[-73.64161481757066,-37.58565032526881],[-73.64138563209136,-37.585495892178336],[-73.6411217472897,-37.58532450786314],[-73.64092549704868,-37.585187095387965],[-73.6407322375656,-37.585069293913556],[-73.64048150880976,-37.58491007206901],[-73.64061055982548,-37.58473588583788],[-73.64067994137606,-37.584655647464075],[-73.64078853182276,-37.58457950092204],[-73.64071385139646,-37.58451762179933],[-73.6407933745594,-37.584458121633055],[-73.64083756981799,-37.58440001263384],[-73.64089704982156,-37.584331438126675],[-73.64096279165439,-37.584278116994426],[-73.64104478055417,-37.58422979308094],[-73.64114889242063,-37.584110138109466],[-73.6413077087776,-37.58393055167009],[-73.6415402896487,-37.583570501910046],[-73.64170791731895,-37.583276423805756],[-73.64177788578966,-37.58309188268366],[-73.64193353078561,-37.582747547465885],[-73.64198555614117,-37.58258766897939],[-73.64208345343472,-37.582368206818614],[-73.64219535721462,-37.582060824567904]]]}},{"type":"Feature","properties":{"zona_code":"ZBA","zona":"Zona barrio antiguo","comuna":"Lebu"},"geometry":{"type":"Polygon","coordinates":[[[-73.6587210202486,-37.60999183915104],[-73.65920575379907,-37.61088861677424],[-73.65745660102557,-37.61147075110742],[-73.65698847827284,-37.61061276577301],[-73.65700386508651,-37.610575518615086],[-73.6587210202486,-37.60999183915104]]]}},{"type":"Feature","properties":{"zona_code":"ZBA","zona":"Zona barrio antiguo","comuna":"Lebu"},"geometry":{"type":"Polygon","coordinates":[[[-73.6568626605762,-37.61064028832387],[-73.6573387278306,-37.61151205147496],[-73.65630809395573,-37.61185719115632],[-73.65584351618695,-37.61099906062716],[-73.6568626605762,-37.61064028832387]]]}},{"type":"Feature","properties":{"zona_code":"ZBA","zona":"Zona barrio antiguo","comuna":"Lebu"},"geometry":{"type":"Polygon","coordinates":[[[-73.65571133125809,-37.61103810714885],[-73.65615946764242,-37.611916616462814],[-73.65515586420614,-37.61224094842151],[-73.6546766328965,-37.61137493771724],[-73.65571133125809,-37.61103810714885]]]}},{"type":"Feature","properties":{"zona_code":"ZBA","zona":"Zona barrio antiguo","comuna":"Lebu"},"geometry":{"type":"Polygon","coordinates":[[[-73.65478135080724,-37.61200210424356],[-73.65378267724046,-37.61234877756117],[-73.65348851041702,-37.6118080096004],[-73.65449936087087,-37.61148622325434],[-73.65478135080724,-37.61200210424356]]]}},{"type":"Feature","properties":{"zona_code":"ZBA","zona":"Zona barrio antiguo","comuna":"Lebu"},"geometry":{"type":"Polygon","coordinates":[[[-73.65521092016152,-37.61011656867455],[-73.65564317346852,-37.610911158699686],[-73.6545186988825,-37.61128535794224],[-73.65346278718151,-37.61162301651429],[-73.65303779601953,-37.61083094953357],[-73.65521092016152,-37.61011656867455]]]}},{"type":"Feature","properties":{"zona_code":"ZBA","zona":"Zona barrio antiguo","comuna":"Lebu"},"geometry":{"type":"Polygon","coordinates":[[[-73.65875283416207,-37.60891397938988],[-73.65916338422431,-37.609700959308604],[-73.65800200772229,-37.6101076534881],[-73.65692633256648,-37.610468670109306],[-73.65649336723644,-37.60966284020309],[-73.65761479867535,-37.609297198031314],[-73.65875283416207,-37.60891397938988]]]}},{"type":"Feature","properties":{"zona_code":"ZBA","zona":"Zona barrio antiguo","comuna":"Lebu"},"geometry":{"type":"Polygon","coordinates":[[[-73.6572771987143,-37.60616247705381],[-73.65730228654364,-37.60616712205863],[-73.65762787707185,-37.60678554999451],[-73.65794552624796,-37.60739019885087],[-73.65822999056938,-37.60791724725321],[-73.65845988858065,-37.60836472188256],[-73.65869685690332,-37.60881191591156],[-73.65803135243347,-37.609046800250646],[-73.65749343590656,-37.60922590357164],[-73.65699669411946,-37.60938364843222],[-73.65643420959377,-37.609566538344275],[-73.65596894443513,-37.60869716122918],[-73.65553301576169,-37.60784353301691],[-73.65544965119973,-37.60775664185718],[-73.65502431440085,-37.60695895899372],[-73.65505047847131,-37.60692410525556],[-73.65524062379629,-37.60684894838633],[-73.65630229850046,-37.60649131929428],[-73.6572771987143,-37.60616247705381]]]}},{"type":"Feature","properties":{"zona_code":"ZBA","zona":"Zona barrio antiguo","comuna":"Lebu"},"geometry":{"type":"Polygon","coordinates":[[[-73.65637605693081,-37.60438310880966],[-73.65677577557018,-37.60516770894897],[-73.656953040797,-37.605510171552496],[-73.65723448340731,-37.606045797100116],[-73.65674906533361,-37.60621436558856],[-73.65615956335836,-37.606418049621915],[-73.65569128112871,-37.606577482353806],[-73.65517475439387,-37.606758547622604],[-73.65500175112432,-37.6068245714739],[-73.65496977060374,-37.60682301723382],[-73.6545490321193,-37.60604206063544],[-73.65420492489785,-37.605410263395086],[-73.65407887693563,-37.60515032143133],[-73.65520326465705,-37.6047761324246],[-73.65637605693081,-37.60438310880966]]]}},{"type":"Feature","properties":{"zona_code":"ZBA","zona":"Zona barrio antiguo","comuna":"Lebu"},"geometry":{"type":"Polygon","coordinates":[[[-73.65396048549255,-37.605183183785925],[-73.65440081215105,-37.60599437060995],[-73.65445765882396,-37.60611049347414],[-73.65487027475743,-37.60687486154673],[-73.65479092886613,-37.606908999899446],[-73.65384993974124,-37.607213934827854],[-73.65342339423151,-37.60639656462277],[-73.65295730952246,-37.60551311520984],[-73.65396048549255,-37.605183183785925]]]}},{"type":"Feature","properties":{"zona_code":"ZBA","zona":"Zona barrio antiguo","comuna":"Lebu"},"geometry":{"type":"Polygon","coordinates":[[[-73.65279703732269,-37.605556086581544],[-73.65323840741239,-37.60638414628379],[-73.65327953819325,-37.60647552666577],[-73.6537011439069,-37.60727054499377],[-73.65332245018763,-37.60738978897926],[-73.65268433104008,-37.607609468915534],[-73.65254666239188,-37.60767409361905],[-73.65151570166456,-37.60801356592073],[-73.65108260986818,-37.60765865350632],[-73.6508862920386,-37.607294386844906],[-73.65118087818729,-37.606792361309665],[-73.65141373341386,-37.60643650753231],[-73.65159175041484,-37.6062237375692],[-73.65172643497908,-37.606111320702944],[-73.65183177190217,-37.60603951920517],[-73.65199154317487,-37.6059317472734],[-73.6523441159671,-37.605734626446356],[-73.65259594029699,-37.60562603572797],[-73.65279703732269,-37.605556086581544]]]}},{"type":"Feature","properties":{"zona_code":"ZBA","zona":"Zona barrio antiguo","comuna":"Lebu"},"geometry":{"type":"Polygon","coordinates":[[[-73.65374182524675,-37.60738308047712],[-73.65377424459851,-37.60739166287985],[-73.65418365818597,-37.60821816376722],[-73.6542564204025,-37.60830547385532],[-73.65459523236889,-37.60896566307847],[-73.65486855246377,-37.609484705992664],[-73.65512192296048,-37.60996789755133],[-73.65512420582536,-37.610004445477344],[-73.65477412309718,-37.61012819934887],[-73.6541184930529,-37.610351398648596],[-73.6539658065041,-37.61040252633443],[-73.65382690461567,-37.61044747325081],[-73.65296928021151,-37.6107265600702],[-73.65294030548557,-37.610716432306155],[-73.65251640236748,-37.60988486347539],[-73.65203759307322,-37.60896809369836],[-73.65160433885148,-37.60815661880979],[-73.65160877367218,-37.60811416845636],[-73.65275319430994,-37.607719481154966],[-73.65374182524675,-37.60738308047712]]]}},{"type":"Feature","properties":{"zona_code":"ZBA","zona":"Zona barrio antiguo","comuna":"Lebu"},"geometry":{"type":"Polygon","coordinates":[[[-73.65492544446136,-37.606992460296745],[-73.65531917273678,-37.607737844874144],[-73.65534494229766,-37.607810102643505],[-73.65545073887715,-37.60791583491479],[-73.65582891637611,-37.608695652646325],[-73.65588135577693,-37.60879785741211],[-73.65631518741587,-37.60961774689519],[-73.65630280859621,-37.6096464200401],[-73.65619518841926,-37.60968167666685],[-73.65532026383636,-37.60996710182395],[-73.65528740442322,-37.60995149110343],[-73.65517051894842,-37.60972500871446],[-73.65485694026115,-37.6091286458802],[-73.65480450205794,-37.6090264406872],[-73.65469980089253,-37.60882484063481],[-73.65438623071348,-37.6082284757179],[-73.65432442047994,-37.60814636845762],[-73.65391552159724,-37.60735648685854],[-73.65389919236014,-37.60732190298811],[-73.65391404159593,-37.607304406279844],[-73.6548931131189,-37.60698528341756],[-73.65492544446136,-37.606992460296745]]]}},{"type":"Feature","properties":{"zona_code":"ZA2","zona":"Zona residencial mixta 2","comuna":"Lebu"},"geometry":{"type":"Polygon","coordinates":[[[-73.64524618619944,-37.61618341337226],[-73.64521478847996,-37.61641857457986],[-73.6452087151563,-37.616548457373234],[-73.64519580753199,-37.61690971410387],[-73.64517048826845,-37.61735601132765],[-73.64516678277855,-37.61769435759126],[-73.64516582031902,-37.6178494043034],[-73.64505217328953,-37.61858383873358],[-73.64447337377015,-37.61833611034043],[-73.64366896042918,-37.61799299853813],[-73.64318609400776,-37.61780630203987],[-73.6427929911706,-37.61763861049539],[-73.64296314970427,-37.617014683964314],[-73.6431744913859,-37.616369404327095],[-73.64334230732749,-37.61582166540447],[-73.64346303343294,-37.61542797299898],[-73.64348870989103,-37.61532831852164],[-73.64417575930064,-37.615664787798465],[-73.64461071084838,-37.61587873620642],[-73.64524618619944,-37.61618341337226]]]}},{"type":"Feature","properties":{"zona_code":"ZA2","zona":"Zona residencial mixta 2","comuna":"Lebu"},"geometry":{"type":"Polygon","coordinates":[[[-73.64332140324747,-37.61525882107205],[-73.64328792674256,-37.61540387632545],[-73.64311178599594,-37.61598858296838],[-73.64299903157575,-37.61633968544868],[-73.64288785327881,-37.61671609053594],[-73.64279119274572,-37.61704119288429],[-73.64270285600253,-37.61732932830315],[-73.64263327275782,-37.61757726854116],[-73.64151189608543,-37.61715081444854],[-73.6407997194394,-37.6168660497162],[-73.64099734140173,-37.61645523730148],[-73.64116686094484,-37.616048351312585],[-73.64139600039765,-37.615517924935936],[-73.64156499143225,-37.615102603387214],[-73.64170105830364,-37.6147844034162],[-73.64178954038913,-37.61455544771196],[-73.64241918293085,-37.61482373308195],[-73.64288999208827,-37.61504472841119],[-73.64332140324747,-37.61525882107205]]]}},{"type":"Feature","properties":{"zona_code":"ZA2","zona":"Zona residencial mixta 2","comuna":"Lebu"},"geometry":{"type":"Polygon","coordinates":[[[-73.6449859847236,-37.61877245990758],[-73.64497690198125,-37.61891091713335],[-73.6448875779716,-37.61906944905172],[-73.64477561683552,-37.6192626951785],[-73.64465588419469,-37.61944497341951],[-73.64456001685062,-37.6196122192134],[-73.6443997688189,-37.619883464253256],[-73.64406796489175,-37.619733088261576],[-73.64362291413738,-37.619527992186214],[-73.6430805063212,-37.61929573218564],[-73.6426656636216,-37.61912044290011],[-73.64242608158378,-37.61902842866272],[-73.64248523847044,-37.61878371872484],[-73.64257962485343,-37.61842206787292],[-73.6426594921629,-37.61811171947956],[-73.64271707028267,-37.61784170660606],[-73.64334586839719,-37.61809592730945],[-73.64405540691267,-37.61839487141833],[-73.64456477277074,-37.61860870184313],[-73.6449859847236,-37.61877245990758]]]}},{"type":"Feature","properties":{"zona_code":"ZA2","zona":"Zona residencial mixta 2","comuna":"Lebu"},"geometry":{"type":"Polygon","coordinates":[[[-73.64227237854621,-37.61894993911433],[-73.64039060143239,-37.61814761145772],[-73.64050851231892,-37.61776530559032],[-73.64058163700292,-37.6175172281206],[-73.6406834185155,-37.61721729013737],[-73.64072715280129,-37.61706619451972],[-73.64106796517994,-37.61719086001364],[-73.64159110335663,-37.617398524895705],[-73.64198315159396,-37.61754935157748],[-73.6425607114007,-37.617777413643225],[-73.64247251807159,-37.61812472876514],[-73.64237704953989,-37.618525878458826],[-73.64227237854621,-37.61894993911433]]]}},{"type":"Feature","properties":{"zona_code":"ZA2","zona":"Zona residencial mixta 2","comuna":"Lebu"},"geometry":{"type":"Polygon","coordinates":[[[-73.63847226674054,-37.61618835136713],[-73.63843811453279,-37.61626579208179],[-73.63840445385344,-37.61640803532208],[-73.63834598479589,-37.61666399015549],[-73.63822333787186,-37.61697038448943],[-73.63811430198662,-37.61726778776165],[-73.6378238501191,-37.617155221725994],[-73.63787462489955,-37.61706021603642],[-73.63788970565591,-37.61696097950742],[-73.63789120798266,-37.61681436618349],[-73.63787283211337,-37.61651916402792],[-73.63783167466099,-37.61619949307273],[-73.63779702848362,-37.61592747781679],[-73.63847226674054,-37.61618835136713]]]}},{"type":"Feature","properties":{"zona_code":"ZA2","zona":"Zona residencial mixta 2","comuna":"Lebu"},"geometry":{"type":"Polygon","coordinates":[[[-73.64247441668186,-37.60823226700334],[-73.64263831317736,-37.60804824899733],[-73.64259815226463,-37.608142838304225],[-73.64251660181404,-37.60831233579739],[-73.64243981196942,-37.60850137377835],[-73.64241997832686,-37.608581069721076],[-73.6423218084184,-37.60876813205453],[-73.64228129577056,-37.60885709767837],[-73.64215908787385,-37.609056381374906],[-73.64200507358915,-37.60925691848049],[-73.64182789600196,-37.60948373428545],[-73.64167157190383,-37.609704090627346],[-73.64159358551447,-37.60981708004132],[-73.64151594748702,-37.60993569291995],[-73.64145811354506,-37.6100309777943],[-73.64133435799229,-37.61014858907287],[-73.6411650100214,-37.61027363440715],[-73.64110168298181,-37.61039450098315],[-73.6410144275449,-37.610643136500826],[-73.64091072755744,-37.61091214802857],[-73.64080916081883,-37.611158528437535],[-73.64074107171872,-37.611259854168686],[-73.64066784177481,-37.611392384380345],[-73.64060772981976,-37.61145111981118],[-73.64044915489373,-37.61157855851188],[-73.64022038893152,-37.61177358474577],[-73.64015338262978,-37.61183541029787],[-73.64001986278446,-37.61202386388434],[-73.63986300284392,-37.61223578447183],[-73.63968224529218,-37.61251910483163],[-73.63959960208712,-37.612728100690596],[-73.63952805199297,-37.61300148052879],[-73.63942381930076,-37.61326205743179],[-73.63935881112481,-37.6135267250553],[-73.6392770078212,-37.613806145825045],[-73.63919114485006,-37.61407727205075],[-73.63912637799432,-37.61423201451066],[-73.6390405466783,-37.61444677198],[-73.63893312558129,-37.61471311044022],[-73.63880040591252,-37.61502835708851],[-73.63869546741773,-37.61527768787442],[-73.63855693670801,-37.61555652470329],[-73.63848576474031,-37.61577915953012],[-73.63846869229904,-37.61596020610747],[-73.63781147747036,-37.615704259752846],[-73.63779138951853,-37.615609227235545],[-73.63778316489314,-37.61547708885104],[-73.63775779325256,-37.61535408077147],[-73.63770614107277,-37.615150375663504],[-73.63785548770106,-37.61481756426111],[-73.63789551785229,-37.61466379696044],[-73.63796354046305,-37.61439055688022],[-73.63800619529,-37.61427896114476],[-73.63806413970335,-37.61401457241693],[-73.6381190744345,-37.61375875706717],[-73.63815217497626,-37.613664447559415],[-73.63818107685397,-37.61350266364196],[-73.63821333733702,-37.61333792801697],[-73.63833255269203,-37.61314722141009],[-73.6383914428128,-37.61306880616569],[-73.63845474233788,-37.6130043089262],[-73.63880427064129,-37.61270024967296],[-73.63931415986467,-37.61224049975228],[-73.63964583582647,-37.611934323111726],[-73.63987145145038,-37.611688692446236],[-73.63999615384255,-37.61147240216349],[-73.6400315935934,-37.611301905533985],[-73.64005835610743,-37.611162751077885],[-73.64011185006967,-37.61094081260399],[-73.64017412911464,-37.61080307778799],[-73.64023164739554,-37.610645802301974],[-73.64027713113886,-37.610522820765105],[-73.64030276691248,-37.6101948828325],[-73.64030919984883,-37.61007062207309],[-73.64032074292867,-37.6099715245749],[-73.64033526201192,-37.609920222233804],[-73.6403842462387,-37.609853469752125],[-73.64048414042296,-37.60975089105629],[-73.64068354464722,-37.609596478503775],[-73.6409274893398,-37.60941776357594],[-73.64118857692522,-37.60922991815498],[-73.64132821854467,-37.60913986374751],[-73.64146219224436,-37.60907257976199],[-73.64167765330711,-37.608948534380346],[-73.6418924141067,-37.60881324331829],[-73.64205822481459,-37.60868833642191],[-73.64223881450758,-37.60851634408459],[-73.64230369879368,-37.60844896347748],[-73.6423726581826,-37.60836169510215],[-73.64247441668186,-37.60823226700334]]]}},{"type":"Feature","properties":{"zona_code":"ZA2","zona":"Zona residencial mixta 2","comuna":"Lebu"},"geometry":{"type":"Polygon","coordinates":[[[-73.640078228759,-37.61011636189342],[-73.63987061087526,-37.60951296168469],[-73.63982602640785,-37.60930897915958],[-73.63976447333077,-37.60911693859579],[-73.63973028340445,-37.60896609481966],[-73.63969203481122,-37.60880695568349],[-73.63966561311605,-37.60866707994591],[-73.63965371189857,-37.608475901047285],[-73.6396480026231,-37.60827038649472],[-73.63965317895571,-37.6081828142674],[-73.63966227192356,-37.608044356498176],[-73.63968018381016,-37.60793373563004],[-73.63969561181369,-37.60784012220453],[-73.63971600742569,-37.60771249297538],[-73.63973902784386,-37.60762703536942],[-73.63978699532461,-37.607487046502406],[-73.6398170831106,-37.60740130983398],[-73.63991595884009,-37.60722549493497],[-73.639964449568,-37.607093940829145],[-73.64000198929556,-37.606957180837824],[-73.63999799647644,-37.60683614904039],[-73.63999599646226,-37.606633307146076],[-73.63996761726726,-37.60651887286976],[-73.63994168775208,-37.60644379889544],[-73.63988433755176,-37.606319232794085],[-73.63981341078913,-37.60614729004034],[-73.63969041875214,-37.60587875656542],[-73.63955346825566,-37.60561359055402],[-73.63947652543182,-37.60545879457339],[-73.63958449874632,-37.605429175876075],[-73.6397221088185,-37.60547730290204],[-73.63987882229884,-37.60549085586213],[-73.63995285845643,-37.60548512084652],[-73.640039978139,-37.60546195971706],[-73.64014620196643,-37.60540422548121],[-73.64023846410929,-37.60534985969012],[-73.64038072576008,-37.60530197878277],[-73.64053939748656,-37.60529008941816],[-73.64068729279562,-37.60527580626039],[-73.64103682302358,-37.60520002711115],[-73.64151304325584,-37.6051107992031],[-73.64188041560523,-37.605037132775934],[-73.6419317513814,-37.60517884508058],[-73.64200537227883,-37.605280221750874],[-73.64220929863137,-37.60553992602459],[-73.64247256940814,-37.60584238290378],[-73.64263888414355,-37.60606693079774],[-73.64278262690205,-37.606213454138036],[-73.64305881213046,-37.606495672088236],[-73.64331257081069,-37.60675904613854],[-73.6432372474531,-37.60685783966829],[-73.64306679598155,-37.607078754810125],[-73.64294742614604,-37.607266653676994],[-73.64283284755442,-37.60741772513428],[-73.64269934037306,-37.60760618124902],[-73.6425587660823,-37.60779491641333],[-73.64244401039812,-37.60794317612483],[-73.64231900156311,-37.60809747622088],[-73.64221309619953,-37.60821720370738],[-73.6421283932916,-37.60833609535524],[-73.64203875491981,-37.6084326341523],[-73.64195177511188,-37.60851497669597],[-73.64187753015017,-37.60857427028856],[-73.64175909427817,-37.60866348973489],[-73.64165657734097,-37.60872389708808],[-73.64149660887789,-37.60882884503224],[-73.6412749539649,-37.60896722579745],[-73.64103986343943,-37.609117408737866],[-73.64075386241333,-37.60930341752968],[-73.6404689100813,-37.60950629532023],[-73.64033101730955,-37.6096244627832],[-73.64021397878987,-37.6097361720681],[-73.64015526754952,-37.60981739966595],[-73.64010096585321,-37.60991254521673],[-73.640078228759,-37.61011636189342]]]}},{"type":"Feature","properties":{"zona_code":"ZA2","zona":"Zona residencial mixta 2","comuna":"Lebu"},"geometry":{"type":"Polygon","coordinates":[[[-73.65322549425231,-37.597594271080816],[-73.65289636254865,-37.59759882055748],[-73.65255362296594,-37.59761236180122],[-73.65169094852978,-37.597637984633586],[-73.65130244947812,-37.59765614844235],[-73.65076855484416,-37.597671596850375],[-73.65032652891105,-37.59768341593705],[-73.64990941163866,-37.5976970685617],[-73.64955659638605,-37.597719453619035],[-73.64911614699247,-37.59775657091475],[-73.64857763665619,-37.59781164833479],[-73.64786137535543,-37.597913196656876],[-73.6471468629706,-37.59804285377295],[-73.646560253369,-37.598178734173494],[-73.64603140401327,-37.59833206175217],[-73.6457992188687,-37.59807347890238],[-73.64551847446104,-37.597774536511984],[-73.6452218457984,-37.59744803541267],[-73.64489432595893,-37.597080477630065],[-73.64471158722239,-37.59687630873091],[-73.6445260172346,-37.59668352543095],[-73.64423310480382,-37.59635969359668],[-73.64376575508521,-37.59585109344182],[-73.6435305787028,-37.595601078157024],[-73.643186459938,-37.5952510793012],[-73.64293876216482,-37.59497055452059],[-73.6425996143238,-37.59458653797572],[-73.64220890416318,-37.59417073275972],[-73.64194673138479,-37.5938851399611],[-73.64152513695159,-37.59342827405027],[-73.64143246480452,-37.59330510085236],[-73.64136277492845,-37.59315283816191],[-73.64128990194229,-37.593006337660526],[-73.64123945323455,-37.592878681648074],[-73.64117637316053,-37.59260496900949],[-73.64108911907836,-37.592284297601694],[-73.641053013897,-37.59210252845542],[-73.64100718343299,-37.591935232829464],[-73.64093350587089,-37.5916619378647],[-73.64084485520493,-37.591318774762414],[-73.64080378407871,-37.59117102058866],[-73.64078226850155,-37.59110986469272],[-73.6406780189199,-37.59085750222403],[-73.64088265906933,-37.59073106704653],[-73.64117405179475,-37.59057584919357],[-73.64143983559194,-37.59040754833446],[-73.64179555408086,-37.59020469912389],[-73.64205566940782,-37.59005916662714],[-73.64254710734193,-37.58976077920691],[-73.64276587299307,-37.589633784842654],[-73.64310409405705,-37.58943444097066],[-73.64333982263922,-37.589295502913075],[-73.64360311373069,-37.58914420545686],[-73.64383548309951,-37.58900821734999],[-73.64405036048537,-37.588875737499905],[-73.64416580525301,-37.58902337623793],[-73.64432889944821,-37.58925368578511],[-73.64442034519851,-37.58935717749915],[-73.64449871051049,-37.589478094014176],[-73.64455748408776,-37.5895687815867],[-73.64467275538121,-37.58971360762088],[-73.64486887544753,-37.58996234308955],[-73.64501909852959,-37.59015652087001],[-73.64521381985145,-37.59038276339205],[-73.64539388609484,-37.59060112866231],[-73.6455504765861,-37.59078378108503],[-73.64568006022111,-37.59093086048795],[-73.64578421121712,-37.591067668848545],[-73.6459060286236,-37.59120378124309],[-73.64597452853396,-37.59127999236934],[-73.64607710476646,-37.591391497678664],[-73.64619220729132,-37.59153351098146],[-73.64640229581362,-37.59177887380575],[-73.64652040688627,-37.5919123121977],[-73.64665863637761,-37.5920844147995],[-73.64684878425132,-37.592293924757385],[-73.64699992253841,-37.59244578785054],[-73.64718461178109,-37.592624511593634],[-73.64733256849746,-37.592782136675574],[-73.64751425211338,-37.592969432750884],[-73.64776992991335,-37.593207357260866],[-73.64791047264575,-37.59335963765457],[-73.64807592324809,-37.59351375344531],[-73.64824984273424,-37.59369008090673],[-73.64840346794702,-37.593824934561795],[-73.64853659552124,-37.59397187027235],[-73.64867997270548,-37.594112765605736],[-73.64885725356201,-37.59428614109731],[-73.64904478436318,-37.594453475167825],[-73.64933633071503,-37.594698434089004],[-73.6495639572541,-37.59488391311622],[-73.64994381208776,-37.5951817519813],[-73.65026398230353,-37.59543121536307],[-73.65054671698059,-37.59564833611083],[-73.65075227139089,-37.595820591832364],[-73.6509348742377,-37.59596557142743],[-73.65114431519297,-37.596143310172295],[-73.65142369771145,-37.59636337918749],[-73.65170678977685,-37.59658611988693],[-73.65274016211325,-37.59725269955317],[-73.65300985473267,-37.59743087322897],[-73.65312377594934,-37.59749683010722],[-73.65322549425231,-37.597594271080816]]]}},{"type":"Feature","properties":{"zona_code":"ZA2","zona":"Zona residencial mixta 2","comuna":"Lebu"},"geometry":{"type":"Polygon","coordinates":[[[-73.63895509577927,-37.59288131407234],[-73.638806528539,-37.59231504075172],[-73.63862871731074,-37.59190492841415],[-73.63844524211926,-37.591517585455215],[-73.63831151009046,-37.59124665318565],[-73.63812870070817,-37.59092692384095],[-73.63786788660245,-37.59049189532163],[-73.6377258324571,-37.59025792904474],[-73.638299812478,-37.589919670442306],[-73.63801454827323,-37.58960397620742],[-73.63779938559377,-37.58933343199816],[-73.63763487634144,-37.58913698835206],[-73.63752014330731,-37.58900058879232],[-73.63719817455294,-37.58917673026211],[-73.6369751672263,-37.589292608263804],[-73.63677305667194,-37.58906100525313],[-73.6364706975785,-37.58869806716519],[-73.63620751785228,-37.58839559057611],[-73.6359150262728,-37.58807735628217],[-73.6356986157214,-37.58784349516342],[-73.6354744794226,-37.58754229838199],[-73.63550252620084,-37.58708180259841],[-73.63555014246938,-37.586936192265675],[-73.6356180826934,-37.58677569056971],[-73.63572170076634,-37.58661942092809],[-73.63583112419015,-37.5864995618066],[-73.63602376471414,-37.58635106070112],[-73.63618369711034,-37.586246123568245],[-73.63643303663821,-37.58609820848561],[-73.63671522236436,-37.58596591126494],[-73.63693076810584,-37.58590105855629],[-73.63704776680306,-37.58607400865432],[-73.63721261736242,-37.586276075717265],[-73.6373829248384,-37.586508930448936],[-73.63766037173863,-37.586870028500286],[-73.63788790891127,-37.58711190257264],[-73.63816627075272,-37.587430688239664],[-73.63860421269396,-37.587923562894545],[-73.63894998760709,-37.588358061948014],[-73.63927883650919,-37.588748133250334],[-73.63953475270559,-37.58910443706099],[-73.63973470356066,-37.58941503448931],[-73.63994770415103,-37.589764573377],[-73.64011127577984,-37.59005969219137],[-73.64026831000808,-37.590363523904244],[-73.64044808488528,-37.59074819156651],[-73.6405759811006,-37.59103907906452],[-73.64065217411436,-37.59123899790471],[-73.64070080279558,-37.59145127670467],[-73.64075296361948,-37.591663415905266],[-73.64083388310515,-37.59193924318217],[-73.64089926897383,-37.592193136232574],[-73.6409450993353,-37.592360431891706],[-73.64052017234627,-37.59247581695151],[-73.64020708102105,-37.592567067467876],[-73.63993498958074,-37.592634154801004],[-73.6395690740783,-37.592730302563915],[-73.63895509577927,-37.59288131407234]]]}},{"type":"Feature","properties":{"zona_code":"ZA2","zona":"Zona residencial mixta 2","comuna":"Lebu"},"geometry":{"type":"Polygon","coordinates":[[[-73.64219480582516,-37.5862630040085],[-73.64249837108179,-37.58670197424083],[-73.64290094038806,-37.58730896018302],[-73.64340856600498,-37.588010445633834],[-73.64381065721713,-37.58855262487136],[-73.64397217315133,-37.588757632045464],[-73.64366400407074,-37.588927610205744],[-73.64331641310064,-37.589147053984036],[-73.64292677285464,-37.58937379039611],[-73.6424176744094,-37.58967287577534],[-73.64195327650336,-37.58995046838065],[-73.64140953797495,-37.59026218781034],[-73.64060955813609,-37.59072491930465],[-73.64047991304012,-37.590405917658124],[-73.64023976168643,-37.589961624607206],[-73.64001000394657,-37.589570470867606],[-73.63970311534125,-37.58907807560067],[-73.63954692752718,-37.588844669556025],[-73.63931623172218,-37.58855219371283],[-73.63906311562437,-37.5882408716207],[-73.63893197532154,-37.58806848055141],[-73.63906696459537,-37.588018069971696],[-73.6394399957148,-37.587808910182765],[-73.64005228730454,-37.58746067901513],[-73.64102486063048,-37.58692632929535],[-73.64176365588342,-37.58650546434974],[-73.64219480582516,-37.5862630040085]]]}},{"type":"Feature","properties":{"zona_code":"ZA2","zona":"Zona residencial mixta 2","comuna":"Lebu"},"geometry":{"type":"Polygon","coordinates":[[[-73.63709772684881,-37.58585221002803],[-73.63746200299839,-37.58578713696816],[-73.63797479908105,-37.585775399979156],[-73.63878187389732,-37.58576898140294],[-73.63928036357493,-37.58575498363736],[-73.63964516130123,-37.58569833867337],[-73.6397739547937,-37.585662262897415],[-73.63989431810604,-37.58554760567219],[-73.6401318604891,-37.58532405303447],[-73.64028706268311,-37.58514320064831],[-73.64038941014229,-37.58502361618526],[-73.64076585412151,-37.585268072617254],[-73.64107996765613,-37.58547834444107],[-73.64143381998188,-37.58570114204606],[-73.64179260488427,-37.58594629052822],[-73.6420871352045,-37.58612633043694],[-73.64208923472955,-37.58616006817555],[-73.64177453090676,-37.58633875389015],[-73.64139392409878,-37.58653976387909],[-73.64089508471442,-37.58683280072732],[-73.64021707623526,-37.58720617229914],[-73.63977531497594,-37.58744904374905],[-73.63923812587353,-37.58775204039923],[-73.63887551882704,-37.58795797059142],[-73.6388230488236,-37.5879684918119],[-73.63847850008382,-37.587553672619215],[-73.63824162094257,-37.58727552952308],[-73.63796025124412,-37.58696531751133],[-73.63782044078324,-37.58682426926595],[-73.63768948106159,-37.58665468731535],[-73.63749657701605,-37.58640017648005],[-73.63724526155875,-37.586060596092196],[-73.63709772684881,-37.58585221002803]]]}},{"type":"Feature","properties":{"zona_code":"ZA2","zona":"Zona residencial mixta 2","comuna":"Lebu"},"geometry":{"type":"Polygon","coordinates":[[[-73.64021372885911,-37.58490371178013],[-73.64012030014007,-37.585024354225034],[-73.63995131769738,-37.585211385447344],[-73.6397869506418,-37.58535877869098],[-73.63964325664783,-37.58549690140367],[-73.63957011477609,-37.585516692380935],[-73.63935936638858,-37.58554472275037],[-73.63911328722335,-37.58557414431091],[-73.63892604495383,-37.58558151885401],[-73.63846925359742,-37.58558259945702],[-73.63799902683213,-37.58559548062279],[-73.63763090643157,-37.58559870246867],[-73.63727901427727,-37.58563510488963],[-73.63714262965956,-37.58566302104236],[-73.63694705902957,-37.58570735991634],[-73.63662321774164,-37.585796204005156],[-73.63640658557108,-37.58590055604677],[-73.63618428558266,-37.586027678107975],[-73.63605017074329,-37.58609214208957],[-73.63586319829167,-37.586217872846404],[-73.63574160485032,-37.586312845575925],[-73.63556043585632,-37.58647498643967],[-73.63546300844598,-37.58661691954075],[-73.63536928973132,-37.586761526296876],[-73.63530453256017,-37.586916265770974],[-73.63526460320583,-37.58718558094775],[-73.63499256243887,-37.58668334692858],[-73.63496402697535,-37.586566098281764],[-73.63499764723218,-37.58648022493551],[-73.63516825751313,-37.586262134394055],[-73.63528527119263,-37.586150430977504],[-73.635440971812,-37.58603438802246],[-73.635519259351,-37.58598339435258],[-73.63595997847955,-37.585723669099806],[-73.63619640993433,-37.58559599242803],[-73.63644998080946,-37.58545918497274],[-73.636831958494,-37.585337049642014],[-73.63708828639291,-37.58530159359946],[-73.63730645187702,-37.58527891194357],[-73.63771892531176,-37.585248579504295],[-73.63796269354934,-37.585238980534044],[-73.63824214052939,-37.585233612404174],[-73.63853977691187,-37.58523598280579],[-73.63889040621706,-37.585236265183596],[-73.63905256916857,-37.58522424195579],[-73.63924551317672,-37.58513772776234],[-73.63965198683572,-37.58495402560701],[-73.63985309752574,-37.58494187517843],[-73.64021372885911,-37.58490371178013]]]}},{"type":"Feature","properties":{"zona_code":"ZCM","zona":"Zona de proteccion por cementerio mapuche","comuna":"Lebu"},"geometry":{"type":"Polygon","coordinates":[[[-73.64638694771853,-37.60436337732627],[-73.64612959838023,-37.60455390478127],[-73.64587242331444,-37.604747243867344],[-73.64567920529721,-37.604602676383294],[-73.64547027561224,-37.604433362783006],[-73.64573787693152,-37.60423679504853],[-73.64599823404525,-37.604037694770284],[-73.64617871833686,-37.60420531113387],[-73.64638694771853,-37.60436337732627]]]}},{"type":"Feature","properties":{"zona_code":"ZB5","zona":"Zona equipamiento 5","comuna":"Lebu"},"geometry":{"type":"Polygon","coordinates":[[[-73.64285342366091,-37.6002977750841],[-73.64236653793417,-37.60055652878119],[-73.64208872102178,-37.60070276081936],[-73.64175964890889,-37.60087919737178],[-73.6415122318327,-37.60100168205843],[-73.64140838891575,-37.60092686138059],[-73.6412752283959,-37.60083628564239],[-73.64115798465718,-37.60071689867914],[-73.64099007965898,-37.60052341386725],[-73.64081265874368,-37.6002908458052],[-73.64066333078698,-37.60005435243753],[-73.64052828034781,-37.599876481674485],[-73.64045659358976,-37.59980602962875],[-73.64036653734107,-37.59972502723544],[-73.64032381840039,-37.59966470675487],[-73.64022501723217,-37.599585459238895],[-73.64014846770688,-37.599522244177955],[-73.64006988799758,-37.59945488138625],[-73.64000049318177,-37.599392793275136],[-73.63993744903779,-37.599347365586084],[-73.6398197384181,-37.59927731732447],[-73.63972728882955,-37.59921472807135],[-73.63961806414898,-37.59913870907276],[-73.63950612517418,-37.599019111246584],[-73.6396744567732,-37.59893497455467],[-73.63994945550897,-37.59877194904228],[-73.64035435241028,-37.59853334616059],[-73.64071276951402,-37.59831630239961],[-73.64077623513649,-37.598396942376304],[-73.64090512374928,-37.598532780733315],[-73.64110181718688,-37.598733586688304],[-73.64132658777552,-37.59895865105298],[-73.64158095645294,-37.599175502515436],[-73.64183116519204,-37.59941083689823],[-73.6419844425121,-37.59954007617008],[-73.64228743316981,-37.59985506070604],[-73.64250638588078,-37.60007189655451],[-73.64277679932998,-37.60020497162984],[-73.64285342366091,-37.6002977750841]]]}},{"type":"Feature","properties":{"zona_code":"ZBCD3","zona":"Zona equipamiento - Activdades productivas 3","comuna":"Lebu"},"geometry":{"type":"Polygon","coordinates":[[[-73.65551208776976,-37.5980365646092],[-73.65588236966046,-37.59806701932146],[-73.65637116403188,-37.598180154545325],[-73.65647538863303,-37.598204216808675],[-73.65665484743194,-37.5982985805775],[-73.65685214813003,-37.59839505698519],[-73.65705315979847,-37.598494205255605],[-73.65714959457638,-37.59856366806836],[-73.65734123476363,-37.598682914274825],[-73.65753039728686,-37.598819168125715],[-73.65766745661026,-37.59891520658592],[-73.65780344297096,-37.59905074513706],[-73.65792882865264,-37.599186701939885],[-73.65802083350722,-37.59929861478606],[-73.65808613145975,-37.59949331446902],[-73.65813128241008,-37.599705721538335],[-73.65813249230771,-37.59978176882267],[-73.65811781152881,-37.599830261497125],[-73.65808546268367,-37.5998794527364],[-73.6580239675997,-37.59991570439453],[-73.65786987977086,-37.60000071259031],[-73.65752158504546,-37.60020895340803],[-73.65731006062023,-37.60033850697263],[-73.65701300842775,-37.60051653592005],[-73.65674705387246,-37.60068206213836],[-73.65642897325877,-37.60086373926305],[-73.65605521071954,-37.60111807583319],[-73.65576291428184,-37.601315642456285],[-73.6555379525534,-37.601456997973706],[-73.65525166695264,-37.60163741539718],[-73.65499595423364,-37.60179689579703],[-73.6547061325438,-37.601977451817795],[-73.6544498908986,-37.60212849614102],[-73.65414999268765,-37.602317904568196],[-73.65384355137202,-37.602516025117225],[-73.65361504891209,-37.60265751674659],[-73.65334554460829,-37.602823175773715],[-73.65307957380656,-37.60298869334626],[-73.65284470141883,-37.60314170849527],[-73.65254797808915,-37.60332535102365],[-73.65227475964822,-37.60348833518177],[-73.65200720506368,-37.60362854840176],[-73.6517120807574,-37.60378112348154],[-73.65158855164601,-37.60384518858972],[-73.65137455112128,-37.603935373541766],[-73.65101529120807,-37.6040820251083],[-73.65060179664346,-37.60421108955012],[-73.65045300339223,-37.60426769570261],[-73.65020439026245,-37.60431415149623],[-73.64985522647655,-37.60439557894157],[-73.64951543602815,-37.604456907592],[-73.64920409079883,-37.60451993084788],[-73.64887595216152,-37.60459770701275],[-73.64860081943256,-37.60467338998406],[-73.64821947051405,-37.60480681406249],[-73.64807014843255,-37.60485498319649],[-73.6479748847102,-37.604917928056985],[-73.6477506250583,-37.605014148195714],[-73.64753568803847,-37.604833802528226],[-73.64764721822988,-37.60474766870167],[-73.64778719392478,-37.60466323070099],[-73.64804451157772,-37.60452906746665],[-73.6477981358892,-37.6043274161708],[-73.64763336066635,-37.604184548651574],[-73.64753996170049,-37.60405013561621],[-73.64748315575193,-37.603877639910934],[-73.6474777216898,-37.603790486355976],[-73.64751153662966,-37.60365105293478],[-73.64754850764535,-37.603562225032555],[-73.64765191702875,-37.60345950185178],[-73.64780056197249,-37.60334371998489],[-73.64793629970622,-37.603248175321504],[-73.64815228809867,-37.60307618710954],[-73.6482671727678,-37.6029871015098],[-73.64832356368309,-37.60292569121817],[-73.64843101677279,-37.60285944634321],[-73.64869101169971,-37.60265471721405],[-73.64897185484341,-37.60244352873635],[-73.64957366168589,-37.60198292655767],[-73.64988419900449,-37.601736742531536],[-73.65032921133799,-37.601431699718326],[-73.65056002361102,-37.60127039452858],[-73.65083589535065,-37.60109321777546],[-73.65106670547497,-37.60093191244515],[-73.65133816348082,-37.600740816833245],[-73.65181190873437,-37.600555821824095],[-73.652288307038,-37.60035662927491],[-73.65287850159972,-37.60010784456184],[-73.65328986355375,-37.599945037562044],[-73.65379364515215,-37.59973066454193],[-73.65402935861576,-37.59964807268397],[-73.65447091424264,-37.599515069888874],[-73.65492324323189,-37.599384457669196],[-73.65548352906,-37.599224211910766],[-73.65549922204376,-37.59885157134293],[-73.65550852982231,-37.598546823193004],[-73.65552455218777,-37.598236173288505],[-73.65551208776976,-37.5980365646092]]]}},{"type":"Feature","properties":{"zona_code":"ZP1","zona":"Zona de proteccion 1 - Proteccion del borde costero 'playa de mar'","comuna":"Lebu"},"geometry":{"type":"Polygon","coordinates":[[[-73.65656205891302,-37.59793304890468],[-73.65523702897558,-37.596680546188516],[-73.65485857277821,-37.59634885083491],[-73.65457459463987,-37.59611206095165],[-73.6544299514462,-37.5960078632216],[-73.654248044004,-37.595874135973624],[-73.65379467253317,-37.595590490357985],[-73.65324592816343,-37.59525424511569],[-73.65295133582374,-37.59507423753472],[-73.65253666410824,-37.59478624032883],[-73.65219616797457,-37.59455167812134],[-73.65166901498047,-37.59416384184293],[-73.65128083841536,-37.59390297612154],[-73.6508319511797,-37.5935205000879],[-73.65018017881256,-37.5929515678853],[-73.64942723704412,-37.59229362038108],[-73.64879989507047,-37.59166171141822],[-73.64827549310252,-37.591146925360256],[-73.64787823374998,-37.59073985203017],[-73.64774441272544,-37.590581669450756],[-73.64727868706743,-37.59004201602761],[-73.6468205596105,-37.58951051532499],[-73.64644577095291,-37.58906591195157],[-73.64619066700209,-37.58878004982707],[-73.64585825178087,-37.588390139548046],[-73.64552583999522,-37.58800022837488],[-73.64537491977767,-37.58779480503287],[-73.64502316009873,-37.58726473816441],[-73.6446616812703,-37.586749145073],[-73.64434575401508,-37.586282485024206],[-73.64408013365313,-37.585884297969606],[-73.64384680631389,-37.585549659909226],[-73.64376704771009,-37.58540625058641],[-73.64370331307194,-37.585349577883754],[-73.64365192814967,-37.585320602167634],[-73.64360900806005,-37.58531383952971],[-73.64357455504341,-37.58532928910344],[-73.64341255529051,-37.58505947855437],[-73.64328197106138,-37.58483915906162],[-73.64311025047523,-37.58458382189417],[-73.64301531308996,-37.58442409997681],[-73.64293678094126,-37.58430037030402],[-73.64285968297806,-37.58414276411947],[-73.64277485308591,-37.58391782113115],[-73.64265227936757,-37.583598543251],[-73.64254555318944,-37.58336318983435],[-73.64244026173272,-37.58309396076673],[-73.6423948201713,-37.582875920174665],[-73.642322233191,-37.582563126665235],[-73.64225898577,-37.58228660294903],[-73.64219535721462,-37.582060824567904],[-73.64227016929847,-37.58189722979407],[-73.6423563461012,-37.5816317262943],[-73.64239712352718,-37.581376468194954],[-73.64243293412575,-37.58115522526008],[-73.64245674685904,-37.58091190873315],[-73.64248954971958,-37.58069923937548],[-73.6425005646226,-37.58059170801161],[-73.6425398066381,-37.58053943126063],[-73.64259671212726,-37.580486458161026],[-73.64267180626986,-37.58044122267968],[-73.64277302784511,-37.580417504852136],[-73.6428952698871,-37.58039013958331],[-73.64308463108893,-37.580360128187586],[-73.6429784111104,-37.580474230457995],[-73.64291759010052,-37.5805780887579],[-73.64288996269497,-37.58070318543812],[-73.64289783673466,-37.5808297006771],[-73.6429263816922,-37.58094694590115],[-73.64296219957164,-37.581010356035534],[-73.64298829503642,-37.581088240831264],[-73.64302831280658,-37.58121912555678],[-73.64312143056377,-37.58146347023436],[-73.64323962762263,-37.58171246177657],[-73.64327394811968,-37.58192248617602],[-73.64333754775252,-37.58220463117321],[-73.64339107426878,-37.58249562906489],[-73.64341664647671,-37.582565079789646],[-73.64345988163144,-37.582633834042696],[-73.64352183042568,-37.58271875978245],[-73.64360371793323,-37.582839538981034],[-73.64365506925564,-37.582924883628],[-73.64369193934148,-37.58300516152642],[-73.64374567617475,-37.58324260257499],[-73.64377778883247,-37.5833033399131],[-73.64386163505313,-37.5833986764292],[-73.64391263718572,-37.583478397414765],[-73.64396885803419,-37.583698830737035],[-73.64402385295587,-37.5838995829242],[-73.64406139316037,-37.584047474957245],[-73.64408941563414,-37.58415628591167],[-73.64415906835053,-37.58436491514822],[-73.64423865228311,-37.584505512904194],[-73.64432848463291,-37.58464006982451],[-73.64440296022218,-37.58475550339823],[-73.64445638297973,-37.584930952560214],[-73.64452061087997,-37.58505242685813],[-73.64460921908304,-37.58516730338846],[-73.64467239650253,-37.585271909641975],[-73.64468702160825,-37.5853361546981],[-73.64473942674931,-37.58543836686048],[-73.64482838567584,-37.58555886588491],[-73.64489950574647,-37.58567724928318],[-73.64499958888001,-37.5858057648853],[-73.64504916194244,-37.58591936191351],[-73.6450946769093,-37.58602466373971],[-73.64521292042356,-37.58621728448851],[-73.64531618757847,-37.58634003748291],[-73.64539049189887,-37.586452659145635],[-73.64544289874785,-37.5865548710107],[-73.64552126067105,-37.58667578685157],[-73.64562911286669,-37.58681526873223],[-73.64569492095079,-37.586962045258325],[-73.64580277388855,-37.5871015260869],[-73.64586560567469,-37.587200508196794],[-73.64594078729222,-37.58732718615458],[-73.64601456788115,-37.587431373466124],[-73.64611626225776,-37.58752882207379],[-73.64621156128909,-37.587694163378224],[-73.64626575152214,-37.58776812101784],[-73.64633389870214,-37.58783870927832],[-73.64639798752687,-37.58790100236172],[-73.64652540563691,-37.58812708008845],[-73.64669361300965,-37.58838254956378],[-73.64682281404995,-37.588580373099724],[-73.64700658712277,-37.588801407534746],[-73.6471785061102,-37.58905954882729],[-73.64736847239163,-37.589266246602705],[-73.64752345858902,-37.58947996169777],[-73.64772031704038,-37.589683568966265],[-73.64790479690998,-37.58991584826548],[-73.64811806725278,-37.590155444771874],[-73.64828806638691,-37.590382658187934],[-73.64846849087162,-37.59060664066748],[-73.6486552818623,-37.590819098900944],[-73.64887387066865,-37.591030301284334],[-73.64904404976316,-37.591260324086754],[-73.64928772444853,-37.59147617240901],[-73.64948970398649,-37.59170493892698],[-73.64970423978879,-37.591907844811004],[-73.64994861916593,-37.59213493709877],[-73.65013100865579,-37.59233347453569],[-73.65034148882737,-37.59252808429055],[-73.65057492263199,-37.59274996954677],[-73.65078382660178,-37.592919275762874],[-73.65101197547517,-37.593113185949214],[-73.65121451843194,-37.59329401646738],[-73.6515203746851,-37.593541222795196],[-73.65175118369274,-37.59372093513016],[-73.65198552805583,-37.5939005071438],[-73.65224247543755,-37.59410173251583],[-73.65245670054664,-37.59424264200404],[-73.65271948913087,-37.59442390733043],[-73.65302961438277,-37.59462584806835],[-73.65329047572072,-37.59477618677594],[-73.6535663489938,-37.5949400226364],[-73.65384733510489,-37.59512902065374],[-73.65410767332237,-37.59527092275691],[-73.65441499814312,-37.59542787711007],[-73.65467674246793,-37.59559226851553],[-73.65489062465095,-37.595727550179895],[-73.6552060727977,-37.59590109135467],[-73.65548195337149,-37.59606492195295],[-73.65575996406685,-37.59620612230407],[-73.65600529816518,-37.596334521090355],[-73.65622662490362,-37.5964187758041],[-73.65643877727865,-37.596469571688125],[-73.65670074820821,-37.59652403563303],[-73.65692244827306,-37.59655754357547],[-73.65712046862578,-37.59660889752505],[-73.65727821781731,-37.596639297640564],[-73.65746210570869,-37.59669121034306],[-73.6576698486099,-37.59672808754099],[-73.65795036557999,-37.596795905871076],[-73.65821852621335,-37.596836028862306],[-73.65841779834513,-37.59685069352585],[-73.65862325783576,-37.596851021095],[-73.65899689259099,-37.59687851453815],[-73.65918413949855,-37.59692747316645],[-73.6594037130176,-37.59698360797891],[-73.6597135530284,-37.59706717178513],[-73.65995309745679,-37.59710278655227],[-73.66027796968967,-37.59714347946724],[-73.66052565410473,-37.59713931429936],[-73.66073552738781,-37.597153554615595],[-73.6609003627883,-37.59712730234171],[-73.66110461133336,-37.59705157917202],[-73.66120797415628,-37.59700521252728],[-73.66134631916749,-37.59695182592974],[-73.6614871248243,-37.59693779749991],[-73.66162156642805,-37.596935293600616],[-73.66170388693608,-37.596948945298564],[-73.66178372911942,-37.59697960408623],[-73.66185242683406,-37.597058616748186],[-73.66188721567234,-37.597105150892325],[-73.6619587432287,-37.59717277715881],[-73.66205748314233,-37.59722241666475],[-73.66220002963244,-37.59729286866149],[-73.66235600687519,-37.59735151443704],[-73.66264711266727,-37.5974752692757],[-73.66259833165192,-37.59754484027328],[-73.66236629358497,-37.59779922165015],[-73.66216909476034,-37.59793103476934],[-73.66202631920844,-37.59802687322821],[-73.66188125841785,-37.598086164496195],[-73.66168337186552,-37.59815036425976],[-73.66152029170757,-37.598204731570895],[-73.66137735636495,-37.59824139063924],[-73.66120756039736,-37.59830165957499],[-73.66091479844714,-37.59837806840283],[-73.6606626798506,-37.598424685167714],[-73.66054625328144,-37.59843211158404],[-73.6604077483935,-37.598426319520904],[-73.66014149496685,-37.598473493935266],[-73.66002717726278,-37.598514655558915],[-73.6599084289257,-37.598598267890566],[-73.65976211590713,-37.59869424455172],[-73.65961033539432,-37.598759434918975],[-73.6595059148043,-37.598788931320115],[-73.65931015239532,-37.59883049642162],[-73.65914087949345,-37.59889919713953],[-73.65896331042197,-37.59894849684451],[-73.65886843511787,-37.59896070539572],[-73.65862410192908,-37.59896191645783],[-73.65838578131753,-37.59894597897331],[-73.65814673755162,-37.59897516296627],[-73.65803866752373,-37.59883288429369],[-73.65794894725092,-37.598757520323694],[-73.65780040879838,-37.5986478440229],[-73.65762625850451,-37.59852508871759],[-73.65743003104036,-37.59838911425268],[-73.65719140233563,-37.5982548164609],[-73.65700099213711,-37.598155250110544],[-73.65679557151569,-37.598042185256105],[-73.65662140299057,-37.5979757957089],[-73.65656205891302,-37.59793304890468]]]}},{"type":"Feature","properties":{"zona_code":"ZA3","zona":"Zona residencial mixta 3","comuna":"Lebu"},"geometry":{"type":"Polygon","coordinates":[[[-73.65407819938832,-37.59604712989173],[-73.65344431675484,-37.59650338385985],[-73.6529613558961,-37.59682402891489],[-73.65266375382599,-37.59704998024281],[-73.65243433466492,-37.596892761869995],[-73.65212755924762,-37.59668786917131],[-73.65181354212166,-37.59648044324773],[-73.65152992384513,-37.59624926884883],[-73.65110166797464,-37.595913890259595],[-73.65082900517837,-37.59568791817165],[-73.65052825207965,-37.59546587290467],[-73.65019943726232,-37.59519138624794],[-73.64998594195909,-37.595005350871624],[-73.6504015976977,-37.59468455837177],[-73.6508214849668,-37.59437486973868],[-73.65117015262216,-37.59411590479698],[-73.6514813259511,-37.59433471833742],[-73.65173386349582,-37.59452202719808],[-73.65206694119007,-37.594751247879884],[-73.65229387152323,-37.59492547558247],[-73.65261176619012,-37.59513838378256],[-73.65294061390931,-37.59535649491942],[-73.65319829612756,-37.59551259552646],[-73.65355877120226,-37.59572663698022],[-73.65396322752157,-37.59596430516127],[-73.65407819938832,-37.59604712989173]]]}},{"type":"Feature","properties":{"zona_code":"ZA3","zona":"Zona residencial mixta 3","comuna":"Lebu"},"geometry":{"type":"Polygon","coordinates":[[[-73.65105959673907,-37.5940469940462],[-73.6505715013719,-37.59439883285923],[-73.64987839184096,-37.59492786611171],[-73.64963309863423,-37.594743085011956],[-73.64928963060079,-37.59446071944861],[-73.64911410199892,-37.59431545869376],[-73.64897513295271,-37.5941884824616],[-73.64870639460383,-37.593911619574556],[-73.64836702034684,-37.59358117757599],[-73.64799004033165,-37.59321557986492],[-73.64764679028231,-37.592879652132595],[-73.64818134776584,-37.592534446703596],[-73.64850119806755,-37.59232453832598],[-73.64888376705152,-37.59209806224908],[-73.64917069092677,-37.59238266138857],[-73.64934866954542,-37.59256728231118],[-73.64955368681302,-37.59273110692868],[-73.6497669989412,-37.592914332586545],[-73.65000697220684,-37.59312750711654],[-73.6502838571496,-37.59336458819549],[-73.65057963739119,-37.59362065040924],[-73.6508040811922,-37.59381188956506],[-73.65105959673907,-37.5940469940462]]]}},{"type":"Feature","properties":{"zona_code":"ZA3","zona":"Zona residencial mixta 3","comuna":"Lebu"},"geometry":{"type":"Polygon","coordinates":[[[-73.6434843530463,-37.58553013010794],[-73.64352744760299,-37.58553970411277],[-73.64367146719923,-37.58574822034108],[-73.64396443986965,-37.586187605023525],[-73.64415964062253,-37.58647865294736],[-73.64441697150453,-37.58685743719375],[-73.64474031820212,-37.587329441250944],[-73.64500524600633,-37.58771637978117],[-73.64522287941857,-37.58802626986044],[-73.64506260776746,-37.58812559586441],[-73.64480904515763,-37.58826242192471],[-73.64453232802072,-37.58842552532076],[-73.64410505885553,-37.58867347794272],[-73.64387347129866,-37.588366954950075],[-73.64365052733886,-37.58808545596202],[-73.64342177658517,-37.587767546269184],[-73.6432968196034,-37.587580825756824],[-73.64309420297725,-37.58728443127877],[-73.64290747031194,-37.587015594827676],[-73.64275232582168,-37.58679906169227],[-73.64251476836957,-37.586453313617895],[-73.6423282141301,-37.586187286713184],[-73.6429611502826,-37.58582977264947],[-73.6434843530463,-37.58553013010794]]]}},{"type":"Feature","properties":{"zona_code":"ZA3","zona":"Zona residencial mixta 3","comuna":"Lebu"},"geometry":{"type":"Polygon","coordinates":[[[-73.64528340382869,-37.588145071240206],[-73.64532296615525,-37.58815478430933],[-73.6454343540103,-37.58829412667673],[-73.6455725745229,-37.58846623047495],[-73.64574028418112,-37.588656899262205],[-73.64589263868145,-37.58882844474925],[-73.64607959237217,-37.58904371911155],[-73.64640547257991,-37.58944234136112],[-73.64663003673829,-37.589692769254654],[-73.64696564561095,-37.59007691418293],[-73.6472143912398,-37.59037429861709],[-73.64752740548413,-37.59073678637152],[-73.64717681198462,-37.590964815275576],[-73.64666824694261,-37.59127235212911],[-73.64634398637622,-37.59146833776585],[-73.64610034951407,-37.591196115527204],[-73.64583943003734,-37.5908738433488],[-73.64556791392432,-37.590551988848475],[-73.64538889838273,-37.590350492684856],[-73.64512091901022,-37.590028497497954],[-73.64490555569554,-37.58975515714099],[-73.64470873614192,-37.589495176438675],[-73.64441924578544,-37.58911202449159],[-73.64419402043559,-37.58879397743609],[-73.64459708547189,-37.58855543355978],[-73.64492539705405,-37.58836774857374],[-73.64518885727092,-37.58821925876055],[-73.64528340382869,-37.588145071240206]]]}}]}