{"type":"FeatureCollection","name":"PRC_SanJoaquin","crs":{"type":"name","properties":{"name":"urn:ogc:def:crs:OGC:1.3:CRS84"}},"features":[{"type":"Feature","properties":{"comuna":"SanJoaquin","zona":"AV","zona_code":"AV","nombre":"AV","decreto":""},"geometry":{"type":"Polygon","coordinates":[[[-70.62160930996811,-33.51004524018086],[-70.62085944071745,-33.50995667965075],[-70.62095057249529,-33.509587808872816],[-70.62182514563798,-33.50950882611909],[-70.62160930996811,-33.51004524018086]]]}},{"type":"Feature","properties":{"comuna":"SanJoaquin","zona":"AV","zona_code":"AV","nombre":"AV","decreto":""},"geometry":{"type":"Polygon","coordinates":[[[-70.62450000238717,-33.515422376021554],[-70.62363124785772,-33.51501971029175],[-70.62317345900344,-33.514802270589115],[-70.62418921875202,-33.51481256140757],[-70.62414992438514,-33.51503028199453],[-70.62461777401975,-33.51508818207404],[-70.62450000238717,-33.515422376021554]]]}},{"type":"Feature","properties":{"comuna":"SanJoaquin","zona":"AV","zona_code":"AV","nombre":"AV","decreto":""},"geometry":{"type":"Polygon","coordinates":[[[-70.63119767257604,-33.51268039071388],[-70.63113548004205,-33.513069592827435],[-70.63024940612247,-33.512977510583006],[-70.63039149481247,-33.51260249785244],[-70.63119767257604,-33.51268039071388]]]}},{"type":"Feature","properties":{"comuna":"SanJoaquin","zona":"AV","zona_code":"AV","nombre":"AV","decreto":""},"geometry":{"type":"Polygon","coordinates":[[[-70.63069990352396,-33.51188369130066],[-70.63082592155511,-33.51154497147538],[-70.63097307469717,-33.51158210959595],[-70.63081317263446,-33.5119239559406],[-70.63069990352396,-33.51188369130066]]]}},{"type":"Feature","properties":{"comuna":"SanJoaquin","zona":"AV","zona_code":"AV","nombre":"AV","decreto":""},"geometry":{"type":"Polygon","coordinates":[[[-70.63208950693048,-33.513865914732776],[-70.6320984577218,-33.51367181726338],[-70.63222118024821,-33.51368451632018],[-70.63221646881888,-33.51387113324465],[-70.63208950693048,-33.513865914732776]]]}},{"type":"Feature","properties":{"comuna":"SanJoaquin","zona":"AV","zona_code":"AV","nombre":"AV","decreto":""},"geometry":{"type":"Polygon","coordinates":[[[-70.63199271526203,-33.51454572801323],[-70.63200074870569,-33.51433476059901],[-70.63215436927352,-33.514349680441946],[-70.63212178829343,-33.51456103539226],[-70.63199271526203,-33.51454572801323]]]}},{"type":"Feature","properties":{"comuna":"SanJoaquin","zona":"AV","zona_code":"AV","nombre":"AV","decreto":""},"geometry":{"type":"Polygon","coordinates":[[[-70.63100639893344,-33.511100365042594],[-70.6311340132669,-33.510797085240725],[-70.63127240760171,-33.51082121149207],[-70.63115125686679,-33.51114723496746],[-70.63100639893344,-33.511100365042594]]]}},{"type":"Feature","properties":{"comuna":"SanJoaquin","zona":"AV","zona_code":"AV","nombre":"AV","decreto":""},"geometry":{"type":"Polygon","coordinates":[[[-70.63420473814267,-33.514418542400364],[-70.63420799229839,-33.514280609564544],[-70.63409294696807,-33.51383049850209],[-70.63432033526293,-33.513850229298356],[-70.63420473814267,-33.514418542400364]]]}},{"type":"Feature","properties":{"comuna":"SanJoaquin","zona":"AV","zona_code":"AV","nombre":"AV","decreto":""},"geometry":{"type":"Polygon","coordinates":[[[-70.63486476681477,-33.514783097662416],[-70.63495131800046,-33.514207879892275],[-70.63509331375923,-33.51423819749444],[-70.63500892169563,-33.51479565618607],[-70.63486476681477,-33.514783097662416]]]}},{"type":"Feature","properties":{"comuna":"SanJoaquin","zona":"AV","zona_code":"AV","nombre":"AV","decreto":""},"geometry":{"type":"Polygon","coordinates":[[[-70.62897015674835,-33.508313003239984],[-70.62901337078769,-33.50819203823932],[-70.62941003595441,-33.50828976879101],[-70.62935911730705,-33.50840881700055],[-70.62897015674835,-33.508313003239984]]]}},{"type":"Feature","properties":{"comuna":"SanJoaquin","zona":"ZU5","zona_code":"ZU5","nombre":"ZU5","decreto":""},"geometry":{"type":"Polygon","coordinates":[[[-70.6327512305094,-33.510089167715506],[-70.63286744776717,-33.50978458271994],[-70.63516085288498,-33.50995574190997],[-70.6350311125259,-33.51029077970758],[-70.6327512305094,-33.510089167715506]]]}},{"type":"Feature","properties":{"comuna":"SanJoaquin","zona":"AV","zona_code":"AV","nombre":"AV","decreto":""},"geometry":{"type":"Polygon","coordinates":[[[-70.63156617109742,-33.50991254169024],[-70.63170580221343,-33.50956474429338],[-70.63180420855544,-33.50958536565536],[-70.63167869741214,-33.509930848844284],[-70.63156617109742,-33.50991254169024]]]}},{"type":"Feature","properties":{"comuna":"SanJoaquin","zona":"AVI (2)","zona_code":"AVI (2)","nombre":"AVI (2)","decreto":""},"geometry":{"type":"Polygon","coordinates":[[[-70.6283149430417,-33.51225474782434],[-70.6293257861742,-33.50980984559835],[-70.62945743987714,-33.50975694253237],[-70.6307707213501,-33.51018839810118],[-70.63030291429324,-33.51143856144708],[-70.62982824337507,-33.51224522621873],[-70.62842955202201,-33.51234144077262],[-70.6283149430417,-33.51225474782434]]]}},{"type":"Feature","properties":{"comuna":"SanJoaquin","zona":"AV","zona_code":"AV","nombre":"AV","decreto":""},"geometry":{"type":"Polygon","coordinates":[[[-70.61919883993285,-33.50960387720502],[-70.61967418726361,-33.50962679984489],[-70.61946210844808,-33.510153124875885],[-70.61912013631787,-33.5100678329874],[-70.61897386447878,-33.510300986659175],[-70.61889830458972,-33.51026973057472],[-70.61919883993285,-33.50960387720502]]]}},{"type":"Feature","properties":{"comuna":"SanJoaquin","zona":"AV","zona_code":"AV","nombre":"AV","decreto":""},"geometry":{"type":"Polygon","coordinates":[[[-70.61731600374206,-33.51043975156383],[-70.61737458108635,-33.51030413715255],[-70.61799627353994,-33.510523625343836],[-70.61793453094678,-33.510649701322826],[-70.61731600374206,-33.51043975156383]]]}},{"type":"Feature","properties":{"comuna":"SanJoaquin","zona":"AV","zona_code":"AV","nombre":"AV","decreto":""},"geometry":{"type":"Polygon","coordinates":[[[-70.61987651518922,-33.50901773716314],[-70.61962692525509,-33.50895228325185],[-70.61971507694929,-33.5087143012026],[-70.61995672317589,-33.50877967577635],[-70.61987651518922,-33.50901773716314]]]}},{"type":"Feature","properties":{"comuna":"SanJoaquin","zona":"AV","zona_code":"AV","nombre":"AV","decreto":""},"geometry":{"type":"Polygon","coordinates":[[[-70.61944000971036,-33.508082778917185],[-70.62021385108045,-33.508034480890124],[-70.6201520899197,-33.50826626164885],[-70.61944000971036,-33.508082778917185]]]}},{"type":"Feature","properties":{"comuna":"SanJoaquin","zona":"AV","zona_code":"AV","nombre":"AV","decreto":""},"geometry":{"type":"Polygon","coordinates":[[[-70.62200093789802,-33.50919496186922],[-70.62211496902106,-33.50836377993852],[-70.622270011501,-33.508363298652746],[-70.62200093789802,-33.50919496186922]]]}},{"type":"Feature","properties":{"comuna":"SanJoaquin","zona":"AV","zona_code":"AV","nombre":"AV","decreto":""},"geometry":{"type":"Polygon","coordinates":[[[-70.62164145843872,-33.512156812010225],[-70.6213942953706,-33.512092043433405],[-70.62158622097634,-33.511531628849134],[-70.62191714775552,-33.51150366610406],[-70.62164145843872,-33.512156812010225]]]}},{"type":"Feature","properties":{"comuna":"SanJoaquin","zona":"AV","zona_code":"AV","nombre":"AV","decreto":""},"geometry":{"type":"Polygon","coordinates":[[[-70.61966361451924,-33.51167544084042],[-70.61992768482375,-33.51166205996274],[-70.62026108745266,-33.51164147139832],[-70.62023306511288,-33.51182214459074],[-70.61966361451924,-33.51167544084042]]]}},{"type":"Feature","properties":{"comuna":"SanJoaquin","zona":"ZU2a","zona_code":"ZU2a","nombre":"ZU2a","decreto":""},"geometry":{"type":"Polygon","coordinates":[[[-70.61330998273945,-33.510592060699416],[-70.61329590121443,-33.512932263266535],[-70.61137884762567,-33.51291769157343],[-70.61165669836272,-33.510547145939036],[-70.61173621243988,-33.51059843502342],[-70.61171115680447,-33.510860035491504],[-70.61212386522557,-33.51084875189147],[-70.61199909586888,-33.510768183701046],[-70.61215788423567,-33.51057537591888],[-70.61330998273945,-33.510592060699416]],[[-70.61303940419766,-33.512442608352494],[-70.61302690408276,-33.51222608478496],[-70.61250586739156,-33.512241967183904],[-70.61250558013367,-33.51245671839445],[-70.61303940419766,-33.512442608352494]]]}},{"type":"Feature","properties":{"comuna":"SanJoaquin","zona":"ZU2a","zona_code":"ZU2a","nombre":"ZU2a","decreto":""},"geometry":{"type":"Polygon","coordinates":[[[-70.6153133996385,-33.50862416704937],[-70.61797807045009,-33.50846719879408],[-70.61759698201514,-33.50939083767514],[-70.61532303708289,-33.509357299066984],[-70.6153133996385,-33.50862416704937]]]}},{"type":"Feature","properties":{"comuna":"SanJoaquin","zona":"ZU2a","zona_code":"ZU2a","nombre":"ZU2a","decreto":""},"geometry":{"type":"Polygon","coordinates":[[[-70.62857435351447,-33.514716539227635],[-70.63584237877153,-33.51548605381741],[-70.63573551444291,-33.51618211071999],[-70.6354695600922,-33.51615520845474],[-70.63541822539256,-33.51651288557172],[-70.63319924216559,-33.51627899630193],[-70.63323378989402,-33.51609300412088],[-70.63274254873743,-33.51604386458923],[-70.6327157784951,-33.516224752629256],[-70.62839180643117,-33.51576504139933],[-70.62857435351447,-33.514716539227635]]]}},{"type":"Feature","properties":{"comuna":"SanJoaquin","zona":"AV","zona_code":"AV","nombre":"AV","decreto":""},"geometry":{"type":"Polygon","coordinates":[[[-70.63576811018268,-33.51492028341613],[-70.63582570311695,-33.51451518880014],[-70.63684238418482,-33.514593541978385],[-70.63679753768567,-33.51494914176884],[-70.63576811018268,-33.51492028341613]]]}},{"type":"Feature","properties":{"comuna":"SanJoaquin","zona":"ZAPP","zona_code":"ZAPP","nombre":"ZAPP","decreto":""},"geometry":{"type":"Polygon","coordinates":[[[-70.63703399474198,-33.513136609938975],[-70.6369378980128,-33.51383545108204],[-70.6364373609199,-33.51379872444078],[-70.63654080451605,-33.513092709061645],[-70.63703399474198,-33.513136609938975]]]}},{"type":"Feature","properties":{"comuna":"SanJoaquin","zona":"ZAV","zona_code":"ZAV","nombre":"ZAV","decreto":""},"geometry":{"type":"Polygon","coordinates":[[[-70.63183610277237,-33.51050051076237],[-70.63164127256233,-33.510447536313734],[-70.63176948505767,-33.5101156152229],[-70.63196412124634,-33.51014556497479],[-70.63183610277237,-33.51050051076237]]]}},{"type":"Feature","properties":{"comuna":"SanJoaquin","zona":"ZU12","zona_code":"ZU12","nombre":"ZU12","decreto":""},"geometry":{"type":"Polygon","coordinates":[[[-70.61384204836436,-33.50866497465735],[-70.61507768993646,-33.50833006315433],[-70.61509940277611,-33.50894169752843],[-70.61403080132324,-33.50895900206795],[-70.61384204836436,-33.50866497465735]]]}},{"type":"Feature","properties":{"comuna":"SanJoaquin","zona":"ZU6","zona_code":"ZU6","nombre":"ZU6","decreto":""},"geometry":{"type":"Polygon","coordinates":[[[-70.61357844667208,-33.50965801740889],[-70.61357704027273,-33.5105610887925],[-70.61215788423567,-33.51057537591888],[-70.61199909586888,-33.510768183701046],[-70.61165669836272,-33.510547145939036],[-70.61166135752931,-33.51037134340541],[-70.61180647821315,-33.51032912901358],[-70.61254875573385,-33.50963578048625],[-70.61357844667208,-33.50965801740889]]]}},{"type":"Feature","properties":{"comuna":"SanJoaquin","zona":"AV","zona_code":"AV","nombre":"AV","decreto":""},"geometry":{"type":"Polygon","coordinates":[[[-70.61250586848462,-33.5122419680715],[-70.6130269051591,-33.512226084770944],[-70.61303940529073,-33.51244260924008],[-70.61250558013367,-33.51245671839445],[-70.61250586848462,-33.5122419680715]]]}},{"type":"Feature","properties":{"comuna":"SanJoaquin","zona":"AV","zona_code":"AV","nombre":"AV","decreto":""},"geometry":{"type":"Polygon","coordinates":[[[-70.61171115788078,-33.5108600354775],[-70.61173621455903,-33.51059843319221],[-70.61212386524228,-33.51084875279308],[-70.61211268660644,-33.51085480974763],[-70.61171115788078,-33.5108600354775]]]}},{"type":"Feature","properties":{"comuna":"SanJoaquin","zona":"AV","zona_code":"AV","nombre":"AV","decreto":""},"geometry":{"type":"Polygon","coordinates":[[[-70.61405655870746,-33.510873422240614],[-70.6140233711472,-33.512943283413726],[-70.61370797400149,-33.51293992438625],[-70.61373441693156,-33.510872964735796],[-70.61405655870746,-33.510873422240614]]]}},{"type":"Feature","properties":{"comuna":"SanJoaquin","zona":"ZE","zona_code":"ZE","nombre":"ZE","decreto":""},"geometry":{"type":"Polygon","coordinates":[[[-70.6327157784951,-33.516224752629256],[-70.63274254873743,-33.51604386458923],[-70.63323378989402,-33.51609300412088],[-70.63315173564723,-33.51654401799521],[-70.63304352931661,-33.51653217192648],[-70.63308361185378,-33.51626371844806],[-70.6327157784951,-33.516224752629256]]]}},{"type":"Feature","properties":{"comuna":"SanJoaquin","zona":"ZU6","zona_code":"ZU6","nombre":"ZU6","decreto":""},"geometry":{"type":"Polygon","coordinates":[[[-70.63640900869781,-33.518707469756144],[-70.63618035371039,-33.51867960373189],[-70.63639041589012,-33.517152027221435],[-70.63656861944007,-33.51716717126724],[-70.63640900869781,-33.518707469756144]]]}},{"type":"Feature","properties":{"comuna":"SanJoaquin","zona":"ZU2a","zona_code":"ZU2a","nombre":"ZU2a","decreto":""},"geometry":{"type":"Polygon","coordinates":[[[-70.62834921757204,-33.51603449512826],[-70.62839180643117,-33.51576504139933],[-70.63308361185378,-33.51626371844806],[-70.63304352931661,-33.51653217192648],[-70.62834921757204,-33.51603449512826]]]}},{"type":"Feature","properties":{"comuna":"SanJoaquin","zona":"ZU2a","zona_code":"ZU2a","nombre":"ZU2a","decreto":""},"geometry":{"type":"Polygon","coordinates":[[[-70.6244557964574,-33.510561763614994],[-70.62459326546764,-33.510204298540316],[-70.62515942610935,-33.51032278140553],[-70.62487918245418,-33.51159894019628],[-70.62270398675976,-33.51135524921622],[-70.62316596579534,-33.510228588929834],[-70.6236550300339,-33.51034819187039],[-70.62346628246611,-33.51083140350877],[-70.6244173679604,-33.511075098955665],[-70.62458923072693,-33.510609305168956],[-70.6244557964574,-33.510561763614994]]]}},{"type":"Feature","properties":{"comuna":"SanJoaquin","zona":"ZU2a","zona_code":"ZU2a","nombre":"ZU2a","decreto":""},"geometry":{"type":"Polygon","coordinates":[[[-70.62103345007226,-33.51462888341567],[-70.62469042682288,-33.51454982519644],[-70.62461777401975,-33.51508818207404],[-70.62414992438514,-33.51503028199453],[-70.62418921875202,-33.51481256140757],[-70.62317345900344,-33.514802270589115],[-70.6244989316309,-33.515421883243775],[-70.62406155383755,-33.51611957377288],[-70.6236540296824,-33.51589855313125],[-70.62352931180514,-33.51603858875184],[-70.62087577103784,-33.5147533729952],[-70.62103345007226,-33.51462888341567]]]}},{"type":"Feature","properties":{"comuna":"SanJoaquin","zona":"ZU2a","zona_code":"ZU2a","nombre":"ZU2a","decreto":""},"geometry":{"type":"Polygon","coordinates":[[[-70.63584237877153,-33.51548605381741],[-70.63645793305648,-33.51554400859552],[-70.63633497014862,-33.515889184601036],[-70.63628954128315,-33.516868897817616],[-70.63374464529456,-33.516616257561026],[-70.63313698646674,-33.51654233310563],[-70.63319924216559,-33.51627899630193],[-70.63541822539256,-33.51651288557172],[-70.6354695600922,-33.51615520845474],[-70.63573551444291,-33.51618211071999],[-70.63584237877153,-33.51548605381741]]]}},{"type":"Feature","properties":{"comuna":"SanJoaquin","zona":"ZU6","zona_code":"ZU6","nombre":"ZU6","decreto":""},"geometry":{"type":"Polygon","coordinates":[[[-70.63628954128315,-33.516868897817616],[-70.63633497014862,-33.515889184601036],[-70.63645790406005,-33.515544183931404],[-70.63672716631802,-33.51556662868975],[-70.63659996321745,-33.51689592848327],[-70.63628954128315,-33.516868897817616]]]}},{"type":"Feature","properties":{"comuna":"SanJoaquin","zona":"ZU2a","zona_code":"ZU2a","nombre":"ZU2a","decreto":""},"geometry":{"type":"Polygon","coordinates":[[[-70.62469922159536,-33.51588354359359],[-70.62474378357389,-33.51581338535473],[-70.6260500861896,-33.51606189715259],[-70.63639041589012,-33.517152027221435],[-70.63618035371039,-33.51867960373189],[-70.6353941038567,-33.51858377857572],[-70.63556043660229,-33.517361887410416],[-70.62613535919691,-33.516340920661335],[-70.62587707942106,-33.51628447238261],[-70.62589896267043,-33.5161961945106],[-70.62577927271519,-33.51615940419495],[-70.62573028441024,-33.51628072343098],[-70.62522275082928,-33.516178906778435],[-70.62492720854114,-33.51593940885037],[-70.62469922159536,-33.51588354359359]]]}},{"type":"Feature","properties":{"comuna":"SanJoaquin","zona":"ZU2a","zona_code":"ZU2a","nombre":"ZU2a","decreto":""},"geometry":{"type":"Polygon","coordinates":[[[-70.6353941038567,-33.51858377857572],[-70.6273385985928,-33.5177137176646],[-70.6243124317417,-33.51640734425802],[-70.62469922159536,-33.51588354359359],[-70.62492720854114,-33.51593940885037],[-70.62522275082928,-33.516178906778435],[-70.62573028441024,-33.51628072343098],[-70.62577927271519,-33.51615940419495],[-70.62589896267043,-33.5161961945106],[-70.62587707942106,-33.51628447238261],[-70.62613535919691,-33.516340920661335],[-70.63556043660229,-33.517361887410416],[-70.6353941038567,-33.51858377857572]]]}},{"type":"Feature","properties":{"comuna":"SanJoaquin","zona":"ZU2a","zona_code":"ZU2a","nombre":"ZU2a","decreto":""},"geometry":{"type":"Polygon","coordinates":[[[-70.63689340557475,-33.514223815626835],[-70.63586745891064,-33.51414286799864],[-70.63590660445692,-33.51379289263854],[-70.63693476710286,-33.51386070369866],[-70.63689340557475,-33.514223815626835]]]}},{"type":"Feature","properties":{"comuna":"SanJoaquin","zona":"ZU2a","zona_code":"ZU2a","nombre":"ZU2a","decreto":""},"geometry":{"type":"Polygon","coordinates":[[[-70.6341206184499,-33.51516529413418],[-70.63412119293301,-33.5149638653461],[-70.63640792298793,-33.51520069427977],[-70.63638958824409,-33.51531743342642],[-70.63676867458824,-33.51529332700329],[-70.63672769349631,-33.51542828641997],[-70.6341206184499,-33.51516529413418]]]}},{"type":"Feature","properties":{"comuna":"SanJoaquin","zona":"ZU2a","zona_code":"ZU2a","nombre":"ZU2a","decreto":""},"geometry":{"type":"Polygon","coordinates":[[[-70.63409346024946,-33.513830542231524],[-70.6341136885417,-33.51365083501636],[-70.63589982774478,-33.51378851273911],[-70.63586745891064,-33.51414286799864],[-70.63689340557475,-33.514223815626835],[-70.63676867458824,-33.51529332700329],[-70.63638958824409,-33.51531743342642],[-70.63640792298793,-33.51520069427977],[-70.63412119293301,-33.5149638653461],[-70.63432033526293,-33.513850229298356],[-70.63409346024946,-33.513830542231524]],[[-70.63509331375923,-33.51423819749444],[-70.63495131690716,-33.51420787900489],[-70.63486476681477,-33.514783097662416],[-70.63500892169563,-33.51479565618607],[-70.63509331375923,-33.51423819749444]],[[-70.63581958148131,-33.51456648573236],[-70.63576810910634,-33.51492028343035],[-70.63679753660934,-33.51494914178306],[-70.63684238416782,-33.514593541076806],[-70.63581958148131,-33.51456648573236]]]}},{"type":"Feature","properties":{"comuna":"SanJoaquin","zona":"AV","zona_code":"AV","nombre":"AV","decreto":""},"geometry":{"type":"Polygon","coordinates":[[[-70.63405254933036,-33.514554214468404],[-70.63381933007125,-33.51453171219236],[-70.63387697142116,-33.51409298704153],[-70.63401668181486,-33.51410147504849],[-70.63405254933036,-33.514554214468404]]]}},{"type":"Feature","properties":{"comuna":"SanJoaquin","zona":"ZU2a","zona_code":"ZU2a","nombre":"ZU2a","decreto":""},"geometry":{"type":"Polygon","coordinates":[[[-70.63115269521779,-33.514854086483794],[-70.63114983034913,-33.514651909281156],[-70.6339941420171,-33.51494850453224],[-70.63394278144592,-33.51514650370841],[-70.63115269521779,-33.514854086483794]]]}},{"type":"Feature","properties":{"comuna":"SanJoaquin","zona":"ZU2a","zona_code":"ZU2a","nombre":"ZU2a","decreto":""},"geometry":{"type":"Polygon","coordinates":[[[-70.63127673031461,-33.51466455152617],[-70.63147729503567,-33.51342611410964],[-70.63398050668927,-33.51364185515416],[-70.6340166796622,-33.51410147507689],[-70.63387697142116,-33.51409298704153],[-70.63381933007125,-33.51453171219236],[-70.63405254933036,-33.514554214468404],[-70.6339941420171,-33.51494850453224],[-70.63127673031461,-33.51466455152617]],[[-70.63221646881888,-33.51387113324465],[-70.63222118023128,-33.51368451541858],[-70.6320984577218,-33.51367181726338],[-70.63208950693048,-33.513865914732776],[-70.63221646881888,-33.51387113324465]],[[-70.63215401175727,-33.51435082234752],[-70.63200074870569,-33.51433476059901],[-70.63199271526203,-33.51454572801323],[-70.63212178829343,-33.51456103539226],[-70.63215401175727,-33.51435082234752]]]}},{"type":"Feature","properties":{"comuna":"SanJoaquin","zona":"ZU2a","zona_code":"ZU2a","nombre":"ZU2a","decreto":""},"geometry":{"type":"Polygon","coordinates":[[[-70.6341136885417,-33.51365083501636],[-70.63419473952082,-33.5129090277265],[-70.63654112144417,-33.513090558545635],[-70.6364373609199,-33.51379872444078],[-70.6341136885417,-33.51365083501636]]]}},{"type":"Feature","properties":{"comuna":"SanJoaquin","zona":"ZU2a","zona_code":"ZU2a","nombre":"ZU2a","decreto":""},"geometry":{"type":"Polygon","coordinates":[[[-70.6316311004857,-33.51272113952218],[-70.63163286856623,-33.51271668468822],[-70.63164745080934,-33.51271777135712],[-70.6316311004857,-33.51272113952218]]]}},{"type":"Feature","properties":{"comuna":"SanJoaquin","zona":"ZU2a","zona_code":"ZU2a","nombre":"ZU2a","decreto":""},"geometry":{"type":"Polygon","coordinates":[[[-70.63132217877897,-33.51270973372429],[-70.63404114134194,-33.5129009034833],[-70.63398050668927,-33.51364185515416],[-70.63147729503567,-33.51342611410964],[-70.63127673031461,-33.51466455152617],[-70.63113721262475,-33.51465065239432],[-70.6310625193288,-33.5143321684384],[-70.63132217877897,-33.51270973372429]]]}},{"type":"Feature","properties":{"comuna":"SanJoaquin","zona":"ZE","zona_code":"ZE","nombre":"ZE","decreto":""},"geometry":{"type":"Polygon","coordinates":[[[-70.63087090588107,-33.513651698892815],[-70.63027202316516,-33.51358204525483],[-70.63043462196683,-33.51309687578993],[-70.6309476011361,-33.51315061378524],[-70.63087090588107,-33.513651698892815]]]}},{"type":"Feature","properties":{"comuna":"SanJoaquin","zona":"ZU2a","zona_code":"ZU2a","nombre":"ZU2a","decreto":""},"geometry":{"type":"Polygon","coordinates":[[[-70.6309982766729,-33.51481607942586],[-70.62856984655133,-33.514579572395306],[-70.62859889526916,-33.514378385806886],[-70.63102489411165,-33.5146338734151],[-70.6309982766729,-33.51481607942586]]]}},{"type":"Feature","properties":{"comuna":"SanJoaquin","zona":"AV","zona_code":"AV","nombre":"AV","decreto":""},"geometry":{"type":"Polygon","coordinates":[[[-70.62859889526916,-33.514378385806886],[-70.62907571483387,-33.514346961123756],[-70.62924569429806,-33.514267092867435],[-70.62917568579797,-33.51444411576324],[-70.62859889526916,-33.514378385806886]]]}},{"type":"Feature","properties":{"comuna":"SanJoaquin","zona":"ZU2a","zona_code":"ZU2a","nombre":"ZU2a","decreto":""},"geometry":{"type":"Polygon","coordinates":[[[-70.62917568579797,-33.51444411576324],[-70.62995333535666,-33.512514796890535],[-70.63025484049534,-33.51261181248839],[-70.63008258068405,-33.51305843888235],[-70.63043462196683,-33.51309687578993],[-70.63027202316516,-33.51358204525483],[-70.63087090588107,-33.513651698892815],[-70.6309476011361,-33.51315061378524],[-70.63111528287178,-33.51319598910688],[-70.63088424394628,-33.514615501457804],[-70.62917568579797,-33.51444411576324]]]}},{"type":"Feature","properties":{"comuna":"SanJoaquin","zona":"ZU2a","zona_code":"ZU2a","nombre":"ZU2a","decreto":""},"geometry":{"type":"Polygon","coordinates":[[[-70.6281230800043,-33.515743669849186],[-70.62498757098786,-33.51532722239699],[-70.62508125501957,-33.51486846722625],[-70.6282699551362,-33.51475258513317],[-70.6281230800043,-33.515743669849186]]]}},{"type":"Feature","properties":{"comuna":"SanJoaquin","zona":"ZU2a","zona_code":"ZU2a","nombre":"ZU2a","decreto":""},"geometry":{"type":"Polygon","coordinates":[[[-70.62806304221529,-33.51600356633946],[-70.6261595097855,-33.51580542209328],[-70.62489668205188,-33.51557266392831],[-70.62498757098786,-33.51532722239699],[-70.6281230800043,-33.515743669849186],[-70.62806304221529,-33.51600356633946]]]}},{"type":"Feature","properties":{"comuna":"SanJoaquin","zona":"ZU2a","zona_code":"ZU2a","nombre":"ZU2a","decreto":""},"geometry":{"type":"Polygon","coordinates":[[[-70.62509956156691,-33.514730526261324],[-70.62506674737851,-33.51302266179269],[-70.62532524036507,-33.51180703168073],[-70.62799481613304,-33.51250425852974],[-70.62732226080753,-33.51444755197653],[-70.62832568763694,-33.51441445093267],[-70.62829868511007,-33.51461765949871],[-70.62509956156691,-33.514730526261324]]]}},{"type":"Feature","properties":{"comuna":"SanJoaquin","zona":"AVI (2)","zona_code":"AVI (2)","nombre":"AVI (2)","decreto":""},"geometry":{"type":"Polygon","coordinates":[[[-70.62766332564564,-33.51425390604687],[-70.62758992059558,-33.51418100808721],[-70.62818662389572,-33.51259872965546],[-70.62930454518475,-33.51246056883062],[-70.62960864038011,-33.51247689859013],[-70.62970220237703,-33.5125754574501],[-70.62912446507282,-33.51407725834272],[-70.6289911733534,-33.514177755474584],[-70.62766332564564,-33.51425390604687]]]}},{"type":"Feature","properties":{"comuna":"SanJoaquin","zona":"ZU2a","zona_code":"ZU2a","nombre":"ZU2a","decreto":""},"geometry":{"type":"Polygon","coordinates":[[[-70.63413449676908,-33.51259714933733],[-70.63406930420757,-33.51276598050946],[-70.63137335186596,-33.51255517138888],[-70.63142018194004,-33.51238214647409],[-70.63413449676908,-33.51259714933733]]]}},{"type":"Feature","properties":{"comuna":"SanJoaquin","zona":"ZU2a","zona_code":"ZU2a","nombre":"ZU2a","decreto":""},"geometry":{"type":"Polygon","coordinates":[[[-70.63186973478584,-33.51241689058081],[-70.63142018194004,-33.51238214647409],[-70.63220067241265,-33.510172099679096],[-70.63268809552277,-33.51025463077213],[-70.63186973478584,-33.51241689058081]]]}},{"type":"Feature","properties":{"comuna":"SanJoaquin","zona":"ZU2a","zona_code":"ZU2a","nombre":"ZU2a","decreto":""},"geometry":{"type":"Polygon","coordinates":[[[-70.63119897354098,-33.51254803606945],[-70.6303539681458,-33.512475485370686],[-70.63000379706338,-33.51239014156956],[-70.63004254274661,-33.51227268724701],[-70.6312669032719,-33.5123724021043],[-70.63119897354098,-33.51254803606945]]]}},{"type":"Feature","properties":{"comuna":"SanJoaquin","zona":"AVP","zona_code":"AVP","nombre":"AVP","decreto":""},"geometry":{"type":"Polygon","coordinates":[[[-70.63703195503606,-33.51230833103217],[-70.63736434155476,-33.51087134602017],[-70.6375231629625,-33.51089575071758],[-70.637194736948,-33.512335845529265],[-70.63703195503606,-33.51230833103217]]]}},{"type":"Feature","properties":{"comuna":"SanJoaquin","zona":"ZU12","zona_code":"ZU12","nombre":"ZU12","decreto":""},"geometry":{"type":"Polygon","coordinates":[[[-70.63640943561528,-33.51220287454026],[-70.63664047519886,-33.51120406950944],[-70.63726667701144,-33.51129358083697],[-70.63703195503606,-33.51230833103217],[-70.63640943561528,-33.51220287454026]]]}},{"type":"Feature","properties":{"comuna":"SanJoaquin","zona":"ZU8","zona_code":"ZU8","nombre":"ZU8","decreto":""},"geometry":{"type":"Polygon","coordinates":[[[-70.63640943561528,-33.51220287454026],[-70.63579032599709,-33.5120969568205],[-70.63600106273002,-33.51110533344212],[-70.63664047519886,-33.51120406950944],[-70.63640943561528,-33.51220287454026]]]}},{"type":"Feature","properties":{"comuna":"SanJoaquin","zona":"ZU6","zona_code":"ZU6","nombre":"ZU6","decreto":""},"geometry":{"type":"Polygon","coordinates":[[[-70.63493156571276,-33.510898758380534],[-70.63509834116421,-33.51047550641099],[-70.63609660644123,-33.510676545150766],[-70.63601351603752,-33.51104429346124],[-70.63493156571276,-33.510898758380534]]]}},{"type":"Feature","properties":{"comuna":"SanJoaquin","zona":"ZU12","zona_code":"ZU12","nombre":"ZU12","decreto":""},"geometry":{"type":"Polygon","coordinates":[[[-70.63601501380064,-33.511044479291506],[-70.63609660644123,-33.510676545150766],[-70.63736434155476,-33.51087134602017],[-70.63726667701144,-33.51129358083697],[-70.63612006086575,-33.51112972217069],[-70.63601501380064,-33.511044479291506]]]}},{"type":"Feature","properties":{"comuna":"SanJoaquin","zona":"ZU2a","zona_code":"ZU2a","nombre":"ZU2a","decreto":""},"geometry":{"type":"Polygon","coordinates":[[[-70.63186973478584,-33.51241689058081],[-70.63219237316567,-33.511566276068265],[-70.63447220412667,-33.511724978073154],[-70.63413449676908,-33.51259714933733],[-70.63186973478584,-33.51241689058081]]]}},{"type":"Feature","properties":{"comuna":"SanJoaquin","zona":"ZU5","zona_code":"ZU5","nombre":"ZU5","decreto":""},"geometry":{"type":"Polygon","coordinates":[[[-70.63447166941638,-33.51172493913694],[-70.63218167704667,-33.51156527893097],[-70.63268810786234,-33.510254599947594],[-70.63497039593486,-33.51044877372182],[-70.63447166941638,-33.51172493913694]]]}},{"type":"Feature","properties":{"comuna":"SanJoaquin","zona":"AVP","zona_code":"AVP","nombre":"AVP","decreto":""},"geometry":{"type":"Polygon","coordinates":[[[-70.63740119781598,-33.510711994385574],[-70.63786169377228,-33.50873604119542],[-70.63801168812574,-33.50876090295226],[-70.63756002109136,-33.51073639901636],[-70.63740119781598,-33.510711994385574]]]}},{"type":"Feature","properties":{"comuna":"SanJoaquin","zona":"AVP","zona_code":"AVP","nombre":"AVP","decreto":""},"geometry":{"type":"Polygon","coordinates":[[[-70.6378915152275,-33.50860415803647],[-70.63813338772485,-33.50741091539076],[-70.63817661096475,-33.507411321295535],[-70.63827695677323,-33.50751056853287],[-70.63804985458087,-33.50863096013261],[-70.6378915152275,-33.50860415803647]]]}},{"type":"Feature","properties":{"comuna":"SanJoaquin","zona":"ZU12","zona_code":"ZU12","nombre":"ZU12","decreto":""},"geometry":{"type":"Polygon","coordinates":[[[-70.63777540294038,-33.50858450431591],[-70.63673363725654,-33.508411173067294],[-70.63696455377047,-33.50739995067987],[-70.63801351820915,-33.50740979163177],[-70.63777540294038,-33.50858450431591]]]}},{"type":"Feature","properties":{"comuna":"SanJoaquin","zona":"ZU12","zona_code":"ZU12","nombre":"ZU12","decreto":""},"geometry":{"type":"Polygon","coordinates":[[[-70.63594758711743,-33.50828086871546],[-70.63631332585399,-33.507317652400026],[-70.63685366544267,-33.50733347670825],[-70.63661748347388,-33.5083919192069],[-70.63594758711743,-33.50828086871546]]]}},{"type":"Feature","properties":{"comuna":"SanJoaquin","zona":"ZU12","zona_code":"ZU12","nombre":"ZU12","decreto":""},"geometry":{"type":"Polygon","coordinates":[[[-70.63624866000266,-33.51053489519149],[-70.63670330051056,-33.508544024128284],[-70.63774554150046,-33.508716788386465],[-70.63728472833766,-33.51069409811476],[-70.63624866000266,-33.51053489519149]]]}},{"type":"Feature","properties":{"comuna":"SanJoaquin","zona":"ZU6","zona_code":"ZU6","nombre":"ZU6","decreto":""},"geometry":{"type":"Polygon","coordinates":[[[-70.63589671537635,-33.5084143984536],[-70.63658714652058,-33.508524768441816],[-70.63613224301712,-33.51051678971555],[-70.63515862474773,-33.510320715905664],[-70.63589671537635,-33.5084143984536]]]}},{"type":"Feature","properties":{"comuna":"SanJoaquin","zona":"ZU6","zona_code":"ZU6","nombre":"ZU6","decreto":""},"geometry":{"type":"Polygon","coordinates":[[[-70.63285649542009,-33.50837493577419],[-70.63339438293966,-33.50850890430905],[-70.63575566145872,-33.508419729792124],[-70.63557086439012,-33.50889694742297],[-70.63343415984473,-33.50888487141775],[-70.63273001478608,-33.5087333756896],[-70.63285649542009,-33.50837493577419]]]}},{"type":"Feature","properties":{"comuna":"SanJoaquin","zona":"ZU2a","zona_code":"ZU2a","nombre":"ZU2a","decreto":""},"geometry":{"type":"Polygon","coordinates":[[[-70.63225637938801,-33.51001594232591],[-70.6327108547029,-33.50874197370351],[-70.63322029863056,-33.508873455523684],[-70.63274744334878,-33.51009908895827],[-70.63225637938801,-33.51001594232591]]]}},{"type":"Feature","properties":{"comuna":"SanJoaquin","zona":"ZU12","zona_code":"ZU12","nombre":"ZU12","decreto":""},"geometry":{"type":"Polygon","coordinates":[[[-70.63341762913335,-33.508372661046785],[-70.63387218028834,-33.50728467318946],[-70.63618317250085,-33.507313840030434],[-70.6358088697361,-33.50828232389185],[-70.63341762913335,-33.508372661046785]]]}},{"type":"Feature","properties":{"comuna":"SanJoaquin","zona":"ZU6","zona_code":"ZU6","nombre":"ZU6","decreto":""},"geometry":{"type":"Polygon","coordinates":[[[-70.6316753051894,-33.508433627162944],[-70.63180400404117,-33.50809564837009],[-70.63270204787975,-33.5083354898969],[-70.63257362619838,-33.5086997467385],[-70.63257270562366,-33.50870105749322],[-70.6316753051894,-33.508433627162944]]]}},{"type":"Feature","properties":{"comuna":"SanJoaquin","zona":"ZU8","zona_code":"ZU8","nombre":"ZU8","decreto":""},"geometry":{"type":"Polygon","coordinates":[[[-70.63185307063507,-33.50796678836055],[-70.63210920249786,-33.50729412416574],[-70.63296845588486,-33.50729442862399],[-70.63299423779972,-33.50756795338805],[-70.63274959869376,-33.50820623470072],[-70.63185307063507,-33.50796678836055]]]}},{"type":"Feature","properties":{"comuna":"SanJoaquin","zona":"ZAPR","zona_code":"ZAPR","nombre":"ZAPR","decreto":""},"geometry":{"type":"Polygon","coordinates":[[[-70.63341762913335,-33.508372661046785],[-70.63290405681731,-33.50824568218708],[-70.63315366492418,-33.50758934015746],[-70.63312799267469,-33.50726873718659],[-70.63383695956442,-33.5072836768434],[-70.63341762913335,-33.508372661046785]]]}},{"type":"Feature","properties":{"comuna":"SanJoaquin","zona":"ZU2a","zona_code":"ZU2a","nombre":"ZU2a","decreto":""},"geometry":{"type":"Polygon","coordinates":[[[-70.62634916929066,-33.511880653854156],[-70.62537482744663,-33.51165000883245],[-70.62587739145405,-33.509341073007505],[-70.62717678837022,-33.50969140789934],[-70.62634916929066,-33.511880653854156]]]}},{"type":"Feature","properties":{"comuna":"SanJoaquin","zona":"ZU2a","zona_code":"ZU2a","nombre":"ZU2a","decreto":""},"geometry":{"type":"Polygon","coordinates":[[[-70.62103345007226,-33.51462888341567],[-70.62197230550188,-33.51313425176665],[-70.62263278620581,-33.511529346157566],[-70.62484058380959,-33.511770226191615],[-70.62458399233971,-33.512986690804716],[-70.62468247626735,-33.51454781923593],[-70.6212405417905,-33.51466822994491],[-70.62103345007226,-33.51462888341567]]]}},{"type":"Feature","properties":{"comuna":"SanJoaquin","zona":"ZU2a","zona_code":"ZU2a","nombre":"ZU2a","decreto":""},"geometry":{"type":"Polygon","coordinates":[[[-70.62189952540493,-33.511557084495266],[-70.62240034132549,-33.51153633944791],[-70.62176913503944,-33.51307454964469],[-70.62083300317562,-33.51456020531851],[-70.62010191573452,-33.51423379405098],[-70.62019351150916,-33.5130098631463],[-70.62031799738538,-33.51303954581108],[-70.62075069237984,-33.51183740341215],[-70.62051102377492,-33.51177898479517],[-70.62053416363554,-33.51162979669963],[-70.62157279577066,-33.51157234329767],[-70.62139429427748,-33.512092042545895],[-70.62169945776058,-33.51216863028774],[-70.62189952540493,-33.511557084495266]]]}},{"type":"Feature","properties":{"comuna":"SanJoaquin","zona":"ZU2a","zona_code":"ZU2a","nombre":"ZU2a","decreto":""},"geometry":{"type":"Polygon","coordinates":[[[-70.62019351150916,-33.5130098631463],[-70.62021565103069,-33.51267774290464],[-70.62051102377492,-33.51177898479517],[-70.62075069237984,-33.51183740341215],[-70.62031799738538,-33.51303954581108],[-70.62019351150916,-33.5130098631463]]]}},{"type":"Feature","properties":{"comuna":"SanJoaquin","zona":"AV","zona_code":"AV","nombre":"AV","decreto":""},"geometry":{"type":"Polygon","coordinates":[[[-70.62435591416295,-33.50939759338703],[-70.62474572355438,-33.509383948359584],[-70.6243516552389,-33.510391463328986],[-70.62397920887392,-33.510290719795805],[-70.62435591416295,-33.50939759338703]]]}},{"type":"Feature","properties":{"comuna":"SanJoaquin","zona":"AV","zona_code":"AV","nombre":"AV","decreto":""},"geometry":{"type":"Polygon","coordinates":[[[-70.62364750821287,-33.509052948676334],[-70.62425248501657,-33.509217147151894],[-70.62438235986278,-33.50885085201664],[-70.62543909782886,-33.50910416736891],[-70.62541941271556,-33.50918858364404],[-70.62356794013479,-33.50925338621734],[-70.62364750821287,-33.509052948676334]]]}},{"type":"Feature","properties":{"comuna":"SanJoaquin","zona":"ZU2a","zona_code":"ZU2a","nombre":"ZU2a","decreto":""},"geometry":{"type":"Polygon","coordinates":[[[-70.62364750821287,-33.509052948676334],[-70.62390981436869,-33.50839217223169],[-70.62551864198126,-33.508797061615525],[-70.62543909782886,-33.50910416736891],[-70.62438235986278,-33.50885085201664],[-70.62425248501657,-33.509217147151894],[-70.62364750821287,-33.509052948676334]]]}},{"type":"Feature","properties":{"comuna":"SanJoaquin","zona":"ZU6","zona_code":"ZU6","nombre":"ZU6","decreto":""},"geometry":{"type":"Polygon","coordinates":[[[-70.62392086717318,-33.50839499972082],[-70.62416303859672,-33.50780653143921],[-70.62543809319854,-33.5077219286512],[-70.6256982567344,-33.50790765133523],[-70.6255104535341,-33.50879750455874],[-70.62392086717318,-33.50839499972082]]]}},{"type":"Feature","properties":{"comuna":"SanJoaquin","zona":"ZU6","zona_code":"ZU6","nombre":"ZU6","decreto":""},"geometry":{"type":"Polygon","coordinates":[[[-70.62256113896946,-33.50846061456249],[-70.62277518788495,-33.50788366556585],[-70.62389472423237,-33.50782486466896],[-70.62391253258272,-33.50789887814739],[-70.62374707751725,-33.50830077426511],[-70.62353259356702,-33.50826177384887],[-70.62337035168038,-33.50866510905677],[-70.62256113896946,-33.50846061456249]]]}},{"type":"Feature","properties":{"comuna":"SanJoaquin","zona":"ZU2a","zona_code":"ZU2a","nombre":"ZU2a","decreto":""},"geometry":{"type":"Polygon","coordinates":[[[-70.62128400643685,-33.50814682269572],[-70.62270639970727,-33.50806960616998],[-70.62256113896946,-33.50846061456249],[-70.62337035168038,-33.50866510905677],[-70.62341065983959,-33.50855735868015],[-70.62361285710014,-33.50862714260553],[-70.62336222836458,-33.50921315410505],[-70.6229596269702,-33.5091189918123],[-70.62290556109807,-33.50927431754281],[-70.62227587140825,-33.50911076981284],[-70.62218559603758,-33.509309591816674],[-70.62111827604026,-33.50936948516796],[-70.62128400643685,-33.50814682269572]],[[-70.62211496902106,-33.50836377993852],[-70.62200093789802,-33.50919496186922],[-70.622270011501,-33.508363298652746],[-70.62211496902106,-33.50836377993852]]]}},{"type":"Feature","properties":{"comuna":"SanJoaquin","zona":"AV","zona_code":"AV","nombre":"AV","decreto":""},"geometry":{"type":"Polygon","coordinates":[[[-70.62218589383951,-33.50930893589928],[-70.62227587140825,-33.50911076981284],[-70.62290556109807,-33.50927431754281],[-70.6229596269702,-33.5091189918123],[-70.62336222836458,-33.50921315410505],[-70.6233417768268,-33.50926263905894],[-70.62218589383951,-33.50930893589928]]]}},{"type":"Feature","properties":{"comuna":"SanJoaquin","zona":"ZU2a","zona_code":"ZU2a","nombre":"ZU2a","decreto":""},"geometry":{"type":"Polygon","coordinates":[[[-70.62109360690043,-33.50815937015086],[-70.62112479601562,-33.507974432936756],[-70.62277518788495,-33.50788366556585],[-70.62270639863101,-33.50806960618409],[-70.62109360690043,-33.50815937015086]]]}},{"type":"Feature","properties":{"comuna":"SanJoaquin","zona":"ZU2a","zona_code":"ZU2a","nombre":"ZU2a","decreto":""},"geometry":{"type":"Polygon","coordinates":[[[-70.62089120390914,-33.50938153296677],[-70.62109360690043,-33.50815937015086],[-70.62128400643685,-33.50814682269572],[-70.62111827604026,-33.50936948516796],[-70.62089120390914,-33.50938153296677]]]}},{"type":"Feature","properties":{"comuna":"SanJoaquin","zona":"ZU2a","zona_code":"ZU2a","nombre":"ZU2a","decreto":""},"geometry":{"type":"Polygon","coordinates":[[[-70.62325750433682,-33.509443529766216],[-70.62306910990192,-33.509908147898315],[-70.62288029978538,-33.50985102966633],[-70.62304068233654,-33.50945293469451],[-70.62325750433682,-33.509443529766216]]]}},{"type":"Feature","properties":{"comuna":"SanJoaquin","zona":"ZU6","zona_code":"ZU6","nombre":"ZU6","decreto":""},"geometry":{"type":"Polygon","coordinates":[[[-70.62304068231971,-33.50945293379291],[-70.62288029978538,-33.50985102966633],[-70.62306910990192,-33.509908147898315],[-70.62287423532666,-33.5103866863979],[-70.62188509766176,-33.51013265350328],[-70.62213146395415,-33.50949236774193],[-70.62304068231971,-33.50945293379291]]]}},{"type":"Feature","properties":{"comuna":"SanJoaquin","zona":"ZED","zona_code":"ZED","nombre":"ZED","decreto":""},"geometry":{"type":"Polygon","coordinates":[[[-70.62222661204076,-33.511354479410066],[-70.62222384033596,-33.51122409792407],[-70.62153758665974,-33.51103971418711],[-70.62188509766176,-33.51013265350328],[-70.6228742342672,-33.5103866873136],[-70.62248850957549,-33.511343471695305],[-70.62222661204076,-33.511354479410066]]]}},{"type":"Feature","properties":{"comuna":"SanJoaquin","zona":"ZU2a","zona_code":"ZU2a","nombre":"ZU2a","decreto":""},"geometry":{"type":"Polygon","coordinates":[[[-70.62182317540841,-33.50951372175478],[-70.62211000549189,-33.50949382475428],[-70.62153758665974,-33.51103971418711],[-70.62222384033596,-33.51122409792407],[-70.62222943125315,-33.511357288631984],[-70.62056093677067,-33.51144625215809],[-70.6206937667657,-33.51063379267251],[-70.62090773768287,-33.510660153878334],[-70.62101627557998,-33.50997520306546],[-70.62160930996811,-33.51004524018086],[-70.62182317540841,-33.50951372175478]]]}},{"type":"Feature","properties":{"comuna":"SanJoaquin","zona":"ZU2a","zona_code":"ZU2a","nombre":"ZU2a","decreto":""},"geometry":{"type":"Polygon","coordinates":[[[-70.6206937667657,-33.51063379267251],[-70.62079552188722,-33.51001303497153],[-70.62100792463802,-33.51002754857978],[-70.62090773768287,-33.510660153878334],[-70.6206937667657,-33.51063379267251]]]}},{"type":"Feature","properties":{"comuna":"SanJoaquin","zona":"ZU2a","zona_code":"ZU2a","nombre":"ZU2a","decreto":""},"geometry":{"type":"Polygon","coordinates":[[[-70.61991420960918,-33.51293798006356],[-70.6196706817988,-33.51287931274608],[-70.62004413686442,-33.511773259066906],[-70.6202330672655,-33.51182214456258],[-70.61991420960918,-33.51293798006356]]]}},{"type":"Feature","properties":{"comuna":"SanJoaquin","zona":"ZU2a","zona_code":"ZU2a","nombre":"ZU2a","decreto":""},"geometry":{"type":"Polygon","coordinates":[[[-70.61991420960918,-33.51293798006356],[-70.61977873326857,-33.514148697706545],[-70.61622460897975,-33.5132464567806],[-70.61709119498906,-33.51100370878474],[-70.61793402143932,-33.511309637941935],[-70.62004413686442,-33.511773259066906],[-70.6196706817988,-33.51287931274608],[-70.61991420960918,-33.51293798006356]]]}},{"type":"Feature","properties":{"comuna":"SanJoaquin","zona":"ZU2a","zona_code":"ZU2a","nombre":"ZU2a","decreto":""},"geometry":{"type":"Polygon","coordinates":[[[-70.61443098338846,-33.512948204604214],[-70.61442844086304,-33.510881007874175],[-70.61687664507308,-33.510963693141555],[-70.61602834612475,-33.513200589983974],[-70.61511290932481,-33.512982851771206],[-70.61443098338846,-33.512948204604214]]]}},{"type":"Feature","properties":{"comuna":"SanJoaquin","zona":"ZU2a","zona_code":"ZU2a","nombre":"ZU2a","decreto":""},"geometry":{"type":"Polygon","coordinates":[[[-70.61443098338846,-33.512948204604214],[-70.61418967431732,-33.51294481620988],[-70.61421802049685,-33.510874526664665],[-70.61442844086304,-33.510881007874175],[-70.61443098338846,-33.512948204604214]]]}},{"type":"Feature","properties":{"comuna":"SanJoaquin","zona":"ZU2a","zona_code":"ZU2a","nombre":"ZU2a","decreto":""},"geometry":{"type":"Polygon","coordinates":[[[-70.61330847357807,-33.51056539180885],[-70.61357704027273,-33.5105610887925],[-70.61354656700607,-33.51293339689009],[-70.61329590121443,-33.512932263266535],[-70.61327163645473,-33.510942752462256],[-70.61330847357807,-33.51056539180885]]]}},{"type":"Feature","properties":{"comuna":"SanJoaquin","zona":"ZU12","zona_code":"ZU12","nombre":"ZU12","decreto":""},"geometry":{"type":"Polygon","coordinates":[[[-70.61254875573385,-33.50963578048625],[-70.61320487041677,-33.509009480395896],[-70.61344712081409,-33.5090072177308],[-70.61357844667208,-33.50965801740889],[-70.61254875573385,-33.50963578048625]]]}},{"type":"Feature","properties":{"comuna":"SanJoaquin","zona":"AV","zona_code":"AV","nombre":"AV","decreto":""},"geometry":{"type":"Polygon","coordinates":[[[-70.61401194968828,-33.509664222612464],[-70.61406890193231,-33.51069322148066],[-70.6137370842006,-33.51068914209219],[-70.61373989292319,-33.50965968182772],[-70.61401194968828,-33.509664222612464]]]}},{"type":"Feature","properties":{"comuna":"SanJoaquin","zona":"AVP","zona_code":"AVP","nombre":"AVP","decreto":""},"geometry":{"type":"Polygon","coordinates":[[[-70.61373989292319,-33.50965968182772],[-70.6137423845798,-33.50944204487958],[-70.61361517957218,-33.50901175237015],[-70.61382795649983,-33.509017493341204],[-70.61401194968828,-33.509664222612464],[-70.61373989292319,-33.50965968182772]]]}},{"type":"Feature","properties":{"comuna":"SanJoaquin","zona":"ZU2a","zona_code":"ZU2a","nombre":"ZU2a","decreto":""},"geometry":{"type":"Polygon","coordinates":[[[-70.62007151153067,-33.51147234728654],[-70.62024627828511,-33.51036434473283],[-70.62046307949264,-33.5103720993835],[-70.62029247686559,-33.51145870160128],[-70.62007151153067,-33.51147234728654]]]}},{"type":"Feature","properties":{"comuna":"SanJoaquin","zona":"ZU2a","zona_code":"ZU2a","nombre":"ZU2a","decreto":""},"geometry":{"type":"Polygon","coordinates":[[[-70.61799571441436,-33.51052476082757],[-70.61816947655231,-33.51059052780219],[-70.61808548413774,-33.51080428200946],[-70.61830533701624,-33.51086301482597],[-70.6187944980383,-33.50958387730272],[-70.62057999162315,-33.5096148484707],[-70.62046307949264,-33.5103720993835],[-70.62024627828511,-33.51036434473283],[-70.62007151153067,-33.51147234728654],[-70.61924499933689,-33.51147406004493],[-70.61717335161589,-33.51080663584129],[-70.61731600266577,-33.51043975157789],[-70.61793452987048,-33.51064970133688],[-70.61799571441436,-33.51052476082757]],[[-70.61889830351343,-33.51026973058878],[-70.61901686491788,-33.51030397233805],[-70.61912013631787,-33.5100678329874],[-70.61946210735499,-33.51015312398836],[-70.61967223806603,-33.50961394010225],[-70.61919883993285,-33.50960387720502],[-70.61889830351343,-33.51026973058878]]]}},{"type":"Feature","properties":{"comuna":"SanJoaquin","zona":"ZU6","zona_code":"ZU6","nombre":"ZU6","decreto":""},"geometry":{"type":"Polygon","coordinates":[[[-70.61816947655231,-33.51059052780219],[-70.61737458001006,-33.510304137166614],[-70.61770021047523,-33.509561167559916],[-70.6187944980383,-33.50958387730272],[-70.61830533701624,-33.51086301482597],[-70.61808548413774,-33.51080428200946],[-70.61816947655231,-33.51059052780219]]]}},{"type":"Feature","properties":{"comuna":"SanJoaquin","zona":"AV","zona_code":"AV","nombre":"AV","decreto":""},"geometry":{"type":"Polygon","coordinates":[[[-70.62045623824241,-33.50941828507735],[-70.62046354613241,-33.50929681325981],[-70.62073655262199,-33.508645006138714],[-70.62061558127452,-33.509405562346544],[-70.62045623824241,-33.50941828507735]]]}},{"type":"Feature","properties":{"comuna":"SanJoaquin","zona":"ZU2a","zona_code":"ZU2a","nombre":"ZU2a","decreto":""},"geometry":{"type":"Polygon","coordinates":[[[-70.62042397132876,-33.509292940956264],[-70.62021881906318,-33.50923622540016],[-70.62060982228552,-33.50820938535244],[-70.62080434719847,-33.508236899499124],[-70.62070629815334,-33.508703802212274],[-70.62042397132876,-33.509292940956264]]]}},{"type":"Feature","properties":{"comuna":"SanJoaquin","zona":"ZU2a","zona_code":"ZU2a","nombre":"ZU2a","decreto":""},"geometry":{"type":"Polygon","coordinates":[[[-70.620371314315,-33.50801957183555],[-70.62083902071888,-33.50799135219085],[-70.62080434719847,-33.508236899499124],[-70.62035125890205,-33.508169267925595],[-70.620371314315,-33.50801957183555]]]}},{"type":"Feature","properties":{"comuna":"SanJoaquin","zona":"ZU2a","zona_code":"ZU2a","nombre":"ZU2a","decreto":""},"geometry":{"type":"Polygon","coordinates":[[[-70.61944000971036,-33.508082778917185],[-70.62013280060258,-33.50826129061076],[-70.6200517272146,-33.508478690966086],[-70.61929842231919,-33.50828199747561],[-70.61944000971036,-33.508082778917185]]]}},{"type":"Feature","properties":{"comuna":"SanJoaquin","zona":"ZU2a","zona_code":"ZU2a","nombre":"ZU2a","decreto":""},"geometry":{"type":"Polygon","coordinates":[[[-70.62021551182545,-33.50802839892126],[-70.620371314315,-33.50801957183555],[-70.62035125890205,-33.508169267925595],[-70.6205994245897,-33.50823741475347],[-70.62021881906318,-33.50923622540016],[-70.62046296896683,-33.50930639094487],[-70.62045623824241,-33.50941828507735],[-70.61887427153322,-33.50940489792095],[-70.61929842231919,-33.50828199747561],[-70.6200517272146,-33.508478690966086],[-70.62021551182545,-33.50802839892126]],[[-70.61995672209962,-33.50877967579043],[-70.61971507694929,-33.5087143012026],[-70.61962692525509,-33.50895228325185],[-70.6198811886786,-33.5090189629405],[-70.61995672209962,-33.50877967579043]]]}},{"type":"Feature","properties":{"comuna":"SanJoaquin","zona":"ZU6","zona_code":"ZU6","nombre":"ZU6","decreto":""},"geometry":{"type":"Polygon","coordinates":[[[-70.61827756634189,-33.50812908512663],[-70.61937547363978,-33.50807547383517],[-70.61887427153322,-33.50940489792095],[-70.61778870129541,-33.50933785141797],[-70.61827756634189,-33.50812908512663]]]}},{"type":"Feature","properties":{"comuna":"SanJoaquin","zona":"ZU6","zona_code":"ZU6","nombre":"ZU6","decreto":""},"geometry":{"type":"Polygon","coordinates":[[[-70.6153133996385,-33.50862416704937],[-70.61529294804058,-33.50832435220171],[-70.61810538680716,-33.50813522868545],[-70.61797807045009,-33.50846719879408],[-70.6153133996385,-33.50862416704937]]]}},{"type":"Feature","properties":{"comuna":"SanJoaquin","zona":"ZU2a","zona_code":"ZU2a","nombre":"ZU2a","decreto":""},"geometry":{"type":"Polygon","coordinates":[[[-70.61423286615114,-33.5099391077412],[-70.61445360806238,-33.509905003160334],[-70.6144479711654,-33.51070177395018],[-70.61423075736181,-33.51069687382414],[-70.61423286615114,-33.5099391077412]]]}},{"type":"Feature","properties":{"comuna":"SanJoaquin","zona":"ZU2a","zona_code":"ZU2a","nombre":"ZU2a","decreto":""},"geometry":{"type":"Polygon","coordinates":[[[-70.61507603432143,-33.50948541363489],[-70.61754503896614,-33.50950086922945],[-70.61755676012376,-33.50952503469432],[-70.61696218347673,-33.51076747980747],[-70.6144479711654,-33.51070177395018],[-70.61445360806238,-33.509905003160334],[-70.61420348526758,-33.50994364716512],[-70.61420442807275,-33.50965751713126],[-70.61507164497357,-33.50967826254634],[-70.61507603432143,-33.50948541363489]]]}},{"type":"Feature","properties":{"comuna":"SanJoaquin","zona":"ZU6","zona_code":"ZU6","nombre":"ZU6","decreto":""},"geometry":{"type":"Polygon","coordinates":[[[-70.61423004397335,-33.509665081444915],[-70.61416440676993,-33.5094365690379],[-70.61507693015324,-33.50945286238311],[-70.61507164497357,-33.50967826254634],[-70.61423004397335,-33.509665081444915]]]}},{"type":"Feature","properties":{"comuna":"SanJoaquin","zona":"ZU12","zona_code":"ZU12","nombre":"ZU12","decreto":""},"geometry":{"type":"Polygon","coordinates":[[[-70.61403080132324,-33.50895900206795],[-70.61509940277611,-33.50894169752843],[-70.61507603432143,-33.50948541363489],[-70.61416440676993,-33.5094365690379],[-70.61403080132324,-33.50895900206795]]]}},{"type":"Feature","properties":{"comuna":"SanJoaquin","zona":"AV","zona_code":"AV","nombre":"AV","decreto":""},"geometry":{"type":"Polygon","coordinates":[[[-70.61399184593124,-33.50883460179726],[-70.6134259639046,-33.50882368193188],[-70.61340075098384,-33.50882319511543],[-70.61384204836436,-33.50866497465735],[-70.61399184593124,-33.50883460179726]]]}},{"type":"Feature","properties":{"comuna":"SanJoaquin","zona":"ZE","zona_code":"ZE","nombre":"ZE","decreto":""},"geometry":{"type":"Polygon","coordinates":[[[-70.62462794448562,-33.51011543633448],[-70.62491776505398,-33.509377927202344],[-70.62537042162043,-33.50938834503727],[-70.6251841996502,-33.510255185907376],[-70.62462794448562,-33.51011543633448]]]}},{"type":"Feature","properties":{"comuna":"SanJoaquin","zona":"ZU2a","zona_code":"ZU2a","nombre":"ZU2a","decreto":""},"geometry":{"type":"Polygon","coordinates":[[[-70.62334277204658,-33.50980251308621],[-70.62350110570931,-33.50942878817119],[-70.6241821049515,-33.50940367572354],[-70.62394843212631,-33.509957682176754],[-70.62334277204658,-33.50980251308621]]]}},{"type":"Feature","properties":{"comuna":"SanJoaquin","zona":"ZE","zona_code":"ZE","nombre":"ZE","decreto":""},"geometry":{"type":"Polygon","coordinates":[[[-70.62319460512327,-33.51015946415373],[-70.62334277204658,-33.50980251308621],[-70.62394843212631,-33.509957682176754],[-70.62380119275166,-33.51030676690068],[-70.62319460512327,-33.51015946415373]]]}},{"type":"Feature","properties":{"comuna":"SanJoaquin","zona":"ZE","zona_code":"ZE","nombre":"ZE","decreto":""},"geometry":{"type":"Polygon","coordinates":[[[-70.6236550300339,-33.51034819187039],[-70.62458923072693,-33.510609305168956],[-70.6244173679604,-33.511075098955665],[-70.62346628246611,-33.51083140350877],[-70.6236550300339,-33.51034819187039]]]}},{"type":"Feature","properties":{"comuna":"SanJoaquin","zona":"ZU2a","zona_code":"ZU2a","nombre":"ZU2a","decreto":""},"geometry":{"type":"Polygon","coordinates":[[[-70.62698948647527,-33.51048737232389],[-70.6272783568716,-33.509718187741804],[-70.62889251052326,-33.510143908203126],[-70.62805963644077,-33.512335274723625],[-70.62645180180704,-33.51190784511271],[-70.62671124089131,-33.511218347230624],[-70.62735683941766,-33.511389241806626],[-70.62764350765201,-33.51066115972818],[-70.62698948647527,-33.51048737232389]]]}},{"type":"Feature","properties":{"comuna":"SanJoaquin","zona":"ZE","zona_code":"ZE","nombre":"ZE","decreto":""},"geometry":{"type":"Polygon","coordinates":[[[-70.62671124089131,-33.511218347230624],[-70.62698948647527,-33.51048737232389],[-70.62764350765201,-33.51066115972818],[-70.62735683941766,-33.511389241806626],[-70.62671124089131,-33.511218347230624]]]}},{"type":"Feature","properties":{"comuna":"SanJoaquin","zona":"ZE","zona_code":"ZE","nombre":"ZE","decreto":""},"geometry":{"type":"Polygon","coordinates":[[[-70.62787230222415,-33.50968739716409],[-70.62813117791268,-33.509009086360756],[-70.62848598608706,-33.50910499102801],[-70.62824052619946,-33.50978522919985],[-70.62787230222415,-33.50968739716409]]]}},{"type":"Feature","properties":{"comuna":"SanJoaquin","zona":"ZED","zona_code":"ZED","nombre":"ZED","decreto":""},"geometry":{"type":"Polygon","coordinates":[[[-70.6354809398298,-33.51230767286695],[-70.63444393274435,-33.51215232191394],[-70.6346504762635,-33.51162246294837],[-70.63558335187095,-33.51174797012462],[-70.6354809398298,-33.51230767286695]]]}},{"type":"Feature","properties":{"comuna":"SanJoaquin","zona":"ZE","zona_code":"ZE","nombre":"ZE","decreto":""},"geometry":{"type":"Polygon","coordinates":[[[-70.63523311013769,-33.51170085034846],[-70.6346504762635,-33.51162246294837],[-70.63476976659317,-33.511313874964955],[-70.6352816987907,-33.51139159914911],[-70.63523311013769,-33.51170085034846]]]}},{"type":"Feature","properties":{"comuna":"SanJoaquin","zona":"ZU2a","zona_code":"ZU2a","nombre":"ZU2a","decreto":""},"geometry":{"type":"Polygon","coordinates":[[[-70.63671486366822,-33.51297238793526],[-70.63424254807816,-33.51277756459313],[-70.63422857305692,-33.51274797093448],[-70.6344064563399,-33.51228336560644],[-70.63678984722519,-33.5126087090086],[-70.63671486366822,-33.51297238793526]]]}},{"type":"Feature","properties":{"comuna":"SanJoaquin","zona":"ZU2a","zona_code":"ZU2a","nombre":"ZU2a","decreto":""},"geometry":{"type":"Polygon","coordinates":[[[-70.63681447852224,-33.512524411547616],[-70.6354809398298,-33.51230767286695],[-70.63558335187095,-33.51174797012462],[-70.63523311013769,-33.51170085034846],[-70.6352816987907,-33.51139159914911],[-70.63476976659317,-33.511313874964955],[-70.63493156571276,-33.510898758380534],[-70.63601520825723,-33.51104360015488],[-70.63579032599709,-33.5120969568205],[-70.63686917318441,-33.51228081451466],[-70.63681447852224,-33.512524411547616]]]}},{"type":"Feature","properties":{"comuna":"SanJoaquin","zona":"ZU6","zona_code":"ZU6","nombre":"ZU6","decreto":""},"geometry":{"type":"Polygon","coordinates":[[[-70.63681447852224,-33.512524411547616],[-70.63686917318441,-33.51228081451466],[-70.637194736948,-33.512335845529265],[-70.63714367330765,-33.51257978066997],[-70.63681447852224,-33.512524411547616]]]}},{"type":"Feature","properties":{"comuna":"SanJoaquin","zona":"ZU6","zona_code":"ZU6","nombre":"ZU6","decreto":""},"geometry":{"type":"Polygon","coordinates":[[[-70.63671486366822,-33.51297238793526],[-70.63678984722519,-33.5126087090086],[-70.63712592961177,-33.51266221417101],[-70.63705662458122,-33.51299967810592],[-70.63671486366822,-33.51297238793526]]]}},{"type":"Feature","properties":{"comuna":"SanJoaquin","zona":"ZU2a","zona_code":"ZU2a","nombre":"ZU2a","decreto":""},"geometry":{"type":"Polygon","coordinates":[[[-70.63311173374245,-33.509176273387105],[-70.6335525185065,-33.509313218666684],[-70.6336875699225,-33.5090609624109],[-70.6334467530536,-33.509057632860426],[-70.63343415984473,-33.50888487141775],[-70.63557086439012,-33.50889694742297],[-70.63516085288498,-33.50995574190997],[-70.6328865229066,-33.509786006819105],[-70.63311173374245,-33.509176273387105]]]}},{"type":"Feature","properties":{"comuna":"SanJoaquin","zona":"AV","zona_code":"AV","nombre":"AV","decreto":""},"geometry":{"type":"Polygon","coordinates":[[[-70.63311173374245,-33.509176273387105],[-70.63322029863056,-33.508873455523684],[-70.63343415984473,-33.50888487141775],[-70.6334467530536,-33.509057632860426],[-70.6336875699225,-33.5090609624109],[-70.6335525185065,-33.509313218666684],[-70.63311173374245,-33.509176273387105]]]}},{"type":"Feature","properties":{"comuna":"SanJoaquin","zona":"ZU2a","zona_code":"ZU2a","nombre":"ZU2a","decreto":""},"geometry":{"type":"Polygon","coordinates":[[[-70.63114959083182,-33.50981423641617],[-70.6316391406034,-33.50852861071306],[-70.63253886237604,-33.50879509444099],[-70.63210737744771,-33.50999753018382],[-70.63167869741214,-33.509930848844284],[-70.63180420855544,-33.50958536565536],[-70.63170580221343,-33.50956474429338],[-70.63156617109742,-33.50991254169024],[-70.63114959083182,-33.50981423641617]],[[-70.63179472522934,-33.509127842259666],[-70.63196597540102,-33.50915381831539],[-70.63207250638169,-33.50882491328896],[-70.63191248244979,-33.508781481726984],[-70.63179472522934,-33.509127842259666]]]}},{"type":"Feature","properties":{"comuna":"SanJoaquin","zona":"AV","zona_code":"AV","nombre":"AV","decreto":""},"geometry":{"type":"Polygon","coordinates":[[[-70.63179472522934,-33.509127842259666],[-70.63191248244979,-33.508781481726984],[-70.63207250638169,-33.50882491328896],[-70.63196597540102,-33.50915381831539],[-70.63179472522934,-33.509127842259666]]]}},{"type":"Feature","properties":{"comuna":"SanJoaquin","zona":"ZU2a","zona_code":"ZU2a","nombre":"ZU2a","decreto":""},"geometry":{"type":"Polygon","coordinates":[[[-70.63038807916095,-33.51169197541041],[-70.63106941387625,-33.50999309331889],[-70.63177067409983,-33.51011025356975],[-70.63164290005962,-33.51045348672371],[-70.63190219390603,-33.51056205310099],[-70.6312669032719,-33.5123724021043],[-70.63024604197328,-33.51228545332555],[-70.63038807916095,-33.51169197541041]],[[-70.63100639891653,-33.511100364141],[-70.63115125577357,-33.511147234080035],[-70.63127240758479,-33.51082121059048],[-70.63113401324998,-33.51079708433914],[-70.63100639891653,-33.511100364141]],[[-70.63097307469717,-33.51158210959595],[-70.63082592155511,-33.51154497147538],[-70.63069990244766,-33.511883691314836],[-70.63081317263446,-33.5119239559406],[-70.63097307469717,-33.51158210959595]]]}},{"type":"Feature","properties":{"comuna":"SanJoaquin","zona":"AV","zona_code":"AV","nombre":"AV","decreto":""},"geometry":{"type":"Polygon","coordinates":[[[-70.63024604197328,-33.51228545332555],[-70.63004254274661,-33.51227268724701],[-70.63038807916095,-33.51169197541041],[-70.63031291954017,-33.512008760442136],[-70.63024604197328,-33.51228545332555]]]}},{"type":"Feature","properties":{"comuna":"SanJoaquin","zona":"ZU2a","zona_code":"ZU2a","nombre":"ZU2a","decreto":""},"geometry":{"type":"Polygon","coordinates":[[[-70.62971106037436,-33.507455139697306],[-70.62999742087662,-33.50743772156174],[-70.63068446536502,-33.50766776512844],[-70.6307783068198,-33.507382315531764],[-70.63095055676472,-33.50737009141752],[-70.63080265980408,-33.507712472349276],[-70.63162453025338,-33.50796168281528],[-70.63083128923662,-33.509997177710694],[-70.62921768744553,-33.50947901174818],[-70.62902252556417,-33.509993197676756],[-70.62839486416028,-33.50982372974588],[-70.62897015674835,-33.508313003239984],[-70.62935911730705,-33.50840881700055],[-70.62941003595441,-33.50828976879101],[-70.62901337078769,-33.50819203823932],[-70.628951226288,-33.50834742579675],[-70.629034417396,-33.50805363679146],[-70.62945874021247,-33.508198579871966],[-70.62971106037436,-33.507455139697306]]]}},{"type":"Feature","properties":{"comuna":"SanJoaquin","zona":"ZU2a","zona_code":"ZU2a","nombre":"ZU2a","decreto":""},"geometry":{"type":"Polygon","coordinates":[[[-70.63095055676472,-33.50737009141752],[-70.63173692202598,-33.50731429157154],[-70.63187759007742,-33.5073090114067],[-70.63162453025338,-33.50796168281528],[-70.63080265980408,-33.507712472349276],[-70.63095055676472,-33.50737009141752]]]}},{"type":"Feature","properties":{"comuna":"SanJoaquin","zona":"ZU2a","zona_code":"ZU2a","nombre":"ZU2a","decreto":""},"geometry":{"type":"Polygon","coordinates":[[[-70.62999742087662,-33.50743772156174],[-70.63067114668864,-33.50738991828875],[-70.6307783068198,-33.507382315531764],[-70.63068446536502,-33.50766776512844],[-70.62999742087662,-33.50743772156174]]]}},{"type":"Feature","properties":{"comuna":"SanJoaquin","zona":"ZU6","zona_code":"ZU6","nombre":"ZU6","decreto":""},"geometry":{"type":"Polygon","coordinates":[[[-70.62902232911503,-33.50784604788756],[-70.62900204184295,-33.507497596014176],[-70.62971106037436,-33.507455139697306],[-70.62954247295791,-33.507951868373034],[-70.62902232911503,-33.50784604788756]]]}},{"type":"Feature","properties":{"comuna":"SanJoaquin","zona":"AV","zona_code":"AV","nombre":"AV","decreto":""},"geometry":{"type":"Polygon","coordinates":[[[-70.62954247295791,-33.507951868373034],[-70.62945874021247,-33.508198579871966],[-70.629034417396,-33.50805363679146],[-70.62902232911503,-33.50784604788756],[-70.62954247295791,-33.507951868373034]]]}},{"type":"Feature","properties":{"comuna":"SanJoaquin","zona":"AV","zona_code":"AV","nombre":"AV","decreto":""},"geometry":{"type":"Polygon","coordinates":[[[-70.62823980057763,-33.508339605974],[-70.6278577342676,-33.508258668281954],[-70.62798080493188,-33.507918747100426],[-70.62836053228804,-33.50801351124261],[-70.62823980057763,-33.508339605974]]]}},{"type":"Feature","properties":{"comuna":"SanJoaquin","zona":"ZU6","zona_code":"ZU6","nombre":"ZU6","decreto":""},"geometry":{"type":"Polygon","coordinates":[[[-70.62701508345991,-33.50828976432039],[-70.62639634915263,-33.50811842815339],[-70.62614724961647,-33.508138445662325],[-70.62622036692599,-33.507811374563005],[-70.62656063624277,-33.50765939563584],[-70.62884101813523,-33.50750837477822],[-70.62887597677285,-33.50810878728844],[-70.62798080493188,-33.507918747100426],[-70.62788429609543,-33.50818530236312],[-70.62715885209026,-33.507985931624724],[-70.62701508345991,-33.50828976432039]]]}},{"type":"Feature","properties":{"comuna":"SanJoaquin","zona":"ZU2a","zona_code":"ZU2a","nombre":"ZU2a","decreto":""},"geometry":{"type":"Polygon","coordinates":[[[-70.6263776285397,-33.50811993291572],[-70.62722787498008,-33.50834868950438],[-70.6272882048382,-33.508186256326105],[-70.6282226148115,-33.50844155005049],[-70.6283886223813,-33.50812138747444],[-70.62882651341828,-33.50823234148946],[-70.62848598608706,-33.50910499102801],[-70.62813117791268,-33.509009086360756],[-70.62787230222415,-33.50968739716409],[-70.62598277466756,-33.50918354650837],[-70.6263776285397,-33.50811993291572]]]}},{"type":"Feature","properties":{"comuna":"SanJoaquin","zona":"AV","zona_code":"AV","nombre":"AV","decreto":""},"geometry":{"type":"Polygon","coordinates":[[[-70.62598277466756,-33.50918354650837],[-70.62591816017519,-33.50916624830521],[-70.62614724961647,-33.508138445662325],[-70.6263776285397,-33.50811993291572],[-70.62598277466756,-33.50918354650837]]]}},{"type":"Feature","properties":{"comuna":"SanJoaquin","zona":"ZAV","zona_code":"ZAV","nombre":"ZAV","decreto":""},"geometry":{"type":"Polygon","coordinates":[[[-70.6415941998697,-33.476563370906824],[-70.64052897496649,-33.47652769837652],[-70.6405244660126,-33.47648157572862],[-70.6415941998697,-33.476563370906824]]]}},{"type":"Feature","properties":{"comuna":"SanJoaquin","zona":"ZU12","zona_code":"ZU12","nombre":"ZU12","decreto":""},"geometry":{"type":"Polygon","coordinates":[[[-70.6415914654272,-33.47661591214148],[-70.64157498245629,-33.4769325926459],[-70.64049108016246,-33.476888313202906],[-70.64052077122892,-33.47652659313275],[-70.6415914654272,-33.47661591214148]]]}},{"type":"Feature","properties":{"comuna":"SanJoaquin","zona":"ZAV","zona_code":"ZAV","nombre":"ZAV","decreto":""},"geometry":{"type":"Polygon","coordinates":[[[-70.64036446402473,-33.476459900204496],[-70.63951219519383,-33.47633655976313],[-70.6390235353833,-33.4761525600501],[-70.63952676388678,-33.476293151651305],[-70.64036446402473,-33.476459900204496]]]}},{"type":"Feature","properties":{"comuna":"SanJoaquin","zona":"ZU12","zona_code":"ZU12","nombre":"ZU12","decreto":""},"geometry":{"type":"Polygon","coordinates":[[[-70.64036075872936,-33.47650504941066],[-70.64032983909085,-33.476881725313305],[-70.63896153012331,-33.47683069524441],[-70.63901926103657,-33.47619930035791],[-70.64036075872936,-33.47650504941066]]]}},{"type":"Feature","properties":{"comuna":"SanJoaquin","zona":"ZAV","zona_code":"ZAV","nombre":"ZAV","decreto":""},"geometry":{"type":"Polygon","coordinates":[[[-70.63886621151975,-33.47610281578192],[-70.63806606841923,-33.47587807288594],[-70.63743259638224,-33.47559919999517],[-70.63808682296886,-33.475836475183414],[-70.63886621151975,-33.47610281578192]]]}},{"type":"Feature","properties":{"comuna":"SanJoaquin","zona":"ZU8","zona_code":"ZU8","nombre":"ZU8","decreto":""},"geometry":{"type":"Polygon","coordinates":[[[-70.63886192915565,-33.476149649079844],[-70.63879993699501,-33.47682763253555],[-70.63724848094401,-33.47675407010528],[-70.6374250673045,-33.47564567034089],[-70.63886192915565,-33.476149649079844]]]}},{"type":"Feature","properties":{"comuna":"SanJoaquin","zona":"ZU6","zona_code":"ZU6","nombre":"ZU6","decreto":""},"geometry":{"type":"Polygon","coordinates":[[[-70.63725812869697,-33.4756707265306],[-70.63708719296363,-33.47674445298658],[-70.63466813006768,-33.4763972896462],[-70.63508870935229,-33.474902464410995],[-70.63725812869697,-33.4756707265306]]]}},{"type":"Feature","properties":{"comuna":"SanJoaquin","zona":"ZU2a","zona_code":"ZU2a","nombre":"ZU2a","decreto":""},"geometry":{"type":"Polygon","coordinates":[[[-70.63264907292762,-33.47403031303695],[-70.6348564393325,-33.47482158898662],[-70.63474262691744,-33.47526141657743],[-70.63238944666314,-33.47490797367597],[-70.63264907292762,-33.47403031303695]]]}},{"type":"Feature","properties":{"comuna":"SanJoaquin","zona":"ZU2a","zona_code":"ZU2a","nombre":"ZU2a","decreto":""},"geometry":{"type":"Polygon","coordinates":[[[-70.63232693845788,-33.475134140451665],[-70.63468804189563,-33.47546525265522],[-70.63445214235519,-33.47636327485618],[-70.63208405980424,-33.47603202867083],[-70.63232693845788,-33.475134140451665]]]}},{"type":"Feature","properties":{"comuna":"SanJoaquin","zona":"ZU2a","zona_code":"ZU2a","nombre":"ZU2a","decreto":""},"geometry":{"type":"Polygon","coordinates":[[[-70.6320028333391,-33.47383098292375],[-70.6324277489066,-33.47396881235275],[-70.63214301234,-33.47489993248507],[-70.63175866403039,-33.47482362433689],[-70.6320028333391,-33.47383098292375]]]}},{"type":"Feature","properties":{"comuna":"SanJoaquin","zona":"ZU2a","zona_code":"ZU2a","nombre":"ZU2a","decreto":""},"geometry":{"type":"Polygon","coordinates":[[[-70.631709263595,-33.4750373434939],[-70.63211153400107,-33.475102094226294],[-70.63186988199459,-33.47600370577533],[-70.63148417279086,-33.47595269743572],[-70.631709263595,-33.4750373434939]]]}},{"type":"Feature","properties":{"comuna":"SanJoaquin","zona":"ZAPR","zona_code":"ZAPR","nombre":"ZAPR","decreto":""},"geometry":{"type":"Polygon","coordinates":[[[-70.63006630981668,-33.47568089170633],[-70.63051054208886,-33.47385607940906],[-70.63161628791514,-33.47404298315108],[-70.63116876002078,-33.47587402978512],[-70.63006630981668,-33.47568089170633]]]}},{"type":"Feature","properties":{"comuna":"SanJoaquin","zona":"ZAPR","zona_code":"ZAPR","nombre":"ZAPR","decreto":""},"geometry":{"type":"Polygon","coordinates":[[[-70.63006630981668,-33.47568089170633],[-70.62925319951462,-33.475538436243475],[-70.6296215322915,-33.47385842519322],[-70.63002003288865,-33.47377316604922],[-70.63051054208886,-33.47385607940906],[-70.63006630981668,-33.47568089170633]]]}},{"type":"Feature","properties":{"comuna":"SanJoaquin","zona":"ZAPP","zona_code":"ZAPP","nombre":"ZAPP","decreto":""},"geometry":{"type":"Polygon","coordinates":[[[-70.62702907329172,-33.47514874285289],[-70.62735775327636,-33.47397417147527],[-70.62720725692185,-33.47394762750743],[-70.62729892062809,-33.47364237789889],[-70.62945732082547,-33.47387626457712],[-70.62909521792031,-33.475510757546914],[-70.62702907329172,-33.47514874285289]]]}},{"type":"Feature","properties":{"comuna":"SanJoaquin","zona":"ZU8","zona_code":"ZU8","nombre":"ZU8","decreto":""},"geometry":{"type":"Polygon","coordinates":[[[-70.62702907329172,-33.47514874285289],[-70.62659839848864,-33.475076378964346],[-70.62701835052209,-33.47360985184339],[-70.62729892062809,-33.47364237789889],[-70.62720725692185,-33.47394762750743],[-70.62735775327636,-33.47397417147527],[-70.62702907329172,-33.47514874285289]]]}},{"type":"Feature","properties":{"comuna":"SanJoaquin","zona":"ZAPP","zona_code":"ZAPP","nombre":"ZAPP","decreto":""},"geometry":{"type":"Polygon","coordinates":[[[-70.62723174392363,-33.473540263438466],[-70.62737303132042,-33.473055745680405],[-70.62949908076803,-33.47328091312343],[-70.62940155474301,-33.47377054009865],[-70.62723174392363,-33.473540263438466]]]}},{"type":"Feature","properties":{"comuna":"SanJoaquin","zona":"ZU8","zona_code":"ZU8","nombre":"ZU8","decreto":""},"geometry":{"type":"Polygon","coordinates":[[[-70.62723174392363,-33.473540263438466],[-70.62703962660615,-33.473506152952375],[-70.62728934292765,-33.47256976506423],[-70.62750050412161,-33.47256136014014],[-70.62723174392363,-33.473540263438466]]]}},{"type":"Feature","properties":{"comuna":"SanJoaquin","zona":"ZAPR","zona_code":"ZAPR","nombre":"ZAPR","decreto":""},"geometry":{"type":"Polygon","coordinates":[[[-70.62750050412161,-33.47256136014014],[-70.62765308084343,-33.47254920348739],[-70.62774356734226,-33.47224669612025],[-70.63065133490439,-33.47327771452974],[-70.6305428032732,-33.4737235520093],[-70.63001750001882,-33.473637925620174],[-70.62940155474301,-33.47377054009865],[-70.62949908076803,-33.47328091312343],[-70.62737303132042,-33.473055745680405],[-70.62750050412161,-33.47256136014014]]]}},{"type":"Feature","properties":{"comuna":"SanJoaquin","zona":"AV","zona_code":"AV","nombre":"AV","decreto":""},"geometry":{"type":"Polygon","coordinates":[[[-70.62585953078077,-33.47502103481135],[-70.62628740265522,-33.473513063647935],[-70.62690786925563,-33.47359238565668],[-70.62649054406842,-33.47506707284599],[-70.62585953078077,-33.47502103481135]]]}},{"type":"Feature","properties":{"comuna":"SanJoaquin","zona":"ZAPR","zona_code":"ZAPR","nombre":"ZAPR","decreto":""},"geometry":{"type":"Polygon","coordinates":[[[-70.63169324892728,-33.47364867505959],[-70.6316486737552,-33.47391047639872],[-70.6305428032732,-33.4737235520093],[-70.63065133490439,-33.47327771452974],[-70.63169324892728,-33.47364867505959]]]}},{"type":"Feature","properties":{"comuna":"SanJoaquin","zona":"ZAV","zona_code":"ZAV","nombre":"ZAV","decreto":""},"geometry":{"type":"Polygon","coordinates":[[[-70.6317343473641,-33.47356534098595],[-70.63171174784193,-33.47365526099809],[-70.62774356734226,-33.47224669612025],[-70.62776834538477,-33.47215729103365],[-70.6317343473641,-33.47356534098595]]]}},{"type":"Feature","properties":{"comuna":"SanJoaquin","zona":"ZAV","zona_code":"ZAV","nombre":"ZAV","decreto":""},"geometry":{"type":"Polygon","coordinates":[[[-70.62760193106872,-33.472195347821355],[-70.62686681255443,-33.471902335235846],[-70.62674380035952,-33.47182936185452],[-70.6267698705026,-33.47173459576578],[-70.62762846929944,-33.472107186706765],[-70.62760193106872,-33.472195347821355]]]}},{"type":"Feature","properties":{"comuna":"SanJoaquin","zona":"ZU12","zona_code":"ZU12","nombre":"ZU12","decreto":""},"geometry":{"type":"Polygon","coordinates":[[[-70.62760193106872,-33.472195347821355],[-70.62751749954687,-33.47247583054994],[-70.62661426405994,-33.472300230746505],[-70.62674380035952,-33.47182936185452],[-70.62760193106872,-33.472195347821355]]]}},{"type":"Feature","properties":{"comuna":"SanJoaquin","zona":"ZU12","zona_code":"ZU12","nombre":"ZU12","decreto":""},"geometry":{"type":"Polygon","coordinates":[[[-70.62657696484386,-33.47141507866758],[-70.62637800248693,-33.47209739072487],[-70.62415856654572,-33.471838169449185],[-70.62441524277179,-33.47028560375728],[-70.62517228992992,-33.469729311284276],[-70.6259049582817,-33.4708154378954],[-70.62657696484386,-33.47141507866758]]]}},{"type":"Feature","properties":{"comuna":"SanJoaquin","zona":"ZU8","zona_code":"ZU8","nombre":"ZU8","decreto":""},"geometry":{"type":"Polygon","coordinates":[[[-70.62718862006442,-33.47254580858207],[-70.62693764989947,-33.47348840107598],[-70.62634050066735,-33.47341574881177],[-70.62660453856726,-33.472389314494514],[-70.62718862006442,-33.47254580858207]]]}},{"type":"Feature","properties":{"comuna":"SanJoaquin","zona":"ZU8","zona_code":"ZU8","nombre":"ZU8","decreto":""},"geometry":{"type":"Polygon","coordinates":[[[-70.62578340886947,-33.4742376734282],[-70.62556697331365,-33.47499964254409],[-70.62464772448173,-33.47492979399819],[-70.62487524469636,-33.47406859018568],[-70.62578340886947,-33.4742376734282]]]}},{"type":"Feature","properties":{"comuna":"SanJoaquin","zona":"ZU12","zona_code":"ZU12","nombre":"ZU12","decreto":""},"geometry":{"type":"Polygon","coordinates":[[[-70.62487554121358,-33.47406746893548],[-70.62464772448173,-33.47492979399819],[-70.6233269442726,-33.47482942381893],[-70.62358759519921,-33.473826065265754],[-70.62487554121358,-33.47406746893548]]]}},{"type":"Feature","properties":{"comuna":"SanJoaquin","zona":"ZU12","zona_code":"ZU12","nombre":"ZU12","decreto":""},"geometry":{"type":"Polygon","coordinates":[[[-70.62504579475554,-33.472151699779346],[-70.62465604257103,-33.47365700667741],[-70.62366556038526,-33.4734710021647],[-70.62411516863915,-33.47204192868601],[-70.62504579475554,-33.472151699779346]]]}},{"type":"Feature","properties":{"comuna":"SanJoaquin","zona":"AVP","zona_code":"AVP","nombre":"AVP","decreto":""},"geometry":{"type":"Polygon","coordinates":[[[-70.62584587664718,-33.474018479486325],[-70.62582100467492,-33.47410575171894],[-70.62361047524683,-33.47369235204795],[-70.62363272175442,-33.4736029583512],[-70.62584587664718,-33.474018479486325]]]}},{"type":"Feature","properties":{"comuna":"SanJoaquin","zona":"ZU8","zona_code":"ZU8","nombre":"ZU8","decreto":""},"geometry":{"type":"Polygon","coordinates":[[[-70.6263246549885,-33.472323271340635],[-70.62588321883176,-33.47388744938288],[-70.62465604257103,-33.47365700667741],[-70.62504579475554,-33.472151699779346],[-70.6263246549885,-33.472323271340635]]]}},{"type":"Feature","properties":{"comuna":"SanJoaquin","zona":"ZU2b","zona_code":"ZU2b","nombre":"ZU2b","decreto":""},"geometry":{"type":"Polygon","coordinates":[[[-70.62496180446068,-33.47650754737438],[-70.6251337536827,-33.47663502542202],[-70.62437026852254,-33.47929347354916],[-70.62226805162577,-33.478844951944545],[-70.62236908941962,-33.47838093302418],[-70.62496180446068,-33.47650754737438]]]}},{"type":"Feature","properties":{"comuna":"SanJoaquin","zona":"ZU12","zona_code":"ZU12","nombre":"ZU12","decreto":""},"geometry":{"type":"Polygon","coordinates":[[[-70.62452097586332,-33.47529428272102],[-70.62402269995937,-33.47590484147984],[-70.62295737708709,-33.47679687855963],[-70.622809641569,-33.47675099949645],[-70.6232316874137,-33.475184350652604],[-70.62452097586332,-33.47529428272102]]]}},{"type":"Feature","properties":{"comuna":"SanJoaquin","zona":"ZU6","zona_code":"ZU6","nombre":"ZU6","decreto":""},"geometry":{"type":"Polygon","coordinates":[[[-70.62360072446809,-33.47718821659823],[-70.62246622372575,-33.4779933704995],[-70.62276784559153,-33.47690220587463],[-70.62315183525749,-33.476842053454256],[-70.62360072446809,-33.47718821659823]]]}},{"type":"Feature","properties":{"comuna":"SanJoaquin","zona":"ZU6","zona_code":"ZU6","nombre":"ZU6","decreto":""},"geometry":{"type":"Polygon","coordinates":[[[-70.62466855717865,-33.475320461418164],[-70.62538733816682,-33.47544796153374],[-70.6252904993684,-33.47579837345307],[-70.62512516655255,-33.47603890243605],[-70.62370213495514,-33.47705164824941],[-70.623343445647,-33.476734555588415],[-70.62437442693567,-33.47583342140899],[-70.62466855717865,-33.475320461418164]]]}},{"type":"Feature","properties":{"comuna":"SanJoaquin","zona":"AVP","zona_code":"AVP","nombre":"AVP","decreto":""},"geometry":{"type":"Polygon","coordinates":[[[-70.63107739436452,-33.476247842853994],[-70.63097738361051,-33.47665893201509],[-70.63057139580619,-33.47659226516898],[-70.63067898287075,-33.476176271679265],[-70.63107739436452,-33.476247842853994]]]}},{"type":"Feature","properties":{"comuna":"SanJoaquin","zona":"ZU12","zona_code":"ZU12","nombre":"ZU12","decreto":""},"geometry":{"type":"Polygon","coordinates":[[[-70.63097738361051,-33.47665893201509],[-70.63080592801818,-33.47736368273481],[-70.62933294161935,-33.477108689333484],[-70.62889091200931,-33.476129966862935],[-70.62906113585676,-33.475885625254634],[-70.63067898287075,-33.476176271679265],[-70.63057139580619,-33.47659226516898],[-70.63097738361051,-33.47665893201509]]]}},{"type":"Feature","properties":{"comuna":"SanJoaquin","zona":"AV","zona_code":"AV","nombre":"AV","decreto":""},"geometry":{"type":"Polygon","coordinates":[[[-70.63167576430743,-33.47673718156341],[-70.6313015843349,-33.476685168676966],[-70.631395597954,-33.47629615373195],[-70.63178037684088,-33.476354572235365],[-70.63167576430743,-33.47673718156341]]]}},{"type":"Feature","properties":{"comuna":"SanJoaquin","zona":"ZU2a","zona_code":"ZU2a","nombre":"ZU2a","decreto":""},"geometry":{"type":"Polygon","coordinates":[[[-70.63165900456742,-33.476798479198884],[-70.63148255636244,-33.47744380405128],[-70.63114995566002,-33.477412001505144],[-70.63128852561671,-33.4767391993425],[-70.63165900456742,-33.476798479198884]]]}},{"type":"Feature","properties":{"comuna":"SanJoaquin","zona":"ZU2a","zona_code":"ZU2a","nombre":"ZU2a","decreto":""},"geometry":{"type":"Polygon","coordinates":[[[-70.63114255246882,-33.4787081510804],[-70.63081602322227,-33.47866355478519],[-70.63111406017958,-33.47758908366815],[-70.63142148713104,-33.47765956870815],[-70.63114255246882,-33.4787081510804]]]}},{"type":"Feature","properties":{"comuna":"SanJoaquin","zona":"ZU2a","zona_code":"ZU2a","nombre":"ZU2a","decreto":""},"geometry":{"type":"Polygon","coordinates":[[[-70.6310843262803,-33.478928871534755],[-70.63075911908572,-33.480151658691796],[-70.6306869748749,-33.480142504116984],[-70.63055697379028,-33.47970817756778],[-70.63076261107099,-33.478879686391615],[-70.6310843262803,-33.478928871534755]]]}},{"type":"Feature","properties":{"comuna":"SanJoaquin","zona":"ZAV","zona_code":"ZAV","nombre":"ZAV","decreto":""},"geometry":{"type":"Polygon","coordinates":[[[-70.63088209003348,-33.47751585432228],[-70.63064329805248,-33.47850141183138],[-70.6305306114648,-33.478478958475755],[-70.63077068673782,-33.477496521718116],[-70.63088209003348,-33.47751585432228]]]}},{"type":"Feature","properties":{"comuna":"SanJoaquin","zona":"ZU6","zona_code":"ZU6","nombre":"ZU6","decreto":""},"geometry":{"type":"Polygon","coordinates":[[[-70.63077068673782,-33.477496521718116],[-70.63040995734995,-33.47943688824687],[-70.62648811064749,-33.47552717551258],[-70.62650944798575,-33.4754419011134],[-70.62889665760692,-33.4758560756648],[-70.62870845554588,-33.47610432738831],[-70.62922907885975,-33.47722898939712],[-70.63077068673782,-33.477496521718116]]]}},{"type":"Feature","properties":{"comuna":"SanJoaquin","zona":"ZU2b","zona_code":"ZU2b","nombre":"ZU2b","decreto":""},"geometry":{"type":"Polygon","coordinates":[[[-70.6261975840744,-33.47559464021959],[-70.63023895664946,-33.47960676561093],[-70.63031464739862,-33.479809828203706],[-70.63016468088476,-33.480393182898],[-70.62868185835622,-33.48013138249326],[-70.62872382920816,-33.47998200905703],[-70.62996739694982,-33.48022299054284],[-70.63007787284897,-33.47981677332339],[-70.62905700564338,-33.47877859506416],[-70.62907883059583,-33.47869032253028],[-70.62886884437782,-33.47860326042656],[-70.62609731129498,-33.475816967327674],[-70.6261975840744,-33.47559464021959]]]}},{"type":"Feature","properties":{"comuna":"SanJoaquin","zona":"ZU2b","zona_code":"ZU2b","nombre":"ZU2b","decreto":""},"geometry":{"type":"Polygon","coordinates":[[[-70.62603089575536,-33.47556197654431],[-70.62586708235868,-33.47618840829551],[-70.6256753866119,-33.4761514621406],[-70.62547637651483,-33.47649920229814],[-70.62480682299194,-33.47914910783772],[-70.62512683834407,-33.47930542973384],[-70.62535894992294,-33.47934899884786],[-70.6253837425756,-33.47925779041503],[-70.62860893605234,-33.479959958144434],[-70.62856531552342,-33.48011015224377],[-70.62452218212904,-33.479323764635936],[-70.62525908277432,-33.47663077000766],[-70.62506313340215,-33.47643903437432],[-70.62552418295378,-33.476032612813775],[-70.6256996846881,-33.475515835299],[-70.62603089575536,-33.47556197654431]]]}},{"type":"Feature","properties":{"comuna":"SanJoaquin","zona":"ZU2b","zona_code":"ZU2b","nombre":"ZU2b","decreto":""},"geometry":{"type":"Polygon","coordinates":[[[-70.62597031456284,-33.4757936441839],[-70.62609731129498,-33.475816967327674],[-70.62706857466512,-33.47671037391748],[-70.62704388835735,-33.47677278059767],[-70.62886884437782,-33.47860326042656],[-70.62907883059583,-33.47869032253028],[-70.62905700564338,-33.47877859506416],[-70.63007787284897,-33.47981677332339],[-70.62996739694982,-33.48022299054284],[-70.6253837425756,-33.47925779041503],[-70.62535894992294,-33.47934899884786],[-70.62512683834407,-33.47930542973384],[-70.62480682299194,-33.47914910783772],[-70.62547637651483,-33.47649920229814],[-70.6256753866119,-33.4761514621406],[-70.62586708235868,-33.47618840829551],[-70.62597031456284,-33.4757936441839]],[[-70.62716612685921,-33.47806737126076],[-70.62683466841966,-33.478004913457994],[-70.62679197697115,-33.47815818266246],[-70.62712379176283,-33.47823972571833],[-70.62716612685921,-33.47806737126076]]]}},{"type":"Feature","properties":{"comuna":"SanJoaquin","zona":"ZU2a","zona_code":"ZU2a","nombre":"ZU2a","decreto":""},"geometry":{"type":"Polygon","coordinates":[[[-70.63062661994215,-33.480530032977825],[-70.63035260015329,-33.4805209040899],[-70.6304994251746,-33.47996648768293],[-70.63054735084498,-33.48011605041229],[-70.63062661994215,-33.480530032977825]]]}},{"type":"Feature","properties":{"comuna":"SanJoaquin","zona":"ZU2a","zona_code":"ZU2a","nombre":"ZU2a","decreto":""},"geometry":{"type":"Polygon","coordinates":[[[-70.63060242885261,-33.48065989653364],[-70.63048341877857,-33.48086020206787],[-70.63024572578512,-33.48094246104092],[-70.63032589769111,-33.48062623044813],[-70.63060242885261,-33.48065989653364]]]}},{"type":"Feature","properties":{"comuna":"SanJoaquin","zona":"ZU2a","zona_code":"ZU2a","nombre":"ZU2a","decreto":""},"geometry":{"type":"Polygon","coordinates":[[[-70.63435013106988,-33.47672744751231],[-70.63403924786904,-33.477825135019685],[-70.63169613068766,-33.47746713398223],[-70.63201275526555,-33.476389851219835],[-70.63435013106988,-33.47672744751231]]]}},{"type":"Feature","properties":{"comuna":"SanJoaquin","zona":"ZU2a","zona_code":"ZU2a","nombre":"ZU2a","decreto":""},"geometry":{"type":"Polygon","coordinates":[[[-70.63086008718724,-33.48061300788088],[-70.63166848340144,-33.47766835231413],[-70.63401830348866,-33.478007132292575],[-70.63365461788675,-33.479205828515596],[-70.63347926804055,-33.479105309780245],[-70.63288778266374,-33.47944954277611],[-70.63302275172315,-33.4795461783006],[-70.63207948031008,-33.47981013200724],[-70.63086008718724,-33.48061300788088]],[[-70.63293910218275,-33.47899789780729],[-70.63267355796673,-33.47895844757813],[-70.63258284061823,-33.479131440281755],[-70.63289989364024,-33.47918452837616],[-70.63293910218275,-33.47899789780729]]]}},{"type":"Feature","properties":{"comuna":"SanJoaquin","zona":"AVI (1)","zona_code":"AVI (1)","nombre":"AVI (1)","decreto":""},"geometry":{"type":"Polygon","coordinates":[[[-70.63838633015249,-33.47845173339802],[-70.63846424266056,-33.47717072067436],[-70.6415562270627,-33.4772929388202],[-70.64154801496068,-33.47745072945912],[-70.64022609442564,-33.47770491787917],[-70.63838633015249,-33.47845173339802]]]}},{"type":"Feature","properties":{"comuna":"SanJoaquin","zona":"AV","zona_code":"AV","nombre":"AV","decreto":""},"geometry":{"type":"Polygon","coordinates":[[[-70.6358535644622,-33.47693335463675],[-70.63561595291284,-33.47804871280905],[-70.63534271618933,-33.478011960747814],[-70.63555400137554,-33.476890363600205],[-70.6358535644622,-33.47693335463675]]]}},{"type":"Feature","properties":{"comuna":"SanJoaquin","zona":"ZU2a","zona_code":"ZU2a","nombre":"ZU2a","decreto":""},"geometry":{"type":"Polygon","coordinates":[[[-70.635490113133,-33.47688119389591],[-70.63526918312489,-33.47800207051771],[-70.63428273870161,-33.477868015190246],[-70.63456524589041,-33.476748459759335],[-70.635490113133,-33.47688119389591]]]}},{"type":"Feature","properties":{"comuna":"SanJoaquin","zona":"ZU2a","zona_code":"ZU2a","nombre":"ZU2a","decreto":""},"geometry":{"type":"Polygon","coordinates":[[[-70.63593627890751,-33.47694522457147],[-70.63688252269519,-33.47708101628756],[-70.63675613161409,-33.47821148264729],[-70.63571365293387,-33.47806185323535],[-70.63593627890751,-33.47694522457147]]]}},{"type":"Feature","properties":{"comuna":"SanJoaquin","zona":"ZU6","zona_code":"ZU6","nombre":"ZU6","decreto":""},"geometry":{"type":"Polygon","coordinates":[[[-70.63585689540702,-33.47826663493987],[-70.63669862518726,-33.47838421450099],[-70.63667524209913,-33.47867588167106],[-70.63560623835814,-33.478723727760055],[-70.63559567739586,-33.47859481714642],[-70.63578680550022,-33.47862133919893],[-70.63585689540702,-33.47826663493987]]]}},{"type":"Feature","properties":{"comuna":"SanJoaquin","zona":"ZU2a","zona_code":"ZU2a","nombre":"ZU2a","decreto":""},"geometry":{"type":"Polygon","coordinates":[[[-70.63559567739586,-33.47859481714642],[-70.63567138435683,-33.47823964654202],[-70.63585689540702,-33.47826663493987],[-70.63578680550022,-33.47862133919893],[-70.63559567739586,-33.47859481714642]]]}},{"type":"Feature","properties":{"comuna":"SanJoaquin","zona":"ZU6","zona_code":"ZU6","nombre":"ZU6","decreto":""},"geometry":{"type":"Polygon","coordinates":[[[-70.63827579785199,-33.47847886521131],[-70.63735561342108,-33.47865764681084],[-70.63693025563288,-33.47869535987972],[-70.6369451890246,-33.47857279873696],[-70.63823685823277,-33.47839660983023],[-70.63827579785199,-33.47847886521131]]]}},{"type":"Feature","properties":{"comuna":"SanJoaquin","zona":"ZU2a","zona_code":"ZU2a","nombre":"ZU2a","decreto":""},"geometry":{"type":"Polygon","coordinates":[[[-70.63828570151223,-33.47716049456697],[-70.63827968761504,-33.477268622397006],[-70.6376884590755,-33.47724661165627],[-70.63758224676984,-33.478411228233306],[-70.63696170440446,-33.47843725569013],[-70.63710586084076,-33.47710902002912],[-70.63828570151223,-33.47716049456697]]]}},{"type":"Feature","properties":{"comuna":"SanJoaquin","zona":"ZU6","zona_code":"ZU6","nombre":"ZU6","decreto":""},"geometry":{"type":"Polygon","coordinates":[[[-70.63789925450467,-33.47732733797156],[-70.63782782873015,-33.478373384027094],[-70.63766886672566,-33.47839934635963],[-70.63776813244249,-33.477319527079224],[-70.63789925450467,-33.47732733797156]]]}},{"type":"Feature","properties":{"comuna":"SanJoaquin","zona":"AV","zona_code":"AV","nombre":"AV","decreto":""},"geometry":{"type":"Polygon","coordinates":[[[-70.63833640897174,-33.477319901342995],[-70.63830645495429,-33.478254377638535],[-70.63791829224641,-33.47833878385744],[-70.6379959492471,-33.47732128737528],[-70.63833640897174,-33.477319901342995]]]}},{"type":"Feature","properties":{"comuna":"SanJoaquin","zona":"ZU2b","zona_code":"ZU2b","nombre":"ZU2b","decreto":""},"geometry":{"type":"Polygon","coordinates":[[[-70.6243282854723,-33.47954404502258],[-70.62398012535672,-33.4808309786464],[-70.62183266973571,-33.48036662912098],[-70.62217975536824,-33.479098245719534],[-70.6243282854723,-33.47954404502258]]]}},{"type":"Feature","properties":{"comuna":"SanJoaquin","zona":"ZU2b","zona_code":"ZU2b","nombre":"ZU2b","decreto":""},"geometry":{"type":"Polygon","coordinates":[[[-70.62549106721693,-33.479734473354],[-70.62495509857605,-33.48102245175612],[-70.62410588548532,-33.4808516784613],[-70.62446321170573,-33.479535921961585],[-70.62549106721693,-33.479734473354]]]}},{"type":"Feature","properties":{"comuna":"SanJoaquin","zona":"ZU2b","zona_code":"ZU2b","nombre":"ZU2b","decreto":""},"geometry":{"type":"Polygon","coordinates":[[[-70.6249206730318,-33.48115727782722],[-70.62456650992156,-33.48246956872281],[-70.62371060409474,-33.482309508737245],[-70.62406423425492,-33.48100547602991],[-70.6249206730318,-33.48115727782722]]]}},{"type":"Feature","properties":{"comuna":"SanJoaquin","zona":"ZU2b","zona_code":"ZU2b","nombre":"ZU2b","decreto":""},"geometry":{"type":"Polygon","coordinates":[[[-70.62177961081046,-33.48054233545742],[-70.62393304022704,-33.48098195073112],[-70.62358234187143,-33.482282232772064],[-70.62149915036302,-33.481879307089024],[-70.62177961081046,-33.48054233545742]]]}},{"type":"Feature","properties":{"comuna":"SanJoaquin","zona":"ZU2b","zona_code":"ZU2b","nombre":"ZU2b","decreto":""},"geometry":{"type":"Polygon","coordinates":[[[-70.62857390039503,-33.48055939683463],[-70.62906230154495,-33.48064705225308],[-70.62883678685579,-33.48147578760788],[-70.62831646721509,-33.48150685214685],[-70.62857390039503,-33.48055939683463]]]}},{"type":"Feature","properties":{"comuna":"SanJoaquin","zona":"ZU2b","zona_code":"ZU2b","nombre":"ZU2b","decreto":""},"geometry":{"type":"Polygon","coordinates":[[[-70.62906230154495,-33.48064705225308],[-70.62857390039503,-33.48055939683463],[-70.62863218145067,-33.480344896648525],[-70.63010415995744,-33.48062866077583],[-70.62993756116549,-33.48124439663242],[-70.62979730826083,-33.48138628845853],[-70.62892256381956,-33.48166663038282],[-70.6288102628286,-33.48154447921865],[-70.6282869897211,-33.481615340287675],[-70.62831646721509,-33.48150685214685],[-70.62856169479885,-33.48153136216007],[-70.62858831319404,-33.48143441159977],[-70.62883678685579,-33.48147578760788],[-70.62906230154495,-33.48064705225308]]]}},{"type":"Feature","properties":{"comuna":"SanJoaquin","zona":"ZU2b","zona_code":"ZU2b","nombre":"ZU2b","decreto":""},"geometry":{"type":"Polygon","coordinates":[[[-70.62795687506227,-33.4804370119707],[-70.62844869066203,-33.48052880222382],[-70.62812996391828,-33.48166893754217],[-70.62792641687113,-33.48172384563585],[-70.62761401928887,-33.4816565449759],[-70.62795687506227,-33.4804370119707]]]}},{"type":"Feature","properties":{"comuna":"SanJoaquin","zona":"ZU2b","zona_code":"ZU2b","nombre":"ZU2b","decreto":""},"geometry":{"type":"Polygon","coordinates":[[[-70.62801637611229,-33.480227014157975],[-70.6285061764663,-33.480319981410446],[-70.62844869066203,-33.48052880222382],[-70.62795687506227,-33.4804370119707],[-70.62801637611229,-33.480227014157975]]]}},{"type":"Feature","properties":{"comuna":"SanJoaquin","zona":"ZU2b","zona_code":"ZU2b","nombre":"ZU2b","decreto":""},"geometry":{"type":"Polygon","coordinates":[[[-70.6278035381192,-33.480404607433194],[-70.62692068987766,-33.480233885856684],[-70.62687699896641,-33.48041132986405],[-70.625495857958,-33.4801506117323],[-70.62559882096133,-33.47977800401361],[-70.62786168670723,-33.480192938337964],[-70.6278035381192,-33.480404607433194]]]}},{"type":"Feature","properties":{"comuna":"SanJoaquin","zona":"AV","zona_code":"AV","nombre":"AV","decreto":""},"geometry":{"type":"Polygon","coordinates":[[[-70.6256033006096,-33.48128735381926],[-70.62556844070556,-33.4814152407963],[-70.62504575670192,-33.48130698166854],[-70.62507949275174,-33.481181977366916],[-70.6256033006096,-33.48128735381926]]]}},{"type":"Feature","properties":{"comuna":"SanJoaquin","zona":"AV","zona_code":"AV","nombre":"AV","decreto":""},"geometry":{"type":"Polygon","coordinates":[[[-70.62694580052974,-33.48162758661462],[-70.62776998410257,-33.481780517083926],[-70.62777032643889,-33.48178058022344],[-70.62770770070144,-33.481826854870924],[-70.62694580052974,-33.48162758661462]]]}},{"type":"Feature","properties":{"comuna":"SanJoaquin","zona":"ZU2b","zona_code":"ZU2b","nombre":"ZU2b","decreto":""},"geometry":{"type":"Polygon","coordinates":[[[-70.625495857958,-33.4801506117323],[-70.62687699896641,-33.48041132986405],[-70.62692068987766,-33.480233885856684],[-70.6278035381192,-33.480404607433194],[-70.62745805892855,-33.48162104698448],[-70.62682291325416,-33.48150092549863],[-70.62676463141571,-33.48165136379384],[-70.6257575925923,-33.48145019477073],[-70.6258275978735,-33.481193375356625],[-70.62507525703687,-33.4810420255131],[-70.62523237115403,-33.48052976282833],[-70.625495857958,-33.4801506117323]]]}},{"type":"Feature","properties":{"comuna":"SanJoaquin","zona":"AV","zona_code":"AV","nombre":"AV","decreto":""},"geometry":{"type":"Polygon","coordinates":[[[-70.62879619099583,-33.48169978245682],[-70.62818988739615,-33.48196601726029],[-70.62753625196059,-33.48251807910345],[-70.62787444990911,-33.48192036312936],[-70.62851358634299,-33.48166197979001],[-70.62879619099583,-33.48169978245682]]]}},{"type":"Feature","properties":{"comuna":"SanJoaquin","zona":"ZAV","zona_code":"ZAV","nombre":"ZAV","decreto":""},"geometry":{"type":"Polygon","coordinates":[[[-70.6255135432161,-33.481543196741285],[-70.62533041516261,-33.48215961629798],[-70.62483641444139,-33.48207275106681],[-70.62501014644948,-33.48143893384908],[-70.6255135432161,-33.481543196741285]]]}},{"type":"Feature","properties":{"comuna":"SanJoaquin","zona":"ZU2b","zona_code":"ZU2b","nombre":"ZU2b","decreto":""},"geometry":{"type":"Polygon","coordinates":[[[-70.62533041516261,-33.48215961629798],[-70.6255135432161,-33.481543196741285],[-70.62761187613313,-33.48195947426977],[-70.62736172287823,-33.48270125758059],[-70.62715407907794,-33.482983239880795],[-70.62473118964334,-33.48249143766022],[-70.62483641444139,-33.48207275106681],[-70.62533041516261,-33.48215961629798]]]}},{"type":"Feature","properties":{"comuna":"SanJoaquin","zona":"AV","zona_code":"AV","nombre":"AV","decreto":""},"geometry":{"type":"Polygon","coordinates":[[[-70.62619003715511,-33.483919369780644],[-70.62625460576861,-33.48346460709527],[-70.62656747246109,-33.48354674172944],[-70.62619003715511,-33.483919369780644]]]}},{"type":"Feature","properties":{"comuna":"SanJoaquin","zona":"ZU2b","zona_code":"ZU2b","nombre":"ZU2b","decreto":""},"geometry":{"type":"Polygon","coordinates":[[[-70.62656747246109,-33.48354674172944],[-70.62625460576861,-33.48346460709527],[-70.626184130479,-33.483921711784774],[-70.62604509429438,-33.48397683703358],[-70.62441928985965,-33.48428881896975],[-70.62438077552798,-33.483781443356975],[-70.62468581057439,-33.482631041759305],[-70.62699349532127,-33.48308316227791],[-70.62656747246109,-33.48354674172944]]]}},{"type":"Feature","properties":{"comuna":"SanJoaquin","zona":"AV","zona_code":"AV","nombre":"AV","decreto":""},"geometry":{"type":"Polygon","coordinates":[[[-70.62363841147109,-33.482569966602576],[-70.62367565582723,-33.4824355972333],[-70.62388579946675,-33.48247642399157],[-70.62386967568514,-33.48261780877499],[-70.62363841147109,-33.482569966602576]]]}},{"type":"Feature","properties":{"comuna":"SanJoaquin","zona":"ZU2b","zona_code":"ZU2b","nombre":"ZU2b","decreto":""},"geometry":{"type":"Polygon","coordinates":[[[-70.62388579946675,-33.48247642399157],[-70.62452809995663,-33.482601209365974],[-70.62420785124338,-33.483826133022106],[-70.62428021515011,-33.484380768773114],[-70.62375188055489,-33.4844949730475],[-70.62388588357588,-33.483998309912714],[-70.62327974672642,-33.48388449356951],[-70.62363841147109,-33.482569966602576],[-70.62386967568514,-33.48261780877499],[-70.62388579946675,-33.48247642399157]]]}},{"type":"Feature","properties":{"comuna":"SanJoaquin","zona":"ZU6","zona_code":"ZU6","nombre":"ZU6","decreto":""},"geometry":{"type":"Polygon","coordinates":[[[-70.62255136606944,-33.483758663867405],[-70.62388588357588,-33.483998309912714],[-70.62375188055489,-33.4844949730475],[-70.62227263920538,-33.48484257807113],[-70.62255136606944,-33.483758663867405]]]}},{"type":"Feature","properties":{"comuna":"SanJoaquin","zona":"ZU6","zona_code":"ZU6","nombre":"ZU6","decreto":""},"geometry":{"type":"Polygon","coordinates":[[[-70.62255136606944,-33.483758663867405],[-70.62280583491687,-33.48276664882845],[-70.6213697447594,-33.48243863247006],[-70.6214455886803,-33.48215493037478],[-70.62363841147109,-33.482569966602576],[-70.62327974672642,-33.48388449356951],[-70.62255136606944,-33.483758663867405]]]}},{"type":"Feature","properties":{"comuna":"SanJoaquin","zona":"ZU12","zona_code":"ZU12","nombre":"ZU12","decreto":""},"geometry":{"type":"Polygon","coordinates":[[[-70.6213697447594,-33.48243863247006],[-70.62280583491687,-33.48276664882845],[-70.62227263920538,-33.48484257807113],[-70.62098782581306,-33.48514447875141],[-70.62064531202354,-33.485147381175985],[-70.6213697447594,-33.48243863247006]]]}},{"type":"Feature","properties":{"comuna":"SanJoaquin","zona":"ZAV","zona_code":"ZAV","nombre":"ZAV","decreto":""},"geometry":{"type":"Polygon","coordinates":[[[-70.62050867915183,-33.485257062639754],[-70.62135257007334,-33.48213748611591],[-70.6214455886803,-33.48215493037478],[-70.62064531202354,-33.485147381175985],[-70.62098782581306,-33.48514447875141],[-70.62050867915183,-33.485257062639754]]]}},{"type":"Feature","properties":{"comuna":"SanJoaquin","zona":"AV","zona_code":"AV","nombre":"AV","decreto":""},"geometry":{"type":"Polygon","coordinates":[[[-70.6355864730807,-33.47822564377948],[-70.63552793096284,-33.47851407830738],[-70.63524824401647,-33.47847959271217],[-70.63531510327967,-33.478180893102326],[-70.6355864730807,-33.47822564377948]]]}},{"type":"Feature","properties":{"comuna":"SanJoaquin","zona":"ZU6","zona_code":"ZU6","nombre":"ZU6","decreto":""},"geometry":{"type":"Polygon","coordinates":[[[-70.63550098948124,-33.47859556103407],[-70.63549225456951,-33.47873751600116],[-70.6351327200493,-33.47869586390672],[-70.63516988258887,-33.478552209042256],[-70.63550098948124,-33.47859556103407]]]}},{"type":"Feature","properties":{"comuna":"SanJoaquin","zona":"ZU2a","zona_code":"ZU2a","nombre":"ZU2a","decreto":""},"geometry":{"type":"Polygon","coordinates":[[[-70.6351327200493,-33.47869586390672],[-70.63406113489805,-33.47872603605648],[-70.634235450406,-33.478025302765644],[-70.63531510327967,-33.478180893102326],[-70.6351327200493,-33.47869586390672]]]}},{"type":"Feature","properties":{"comuna":"SanJoaquin","zona":"AV","zona_code":"AV","nombre":"AV","decreto":""},"geometry":{"type":"Polygon","coordinates":[[[-70.63453604848016,-33.478725690094436],[-70.63449835469555,-33.4788762994398],[-70.63413580103226,-33.47896992534404],[-70.63403025411574,-33.478849859646694],[-70.63406113489805,-33.47872603605648],[-70.63453604848016,-33.478725690094436]]]}},{"type":"Feature","properties":{"comuna":"SanJoaquin","zona":"ZU6","zona_code":"ZU6","nombre":"ZU6","decreto":""},"geometry":{"type":"Polygon","coordinates":[[[-70.63494996049803,-33.478673827020046],[-70.63499287483238,-33.47880311433551],[-70.63449835469555,-33.4788762994398],[-70.63446252636092,-33.47879060551065],[-70.63494996049803,-33.478673827020046]]]}},{"type":"Feature","properties":{"comuna":"SanJoaquin","zona":"AV","zona_code":"AV","nombre":"AV","decreto":""},"geometry":{"type":"Polygon","coordinates":[[[-70.64158649477551,-33.47772273599256],[-70.64171633365716,-33.47772705714682],[-70.64164640982284,-33.478791016496096],[-70.64150371340027,-33.4788322678671],[-70.64158649477551,-33.47772273599256]]]}},{"type":"Feature","properties":{"comuna":"SanJoaquin","zona":"ZU6","zona_code":"ZU6","nombre":"ZU6","decreto":""},"geometry":{"type":"Polygon","coordinates":[[[-70.64132349474183,-33.47773747373976],[-70.64158649477551,-33.47772273599256],[-70.64150371340027,-33.4788322678671],[-70.64040192115347,-33.479150773903164],[-70.64024747342663,-33.478745033296285],[-70.6412679413698,-33.47850245805064],[-70.64132349474183,-33.47773747373976]]]}},{"type":"Feature","properties":{"comuna":"SanJoaquin","zona":"AV","zona_code":"AV","nombre":"AV","decreto":""},"geometry":{"type":"MultiPolygon","coordinates":[[[[-70.64109390406638,-33.47833296506235],[-70.64115626144395,-33.478529005204564],[-70.64024939758504,-33.47874457585277],[-70.64021034623417,-33.478588043998],[-70.64109390406638,-33.47833296506235]]],[[[-70.64025338707087,-33.47876057007211],[-70.64024747342663,-33.478745033296285],[-70.64024939758504,-33.47874457585277],[-70.64025338707087,-33.47876057007211]]]]}},{"type":"Feature","properties":{"comuna":"SanJoaquin","zona":"ZU6","zona_code":"ZU6","nombre":"ZU6","decreto":""},"geometry":{"type":"Polygon","coordinates":[[[-70.63978117550656,-33.47844370956487],[-70.63962230061173,-33.478651489702955],[-70.63911539105158,-33.47910776379563],[-70.6390186941854,-33.478870241139084],[-70.63969083287945,-33.47822254987998],[-70.63978117550656,-33.47844370956487]]]}},{"type":"Feature","properties":{"comuna":"SanJoaquin","zona":"AV","zona_code":"AV","nombre":"AV","decreto":""},"geometry":{"type":"Polygon","coordinates":[[[-70.6394595698913,-33.47916586548825],[-70.63948238071157,-33.479243111398944],[-70.63937619308176,-33.47927434231614],[-70.63936038597834,-33.47919103907012],[-70.6394595698913,-33.47916586548825]]]}},{"type":"Feature","properties":{"comuna":"SanJoaquin","zona":"ZU2a","zona_code":"ZU2a","nombre":"ZU2a","decreto":""},"geometry":{"type":"Polygon","coordinates":[[[-70.63911539105158,-33.47910776379563],[-70.63978117550656,-33.47844370956487],[-70.63969083287945,-33.47822254987998],[-70.63991396317901,-33.478105989971944],[-70.64119680385129,-33.47775365128919],[-70.64109390406638,-33.47833296506235],[-70.64002233324848,-33.47858337389788],[-70.64026134275669,-33.47919141143964],[-70.63926830035787,-33.47947846877487],[-70.63911539105158,-33.47910776379563]],[[-70.63948238071157,-33.479243111398944],[-70.6394595698913,-33.47916586548825],[-70.63936038597834,-33.47919103907012],[-70.63937619308176,-33.47927434231614],[-70.63948238071157,-33.479243111398944]]]}},{"type":"Feature","properties":{"comuna":"SanJoaquin","zona":"AVI (1)","zona_code":"AVI (1)","nombre":"AVI (1)","decreto":""},"geometry":{"type":"Polygon","coordinates":[[[-70.63787711447884,-33.47939879328814],[-70.63670818186978,-33.47943898500776],[-70.63668590201192,-33.47937731052647],[-70.63687082477564,-33.47897265204307],[-70.6382075126887,-33.478779605171475],[-70.63936954513574,-33.47838099278907],[-70.63865104780776,-33.47901626228229],[-70.63787711447884,-33.47939879328814]]]}},{"type":"Feature","properties":{"comuna":"SanJoaquin","zona":"ZE","zona_code":"ZE","nombre":"ZE","decreto":""},"geometry":{"type":"Polygon","coordinates":[[[-70.63670785267804,-33.479438991159626],[-70.63785430291682,-33.479360256010814],[-70.63787711447884,-33.47939879328814],[-70.63683467797672,-33.479738821459975],[-70.63670785267804,-33.479438991159626]]]}},{"type":"Feature","properties":{"comuna":"SanJoaquin","zona":"AV","zona_code":"AV","nombre":"AV","decreto":""},"geometry":{"type":"Polygon","coordinates":[[[-70.63591221905267,-33.47947752121364],[-70.63535066548044,-33.47946257217028],[-70.6343106797376,-33.47983352094967],[-70.63410612490134,-33.47988812771477],[-70.63407654820527,-33.47980857743049],[-70.6353176341292,-33.479422060822834],[-70.63591221905267,-33.47947752121364]]]}},{"type":"Feature","properties":{"comuna":"SanJoaquin","zona":"ZU8","zona_code":"ZU8","nombre":"ZU8","decreto":""},"geometry":{"type":"Polygon","coordinates":[[[-70.63410612490134,-33.47988812771477],[-70.6343106797376,-33.47983352094967],[-70.63444301990444,-33.48015647056006],[-70.63378057122881,-33.480349389916725],[-70.63360220558492,-33.47992082058114],[-70.63397003214358,-33.47981524331533],[-70.63410612490134,-33.47988812771477]]]}},{"type":"Feature","properties":{"comuna":"SanJoaquin","zona":"AVI (1)","zona_code":"AVI (1)","nombre":"AVI (1)","decreto":""},"geometry":{"type":"Polygon","coordinates":[[[-70.63380704965869,-33.479474545274435],[-70.63393972899408,-33.479823940589455],[-70.63360220558492,-33.47992082058114],[-70.63348737334208,-33.47964490557542],[-70.63380704965869,-33.479474545274435]]]}},{"type":"Feature","properties":{"comuna":"SanJoaquin","zona":"AVI (1)","zona_code":"AVI (1)","nombre":"AVI (1)","decreto":""},"geometry":{"type":"Polygon","coordinates":[[[-70.63389159512256,-33.47940299085088],[-70.63448456189558,-33.47915303997368],[-70.63563767784655,-33.478993242901254],[-70.63670939817312,-33.478967669001406],[-70.6365275059096,-33.479410133138316],[-70.63591221905267,-33.47947752121364],[-70.6353176341292,-33.479422060822834],[-70.63407654820527,-33.47980857743049],[-70.63389159512256,-33.47940299085088]]]}},{"type":"Feature","properties":{"comuna":"SanJoaquin","zona":"ZU12","zona_code":"ZU12","nombre":"ZU12","decreto":""},"geometry":{"type":"Polygon","coordinates":[[[-70.6365275059096,-33.479410133138316],[-70.63667629572421,-33.47977727507044],[-70.63453992518413,-33.48039294626648],[-70.63428979050356,-33.47977733150005],[-70.63535066548044,-33.47946257217028],[-70.6365275059096,-33.479410133138316]]]}},{"type":"Feature","properties":{"comuna":"SanJoaquin","zona":"ZU2a","zona_code":"ZU2a","nombre":"ZU2a","decreto":""},"geometry":{"type":"Polygon","coordinates":[[[-70.63444301990444,-33.48015647056006],[-70.63453949388122,-33.48039370407661],[-70.63388362341041,-33.48059699567406],[-70.63378057122881,-33.480349389916725],[-70.63444301990444,-33.48015647056006]]]}},{"type":"Feature","properties":{"comuna":"SanJoaquin","zona":"ZU12","zona_code":"ZU12","nombre":"ZU12","decreto":""},"geometry":{"type":"Polygon","coordinates":[[[-70.63889099213108,-33.47897546128101],[-70.63909990807626,-33.479484298280674],[-70.63706292178038,-33.48022254433788],[-70.63690042045971,-33.479824185302206],[-70.63820285041119,-33.479381730025224],[-70.63889099213108,-33.47897546128101]]]}},{"type":"Feature","properties":{"comuna":"SanJoaquin","zona":"ZU12","zona_code":"ZU12","nombre":"ZU12","decreto":""},"geometry":{"type":"Polygon","coordinates":[[[-70.63798058005078,-33.48012241354816],[-70.63925088621718,-33.4796521493901],[-70.63991689144417,-33.48128687186407],[-70.63861694328065,-33.481661651539184],[-70.63798058005078,-33.48012241354816]]]}},{"type":"Feature","properties":{"comuna":"SanJoaquin","zona":"ZU6","zona_code":"ZU6","nombre":"ZU6","decreto":""},"geometry":{"type":"Polygon","coordinates":[[[-70.63798058005078,-33.48012241354816],[-70.63861694328065,-33.481661651539184],[-70.63776897440962,-33.48190611550394],[-70.63714553458915,-33.48041369802431],[-70.63798058005078,-33.48012241354816]]]}},{"type":"Feature","properties":{"comuna":"SanJoaquin","zona":"ZU12","zona_code":"ZU12","nombre":"ZU12","decreto":""},"geometry":{"type":"Polygon","coordinates":[[[-70.64163287088817,-33.47897858460333],[-70.64157144439741,-33.48001163484658],[-70.63976889163915,-33.48052013168053],[-70.63940381622069,-33.47960889750905],[-70.64163287088817,-33.47897858460333]]]}},{"type":"Feature","properties":{"comuna":"SanJoaquin","zona":"ZU12","zona_code":"ZU12","nombre":"ZU12","decreto":""},"geometry":{"type":"Polygon","coordinates":[[[-70.64151729806203,-33.48016441651166],[-70.64152363926272,-33.480829341474575],[-70.64006972205655,-33.48124335350343],[-70.63982273047719,-33.480649566569745],[-70.64151729806203,-33.48016441651166]]]}},{"type":"Feature","properties":{"comuna":"SanJoaquin","zona":"ZU5","zona_code":"ZU5","nombre":"ZU5","decreto":""},"geometry":{"type":"Polygon","coordinates":[[[-70.63643741816584,-33.48115261679222],[-70.63716332373933,-33.48096374441638],[-70.63757193700195,-33.48196240885821],[-70.63686286179434,-33.482168582903626],[-70.63643741816584,-33.48115261679222]]]}},{"type":"Feature","properties":{"comuna":"SanJoaquin","zona":"ZAPP","zona_code":"ZAPP","nombre":"ZAPP","decreto":""},"geometry":{"type":"Polygon","coordinates":[[[-70.63643741816584,-33.48115261679222],[-70.63686286179434,-33.482168582903626],[-70.63514089990012,-33.482669249098066],[-70.63478656740827,-33.4818206666217],[-70.63508828328484,-33.48173227576386],[-70.63501859483183,-33.48156279410031],[-70.63643741816584,-33.48115261679222]]]}},{"type":"Feature","properties":{"comuna":"SanJoaquin","zona":"ZU2a","zona_code":"ZU2a","nombre":"ZU2a","decreto":""},"geometry":{"type":"Polygon","coordinates":[[[-70.63501866812179,-33.48156297169417],[-70.63508828328484,-33.48173227576386],[-70.63443322183373,-33.48191750611066],[-70.6343638892465,-33.48175092594571],[-70.63501866812179,-33.48156297169417]]]}},{"type":"Feature","properties":{"comuna":"SanJoaquin","zona":"ZU2a","zona_code":"ZU2a","nombre":"ZU2a","decreto":""},"geometry":{"type":"Polygon","coordinates":[[[-70.63443322183373,-33.48191750611066],[-70.63478656740827,-33.4818206666217],[-70.63514089990012,-33.482669249098066],[-70.63478817207748,-33.48277031464449],[-70.63443322183373,-33.48191750611066]]]}},{"type":"Feature","properties":{"comuna":"SanJoaquin","zona":"ZU5","zona_code":"ZU5","nombre":"ZU5","decreto":""},"geometry":{"type":"Polygon","coordinates":[[[-70.63672773344489,-33.47990548327532],[-70.63711020153221,-33.48083593655402],[-70.63496128594369,-33.481436314801],[-70.63459183767635,-33.480520965159776],[-70.63672773344489,-33.47990548327532]]]}},{"type":"Feature","properties":{"comuna":"SanJoaquin","zona":"ZU2a","zona_code":"ZU2a","nombre":"ZU2a","decreto":""},"geometry":{"type":"Polygon","coordinates":[[[-70.63457558293258,-33.48048068772574],[-70.63498161461364,-33.48148668031822],[-70.63433628968481,-33.4816846118924],[-70.63391744909747,-33.48067827016362],[-70.63457558293258,-33.48048068772574]]]}},{"type":"Feature","properties":{"comuna":"SanJoaquin","zona":"ZU2a","zona_code":"ZU2a","nombre":"ZU2a","decreto":""},"geometry":{"type":"Polygon","coordinates":[[[-70.6335944684156,-33.48044987000805],[-70.63423247587387,-33.481982805424366],[-70.63387497020081,-33.48209068692348],[-70.6337653819329,-33.481847865924315],[-70.63341509463544,-33.481955595006696],[-70.63295309370572,-33.480864480194846],[-70.63319617721928,-33.4807964749942],[-70.63310805582046,-33.48059372335172],[-70.6335944684156,-33.48044987000805]]]}},{"type":"Feature","properties":{"comuna":"SanJoaquin","zona":"ZU8","zona_code":"ZU8","nombre":"ZU8","decreto":""},"geometry":{"type":"Polygon","coordinates":[[[-70.6335944684156,-33.48044987000805],[-70.63310805582046,-33.48059372335172],[-70.63319617721928,-33.4807964749942],[-70.63295309370572,-33.480864480194846],[-70.63275997315182,-33.480353491624385],[-70.63297160189417,-33.48014241311172],[-70.63341120776042,-33.48000953931422],[-70.6335944684156,-33.48044987000805]]]}},{"type":"Feature","properties":{"comuna":"SanJoaquin","zona":"ZU6","zona_code":"ZU6","nombre":"ZU6","decreto":""},"geometry":{"type":"Polygon","coordinates":[[[-70.63341509463544,-33.481955595006696],[-70.6337653819329,-33.481847865924315],[-70.63387497020081,-33.48209068692348],[-70.63423247587387,-33.481982805424366],[-70.634585612044,-33.48283125652874],[-70.63386031075015,-33.48303533611866],[-70.63341509463544,-33.481955595006696]]]}},{"type":"Feature","properties":{"comuna":"SanJoaquin","zona":"AVI (1)","zona_code":"AVI (1)","nombre":"AVI (1)","decreto":""},"geometry":{"type":"Polygon","coordinates":[[[-70.63227310605532,-33.48350182666287],[-70.63116830989846,-33.48123037316473],[-70.63332008138299,-33.47979058376008],[-70.63341120776042,-33.48000953931422],[-70.63297160189417,-33.48014241311172],[-70.63275997315182,-33.480353491624385],[-70.63386031075015,-33.48303533611866],[-70.63227310605532,-33.48350182666287]]]}},{"type":"Feature","properties":{"comuna":"SanJoaquin","zona":"AVI (1)","zona_code":"AVI (1)","nombre":"AVI (1)","decreto":""},"geometry":{"type":"Polygon","coordinates":[[[-70.63098201394008,-33.48135514617275],[-70.63197993461442,-33.48358480995611],[-70.6294246499978,-33.48431666559486],[-70.62944379236525,-33.48297523240883],[-70.62958170574676,-33.48249969420355],[-70.63010357501364,-33.4819577991381],[-70.63098201394008,-33.48135514617275]]]}},{"type":"Feature","properties":{"comuna":"SanJoaquin","zona":"ZI","zona_code":"ZI","nombre":"ZI","decreto":""},"geometry":{"type":"Polygon","coordinates":[[[-70.62666034391232,-33.485128775785334],[-70.62641218142439,-33.48456687305559],[-70.62670881217117,-33.4843487434009],[-70.6274634732262,-33.48406893075789],[-70.62776802427615,-33.48480727638179],[-70.62666034391232,-33.485128775785334]]]}},{"type":"Feature","properties":{"comuna":"SanJoaquin","zona":"ZU12","zona_code":"ZU12","nombre":"ZU12","decreto":""},"geometry":{"type":"Polygon","coordinates":[[[-70.62641218142439,-33.48456687305559],[-70.62666034391232,-33.485128775785334],[-70.62572540955237,-33.48539855095451],[-70.62547394605905,-33.48481222760626],[-70.62641218142439,-33.48456687305559]]]}},{"type":"Feature","properties":{"comuna":"SanJoaquin","zona":"AVI (1)","zona_code":"AVI (1)","nombre":"AVI (1)","decreto":""},"geometry":{"type":"Polygon","coordinates":[[[-70.62530970057358,-33.48442926087484],[-70.6263418589505,-33.48418752212431],[-70.62849745571486,-33.48210894284964],[-70.62988931654725,-33.48169647079896],[-70.62937681715675,-33.482155227065576],[-70.62911123204056,-33.48268701404685],[-70.62899533633409,-33.48444937497882],[-70.62776802427615,-33.48480727638179],[-70.6274634732262,-33.48406893075789],[-70.62670881217117,-33.4843487434009],[-70.62641218142439,-33.48456687305559],[-70.62547394605905,-33.48481222760626],[-70.62530970057358,-33.48442926087484]]]}},{"type":"Feature","properties":{"comuna":"SanJoaquin","zona":"AVI (1)","zona_code":"AVI (1)","nombre":"AVI (1)","decreto":""},"geometry":{"type":"Polygon","coordinates":[[[-70.62510542821636,-33.484480698331],[-70.62526858562853,-33.484864052972156],[-70.6230086186823,-33.48538170703738],[-70.6228816773737,-33.484990124651894],[-70.62510542821636,-33.484480698331]]]}},{"type":"Feature","properties":{"comuna":"SanJoaquin","zona":"ZU12","zona_code":"ZU12","nombre":"ZU12","decreto":""},"geometry":{"type":"Polygon","coordinates":[[[-70.6230086186823,-33.48538170703738],[-70.62526858562853,-33.484864052972156],[-70.62550216933306,-33.48541656566157],[-70.62323161277273,-33.48609361429372],[-70.6230086186823,-33.48538170703738]]]}},{"type":"Feature","properties":{"comuna":"SanJoaquin","zona":"AVI (1)","zona_code":"AVI (1)","nombre":"AVI (1)","decreto":""},"geometry":{"type":"Polygon","coordinates":[[[-70.62272516148502,-33.485023217243366],[-70.62284697248144,-33.48541599608006],[-70.6201814995272,-33.486035154256946],[-70.62040143439009,-33.48556299445888],[-70.62272516148502,-33.485023217243366]]]}},{"type":"Feature","properties":{"comuna":"SanJoaquin","zona":"ZU12","zona_code":"ZU12","nombre":"ZU12","decreto":""},"geometry":{"type":"Polygon","coordinates":[[[-70.62284697248144,-33.48541599608006],[-70.62307270438895,-33.48614001535598],[-70.6189901235684,-33.48732959965325],[-70.61893634577478,-33.48726165814794],[-70.6201814995272,-33.486035154256946],[-70.62284697248144,-33.48541599608006]]]}},{"type":"Feature","properties":{"comuna":"SanJoaquin","zona":"ZAV","zona_code":"ZAV","nombre":"ZAV","decreto":""},"geometry":{"type":"Polygon","coordinates":[[[-70.64131475687473,-33.4811744194471],[-70.64148241425013,-33.48112673584149],[-70.64099976077053,-33.48488595655879],[-70.64083960850898,-33.48486906990015],[-70.64131475687473,-33.4811744194471]]]}},{"type":"Feature","properties":{"comuna":"SanJoaquin","zona":"ZU12","zona_code":"ZU12","nombre":"ZU12","decreto":""},"geometry":{"type":"Polygon","coordinates":[[[-70.64069516027713,-33.48135063923677],[-70.64131475687473,-33.4811744194471],[-70.6410303250719,-33.483401327408316],[-70.64044420596868,-33.48327353872126],[-70.64069516027713,-33.48135063923677]]]}},{"type":"Feature","properties":{"comuna":"SanJoaquin","zona":"ZU12","zona_code":"ZU12","nombre":"ZU12","decreto":""},"geometry":{"type":"Polygon","coordinates":[[[-70.64044420596868,-33.48327353872126],[-70.6410307822044,-33.483401427768804],[-70.64083960850898,-33.48486906990015],[-70.64025875102648,-33.484738596465775],[-70.64044420596868,-33.48327353872126]]]}},{"type":"Feature","properties":{"comuna":"SanJoaquin","zona":"ZU6","zona_code":"ZU6","nombre":"ZU6","decreto":""},"geometry":{"type":"Polygon","coordinates":[[[-70.63994538278452,-33.48466618173126],[-70.64099976077053,-33.48488595655879],[-70.64095482243272,-33.485193028564126],[-70.63988580993595,-33.48489295231903],[-70.63994538278452,-33.48466618173126]]]}},{"type":"Feature","properties":{"comuna":"SanJoaquin","zona":"AV","zona_code":"AV","nombre":"AV","decreto":""},"geometry":{"type":"Polygon","coordinates":[[[-70.63951481021421,-33.484783991802324],[-70.63955246982508,-33.484575384555406],[-70.63994538278452,-33.48466618173126],[-70.63988580993595,-33.48489295231903],[-70.63951481021421,-33.484783991802324]]]}},{"type":"Feature","properties":{"comuna":"SanJoaquin","zona":"ZU2a","zona_code":"ZU2a","nombre":"ZU2a","decreto":""},"geometry":{"type":"Polygon","coordinates":[[[-70.6395198239835,-33.48468614542771],[-70.63951481021421,-33.484783991802324],[-70.63875111910832,-33.484599452050354],[-70.63879002187527,-33.48448879708633],[-70.6395198239835,-33.48468614542771]]]}},{"type":"Feature","properties":{"comuna":"SanJoaquin","zona":"AV","zona_code":"AV","nombre":"AV","decreto":""},"geometry":{"type":"Polygon","coordinates":[[[-70.63875111910832,-33.484599452050354],[-70.63787598522019,-33.48438797606788],[-70.6371611631167,-33.4847389326357],[-70.63709440427952,-33.4846467926714],[-70.6379076760834,-33.484325507263584],[-70.63879002187527,-33.48448879708633],[-70.63875111910832,-33.484599452050354]]]}},{"type":"Feature","properties":{"comuna":"SanJoaquin","zona":"ZU2a","zona_code":"ZU2a","nombre":"ZU2a","decreto":""},"geometry":{"type":"Polygon","coordinates":[[[-70.63709440427952,-33.4846467926714],[-70.6371611631167,-33.4847389326357],[-70.63580752367359,-33.485421538522566],[-70.63573853314682,-33.48532742974845],[-70.63709440427952,-33.4846467926714]]]}},{"type":"Feature","properties":{"comuna":"SanJoaquin","zona":"ZU2a","zona_code":"ZU2a","nombre":"ZU2a","decreto":""},"geometry":{"type":"Polygon","coordinates":[[[-70.63570609529795,-33.48534386083075],[-70.63567500867298,-33.485490085989994],[-70.63550161486386,-33.48557977777369],[-70.6355355599951,-33.48542809767346],[-70.63570609529795,-33.48534386083075]]]}},{"type":"Feature","properties":{"comuna":"SanJoaquin","zona":"AV","zona_code":"AV","nombre":"AV","decreto":""},"geometry":{"type":"Polygon","coordinates":[[[-70.63570609529795,-33.48534386083075],[-70.63580752367359,-33.485421538522566],[-70.63567500867298,-33.485490085989994],[-70.63570609529795,-33.48534386083075]]]}},{"type":"Feature","properties":{"comuna":"SanJoaquin","zona":"AV","zona_code":"AV","nombre":"AV","decreto":""},"geometry":{"type":"Polygon","coordinates":[[[-70.6355355599951,-33.48542809767346],[-70.63550161486386,-33.48557977777369],[-70.63515033442587,-33.48576147898624],[-70.63479278290764,-33.485779132075606],[-70.63481246646228,-33.485672326537475],[-70.63502270853878,-33.48571147530054],[-70.6355355599951,-33.48542809767346]]]}},{"type":"Feature","properties":{"comuna":"SanJoaquin","zona":"ZU2a","zona_code":"ZU2a","nombre":"ZU2a","decreto":""},"geometry":{"type":"Polygon","coordinates":[[[-70.6351347672736,-33.48426605321482],[-70.63524568373046,-33.48428514013203],[-70.63517938973956,-33.48459013669957],[-70.63492296493372,-33.485692902723635],[-70.63481246646228,-33.485672326537475],[-70.6351347672736,-33.48426605321482]]]}},{"type":"Feature","properties":{"comuna":"SanJoaquin","zona":"AV","zona_code":"AV","nombre":"AV","decreto":""},"geometry":{"type":"Polygon","coordinates":[[[-70.63511967985377,-33.48351919051152],[-70.6352178276775,-33.48348906577028],[-70.63527365224436,-33.48369049962724],[-70.63524568373046,-33.48428514013203],[-70.6351347672736,-33.48426605321482],[-70.63519780916333,-33.483918413604535],[-70.63511967985377,-33.48351919051152]]]}},{"type":"Feature","properties":{"comuna":"SanJoaquin","zona":"ZU2a","zona_code":"ZU2a","nombre":"ZU2a","decreto":""},"geometry":{"type":"Polygon","coordinates":[[[-70.63501189832452,-33.4829930004957],[-70.6352169387638,-33.48348923982985],[-70.63511967985377,-33.48351919051152],[-70.63489655821454,-33.4830264902621],[-70.63501189832452,-33.4829930004957]]]}},{"type":"Feature","properties":{"comuna":"SanJoaquin","zona":"ZAPP","zona_code":"ZAPP","nombre":"ZAPP","decreto":""},"geometry":{"type":"Polygon","coordinates":[[[-70.63530252191858,-33.483926798356705],[-70.63501189832452,-33.4829930004957],[-70.63829280539832,-33.48204117340204],[-70.63803897347535,-33.483782355366245],[-70.63932742509054,-33.48407623238932],[-70.63918631172065,-33.48459008981694],[-70.63818967867252,-33.48434657372633],[-70.6377865298726,-33.48435171761143],[-70.63492296493372,-33.485692902723635],[-70.63530252191858,-33.483926798356705]]]}},{"type":"Feature","properties":{"comuna":"SanJoaquin","zona":"ZAPP","zona_code":"ZAPP","nombre":"ZAPP","decreto":""},"geometry":{"type":"Polygon","coordinates":[[[-70.63946968732414,-33.48170187985206],[-70.64069516027713,-33.48135063923677],[-70.64044420596868,-33.48327353872126],[-70.63874332082861,-33.4830541036126],[-70.63883150343774,-33.48234568863063],[-70.63937664673361,-33.48239497444594],[-70.63946968732414,-33.48170187985206]]]}},{"type":"Feature","properties":{"comuna":"SanJoaquin","zona":"ZU6","zona_code":"ZU6","nombre":"ZU6","decreto":""},"geometry":{"type":"Polygon","coordinates":[[[-70.63874332082861,-33.4830541036126],[-70.64044420596868,-33.48327353872126],[-70.64025875102648,-33.484738596465775],[-70.63955246982508,-33.484575384555406],[-70.6395198239835,-33.48468614542771],[-70.63918631172065,-33.48459008981694],[-70.63932742509054,-33.48407623238932],[-70.63862745103462,-33.483918328117824],[-70.63874332082861,-33.4830541036126]]]}},{"type":"Feature","properties":{"comuna":"SanJoaquin","zona":"ZU2a","zona_code":"ZU2a","nombre":"ZU2a","decreto":""},"geometry":{"type":"Polygon","coordinates":[[[-70.63946968732414,-33.48170187985206],[-70.63937664673361,-33.48239497444594],[-70.63883150343774,-33.48234568863063],[-70.63862745103462,-33.483918328117824],[-70.63803897347535,-33.483782355366245],[-70.63829280539832,-33.48204117340204],[-70.63946968732414,-33.48170187985206]]]}},{"type":"Feature","properties":{"comuna":"SanJoaquin","zona":"ZU2a","zona_code":"ZU2a","nombre":"ZU2a","decreto":""},"geometry":{"type":"Polygon","coordinates":[[[-70.6345495713478,-33.48312675433594],[-70.63471075186276,-33.48308140175082],[-70.63487917919443,-33.48349421190471],[-70.63467280768211,-33.483423180086646],[-70.6345495713478,-33.48312675433594]]]}},{"type":"Feature","properties":{"comuna":"SanJoaquin","zona":"ZU2a","zona_code":"ZU2a","nombre":"ZU2a","decreto":""},"geometry":{"type":"Polygon","coordinates":[[[-70.63261759541594,-33.48368725070262],[-70.63283138723817,-33.48433404009333],[-70.63324035190615,-33.48559738755652],[-70.63285267264486,-33.485665985662344],[-70.6323479972271,-33.48376615823895],[-70.63261759541594,-33.48368725070262]]]}},{"type":"Feature","properties":{"comuna":"SanJoaquin","zona":"ZAPP","zona_code":"ZAPP","nombre":"ZAPP","decreto":""},"geometry":{"type":"Polygon","coordinates":[[[-70.63261759541594,-33.48368725070262],[-70.6345495713478,-33.48312675433594],[-70.63467280768211,-33.483423180086646],[-70.63487917919443,-33.48349421190471],[-70.63499011440985,-33.48387805726867],[-70.6345741796008,-33.48574423259718],[-70.6332354056434,-33.4855865614439],[-70.63261759541594,-33.48368725070262]]]}},{"type":"Feature","properties":{"comuna":"SanJoaquin","zona":"ZU6","zona_code":"ZU6","nombre":"ZU6","decreto":""},"geometry":{"type":"Polygon","coordinates":[[[-70.63329563836172,-33.48575896972607],[-70.63453765470594,-33.48593255236959],[-70.63446452948172,-33.486295805314526],[-70.6339591606655,-33.48652351413756],[-70.63400923382179,-33.48661159761144],[-70.63363176318435,-33.48680810344655],[-70.63329563836172,-33.48575896972607]]]}},{"type":"Feature","properties":{"comuna":"SanJoaquin","zona":"ZE","zona_code":"ZE","nombre":"ZE","decreto":""},"geometry":{"type":"Polygon","coordinates":[[[-70.63270899117401,-33.48655794220144],[-70.63352727270403,-33.48648212044115],[-70.63363176318435,-33.48680810344655],[-70.63265457096301,-33.487307300259644],[-70.63270899117401,-33.48655794220144]]]}},{"type":"Feature","properties":{"comuna":"SanJoaquin","zona":"ZU2a","zona_code":"ZU2a","nombre":"ZU2a","decreto":""},"geometry":{"type":"Polygon","coordinates":[[[-70.63270899117401,-33.48655794220144],[-70.63283543229197,-33.48580033467091],[-70.63328091781293,-33.48571697019578],[-70.63329562544996,-33.485758969896274],[-70.63357515356103,-33.48663149742085],[-70.63352727270403,-33.48648212044115],[-70.63334689982273,-33.48645346490961],[-70.63270899117401,-33.48655794220144]]]}},{"type":"Feature","properties":{"comuna":"SanJoaquin","zona":"ZE","zona_code":"ZE","nombre":"ZE","decreto":""},"geometry":{"type":"Polygon","coordinates":[[[-70.63083098372121,-33.485034052688846],[-70.63061438051679,-33.48507261211882],[-70.63048993745115,-33.4852010849536],[-70.62981634131611,-33.48527532784082],[-70.62953057922945,-33.484571561736374],[-70.63053088984287,-33.48428630631979],[-70.63083098372121,-33.485034052688846]]]}},{"type":"Feature","properties":{"comuna":"SanJoaquin","zona":"ZU12","zona_code":"ZU12","nombre":"ZU12","decreto":""},"geometry":{"type":"Polygon","coordinates":[[[-70.62945036980128,-33.48562567055296],[-70.62827192064948,-33.485588682458314],[-70.62811099432588,-33.48499632582799],[-70.62909701787426,-33.48470761540062],[-70.62945036980128,-33.48562567055296]]]}},{"type":"Feature","properties":{"comuna":"SanJoaquin","zona":"ZU8","zona_code":"ZU8","nombre":"ZU8","decreto":""},"geometry":{"type":"Polygon","coordinates":[[[-70.62945036980128,-33.48562567055296],[-70.62947666777538,-33.48594231653922],[-70.62825929801421,-33.48590209859731],[-70.62827192064948,-33.485588682458314],[-70.62945036980128,-33.48562567055296]]]}},{"type":"Feature","properties":{"comuna":"SanJoaquin","zona":"ZAPR","zona_code":"ZAPR","nombre":"ZAPR","decreto":""},"geometry":{"type":"Polygon","coordinates":[[[-70.62796072272862,-33.488350460745565],[-70.6253647571322,-33.488273017476295],[-70.62536887645962,-33.488059804742065],[-70.62484655499463,-33.488040513848496],[-70.62538651885086,-33.485885658880214],[-70.62557889736148,-33.48572294216638],[-70.62791153903144,-33.485051927847095],[-70.62805776845182,-33.48551428338578],[-70.62796072272862,-33.488350460745565]]]}},{"type":"Feature","properties":{"comuna":"SanJoaquin","zona":"ZAPP","zona_code":"ZAPP","nombre":"ZAPP","decreto":""},"geometry":{"type":"Polygon","coordinates":[[[-70.62536887645962,-33.488059804742065],[-70.6253647571322,-33.488273017476295],[-70.62796072272862,-33.488350460745565],[-70.62789318729857,-33.49021788690348],[-70.6244092217989,-33.49013125549032],[-70.62484655499463,-33.488040513848496],[-70.62536887645962,-33.488059804742065]]]}},{"type":"Feature","properties":{"comuna":"SanJoaquin","zona":"ZU6","zona_code":"ZU6","nombre":"ZU6","decreto":""},"geometry":{"type":"Polygon","coordinates":[[[-70.62933218035734,-33.488624776359266],[-70.62923043789077,-33.49027826218624],[-70.62810390665763,-33.49024362546523],[-70.62816409400558,-33.4885995259707],[-70.62933218035734,-33.488624776359266]]]}},{"type":"Feature","properties":{"comuna":"SanJoaquin","zona":"ZE","zona_code":"ZE","nombre":"ZE","decreto":""},"geometry":{"type":"Polygon","coordinates":[[[-70.63320916442174,-33.4901321883985],[-70.63191630987795,-33.49015690026402],[-70.63188162517775,-33.489528281843256],[-70.6328094639863,-33.489084747900975],[-70.63320916442174,-33.4901321883985]]]}},{"type":"Feature","properties":{"comuna":"SanJoaquin","zona":"AV","zona_code":"AV","nombre":"AV","decreto":""},"geometry":{"type":"Polygon","coordinates":[[[-70.63188162517775,-33.489528281843256],[-70.63197020056415,-33.490191217177404],[-70.63129230333041,-33.49021129964746],[-70.63128449182115,-33.489794793845526],[-70.63188162517775,-33.489528281843256]]]}},{"type":"Feature","properties":{"comuna":"SanJoaquin","zona":"ZU2a","zona_code":"ZU2a","nombre":"ZU2a","decreto":""},"geometry":{"type":"Polygon","coordinates":[[[-70.63481148223441,-33.48806636134969],[-70.63532540035986,-33.488938247726715],[-70.63555641700225,-33.489541743790525],[-70.63384759608869,-33.49005431762794],[-70.63336983592758,-33.49010359813562],[-70.63296007449695,-33.48898568621403],[-70.63481148223441,-33.48806636134969]]]}},{"type":"Feature","properties":{"comuna":"SanJoaquin","zona":"ZU2a","zona_code":"ZU2a","nombre":"ZU2a","decreto":""},"geometry":{"type":"Polygon","coordinates":[[[-70.63537818120997,-33.48781087858623],[-70.635504686083,-33.48799834153382],[-70.6350877351451,-33.488162035318695],[-70.63495906875096,-33.48793987579911],[-70.63537818120997,-33.48781087858623]]]}},{"type":"Feature","properties":{"comuna":"SanJoaquin","zona":"ZE","zona_code":"ZE","nombre":"ZE","decreto":""},"geometry":{"type":"Polygon","coordinates":[[[-70.63559228576405,-33.48764217113131],[-70.63607889491189,-33.4887077429321],[-70.63548315063538,-33.48888707923616],[-70.6350877351451,-33.488162035318695],[-70.635504686083,-33.48799834153382],[-70.63533932203089,-33.48776185351668],[-70.63559228576405,-33.48764217113131]]]}},{"type":"Feature","properties":{"comuna":"SanJoaquin","zona":"ZU2a","zona_code":"ZU2a","nombre":"ZU2a","decreto":""},"geometry":{"type":"Polygon","coordinates":[[[-70.63654856512693,-33.48855842158517],[-70.63678403979918,-33.48916038730868],[-70.63573767034109,-33.48945584575457],[-70.63548315063538,-33.48888707923616],[-70.63654856512693,-33.48855842158517]]]}},{"type":"Feature","properties":{"comuna":"SanJoaquin","zona":"ZU2a","zona_code":"ZU2a","nombre":"ZU2a","decreto":""},"geometry":{"type":"Polygon","coordinates":[[[-70.63577621886546,-33.48779233382542],[-70.63565264727917,-33.487613608962455],[-70.6360806803427,-33.48741708314735],[-70.63619027812753,-33.48763837414696],[-70.63577621886546,-33.48779233382542]]]}},{"type":"Feature","properties":{"comuna":"SanJoaquin","zona":"ZU2a","zona_code":"ZU2a","nombre":"ZU2a","decreto":""},"geometry":{"type":"Polygon","coordinates":[[[-70.63577621886546,-33.48779233382542],[-70.63619027812753,-33.48763837414696],[-70.6365710102474,-33.488507928794704],[-70.63614139547884,-33.48860358951814],[-70.63577621886546,-33.48779233382542]]]}},{"type":"Feature","properties":{"comuna":"SanJoaquin","zona":"AV","zona_code":"AV","nombre":"AV","decreto":""},"geometry":{"type":"Polygon","coordinates":[[[-70.63490026560545,-33.48622192362992],[-70.63546406416056,-33.48747420486691],[-70.63536386284123,-33.4875215078202],[-70.63470719037903,-33.48632130168675],[-70.63490026560545,-33.48622192362992]]]}},{"type":"Feature","properties":{"comuna":"SanJoaquin","zona":"ZU2a","zona_code":"ZU2a","nombre":"ZU2a","decreto":""},"geometry":{"type":"Polygon","coordinates":[[[-70.63459621382867,-33.486378421832036],[-70.63527080899766,-33.48756543733078],[-70.63485908726958,-33.487758918839255],[-70.63418852929705,-33.48658184180778],[-70.63459621382867,-33.486378421832036]]]}},{"type":"Feature","properties":{"comuna":"SanJoaquin","zona":"ZU2a","zona_code":"ZU2a","nombre":"ZU2a","decreto":""},"geometry":{"type":"Polygon","coordinates":[[[-70.63500165467705,-33.48616973735266],[-70.63542190456343,-33.485972713259116],[-70.6359638462483,-33.487242771512236],[-70.63556423228371,-33.48742691670145],[-70.63500165467705,-33.48616973735266]]]}},{"type":"Feature","properties":{"comuna":"SanJoaquin","zona":"ZU6","zona_code":"ZU6","nombre":"ZU6","decreto":""},"geometry":{"type":"Polygon","coordinates":[[[-70.64068754678432,-33.48530063202151],[-70.64092841687086,-33.485351531618264],[-70.64083660814396,-33.48608777526619],[-70.64058828250542,-33.48608615508505],[-70.64068754678432,-33.48530063202151]]]}},{"type":"Feature","properties":{"comuna":"SanJoaquin","zona":"ZU2a","zona_code":"ZU2a","nombre":"ZU2a","decreto":""},"geometry":{"type":"Polygon","coordinates":[[[-70.64061762027933,-33.48528037418525],[-70.64051325760728,-33.48608566590396],[-70.6401212434536,-33.48608464322125],[-70.64023554725861,-33.485194273079145],[-70.64061762027933,-33.48528037418525]]]}},{"type":"Feature","properties":{"comuna":"SanJoaquin","zona":"AV","zona_code":"AV","nombre":"AV","decreto":""},"geometry":{"type":"Polygon","coordinates":[[[-70.64016571252705,-33.4851810993817],[-70.63961849884187,-33.485058373348984],[-70.63965045554535,-33.48496586723413],[-70.64016571252705,-33.4851810993817]]]}},{"type":"Feature","properties":{"comuna":"SanJoaquin","zona":"AV","zona_code":"AV","nombre":"AV","decreto":""},"geometry":{"type":"Polygon","coordinates":[[[-70.63953857733517,-33.485509445411566],[-70.64010890756732,-33.485605474833555],[-70.64009504089863,-33.48570906756787],[-70.63951694825256,-33.48563377449292],[-70.63953857733517,-33.485509445411566]]]}},{"type":"Feature","properties":{"comuna":"SanJoaquin","zona":"ZU2a","zona_code":"ZU2a","nombre":"ZU2a","decreto":""},"geometry":{"type":"Polygon","coordinates":[[[-70.63925304943785,-33.485878315129824],[-70.63941936574376,-33.48491284628793],[-70.63965045554535,-33.48496586723413],[-70.6394692105814,-33.48590510419143],[-70.63925304943785,-33.485878315129824]]]}},{"type":"Feature","properties":{"comuna":"SanJoaquin","zona":"ZU2a","zona_code":"ZU2a","nombre":"ZU2a","decreto":""},"geometry":{"type":"MultiPolygon","coordinates":[[[[-70.63947327486606,-33.485879482865336],[-70.63952166375381,-33.485607245431105],[-70.64009504089863,-33.48570906756787],[-70.64004479476044,-33.48608444405214],[-70.63921384623139,-33.486125066299316],[-70.63925288355021,-33.485878307404576],[-70.63947327486606,-33.485879482865336]]],[[[-70.6395357445284,-33.48552582751414],[-70.63961849884187,-33.485058373348984],[-70.64016571252705,-33.4851810993817],[-70.64010890756732,-33.485605474833555],[-70.6395357445284,-33.48552582751414]]]]}},{"type":"Feature","properties":{"comuna":"SanJoaquin","zona":"ZU2a","zona_code":"ZU2a","nombre":"ZU2a","decreto":""},"geometry":{"type":"Polygon","coordinates":[[[-70.63914704066377,-33.48590804386396],[-70.63911088049132,-33.4861235922977],[-70.63813431971889,-33.48625669455557],[-70.63616459797215,-33.487148146435665],[-70.63605493763266,-33.48696228880304],[-70.63633378085329,-33.48683195447621],[-70.63629177168558,-33.48672961860472],[-70.63670251081156,-33.48663421315794],[-70.63810455072432,-33.48595481098044],[-70.63847421595698,-33.48587108299007],[-70.63914704066377,-33.48590804386396]]]}},{"type":"Feature","properties":{"comuna":"SanJoaquin","zona":"AV","zona_code":"AV","nombre":"AV","decreto":""},"geometry":{"type":"Polygon","coordinates":[[[-70.63847288524732,-33.48532843197643],[-70.63832881608181,-33.485616666452884],[-70.63820142339658,-33.48527833517797],[-70.63847288524732,-33.48532843197643]]]}},{"type":"Feature","properties":{"comuna":"SanJoaquin","zona":"ZU2a","zona_code":"ZU2a","nombre":"ZU2a","decreto":""},"geometry":{"type":"Polygon","coordinates":[[[-70.63560403447921,-33.48573873551777],[-70.63791494243328,-33.48457786729443],[-70.63931596168766,-33.48488912036735],[-70.63914704066377,-33.48590804386396],[-70.63847421595698,-33.48587108299007],[-70.63810455072432,-33.48595481098044],[-70.63670251081156,-33.48663421315794],[-70.63629177168558,-33.48672961860472],[-70.63633378085329,-33.48683195447621],[-70.63609515841276,-33.48690585643393],[-70.63560403447921,-33.48573873551777]],[[-70.63847288524732,-33.48532843197643],[-70.63820142339658,-33.48527833517797],[-70.63832881608181,-33.485616666452884],[-70.63847288524732,-33.48532843197643]]]}},{"type":"Feature","properties":{"comuna":"SanJoaquin","zona":"ZU2a","zona_code":"ZU2a","nombre":"ZU2a","decreto":""},"geometry":{"type":"Polygon","coordinates":[[[-70.63253507807552,-33.48737598126058],[-70.63313440994716,-33.48857980291966],[-70.63278644020383,-33.48876573584661],[-70.6321680076354,-33.48756878167944],[-70.63253507807552,-33.48737598126058]]]}},{"type":"Feature","properties":{"comuna":"SanJoaquin","zona":"ZU2a","zona_code":"ZU2a","nombre":"ZU2a","decreto":""},"geometry":{"type":"Polygon","coordinates":[[[-70.63265418425087,-33.487305160821236],[-70.63400923382179,-33.48661159761144],[-70.6346782775395,-33.487804542446305],[-70.63325683960043,-33.4885409617981],[-70.63265418425087,-33.487305160821236]]]}},{"type":"Feature","properties":{"comuna":"SanJoaquin","zona":"AV","zona_code":"AV","nombre":"AV","decreto":""},"geometry":{"type":"Polygon","coordinates":[[[-70.62929375816229,-33.48619126065797],[-70.62948005448598,-33.48619574840579],[-70.62940922590907,-33.48732278759725],[-70.62925037371707,-33.48734459588899],[-70.62929375816229,-33.48619126065797]]]}},{"type":"Feature","properties":{"comuna":"SanJoaquin","zona":"AV","zona_code":"AV","nombre":"AV","decreto":""},"geometry":{"type":"Polygon","coordinates":[[[-70.6294042415804,-33.48743350235127],[-70.62934319128436,-33.488449729275935],[-70.62924590611142,-33.48844662037013],[-70.62929482064604,-33.48743706873839],[-70.6294042415804,-33.48743350235127]]]}},{"type":"Feature","properties":{"comuna":"SanJoaquin","zona":"ZU2a","zona_code":"ZU2a","nombre":"ZU2a","decreto":""},"geometry":{"type":"Polygon","coordinates":[[[-70.62916313035089,-33.48844397441726],[-70.62812469513253,-33.48841078167433],[-70.62816340350052,-33.48740467858357],[-70.62920113960165,-33.4874526170981],[-70.62916313035089,-33.48844397441726]]]}},{"type":"Feature","properties":{"comuna":"SanJoaquin","zona":"ZU2a","zona_code":"ZU2a","nombre":"ZU2a","decreto":""},"geometry":{"type":"Polygon","coordinates":[[[-70.6281708350765,-33.48721152666957],[-70.62821109181738,-33.48616517811469],[-70.62929375816229,-33.48619126065797],[-70.62925037371707,-33.48734459588899],[-70.6281708350765,-33.48721152666957]]]}},{"type":"Feature","properties":{"comuna":"SanJoaquin","zona":"AV","zona_code":"AV","nombre":"AV","decreto":""},"geometry":{"type":"Polygon","coordinates":[[[-70.63063472551366,-33.48510963475817],[-70.6304621403551,-33.485267182852034],[-70.62984788662061,-33.48536463349214],[-70.62981634131611,-33.48527532784082],[-70.63048993745115,-33.4852010849536],[-70.63063472551366,-33.48510963475817]]]}},{"type":"Feature","properties":{"comuna":"SanJoaquin","zona":"ZU2a","zona_code":"ZU2a","nombre":"ZU2a","decreto":""},"geometry":{"type":"Polygon","coordinates":[[[-70.62986273679968,-33.48547890118075],[-70.63049973804982,-33.485374060969264],[-70.63063984556945,-33.48525291309287],[-70.6323808178109,-33.48470666466174],[-70.63256253206019,-33.48565573519849],[-70.62990698838003,-33.48588236208699],[-70.62986273679968,-33.48547890118075]]]}},{"type":"Feature","properties":{"comuna":"SanJoaquin","zona":"AV","zona_code":"AV","nombre":"AV","decreto":""},"geometry":{"type":"Polygon","coordinates":[[[-70.6305440117801,-33.485335778505515],[-70.63044132327784,-33.48538367566787],[-70.63043031565041,-33.48534681870902],[-70.6305440117801,-33.485335778505515]]]}},{"type":"Feature","properties":{"comuna":"SanJoaquin","zona":"AV","zona_code":"AV","nombre":"AV","decreto":""},"geometry":{"type":"Polygon","coordinates":[[[-70.63173506097621,-33.484781941730546],[-70.63144503627291,-33.48486281901045],[-70.63141218713386,-33.48480179860141],[-70.6317181019106,-33.4847154509005],[-70.63173506097621,-33.484781941730546]]]}},{"type":"Feature","properties":{"comuna":"SanJoaquin","zona":"ZU6","zona_code":"ZU6","nombre":"ZU6","decreto":""},"geometry":{"type":"Polygon","coordinates":[[[-70.63053088984287,-33.48428630631979],[-70.63209298542202,-33.48383834025143],[-70.63235193948556,-33.484609915172406],[-70.63173506097621,-33.484781941730546],[-70.6317181019106,-33.4847154509005],[-70.63083098372121,-33.485034052688846],[-70.63053088984287,-33.48428630631979]]]}},{"type":"Feature","properties":{"comuna":"SanJoaquin","zona":"AV","zona_code":"AV","nombre":"AV","decreto":""},"geometry":{"type":"Polygon","coordinates":[[[-70.62990294914228,-33.48641278202961],[-70.63003719373997,-33.48641737560105],[-70.62999955355315,-33.48706807723054],[-70.62988744679292,-33.487056423325264],[-70.62990294914228,-33.48641278202961]]]}},{"type":"Feature","properties":{"comuna":"SanJoaquin","zona":"AV","zona_code":"AV","nombre":"AV","decreto":""},"geometry":{"type":"Polygon","coordinates":[[[-70.63156688294114,-33.48674918837792],[-70.63156912001298,-33.486868461977316],[-70.63122749035291,-33.486872960336946],[-70.63123948915201,-33.48675349929408],[-70.63156688294114,-33.48674918837792]]]}},{"type":"Feature","properties":{"comuna":"SanJoaquin","zona":"ZU2a","zona_code":"ZU2a","nombre":"ZU2a","decreto":""},"geometry":{"type":"Polygon","coordinates":[[[-70.63003719373997,-33.48641737560105],[-70.62990294914228,-33.48641278202961],[-70.62991023176014,-33.486110442849096],[-70.63255348036793,-33.48588310211675],[-70.63231202738784,-33.48732202682621],[-70.6298822148609,-33.487273598870985],[-70.62988744679292,-33.487056423325264],[-70.62999955355315,-33.48706807723054],[-70.63003719373997,-33.48641737560105]],[[-70.63156688294114,-33.48674918837792],[-70.63123948915201,-33.48675349929408],[-70.63122749035291,-33.486872960336946],[-70.63156912001298,-33.486868461977316],[-70.63156688294114,-33.48674918837792]]]}},{"type":"Feature","properties":{"comuna":"SanJoaquin","zona":"ZE","zona_code":"ZE","nombre":"ZE","decreto":""},"geometry":{"type":"Polygon","coordinates":[[[-70.62971995028605,-33.4893634618991],[-70.6297878344563,-33.48879376482779],[-70.62983474565931,-33.48879354722257],[-70.63009940732238,-33.48935739846595],[-70.62971995028605,-33.4893634618991]]]}},{"type":"Feature","properties":{"comuna":"SanJoaquin","zona":"AV","zona_code":"AV","nombre":"AV","decreto":""},"geometry":{"type":"Polygon","coordinates":[[[-70.62994257276267,-33.48745366005917],[-70.62991860700642,-33.488447102599174],[-70.62983113585162,-33.48844626028479],[-70.62987724278999,-33.48745248679498],[-70.62994257276267,-33.48745366005917]]]}},{"type":"Feature","properties":{"comuna":"SanJoaquin","zona":"ZU2a","zona_code":"ZU2a","nombre":"ZU2a","decreto":""},"geometry":{"type":"Polygon","coordinates":[[[-70.62994257276267,-33.48745366005917],[-70.63200534429451,-33.48749522544892],[-70.63264398389681,-33.48883487020612],[-70.63109157072294,-33.489607275669144],[-70.63099345789432,-33.49022614898794],[-70.62971885898833,-33.49026727952255],[-70.62971995028605,-33.4893634618991],[-70.63009940732238,-33.48935739846595],[-70.62978784287351,-33.48879369708035],[-70.62983172348694,-33.488429831258884],[-70.62991860700642,-33.488447102599174],[-70.62994257276267,-33.48745366005917]]]}},{"type":"Feature","properties":{"comuna":"SanJoaquin","zona":"ZU6","zona_code":"ZU6","nombre":"ZU6","decreto":""},"geometry":{"type":"Polygon","coordinates":[[[-70.62392369629647,-33.48691759640361],[-70.6235093413405,-33.48675203264798],[-70.62333784878574,-33.48634906293405],[-70.62495396108073,-33.485880021103675],[-70.62504794347718,-33.48610644137116],[-70.6249923736779,-33.486354902211716],[-70.62397565016524,-33.48665352141848],[-70.62392369629647,-33.48691759640361]]]}},{"type":"Feature","properties":{"comuna":"SanJoaquin","zona":"ZU2a","zona_code":"ZU2a","nombre":"ZU2a","decreto":""},"geometry":{"type":"Polygon","coordinates":[[[-70.62392369629647,-33.48691759640361],[-70.62397565016524,-33.48665352141848],[-70.6249923736779,-33.486354902211716],[-70.6248332643731,-33.48706629704672],[-70.62392369629647,-33.48691759640361]]]}},{"type":"Feature","properties":{"comuna":"SanJoaquin","zona":"ZU2a","zona_code":"ZU2a","nombre":"ZU2a","decreto":""},"geometry":{"type":"Polygon","coordinates":[[[-70.62481031886131,-33.487168887358294],[-70.62456961662014,-33.488245070979815],[-70.62341888448427,-33.48806770349567],[-70.62343135011957,-33.48799528149101],[-70.62323837980026,-33.48796544520758],[-70.62346213730353,-33.48696885455583],[-70.62481031886131,-33.487168887358294]]]}},{"type":"Feature","properties":{"comuna":"SanJoaquin","zona":"ZU6","zona_code":"ZU6","nombre":"ZU6","decreto":""},"geometry":{"type":"Polygon","coordinates":[[[-70.62316601405449,-33.48643612359911],[-70.62337693677343,-33.4868847557452],[-70.62324071883921,-33.487489345129056],[-70.62277075501642,-33.48741621852431],[-70.62286857447347,-33.48704622274651],[-70.62270310926645,-33.4865685426924],[-70.62316601405449,-33.48643612359911]]]}},{"type":"Feature","properties":{"comuna":"SanJoaquin","zona":"ZAV","zona_code":"ZAV","nombre":"ZAV","decreto":""},"geometry":{"type":"Polygon","coordinates":[[[-70.62324071883921,-33.487489345129056],[-70.62313391149307,-33.48796339415537],[-70.62266081936555,-33.48789319400157],[-70.62277075501642,-33.48741621852431],[-70.62324071883921,-33.487489345129056]]]}},{"type":"Feature","properties":{"comuna":"SanJoaquin","zona":"ZE","zona_code":"ZE","nombre":"ZE","decreto":""},"geometry":{"type":"Polygon","coordinates":[[[-70.62310257320182,-33.48820528709347],[-70.62258711804037,-33.488122425420904],[-70.62263507799598,-33.48790726772224],[-70.62313391149307,-33.48796339415537],[-70.62310257320182,-33.48820528709347]]]}},{"type":"Feature","properties":{"comuna":"SanJoaquin","zona":"ZU2a","zona_code":"ZU2a","nombre":"ZU2a","decreto":""},"geometry":{"type":"Polygon","coordinates":[[[-70.62320229427442,-33.48824707431594],[-70.62339564830816,-33.488201648387545],[-70.62453988102733,-33.48837801367741],[-70.6243018976048,-33.48944374949144],[-70.62299751121938,-33.489174544444545],[-70.62320229427442,-33.48824707431594]]]}},{"type":"Feature","properties":{"comuna":"SanJoaquin","zona":"ZE","zona_code":"ZE","nombre":"ZE","decreto":""},"geometry":{"type":"Polygon","coordinates":[[[-70.62307544467384,-33.48831794756592],[-70.62270903082441,-33.489985590158895],[-70.62219204533983,-33.489903751711516],[-70.62255762000089,-33.48825476306749],[-70.62307544467384,-33.48831794756592]]]}},{"type":"Feature","properties":{"comuna":"SanJoaquin","zona":"ZU2a","zona_code":"ZU2a","nombre":"ZU2a","decreto":""},"geometry":{"type":"Polygon","coordinates":[[[-70.62309492973701,-33.48939217430482],[-70.62427228432351,-33.489576711253335],[-70.62414277665634,-33.49015818170101],[-70.62279056122732,-33.49028998359455],[-70.62293854831165,-33.48944131167213],[-70.62307812598034,-33.48946308482898],[-70.62309492973701,-33.48939217430482]]]}},{"type":"Feature","properties":{"comuna":"SanJoaquin","zona":"AV","zona_code":"AV","nombre":"AV","decreto":""},"geometry":{"type":"Polygon","coordinates":[[[-70.62270903082441,-33.489985590158895],[-70.62268318317273,-33.49030040196749],[-70.62216265117213,-33.49035087321425],[-70.62219204533983,-33.489903751711516],[-70.62270903082441,-33.489985590158895]]]}},{"type":"Feature","properties":{"comuna":"SanJoaquin","zona":"ZU2a","zona_code":"ZU2a","nombre":"ZU2a","decreto":""},"geometry":{"type":"Polygon","coordinates":[[[-70.62220858944136,-33.48932943830322],[-70.62205573157411,-33.49036123995136],[-70.62062373089728,-33.490500075312454],[-70.6209077999243,-33.4890611442803],[-70.62220858944136,-33.48932943830322]]]}},{"type":"Feature","properties":{"comuna":"SanJoaquin","zona":"ZU2a","zona_code":"ZU2a","nombre":"ZU2a","decreto":""},"geometry":{"type":"Polygon","coordinates":[[[-70.62117164911616,-33.487858230219615],[-70.62247590824114,-33.48813021082716],[-70.62226716314763,-33.489066673363666],[-70.62211246474418,-33.489113712552474],[-70.62093725848663,-33.48892815819841],[-70.62117164911616,-33.487858230219615]]]}},{"type":"Feature","properties":{"comuna":"SanJoaquin","zona":"ZU2a","zona_code":"ZU2a","nombre":"ZU2a","decreto":""},"geometry":{"type":"Polygon","coordinates":[[[-70.62093645802588,-33.4870475837967],[-70.62109566658252,-33.487002699279095],[-70.62116268390004,-33.48711689703468],[-70.62102793499484,-33.48771655186677],[-70.62079262081674,-33.48768496610201],[-70.62093645802588,-33.4870475837967]]]}},{"type":"Feature","properties":{"comuna":"SanJoaquin","zona":"ZU2a","zona_code":"ZU2a","nombre":"ZU2a","decreto":""},"geometry":{"type":"Polygon","coordinates":[[[-70.62079262081674,-33.48768496610201],[-70.62101697941668,-33.487715213508636],[-70.62072855169467,-33.489030379679775],[-70.62051220857047,-33.48999271122174],[-70.62028869688612,-33.489955023602334],[-70.62079262081674,-33.48768496610201]]]}},{"type":"Feature","properties":{"comuna":"SanJoaquin","zona":"ZU6","zona_code":"ZU6","nombre":"ZU6","decreto":""},"geometry":{"type":"Polygon","coordinates":[[[-70.61992867704168,-33.488821957066186],[-70.62052540037143,-33.48891198243831],[-70.62028869688612,-33.489955023602334],[-70.62051220857047,-33.48999271122174],[-70.6204419832724,-33.49051769436224],[-70.61993289472413,-33.49056670616787],[-70.61964511068366,-33.49172566800204],[-70.61926111156909,-33.49174057697911],[-70.61992867704168,-33.488821957066186]]]}},{"type":"Feature","properties":{"comuna":"SanJoaquin","zona":"ZU2a","zona_code":"ZU2a","nombre":"ZU2a","decreto":""},"geometry":{"type":"Polygon","coordinates":[[[-70.62093645802588,-33.4870475837967],[-70.62052540037143,-33.48891198243831],[-70.61992867704168,-33.488821957066186],[-70.62027921744554,-33.48723996536612],[-70.62093645802588,-33.4870475837967]]]}},{"type":"Feature","properties":{"comuna":"SanJoaquin","zona":"ZU12","zona_code":"ZU12","nombre":"ZU12","decreto":""},"geometry":{"type":"Polygon","coordinates":[[[-70.62027921744554,-33.48723996536612],[-70.61926111156909,-33.49174057697911],[-70.61844451092657,-33.49173780398655],[-70.61796718186605,-33.49162036881879],[-70.61883359404837,-33.487684518298806],[-70.62027921744554,-33.48723996536612]]]}},{"type":"Feature","properties":{"comuna":"SanJoaquin","zona":"ZAV","zona_code":"ZAV","nombre":"ZAV","decreto":""},"geometry":{"type":"Polygon","coordinates":[[[-70.6178935746968,-33.49158382230103],[-70.61883359404837,-33.487684518298806],[-70.61796718186605,-33.49162036881879],[-70.6178935746968,-33.49158382230103]]]}},{"type":"Feature","properties":{"comuna":"SanJoaquin","zona":"ZU6","zona_code":"ZU6","nombre":"ZU6","decreto":""},"geometry":{"type":"Polygon","coordinates":[[[-70.62148912639681,-33.48736212219403],[-70.62131434445503,-33.48695351022693],[-70.62244675896245,-33.48664111580554],[-70.62260201414557,-33.48704514986857],[-70.62148912639681,-33.48736212219403]]]}},{"type":"Feature","properties":{"comuna":"SanJoaquin","zona":"ZU2a","zona_code":"ZU2a","nombre":"ZU2a","decreto":""},"geometry":{"type":"Polygon","coordinates":[[[-70.62124687256436,-33.487389170950976],[-70.62163863832495,-33.48744692270822],[-70.62157258319988,-33.48778409298526],[-70.62117222380239,-33.487720668289235],[-70.62124687256436,-33.487389170950976]]]}},{"type":"Feature","properties":{"comuna":"SanJoaquin","zona":"AV","zona_code":"AV","nombre":"AV","decreto":""},"geometry":{"type":"Polygon","coordinates":[[[-70.6213084845194,-33.487114118924],[-70.62142124460831,-33.48741487631285],[-70.62124687256436,-33.487389170950976],[-70.6213084845194,-33.487114118924]]]}},{"type":"Feature","properties":{"comuna":"SanJoaquin","zona":"ZU2a","zona_code":"ZU2a","nombre":"ZU2a","decreto":""},"geometry":{"type":"Polygon","coordinates":[[[-70.62165588641837,-33.48779729027579],[-70.62177415722437,-33.48738430367129],[-70.62218491766592,-33.487421875637324],[-70.62207327933507,-33.487863412300385],[-70.62165588641837,-33.48779729027579]]]}},{"type":"Feature","properties":{"comuna":"SanJoaquin","zona":"AV","zona_code":"AV","nombre":"AV","decreto":""},"geometry":{"type":"Polygon","coordinates":[[[-70.62177415722437,-33.48738430367129],[-70.62217575359792,-33.487235881586045],[-70.62218491766592,-33.487421875637324],[-70.62177415722437,-33.48738430367129]]]}},{"type":"Feature","properties":{"comuna":"SanJoaquin","zona":"ZU2a","zona_code":"ZU2a","nombre":"ZU2a","decreto":""},"geometry":{"type":"Polygon","coordinates":[[[-70.62268366370965,-33.487231036857516],[-70.6225405629948,-33.487870414270716],[-70.62215378687345,-33.48787616608422],[-70.6223351820212,-33.48723379409511],[-70.62268366370965,-33.487231036857516]]]}},{"type":"Feature","properties":{"comuna":"SanJoaquin","zona":"AV","zona_code":"AV","nombre":"AV","decreto":""},"geometry":{"type":"Polygon","coordinates":[[[-70.6223351820212,-33.48723379409511],[-70.62260201414557,-33.48704514986857],[-70.62268366370965,-33.487231036857516],[-70.6223351820212,-33.48723379409511]]]}},{"type":"Feature","properties":{"comuna":"SanJoaquin","zona":"ZE","zona_code":"ZE","nombre":"ZE","decreto":""},"geometry":{"type":"Polygon","coordinates":[[[-70.62269400932148,-33.490609143913815],[-70.62223972434127,-33.49065850882245],[-70.62222393279819,-33.49052647752572],[-70.62267422709026,-33.49048281668521],[-70.62269400932148,-33.490609143913815]]]}},{"type":"Feature","properties":{"comuna":"SanJoaquin","zona":"ZE","zona_code":"ZE","nombre":"ZE","decreto":""},"geometry":{"type":"Polygon","coordinates":[[[-70.62098132055779,-33.491532449936784],[-70.62093184966804,-33.49169381309956],[-70.61986652010673,-33.49171745788248],[-70.61995403435978,-33.491367121788564],[-70.62098132055779,-33.491532449936784]]]}},{"type":"Feature","properties":{"comuna":"SanJoaquin","zona":"ZU6","zona_code":"ZU6","nombre":"ZU6","decreto":""},"geometry":{"type":"Polygon","coordinates":[[[-70.62098132055779,-33.491532449936784],[-70.61995403435978,-33.491367121788564],[-70.62013211696834,-33.49072928014772],[-70.62117247105543,-33.490628410429665],[-70.62098132055779,-33.491532449936784]]]}},{"type":"Feature","properties":{"comuna":"SanJoaquin","zona":"ZU2a","zona_code":"ZU2a","nombre":"ZU2a","decreto":""},"geometry":{"type":"Polygon","coordinates":[[[-70.62267456801221,-33.490484994634066],[-70.62410143987844,-33.49034377332827],[-70.62381948470001,-33.49160968154428],[-70.620967825918,-33.49170334993221],[-70.62117247105543,-33.490628410429665],[-70.62222393279819,-33.49052647752572],[-70.62223972434127,-33.49065850882245],[-70.62269400932148,-33.490609143913815],[-70.62267456801221,-33.490484994634066]]]}},{"type":"Feature","properties":{"comuna":"SanJoaquin","zona":"ZAPP","zona_code":"ZAPP","nombre":"ZAPP","decreto":""},"geometry":{"type":"Polygon","coordinates":[[[-70.62671281484663,-33.49038753967891],[-70.62666914696449,-33.49137065849935],[-70.6265121450583,-33.4913702876233],[-70.62650304388771,-33.491607076181815],[-70.62408492512024,-33.49157574031601],[-70.62436385635145,-33.49032194211478],[-70.62671281484663,-33.49038753967891]]]}},{"type":"Feature","properties":{"comuna":"SanJoaquin","zona":"ZU5","zona_code":"ZU5","nombre":"ZU5","decreto":""},"geometry":{"type":"Polygon","coordinates":[[[-70.62671281484663,-33.49038753967891],[-70.62788337487967,-33.49042021089188],[-70.62783967456437,-33.4916181508662],[-70.62650304388771,-33.491607076181815],[-70.6265121450583,-33.4913702876233],[-70.62666914696449,-33.49137065849935],[-70.62671281484663,-33.49038753967891]]]}},{"type":"Feature","properties":{"comuna":"SanJoaquin","zona":"AV","zona_code":"AV","nombre":"AV","decreto":""},"geometry":{"type":"Polygon","coordinates":[[[-70.6237726739791,-33.49221833524072],[-70.62376404323395,-33.49241096334678],[-70.62363683143883,-33.49241487435489],[-70.62365829999939,-33.49221291457308],[-70.6237726739791,-33.49221833524072]]]}},{"type":"Feature","properties":{"comuna":"SanJoaquin","zona":"ZU6","zona_code":"ZU6","nombre":"ZU6","decreto":""},"geometry":{"type":"Polygon","coordinates":[[[-70.62298195899761,-33.49243500397128],[-70.62294890540323,-33.49181584258593],[-70.6237910617902,-33.49180791509382],[-70.6237726739791,-33.49221833524072],[-70.62365829999939,-33.49221291457308],[-70.62363683143883,-33.49241487435489],[-70.62298195899761,-33.49243500397128]]]}},{"type":"Feature","properties":{"comuna":"SanJoaquin","zona":"AV","zona_code":"AV","nombre":"AV","decreto":""},"geometry":{"type":"Polygon","coordinates":[[[-70.62835732425243,-33.49102697317825],[-70.62803304502698,-33.491024501038964],[-70.62803049986995,-33.49088852785119],[-70.6283814903439,-33.490926865230165],[-70.62835732425243,-33.49102697317825]]]}},{"type":"Feature","properties":{"comuna":"SanJoaquin","zona":"ZU2a","zona_code":"ZU2a","nombre":"ZU2a","decreto":""},"geometry":{"type":"Polygon","coordinates":[[[-70.62803304502698,-33.491024501038964],[-70.62917706886759,-33.49103321887463],[-70.62914561949835,-33.491566314796394],[-70.62797705432027,-33.49161960577349],[-70.62803304502698,-33.491024501038964]]]}},{"type":"Feature","properties":{"comuna":"SanJoaquin","zona":"ZU2a","zona_code":"ZU2a","nombre":"ZU2a","decreto":""},"geometry":{"type":"Polygon","coordinates":[[[-70.62835732425243,-33.49102697317825],[-70.6283814903439,-33.490926865230165],[-70.62803049986995,-33.49088852785119],[-70.6280239361361,-33.49053786085364],[-70.6292055118645,-33.49055109018466],[-70.62917706886759,-33.49103321887463],[-70.62835732425243,-33.49102697317825]]]}},{"type":"Feature","properties":{"comuna":"SanJoaquin","zona":"AV","zona_code":"AV","nombre":"AV","decreto":""},"geometry":{"type":"Polygon","coordinates":[[[-70.62801978577784,-33.490423539877455],[-70.62921125160757,-33.49045379910207],[-70.6292055118645,-33.49055109018466],[-70.62802457126097,-33.49057179261863],[-70.62801978577784,-33.490423539877455]]]}},{"type":"Feature","properties":{"comuna":"SanJoaquin","zona":"ZU2a","zona_code":"ZU2a","nombre":"ZU2a","decreto":""},"geometry":{"type":"Polygon","coordinates":[[[-70.6296118770451,-33.49044946796959],[-70.63100815616907,-33.4904316458851],[-70.63100076810146,-33.49211252825498],[-70.6295413197588,-33.492167544004154],[-70.6296118770451,-33.49044946796959]]]}},{"type":"Feature","properties":{"comuna":"SanJoaquin","zona":"ZE","zona_code":"ZE","nombre":"ZE","decreto":""},"geometry":{"type":"Polygon","coordinates":[[[-70.6332853912737,-33.49167777502181],[-70.63330433013704,-33.492021999684084],[-70.63309545895721,-33.49203004510453],[-70.63307663254257,-33.49168374021461],[-70.6332853912737,-33.49167777502181]]]}},{"type":"Feature","properties":{"comuna":"SanJoaquin","zona":"ZU2a","zona_code":"ZU2a","nombre":"ZU2a","decreto":""},"geometry":{"type":"Polygon","coordinates":[[[-70.63319651647657,-33.49032883693618],[-70.6332853912737,-33.49167777502181],[-70.63307663254257,-33.49168374021461],[-70.63309545895721,-33.49203004510453],[-70.63129910730869,-33.49210402887437],[-70.6312833149709,-33.49040572016989],[-70.63204529451595,-33.49036641520775],[-70.6320477697773,-33.490546456687305],[-70.63237036192031,-33.49053558457826],[-70.63236504287735,-33.49035597017274],[-70.63319651647657,-33.49032883693618]]]}},{"type":"Feature","properties":{"comuna":"SanJoaquin","zona":"ZE","zona_code":"ZE","nombre":"ZE","decreto":""},"geometry":{"type":"Polygon","coordinates":[[[-70.63236504287735,-33.49035597017274],[-70.63237036192031,-33.49053558457826],[-70.6320477697773,-33.490546456687305],[-70.63204529451595,-33.49036641520775],[-70.63236504287735,-33.49035597017274]]]}},{"type":"Feature","properties":{"comuna":"SanJoaquin","zona":"ZU2a","zona_code":"ZU2a","nombre":"ZU2a","decreto":""},"geometry":{"type":"Polygon","coordinates":[[[-70.63563776858994,-33.48970291657257],[-70.63581430049246,-33.491926500832264],[-70.63348633421577,-33.49200725771966],[-70.63340213220546,-33.490303491391856],[-70.63563776858994,-33.48970291657257]]]}},{"type":"Feature","properties":{"comuna":"SanJoaquin","zona":"ZU2a","zona_code":"ZU2a","nombre":"ZU2a","decreto":""},"geometry":{"type":"Polygon","coordinates":[[[-70.63907226986468,-33.48865406961781],[-70.63762204323146,-33.491849819276645],[-70.6359921028896,-33.491922855280386],[-70.63590209241677,-33.489622095430626],[-70.63907226986468,-33.48865406961781]]]}},{"type":"Feature","properties":{"comuna":"SanJoaquin","zona":"AVP","zona_code":"AVP","nombre":"AVP","decreto":""},"geometry":{"type":"Polygon","coordinates":[[[-70.64037871099812,-33.488255935348896],[-70.64054615178149,-33.48820481163134],[-70.64020526633729,-33.49083358276141],[-70.64004313296911,-33.49083167729839],[-70.64037871099812,-33.488255935348896]]]}},{"type":"Feature","properties":{"comuna":"SanJoaquin","zona":"AVP","zona_code":"AVP","nombre":"AVP","decreto":""},"geometry":{"type":"Polygon","coordinates":[[[-70.64018472081814,-33.490991630131134],[-70.64005791908485,-33.49196701556222],[-70.63989660228302,-33.49195880983567],[-70.6400257528603,-33.490965366044804],[-70.64018472081814,-33.490991630131134]]]}},{"type":"Feature","properties":{"comuna":"SanJoaquin","zona":"ZU6","zona_code":"ZU6","nombre":"ZU6","decreto":""},"geometry":{"type":"Polygon","coordinates":[[[-70.63866795177064,-33.490800829591365],[-70.63834418040979,-33.49066612204906],[-70.63930181452812,-33.48859985243942],[-70.63978420735569,-33.488437450024975],[-70.63866795177064,-33.490800829591365]]]}},{"type":"Feature","properties":{"comuna":"SanJoaquin","zona":"ZU6","zona_code":"ZU6","nombre":"ZU6","decreto":""},"geometry":{"type":"Polygon","coordinates":[[[-70.63861126855811,-33.490932315428054],[-70.63833299622024,-33.49147954040065],[-70.63831362312965,-33.49189074474296],[-70.63781225044376,-33.491846429191746],[-70.63826080474247,-33.49084551465335],[-70.63861126855811,-33.490932315428054]]]}},{"type":"Feature","properties":{"comuna":"SanJoaquin","zona":"ZU12","zona_code":"ZU12","nombre":"ZU12","decreto":""},"geometry":{"type":"Polygon","coordinates":[[[-70.63833299622024,-33.49147954040065],[-70.63978420735569,-33.488437450024975],[-70.6402559216703,-33.48829342556465],[-70.63977830431519,-33.491952792275654],[-70.63831362312965,-33.49189074474296],[-70.63833299622024,-33.49147954040065]]]}},{"type":"Feature","properties":{"comuna":"SanJoaquin","zona":"ZU2a","zona_code":"ZU2a","nombre":"ZU2a","decreto":""},"geometry":{"type":"Polygon","coordinates":[[[-70.63732934360095,-33.48709304050225],[-70.6379955827255,-33.488787091684046],[-70.63699144046494,-33.48909690129758],[-70.63626851005203,-33.487555240002024],[-70.63732934360095,-33.48709304050225]]]}},{"type":"Feature","properties":{"comuna":"SanJoaquin","zona":"ZU2a","zona_code":"ZU2a","nombre":"ZU2a","decreto":""},"geometry":{"type":"Polygon","coordinates":[[[-70.63732934360095,-33.48709304050225],[-70.636290462556,-33.48760415168212],[-70.63618321125847,-33.48737412900666],[-70.63723355382213,-33.48687681576795],[-70.63732934360095,-33.48709304050225]]]}},{"type":"Feature","properties":{"comuna":"SanJoaquin","zona":"ZU2a","zona_code":"ZU2a","nombre":"ZU2a","decreto":""},"geometry":{"type":"Polygon","coordinates":[[[-70.63871684976927,-33.48630434139771],[-70.63908237586605,-33.48630848391768],[-70.63904053958996,-33.486569005507484],[-70.63870081422083,-33.486527822905344],[-70.63871684976927,-33.48630434139771]]]}},{"type":"Feature","properties":{"comuna":"SanJoaquin","zona":"ZU2a","zona_code":"ZU2a","nombre":"ZU2a","decreto":""},"geometry":{"type":"Polygon","coordinates":[[[-70.6385366887228,-33.486317220443105],[-70.63860072297464,-33.48658607239106],[-70.63842190780232,-33.48661707001664],[-70.63828814717333,-33.48638726719507],[-70.6385366887228,-33.486317220443105]]]}},{"type":"Feature","properties":{"comuna":"SanJoaquin","zona":"ZU2a","zona_code":"ZU2a","nombre":"ZU2a","decreto":""},"geometry":{"type":"Polygon","coordinates":[[[-70.63820356330042,-33.48643201575016],[-70.6382997207053,-33.48665754706573],[-70.63740652486864,-33.4870696715552],[-70.63730867662024,-33.48683592282736],[-70.63820356330042,-33.48643201575016]]]}},{"type":"Feature","properties":{"comuna":"SanJoaquin","zona":"ZE","zona_code":"ZE","nombre":"ZE","decreto":""},"geometry":{"type":"Polygon","coordinates":[[[-70.63852626614869,-33.4879593708194],[-70.63877850668808,-33.488550461252906],[-70.63847958670131,-33.48864186622416],[-70.63822695802075,-33.488050305031635],[-70.63852626614869,-33.4879593708194]]]}},{"type":"Feature","properties":{"comuna":"SanJoaquin","zona":"ZU2a","zona_code":"ZU2a","nombre":"ZU2a","decreto":""},"geometry":{"type":"Polygon","coordinates":[[[-70.63904053958996,-33.486569005507484],[-70.63886674077466,-33.487565199468314],[-70.63920629543587,-33.48841964996741],[-70.63877850668808,-33.488550461252906],[-70.63852626614869,-33.4879593708194],[-70.63822695802075,-33.488050305031635],[-70.63847958670131,-33.48864186622416],[-70.63819463859804,-33.48872899688045],[-70.63740652486864,-33.4870696715552],[-70.63859121457745,-33.48654615094608],[-70.63904053958996,-33.486569005507484]]]}},{"type":"Feature","properties":{"comuna":"SanJoaquin","zona":"ZE","zona_code":"ZE","nombre":"ZE","decreto":""},"geometry":{"type":"Polygon","coordinates":[[[-70.63996605698856,-33.48717984484072],[-70.64009571875852,-33.48747205642194],[-70.63914658540065,-33.487769836221595],[-70.63926196701131,-33.48709471212735],[-70.63996605698856,-33.48717984484072]]]}},{"type":"Feature","properties":{"comuna":"SanJoaquin","zona":"ZU2a","zona_code":"ZU2a","nombre":"ZU2a","decreto":""},"geometry":{"type":"Polygon","coordinates":[[[-70.6391354178661,-33.48654203848846],[-70.6393512525516,-33.48656655223976],[-70.63913274885675,-33.48777417667674],[-70.63898556652516,-33.487428868415385],[-70.6391354178661,-33.48654203848846]]]}},{"type":"Feature","properties":{"comuna":"SanJoaquin","zona":"ZU2a","zona_code":"ZU2a","nombre":"ZU2a","decreto":""},"geometry":{"type":"Polygon","coordinates":[[[-70.63913274885675,-33.48777417667674],[-70.63948161813964,-33.487664730219954],[-70.63973794668736,-33.488257486108324],[-70.63937484499823,-33.48834312687729],[-70.63913274885675,-33.48777417667674]]]}},{"type":"Feature","properties":{"comuna":"SanJoaquin","zona":"ZU8","zona_code":"ZU8","nombre":"ZU8","decreto":""},"geometry":{"type":"Polygon","coordinates":[[[-70.64071556101696,-33.487006475593276],[-70.64058209897412,-33.48800100922671],[-70.63973794668736,-33.488257486108324],[-70.63948161813964,-33.487664730219954],[-70.64009571875852,-33.48747205642194],[-70.63997124814,-33.48718328781992],[-70.64071556101696,-33.487006475593276]]]}},{"type":"Feature","properties":{"comuna":"SanJoaquin","zona":"ZU6","zona_code":"ZU6","nombre":"ZU6","decreto":""},"geometry":{"type":"Polygon","coordinates":[[[-70.64058430126089,-33.48635556292307],[-70.64080338418125,-33.48635566662493],[-70.64071556101696,-33.487006475593276],[-70.6404932110932,-33.48701904232426],[-70.64058430126089,-33.48635556292307]]]}},{"type":"Feature","properties":{"comuna":"SanJoaquin","zona":"ZU2a","zona_code":"ZU2a","nombre":"ZU2a","decreto":""},"geometry":{"type":"Polygon","coordinates":[[[-70.64047959498441,-33.486353462899],[-70.64037606369033,-33.48695628181162],[-70.64007035197196,-33.487053386166785],[-70.6400866136165,-33.48635634699902],[-70.64047959498441,-33.486353462899]]]}},{"type":"Feature","properties":{"comuna":"SanJoaquin","zona":"AV","zona_code":"AV","nombre":"AV","decreto":""},"geometry":{"type":"Polygon","coordinates":[[[-70.64002557141728,-33.48635592854797],[-70.63994197224227,-33.487040769102144],[-70.6395825875073,-33.487009734044335],[-70.63965660678191,-33.4863533989832],[-70.64002557141728,-33.48635592854797]]]}},{"type":"Feature","properties":{"comuna":"SanJoaquin","zona":"ZU2a","zona_code":"ZU2a","nombre":"ZU2a","decreto":""},"geometry":{"type":"Polygon","coordinates":[[[-70.63958155856251,-33.486352884298945],[-70.63948392810993,-33.48712299443903],[-70.63926247084277,-33.487094776705106],[-70.6393512525516,-33.48656655223976],[-70.6391354178661,-33.48654203848846],[-70.63918039590291,-33.4863021612902],[-70.63958155856251,-33.486352884298945]]]}},{"type":"Feature","properties":{"comuna":"SanJoaquin","zona":"AVP","zona_code":"AVP","nombre":"AVP","decreto":""},"geometry":{"type":"Polygon","coordinates":[[[-70.64003583785812,-33.49214033751762],[-70.63989717748714,-33.493057785280065],[-70.63973611652,-33.49304681461867],[-70.63987403119152,-33.49213431073843],[-70.64003583785812,-33.49214033751762]]]}},{"type":"Feature","properties":{"comuna":"SanJoaquin","zona":"AVP","zona_code":"AVP","nombre":"AVP","decreto":""},"geometry":{"type":"Polygon","coordinates":[[[-70.63971861663593,-33.493181327339414],[-70.63987967514367,-33.493192211476924],[-70.63960380650921,-33.49519949885917],[-70.63944066377115,-33.49520506235782],[-70.63971861663593,-33.493181327339414]]]}},{"type":"Feature","properties":{"comuna":"SanJoaquin","zona":"ZAPR","zona_code":"ZAPR","nombre":"ZAPR","decreto":""},"geometry":{"type":"Polygon","coordinates":[[[-70.63975537348907,-33.492129891439774],[-70.6396179952826,-33.49303883132875],[-70.63769946964172,-33.4929091606538],[-70.63736178664381,-33.49278869218274],[-70.637723265343,-33.49205150461335],[-70.63975537348907,-33.492129891439774]]]}},{"type":"Feature","properties":{"comuna":"SanJoaquin","zona":"ZU12","zona_code":"ZU12","nombre":"ZU12","decreto":""},"geometry":{"type":"Polygon","coordinates":[[[-70.63948201505849,-33.493984774931185],[-70.63932102654456,-33.49520914271126],[-70.6381371899884,-33.49527400605256],[-70.63809569941974,-33.49471499208891],[-70.63819336181528,-33.49408881734061],[-70.63948201505849,-33.493984774931185]]]}},{"type":"Feature","properties":{"comuna":"SanJoaquin","zona":"ZAPR","zona_code":"ZAPR","nombre":"ZAPR","decreto":""},"geometry":{"type":"Polygon","coordinates":[[[-70.63960050706991,-33.49317334478339],[-70.63948201505849,-33.493984774931185],[-70.63819336181528,-33.49408881734061],[-70.63809569941974,-33.49471499208891],[-70.6381371899884,-33.49527400605256],[-70.63757006766069,-33.49530675051885],[-70.63748229386398,-33.494153963361576],[-70.63670499774267,-33.49420285653778],[-70.63730243107874,-33.49291452406927],[-70.63766715069325,-33.493042464904235],[-70.63960050706991,-33.49317334478339]]]}},{"type":"Feature","properties":{"comuna":"SanJoaquin","zona":"ZU2a","zona_code":"ZU2a","nombre":"ZU2a","decreto":""},"geometry":{"type":"Polygon","coordinates":[[[-70.63757006766069,-33.49530675051885],[-70.6364194769029,-33.49537292466646],[-70.63621274263284,-33.4953829943816],[-70.63626412648348,-33.495192231677045],[-70.63755343591276,-33.49508829687248],[-70.63757006766069,-33.49530675051885]]]}},{"type":"Feature","properties":{"comuna":"SanJoaquin","zona":"ZU2a","zona_code":"ZU2a","nombre":"ZU2a","decreto":""},"geometry":{"type":"Polygon","coordinates":[[[-70.63626369768613,-33.495192095754824],[-70.63670499774267,-33.49420285653778],[-70.63748229386398,-33.494153963361576],[-70.63755343591276,-33.49508829687248],[-70.63626369768613,-33.495192095754824]]]}},{"type":"Feature","properties":{"comuna":"SanJoaquin","zona":"AV","zona_code":"AV","nombre":"AV","decreto":""},"geometry":{"type":"Polygon","coordinates":[[[-70.63647130430799,-33.49433050331725],[-70.63630206514499,-33.49469741902171],[-70.63615758047527,-33.49501882903155],[-70.63611832917651,-33.49434507294334],[-70.63647130430799,-33.49433050331725]]]}},{"type":"Feature","properties":{"comuna":"SanJoaquin","zona":"ZU2a","zona_code":"ZU2a","nombre":"ZU2a","decreto":""},"geometry":{"type":"Polygon","coordinates":[[[-70.63651533367212,-33.494235044704396],[-70.6361120562261,-33.494237115813874],[-70.63599908489256,-33.492122945800084],[-70.63750617125963,-33.49204324130344],[-70.63651533367212,-33.494235044704396]]]}},{"type":"Feature","properties":{"comuna":"SanJoaquin","zona":"ZU2a","zona_code":"ZU2a","nombre":"ZU2a","decreto":""},"geometry":{"type":"Polygon","coordinates":[[[-70.63600778211436,-33.49521684253706],[-70.63506466662785,-33.4953304106224],[-70.63498758704026,-33.49426972999739],[-70.63595221944199,-33.49422775007584],[-70.63600778211436,-33.49521684253706]]]}},{"type":"Feature","properties":{"comuna":"SanJoaquin","zona":"ZE","zona_code":"ZE","nombre":"ZE","decreto":""},"geometry":{"type":"Polygon","coordinates":[[[-70.63595221944199,-33.49422775007584],[-70.63494303651926,-33.49427160305277],[-70.63490578286789,-33.493703005722104],[-70.63592334687125,-33.493685114136156],[-70.63595221944199,-33.49422775007584]]]}},{"type":"Feature","properties":{"comuna":"SanJoaquin","zona":"ZU2a","zona_code":"ZU2a","nombre":"ZU2a","decreto":""},"geometry":{"type":"Polygon","coordinates":[[[-70.63506130680116,-33.49528109468661],[-70.6342046468968,-33.4953194963389],[-70.63432169539087,-33.49429785696181],[-70.63498758704026,-33.49426972999739],[-70.63506130680116,-33.49528109468661]]]}},{"type":"Feature","properties":{"comuna":"SanJoaquin","zona":"ZU2a","zona_code":"ZU2a","nombre":"ZU2a","decreto":""},"geometry":{"type":"Polygon","coordinates":[[[-70.63600778211436,-33.49521684253706],[-70.6360035996013,-33.49539255988116],[-70.6336449836582,-33.495536732707976],[-70.63363312412953,-33.495310976522056],[-70.6338509115605,-33.49530043436739],[-70.63382203969076,-33.49506625861219],[-70.63418751493597,-33.49503725926208],[-70.6342046468968,-33.4953194963389],[-70.63600778211436,-33.49521684253706]]]}},{"type":"Feature","properties":{"comuna":"SanJoaquin","zona":"ZU2a","zona_code":"ZU2a","nombre":"ZU2a","decreto":""},"geometry":{"type":"Polygon","coordinates":[[[-70.63490578286789,-33.493703005722104],[-70.63494303651926,-33.49427160305277],[-70.63432169539087,-33.49429785696181],[-70.6342430574243,-33.49503285254245],[-70.63382203969076,-33.49506625861219],[-70.6338509115605,-33.49530043436739],[-70.63363312412953,-33.495310976522056],[-70.63355774419267,-33.49375943873792],[-70.63490578286789,-33.493703005722104]]]}},{"type":"Feature","properties":{"comuna":"SanJoaquin","zona":"ZU2a","zona_code":"ZU2a","nombre":"ZU2a","decreto":""},"geometry":{"type":"Polygon","coordinates":[[[-70.63588289012124,-33.492888753066936],[-70.63591991940136,-33.49348213508081],[-70.63354591760005,-33.493567318187125],[-70.63351566698367,-33.49298006297327],[-70.63588289012124,-33.492888753066936]]]}},{"type":"Feature","properties":{"comuna":"SanJoaquin","zona":"ZU2a","zona_code":"ZU2a","nombre":"ZU2a","decreto":""},"geometry":{"type":"Polygon","coordinates":[[[-70.63350777483299,-33.492799068596305],[-70.63350485475813,-33.49219237038502],[-70.63583916334039,-33.492126719603036],[-70.63587448805065,-33.49271066591328],[-70.63350777483299,-33.492799068596305]]]}},{"type":"Feature","properties":{"comuna":"SanJoaquin","zona":"ZU2a","zona_code":"ZU2a","nombre":"ZU2a","decreto":""},"geometry":{"type":"Polygon","coordinates":[[[-70.63255020541597,-33.49562349009969],[-70.63251198331531,-33.49555840160798],[-70.6327261339959,-33.49554381958428],[-70.63268696489644,-33.49516079199313],[-70.63322523327491,-33.49511771861423],[-70.63325211256644,-33.495406297032986],[-70.63347739382242,-33.495389959926015],[-70.63345692354514,-33.49555287604481],[-70.63255020541597,-33.49562349009969]]]}},{"type":"Feature","properties":{"comuna":"SanJoaquin","zona":"ZU2a","zona_code":"ZU2a","nombre":"ZU2a","decreto":""},"geometry":{"type":"Polygon","coordinates":[[[-70.63233762245387,-33.49564252780795],[-70.6313816180798,-33.49571581635908],[-70.63131640010374,-33.49526989282233],[-70.63206989283903,-33.49521084606484],[-70.63210130331423,-33.495479880339076],[-70.63233600078352,-33.49546174926933],[-70.63233762245387,-33.49564252780795]]]}},{"type":"Feature","properties":{"comuna":"SanJoaquin","zona":"ZU2a","zona_code":"ZU2a","nombre":"ZU2a","decreto":""},"geometry":{"type":"Polygon","coordinates":[[[-70.63281586174973,-33.49436642257314],[-70.63290231874348,-33.49514355870126],[-70.63268696489644,-33.49516079199313],[-70.6327261339959,-33.49554381958428],[-70.63233762245387,-33.49564252780795],[-70.63233600078352,-33.49546174926933],[-70.63210130331423,-33.495479880339076],[-70.63206989283903,-33.49521084606484],[-70.63131640010374,-33.49526989282233],[-70.63124805315793,-33.49440945728942],[-70.63281586174973,-33.49436642257314]]]}},{"type":"Feature","properties":{"comuna":"SanJoaquin","zona":"ZU2a","zona_code":"ZU2a","nombre":"ZU2a","decreto":""},"geometry":{"type":"Polygon","coordinates":[[[-70.63340607289828,-33.49398396219828],[-70.63347607188851,-33.495390008920516],[-70.63325211256644,-33.495406297032986],[-70.63322523327491,-33.49511771861423],[-70.63290231874348,-33.49514355870126],[-70.63281586174973,-33.49436642257314],[-70.63124805315793,-33.49440945728942],[-70.63126267029227,-33.49408795736142],[-70.63340607289828,-33.49398396219828]]]}},{"type":"Feature","properties":{"comuna":"SanJoaquin","zona":"ZU2a","zona_code":"ZU2a","nombre":"ZU2a","decreto":""},"geometry":{"type":"Polygon","coordinates":[[[-70.63338577758061,-33.493552963327204],[-70.6334012205033,-33.493880911887786],[-70.6312583162396,-33.49395694117476],[-70.63124630602867,-33.493640856475544],[-70.63338577758061,-33.493552963327204]]]}},{"type":"Feature","properties":{"comuna":"SanJoaquin","zona":"ZE","zona_code":"ZE","nombre":"ZE","decreto":""},"geometry":{"type":"Polygon","coordinates":[[[-70.63157244090041,-33.49226832347994],[-70.63161121449355,-33.49306464935677],[-70.63122672745538,-33.493073959241435],[-70.63123370063818,-33.49231432389874],[-70.63157244090041,-33.49226832347994]]]}},{"type":"Feature","properties":{"comuna":"SanJoaquin","zona":"AV","zona_code":"AV","nombre":"AV","decreto":""},"geometry":{"type":"Polygon","coordinates":[[[-70.63122875624262,-33.49319698706275],[-70.63134164977642,-33.493268629273786],[-70.63163871867562,-33.493164502095134],[-70.63164543190767,-33.49352232520711],[-70.63124061966766,-33.493533374636705],[-70.63122875624262,-33.49319698706275]]]}},{"type":"Feature","properties":{"comuna":"SanJoaquin","zona":"ZE","zona_code":"ZE","nombre":"ZE","decreto":""},"geometry":{"type":"Polygon","coordinates":[[[-70.63155330428279,-33.49316562701754],[-70.63134164977642,-33.493268629273786],[-70.63122875624262,-33.49319698706275],[-70.63123718493922,-33.49316501740905],[-70.63155330428279,-33.49316562701754]]]}},{"type":"Feature","properties":{"comuna":"SanJoaquin","zona":"ZU2a","zona_code":"ZU2a","nombre":"ZU2a","decreto":""},"geometry":{"type":"Polygon","coordinates":[[[-70.63338052283136,-33.49344138076705],[-70.63170577663894,-33.493513178639816],[-70.63169583918489,-33.49317329375817],[-70.63336485329039,-33.49310863206486],[-70.63338052283136,-33.49344138076705]]]}},{"type":"Feature","properties":{"comuna":"SanJoaquin","zona":"ZU2a","zona_code":"ZU2a","nombre":"ZU2a","decreto":""},"geometry":{"type":"Polygon","coordinates":[[[-70.63169015471456,-33.49306003033517],[-70.63168428058036,-33.49274693554779],[-70.63334284671868,-33.49266505633258],[-70.6333595840166,-33.49299673044214],[-70.63169015471456,-33.49306003033517]]]}},{"type":"Feature","properties":{"comuna":"SanJoaquin","zona":"ZU2a","zona_code":"ZU2a","nombre":"ZU2a","decreto":""},"geometry":{"type":"Polygon","coordinates":[[[-70.63171967162516,-33.49226177337499],[-70.6332912450883,-33.49219995105528],[-70.6333367595019,-33.49255831218181],[-70.63172474976577,-33.49262709867666],[-70.63171967162516,-33.49226177337499]]]}},{"type":"Feature","properties":{"comuna":"SanJoaquin","zona":"ZU2a","zona_code":"ZU2a","nombre":"ZU2a","decreto":""},"geometry":{"type":"Polygon","coordinates":[[[-70.631015009741,-33.49263353272256],[-70.62948926458375,-33.492712565181336],[-70.62950401511868,-33.492351995664414],[-70.63099980064267,-33.4922919522294],[-70.631015009741,-33.49263353272256]]]}},{"type":"Feature","properties":{"comuna":"SanJoaquin","zona":"ZU2a","zona_code":"ZU2a","nombre":"ZU2a","decreto":""},"geometry":{"type":"Polygon","coordinates":[[[-70.62946737504805,-33.49280234905862],[-70.63100990686546,-33.492752797358044],[-70.63101245939917,-33.493087714955],[-70.62948526357927,-33.49316511716011],[-70.62946737504805,-33.49280234905862]]]}},{"type":"Feature","properties":{"comuna":"SanJoaquin","zona":"ZU2a","zona_code":"ZU2a","nombre":"ZU2a","decreto":""},"geometry":{"type":"Polygon","coordinates":[[[-70.631012796146,-33.49320662479561],[-70.63101273649784,-33.49353614779103],[-70.62948692916733,-33.493604548812385],[-70.62949073276206,-33.493254921750385],[-70.631012796146,-33.49320662479561]]]}},{"type":"Feature","properties":{"comuna":"SanJoaquin","zona":"ZU2a","zona_code":"ZU2a","nombre":"ZU2a","decreto":""},"geometry":{"type":"Polygon","coordinates":[[[-70.63101321813319,-33.493640800613846],[-70.6310140163977,-33.49397652133806],[-70.62936732274413,-33.494048706633556],[-70.62937440489975,-33.493700091601326],[-70.63101321813319,-33.493640800613846]]]}},{"type":"Feature","properties":{"comuna":"SanJoaquin","zona":"ZU2a","zona_code":"ZU2a","nombre":"ZU2a","decreto":""},"geometry":{"type":"Polygon","coordinates":[[[-70.63101271214008,-33.49411582492815],[-70.63101412404401,-33.494376595237895],[-70.62924658874404,-33.494443768621544],[-70.6292571558421,-33.49414791398471],[-70.63101271214008,-33.49411582492815]]]}},{"type":"Feature","properties":{"comuna":"SanJoaquin","zona":"ZU6","zona_code":"ZU6","nombre":"ZU6","decreto":""},"geometry":{"type":"Polygon","coordinates":[[[-70.6299253269019,-33.49538428684504],[-70.62997434579229,-33.495830142098825],[-70.62870067288154,-33.49593749198235],[-70.62882232651076,-33.49546929869674],[-70.6299253269019,-33.49538428684504]]]}},{"type":"Feature","properties":{"comuna":"SanJoaquin","zona":"ZU2a","zona_code":"ZU2a","nombre":"ZU2a","decreto":""},"geometry":{"type":"Polygon","coordinates":[[[-70.6301260886013,-33.49582423423381],[-70.63008142447855,-33.49536795801227],[-70.63115925867622,-33.495282307712415],[-70.63118727923813,-33.4957354938242],[-70.6301260886013,-33.49582423423381]]]}},{"type":"Feature","properties":{"comuna":"SanJoaquin","zona":"ZU2a","zona_code":"ZU2a","nombre":"ZU2a","decreto":""},"geometry":{"type":"Polygon","coordinates":[[[-70.63062787593354,-33.49442937994171],[-70.63106456310929,-33.49444672599315],[-70.63115916183973,-33.495284605025965],[-70.63072992810616,-33.49531780308031],[-70.63062787593354,-33.49442937994171]]]}},{"type":"Feature","properties":{"comuna":"SanJoaquin","zona":"ZU2a","zona_code":"ZU2a","nombre":"ZU2a","decreto":""},"geometry":{"type":"Polygon","coordinates":[[[-70.63008142447855,-33.49536795801227],[-70.6299974348454,-33.49448189653039],[-70.63062787593354,-33.49442937994171],[-70.63072976150602,-33.49531643811129],[-70.63008142447855,-33.49536795801227]]]}},{"type":"Feature","properties":{"comuna":"SanJoaquin","zona":"ZU2a","zona_code":"ZU2a","nombre":"ZU2a","decreto":""},"geometry":{"type":"Polygon","coordinates":[[[-70.62985518844322,-33.49448973271046],[-70.62997434579229,-33.495830142098825],[-70.62870067288154,-33.49593749198235],[-70.62907586266782,-33.49447928112363],[-70.62985518844322,-33.49448973271046]]]}},{"type":"Feature","properties":{"comuna":"SanJoaquin","zona":"ZAV","zona_code":"ZAV","nombre":"ZAV","decreto":""},"geometry":{"type":"Polygon","coordinates":[[[-70.61726409462035,-33.495078004452026],[-70.61706096768938,-33.49605136262681],[-70.61687239364993,-33.49602264072387],[-70.61708092061482,-33.495082392254375],[-70.61726409462035,-33.495078004452026]]]}},{"type":"Feature","properties":{"comuna":"SanJoaquin","zona":"ZAV","zona_code":"ZAV","nombre":"ZAV","decreto":""},"geometry":{"type":"Polygon","coordinates":[[[-70.61832036865874,-33.495041897576016],[-70.61813485731375,-33.49587582072815],[-70.61806867501518,-33.49586574064493],[-70.61825471985877,-33.49504414215526],[-70.61832036865874,-33.495041897576016]]]}},{"type":"Feature","properties":{"comuna":"SanJoaquin","zona":"ZU12","zona_code":"ZU12","nombre":"ZU12","decreto":""},"geometry":{"type":"Polygon","coordinates":[[[-70.61825471985877,-33.49504414215526],[-70.61806867501518,-33.49586574064493],[-70.61795484436728,-33.495848404511946],[-70.61788187925241,-33.496176393145994],[-70.61706096768938,-33.49605136262681],[-70.61726409462035,-33.495078004452026],[-70.61825471985877,-33.49504414215526]]]}},{"type":"Feature","properties":{"comuna":"SanJoaquin","zona":"AVP","zona_code":"AVP","nombre":"AVP","decreto":""},"geometry":{"type":"Polygon","coordinates":[[[-70.61813485731375,-33.49587582072815],[-70.61806796891764,-33.496176499507534],[-70.61788187925241,-33.496176393145994],[-70.61795484436728,-33.495848404511946],[-70.61813485731375,-33.49587582072815]]]}},{"type":"Feature","properties":{"comuna":"SanJoaquin","zona":"ZAV","zona_code":"ZAV","nombre":"ZAV","decreto":""},"geometry":{"type":"Polygon","coordinates":[[[-70.6175846454295,-33.49354192899103],[-70.61729252971895,-33.49494174363558],[-70.61711102336399,-33.494947871871375],[-70.61742770788271,-33.49354686297533],[-70.6175846454295,-33.49354192899103]]]}},{"type":"Feature","properties":{"comuna":"SanJoaquin","zona":"ZU6","zona_code":"ZU6","nombre":"ZU6","decreto":""},"geometry":{"type":"Polygon","coordinates":[[[-70.61777421973916,-33.49201384775875],[-70.61904726108347,-33.49194473936409],[-70.61867466903252,-33.493506873950054],[-70.61742770788271,-33.49354686297533],[-70.61777421973916,-33.49201384775875]]]}},{"type":"Feature","properties":{"comuna":"SanJoaquin","zona":"AV","zona_code":"AV","nombre":"AV","decreto":""},"geometry":{"type":"Polygon","coordinates":[[[-70.61833748259211,-33.49196925487275],[-70.61777421973916,-33.49201384775875],[-70.61781586583493,-33.491829597728135],[-70.61833748259211,-33.49196925487275]]]}},{"type":"Feature","properties":{"comuna":"SanJoaquin","zona":"ZAV","zona_code":"ZAV","nombre":"ZAV","decreto":""},"geometry":{"type":"Polygon","coordinates":[[[-70.61828577113495,-33.494907940751524],[-70.61860456315723,-33.49350958004664],[-70.61865098774284,-33.49350811404744],[-70.61834861990057,-33.49490608444728],[-70.61828577113495,-33.494907940751524]]]}},{"type":"Feature","properties":{"comuna":"SanJoaquin","zona":"ZU12","zona_code":"ZU12","nombre":"ZU12","decreto":""},"geometry":{"type":"Polygon","coordinates":[[[-70.61860456315723,-33.49350958004664],[-70.61828577113495,-33.494907940751524],[-70.61834861990057,-33.49490608444728],[-70.61729252971895,-33.49494174363558],[-70.6175846454295,-33.49354192899103],[-70.61860456315723,-33.49350958004664]]]}},{"type":"Feature","properties":{"comuna":"SanJoaquin","zona":"AVP","zona_code":"AVP","nombre":"AVP","decreto":""},"geometry":{"type":"Polygon","coordinates":[[[-70.61828905523718,-33.49590616485127],[-70.61846942365351,-33.495931906657006],[-70.61839953053253,-33.496260372170816],[-70.61821916035404,-33.496234629396845],[-70.61828905523718,-33.49590616485127]]]}},{"type":"Feature","properties":{"comuna":"SanJoaquin","zona":"ZAPR","zona_code":"ZAPR","nombre":"ZAPR","decreto":""},"geometry":{"type":"Polygon","coordinates":[[[-70.62199484778554,-33.49625602165462],[-70.61899506059441,-33.496345364851074],[-70.61839953053253,-33.496260372170816],[-70.61846942365351,-33.495931906657006],[-70.61828905523718,-33.49590616485127],[-70.61835820415851,-33.495586978050305],[-70.61926251825277,-33.49572665212435],[-70.61933052144191,-33.49544711857972],[-70.62048968361827,-33.49560088531469],[-70.62047724473851,-33.4956613448615],[-70.62214373659164,-33.49560160111187],[-70.62199484778554,-33.49625602165462]]]}},{"type":"Feature","properties":{"comuna":"SanJoaquin","zona":"ZAPR","zona_code":"ZAPR","nombre":"ZAPR","decreto":""},"geometry":{"type":"Polygon","coordinates":[[[-70.62214208380539,-33.49560895728384],[-70.62357553931653,-33.49555027954102],[-70.62347178044601,-33.4959767001693],[-70.62330097435458,-33.496213438655474],[-70.62199484778554,-33.49625602165462],[-70.62214208380539,-33.49560895728384]]]}},{"type":"Feature","properties":{"comuna":"SanJoaquin","zona":"ZU5","zona_code":"ZU5","nombre":"ZU5","decreto":""},"geometry":{"type":"Polygon","coordinates":[[[-70.62322093517001,-33.494861678632006],[-70.62365896937877,-33.494845024490935],[-70.62359431461125,-33.49545504804487],[-70.62308869124018,-33.49547361835753],[-70.62322093517001,-33.494861678632006]]]}},{"type":"Feature","properties":{"comuna":"SanJoaquin","zona":"ZAPR","zona_code":"ZAPR","nombre":"ZAPR","decreto":""},"geometry":{"type":"Polygon","coordinates":[[[-70.62359431461125,-33.49545504804487],[-70.62357553931653,-33.49555027954102],[-70.62047724473851,-33.4956613448615],[-70.62048968361827,-33.49560088531469],[-70.61933052144191,-33.49544711857972],[-70.61923438389827,-33.49572780265007],[-70.61835820415851,-33.495586978050305],[-70.61848037385329,-33.49503277484952],[-70.62322093517001,-33.494861678632006],[-70.62308869124018,-33.49547361835753],[-70.62359431461125,-33.49545504804487]]]}},{"type":"Feature","properties":{"comuna":"SanJoaquin","zona":"ZU2a","zona_code":"ZU2a","nombre":"ZU2a","decreto":""},"geometry":{"type":"Polygon","coordinates":[[[-70.6186744257128,-33.49423407574938],[-70.62364695467012,-33.49406186995426],[-70.62359622601191,-33.49470999705765],[-70.61850995350196,-33.49488460828034],[-70.6186744257128,-33.49423407574938]]]}},{"type":"Feature","properties":{"comuna":"SanJoaquin","zona":"ZU2a","zona_code":"ZU2a","nombre":"ZU2a","decreto":""},"geometry":{"type":"Polygon","coordinates":[[[-70.62368124939427,-33.49330819502048],[-70.62365106097923,-33.49392575533846],[-70.61868784515286,-33.494096240549894],[-70.61886604028508,-33.49342968788796],[-70.62368124939427,-33.49330819502048]]]}},{"type":"Feature","properties":{"comuna":"SanJoaquin","zona":"ZAV","zona_code":"ZAV","nombre":"ZAV","decreto":""},"geometry":{"type":"Polygon","coordinates":[[[-70.62368984264776,-33.49313240086979],[-70.62234946537053,-33.49317425344892],[-70.62233579833922,-33.49284566987615],[-70.62291676735695,-33.49282530514237],[-70.6228994503034,-33.4925461957169],[-70.62371974763211,-33.49252060323885],[-70.62368984264776,-33.49313240086979]]]}},{"type":"Feature","properties":{"comuna":"SanJoaquin","zona":"ZU6","zona_code":"ZU6","nombre":"ZU6","decreto":""},"geometry":{"type":"Polygon","coordinates":[[[-70.6228994503034,-33.4925461957169],[-70.62291676735695,-33.49282530514237],[-70.62233579833922,-33.49284566987615],[-70.62234946537053,-33.49317425344892],[-70.61890489996208,-33.49330666364928],[-70.61904960317906,-33.492702160993986],[-70.6228994503034,-33.4925461957169]]]}},{"type":"Feature","properties":{"comuna":"SanJoaquin","zona":"AV","zona_code":"AV","nombre":"AV","decreto":""},"geometry":{"type":"Polygon","coordinates":[[[-70.61913594904193,-33.49239256350857],[-70.61914761428696,-33.492564848887554],[-70.61909055721765,-33.492566783187506],[-70.61913594904193,-33.49239256350857]]]}},{"type":"Feature","properties":{"comuna":"SanJoaquin","zona":"ZU2a","zona_code":"ZU2a","nombre":"ZU2a","decreto":""},"geometry":{"type":"Polygon","coordinates":[[[-70.61914761420303,-33.49256484437952],[-70.61922717285756,-33.49193840919059],[-70.62294890540323,-33.49181584258593],[-70.62298195899761,-33.49243500397128],[-70.61914761420303,-33.49256484437952]]]}},{"type":"Feature","properties":{"comuna":"SanJoaquin","zona":"ZED","zona_code":"ZED","nombre":"ZED","decreto":""},"geometry":{"type":"Polygon","coordinates":[[[-70.6271276093109,-33.49253264855812],[-70.62908861164277,-33.492462408428324],[-70.62901843545295,-33.49369094437346],[-70.62718489113045,-33.49374835334823],[-70.6271276093109,-33.49253264855812]]]}},{"type":"Feature","properties":{"comuna":"SanJoaquin","zona":"ZE","zona_code":"ZE","nombre":"ZE","decreto":""},"geometry":{"type":"Polygon","coordinates":[[[-70.62715307113676,-33.49307268372732],[-70.62718489113045,-33.49374835334823],[-70.62631995166201,-33.493775426181216],[-70.62629604822533,-33.49310302872894],[-70.62715307113676,-33.49307268372732]]]}},{"type":"Feature","properties":{"comuna":"SanJoaquin","zona":"ZU6","zona_code":"ZU6","nombre":"ZU6","decreto":""},"geometry":{"type":"Polygon","coordinates":[[[-70.62598700142983,-33.49257299770452],[-70.6271276093109,-33.49253264855812],[-70.62715307113676,-33.49307268372732],[-70.62610171693291,-33.49310853671067],[-70.62598700142983,-33.49257299770452]]]}},{"type":"Feature","properties":{"comuna":"SanJoaquin","zona":"AV","zona_code":"AV","nombre":"AV","decreto":""},"geometry":{"type":"Polygon","coordinates":[[[-70.62884974845988,-33.4917672137642],[-70.62912751963502,-33.49175499317654],[-70.62909607449994,-33.49232671945714],[-70.62887458005798,-33.492335289906876],[-70.62884974845988,-33.4917672137642]]]}},{"type":"Feature","properties":{"comuna":"SanJoaquin","zona":"AV","zona_code":"AV","nombre":"AV","decreto":""},"geometry":{"type":"Polygon","coordinates":[[[-70.62878038660524,-33.492338934392734],[-70.62880072146712,-33.491769370704624],[-70.62879810952086,-33.49233824866844],[-70.62878038660524,-33.492338934392734]]]}},{"type":"Feature","properties":{"comuna":"SanJoaquin","zona":"ZU2a","zona_code":"ZU2a","nombre":"ZU2a","decreto":""},"geometry":{"type":"MultiPolygon","coordinates":[[[[-70.62865751024344,-33.49234350960313],[-70.62404763992716,-33.492381482689844],[-70.6240807836283,-33.49176798043334],[-70.62862579525624,-33.49177706599916],[-70.62865751024344,-33.49234350960313]]],[[[-70.62867862665661,-33.49234287217174],[-70.62865752004278,-33.492343688035206],[-70.62865751024344,-33.49234350960313],[-70.62867862665661,-33.49234287217174]]]]}},{"type":"Feature","properties":{"comuna":"SanJoaquin","zona":"AV","zona_code":"AV","nombre":"AV","decreto":""},"geometry":{"type":"Polygon","coordinates":[[[-70.62872862879773,-33.493896097531376],[-70.62893633468222,-33.49388912444243],[-70.62866281786788,-33.49446401247468],[-70.62872862879773,-33.493896097531376]]]}},{"type":"Feature","properties":{"comuna":"SanJoaquin","zona":"ZU2a","zona_code":"ZU2a","nombre":"ZU2a","decreto":""},"geometry":{"type":"Polygon","coordinates":[[[-70.628629122638,-33.49389943842249],[-70.62859865370204,-33.49446605813671],[-70.62392054369602,-33.494700353267],[-70.62397098903963,-33.49405580190683],[-70.628629122638,-33.49389943842249]]]}},{"type":"Feature","properties":{"comuna":"SanJoaquin","zona":"ZU2a","zona_code":"ZU2a","nombre":"ZU2a","decreto":""},"geometry":{"type":"Polygon","coordinates":[[[-70.62610171693291,-33.49310853671067],[-70.62629604822533,-33.49310302872894],[-70.62632128356438,-33.4938372674366],[-70.62397482371962,-33.49391294972012],[-70.62400720963677,-33.49325035956615],[-70.62611109667513,-33.49323048887116],[-70.62610171693291,-33.49310853671067]]]}},{"type":"Feature","properties":{"comuna":"SanJoaquin","zona":"AV","zona_code":"AV","nombre":"AV","decreto":""},"geometry":{"type":"Polygon","coordinates":[[[-70.62566436634162,-33.49258526523331],[-70.62592058400664,-33.49257552334309],[-70.62598141473757,-33.49314867857021],[-70.62568235529803,-33.49314663775207],[-70.62566436634162,-33.49258526523331]]]}},{"type":"Feature","properties":{"comuna":"SanJoaquin","zona":"ZU6","zona_code":"ZU6","nombre":"ZU6","decreto":""},"geometry":{"type":"Polygon","coordinates":[[[-70.62536521407924,-33.49249257085349],[-70.62558937560463,-33.49249604167696],[-70.62558993605522,-33.49315381604086],[-70.62535504793729,-33.49315689794124],[-70.62536521407924,-33.49249257085349]]]}},{"type":"Feature","properties":{"comuna":"SanJoaquin","zona":"ZU6","zona_code":"ZU6","nombre":"ZU6","decreto":""},"geometry":{"type":"Polygon","coordinates":[[[-70.62492199862764,-33.49248570709133],[-70.62513129494086,-33.492488948959505],[-70.62513428375505,-33.49315382855875],[-70.62492075032722,-33.493156629502906],[-70.62492199862764,-33.49248570709133]]]}},{"type":"Feature","properties":{"comuna":"SanJoaquin","zona":"ZE","zona_code":"ZE","nombre":"ZE","decreto":""},"geometry":{"type":"Polygon","coordinates":[[[-70.6243994197483,-33.49313907108989],[-70.6240127126425,-33.49313777052721],[-70.62406602076183,-33.49249914253128],[-70.62440649890966,-33.49249849517353],[-70.6243994197483,-33.49313907108989]]]}},{"type":"Feature","properties":{"comuna":"SanJoaquin","zona":"ZU6","zona_code":"ZU6","nombre":"ZU6","decreto":""},"geometry":{"type":"Polygon","coordinates":[[[-70.6243994197483,-33.49313907108989],[-70.62440649890966,-33.49249849517353],[-70.6247530538628,-33.492483090909815],[-70.6247425820613,-33.4931470360558],[-70.6243994197483,-33.49313907108989]]]}},{"type":"Feature","properties":{"comuna":"SanJoaquin","zona":"ZAPR","zona_code":"ZAPR","nombre":"ZAPR","decreto":""},"geometry":{"type":"Polygon","coordinates":[[[-70.62508333125287,-33.49479294362405],[-70.62493509186068,-33.49549308128861],[-70.62379953698368,-33.49552258951347],[-70.62386741654352,-33.4948377065534],[-70.62508333125287,-33.49479294362405]]]}},{"type":"Feature","properties":{"comuna":"SanJoaquin","zona":"ZAPR","zona_code":"ZAPR","nombre":"ZAPR","decreto":""},"geometry":{"type":"Polygon","coordinates":[[[-70.62493509186068,-33.49549308128861],[-70.62479964292217,-33.49615904955797],[-70.62358099220243,-33.49619995360744],[-70.62379953698368,-33.49552258951347],[-70.62493509186068,-33.49549308128861]]]}},{"type":"Feature","properties":{"comuna":"SanJoaquin","zona":"ZU6","zona_code":"ZU6","nombre":"ZU6","decreto":""},"geometry":{"type":"Polygon","coordinates":[[[-70.62566045746655,-33.49477169365334],[-70.6254031857039,-33.496139100885884],[-70.62479964292217,-33.49615904955797],[-70.62508333125287,-33.49479294362405],[-70.62566045746655,-33.49477169365334]]]}},{"type":"Feature","properties":{"comuna":"SanJoaquin","zona":"ZU2a","zona_code":"ZU2a","nombre":"ZU2a","decreto":""},"geometry":{"type":"Polygon","coordinates":[[[-70.62829886775042,-33.495913518878545],[-70.6282439779456,-33.49600077650483],[-70.62786880069197,-33.496012721509494],[-70.627899398153,-33.49585353106292],[-70.62829886775042,-33.495913518878545]]]}},{"type":"Feature","properties":{"comuna":"SanJoaquin","zona":"ZU2a","zona_code":"ZU2a","nombre":"ZU2a","decreto":""},"geometry":{"type":"Polygon","coordinates":[[[-70.62737733266735,-33.496069926082605],[-70.62736911235831,-33.49577900333618],[-70.62759472109232,-33.49576991693969],[-70.62761044193498,-33.49606087548438],[-70.62737733266735,-33.496069926082605]]]}},{"type":"Feature","properties":{"comuna":"SanJoaquin","zona":"ZU2a","zona_code":"ZU2a","nombre":"ZU2a","decreto":""},"geometry":{"type":"Polygon","coordinates":[[[-70.62813631325746,-33.494616150945994],[-70.62859347842806,-33.494601578097424],[-70.62829886775042,-33.495913518878545],[-70.627899398153,-33.49585353106292],[-70.62813631325746,-33.494616150945994]]]}},{"type":"Feature","properties":{"comuna":"SanJoaquin","zona":"ZE","zona_code":"ZE","nombre":"ZE","decreto":""},"geometry":{"type":"Polygon","coordinates":[[[-70.62760845363209,-33.496021009493774],[-70.62753536824624,-33.49553224674769],[-70.62798346177514,-33.49541656027517],[-70.62786880069197,-33.496012721509494],[-70.62760845363209,-33.496021009493774]]]}},{"type":"Feature","properties":{"comuna":"SanJoaquin","zona":"AV","zona_code":"AV","nombre":"AV","decreto":""},"geometry":{"type":"Polygon","coordinates":[[[-70.6275181188786,-33.49537141237686],[-70.62752567212782,-33.495736979615764],[-70.62736918752358,-33.49574500093571],[-70.62733729944551,-33.49537259467897],[-70.6275181188786,-33.49537141237686]]]}},{"type":"Feature","properties":{"comuna":"SanJoaquin","zona":"ZU2a","zona_code":"ZU2a","nombre":"ZU2a","decreto":""},"geometry":{"type":"Polygon","coordinates":[[[-70.62790324538612,-33.49462357954712],[-70.62813631325746,-33.494616150945994],[-70.62798346177514,-33.49541656027517],[-70.62772429591708,-33.49542368222518],[-70.62769751338529,-33.49502784636979],[-70.62792167342015,-33.49502191859042],[-70.62790324538612,-33.49462357954712]]]}},{"type":"Feature","properties":{"comuna":"SanJoaquin","zona":"ZU2a","zona_code":"ZU2a","nombre":"ZU2a","decreto":""},"geometry":{"type":"Polygon","coordinates":[[[-70.62730164016493,-33.49464275363638],[-70.62786971747288,-33.494624648690866],[-70.62787583942591,-33.494855495235875],[-70.62731374523976,-33.494874811247136],[-70.62730164016493,-33.49464275363638]]]}},{"type":"Feature","properties":{"comuna":"SanJoaquin","zona":"AV","zona_code":"AV","nombre":"AV","decreto":""},"geometry":{"type":"Polygon","coordinates":[[[-70.62785559293856,-33.49487687835834],[-70.62786473028979,-33.49499987960807],[-70.62769731526146,-33.4950020793943],[-70.62769164833168,-33.49488189581707],[-70.62785559293856,-33.49487687835834]]]}},{"type":"Feature","properties":{"comuna":"SanJoaquin","zona":"ZU2a","zona_code":"ZU2a","nombre":"ZU2a","decreto":""},"geometry":{"type":"Polygon","coordinates":[[[-70.62766444943082,-33.4948894118471],[-70.62768842415177,-33.49534865477725],[-70.62732967740018,-33.49535336784457],[-70.62731608937652,-33.49490114614051],[-70.62766444943082,-33.4948894118471]]]}},{"type":"Feature","properties":{"comuna":"SanJoaquin","zona":"ZU2a","zona_code":"ZU2a","nombre":"ZU2a","decreto":""},"geometry":{"type":"Polygon","coordinates":[[[-70.62639520868565,-33.495947705741784],[-70.62724479134418,-33.49592349773023],[-70.62725086316931,-33.49607483576984],[-70.62640316087538,-33.496101593864225],[-70.62639520868565,-33.495947705741784]]]}},{"type":"Feature","properties":{"comuna":"SanJoaquin","zona":"ZU2a","zona_code":"ZU2a","nombre":"ZU2a","decreto":""},"geometry":{"type":"Polygon","coordinates":[[[-70.62609735200115,-33.49596036353709],[-70.62609926057578,-33.49611711314093],[-70.6254031857039,-33.496139100885884],[-70.62543095830286,-33.49598142702867],[-70.62609735200115,-33.49596036353709]]]}},{"type":"Feature","properties":{"comuna":"SanJoaquin","zona":"AV","zona_code":"AV","nombre":"AV","decreto":""},"geometry":{"type":"Polygon","coordinates":[[[-70.62609735200115,-33.49596036353709],[-70.62619210205456,-33.49595575868969],[-70.62619904442903,-33.496112016549645],[-70.62609926057578,-33.49611711314093],[-70.62609735200115,-33.49596036353709]]]}},{"type":"Feature","properties":{"comuna":"SanJoaquin","zona":"AV","zona_code":"AV","nombre":"AV","decreto":""},"geometry":{"type":"Polygon","coordinates":[[[-70.6257503154272,-33.49552248861697],[-70.62575479356668,-33.495719072306784],[-70.62557958462703,-33.49573091642842],[-70.62557815157335,-33.49553241336947],[-70.6257503154272,-33.49552248861697]]]}},{"type":"Feature","properties":{"comuna":"SanJoaquin","zona":"ZU2a","zona_code":"ZU2a","nombre":"ZU2a","decreto":""},"geometry":{"type":"Polygon","coordinates":[[[-70.62543095830286,-33.49598142702867],[-70.62566045746655,-33.49477169365334],[-70.62573315216684,-33.49476901721066],[-70.6257503154272,-33.49552248861697],[-70.62557815157335,-33.49553241336947],[-70.62557958462703,-33.49573091642842],[-70.62617137522479,-33.49570024319521],[-70.62619210205456,-33.49595575868969],[-70.62543095830286,-33.49598142702867]]]}},{"type":"Feature","properties":{"comuna":"SanJoaquin","zona":"AV","zona_code":"AV","nombre":"AV","decreto":""},"geometry":{"type":"MultiPolygon","coordinates":[[[[-70.62586610193907,-33.494682884345174],[-70.62621336995512,-33.49467437175367],[-70.6262510735607,-33.49517241347043],[-70.62589175682538,-33.49519980617643],[-70.62586610193907,-33.494682884345174]]],[[[-70.62589562152033,-33.49527767023968],[-70.62625667823282,-33.49524643455473],[-70.62628340813289,-33.4955995115872],[-70.62591231046446,-33.4956139266944],[-70.62589562152033,-33.49527767023968]]]]}},{"type":"Feature","properties":{"comuna":"SanJoaquin","zona":"AV","zona_code":"AV","nombre":"AV","decreto":""},"geometry":{"type":"Polygon","coordinates":[[[-70.62680763561985,-33.49536738302665],[-70.62681536920094,-33.495537169520496],[-70.62666062386468,-33.49554683727528],[-70.62664829973585,-33.49537520188525],[-70.62680763561985,-33.49536738302665]]]}},{"type":"Feature","properties":{"comuna":"SanJoaquin","zona":"ZU2a","zona_code":"ZU2a","nombre":"ZU2a","decreto":""},"geometry":{"type":"Polygon","coordinates":[[[-70.62631419340933,-33.49493100559662],[-70.62719297435329,-33.494896559673435],[-70.62724479134418,-33.49592349773023],[-70.62639520868565,-33.495947705741784],[-70.62631419340933,-33.49493100559662]],[[-70.62681536920094,-33.495537169520496],[-70.62680763561985,-33.49536738302665],[-70.62664829973585,-33.49537520188525],[-70.62666062386468,-33.49554683727528],[-70.62681536920094,-33.495537169520496]]]}},{"type":"Feature","properties":{"comuna":"SanJoaquin","zona":"AV","zona_code":"AV","nombre":"AV","decreto":""},"geometry":{"type":"Polygon","coordinates":[[[-70.6262510735607,-33.49517241347043],[-70.62625667823282,-33.49524643455473],[-70.62589562152033,-33.49527767023968],[-70.62589175682538,-33.49519980617643],[-70.6262510735607,-33.49517241347043]]]}},{"type":"Feature","properties":{"comuna":"SanJoaquin","zona":"ZU2a","zona_code":"ZU2a","nombre":"ZU2a","decreto":""},"geometry":{"type":"Polygon","coordinates":[[[-70.62701343728752,-33.49465193828218],[-70.62702851298585,-33.49487390430164],[-70.62630917432459,-33.49490625602885],[-70.62624607735066,-33.49467356994676],[-70.62701343728752,-33.49465193828218]]]}},{"type":"Feature","properties":{"comuna":"SanJoaquin","zona":"AV","zona_code":"AV","nombre":"AV","decreto":""},"geometry":{"type":"Polygon","coordinates":[[[-70.6272790350576,-33.494643474426596],[-70.62709808066077,-33.49469546681615],[-70.62705129072809,-33.494873605145436],[-70.62702820903353,-33.49465146741773],[-70.6272790350576,-33.494643474426596]]]}},{"type":"Feature","properties":{"comuna":"SanJoaquin","zona":"ZU6","zona_code":"ZU6","nombre":"ZU6","decreto":""},"geometry":{"type":"Polygon","coordinates":[[[-70.63934916012167,-33.49742101314826],[-70.63930231399834,-33.497823564392625],[-70.63894341201757,-33.49781896506965],[-70.63898676262241,-33.49741709957117],[-70.63934916012167,-33.49742101314826]]]}},{"type":"Feature","properties":{"comuna":"SanJoaquin","zona":"ZU2a","zona_code":"ZU2a","nombre":"ZU2a","decreto":""},"geometry":{"type":"Polygon","coordinates":[[[-70.63898676262241,-33.49741709957117],[-70.63894341201757,-33.49781896506965],[-70.63727293441934,-33.497807238461355],[-70.63729687855233,-33.49738557071951],[-70.63898676262241,-33.49741709957117]]]}},{"type":"Feature","properties":{"comuna":"SanJoaquin","zona":"ZU2a","zona_code":"ZU2a","nombre":"ZU2a","decreto":""},"geometry":{"type":"Polygon","coordinates":[[[-70.63714103111465,-33.4978048559186],[-70.63647875423142,-33.49779588863704],[-70.63643869933192,-33.49701258862496],[-70.63717869441275,-33.49700774762049],[-70.63714103111465,-33.4978048559186]]]}},{"type":"Feature","properties":{"comuna":"SanJoaquin","zona":"ZAPR","zona_code":"ZAPR","nombre":"ZAPR","decreto":""},"geometry":{"type":"Polygon","coordinates":[[[-70.63936158290923,-33.49730643482693],[-70.6379958205956,-33.497379624252346],[-70.63812258079588,-33.49678174919626],[-70.63907918621923,-33.496724563859615],[-70.63942518523862,-33.496716937205726],[-70.63936158290923,-33.49730643482693]]]}},{"type":"Feature","properties":{"comuna":"SanJoaquin","zona":"ZU2a","zona_code":"ZU2a","nombre":"ZU2a","decreto":""},"geometry":{"type":"Polygon","coordinates":[[[-70.63804230933593,-33.49698818582459],[-70.6379958205956,-33.497379624252346],[-70.63729242725636,-33.497360909750256],[-70.63731698551382,-33.49697117815152],[-70.63804230933593,-33.49698818582459]]]}},{"type":"Feature","properties":{"comuna":"SanJoaquin","zona":"ZU2a","zona_code":"ZU2a","nombre":"ZU2a","decreto":""},"geometry":{"type":"Polygon","coordinates":[[[-70.63895336168115,-33.49554525424191],[-70.63875722870137,-33.49555544677505],[-70.63877030263846,-33.49567843995915],[-70.63809604666251,-33.49571259774503],[-70.63808075529455,-33.49555052093335],[-70.63895336168115,-33.49554525424191]]]}},{"type":"Feature","properties":{"comuna":"SanJoaquin","zona":"ZU2a","zona_code":"ZU2a","nombre":"ZU2a","decreto":""},"geometry":{"type":"Polygon","coordinates":[[[-70.63802151407005,-33.495554057524956],[-70.63803753918927,-33.495733950931424],[-70.63715613326008,-33.495784999301065],[-70.63716863142042,-33.495602754714625],[-70.63802151407005,-33.495554057524956]]]}},{"type":"Feature","properties":{"comuna":"SanJoaquin","zona":"ZU2a","zona_code":"ZU2a","nombre":"ZU2a","decreto":""},"geometry":{"type":"Polygon","coordinates":[[[-70.63695927181644,-33.495613243653494],[-70.63699354829805,-33.49578795768547],[-70.63620303743232,-33.49580096777422],[-70.63622452381763,-33.495650051931726],[-70.63695927181644,-33.495613243653494]]]}},{"type":"Feature","properties":{"comuna":"SanJoaquin","zona":"ZU2a","zona_code":"ZU2a","nombre":"ZU2a","decreto":""},"geometry":{"type":"Polygon","coordinates":[[[-70.63673757793336,-33.495995618530486],[-70.63621329262895,-33.4960116897747],[-70.63620303743232,-33.49580096777422],[-70.63672012217882,-33.49581392033753],[-70.63673757793336,-33.495995618530486]]]}},{"type":"Feature","properties":{"comuna":"SanJoaquin","zona":"ZU2a","zona_code":"ZU2a","nombre":"ZU2a","decreto":""},"geometry":{"type":"Polygon","coordinates":[[[-70.63674382926023,-33.49606068437202],[-70.63678017691684,-33.49643900221464],[-70.63624346024596,-33.496439469545074],[-70.63622401975134,-33.49610556291687],[-70.63674382926023,-33.49606068437202]]]}},{"type":"Feature","properties":{"comuna":"SanJoaquin","zona":"ZU2a","zona_code":"ZU2a","nombre":"ZU2a","decreto":""},"geometry":{"type":"Polygon","coordinates":[[[-70.63625181677135,-33.49658531345669],[-70.63716243353451,-33.496567589087675],[-70.63717486514857,-33.49692533485151],[-70.63628603285599,-33.49693499523013],[-70.63625181677135,-33.49658531345669]]]}},{"type":"Feature","properties":{"comuna":"SanJoaquin","zona":"ZU6","zona_code":"ZU6","nombre":"ZU6","decreto":""},"geometry":{"type":"Polygon","coordinates":[[[-70.63947129824024,-33.49629444820849],[-70.63892845796154,-33.49628176858374],[-70.63896077274171,-33.495499694521406],[-70.63957606846542,-33.49546535468187],[-70.63947129824024,-33.49629444820849]]]}},{"type":"Feature","properties":{"comuna":"SanJoaquin","zona":"ZU2a","zona_code":"ZU2a","nombre":"ZU2a","decreto":""},"geometry":{"type":"Polygon","coordinates":[[[-70.63892845796154,-33.49628176858374],[-70.63813132924409,-33.49629708446592],[-70.63809604666251,-33.49571259774503],[-70.63877030263846,-33.49567843995915],[-70.63875722870137,-33.49555544677505],[-70.63895336168115,-33.49554525424191],[-70.63892845796154,-33.49628176858374]]]}},{"type":"Feature","properties":{"comuna":"SanJoaquin","zona":"ZU6","zona_code":"ZU6","nombre":"ZU6","decreto":""},"geometry":{"type":"Polygon","coordinates":[[[-70.63907918621923,-33.496724563859615],[-70.63910723307536,-33.496398706875084],[-70.63945990179494,-33.49639956640295],[-70.63942518523862,-33.496716937205726],[-70.63907918621923,-33.496724563859615]]]}},{"type":"Feature","properties":{"comuna":"SanJoaquin","zona":"ZU2a","zona_code":"ZU2a","nombre":"ZU2a","decreto":""},"geometry":{"type":"Polygon","coordinates":[[[-70.63910723307536,-33.496398706875084],[-70.63907918621923,-33.496724563859615],[-70.63812258079588,-33.49678174919626],[-70.63803794652036,-33.497024915139946],[-70.63731698551382,-33.49697117815152],[-70.6373182846007,-33.49637464362694],[-70.63910723307536,-33.496398706875084]]]}},{"type":"Feature","properties":{"comuna":"SanJoaquin","zona":"ZU2a","zona_code":"ZU2a","nombre":"ZU2a","decreto":""},"geometry":{"type":"Polygon","coordinates":[[[-70.63803753918927,-33.495733950931424],[-70.63804360836237,-33.495873523911705],[-70.63716214508305,-33.49594721421677],[-70.63715613326008,-33.495784999301065],[-70.63803753918927,-33.495733950931424]]]}},{"type":"Feature","properties":{"comuna":"SanJoaquin","zona":"ZU2a","zona_code":"ZU2a","nombre":"ZU2a","decreto":""},"geometry":{"type":"Polygon","coordinates":[[[-70.63805361686353,-33.496102453994574],[-70.63806290647466,-33.49629321680579],[-70.63713489491538,-33.49631502930692],[-70.63714242214466,-33.49610972774562],[-70.63805361686353,-33.496102453994574]]]}},{"type":"Feature","properties":{"comuna":"SanJoaquin","zona":"ZU2a","zona_code":"ZU2a","nombre":"ZU2a","decreto":""},"geometry":{"type":"Polygon","coordinates":[[[-70.63699354829805,-33.49578795768547],[-70.63708598048208,-33.49643975092213],[-70.63678017691684,-33.49643900221464],[-70.63671957701976,-33.495807316291746],[-70.63699354829805,-33.49578795768547]]]}},{"type":"Feature","properties":{"comuna":"SanJoaquin","zona":"AV","zona_code":"AV","nombre":"AV","decreto":""},"geometry":{"type":"Polygon","coordinates":[[[-70.63633150481238,-33.49702337363732],[-70.636371684765,-33.49781233998991],[-70.63608565015389,-33.497818593573705],[-70.63604108372145,-33.49703703034655],[-70.63633150481238,-33.49702337363732]]]}},{"type":"Feature","properties":{"comuna":"SanJoaquin","zona":"ZU2a","zona_code":"ZU2a","nombre":"ZU2a","decreto":""},"geometry":{"type":"Polygon","coordinates":[[[-70.63604122199534,-33.4957435107777],[-70.63583436239917,-33.49575211787574],[-70.63583586043815,-33.495863051835094],[-70.63435354846315,-33.495943892853674],[-70.63434978821138,-33.495832245590016],[-70.63415980365554,-33.49584635833747],[-70.63418844248031,-33.495764326944396],[-70.63601468740497,-33.49565941198541],[-70.63604122199534,-33.4957435107777]]]}},{"type":"Feature","properties":{"comuna":"SanJoaquin","zona":"ZU2a","zona_code":"ZU2a","nombre":"ZU2a","decreto":""},"geometry":{"type":"Polygon","coordinates":[[[-70.63593295996213,-33.49702697719048],[-70.63596009596665,-33.49785445780538],[-70.63398103147945,-33.49768704286866],[-70.63403393679448,-33.4971224038287],[-70.63593295996213,-33.49702697719048]]]}},{"type":"Feature","properties":{"comuna":"SanJoaquin","zona":"ZU2a","zona_code":"ZU2a","nombre":"ZU2a","decreto":""},"geometry":{"type":"Polygon","coordinates":[[[-70.63404433913912,-33.49701730184987],[-70.63415980365554,-33.49584635833747],[-70.63434978821138,-33.495832245590016],[-70.63435354846315,-33.495943892853674],[-70.63583586043815,-33.495863051835094],[-70.63583436239917,-33.49575211787574],[-70.63604122199534,-33.4957435107777],[-70.63608227623406,-33.496944596190815],[-70.63404433913912,-33.49701730184987]]]}},{"type":"Feature","properties":{"comuna":"SanJoaquin","zona":"ZU2a","zona_code":"ZU2a","nombre":"ZU2a","decreto":""},"geometry":{"type":"Polygon","coordinates":[[[-70.6339922696747,-33.495974505772054],[-70.63366907704749,-33.49595200763795],[-70.63369843994873,-33.496260103725824],[-70.63322519631886,-33.496296758670375],[-70.63319952128204,-33.49606824826253],[-70.63296333941179,-33.49608100496214],[-70.6327839545207,-33.4963340695001],[-70.63166932618245,-33.4964217293162],[-70.6316388145928,-33.496153170999236],[-70.63141886339254,-33.4961665866514],[-70.6314007536988,-33.496028274663345],[-70.63399506535346,-33.495783539800776],[-70.6339922696747,-33.495974505772054]]]}},{"type":"Feature","properties":{"comuna":"SanJoaquin","zona":"ZU2a","zona_code":"ZU2a","nombre":"ZU2a","decreto":""},"geometry":{"type":"Polygon","coordinates":[[[-70.6339922696747,-33.495974505772054],[-70.63381757935169,-33.4976956657047],[-70.63137900188079,-33.497519064866296],[-70.63141886339254,-33.4961665866514],[-70.6316388145928,-33.496153170999236],[-70.63166932618245,-33.4964217293162],[-70.6327839545207,-33.4963340695001],[-70.63296333941179,-33.49608100496214],[-70.63319952128204,-33.49606824826253],[-70.63322519631886,-33.496296758670375],[-70.63369843994873,-33.496260103725824],[-70.63366907704749,-33.49595200763795],[-70.6339922696747,-33.495974505772054]]]}},{"type":"Feature","properties":{"comuna":"SanJoaquin","zona":"ZU2a","zona_code":"ZU2a","nombre":"ZU2a","decreto":""},"geometry":{"type":"Polygon","coordinates":[[[-70.6312709281142,-33.49626733024352],[-70.63100780935115,-33.49628940384351],[-70.63102748668233,-33.49647344827799],[-70.6303835326557,-33.496527596010445],[-70.63035514581962,-33.49625423510538],[-70.63017881021554,-33.49624681871746],[-70.630190525483,-33.496100288932595],[-70.63124155428414,-33.496003868344246],[-70.6312709281142,-33.49626733024352]]]}},{"type":"Feature","properties":{"comuna":"SanJoaquin","zona":"ZU2a","zona_code":"ZU2a","nombre":"ZU2a","decreto":""},"geometry":{"type":"Polygon","coordinates":[[[-70.6312709281142,-33.49626733024352],[-70.63121218074481,-33.497488332552834],[-70.63007734031659,-33.497427157074064],[-70.63017881021554,-33.49624681871746],[-70.63035514581962,-33.49625423510538],[-70.6303835326557,-33.496527596010445],[-70.63102748668233,-33.49647344827799],[-70.63100780935115,-33.49628940384351],[-70.6312709281142,-33.49626733024352]]]}},{"type":"Feature","properties":{"comuna":"SanJoaquin","zona":"ZU2a","zona_code":"ZU2a","nombre":"ZU2a","decreto":""},"geometry":{"type":"Polygon","coordinates":[[[-70.62993303525907,-33.49656207227697],[-70.62986052810807,-33.497416653877266],[-70.6283999802838,-33.49725849129634],[-70.62846760908144,-33.49691876156692],[-70.62935168495098,-33.49701211235867],[-70.62939392255605,-33.49660553130014],[-70.62993303525907,-33.49656207227697]]]}},{"type":"Feature","properties":{"comuna":"SanJoaquin","zona":"ZE","zona_code":"ZE","nombre":"ZE","decreto":""},"geometry":{"type":"Polygon","coordinates":[[[-70.62939392255605,-33.49660553130014],[-70.62935168495098,-33.49701211235867],[-70.62846760908144,-33.49691876156692],[-70.62856600349613,-33.49642447707264],[-70.62879949675823,-33.4964342194595],[-70.62882358764477,-33.496652148167385],[-70.62939392255605,-33.49660553130014]]]}},{"type":"Feature","properties":{"comuna":"SanJoaquin","zona":"ZU2a","zona_code":"ZU2a","nombre":"ZU2a","decreto":""},"geometry":{"type":"Polygon","coordinates":[[[-70.62993303525907,-33.49656207227697],[-70.62882358764477,-33.496652148167385],[-70.62879949675823,-33.4964342194595],[-70.62856600349613,-33.49642447707264],[-70.6286410634037,-33.49619888065035],[-70.62993644809583,-33.496108848314044],[-70.62993303525907,-33.49656207227697]]]}},{"type":"Feature","properties":{"comuna":"SanJoaquin","zona":"ZED","zona_code":"ZED","nombre":"ZED","decreto":""},"geometry":{"type":"Polygon","coordinates":[[[-70.62822120747644,-33.49830887292991],[-70.62921593534439,-33.49844702081785],[-70.62913803984104,-33.49927617827088],[-70.62804948196109,-33.499111050550226],[-70.62822120747644,-33.49830887292991]]]}},{"type":"Feature","properties":{"comuna":"SanJoaquin","zona":"ZU2a","zona_code":"ZU2a","nombre":"ZU2a","decreto":""},"geometry":{"type":"Polygon","coordinates":[[[-70.62827401517556,-33.49805965471252],[-70.62832362068826,-33.4977821757772],[-70.62835389433965,-33.49743654953033],[-70.6283907495412,-33.497417440640426],[-70.62877190792572,-33.497470380767524],[-70.62934588080844,-33.497510837609866],[-70.62981818146588,-33.49754246325302],[-70.62984303112167,-33.497565780276105],[-70.62969642012928,-33.49907440163248],[-70.62957933236262,-33.50030175647299],[-70.62954634272914,-33.50032522838782],[-70.62883397858003,-33.5002746074179],[-70.6279300540978,-33.50019799787673],[-70.62780901910529,-33.50018773941376],[-70.62784072039936,-33.50004328474606],[-70.62821617524021,-33.498332381033904],[-70.62804948196109,-33.499111050550226],[-70.62864494081776,-33.49920137928181],[-70.62913803984104,-33.49927617827088],[-70.62917675740371,-33.498857205755556],[-70.62921593534439,-33.49844702081785],[-70.62822120747644,-33.49830887292991],[-70.62821617524021,-33.498332381033904],[-70.62827401517556,-33.49805965471252]]]}},{"type":"Feature","properties":{"comuna":"SanJoaquin","zona":"ZU2a","zona_code":"ZU2a","nombre":"ZU2a","decreto":""},"geometry":{"type":"Polygon","coordinates":[[[-70.63378708019239,-33.49782590764454],[-70.63351421629136,-33.50060023818217],[-70.62979379199862,-33.50028870294721],[-70.63008289120097,-33.4975629488922],[-70.63378708019239,-33.49782590764454]]]}},{"type":"Feature","properties":{"comuna":"SanJoaquin","zona":"ZE","zona_code":"ZE","nombre":"ZE","decreto":""},"geometry":{"type":"Polygon","coordinates":[[[-70.63488026517585,-33.49936830366995],[-70.63475476645723,-33.50066929945216],[-70.63369994564331,-33.500596791396056],[-70.63382271123122,-33.49929197175528],[-70.63488026517585,-33.49936830366995]]]}},{"type":"Feature","properties":{"comuna":"SanJoaquin","zona":"ZU6","zona_code":"ZU6","nombre":"ZU6","decreto":""},"geometry":{"type":"Polygon","coordinates":[[[-70.63600970401167,-33.49944533199028],[-70.63585937557467,-33.50074521992253],[-70.63475476645723,-33.50066929945216],[-70.63488026517585,-33.49936830366995],[-70.63600970401167,-33.49944533199028]]]}},{"type":"Feature","properties":{"comuna":"SanJoaquin","zona":"ZU2a","zona_code":"ZU2a","nombre":"ZU2a","decreto":""},"geometry":{"type":"Polygon","coordinates":[[[-70.6361579431098,-33.49793598107137],[-70.6360272914222,-33.49930945689454],[-70.63577411994183,-33.49928983725515],[-70.63587597803884,-33.49829376603549],[-70.63578165053042,-33.498287972953605],[-70.63581894800795,-33.49796036031708],[-70.6361579431098,-33.49793598107137]]]}},{"type":"Feature","properties":{"comuna":"SanJoaquin","zona":"ZU6","zona_code":"ZU6","nombre":"ZU6","decreto":""},"geometry":{"type":"Polygon","coordinates":[[[-70.63577411994183,-33.49928983725515],[-70.63383594972193,-33.49913230291044],[-70.63396189853962,-33.49787114588666],[-70.63581894800795,-33.49796036031708],[-70.63578165053042,-33.498287972953605],[-70.63587597803884,-33.49829376603549],[-70.63577411994183,-33.49928983725515]]]}},{"type":"Feature","properties":{"comuna":"SanJoaquin","zona":"ZU6","zona_code":"ZU6","nombre":"ZU6","decreto":""},"geometry":{"type":"Polygon","coordinates":[[[-70.63921845353563,-33.49854301528143],[-70.63848276163081,-33.498491561654085],[-70.63851625582444,-33.4981024909474],[-70.63889369479955,-33.49812828972387],[-70.63891663195011,-33.497957087738264],[-70.63929093535715,-33.49795796351527],[-70.63921845353563,-33.49854301528143]]]}},{"type":"Feature","properties":{"comuna":"SanJoaquin","zona":"ZU2a","zona_code":"ZU2a","nombre":"ZU2a","decreto":""},"geometry":{"type":"Polygon","coordinates":[[[-70.63891663195011,-33.497957087738264],[-70.63889369479955,-33.49812828972387],[-70.63851625582444,-33.4981024909474],[-70.63848276163081,-33.498491561654085],[-70.63627447789432,-33.498305366052875],[-70.63631130980444,-33.497927601089486],[-70.63891663195011,-33.497957087738264]]]}},{"type":"Feature","properties":{"comuna":"SanJoaquin","zona":"ZU6","zona_code":"ZU6","nombre":"ZU6","decreto":""},"geometry":{"type":"Polygon","coordinates":[[[-70.63920377317254,-33.49863509418005],[-70.63911746812546,-33.49952339707589],[-70.63617914327916,-33.499320092989265],[-70.63626721558012,-33.49843384695914],[-70.63920377317254,-33.49863509418005]]]}},{"type":"Feature","properties":{"comuna":"SanJoaquin","zona":"ZU6","zona_code":"ZU6","nombre":"ZU6","decreto":""},"geometry":{"type":"Polygon","coordinates":[[[-70.63616338742105,-33.499452210374116],[-70.63712522846139,-33.49949244913927],[-70.63702800711137,-33.50082953800252],[-70.63602470721922,-33.50075850625456],[-70.63616338742105,-33.499452210374116]]]}},{"type":"Feature","properties":{"comuna":"SanJoaquin","zona":"ZU2a","zona_code":"ZU2a","nombre":"ZU2a","decreto":""},"geometry":{"type":"Polygon","coordinates":[[[-70.63899392901273,-33.500777428596066],[-70.63897379409967,-33.5009713905584],[-70.63717025536903,-33.50084341824157],[-70.63718334089117,-33.50070830234812],[-70.63899392901273,-33.500777428596066]]]}},{"type":"Feature","properties":{"comuna":"SanJoaquin","zona":"ZU2a","zona_code":"ZU2a","nombre":"ZU2a","decreto":""},"geometry":{"type":"Polygon","coordinates":[[[-70.63728543391733,-33.49965057528392],[-70.63909315534417,-33.49982152676539],[-70.63899392901273,-33.500777428596066],[-70.63718334089117,-33.50070830234812],[-70.63728543391733,-33.49965057528392]]]}},{"type":"Feature","properties":{"comuna":"SanJoaquin","zona":"ZU2a","zona_code":"ZU2a","nombre":"ZU2a","decreto":""},"geometry":{"type":"Polygon","coordinates":[[[-70.63910917699592,-33.499659491305316],[-70.63909315534417,-33.49982152676539],[-70.63728543391733,-33.49965057528392],[-70.63730799498391,-33.49951866724499],[-70.63910917699592,-33.499659491305316]]]}},{"type":"Feature","properties":{"comuna":"SanJoaquin","zona":"ZAV","zona_code":"ZAV","nombre":"ZAV","decreto":""},"geometry":{"type":"Polygon","coordinates":[[[-70.61681331882953,-33.49627864244441],[-70.61700731889484,-33.49630843440932],[-70.61679836645496,-33.49730968127105],[-70.61659035772261,-33.4972767964049],[-70.61681331882953,-33.49627864244441]]]}},{"type":"Feature","properties":{"comuna":"SanJoaquin","zona":"ZAV","zona_code":"ZAV","nombre":"ZAV","decreto":""},"geometry":{"type":"Polygon","coordinates":[[[-70.61656020432535,-33.49741191340854],[-70.61676977271883,-33.49744668983107],[-70.61654801113663,-33.49850929032594],[-70.61632304237102,-33.498473595354085],[-70.61656020432535,-33.49741191340854]]]}},{"type":"Feature","properties":{"comuna":"SanJoaquin","zona":"ZAV","zona_code":"ZAV","nombre":"ZAV","decreto":""},"geometry":{"type":"Polygon","coordinates":[[[-70.61629366582045,-33.49861035699367],[-70.61640010977477,-33.4986269721211],[-70.61624239581636,-33.49933389378774],[-70.61642300792052,-33.499372271630044],[-70.61620377201484,-33.50041998536203],[-70.61600884328469,-33.5003890717302],[-70.61586015433306,-33.50106103854191],[-70.61579455066062,-33.50105901026579],[-70.61629366582045,-33.49861035699367]]]}},{"type":"Feature","properties":{"comuna":"SanJoaquin","zona":"ZU12","zona_code":"ZU12","nombre":"ZU12","decreto":""},"geometry":{"type":"Polygon","coordinates":[[[-70.61640010977477,-33.4986269721211],[-70.61749109452853,-33.498813020363606],[-70.61696808099639,-33.50109527869635],[-70.61586015433306,-33.50106103854191],[-70.61600884328469,-33.5003890717302],[-70.61620377201484,-33.50041998536203],[-70.61642300792052,-33.499372271630044],[-70.61624239581636,-33.49933389378774],[-70.61640010977477,-33.4986269721211]]]}},{"type":"Feature","properties":{"comuna":"SanJoaquin","zona":"ZU12","zona_code":"ZU12","nombre":"ZU12","decreto":""},"geometry":{"type":"Polygon","coordinates":[[[-70.6167676834284,-33.497456704801],[-70.61775254536245,-33.49763021905145],[-70.61752471515939,-33.49866425298971],[-70.61654801113663,-33.49850929032594],[-70.6167676834284,-33.497456704801]]]}},{"type":"Feature","properties":{"comuna":"SanJoaquin","zona":"AVP","zona_code":"AVP","nombre":"AVP","decreto":""},"geometry":{"type":"Polygon","coordinates":[[[-70.61782272342128,-33.49643685226478],[-70.61799976836866,-33.49647777705969],[-70.61789923306033,-33.49693521646652],[-70.61771942549916,-33.496906862975955],[-70.61782272342128,-33.49643685226478]]]}},{"type":"Feature","properties":{"comuna":"SanJoaquin","zona":"ZU12","zona_code":"ZU12","nombre":"ZU12","decreto":""},"geometry":{"type":"Polygon","coordinates":[[[-70.61782272342128,-33.49643685226478],[-70.61771942549916,-33.496906862975955],[-70.61789923306033,-33.49693521646652],[-70.6177871852614,-33.4974450424741],[-70.61679836645496,-33.49730968127105],[-70.61700731889484,-33.49630843440932],[-70.61782272342128,-33.49643685226478]]]}},{"type":"Feature","properties":{"comuna":"SanJoaquin","zona":"AVP","zona_code":"AVP","nombre":"AVP","decreto":""},"geometry":{"type":"Polygon","coordinates":[[[-70.61834862754644,-33.49652556198063],[-70.61824259372466,-33.49699092744958],[-70.61806323809401,-33.496960263496916],[-70.61816382783665,-33.49650215050092],[-70.61834862754644,-33.49652556198063]]]}},{"type":"Feature","properties":{"comuna":"SanJoaquin","zona":"ZAPR","zona_code":"ZAPR","nombre":"ZAPR","decreto":""},"geometry":{"type":"Polygon","coordinates":[[[-70.61834862754644,-33.49652556198063],[-70.6198107418149,-33.496605780302666],[-70.61955029428324,-33.49772990256385],[-70.61795085285873,-33.497472093386165],[-70.61806323809401,-33.496960263496916],[-70.61824259372466,-33.49699092744958],[-70.61834862754644,-33.49652556198063]]]}},{"type":"Feature","properties":{"comuna":"SanJoaquin","zona":"ZAV","zona_code":"ZAV","nombre":"ZAV","decreto":""},"geometry":{"type":"Polygon","coordinates":[[[-70.62120849195016,-33.4965553044276],[-70.62126967345853,-33.49655298867074],[-70.6209701591202,-33.49791236319447],[-70.62120849195016,-33.4965553044276]]]}},{"type":"Feature","properties":{"comuna":"SanJoaquin","zona":"ZU6","zona_code":"ZU6","nombre":"ZU6","decreto":""},"geometry":{"type":"Polygon","coordinates":[[[-70.62120849195016,-33.4965553044276],[-70.6209701591202,-33.49791236319447],[-70.6205449907785,-33.49785772919559],[-70.62077657092851,-33.49657138127633],[-70.62120849195016,-33.4965553044276]]]}},{"type":"Feature","properties":{"comuna":"SanJoaquin","zona":"ZU12","zona_code":"ZU12","nombre":"ZU12","decreto":""},"geometry":{"type":"Polygon","coordinates":[[[-70.62077657092851,-33.49657138127633],[-70.6205449907785,-33.49785772919559],[-70.61970999212492,-33.49775042603069],[-70.61997405593246,-33.496596289482184],[-70.62077657092851,-33.49657138127633]]]}},{"type":"Feature","properties":{"comuna":"SanJoaquin","zona":"ZAV","zona_code":"ZAV","nombre":"ZAV","decreto":""},"geometry":{"type":"Polygon","coordinates":[[[-70.62094659432547,-33.498046542705744],[-70.62088129752597,-33.49875562957888],[-70.62082199413013,-33.49875599610496],[-70.62094659432547,-33.498046542705744]]]}},{"type":"Feature","properties":{"comuna":"SanJoaquin","zona":"ZU6","zona_code":"ZU6","nombre":"ZU6","decreto":""},"geometry":{"type":"Polygon","coordinates":[[[-70.62082199413013,-33.49875599610496],[-70.61931597032547,-33.498772748566914],[-70.61952154494675,-33.49786341463894],[-70.62094659432547,-33.498046542705744],[-70.62082199413013,-33.49875599610496]]]}},{"type":"Feature","properties":{"comuna":"SanJoaquin","zona":"ZAPR","zona_code":"ZAPR","nombre":"ZAPR","decreto":""},"geometry":{"type":"Polygon","coordinates":[[[-70.61939990168767,-33.49838865325191],[-70.61780327291949,-33.498156009793355],[-70.61791349723225,-33.49765893055841],[-70.61952154494675,-33.49786341463894],[-70.61939990168767,-33.49838865325191]]]}},{"type":"Feature","properties":{"comuna":"SanJoaquin","zona":"ZU6","zona_code":"ZU6","nombre":"ZU6","decreto":""},"geometry":{"type":"Polygon","coordinates":[[[-70.61835522442398,-33.49838871328952],[-70.61819710106266,-33.49836209103527],[-70.61810707326362,-33.49876124094359],[-70.61768332294665,-33.49869027907534],[-70.61780327291949,-33.498156009793355],[-70.61838448778235,-33.498257788392216],[-70.61835522442398,-33.49838871328952]]]}},{"type":"Feature","properties":{"comuna":"SanJoaquin","zona":"ZU2a","zona_code":"ZU2a","nombre":"ZU2a","decreto":""},"geometry":{"type":"Polygon","coordinates":[[[-70.61939990168767,-33.49838865325191],[-70.61931597032547,-33.498772748566914],[-70.62088129752597,-33.49875562957888],[-70.62077755425925,-33.49919393205534],[-70.61810707326362,-33.49876124094359],[-70.61819710106266,-33.49836209103527],[-70.61835522442398,-33.49838871328952],[-70.61838448778235,-33.498257788392216],[-70.61939990168767,-33.49838865325191]]]}},{"type":"Feature","properties":{"comuna":"SanJoaquin","zona":"ZE","zona_code":"ZE","nombre":"ZE","decreto":""},"geometry":{"type":"Polygon","coordinates":[[[-70.61832624224388,-33.498934790836856],[-70.61825318324924,-33.49917402510873],[-70.6184329200595,-33.49921011269573],[-70.61837908905481,-33.49949207402008],[-70.61782907517919,-33.49940537328121],[-70.61796624218923,-33.4988737026495],[-70.61832624224388,-33.498934790836856]]]}},{"type":"Feature","properties":{"comuna":"SanJoaquin","zona":"ZU2a","zona_code":"ZU2a","nombre":"ZU2a","decreto":""},"geometry":{"type":"Polygon","coordinates":[[[-70.61832624224388,-33.498934790836856],[-70.62077409597508,-33.4993507258941],[-70.62045557151426,-33.501191845361646],[-70.61924388267052,-33.50127475902799],[-70.61717121736979,-33.50108637814204],[-70.61765814312676,-33.49882142104024],[-70.61796624218923,-33.4988737026495],[-70.61782907517919,-33.49940537328121],[-70.61837908905481,-33.49949207402008],[-70.6184329200595,-33.49921011269573],[-70.61825318324924,-33.49917402510873],[-70.61832624224388,-33.498934790836856]]]}},{"type":"Feature","properties":{"comuna":"SanJoaquin","zona":"ZU2a","zona_code":"ZU2a","nombre":"ZU2a","decreto":""},"geometry":{"type":"Polygon","coordinates":[[[-70.62303949219933,-33.49741153780177],[-70.62291306212751,-33.49812297760691],[-70.62124520915383,-33.49790720633626],[-70.62136993674453,-33.4971988167882],[-70.62303949219933,-33.49741153780177]]]}},{"type":"Feature","properties":{"comuna":"SanJoaquin","zona":"ZU2a","zona_code":"ZU2a","nombre":"ZU2a","decreto":""},"geometry":{"type":"Polygon","coordinates":[[[-70.62305847861595,-33.4973025409091],[-70.62140220124468,-33.49708963730451],[-70.62147098411904,-33.49664645036705],[-70.62194889602135,-33.49676766313938],[-70.62207089763291,-33.49662829417392],[-70.6231669817979,-33.49667962879301],[-70.62305847861595,-33.4973025409091]]]}},{"type":"Feature","properties":{"comuna":"SanJoaquin","zona":"ZU2a","zona_code":"ZU2a","nombre":"ZU2a","decreto":""},"geometry":{"type":"Polygon","coordinates":[[[-70.6231669817979,-33.49667962879301],[-70.62207089763291,-33.49662829417392],[-70.62194889602135,-33.49676766313938],[-70.62147098411904,-33.49664645036705],[-70.6215149683292,-33.49654300455338],[-70.62320073270713,-33.4964858672478],[-70.6231669817979,-33.49667962879301]]]}},{"type":"Feature","properties":{"comuna":"SanJoaquin","zona":"ZU6","zona_code":"ZU6","nombre":"ZU6","decreto":""},"geometry":{"type":"Polygon","coordinates":[[[-70.62764332614898,-33.49878264157205],[-70.62597412858082,-33.49884386929985],[-70.62502379056617,-33.49887861648238],[-70.62513708055857,-33.49836863134539],[-70.62775133876079,-33.49828356083419],[-70.62764332614898,-33.49878264157205]]]}},{"type":"Feature","properties":{"comuna":"SanJoaquin","zona":"ZU2a","zona_code":"ZU2a","nombre":"ZU2a","decreto":""},"geometry":{"type":"Polygon","coordinates":[[[-70.62492267023946,-33.4992267396908],[-70.62511358930716,-33.499221876907136],[-70.62512086331428,-33.499288142983154],[-70.62731775755019,-33.4991985898474],[-70.62733316642233,-33.49945279772547],[-70.62486203126325,-33.49956317537895],[-70.62492267023946,-33.4992267396908]]]}},{"type":"Feature","properties":{"comuna":"SanJoaquin","zona":"ZU2a","zona_code":"ZU2a","nombre":"ZU2a","decreto":""},"geometry":{"type":"Polygon","coordinates":[[[-70.62479582839856,-33.5001241737473],[-70.62486203126325,-33.49956317537895],[-70.62733316642233,-33.49945279772547],[-70.62731775755019,-33.4991985898474],[-70.62512086331428,-33.499288142983154],[-70.62511358930716,-33.499221876907136],[-70.62492267023946,-33.4992267396908],[-70.62499729458811,-33.498879416773896],[-70.62764332614898,-33.49878264157205],[-70.62736089192428,-33.50017026391861],[-70.62479582839856,-33.5001241737473]]]}},{"type":"Feature","properties":{"comuna":"SanJoaquin","zona":"ZU2a","zona_code":"ZU2a","nombre":"ZU2a","decreto":""},"geometry":{"type":"Polygon","coordinates":[[[-70.62486240988477,-33.49857461064624],[-70.62457526893003,-33.50010541378482],[-70.62344597252854,-33.49989995528716],[-70.62344597003741,-33.50008464768754],[-70.62279523785128,-33.500325029275864],[-70.62313772351156,-33.49837733500691],[-70.62416694855601,-33.498587591648004],[-70.62486240988477,-33.49857461064624]]]}},{"type":"Feature","properties":{"comuna":"SanJoaquin","zona":"ZU2a","zona_code":"ZU2a","nombre":"ZU2a","decreto":""},"geometry":{"type":"Polygon","coordinates":[[[-70.62287550513925,-33.498346159479745],[-70.62248861783378,-33.50047275211649],[-70.62065926967743,-33.50110701537871],[-70.62120129120828,-33.49812972251488],[-70.62287550513925,-33.498346159479745]]]}},{"type":"Feature","properties":{"comuna":"SanJoaquin","zona":"ZU2a","zona_code":"ZU2a","nombre":"ZU2a","decreto":""},"geometry":{"type":"Polygon","coordinates":[[[-70.62522686440052,-33.49662956007179],[-70.62452047082965,-33.49661690130378],[-70.62450054326091,-33.49671736055757],[-70.62346102955875,-33.49654535034437],[-70.62347414717249,-33.4964720000029],[-70.62526554641256,-33.49641601499244],[-70.62522686440052,-33.49662956007179]]]}},{"type":"Feature","properties":{"comuna":"SanJoaquin","zona":"AV","zona_code":"AV","nombre":"AV","decreto":""},"geometry":{"type":"Polygon","coordinates":[[[-70.62375635725056,-33.49824181175161],[-70.6234677545553,-33.498203674039736],[-70.6235172313004,-33.49796072835849],[-70.62380307358251,-33.49801663379372],[-70.62375635725056,-33.49824181175161]]]}},{"type":"Feature","properties":{"comuna":"SanJoaquin","zona":"AV","zona_code":"AV","nombre":"AV","decreto":""},"geometry":{"type":"Polygon","coordinates":[[[-70.62418122386585,-33.498406644946805],[-70.62387090061813,-33.49833518564436],[-70.62392452860605,-33.49803890300997],[-70.62423194905098,-33.498106454784455],[-70.62418122386585,-33.498406644946805]]]}},{"type":"Feature","properties":{"comuna":"SanJoaquin","zona":"ZU2a","zona_code":"ZU2a","nombre":"ZU2a","decreto":""},"geometry":{"type":"Polygon","coordinates":[[[-70.62346102955875,-33.49654535034437],[-70.62450054326091,-33.49671736055757],[-70.62452047082965,-33.49661690130378],[-70.62522686440052,-33.49662956007179],[-70.62489726307773,-33.498367661363865],[-70.62418122386585,-33.498406644946805],[-70.62423194905098,-33.498106454784455],[-70.62392452860605,-33.49803890300997],[-70.62387090061813,-33.49833518564436],[-70.62375635725056,-33.49824181175161],[-70.62380307358251,-33.49801663379372],[-70.6235172313004,-33.49796072835849],[-70.6234677545553,-33.498203674039736],[-70.62317146375408,-33.49816451993191],[-70.62346102955875,-33.49654535034437]]]}},{"type":"Feature","properties":{"comuna":"SanJoaquin","zona":"ZU2a","zona_code":"ZU2a","nombre":"ZU2a","decreto":""},"geometry":{"type":"Polygon","coordinates":[[[-70.62600995881036,-33.49638834963665],[-70.62595147046342,-33.496738468076025],[-70.6254250236552,-33.49669447423699],[-70.62547415526481,-33.49639867201556],[-70.62600995881036,-33.49638834963665]]]}},{"type":"Feature","properties":{"comuna":"SanJoaquin","zona":"ZU2a","zona_code":"ZU2a","nombre":"ZU2a","decreto":""},"geometry":{"type":"Polygon","coordinates":[[[-70.62583156794314,-33.497673527321226],[-70.6252449088303,-33.49767925775592],[-70.6254250236552,-33.49669447423699],[-70.62595147046342,-33.496738468076025],[-70.62583156794314,-33.497673527321226]]]}},{"type":"Feature","properties":{"comuna":"SanJoaquin","zona":"AV","zona_code":"AV","nombre":"AV","decreto":""},"geometry":{"type":"Polygon","coordinates":[[[-70.6276960029534,-33.496476631317606],[-70.62770765172877,-33.49664708320214],[-70.6276006570846,-33.49663655879848],[-70.62759034960229,-33.496478869002004],[-70.6276960029534,-33.496476631317606]]]}},{"type":"Feature","properties":{"comuna":"SanJoaquin","zona":"AV","zona_code":"AV","nombre":"AV","decreto":""},"geometry":{"type":"Polygon","coordinates":[[[-70.62683463477957,-33.496649488668176],[-70.62681986139287,-33.496815246457],[-70.62651893102354,-33.49666269662595],[-70.62662382132778,-33.49666079542918],[-70.62683463477957,-33.496649488668176]]]}},{"type":"Feature","properties":{"comuna":"SanJoaquin","zona":"ZU2a","zona_code":"ZU2a","nombre":"ZU2a","decreto":""},"geometry":{"type":"Polygon","coordinates":[[[-70.62610608103829,-33.49666811659434],[-70.62615771979075,-33.49638344669582],[-70.62804541986469,-33.49631858294098],[-70.62801080235893,-33.49646432506056],[-70.62650880067292,-33.49650176954362],[-70.62651893102354,-33.49666269662595],[-70.62610608103829,-33.49666811659434]]]}},{"type":"Feature","properties":{"comuna":"SanJoaquin","zona":"ZU2a","zona_code":"ZU2a","nombre":"ZU2a","decreto":""},"geometry":{"type":"Polygon","coordinates":[[[-70.62650880067292,-33.49650176954362],[-70.62759034960229,-33.496478869002004],[-70.6276006570846,-33.49663655879848],[-70.62651893102354,-33.49666269662595],[-70.62650880067292,-33.49650176954362]]]}},{"type":"Feature","properties":{"comuna":"SanJoaquin","zona":"ZU2a","zona_code":"ZU2a","nombre":"ZU2a","decreto":""},"geometry":{"type":"Polygon","coordinates":[[[-70.6276960029534,-33.496476631317606],[-70.62801080235893,-33.49646432506056],[-70.62805347965686,-33.49639009613645],[-70.62797463915092,-33.497180414285836],[-70.62681986139287,-33.496815246457],[-70.62683463477957,-33.496649488668176],[-70.62770765172877,-33.49664708320214],[-70.6276960029534,-33.496476631317606]]]}},{"type":"Feature","properties":{"comuna":"SanJoaquin","zona":"AV","zona_code":"AV","nombre":"AV","decreto":""},"geometry":{"type":"Polygon","coordinates":[[[-70.62641463376994,-33.497177073126174],[-70.62642431788339,-33.4973141447405],[-70.62615405093072,-33.49732962394792],[-70.6261439211068,-33.49716869593281],[-70.62641463376994,-33.497177073126174]]]}},{"type":"Feature","properties":{"comuna":"SanJoaquin","zona":"AV","zona_code":"AV","nombre":"AV","decreto":""},"geometry":{"type":"Polygon","coordinates":[[[-70.62724281757373,-33.497679203161454],[-70.62742177658208,-33.49773053862473],[-70.62729867144967,-33.49800058953241],[-70.62688592686165,-33.49801197637768],[-70.62724281757373,-33.497679203161454]]]}},{"type":"Feature","properties":{"comuna":"SanJoaquin","zona":"AV","zona_code":"AV","nombre":"AV","decreto":""},"geometry":{"type":"Polygon","coordinates":[[[-70.62644903955177,-33.497874548078705],[-70.62680740407357,-33.49800107739113],[-70.62652990595079,-33.49801068595891],[-70.62644903955177,-33.497874548078705]]]}},{"type":"Feature","properties":{"comuna":"SanJoaquin","zona":"ZU2a","zona_code":"ZU2a","nombre":"ZU2a","decreto":""},"geometry":{"type":"Polygon","coordinates":[[[-70.62582096518196,-33.49779331487371],[-70.62595147046342,-33.496738468076025],[-70.62649224276328,-33.496758490519284],[-70.62762005450678,-33.497292475242205],[-70.62794057206096,-33.49732976274297],[-70.62776848990109,-33.49817032994367],[-70.62513251772427,-33.49826951687939],[-70.62521904996912,-33.49779193074311],[-70.62582096518196,-33.49779331487371]],[[-70.62642431788339,-33.4973141447405],[-70.62641463376994,-33.497177073126174],[-70.6261439211068,-33.49716869593281],[-70.62615405093072,-33.49732962394792],[-70.62642431788339,-33.4973141447405]],[[-70.62729867144967,-33.49800058953241],[-70.62742177658208,-33.49773053862473],[-70.62724281757373,-33.497679203161454],[-70.62688592686165,-33.49801197637768],[-70.62729867144967,-33.49800058953241]],[[-70.62680740407357,-33.49800107739113],[-70.62661998743154,-33.497878269052684],[-70.62644903955177,-33.497874548078705],[-70.62652990595079,-33.49801068595891],[-70.62680740407357,-33.49800107739113]]]}},{"type":"Feature","properties":{"comuna":"SanJoaquin","zona":"ZU2a","zona_code":"ZU2a","nombre":"ZU2a","decreto":""},"geometry":{"type":"Polygon","coordinates":[[[-70.63715177841895,-33.50107316753287],[-70.63895351633568,-33.50119426674339],[-70.63882514280444,-33.50249782933938],[-70.63586353825241,-33.50229961260817],[-70.63594785959572,-33.5013927622387],[-70.63708104489675,-33.50145676985791],[-70.63715177841895,-33.50107316753287]]]}},{"type":"Feature","properties":{"comuna":"SanJoaquin","zona":"AV","zona_code":"AV","nombre":"AV","decreto":""},"geometry":{"type":"Polygon","coordinates":[[[-70.63700449497915,-33.501063386760784],[-70.63696463506939,-33.50132468831643],[-70.63595830119014,-33.501283618621585],[-70.63598584258024,-33.50099573835425],[-70.63700449497915,-33.501063386760784]]]}},{"type":"Feature","properties":{"comuna":"SanJoaquin","zona":"ZU2a","zona_code":"ZU2a","nombre":"ZU2a","decreto":""},"geometry":{"type":"Polygon","coordinates":[[[-70.63368719893965,-33.5008629109409],[-70.63584412932454,-33.5009863263259],[-70.63571374891252,-33.50228811029036],[-70.63355075863312,-33.502127655089076],[-70.63368719893965,-33.5008629109409]]]}},{"type":"Feature","properties":{"comuna":"SanJoaquin","zona":"ZU6","zona_code":"ZU6","nombre":"ZU6","decreto":""},"geometry":{"type":"Polygon","coordinates":[[[-70.63844240325075,-33.502649756565575],[-70.63880931243423,-33.502675652139956],[-70.6386846058049,-33.50390403619129],[-70.63832623089503,-33.50388212893549],[-70.63844240325075,-33.502649756565575]]]}},{"type":"Feature","properties":{"comuna":"SanJoaquin","zona":"ZU2a","zona_code":"ZU2a","nombre":"ZU2a","decreto":""},"geometry":{"type":"Polygon","coordinates":[[[-70.63827108497986,-33.50263745272956],[-70.63817999770346,-33.50387509983539],[-70.63574144843996,-33.503692672809585],[-70.63587743023915,-33.502475203800216],[-70.63827108497986,-33.50263745272956]]]}},{"type":"Feature","properties":{"comuna":"SanJoaquin","zona":"AV","zona_code":"AV","nombre":"AV","decreto":""},"geometry":{"type":"Polygon","coordinates":[[[-70.63486436665688,-33.50322130044845],[-70.63482565001881,-33.503646243173215],[-70.63416660920598,-33.50360398408464],[-70.6342092198772,-33.50317723428995],[-70.63486436665688,-33.50322130044845]]]}},{"type":"Feature","properties":{"comuna":"SanJoaquin","zona":"ZE","zona_code":"ZE","nombre":"ZE","decreto":""},"geometry":{"type":"Polygon","coordinates":[[[-70.6349144340866,-33.50268867843914],[-70.63485625998032,-33.503130293847306],[-70.63423097393701,-33.50308823612234],[-70.63426314858353,-33.502642052666125],[-70.6349144340866,-33.50268867843914]]]}},{"type":"Feature","properties":{"comuna":"SanJoaquin","zona":"ZU2a","zona_code":"ZU2a","nombre":"ZU2a","decreto":""},"geometry":{"type":"Polygon","coordinates":[[[-70.63493296888255,-33.50365313066034],[-70.63505354179793,-33.50268612806122],[-70.63414093061493,-33.502621816693164],[-70.63406118159168,-33.50357812914868],[-70.63343646805183,-33.50355472398248],[-70.63352482376887,-33.50235412680147],[-70.63567569700653,-33.502463966281056],[-70.63557337655332,-33.503682681559866],[-70.63493296888255,-33.50365313066034]]]}},{"type":"Feature","properties":{"comuna":"SanJoaquin","zona":"ZU2a","zona_code":"ZU2a","nombre":"ZU2a","decreto":""},"geometry":{"type":"Polygon","coordinates":[[[-70.62776130264545,-33.50042235042393],[-70.62952910141291,-33.50057252993087],[-70.62943083101277,-33.50184234263334],[-70.62750417872861,-33.50171112251254],[-70.62776130264545,-33.50042235042393]]]}},{"type":"Feature","properties":{"comuna":"SanJoaquin","zona":"ZU2a","zona_code":"ZU2a","nombre":"ZU2a","decreto":""},"geometry":{"type":"Polygon","coordinates":[[[-70.62746836880773,-33.50189031782532],[-70.62940788185881,-33.50206890696616],[-70.62929447776882,-33.50325972318511],[-70.62720013062147,-33.503107569223005],[-70.62746836880773,-33.50189031782532]]]}},{"type":"Feature","properties":{"comuna":"SanJoaquin","zona":"AV","zona_code":"AV","nombre":"AV","decreto":""},"geometry":{"type":"Polygon","coordinates":[[[-70.63044269778507,-33.501500647898],[-70.63035134767296,-33.50192726905865],[-70.63010557997524,-33.50191001238379],[-70.63014366370999,-33.50148701789122],[-70.63044269778507,-33.501500647898]]]}},{"type":"Feature","properties":{"comuna":"SanJoaquin","zona":"AV","zona_code":"AV","nombre":"AV","decreto":""},"geometry":{"type":"Polygon","coordinates":[[[-70.631118545339,-33.50153145019463],[-70.63014366370999,-33.50148701789122],[-70.63017192928564,-33.501171683940676],[-70.63112985632164,-33.50122349799791],[-70.631118545339,-33.50153145019463]]]}},{"type":"Feature","properties":{"comuna":"SanJoaquin","zona":"ZU2a","zona_code":"ZU2a","nombre":"ZU2a","decreto":""},"geometry":{"type":"Polygon","coordinates":[[[-70.62976670325521,-33.50060963071699],[-70.63349697057237,-33.50084956923148],[-70.63339132647877,-33.50212517808502],[-70.63035155843701,-33.50192628149593],[-70.63044269778507,-33.501500647898],[-70.631118545339,-33.50153145019463],[-70.63112985632164,-33.50122349799791],[-70.63017192928564,-33.501171683940676],[-70.63010616794966,-33.50190347996994],[-70.62964647976473,-33.50186076615922],[-70.62976670325521,-33.50060963071699]]]}},{"type":"Feature","properties":{"comuna":"SanJoaquin","zona":"ZU2a","zona_code":"ZU2a","nombre":"ZU2a","decreto":""},"geometry":{"type":"Polygon","coordinates":[[[-70.63095293060665,-33.5021416629806],[-70.63337261382804,-33.502308887603505],[-70.63325496376194,-33.50351639024506],[-70.63085520818348,-33.50338005405034],[-70.63095293060665,-33.5021416629806]]]}},{"type":"Feature","properties":{"comuna":"SanJoaquin","zona":"AV","zona_code":"AV","nombre":"AV","decreto":""},"geometry":{"type":"Polygon","coordinates":[[[-70.63033470535052,-33.50210565458702],[-70.63021554035807,-33.50333743040492],[-70.6299619332314,-33.503320066565834],[-70.63009225147779,-33.502089715127134],[-70.63033470535052,-33.50210565458702]]]}},{"type":"Feature","properties":{"comuna":"SanJoaquin","zona":"ZU2a","zona_code":"ZU2a","nombre":"ZU2a","decreto":""},"geometry":{"type":"Polygon","coordinates":[[[-70.62992391104076,-33.50331746372567],[-70.62950388363865,-33.503277360558485],[-70.62962557158158,-33.502086555159345],[-70.63009224603496,-33.50208976930803],[-70.6299619332314,-33.503320066565834],[-70.63021554035807,-33.50333743040492],[-70.63033470540124,-33.50210565729182],[-70.6307855409847,-33.502138078952235],[-70.63066759153978,-33.50337239575041],[-70.62992391104076,-33.50331746372567]]]}},{"type":"Feature","properties":{"comuna":"SanJoaquin","zona":"ZU2a","zona_code":"ZU2a","nombre":"ZU2a","decreto":""},"geometry":{"type":"Polygon","coordinates":[[[-70.62717568777872,-33.50325275351465],[-70.62926226475332,-33.5034348071039],[-70.62914357836654,-33.50480517019179],[-70.6268890412403,-33.504620218852374],[-70.62717568777872,-33.50325275351465]]]}},{"type":"Feature","properties":{"comuna":"SanJoaquin","zona":"ZU2a","zona_code":"ZU2a","nombre":"ZU2a","decreto":""},"geometry":{"type":"Polygon","coordinates":[[[-70.62990911270477,-33.50347856406104],[-70.62976645099566,-33.50485970236774],[-70.62935463355608,-33.50483536736168],[-70.62948891849825,-33.50347101067656],[-70.62990911270477,-33.50347856406104]]]}},{"type":"Feature","properties":{"comuna":"SanJoaquin","zona":"AV","zona_code":"AV","nombre":"AV","decreto":""},"geometry":{"type":"Polygon","coordinates":[[[-70.63020324526337,-33.50349743547553],[-70.63006895737283,-33.50488095737293],[-70.62981789291317,-33.50486331726708],[-70.6299502940633,-33.50348120649732],[-70.63020324526337,-33.50349743547553]]]}},{"type":"Feature","properties":{"comuna":"SanJoaquin","zona":"ZU2a","zona_code":"ZU2a","nombre":"ZU2a","decreto":""},"geometry":{"type":"Polygon","coordinates":[[[-70.63064933157432,-33.503531257408675],[-70.63051935569848,-33.504909559977676],[-70.63012094256989,-33.504884610087295],[-70.63024025460538,-33.50349980987064],[-70.63064933157432,-33.503531257408675]]]}},{"type":"Feature","properties":{"comuna":"SanJoaquin","zona":"ZU2a","zona_code":"ZU2a","nombre":"ZU2a","decreto":""},"geometry":{"type":"Polygon","coordinates":[[[-70.63134909428669,-33.503972364847],[-70.63124989323501,-33.50495932248479],[-70.63068640579252,-33.504920066610346],[-70.63075973937431,-33.50393518768016],[-70.63134909428669,-33.503972364847]]]}},{"type":"Feature","properties":{"comuna":"SanJoaquin","zona":"ZU2a","zona_code":"ZU2a","nombre":"ZU2a","decreto":""},"geometry":{"type":"Polygon","coordinates":[[[-70.632046482775,-33.50402028677472],[-70.6319260172762,-33.505005413832876],[-70.63139042394177,-33.50497176191125],[-70.63145686342676,-33.503980520081036],[-70.632046482775,-33.50402028677472]]]}},{"type":"Feature","properties":{"comuna":"SanJoaquin","zona":"ZU2a","zona_code":"ZU2a","nombre":"ZU2a","decreto":""},"geometry":{"type":"Polygon","coordinates":[[[-70.6326534348461,-33.504066298164076],[-70.63253904755595,-33.50504769771594],[-70.63213558638563,-33.505019113482334],[-70.6322073502466,-33.504034179819136],[-70.6326534348461,-33.504066298164076]]]}},{"type":"Feature","properties":{"comuna":"SanJoaquin","zona":"ZU2a","zona_code":"ZU2a","nombre":"ZU2a","decreto":""},"geometry":{"type":"Polygon","coordinates":[[[-70.63275509578386,-33.50406817944958],[-70.63297712014035,-33.504083508153315],[-70.63287944128965,-33.5050708038214],[-70.63269068376222,-33.505059917142496],[-70.63275509578386,-33.50406817944958]]]}},{"type":"Feature","properties":{"comuna":"SanJoaquin","zona":"ZU2a","zona_code":"ZU2a","nombre":"ZU2a","decreto":""},"geometry":{"type":"Polygon","coordinates":[[[-70.63287944128965,-33.5050708038214],[-70.63297712014035,-33.504083508153315],[-70.63075973937431,-33.50393518768016],[-70.63080481702755,-33.50354206948056],[-70.63322464804173,-33.503702369278734],[-70.63311136889213,-33.50507130291686],[-70.63287944128965,-33.5050708038214]]]}},{"type":"Feature","properties":{"comuna":"SanJoaquin","zona":"ZU6","zona_code":"ZU6","nombre":"ZU6","decreto":""},"geometry":{"type":"Polygon","coordinates":[[[-70.638327153335,-33.50404228798516],[-70.6386789068332,-33.504067984793146],[-70.63863988104524,-33.504463895657366],[-70.63825137986633,-33.5044357719251],[-70.638327153335,-33.50404228798516]]]}},{"type":"Feature","properties":{"comuna":"SanJoaquin","zona":"ZAPR","zona_code":"ZAPR","nombre":"ZAPR","decreto":""},"geometry":{"type":"Polygon","coordinates":[[[-70.63863988104524,-33.504463895657366],[-70.63854252397542,-33.50545217608168],[-70.63656072717474,-33.50531609071583],[-70.63667881792162,-33.50475422083618],[-70.63814804094697,-33.50485493895206],[-70.6381899293666,-33.504431898807766],[-70.63863988104524,-33.504463895657366]]]}},{"type":"Feature","properties":{"comuna":"SanJoaquin","zona":"ZAPR","zona_code":"ZAPR","nombre":"ZAPR","decreto":""},"geometry":{"type":"Polygon","coordinates":[[[-70.63818729665955,-33.50443168923387],[-70.63814804094697,-33.50485493895206],[-70.63667881792162,-33.50475422083618],[-70.63682015267068,-33.50434128309961],[-70.63818729665955,-33.50443168923387]]]}},{"type":"Feature","properties":{"comuna":"SanJoaquin","zona":"ZU5","zona_code":"ZU5","nombre":"ZU5","decreto":""},"geometry":{"type":"Polygon","coordinates":[[[-70.63667882808294,-33.504331539629675],[-70.63666642217154,-33.50455524210598],[-70.63654162637431,-33.504754541927845],[-70.63644253209348,-33.505308550262335],[-70.63559285520701,-33.505225473318454],[-70.63568509892704,-33.504265559441286],[-70.63667882808294,-33.504331539629675]]]}},{"type":"Feature","properties":{"comuna":"SanJoaquin","zona":"ZU2a","zona_code":"ZU2a","nombre":"ZU2a","decreto":""},"geometry":{"type":"Polygon","coordinates":[[[-70.63572973310866,-33.50387087833654],[-70.63671709850095,-33.503957927680574],[-70.6366787556337,-33.50433226565001],[-70.63568509892704,-33.504265559441286],[-70.63572973310866,-33.50387087833654]]]}},{"type":"Feature","properties":{"comuna":"SanJoaquin","zona":"ZU2a","zona_code":"ZU2a","nombre":"ZU2a","decreto":""},"geometry":{"type":"Polygon","coordinates":[[[-70.63816428199458,-33.50403183558652],[-70.6381283292307,-33.50442699685917],[-70.6368416315048,-33.504342764125944],[-70.63687373825394,-33.50394295907424],[-70.63816428199458,-33.50403183558652]]]}},{"type":"Feature","properties":{"comuna":"SanJoaquin","zona":"AV","zona_code":"AV","nombre":"AV","decreto":""},"geometry":{"type":"Polygon","coordinates":[[[-70.63333286338273,-33.504460376983864],[-70.63362050606479,-33.5044822612075],[-70.6336055729196,-33.504596989321875],[-70.63332118844811,-33.50456319234838],[-70.63333286338273,-33.504460376983864]]]}},{"type":"Feature","properties":{"comuna":"SanJoaquin","zona":"AV","zona_code":"AV","nombre":"AV","decreto":""},"geometry":{"type":"Polygon","coordinates":[[[-70.63399848139247,-33.50428639005248],[-70.63400018524445,-33.504377038378685],[-70.63372637939692,-33.504356789699756],[-70.6337303700561,-33.50426606625663],[-70.63399848139247,-33.50428639005248]]]}},{"type":"Feature","properties":{"comuna":"SanJoaquin","zona":"AV","zona_code":"AV","nombre":"AV","decreto":""},"geometry":{"type":"Polygon","coordinates":[[[-70.63394525312756,-33.50478816693505],[-70.63393529725278,-33.50486465266984],[-70.6336843587245,-33.50484887380316],[-70.63369974009397,-33.50475800013062],[-70.63394525312756,-33.50478816693505]]]}},{"type":"Feature","properties":{"comuna":"SanJoaquin","zona":"AV","zona_code":"AV","nombre":"AV","decreto":""},"geometry":{"type":"Polygon","coordinates":[[[-70.63411161819354,-33.50454736506539],[-70.634345560712,-33.504568139768345],[-70.63434255627115,-33.50471134334567],[-70.63409722380463,-33.504690719809524],[-70.63411161819354,-33.50454736506539]]]}},{"type":"Feature","properties":{"comuna":"SanJoaquin","zona":"AV","zona_code":"AV","nombre":"AV","decreto":""},"geometry":{"type":"Polygon","coordinates":[[[-70.6347173010769,-33.50434371592321],[-70.63471927481294,-33.50444867615519],[-70.63450811273523,-33.504427602450335],[-70.63452331377924,-33.504327187103414],[-70.6347173010769,-33.50434371592321]]]}},{"type":"Feature","properties":{"comuna":"SanJoaquin","zona":"AV","zona_code":"AV","nombre":"AV","decreto":""},"geometry":{"type":"Polygon","coordinates":[[[-70.63469851596625,-33.504859354873965],[-70.63468874125415,-33.50494538222717],[-70.63442062776407,-33.50492505909267],[-70.63443618778469,-33.504843727848254],[-70.63469851596625,-33.504859354873965]]]}},{"type":"Feature","properties":{"comuna":"SanJoaquin","zona":"AV","zona_code":"AV","nombre":"AV","decreto":""},"geometry":{"type":"Polygon","coordinates":[[[-70.6350142049991,-33.50468339056737],[-70.63498680623233,-33.50474101779466],[-70.63482716835772,-33.504733580920195],[-70.63483160649224,-33.50466671281462],[-70.6350142049991,-33.50468339056737]]]}},{"type":"Feature","properties":{"comuna":"SanJoaquin","zona":"AV","zona_code":"AV","nombre":"AV","decreto":""},"geometry":{"type":"Polygon","coordinates":[[[-70.63546395770933,-33.504888003592015],[-70.63545592349418,-33.50497369508008],[-70.63518456480632,-33.504957926454814],[-70.63519994461343,-33.50486705264431],[-70.63546395770933,-33.504888003592015]]]}},{"type":"Feature","properties":{"comuna":"SanJoaquin","zona":"AV","zona_code":"AV","nombre":"AV","decreto":""},"geometry":{"type":"Polygon","coordinates":[[[-70.63551096515738,-33.50438183622681],[-70.63550016605163,-33.504501771159994],[-70.63523253936116,-33.50448007888185],[-70.63525334512384,-33.50437481703697],[-70.63551096515738,-33.50438183622681]]]}},{"type":"Feature","properties":{"comuna":"SanJoaquin","zona":"ZU2a","zona_code":"ZU2a","nombre":"ZU2a","decreto":""},"geometry":{"type":"Polygon","coordinates":[[[-70.63340016775253,-33.503732063171604],[-70.63554819149964,-33.50385599309885],[-70.63551096515738,-33.50438183622681],[-70.63525334512384,-33.50437481703697],[-70.63523253936116,-33.50448007888185],[-70.63550016605163,-33.504501771159994],[-70.63546395770933,-33.504888003592015],[-70.63519994461343,-33.50486705264431],[-70.63518456480632,-33.504957926454814],[-70.63545592349418,-33.50497369508008],[-70.63543263723197,-33.50522209767984],[-70.63330362239508,-33.505096772180984],[-70.63332118844811,-33.50456319234838],[-70.6336055729196,-33.504596989321875],[-70.63362050606479,-33.5044822612075],[-70.63333286338273,-33.504460376983864],[-70.63340016775253,-33.503732063171604]],[[-70.63399848139247,-33.50428639005248],[-70.6337303700561,-33.50426606625663],[-70.63372637939692,-33.504356789699756],[-70.63400018524445,-33.504377038378685],[-70.63399848139247,-33.50428639005248]],[[-70.63450811273523,-33.504427602450335],[-70.63471927481294,-33.50444867615519],[-70.6347173010769,-33.50434371592321],[-70.63452331377924,-33.504327187103414],[-70.63450811273523,-33.504427602450335]],[[-70.634345560712,-33.504568139768345],[-70.63411161819354,-33.50454736506539],[-70.63409722380463,-33.504690719809524],[-70.63434255627115,-33.50471134334567],[-70.634345560712,-33.504568139768345]],[[-70.63482716835772,-33.504733580920195],[-70.63498680623233,-33.50474101779466],[-70.6350142049991,-33.50468339056737],[-70.63483160649224,-33.50466671281462],[-70.63482716835772,-33.504733580920195]],[[-70.63369974009397,-33.50475800013062],[-70.6336843587245,-33.50484887380316],[-70.63393529725278,-33.50486465266984],[-70.63394525312756,-33.50478816693505],[-70.63369974009397,-33.50475800013062]],[[-70.63442062776407,-33.50492505909267],[-70.63468874125415,-33.50494538222717],[-70.63469851596625,-33.504859354873965],[-70.63443618778469,-33.504843727848254],[-70.63442062776407,-33.50492505909267]]]}},{"type":"Feature","properties":{"comuna":"SanJoaquin","zona":"ZU12","zona_code":"ZU12","nombre":"ZU12","decreto":""},"geometry":{"type":"Polygon","coordinates":[[[-70.63801813502776,-33.50557354559241],[-70.63852824622458,-33.50562537806853],[-70.63839162738552,-33.506809861542756],[-70.63824586646784,-33.506916001047266],[-70.63764630047713,-33.50691037815204],[-70.63770001735634,-33.50581373659102],[-70.6379927249476,-33.50583602245097],[-70.63801813502776,-33.50557354559241]]]}},{"type":"Feature","properties":{"comuna":"SanJoaquin","zona":"ZU4","zona_code":"ZU4","nombre":"ZU4","decreto":""},"geometry":{"type":"Polygon","coordinates":[[[-70.63764630047713,-33.50691037815204],[-70.63666106120037,-33.5068914231696],[-70.63673296815254,-33.505476610400684],[-70.63801787770238,-33.50556703064559],[-70.6379927249476,-33.50583602245097],[-70.63770001735634,-33.50581373659102],[-70.63764630047713,-33.50691037815204]]]}},{"type":"Feature","properties":{"comuna":"SanJoaquin","zona":"ZU2a","zona_code":"ZU2a","nombre":"ZU2a","decreto":""},"geometry":{"type":"Polygon","coordinates":[[[-70.63666715598563,-33.50677150887816],[-70.6366583257011,-33.50695007847519],[-70.63637600687885,-33.50695093364012],[-70.63639493806586,-33.50675986936621],[-70.63666715598563,-33.50677150887816]]]}},{"type":"Feature","properties":{"comuna":"SanJoaquin","zona":"ZU2a","zona_code":"ZU2a","nombre":"ZU2a","decreto":""},"geometry":{"type":"Polygon","coordinates":[[[-70.63627200934329,-33.506709129241216],[-70.63627476160127,-33.506951240416846],[-70.63543245621584,-33.50693919629894],[-70.63544717381596,-33.50677942589818],[-70.6355589225113,-33.506791826624365],[-70.63556738136785,-33.50668316290526],[-70.63627200934329,-33.506709129241216]]]}},{"type":"Feature","properties":{"comuna":"SanJoaquin","zona":"ZU2a","zona_code":"ZU2a","nombre":"ZU2a","decreto":""},"geometry":{"type":"Polygon","coordinates":[[[-70.63652350408422,-33.50546228771062],[-70.63673296815254,-33.505476610400684],[-70.63666715598563,-33.50677150887816],[-70.63639493806586,-33.50675986936621],[-70.63652350408422,-33.50546228771062]]]}},{"type":"Feature","properties":{"comuna":"SanJoaquin","zona":"ZU2a","zona_code":"ZU2a","nombre":"ZU2a","decreto":""},"geometry":{"type":"Polygon","coordinates":[[[-70.63643037142573,-33.5054532482564],[-70.63639410062744,-33.505815253383645],[-70.63554179629287,-33.50576689668065],[-70.63560385866626,-33.50540035229473],[-70.63643037142573,-33.5054532482564]]]}},{"type":"Feature","properties":{"comuna":"SanJoaquin","zona":"AV","zona_code":"AV","nombre":"AV","decreto":""},"geometry":{"type":"Polygon","coordinates":[[[-70.63634934866873,-33.50615911680306],[-70.63631732634217,-33.50651677669996],[-70.63621509404912,-33.50651912284701],[-70.63624239436048,-33.50615369394772],[-70.63634934866873,-33.50615911680306]]]}},{"type":"Feature","properties":{"comuna":"SanJoaquin","zona":"ZU2a","zona_code":"ZU2a","nombre":"ZU2a","decreto":""},"geometry":{"type":"Polygon","coordinates":[[[-70.63552905130132,-33.50590104561745],[-70.63637049319303,-33.5059229386081],[-70.63634934866873,-33.50615911680306],[-70.63624239436048,-33.50615369394772],[-70.63621509404912,-33.50651912284701],[-70.63631732634217,-33.50651677669996],[-70.63630000529862,-33.50671023387029],[-70.63556738136785,-33.50668316290526],[-70.6355589225113,-33.506791826624365],[-70.63544717381596,-33.50677942589818],[-70.63552905130132,-33.50590104561745]]]}},{"type":"Feature","properties":{"comuna":"SanJoaquin","zona":"ZU2a","zona_code":"ZU2a","nombre":"ZU2a","decreto":""},"geometry":{"type":"Polygon","coordinates":[[[-70.63451826267399,-33.5067810507198],[-70.63473362360713,-33.50677574206278],[-70.63474637189461,-33.506640897855725],[-70.63529607006792,-33.506680097927045],[-70.63527384152493,-33.50694127248291],[-70.6345048980862,-33.50693122856431],[-70.63451826267399,-33.5067810507198]]]}},{"type":"Feature","properties":{"comuna":"SanJoaquin","zona":"ZU2a","zona_code":"ZU2a","nombre":"ZU2a","decreto":""},"geometry":{"type":"Polygon","coordinates":[[[-70.63436447926411,-33.506929393958096],[-70.63388806491804,-33.50692413432874],[-70.63386665301952,-33.506756035288795],[-70.63440317096865,-33.50677485890555],[-70.63436447926411,-33.506929393958096]]]}},{"type":"Feature","properties":{"comuna":"SanJoaquin","zona":"ZU2a","zona_code":"ZU2a","nombre":"ZU2a","decreto":""},"geometry":{"type":"Polygon","coordinates":[[[-70.63502740961675,-33.5053603765886],[-70.63490804195993,-33.506652427461134],[-70.63474637189461,-33.506640897855725],[-70.63487073536159,-33.50534968297658],[-70.63502740961675,-33.5053603765886]]]}},{"type":"Feature","properties":{"comuna":"SanJoaquin","zona":"AV","zona_code":"AV","nombre":"AV","decreto":""},"geometry":{"type":"Polygon","coordinates":[[[-70.63535180408141,-33.506085984585766],[-70.63531581513435,-33.50646848318148],[-70.63519296939069,-33.50646461835744],[-70.63523708990874,-33.50608465025725],[-70.63535180408141,-33.506085984585766]]]}},{"type":"Feature","properties":{"comuna":"SanJoaquin","zona":"ZU2a","zona_code":"ZU2a","nombre":"ZU2a","decreto":""},"geometry":{"type":"Polygon","coordinates":[[[-70.63502740961675,-33.5053603765886],[-70.63541574203218,-33.50540103798819],[-70.63535177608243,-33.50608598405361],[-70.63523708990874,-33.50608465025725],[-70.63519296939069,-33.50646461835744],[-70.63531581405812,-33.50646848319569],[-70.63529607006792,-33.506680097927045],[-70.63490804195993,-33.506652427461134],[-70.63502740961675,-33.5053603765886]]]}},{"type":"Feature","properties":{"comuna":"SanJoaquin","zona":"ZU2a","zona_code":"ZU2a","nombre":"ZU2a","decreto":""},"geometry":{"type":"MultiPolygon","coordinates":[[[[-70.63465391689887,-33.50533488332972],[-70.63487073536159,-33.50534968297658],[-70.63473362360713,-33.50677574206278],[-70.634518320774,-33.50678104905127],[-70.63465391689887,-33.50533488332972]]],[[[-70.634518320774,-33.50678104905127],[-70.63451718550016,-33.50679315202467],[-70.63451826267399,-33.5067810507198],[-70.634518320774,-33.50678104905127]]]]}},{"type":"Feature","properties":{"comuna":"SanJoaquin","zona":"AV","zona_code":"AV","nombre":"AV","decreto":""},"geometry":{"type":"Polygon","coordinates":[[[-70.63382384867543,-33.5056385469984],[-70.63378627214253,-33.50592444433265],[-70.63367036264124,-33.50592279064117],[-70.63372037517584,-33.50562864358995],[-70.63382384867543,-33.5056385469984]]]}},{"type":"Feature","properties":{"comuna":"SanJoaquin","zona":"AV","zona_code":"AV","nombre":"AV","decreto":""},"geometry":{"type":"Polygon","coordinates":[[[-70.63393483993381,-33.50618378961872],[-70.63402565342872,-33.50618653617141],[-70.63400147190269,-33.5064910796122],[-70.63389914119387,-33.506483383380406],[-70.63393483993381,-33.50618378961872]]]}},{"type":"Feature","properties":{"comuna":"SanJoaquin","zona":"ZU2a","zona_code":"ZU2a","nombre":"ZU2a","decreto":""},"geometry":{"type":"Polygon","coordinates":[[[-70.63402565342872,-33.50618653617141],[-70.63393483993381,-33.50618378961872],[-70.63404095670855,-33.5052932132713],[-70.63454987416165,-33.505327781960354],[-70.63441034416176,-33.50677511055036],[-70.63386665301952,-33.506756035288795],[-70.63402565342872,-33.50618653617141]]]}},{"type":"Feature","properties":{"comuna":"SanJoaquin","zona":"AV","zona_code":"AV","nombre":"AV","decreto":""},"geometry":{"type":"Polygon","coordinates":[[[-70.6337018913382,-33.506566440179576],[-70.63366707555514,-33.5068605950755],[-70.63357692779897,-33.50686174797889],[-70.63361392456918,-33.50655703649209],[-70.6337018913382,-33.506566440179576]]]}},{"type":"Feature","properties":{"comuna":"SanJoaquin","zona":"ZU2a","zona_code":"ZU2a","nombre":"ZU2a","decreto":""},"geometry":{"type":"Polygon","coordinates":[[[-70.63312705309507,-33.50690794854798],[-70.63311877224265,-33.50671495101839],[-70.63359092595887,-33.506746457771456],[-70.63357692779897,-33.50686174797889],[-70.63366707555514,-33.5068605950755],[-70.63312705309507,-33.50690794854798]]]}},{"type":"Feature","properties":{"comuna":"SanJoaquin","zona":"ZU2a","zona_code":"ZU2a","nombre":"ZU2a","decreto":""},"geometry":{"type":"Polygon","coordinates":[[[-70.63311782201382,-33.5067239068962],[-70.63328278092224,-33.505244612738416],[-70.6338706952905,-33.5052821222726],[-70.63382384867543,-33.5056385469984],[-70.63372037517584,-33.50562864358995],[-70.63367036264124,-33.50592279064117],[-70.63378627214253,-33.50592444433265],[-70.6337018913382,-33.506566440179576],[-70.63361392456918,-33.50655703649209],[-70.63359092595887,-33.506746457771456],[-70.63311782201382,-33.5067239068962]]]}},{"type":"Feature","properties":{"comuna":"SanJoaquin","zona":"ZE","zona_code":"ZE","nombre":"ZE","decreto":""},"geometry":{"type":"Polygon","coordinates":[[[-70.6323571255484,-33.505179542624454],[-70.63308911340744,-33.505254484584825],[-70.63290893161627,-33.50693332023228],[-70.63198919421964,-33.50693292396026],[-70.63199825028127,-33.506713805721745],[-70.63188134722024,-33.506709631152184],[-70.63199887118137,-33.50542413862003],[-70.63232434549641,-33.505447555530395],[-70.6323571255484,-33.505179542624454]]]}},{"type":"Feature","properties":{"comuna":"SanJoaquin","zona":"ZU2a","zona_code":"ZU2a","nombre":"ZU2a","decreto":""},"geometry":{"type":"Polygon","coordinates":[[[-70.63165443240142,-33.506845143958074],[-70.63186741390103,-33.50686204107434],[-70.63188134722024,-33.506709631152184],[-70.63199825028127,-33.506713805721745],[-70.63198919421964,-33.50693292396026],[-70.63164641247312,-33.50693145821051],[-70.63165443240142,-33.506845143958074]]]}},{"type":"Feature","properties":{"comuna":"SanJoaquin","zona":"ZU2a","zona_code":"ZU2a","nombre":"ZU2a","decreto":""},"geometry":{"type":"Polygon","coordinates":[[[-70.63119024678105,-33.50676222663259],[-70.63158054868231,-33.50679274029069],[-70.63156212781169,-33.50695810532845],[-70.63119386919976,-33.50697637027118],[-70.63119024678105,-33.50676222663259]]]}},{"type":"Feature","properties":{"comuna":"SanJoaquin","zona":"ZU2a","zona_code":"ZU2a","nombre":"ZU2a","decreto":""},"geometry":{"type":"Polygon","coordinates":[[[-70.63108071195943,-33.506808458014056],[-70.63103991885558,-33.50700593382209],[-70.63066469523167,-33.50703162071275],[-70.63066395992787,-33.506844775910984],[-70.63108071195943,-33.506808458014056]]]}},{"type":"Feature","properties":{"comuna":"SanJoaquin","zona":"ZU2a","zona_code":"ZU2a","nombre":"ZU2a","decreto":""},"geometry":{"type":"Polygon","coordinates":[[[-70.6305832593454,-33.50690606009613],[-70.63055479192386,-33.50704154198448],[-70.63020904913063,-33.5070591829401],[-70.63018911059825,-33.50694194627062],[-70.6305832593454,-33.50690606009613]]]}},{"type":"Feature","properties":{"comuna":"SanJoaquin","zona":"ZU2a","zona_code":"ZU2a","nombre":"ZU2a","decreto":""},"geometry":{"type":"Polygon","coordinates":[[[-70.6301072332003,-33.50700215263388],[-70.63008378238966,-33.50707080302438],[-70.62965508762353,-33.50709808968217],[-70.62966391590972,-33.50700747222538],[-70.62977352773918,-33.5070036464751],[-70.62979063729705,-33.50680806446475],[-70.63000842267175,-33.506820644984614],[-70.62998928001463,-33.50699808299025],[-70.6301072332003,-33.50700215263388]]]}},{"type":"Feature","properties":{"comuna":"SanJoaquin","zona":"ZU2a","zona_code":"ZU2a","nombre":"ZU2a","decreto":""},"geometry":{"type":"Polygon","coordinates":[[[-70.62960317045363,-33.50687298664125],[-70.62957992573318,-33.50709649215755],[-70.62913394246081,-33.50712122686381],[-70.62915150722063,-33.50694502988122],[-70.62960317045363,-33.50687298664125]]]}},{"type":"Feature","properties":{"comuna":"SanJoaquin","zona":"ZE","zona_code":"ZE","nombre":"ZE","decreto":""},"geometry":{"type":"Polygon","coordinates":[[[-70.63025508264397,-33.505450835694845],[-70.6302224900193,-33.50577643414081],[-70.6297810487246,-33.505748788550264],[-70.62980836916529,-33.5054419597186],[-70.63025508264397,-33.505450835694845]]]}},{"type":"Feature","properties":{"comuna":"SanJoaquin","zona":"AV","zona_code":"AV","nombre":"AV","decreto":""},"geometry":{"type":"Polygon","coordinates":[[[-70.6300537038416,-33.5050225978773],[-70.62996018269244,-33.50545282200969],[-70.62980836916529,-33.5054419597186],[-70.62980533352008,-33.50500502059677],[-70.6300537038416,-33.5050225978773]]]}},{"type":"Feature","properties":{"comuna":"SanJoaquin","zona":"AV","zona_code":"AV","nombre":"AV","decreto":""},"geometry":{"type":"Polygon","coordinates":[[[-70.63041495701825,-33.5054741536935],[-70.63077419247914,-33.505493284918344],[-70.63074023402889,-33.50580869374157],[-70.63038099834063,-33.505789562444065],[-70.63041495701825,-33.5054741536935]]]}},{"type":"Feature","properties":{"comuna":"SanJoaquin","zona":"ZU2a","zona_code":"ZU2a","nombre":"ZU2a","decreto":""},"geometry":{"type":"Polygon","coordinates":[[[-70.62934123550501,-33.50498882339774],[-70.62980533352008,-33.50500502059677],[-70.6297812729016,-33.505748802735155],[-70.6302224900193,-33.50577643414081],[-70.63025508264397,-33.505450835694845],[-70.62996254361943,-33.505429637596045],[-70.6300537038416,-33.5050225978773],[-70.6323571255484,-33.505179542624454],[-70.63232434549641,-33.505447555530395],[-70.63199887118137,-33.50542413862003],[-70.63186741390103,-33.50686204107434],[-70.63119024678105,-33.50676222663259],[-70.6301072332003,-33.50700215263388],[-70.62998928001463,-33.50699808299025],[-70.63000842267175,-33.506820644984614],[-70.62979063729705,-33.50680806446475],[-70.62977352773918,-33.5070036464751],[-70.62966391590972,-33.50700747222538],[-70.62960317045363,-33.50687298664125],[-70.62915150722063,-33.50694502988122],[-70.62934123550501,-33.50498882339774]],[[-70.63038099834063,-33.505789562444065],[-70.63074023402889,-33.50580869374157],[-70.63077419247914,-33.505493284918344],[-70.63041495701825,-33.5054741536935],[-70.63038099834063,-33.505789562444065]]]}},{"type":"Feature","properties":{"comuna":"SanJoaquin","zona":"ZU2a","zona_code":"ZU2a","nombre":"ZU2a","decreto":""},"geometry":{"type":"Polygon","coordinates":[[[-70.62784797308018,-33.50708198986546],[-70.6280202460176,-33.50707921700549],[-70.62805180079471,-33.506788275243416],[-70.62840982946484,-33.506810408722636],[-70.62842641926264,-33.50663857861988],[-70.62896199913845,-33.50667198365851],[-70.62889568002961,-33.507132656346286],[-70.62790055782533,-33.507207719610264],[-70.62784797308018,-33.50708198986546]]]}},{"type":"Feature","properties":{"comuna":"SanJoaquin","zona":"ZU8","zona_code":"ZU8","nombre":"ZU8","decreto":""},"geometry":{"type":"Polygon","coordinates":[[[-70.62776346733389,-33.50676911708003],[-70.62772200202656,-33.50721951462541],[-70.62672461394612,-33.50727865855671],[-70.62635372246777,-33.50721446315506],[-70.62652062389252,-33.50663149331294],[-70.62776346733389,-33.50676911708003]]]}},{"type":"Feature","properties":{"comuna":"SanJoaquin","zona":"ZU2a","zona_code":"ZU2a","nombre":"ZU2a","decreto":""},"geometry":{"type":"Polygon","coordinates":[[[-70.62792832869164,-33.50488114249996],[-70.62776346733389,-33.50676911708003],[-70.62652062389252,-33.50663149331294],[-70.62686087040073,-33.504765325775175],[-70.62792832869164,-33.50488114249996]]]}},{"type":"Feature","properties":{"comuna":"SanJoaquin","zona":"ZU2a","zona_code":"ZU2a","nombre":"ZU2a","decreto":""},"geometry":{"type":"Polygon","coordinates":[[[-70.62807898684228,-33.50489078590835],[-70.62912266711601,-33.50498016492039],[-70.62896199913845,-33.50667198365851],[-70.62842641926264,-33.50663857861988],[-70.62840982946484,-33.506810408722636],[-70.62805180079471,-33.506788275243416],[-70.6280202460176,-33.50707921700549],[-70.62784797308018,-33.50708198986546],[-70.62807898684228,-33.50489078590835]]]}},{"type":"Feature","properties":{"comuna":"SanJoaquin","zona":"ZU12","zona_code":"ZU12","nombre":"ZU12","decreto":""},"geometry":{"type":"Polygon","coordinates":[[[-70.61636194372252,-33.501323057681745],[-70.61692648025324,-33.50134135401946],[-70.61657801187145,-33.503038686239336],[-70.61556862824273,-33.50288559336907],[-70.61582569183597,-33.50171337679747],[-70.61632063220425,-33.501741122146946],[-70.61636194372252,-33.501323057681745]]]}},{"type":"Feature","properties":{"comuna":"SanJoaquin","zona":"ZAV","zona_code":"ZAV","nombre":"ZAV","decreto":""},"geometry":{"type":"Polygon","coordinates":[[[-70.61636194372252,-33.501323057681745],[-70.61632063220425,-33.501741122146946],[-70.61582569183597,-33.50171337679747],[-70.61556862824273,-33.50288559336907],[-70.61535845826953,-33.50285371514727],[-70.61569714621267,-33.501301509627176],[-70.61636194372252,-33.501323057681745]]]}},{"type":"Feature","properties":{"comuna":"SanJoaquin","zona":"ZU12","zona_code":"ZU12","nombre":"ZU12","decreto":""},"geometry":{"type":"Polygon","coordinates":[[[-70.61654040891905,-33.50322180343336],[-70.61631366268583,-33.504363202526626],[-70.61527558604169,-33.504221842226144],[-70.61552973125839,-33.503062965421634],[-70.61654040891905,-33.50322180343336]]]}},{"type":"Feature","properties":{"comuna":"SanJoaquin","zona":"ZAV","zona_code":"ZAV","nombre":"ZAV","decreto":""},"geometry":{"type":"Polygon","coordinates":[[[-70.61531958832691,-33.50303105883243],[-70.61552973125839,-33.503062965421634],[-70.61527558604169,-33.504221842226144],[-70.61506306044717,-33.504192899955385],[-70.61531958832691,-33.50303105883243]]]}},{"type":"Feature","properties":{"comuna":"SanJoaquin","zona":"ZU2a","zona_code":"ZU2a","nombre":"ZU2a","decreto":""},"geometry":{"type":"Polygon","coordinates":[[[-70.61632346696685,-33.50446502751434],[-70.61630967514746,-33.50492913781516],[-70.61489415858615,-33.50497247485908],[-70.61504167297981,-33.50429047836148],[-70.61632346696685,-33.50446502751434]]]}},{"type":"Feature","properties":{"comuna":"SanJoaquin","zona":"ZU2a","zona_code":"ZU2a","nombre":"ZU2a","decreto":""},"geometry":{"type":"Polygon","coordinates":[[[-70.61825271869957,-33.50145955937771],[-70.61789816224461,-33.503181566208056],[-70.61678983752138,-33.50307081221232],[-70.6171434605718,-33.50134838477095],[-70.61825271869957,-33.50145955937771]]]}},{"type":"Feature","properties":{"comuna":"SanJoaquin","zona":"ZU2a","zona_code":"ZU2a","nombre":"ZU2a","decreto":""},"geometry":{"type":"Polygon","coordinates":[[[-70.62729863765165,-33.50044246160663],[-70.62702475906298,-33.501698944049544],[-70.62454630347594,-33.50134973308764],[-70.62473857022368,-33.50039497907411],[-70.62729863765165,-33.50044246160663]]]}},{"type":"Feature","properties":{"comuna":"SanJoaquin","zona":"ZU2a","zona_code":"ZU2a","nombre":"ZU2a","decreto":""},"geometry":{"type":"Polygon","coordinates":[[[-70.62371557520213,-33.50027446388276],[-70.62451658146311,-33.50037476869746],[-70.62434196933513,-33.501318353602414],[-70.6228815119633,-33.501126534660585],[-70.62297788048285,-33.500559871699735],[-70.62371557520213,-33.50027446388276]]]}},{"type":"Feature","properties":{"comuna":"SanJoaquin","zona":"AV","zona_code":"AV","nombre":"AV","decreto":""},"geometry":{"type":"Polygon","coordinates":[[[-70.62244417773361,-33.50078317340978],[-70.62239391629456,-33.501060326932134],[-70.62213172878816,-33.5009041271827],[-70.62228620869989,-33.5008443261605],[-70.62244417773361,-33.50078317340978]]]}},{"type":"Feature","properties":{"comuna":"SanJoaquin","zona":"ZU6","zona_code":"ZU6","nombre":"ZU6","decreto":""},"geometry":{"type":"Polygon","coordinates":[[[-70.62297877875677,-33.50057264416787],[-70.6228815119633,-33.501126534660585],[-70.62269022402215,-33.50109992980566],[-70.62273689093011,-33.50066985791835],[-70.62297877875677,-33.50057264416787]]]}},{"type":"Feature","properties":{"comuna":"SanJoaquin","zona":"ZU2a","zona_code":"ZU2a","nombre":"ZU2a","decreto":""},"geometry":{"type":"Polygon","coordinates":[[[-70.62594288337434,-33.50172265125311],[-70.62699416753557,-33.501893653276376],[-70.62673464157898,-33.50310190639968],[-70.62567872891972,-33.502920917794185],[-70.62594288337434,-33.50172265125311]]]}},{"type":"Feature","properties":{"comuna":"SanJoaquin","zona":"ZU2a","zona_code":"ZU2a","nombre":"ZU2a","decreto":""},"geometry":{"type":"Polygon","coordinates":[[[-70.62443258638302,-33.50198418185784],[-70.62572766520289,-33.50217092108462],[-70.62558918524925,-33.50287138712217],[-70.62432748278727,-33.50268154949422],[-70.62443258638302,-33.50198418185784]]]}},{"type":"Feature","properties":{"comuna":"SanJoaquin","zona":"ZU2a","zona_code":"ZU2a","nombre":"ZU2a","decreto":""},"geometry":{"type":"Polygon","coordinates":[[[-70.62552013827188,-33.5016631863049],[-70.62545403907113,-33.50200748734981],[-70.62445327224032,-33.50186047547553],[-70.6245368648573,-33.501527148808684],[-70.62552013827188,-33.5016631863049]]]}},{"type":"Feature","properties":{"comuna":"SanJoaquin","zona":"AV","zona_code":"AV","nombre":"AV","decreto":""},"geometry":{"type":"Polygon","coordinates":[[[-70.62560798555009,-33.50167554367182],[-70.62583144284129,-33.501706975765906],[-70.62575424420874,-33.50206916417449],[-70.62552939668498,-33.50203930674661],[-70.62560798555009,-33.50167554367182]]]}},{"type":"Feature","properties":{"comuna":"SanJoaquin","zona":"AV","zona_code":"AV","nombre":"AV","decreto":""},"geometry":{"type":"Polygon","coordinates":[[[-70.6240731523891,-33.5027694346792],[-70.62281493023943,-33.50284164156446],[-70.62267870361538,-33.50284945850062],[-70.6227221459041,-33.50257301472124],[-70.6240731523891,-33.5027694346792]]]}},{"type":"Feature","properties":{"comuna":"SanJoaquin","zona":"AV","zona_code":"AV","nombre":"AV","decreto":""},"geometry":{"type":"Polygon","coordinates":[[[-70.62381407798661,-33.50202183784854],[-70.62372706416151,-33.502395206524085],[-70.62349575406549,-33.5023624468912],[-70.62358250157443,-33.5019747654216],[-70.62381407798661,-33.50202183784854]]]}},{"type":"Feature","properties":{"comuna":"SanJoaquin","zona":"ZU2a","zona_code":"ZU2a","nombre":"ZU2a","decreto":""},"geometry":{"type":"Polygon","coordinates":[[[-70.62263077363075,-33.50127753254036],[-70.62292192519106,-33.50140243633705],[-70.624293505714,-33.50158269996969],[-70.6240731523891,-33.5027694346792],[-70.6227221459041,-33.50257301472124],[-70.62267870361538,-33.50284945850062],[-70.62224637861162,-33.502872133191005],[-70.62263077363075,-33.50127753254036]],[[-70.62381407798661,-33.50202183784854],[-70.62358250157443,-33.5019747654216],[-70.62349575406549,-33.5023624468912],[-70.62372706416151,-33.502395206524085],[-70.62381407798661,-33.50202183784854]]]}},{"type":"Feature","properties":{"comuna":"SanJoaquin","zona":"AV","zona_code":"AV","nombre":"AV","decreto":""},"geometry":{"type":"Polygon","coordinates":[[[-70.62028344118622,-33.50202117145393],[-70.62026367150887,-33.502135559343124],[-70.61931137161802,-33.50203067412226],[-70.61934340789666,-33.50191572379011],[-70.62028344118622,-33.50202117145393]]]}},{"type":"Feature","properties":{"comuna":"SanJoaquin","zona":"AV","zona_code":"AV","nombre":"AV","decreto":""},"geometry":{"type":"Polygon","coordinates":[[[-70.61915480043855,-33.5023405256628],[-70.61913130553465,-33.50245536429923],[-70.61822333435276,-33.502344258519194],[-70.61824732822723,-33.502217705144076],[-70.61915480043855,-33.5023405256628]]]}},{"type":"Feature","properties":{"comuna":"SanJoaquin","zona":"AV","zona_code":"AV","nombre":"AV","decreto":""},"geometry":{"type":"Polygon","coordinates":[[[-70.61964842603064,-33.50310599570451],[-70.61908292162894,-33.50313520020892],[-70.61909778978332,-33.502949720026315],[-70.61961179807803,-33.5030217411585],[-70.61964842603064,-33.50310599570451]]]}},{"type":"Feature","properties":{"comuna":"SanJoaquin","zona":"ZU2a","zona_code":"ZU2a","nombre":"ZU2a","decreto":""},"geometry":{"type":"Polygon","coordinates":[[[-70.6183811944501,-33.501511658430026],[-70.62037575712498,-33.501491457779345],[-70.62028344118622,-33.50202117145393],[-70.61934340789666,-33.50191572379011],[-70.61931137161802,-33.50203067412226],[-70.62026367150887,-33.502135559343124],[-70.62010384135208,-33.50308472077799],[-70.61964842603064,-33.50310599570451],[-70.61961179807803,-33.5030217411585],[-70.61909778978332,-33.502949720026315],[-70.61908292162894,-33.50313520020892],[-70.61806320420973,-33.50318881371701],[-70.61822333435276,-33.502344258519194],[-70.61913130553465,-33.50245536429923],[-70.61915480043855,-33.5023405256628],[-70.61824732822723,-33.502217705144076],[-70.6183811944501,-33.501511658430026]]]}},{"type":"Feature","properties":{"comuna":"SanJoaquin","zona":"AV","zona_code":"AV","nombre":"AV","decreto":""},"geometry":{"type":"MultiPolygon","coordinates":[[[[-70.6217501639535,-33.50131038570015],[-70.62124781755942,-33.50124464163585],[-70.62161238689312,-33.50110440676146],[-70.6217501639535,-33.50131038570015]]],[[[-70.62161238689312,-33.50110440676146],[-70.62161111348813,-33.50110250345098],[-70.62171464904918,-33.50106506969587],[-70.62161238689312,-33.50110440676146]]]]}},{"type":"Feature","properties":{"comuna":"SanJoaquin","zona":"AV","zona_code":"AV","nombre":"AV","decreto":""},"geometry":{"type":"Polygon","coordinates":[[[-70.62192488459634,-33.500984199447814],[-70.62216128177921,-33.50116273824195],[-70.62236125067524,-33.50125940374354],[-70.62171464904918,-33.50106506969587],[-70.62192488459634,-33.500984199447814]]]}},{"type":"Feature","properties":{"comuna":"SanJoaquin","zona":"AV","zona_code":"AV","nombre":"AV","decreto":""},"geometry":{"type":"Polygon","coordinates":[[[-70.620497277457,-33.502056416675984],[-70.62089582903222,-33.50207914776818],[-70.62087658566112,-33.502192737955355],[-70.6204824062062,-33.50214852771401],[-70.620497277457,-33.502056416675984]]]}},{"type":"Feature","properties":{"comuna":"SanJoaquin","zona":"AV","zona_code":"AV","nombre":"AV","decreto":""},"geometry":{"type":"Polygon","coordinates":[[[-70.62216460797555,-33.50204613454543],[-70.6221294720681,-33.502184973929815],[-70.62108780757393,-33.50206470527655],[-70.62109247906366,-33.501933409090505],[-70.62216460797555,-33.50204613454543]]]}},{"type":"Feature","properties":{"comuna":"SanJoaquin","zona":"ZU2a","zona_code":"ZU2a","nombre":"ZU2a","decreto":""},"geometry":{"type":"Polygon","coordinates":[[[-70.62161238689312,-33.50110440676146],[-70.62173476444896,-33.50105779737913],[-70.62183992339735,-33.50116008060266],[-70.62236125067524,-33.50125940374354],[-70.62216460797555,-33.50204613454543],[-70.62109247906366,-33.501933409090505],[-70.62108780757393,-33.50206470527655],[-70.6221294720681,-33.502184973929815],[-70.62193525010099,-33.50289492753618],[-70.6203187847465,-33.503064293985595],[-70.6204824062062,-33.50214852771401],[-70.62087658566112,-33.502192737955355],[-70.62089582903222,-33.50207914776818],[-70.620497277457,-33.502056416675984],[-70.62060152577627,-33.50143229363635],[-70.62124781755942,-33.50124464163585],[-70.6217501639535,-33.50131038570015],[-70.62161238689312,-33.50110440676146]]]}},{"type":"Feature","properties":{"comuna":"SanJoaquin","zona":"AV","zona_code":"AV","nombre":"AV","decreto":""},"geometry":{"type":"Polygon","coordinates":[[[-70.61911102313118,-33.50331226023921],[-70.61950958881619,-33.50329084226895],[-70.61919249675952,-33.50478142344216],[-70.61902482016302,-33.50478928679936],[-70.61911102313118,-33.50331226023921]]]}},{"type":"Feature","properties":{"comuna":"SanJoaquin","zona":"ZU2a","zona_code":"ZU2a","nombre":"ZU2a","decreto":""},"geometry":{"type":"Polygon","coordinates":[[[-70.61927211729399,-33.504777689755834],[-70.61957734916365,-33.503287200346634],[-70.62005003473168,-33.50326318460816],[-70.6197382823529,-33.50475610956464],[-70.61927211729399,-33.504777689755834]]]}},{"type":"Feature","properties":{"comuna":"SanJoaquin","zona":"ZU2a","zona_code":"ZU2a","nombre":"ZU2a","decreto":""},"geometry":{"type":"Polygon","coordinates":[[[-70.61904745460969,-33.503315676671974],[-70.61893235865621,-33.50479362283939],[-70.61655563322535,-33.50491616673636],[-70.61652799195731,-33.504346168496895],[-70.61675253660681,-33.503252492522996],[-70.61798714135344,-33.50337177354996],[-70.61904745460969,-33.503315676671974]]]}},{"type":"Feature","properties":{"comuna":"SanJoaquin","zona":"ZU2a","zona_code":"ZU2a","nombre":"ZU2a","decreto":""},"geometry":{"type":"Polygon","coordinates":[[[-70.62165556480039,-33.50408844675231],[-70.62159262841907,-33.50466910729403],[-70.61995912480955,-33.50472892458721],[-70.62017425469111,-33.503880708067136],[-70.62165556480039,-33.50408844675231]]]}},{"type":"Feature","properties":{"comuna":"SanJoaquin","zona":"AV","zona_code":"AV","nombre":"AV","decreto":""},"geometry":{"type":"Polygon","coordinates":[[[-70.6210998977256,-33.50394086384976],[-70.62019059204655,-33.50381894678078],[-70.62022349963453,-33.50366160009917],[-70.62110895557464,-33.50380984396631],[-70.6210998977256,-33.50394086384976]]]}},{"type":"Feature","properties":{"comuna":"SanJoaquin","zona":"ZU2a","zona_code":"ZU2a","nombre":"ZU2a","decreto":""},"geometry":{"type":"Polygon","coordinates":[[[-70.6210998977256,-33.50394086384976],[-70.62110895557464,-33.50380984396631],[-70.62022349963453,-33.50366160009917],[-70.62029885844419,-33.503246120414445],[-70.62188972861308,-33.50308060461417],[-70.62167303722708,-33.50401770541273],[-70.6210998977256,-33.50394086384976]]]}},{"type":"Feature","properties":{"comuna":"SanJoaquin","zona":"AV","zona_code":"AV","nombre":"AV","decreto":""},"geometry":{"type":"Polygon","coordinates":[[[-70.623558272134,-33.50456545889375],[-70.62327648787381,-33.504579525706774],[-70.62320048262283,-33.50458331919812],[-70.62323176528021,-33.50446923277727],[-70.623558272134,-33.50456545889375]]]}},{"type":"Feature","properties":{"comuna":"SanJoaquin","zona":"AV","zona_code":"AV","nombre":"AV","decreto":""},"geometry":{"type":"Polygon","coordinates":[[[-70.62291073535414,-33.50459778262406],[-70.62254585702934,-33.50461599634968],[-70.62244843658551,-33.50462154347959],[-70.62247134942997,-33.50447203777806],[-70.62291073535414,-33.50459778262406]]]}},{"type":"Feature","properties":{"comuna":"SanJoaquin","zona":"AV","zona_code":"AV","nombre":"AV","decreto":""},"geometry":{"type":"Polygon","coordinates":[[[-70.62334533655194,-33.503687497857044],[-70.62327353230016,-33.50396045096911],[-70.6229135468467,-33.503900744599235],[-70.62301952176273,-33.503627343042595],[-70.62334533655194,-33.503687497857044]]]}},{"type":"Feature","properties":{"comuna":"SanJoaquin","zona":"AV","zona_code":"AV","nombre":"AV","decreto":""},"geometry":{"type":"Polygon","coordinates":[[[-70.6226509410157,-33.503029999079],[-70.6228377017358,-33.503019489210956],[-70.62403064338311,-33.502952356683956],[-70.62397893978569,-33.503206370813395],[-70.6226509410157,-33.503029999079]]]}},{"type":"Feature","properties":{"comuna":"SanJoaquin","zona":"ZU2a","zona_code":"ZU2a","nombre":"ZU2a","decreto":""},"geometry":{"type":"Polygon","coordinates":[[[-70.62218195705294,-33.5030727990795],[-70.6226509410157,-33.503029999079],[-70.62397893978569,-33.503206370813395],[-70.62369583022416,-33.50455859114859],[-70.62323176528021,-33.50446923277727],[-70.62320048262283,-33.50458331919812],[-70.62291073535414,-33.50459778262406],[-70.62247134942997,-33.50447203777806],[-70.62244843658551,-33.50462154347959],[-70.62185834339569,-33.504655145593205],[-70.62218195705294,-33.5030727990795]],[[-70.62334533655194,-33.503687497857044],[-70.62301952176273,-33.503627343042595],[-70.6229135468467,-33.503900744599235],[-70.62327353230016,-33.50396045096911],[-70.62334533655194,-33.503687497857044]]]}},{"type":"Feature","properties":{"comuna":"SanJoaquin","zona":"AV","zona_code":"AV","nombre":"AV","decreto":""},"geometry":{"type":"Polygon","coordinates":[[[-70.62600735929064,-33.50315474388491],[-70.62585348241306,-33.50393377240592],[-70.62549428491153,-33.503873568127936],[-70.62564816930414,-33.50309983900009],[-70.62600735929064,-33.50315474388491]]]}},{"type":"Feature","properties":{"comuna":"SanJoaquin","zona":"ZU2a","zona_code":"ZU2a","nombre":"ZU2a","decreto":""},"geometry":{"type":"Polygon","coordinates":[[[-70.62600735929064,-33.50315474388491],[-70.62669420678273,-33.5032832616665],[-70.62638911887112,-33.5046305310778],[-70.62537427751792,-33.50447695469909],[-70.62549428491153,-33.503873568127936],[-70.62585348241306,-33.50393377240592],[-70.62600735929064,-33.50315474388491]]]}},{"type":"Feature","properties":{"comuna":"SanJoaquin","zona":"AV","zona_code":"AV","nombre":"AV","decreto":""},"geometry":{"type":"Polygon","coordinates":[[[-70.62476137021517,-33.50356155821728],[-70.62469838098927,-33.5038487137808],[-70.62437296597281,-33.503810032399],[-70.62445264091177,-33.50350118307217],[-70.62476137021517,-33.50356155821728]]]}},{"type":"Feature","properties":{"comuna":"SanJoaquin","zona":"AV","zona_code":"AV","nombre":"AV","decreto":""},"geometry":{"type":"Polygon","coordinates":[[[-70.62507171294666,-33.504489895035206],[-70.6247588297502,-33.50450551853276],[-70.6239129188833,-33.50454775329145],[-70.62395104742224,-33.50436793874548],[-70.62507171294666,-33.504489895035206]]]}},{"type":"Feature","properties":{"comuna":"SanJoaquin","zona":"ZU2a","zona_code":"ZU2a","nombre":"ZU2a","decreto":""},"geometry":{"type":"Polygon","coordinates":[[[-70.62426285610934,-33.50289574640879],[-70.62551290497258,-33.50307967642502],[-70.62520758791311,-33.50448312615423],[-70.62395104742224,-33.50436793874548],[-70.62426285610934,-33.50289574640879]],[[-70.62476137021517,-33.50356155821728],[-70.62445264091177,-33.50350118307217],[-70.62437296597281,-33.503810032399],[-70.62469838098927,-33.5038487137808],[-70.62476137021517,-33.50356155821728]]]}},{"type":"Feature","properties":{"comuna":"SanJoaquin","zona":"ZU8","zona_code":"ZU8","nombre":"ZU8","decreto":""},"geometry":{"type":"Polygon","coordinates":[[[-70.62483650227858,-33.506901634354506],[-70.62578151824873,-33.50704995639461],[-70.62547999269054,-33.50731431381399],[-70.62475941165758,-33.50735583343102],[-70.62483650227858,-33.506901634354506]]]}},{"type":"Feature","properties":{"comuna":"SanJoaquin","zona":"ZU2a","zona_code":"ZU2a","nombre":"ZU2a","decreto":""},"geometry":{"type":"Polygon","coordinates":[[[-70.62612915474149,-33.5059569189538],[-70.62592249807254,-33.50691469760943],[-70.62486890148467,-33.50675924550095],[-70.62507201817066,-33.505789663097836],[-70.62612915474149,-33.5059569189538]]]}},{"type":"Feature","properties":{"comuna":"SanJoaquin","zona":"ZU2a","zona_code":"ZU2a","nombre":"ZU2a","decreto":""},"geometry":{"type":"Polygon","coordinates":[[[-70.62531773332775,-33.504622571610234],[-70.62637667532489,-33.504779070247835],[-70.62615993186638,-33.50583026441465],[-70.62509701901776,-33.505680559175055],[-70.62531773332775,-33.504622571610234]]]}},{"type":"Feature","properties":{"comuna":"SanJoaquin","zona":"ZU2a","zona_code":"ZU2a","nombre":"ZU2a","decreto":""},"geometry":{"type":"Polygon","coordinates":[[[-70.62427822250804,-33.50477939143054],[-70.62409882141775,-33.50563257753232],[-70.62369890750918,-33.50557435666306],[-70.6238732065552,-33.50473032651835],[-70.62427822250804,-33.50477939143054]]]}},{"type":"Feature","properties":{"comuna":"SanJoaquin","zona":"AV","zona_code":"AV","nombre":"AV","decreto":""},"geometry":{"type":"Polygon","coordinates":[[[-70.62427822250804,-33.50477939143054],[-70.6238732065552,-33.50473032651835],[-70.62429294027147,-33.50470939561856],[-70.62427822250804,-33.50477939143054]]]}},{"type":"Feature","properties":{"comuna":"SanJoaquin","zona":"AV","zona_code":"AV","nombre":"AV","decreto":""},"geometry":{"type":"Polygon","coordinates":[[[-70.62435486664943,-33.50477873174594],[-70.62437025664269,-33.50470554007196],[-70.62519747252512,-33.504664291461935],[-70.62515021731761,-33.50490027610741],[-70.62435486664943,-33.50477873174594]]]}},{"type":"Feature","properties":{"comuna":"SanJoaquin","zona":"AV","zona_code":"AV","nombre":"AV","decreto":""},"geometry":{"type":"Polygon","coordinates":[[[-70.62441007989861,-33.505224464455246],[-70.62431613451567,-33.5056605152169],[-70.6241745083174,-33.50563647387593],[-70.62426572642042,-33.505202662122855],[-70.62441007989861,-33.505224464455246]]]}},{"type":"Feature","properties":{"comuna":"SanJoaquin","zona":"ZU2a","zona_code":"ZU2a","nombre":"ZU2a","decreto":""},"geometry":{"type":"Polygon","coordinates":[[[-70.62506069517265,-33.50524921380593],[-70.62428154064844,-33.50512745203268],[-70.62435189187104,-33.50479287975905],[-70.62514839287827,-33.50490938499602],[-70.62506069517265,-33.50524921380593]]]}},{"type":"Feature","properties":{"comuna":"SanJoaquin","zona":"ZE","zona_code":"ZE","nombre":"ZE","decreto":""},"geometry":{"type":"Polygon","coordinates":[[[-70.62441007989861,-33.505224464455246],[-70.6250417381581,-33.50533933354822],[-70.62477105140546,-33.50659765563761],[-70.6241404412655,-33.506500756618195],[-70.62441007989861,-33.505224464455246]]]}},{"type":"Feature","properties":{"comuna":"SanJoaquin","zona":"ZU2a","zona_code":"ZU2a","nombre":"ZU2a","decreto":""},"geometry":{"type":"Polygon","coordinates":[[[-70.62400270249596,-33.50581824772909],[-70.62386082138437,-33.50645312180007],[-70.62353072654871,-33.50639960343957],[-70.62365931490449,-33.505768743908696],[-70.62400270249596,-33.50581824772909]]]}},{"type":"Feature","properties":{"comuna":"SanJoaquin","zona":"AV","zona_code":"AV","nombre":"AV","decreto":""},"geometry":{"type":"Polygon","coordinates":[[[-70.62426129818704,-33.50591604403386],[-70.6241404412655,-33.506500756618195],[-70.62386082138437,-33.50645312180007],[-70.62390798190643,-33.506242097686275],[-70.62408813125543,-33.506271185816686],[-70.62416240097168,-33.5059015635023],[-70.62426129818704,-33.50591604403386]]]}},{"type":"Feature","properties":{"comuna":"SanJoaquin","zona":"ZU6","zona_code":"ZU6","nombre":"ZU6","decreto":""},"geometry":{"type":"Polygon","coordinates":[[[-70.6247570176521,-33.506658164369405],[-70.6246501004012,-33.50738960480661],[-70.6233101374594,-33.50747073039139],[-70.62351499384513,-33.506475995556],[-70.6247570176521,-33.506658164369405]]]}},{"type":"Feature","properties":{"comuna":"SanJoaquin","zona":"ZU2a","zona_code":"ZU2a","nombre":"ZU2a","decreto":""},"geometry":{"type":"Polygon","coordinates":[[[-70.62136089818031,-33.50749731513105],[-70.62119242795393,-33.507573020633096],[-70.62121737914607,-33.50747291736357],[-70.62136089818031,-33.50749731513105]]]}},{"type":"Feature","properties":{"comuna":"SanJoaquin","zona":"ZU4","zona_code":"ZU4","nombre":"ZU4","decreto":""},"geometry":{"type":"Polygon","coordinates":[[[-70.61453106258378,-33.5066197153764],[-70.61709501940622,-33.50647246951222],[-70.61697938202127,-33.50695655178968],[-70.6144248713876,-33.507104102538044],[-70.61453106258378,-33.5066197153764]]]}},{"type":"Feature","properties":{"comuna":"SanJoaquin","zona":"AV","zona_code":"AV","nombre":"AV","decreto":""},"geometry":{"type":"Polygon","coordinates":[[[-70.6157063112008,-33.50514124374165],[-70.61574162949537,-33.50575161225791],[-70.6156278378206,-33.505759062126614],[-70.61562269254055,-33.50514737924652],[-70.6157063112008,-33.50514124374165]]]}},{"type":"Feature","properties":{"comuna":"SanJoaquin","zona":"AV","zona_code":"AV","nombre":"AV","decreto":""},"geometry":{"type":"Polygon","coordinates":[[[-70.61515754898471,-33.50574133506499],[-70.6152107889027,-33.50630733391169],[-70.61509009976332,-33.50632680346298],[-70.61506489249483,-33.50573657769351],[-70.61515754898471,-33.50574133506499]]]}},{"type":"Feature","properties":{"comuna":"SanJoaquin","zona":"ZU2a","zona_code":"ZU2a","nombre":"ZU2a","decreto":""},"geometry":{"type":"Polygon","coordinates":[[[-70.61744373935167,-33.505051516854635],[-70.61709501940622,-33.50647246951222],[-70.61453205004273,-33.5066151528065],[-70.61487145064679,-33.5051879595092],[-70.61506219414764,-33.505173123894146],[-70.61744373935167,-33.505051516854635]],[[-70.61574162949537,-33.50575161225791],[-70.6157063112008,-33.50514124374165],[-70.61562269254055,-33.50514737924652],[-70.6156278378206,-33.505759062126614],[-70.61574162949537,-33.50575161225791]],[[-70.61515754898471,-33.50574133506499],[-70.61506489249483,-33.50573657769351],[-70.61509009976332,-33.50632680346298],[-70.6152107889027,-33.50630733391169],[-70.61515754898471,-33.50574133506499]]]}},{"type":"Feature","properties":{"comuna":"SanJoaquin","zona":"ZU2a","zona_code":"ZU2a","nombre":"ZU2a","decreto":""},"geometry":{"type":"Polygon","coordinates":[[[-70.61705536275697,-33.50773060074595],[-70.61702154670516,-33.507850368700176],[-70.6166594483528,-33.50787527104649],[-70.6165959636932,-33.507766344218616],[-70.61705536275697,-33.50773060074595]]]}},{"type":"Feature","properties":{"comuna":"SanJoaquin","zona":"ZU2a","zona_code":"ZU2a","nombre":"ZU2a","decreto":""},"geometry":{"type":"Polygon","coordinates":[[[-70.61651583533319,-33.507738585795025],[-70.61648009406767,-33.50788760591416],[-70.61604101905328,-33.5079182158585],[-70.61596910869373,-33.507795192214445],[-70.61651583533319,-33.507738585795025]]]}},{"type":"Feature","properties":{"comuna":"SanJoaquin","zona":"ZU2a","zona_code":"ZU2a","nombre":"ZU2a","decreto":""},"geometry":{"type":"Polygon","coordinates":[[[-70.6157585290531,-33.5077516551632],[-70.61571515977293,-33.50793481209255],[-70.61543188636877,-33.507954869674414],[-70.61539143526862,-33.50772191618654],[-70.6157585290531,-33.5077516551632]]]}},{"type":"Feature","properties":{"comuna":"SanJoaquin","zona":"ZU2a","zona_code":"ZU2a","nombre":"ZU2a","decreto":""},"geometry":{"type":"Polygon","coordinates":[[[-70.61528121764869,-33.50782595941855],[-70.61524880464515,-33.50796215788196],[-70.61424878239987,-33.50789442062516],[-70.61436187922915,-33.5073719597415],[-70.61464730930348,-33.507406311468024],[-70.61456034947234,-33.50775145540562],[-70.61528121764869,-33.50782595941855]]]}},{"type":"Feature","properties":{"comuna":"SanJoaquin","zona":"AV","zona_code":"AV","nombre":"AV","decreto":""},"geometry":{"type":"Polygon","coordinates":[[[-70.61498356504882,-33.50749140555921],[-70.61495819186456,-33.50765876214103],[-70.61469423367227,-33.50763237750429],[-70.61474074307782,-33.50745281520273],[-70.61498356504882,-33.50749140555921]]]}},{"type":"Feature","properties":{"comuna":"SanJoaquin","zona":"AV","zona_code":"AV","nombre":"AV","decreto":""},"geometry":{"type":"Polygon","coordinates":[[[-70.61607812011754,-33.507381686464704],[-70.61603261141366,-33.50761492258539],[-70.61578989956699,-33.50758229752186],[-70.61586366280072,-33.50733676266211],[-70.61607812011754,-33.507381686464704]]]}},{"type":"Feature","properties":{"comuna":"SanJoaquin","zona":"ZU2a","zona_code":"ZU2a","nombre":"ZU2a","decreto":""},"geometry":{"type":"Polygon","coordinates":[[[-70.6144248713876,-33.507104102538044],[-70.61697938202127,-33.50695655178968],[-70.61677724996085,-33.507797294906965],[-70.61633803774887,-33.5077084747835],[-70.61614842795022,-33.50774091296223],[-70.61613127070305,-33.507823555323725],[-70.61557882159224,-33.50772239494307],[-70.61539143526862,-33.50772191618654],[-70.61528121764869,-33.50782595941855],[-70.61456034947234,-33.50775145540562],[-70.61464730930348,-33.507406311468024],[-70.61436187922915,-33.5073719597415],[-70.6144248713876,-33.507104102538044]],[[-70.61607812011754,-33.507381686464704],[-70.61586366280072,-33.50733676266211],[-70.61578989956699,-33.50758229752186],[-70.61603261141366,-33.50761492258539],[-70.61607812011754,-33.507381686464704]],[[-70.61498356504882,-33.50749140555921],[-70.61474074307782,-33.50745281520273],[-70.61469423367227,-33.50763237750429],[-70.61495819186456,-33.50765876214103],[-70.61498356504882,-33.50749140555921]]]}},{"type":"Feature","properties":{"comuna":"SanJoaquin","zona":"ZU2a","zona_code":"ZU2a","nombre":"ZU2a","decreto":""},"geometry":{"type":"Polygon","coordinates":[[[-70.61834125152016,-33.50755666624195],[-70.6185126037023,-33.50754511954509],[-70.61904733010097,-33.50750405922457],[-70.61899844494971,-33.50771499598176],[-70.61832483413652,-33.507762195064025],[-70.61834125152016,-33.50755666624195]]]}},{"type":"Feature","properties":{"comuna":"SanJoaquin","zona":"ZU2a","zona_code":"ZU2a","nombre":"ZU2a","decreto":""},"geometry":{"type":"Polygon","coordinates":[[[-70.61822456045304,-33.507577336551364],[-70.61816473911513,-33.5077717402924],[-70.61767969956277,-33.507805101963],[-70.61767296112195,-33.507676546783834],[-70.61796132802276,-33.50766162919234],[-70.61799282005822,-33.5075364506644],[-70.61822456045304,-33.507577336551364]]]}},{"type":"Feature","properties":{"comuna":"SanJoaquin","zona":"ZU2a","zona_code":"ZU2a","nombre":"ZU2a","decreto":""},"geometry":{"type":"Polygon","coordinates":[[[-70.61753648520674,-33.50769882668035],[-70.61752538581892,-33.50781571617436],[-70.61722635816061,-33.507836282093216],[-70.6172340821884,-33.507708236956006],[-70.61753648520674,-33.50769882668035]]]}},{"type":"Feature","properties":{"comuna":"SanJoaquin","zona":"ZU2a","zona_code":"ZU2a","nombre":"ZU2a","decreto":""},"geometry":{"type":"Polygon","coordinates":[[[-70.61924198798171,-33.50495773662849],[-70.61968647033964,-33.50493858369763],[-70.61905204154198,-33.50750374422641],[-70.61834125152016,-33.50755666624195],[-70.61838739810773,-33.50737022562849],[-70.6187974527113,-33.50736486708313],[-70.61924198798171,-33.50495773662849]]]}},{"type":"Feature","properties":{"comuna":"SanJoaquin","zona":"ZU2a","zona_code":"ZU2a","nombre":"ZU2a","decreto":""},"geometry":{"type":"MultiPolygon","coordinates":[[[[-70.61776188715366,-33.50503364168745],[-70.61705400971202,-33.507730608490625],[-70.61679006685866,-33.507732232439906],[-70.61744373935167,-33.505051516854635],[-70.61776188715366,-33.50503364168745]]],[[[-70.61705536275697,-33.50773060074595],[-70.61703616410745,-33.50779859721509],[-70.61705400971202,-33.507730608490625],[-70.61705536275697,-33.50773060074595]]]]}},{"type":"Feature","properties":{"comuna":"SanJoaquin","zona":"AV","zona_code":"AV","nombre":"AV","decreto":""},"geometry":{"type":"Polygon","coordinates":[[[-70.61838087714378,-33.50500046065862],[-70.61774689665138,-33.50555324327037],[-70.61788248862798,-33.50502717680221],[-70.61838087714378,-33.50500046065862]]]}},{"type":"Feature","properties":{"comuna":"SanJoaquin","zona":"AV","zona_code":"AV","nombre":"AV","decreto":""},"geometry":{"type":"Polygon","coordinates":[[[-70.61771171841899,-33.507336102164935],[-70.61785920960457,-33.50745586586663],[-70.61776630496281,-33.507514345084836],[-70.61760159397264,-33.50738764839655],[-70.61771171841899,-33.507336102164935]]]}},{"type":"Feature","properties":{"comuna":"SanJoaquin","zona":"AV","zona_code":"AV","nombre":"AV","decreto":""},"geometry":{"type":"Polygon","coordinates":[[[-70.61739994683374,-33.50701123662225],[-70.61757143703055,-33.50714466194711],[-70.61731933124116,-33.50735000385911],[-70.61739994683374,-33.50701123662225]]]}},{"type":"Feature","properties":{"comuna":"SanJoaquin","zona":"AV","zona_code":"AV","nombre":"AV","decreto":""},"geometry":{"type":"Polygon","coordinates":[[[-70.6175907916838,-33.50620924966793],[-70.61781293636314,-33.5063469443252],[-70.61750751862081,-33.506559190161276],[-70.6175907916838,-33.50620924966793]]]}},{"type":"Feature","properties":{"comuna":"SanJoaquin","zona":"AV","zona_code":"AV","nombre":"AV","decreto":""},"geometry":{"type":"Polygon","coordinates":[[[-70.61797003482688,-33.50652384819438],[-70.61813461143058,-33.50664338841643],[-70.61803343099574,-33.50671629237423],[-70.61786845479755,-33.506575283036284],[-70.61797003482688,-33.50652384819438]]]}},{"type":"Feature","properties":{"comuna":"SanJoaquin","zona":"AV","zona_code":"AV","nombre":"AV","decreto":""},"geometry":{"type":"Polygon","coordinates":[[[-70.61815960715509,-33.505691016658766],[-70.6183416662739,-33.50583180335252],[-70.61824048693589,-33.50590470745524],[-70.6180582935396,-33.5057567646007],[-70.61815960715509,-33.505691016658766]]]}},{"type":"Feature","properties":{"comuna":"SanJoaquin","zona":"ZU2a","zona_code":"ZU2a","nombre":"ZU2a","decreto":""},"geometry":{"type":"Polygon","coordinates":[[[-70.61774689665138,-33.50555324327037],[-70.61838087714378,-33.50500046065862],[-70.61887638267139,-33.50497173215347],[-70.61822456045304,-33.507577336551364],[-70.61799282005822,-33.5075364506644],[-70.61796132802276,-33.50766162919234],[-70.6172340821884,-33.507708236956006],[-70.61731933124116,-33.50735000385911],[-70.61757143703055,-33.50714466194711],[-70.61739994683374,-33.50701123662225],[-70.61750751862081,-33.506559190161276],[-70.61781293636314,-33.5063469443252],[-70.6175907916838,-33.50620924966793],[-70.61774689665138,-33.50555324327037]],[[-70.6183416662739,-33.50583180335252],[-70.61815960715509,-33.505691016658766],[-70.6180582935396,-33.5057567646007],[-70.61824048693589,-33.50590470745524],[-70.6183416662739,-33.50583180335252]],[[-70.61813461143058,-33.50664338841643],[-70.61797003482688,-33.50652384819438],[-70.61786845479755,-33.506575283036284],[-70.61803343099574,-33.50671629237423],[-70.61813461143058,-33.50664338841643]],[[-70.61785920960457,-33.50745586586663],[-70.61771171841899,-33.507336102164935],[-70.61760159397264,-33.50738764839655],[-70.61776630496281,-33.507514345084836],[-70.61785920960457,-33.50745586586663]]]}},{"type":"Feature","properties":{"comuna":"SanJoaquin","zona":"AV","zona_code":"AV","nombre":"AV","decreto":""},"geometry":{"type":"Polygon","coordinates":[[[-70.61893899718275,-33.504969335594],[-70.61916034183943,-33.50496086189374],[-70.6187256453719,-33.50717969103987],[-70.61844271206934,-33.507128508842335],[-70.61893899718275,-33.504969335594]]]}},{"type":"Feature","properties":{"comuna":"SanJoaquin","zona":"ZU2a","zona_code":"ZU2a","nombre":"ZU2a","decreto":""},"geometry":{"type":"Polygon","coordinates":[[[-70.62054349614577,-33.50745463900768],[-70.62060092858637,-33.50723927825299],[-70.62099612284281,-33.50730900679744],[-70.62094298272828,-33.50752265579911],[-70.62054349614577,-33.50745463900768]]]}},{"type":"Feature","properties":{"comuna":"SanJoaquin","zona":"ZU2a","zona_code":"ZU2a","nombre":"ZU2a","decreto":""},"geometry":{"type":"Polygon","coordinates":[[[-70.62048428813539,-33.50739894335302],[-70.61980122832189,-33.507285859702264],[-70.61983641879357,-33.50710014896169],[-70.62053307553774,-33.50722823582413],[-70.62048428813539,-33.50739894335302]]]}},{"type":"Feature","properties":{"comuna":"SanJoaquin","zona":"ZU2a","zona_code":"ZU2a","nombre":"ZU2a","decreto":""},"geometry":{"type":"Polygon","coordinates":[[[-70.61937959996251,-33.50704045975247],[-70.6197939834034,-33.507115616452765],[-70.61966745529377,-33.50760507304824],[-70.61926080356002,-33.507535072512646],[-70.61937959996251,-33.50704045975247]]]}},{"type":"Feature","properties":{"comuna":"SanJoaquin","zona":"ZU2a","zona_code":"ZU2a","nombre":"ZU2a","decreto":""},"geometry":{"type":"Polygon","coordinates":[[[-70.61926080356002,-33.507535072512646],[-70.61965437448461,-33.50764834489081],[-70.61924253858402,-33.50761073520525],[-70.61926080356002,-33.507535072512646]]]}},{"type":"Feature","properties":{"comuna":"SanJoaquin","zona":"AV","zona_code":"AV","nombre":"AV","decreto":""},"geometry":{"type":"Polygon","coordinates":[[[-70.61924253858402,-33.50761073520525],[-70.6196482345822,-33.50769130141583],[-70.61922455629667,-33.50770024528813],[-70.61924253858402,-33.50761073520525]]]}},{"type":"Feature","properties":{"comuna":"SanJoaquin","zona":"ZU2a","zona_code":"ZU2a","nombre":"ZU2a","decreto":""},"geometry":{"type":"Polygon","coordinates":[[[-70.62054349614577,-33.50745463900768],[-70.62094298272828,-33.50752265579911],[-70.6209181327358,-33.507616022886886],[-70.62052133811626,-33.507553491757754],[-70.62054349614577,-33.50745463900768]]]}},{"type":"Feature","properties":{"comuna":"SanJoaquin","zona":"AV","zona_code":"AV","nombre":"AV","decreto":""},"geometry":{"type":"Polygon","coordinates":[[[-70.62052133811626,-33.507553491757754],[-70.6209181327358,-33.507616022886886],[-70.62050272336833,-33.50764064930926],[-70.62052133811626,-33.507553491757754]]]}},{"type":"Feature","properties":{"comuna":"SanJoaquin","zona":"ZU2a","zona_code":"ZU2a","nombre":"ZU2a","decreto":""},"geometry":{"type":"Polygon","coordinates":[[[-70.62048428813539,-33.50739894335302],[-70.62042962459893,-33.50759943105282],[-70.6197549334397,-33.507503864707644],[-70.61980122832189,-33.507285859702264],[-70.62048428813539,-33.50739894335302]]]}},{"type":"Feature","properties":{"comuna":"SanJoaquin","zona":"AV","zona_code":"AV","nombre":"AV","decreto":""},"geometry":{"type":"Polygon","coordinates":[[[-70.6197549334397,-33.507503864707644],[-70.62043215790322,-33.5076448326099],[-70.61969826020305,-33.50768833677847],[-70.6197549334397,-33.507503864707644]]]}},{"type":"Feature","properties":{"comuna":"SanJoaquin","zona":"AV","zona_code":"AV","nombre":"AV","decreto":""},"geometry":{"type":"Polygon","coordinates":[[[-70.62077922472425,-33.50686991449989],[-70.62069343818355,-33.50720823103046],[-70.62003669541483,-33.50709684331939],[-70.62013695237997,-33.506761396000684],[-70.62077922472425,-33.50686991449989]]]}},{"type":"Feature","properties":{"comuna":"SanJoaquin","zona":"ZU2a","zona_code":"ZU2a","nombre":"ZU2a","decreto":""},"geometry":{"type":"MultiPolygon","coordinates":[[[[-70.61939177290479,-33.506987457416805],[-70.61947617510877,-33.50664974688201],[-70.62013695237997,-33.506761396000684],[-70.62003669541483,-33.50709684331939],[-70.61939177290479,-33.506987457416805]]],[[[-70.62069343818355,-33.50720823103046],[-70.62077922472425,-33.50686991449989],[-70.62108745268402,-33.50692199128305],[-70.62100701346034,-33.50726141399906],[-70.62069343818355,-33.50720823103046]]]]}},{"type":"Feature","properties":{"comuna":"SanJoaquin","zona":"AV","zona_code":"AV","nombre":"AV","decreto":""},"geometry":{"type":"Polygon","coordinates":[[[-70.62137805281921,-33.5057157755238],[-70.62129705125005,-33.506060722258574],[-70.62093086509282,-33.505992411388966],[-70.62100997467459,-33.50565255335955],[-70.62137805281921,-33.5057157755238]]]}},{"type":"Feature","properties":{"comuna":"SanJoaquin","zona":"ZU2a","zona_code":"ZU2a","nombre":"ZU2a","decreto":""},"geometry":{"type":"Polygon","coordinates":[[[-70.61990842214527,-33.50495247674411],[-70.62158102221952,-33.504848779590155],[-70.62147249866857,-33.505336808247435],[-70.62128583970794,-33.506108466283465],[-70.62110879341539,-33.50683194189826],[-70.61949714769018,-33.50657203407767],[-70.61990842214527,-33.50495247674411]],[[-70.62137805281921,-33.5057157755238],[-70.62100997467459,-33.50565255335955],[-70.62093086509282,-33.505992411388966],[-70.62129705125005,-33.506060722258574],[-70.62137805281921,-33.5057157755238]]]}},{"type":"Feature","properties":{"comuna":"SanJoaquin","zona":"AV","zona_code":"AV","nombre":"AV","decreto":""},"geometry":{"type":"Polygon","coordinates":[[[-70.62224059562139,-33.50718858400918],[-70.62231233776491,-33.50683569845675],[-70.62273143733782,-33.50688806122377],[-70.62270310628261,-33.50717059529611],[-70.62224059562139,-33.50718858400918]]]}},{"type":"Feature","properties":{"comuna":"SanJoaquin","zona":"ZU6","zona_code":"ZU6","nombre":"ZU6","decreto":""},"geometry":{"type":"Polygon","coordinates":[[[-70.62270310628261,-33.50717059529611],[-70.62273143733782,-33.50688806122377],[-70.62318043400894,-33.506944157505],[-70.62304684785913,-33.50748721030762],[-70.62147326352384,-33.50758286369163],[-70.62157052220515,-33.507149637549304],[-70.62270310628261,-33.50717059529611]]]}},{"type":"Feature","properties":{"comuna":"SanJoaquin","zona":"ZU2a","zona_code":"ZU2a","nombre":"ZU2a","decreto":""},"geometry":{"type":"Polygon","coordinates":[[[-70.62141853901018,-33.506646173088654],[-70.62222613046207,-33.50679507139748],[-70.62217452195263,-33.50708207666387],[-70.62149710746533,-33.50703129483041],[-70.62136089818031,-33.50749731513105],[-70.62121737914607,-33.50747291736357],[-70.62141853901018,-33.506646173088654]]]}},{"type":"Feature","properties":{"comuna":"SanJoaquin","zona":"AV","zona_code":"AV","nombre":"AV","decreto":""},"geometry":{"type":"Polygon","coordinates":[[[-70.62245764881928,-33.50480090525988],[-70.62365348441068,-33.504741282703215],[-70.62360200865169,-33.504984775708785],[-70.62245764881928,-33.50480090525988]]]}},{"type":"Feature","properties":{"comuna":"SanJoaquin","zona":"AV","zona_code":"AV","nombre":"AV","decreto":""},"geometry":{"type":"Polygon","coordinates":[[[-70.62302432004005,-33.50568702009788],[-70.62293901208359,-33.50607587531528],[-70.62261065355987,-33.506032455566505],[-70.62270285851336,-33.5056315799902],[-70.62302432004005,-33.50568702009788]]]}},{"type":"Feature","properties":{"comuna":"SanJoaquin","zona":"ZU2a","zona_code":"ZU2a","nombre":"ZU2a","decreto":""},"geometry":{"type":"Polygon","coordinates":[[[-70.62143257292003,-33.50658774068844],[-70.62185159629736,-33.50483639559815],[-70.62200733144797,-33.504823354116404],[-70.62359804025606,-33.50500354053061],[-70.62320892856033,-33.506847905104635],[-70.62143257292003,-33.50658774068844]],[[-70.62302432004005,-33.50568702009788],[-70.62270285851336,-33.5056315799902],[-70.62261065355987,-33.506032455566505],[-70.62293901208359,-33.50607587531528],[-70.62302432004005,-33.50568702009788]]]}},{"type":"Feature","properties":{"comuna":"SanJoaquin","zona":"AV","zona_code":"AV","nombre":"AV","decreto":""},"geometry":{"type":"Polygon","coordinates":[[[-70.62716612685921,-33.47806737126076],[-70.62712379176283,-33.47823972571833],[-70.62679197697115,-33.47815818266246],[-70.62683466841966,-33.478004913457994],[-70.62716612685921,-33.47806737126076]]]}},{"type":"Feature","properties":{"comuna":"SanJoaquin","zona":"ZU6","zona_code":"ZU6","nombre":"ZU6","decreto":""},"geometry":{"type":"Polygon","coordinates":[[[-70.63365461788675,-33.479205828515596],[-70.63302275172315,-33.4795461783006],[-70.63288778266374,-33.47944954277611],[-70.63347926804055,-33.479105309780245],[-70.63365461788675,-33.479205828515596]]]}},{"type":"Feature","properties":{"comuna":"SanJoaquin","zona":"AV","zona_code":"AV","nombre":"AV","decreto":""},"geometry":{"type":"Polygon","coordinates":[[[-70.63293910218275,-33.47899789780729],[-70.63289989364024,-33.47918452837616],[-70.63258284061823,-33.479131440281755],[-70.63267355796673,-33.47895844757813],[-70.63293910218275,-33.47899789780729]]]}}]}