{"type":"FeatureCollection","name":"PRC_LaFlorida","crs":{"type":"name","properties":{"name":"urn:ogc:def:crs:OGC:1.3:CRS84"}},"features":[{"type":"Feature","properties":{"comuna":"LaFlorida","zona":"Z-AA+CB/CM","zona_code":"Z-AA+CB/CM","nombre":"Z-AA+CB/CM","decreto":""},"geometry":{"type":"Polygon","coordinates":[[[-70.60229839636882,-33.52011258108761],[-70.6003374234312,-33.51919911754968],[-70.60257554006388,-33.5162144724108],[-70.61220953204493,-33.50832821399274],[-70.61374479704537,-33.50822491477246],[-70.61158242230287,-33.51036426313103],[-70.6060903704433,-33.516343547428015],[-70.60262244712573,-33.51984259161414],[-70.60229839636882,-33.52011258108761]]]}},{"type":"Feature","properties":{"comuna":"LaFlorida","zona":"Z-AA+CM","zona_code":"Z-AA+CM","nombre":"Z-AA+CM","decreto":""},"geometry":{"type":"Polygon","coordinates":[[[-70.60633216745211,-33.51281701624134],[-70.60328394244391,-33.512275422370045],[-70.6030366526407,-33.512108670888786],[-70.60280627307523,-33.5116364161881],[-70.60285939318173,-33.51105348728462],[-70.6030275346641,-33.510799530730836],[-70.60391994009369,-33.510092432431136],[-70.6041801798003,-33.50973971686535],[-70.6043622755371,-33.50922435528444],[-70.6043062125114,-33.50885143744968],[-70.61161939027728,-33.50834282919336],[-70.60673652766725,-33.512300582154424],[-70.60633216745211,-33.51281701624134]]]}},{"type":"Feature","properties":{"comuna":"LaFlorida","zona":"Z-AA1","zona_code":"Z-AA1","nombre":"Z-AA1","decreto":""},"geometry":{"type":"Polygon","coordinates":[[[-70.5941219172384,-33.51208575694423],[-70.59387058405413,-33.50961844752097],[-70.6043062125114,-33.50885143744968],[-70.6043622755371,-33.50922435528444],[-70.6041801798003,-33.50973971686535],[-70.60391994009369,-33.510092432431136],[-70.6030275346641,-33.510799530730836],[-70.6028037622944,-33.51129654374973],[-70.60282832078525,-33.51174525525044],[-70.60119222945882,-33.5115584406532],[-70.5941219172384,-33.51208575694423]]]}},{"type":"Feature","properties":{"comuna":"LaFlorida","zona":"Z-AA2","zona_code":"Z-AA2","nombre":"Z-AA2","decreto":""},"geometry":{"type":"Polygon","coordinates":[[[-70.58990123551239,-33.510545743110946],[-70.59125275353821,-33.509863394003006],[-70.59387058405413,-33.50961844752097],[-70.5941219172384,-33.51208575694423],[-70.60142054987412,-33.51156256981757],[-70.60282832078525,-33.51174525525044],[-70.6030366526407,-33.512108670888786],[-70.60328394244391,-33.512275422370045],[-70.60633216745211,-33.51281701624134],[-70.6025470537564,-33.515953364345606],[-70.60214434797173,-33.51639120676176],[-70.60192662945799,-33.51627454586403],[-70.60118019136428,-33.51735691686739],[-70.59849337218908,-33.51596809563459],[-70.59824651332997,-33.51569352137919],[-70.59302818767533,-33.51866301677597],[-70.59183029583849,-33.516946370021614],[-70.59267720559947,-33.51733165878065],[-70.59311210244692,-33.51707225166331],[-70.59146606299782,-33.51511826655536],[-70.59143695993899,-33.51491087241353],[-70.59067797528508,-33.51448717821659],[-70.58985153167126,-33.51353787327181],[-70.58960999100829,-33.512933230846784],[-70.58967102872046,-33.51286456151439],[-70.5895260594663,-33.51233812119022],[-70.58890445932026,-33.51244405009742],[-70.58775595988757,-33.51384115889521],[-70.58669542474225,-33.51426841851192],[-70.58549870690035,-33.51571675689916],[-70.58547490507397,-33.515892376792536],[-70.58401535031133,-33.51604339110852],[-70.58577475506227,-33.513651876554334],[-70.58602949172972,-33.513782516158535],[-70.58612993862802,-33.51365686150114],[-70.58713949842603,-33.51325380312324],[-70.58870434091179,-33.51150480953439],[-70.5885190630135,-33.51046141005045],[-70.58823998253371,-33.51027259685936],[-70.5883251350403,-33.510159892944365],[-70.58932627927749,-33.51058964001314],[-70.58990123551239,-33.510545743110946]],[[-70.60046558171263,-33.514082481226524],[-70.6007107387728,-33.51368545176819],[-70.59380222824007,-33.51419715906451],[-70.5923505116144,-33.514528926757194],[-70.59292738591428,-33.515062906959336],[-70.5933408352867,-33.514858564533334],[-70.59664067258903,-33.514726937903454],[-70.596858307944,-33.514615507114556],[-70.59841172796078,-33.51455581300434],[-70.59965515291707,-33.514389568931065],[-70.60006281766896,-33.51445145082998],[-70.60046558171263,-33.514082481226524]]]}},{"type":"Feature","properties":{"comuna":"LaFlorida","zona":"ESP-2","zona_code":"ESP-2","nombre":"ESP-2","decreto":""},"geometry":{"type":"Polygon","coordinates":[[[-70.596858307944,-33.514615507114556],[-70.59679568760122,-33.51398036893226],[-70.6007107387728,-33.51368545176819],[-70.60055295530042,-33.5139831451831],[-70.60006281766896,-33.51445145082998],[-70.59991552947787,-33.51437546483753],[-70.59841172796078,-33.51455581300434],[-70.596858307944,-33.514615507114556]]]}},{"type":"Feature","properties":{"comuna":"LaFlorida","zona":"AV4","zona_code":"AV4","nombre":"AV4","decreto":""},"geometry":{"type":"Polygon","coordinates":[[[-70.59292738591428,-33.515062906959336],[-70.5923505116144,-33.514528926757194],[-70.59380222824007,-33.51419715906451],[-70.59679568760122,-33.51398036893226],[-70.596858307944,-33.514615507114556],[-70.59664067258903,-33.514726937903454],[-70.5933408352867,-33.514858564533334],[-70.59292738591428,-33.515062906959336]]]}},{"type":"Feature","properties":{"comuna":"LaFlorida","zona":"AV1.1","zona_code":"AV1.1","nombre":"AV1.1","decreto":""},"geometry":{"type":"Polygon","coordinates":[[[-70.58577475506227,-33.513651876554334],[-70.58823998253371,-33.51027259685936],[-70.5885190630135,-33.51046141005045],[-70.58870434091179,-33.51150480953439],[-70.58713949842603,-33.51325380312324],[-70.58612993862802,-33.51365686150114],[-70.58602949172972,-33.513782516158535],[-70.58577475506227,-33.513651876554334]]]}},{"type":"Feature","properties":{"comuna":"LaFlorida","zona":"U-VEV3","zona_code":"U-VEV3","nombre":"U-VEV3","decreto":""},"geometry":{"type":"Polygon","coordinates":[[[-70.58604140008669,-33.51328700616984],[-70.58644106493519,-33.510138930346145],[-70.58784964593194,-33.51004969811484],[-70.5883251350403,-33.510159892944365],[-70.58604140008669,-33.51328700616984]]]}},{"type":"Feature","properties":{"comuna":"LaFlorida","zona":"U-EC1","zona_code":"U-EC1","nombre":"U-EC1","decreto":""},"geometry":{"type":"Polygon","coordinates":[[[-70.57478880264615,-33.510918748924176],[-70.58003024119505,-33.51058052615177],[-70.57945474396064,-33.513330027831785],[-70.57861975958275,-33.51340231343258],[-70.57790223183018,-33.513622466921674],[-70.57761500140728,-33.51310567884129],[-70.57708950749691,-33.51317745101884],[-70.57651727675143,-33.5137038939762],[-70.57649636497749,-33.51353559752222],[-70.57553763804052,-33.51362294865887],[-70.57554451331112,-33.5135109568354],[-70.57513973567471,-33.513538831565555],[-70.57478880264615,-33.510918748924176]]]}},{"type":"Feature","properties":{"comuna":"LaFlorida","zona":"Z-AA+CM","zona_code":"Z-AA+CM","nombre":"Z-AA+CM","decreto":""},"geometry":{"type":"Polygon","coordinates":[[[-70.59899747321575,-33.520265736374625],[-70.59533025205545,-33.51859427059018],[-70.59469977169776,-33.517753762595476],[-70.59824651332997,-33.51569352137919],[-70.59849337218908,-33.51596809563459],[-70.60118019136428,-33.51735691686739],[-70.59899747321575,-33.520265736374625]]]}},{"type":"Feature","properties":{"comuna":"LaFlorida","zona":"AV4","zona_code":"AV4","nombre":"AV4","decreto":""},"geometry":{"type":"Polygon","coordinates":[[[-70.60214434797173,-33.51639120676176],[-70.60646410146948,-33.51271534594418],[-70.60673652766725,-33.512300582154424],[-70.61131394297136,-33.50857042119921],[-70.61161939027728,-33.50834282919336],[-70.61220953204493,-33.50832821399274],[-70.60272649069621,-33.51607563652863],[-70.60221653226404,-33.51664235619184],[-70.59940670622011,-33.520444481488624],[-70.59899747321575,-33.520265736374625],[-70.60192662945799,-33.51627454586403],[-70.60214434797173,-33.51639120676176]]]}},{"type":"Feature","properties":{"comuna":"LaFlorida","zona":"ESP-2","zona_code":"ESP-2","nombre":"ESP-2","decreto":""},"geometry":{"type":"Polygon","coordinates":[[[-70.59940670622011,-33.520444481488624],[-70.6003374234312,-33.51919911754968],[-70.60229839636882,-33.52011258108761],[-70.60097082184946,-33.521165468555964],[-70.59940670622011,-33.520444481488624]]]}},{"type":"Feature","properties":{"comuna":"LaFlorida","zona":"AV4","zona_code":"AV4","nombre":"AV4","decreto":""},"geometry":{"type":"Polygon","coordinates":[[[-70.60815657651577,-33.51747694771779],[-70.6083042735358,-33.51751711778316],[-70.60807413169721,-33.51828907630043],[-70.606659604495,-33.51819580999795],[-70.60665848465435,-33.51810066415288],[-70.60793578087699,-33.51817920359041],[-70.60815657651577,-33.51747694771779]]]}},{"type":"Feature","properties":{"comuna":"LaFlorida","zona":"Z-AM","zona_code":"Z-AM","nombre":"Z-AM","decreto":""},"geometry":{"type":"Polygon","coordinates":[[[-70.60534265508974,-33.51710269701684],[-70.61158242230287,-33.51036426313103],[-70.60972205434783,-33.52618918328923],[-70.60974094814001,-33.52670993795885],[-70.60694966412636,-33.52677760023607],[-70.60529752167265,-33.527750197953196],[-70.60339321321864,-33.52904286245219],[-70.5994525603223,-33.52898579155732],[-70.59942585309746,-33.528501314732964],[-70.59889939646305,-33.528505132461156],[-70.59884511029485,-33.527842915899015],[-70.59989440258835,-33.523790991048614],[-70.60104485815101,-33.524614382816615],[-70.60188428951342,-33.52557707520109],[-70.60181853140111,-33.52223558884841],[-70.60167947276412,-33.52210781353389],[-70.60174973425084,-33.52187925024397],[-70.60097082184946,-33.521165468555964],[-70.60262244712573,-33.51984259161414],[-70.60534265508974,-33.51710269701684]],[[-70.60807413169721,-33.51828907630043],[-70.6083042735358,-33.51751711778316],[-70.60815657651577,-33.51747694771779],[-70.60793578087699,-33.51817920359041],[-70.60665848465435,-33.51810066415288],[-70.606659604495,-33.51819580999795],[-70.60807413169721,-33.51828907630043]]]}},{"type":"Feature","properties":{"comuna":"LaFlorida","zona":"PL","zona_code":"PL","nombre":"PL","decreto":""},"geometry":{"type":"Polygon","coordinates":[[[-70.59863617417841,-33.528993425148364],[-70.59889939646305,-33.528505132461156],[-70.59942585309746,-33.528501314732964],[-70.5994525603223,-33.52898579155732],[-70.59863617417841,-33.528993425148364]]]}},{"type":"Feature","properties":{"comuna":"LaFlorida","zona":"Z-AA+CB/CM","zona_code":"Z-AA+CB/CM","nombre":"Z-AA+CB/CM","decreto":""},"geometry":{"type":"Polygon","coordinates":[[[-70.59233931149063,-33.520238190023356],[-70.59277641540758,-33.51997911989896],[-70.59316553003812,-33.519406900805535],[-70.59271536811201,-33.518849943161115],[-70.59469977169776,-33.517753762595476],[-70.59533025205545,-33.51859427059018],[-70.60097082184946,-33.521165468555964],[-70.60174973425084,-33.52187925024397],[-70.60167947276412,-33.52210781353389],[-70.60181853140111,-33.52223558884841],[-70.60188428951342,-33.52557707520109],[-70.60104485815101,-33.524614382816615],[-70.59989440258835,-33.523790991048614],[-70.59884910981947,-33.52780725486724],[-70.59889939646305,-33.528505132461156],[-70.59863617417841,-33.528993425148364],[-70.59302827442689,-33.5287569411863],[-70.59305878956697,-33.52835639122593],[-70.5934505894985,-33.52836516040145],[-70.59407048536757,-33.52681569198526],[-70.59414071112967,-33.52645365966135],[-70.59401249750228,-33.526448990229966],[-70.59557657281569,-33.522710490761256],[-70.59534767976672,-33.52270667792651],[-70.59541682253379,-33.52076195660609],[-70.59372801317369,-33.52036505987073],[-70.59306578690986,-33.5205749906311],[-70.59233931149063,-33.520238190023356]]]}},{"type":"Feature","properties":{"comuna":"LaFlorida","zona":"Z-AM","zona_code":"Z-AM","nombre":"Z-AM","decreto":""},"geometry":{"type":"Polygon","coordinates":[[[-70.58549870690035,-33.51571675689916],[-70.58669542474225,-33.51426841851192],[-70.58775595988757,-33.51384115889521],[-70.58890445932026,-33.51244405009742],[-70.5895260594663,-33.51233812119022],[-70.58967102872046,-33.51286456151439],[-70.58960999100829,-33.512933230846784],[-70.58985153167126,-33.51353787327181],[-70.59067797528508,-33.51448717821659],[-70.59143695993899,-33.51491087241353],[-70.59146606299782,-33.51511826655536],[-70.59311210244692,-33.51707225166331],[-70.59267720559947,-33.51733165878065],[-70.59183029583849,-33.516946370021614],[-70.59302818767533,-33.51866301677597],[-70.59271536811201,-33.518849943161115],[-70.59316553003812,-33.519406900805535],[-70.59277641540758,-33.51997911989896],[-70.59233931149063,-33.520238190023356],[-70.59306578690986,-33.5205749906311],[-70.59372801317369,-33.52036505987073],[-70.59541682253379,-33.52076195660609],[-70.59534767976672,-33.52270667792651],[-70.59557657281569,-33.522710490761256],[-70.59401249750228,-33.526448990229966],[-70.59414071112967,-33.52645365966135],[-70.59407048536757,-33.52681569198526],[-70.5934505894985,-33.52836516040145],[-70.59305878956697,-33.52835639122593],[-70.59302827442689,-33.5287569411863],[-70.5914665962767,-33.528820710955756],[-70.59143364704042,-33.52873787982626],[-70.58536514479687,-33.52861572708554],[-70.58556193682215,-33.52779704271241],[-70.58486922435559,-33.527677864290155],[-70.58467482021271,-33.52849581008819],[-70.58447165469491,-33.528529598741784],[-70.5860041977215,-33.52147125203217],[-70.58657291455704,-33.52147053860941],[-70.58677601017857,-33.52070264945422],[-70.58621435869816,-33.52069383381304],[-70.58655317220405,-33.519476995286965],[-70.5873516216036,-33.51852190563522],[-70.58783230110642,-33.51879275209954],[-70.5902463448077,-33.516191527505754],[-70.58891414368354,-33.51552849609636],[-70.58547490507397,-33.515892376792536],[-70.58549870690035,-33.51571675689916]]]}},{"type":"Feature","properties":{"comuna":"LaFlorida","zona":"ED-2","zona_code":"ED-2","nombre":"ED-2","decreto":""},"geometry":{"type":"Polygon","coordinates":[[[-70.58783230110642,-33.51879275209954],[-70.58643236320016,-33.51800443538386],[-70.58803065302446,-33.516282620948495],[-70.58803064794424,-33.5156417361319],[-70.58899327773244,-33.51554321226763],[-70.5902463448077,-33.516191527505754],[-70.58783230110642,-33.51879275209954]]]}},{"type":"Feature","properties":{"comuna":"LaFlorida","zona":"U-VEV3","zona_code":"U-VEV3","nombre":"U-VEV3","decreto":""},"geometry":{"type":"Polygon","coordinates":[[[-70.58346704229157,-33.51676592168748],[-70.58388002424732,-33.513715295721916],[-70.58573310196957,-33.51370849451254],[-70.58401535031133,-33.51604339110852],[-70.58803064794424,-33.5156417361319],[-70.58803065302446,-33.516282620948495],[-70.58643236320016,-33.51800443538386],[-70.5873516216036,-33.51852190563522],[-70.5866155628143,-33.5193446032606],[-70.58621435869816,-33.52069383381304],[-70.58575525247916,-33.520705910933124],[-70.58575965276961,-33.52146649727905],[-70.58083975163831,-33.521370743781496],[-70.58086631350336,-33.52017374766444],[-70.58050141654695,-33.51971327875484],[-70.58216179800596,-33.51833735397743],[-70.5828106252003,-33.517652400468],[-70.58346704229157,-33.51676592168748]],[[-70.58520055994492,-33.51836379937701],[-70.58426918476464,-33.51835407202823],[-70.58424630697735,-33.51968543406054],[-70.58519319880486,-33.51969305626445],[-70.58520055994492,-33.51836379937701]]]}},{"type":"Feature","properties":{"comuna":"LaFlorida","zona":"U-VEV3","zona_code":"U-VEV3","nombre":"U-VEV3","decreto":""},"geometry":{"type":"Polygon","coordinates":[[[-70.58233308456236,-33.51815653161327],[-70.58082814618363,-33.5180031340741],[-70.58088918057943,-33.517633098056116],[-70.57932507119534,-33.51746525778352],[-70.5794909768864,-33.51638943281843],[-70.58146903522584,-33.51659928777164],[-70.58139274261514,-33.51716769011904],[-70.58304242137145,-33.51734022099088],[-70.58233308456236,-33.51815653161327]]]}},{"type":"Feature","properties":{"comuna":"LaFlorida","zona":"U-VEV3","zona_code":"U-VEV3","nombre":"U-VEV3","decreto":""},"geometry":{"type":"Polygon","coordinates":[[[-70.58519319880486,-33.51969305626445],[-70.58424630697735,-33.51968543406054],[-70.58426918476464,-33.51835407202823],[-70.58520055994492,-33.51836379937701],[-70.58519319880486,-33.51969305626445]]]}},{"type":"Feature","properties":{"comuna":"LaFlorida","zona":"PL","zona_code":"PL","nombre":"PL","decreto":""},"geometry":{"type":"Polygon","coordinates":[[[-70.58575965276961,-33.52146649727905],[-70.58575525247916,-33.520705910933124],[-70.58677601017857,-33.52070264945422],[-70.58657291455704,-33.52147053860941],[-70.58575965276961,-33.52146649727905]]]}},{"type":"Feature","properties":{"comuna":"LaFlorida","zona":"PL","zona_code":"PL","nombre":"PL","decreto":""},"geometry":{"type":"Polygon","coordinates":[[[-70.60786263689087,-33.5279079076662],[-70.60714337508789,-33.527356831607875],[-70.60756373652183,-33.52705557380299],[-70.6083031055012,-33.5276086011501],[-70.60786263689087,-33.5279079076662]]]}},{"type":"Feature","properties":{"comuna":"LaFlorida","zona":"U-VEV3","zona_code":"U-VEV3","nombre":"U-VEV3","decreto":""},"geometry":{"type":"Polygon","coordinates":[[[-70.60541027907604,-33.527678826829735],[-70.60614524811999,-33.52721361938327],[-70.60632148586616,-33.527358077722084],[-70.60619033340492,-33.527491073488235],[-70.60657470390525,-33.52777679650157],[-70.60714337508789,-33.527356831607875],[-70.60759353635517,-33.52770397368252],[-70.6067395278792,-33.52833407231426],[-70.60715101793548,-33.52866148802787],[-70.60703292053644,-33.52877159292647],[-70.60746384226951,-33.52911162973033],[-70.60733469726054,-33.52922920653593],[-70.60786045164109,-33.529569828874],[-70.60701767748111,-33.530136363049046],[-70.60541027907604,-33.527678826829735]]]}},{"type":"Feature","properties":{"comuna":"LaFlorida","zona":"U-VEV3","zona_code":"U-VEV3","nombre":"U-VEV3","decreto":""},"geometry":{"type":"Polygon","coordinates":[[[-70.6066511847395,-33.52689337507463],[-70.60729603481515,-33.526722748787414],[-70.60974094814001,-33.52670993795885],[-70.60978846935679,-33.52823106966934],[-70.60778146570914,-33.52956617766891],[-70.60733469726054,-33.52922920653593],[-70.60746384226951,-33.52911162973033],[-70.60703292053644,-33.52877159292647],[-70.60715101793548,-33.52866148802787],[-70.6067395278792,-33.52833407231426],[-70.60759353635517,-33.52770397368252],[-70.60786263689087,-33.5279079076662],[-70.6083031055012,-33.5276086011501],[-70.60756373652183,-33.52705557380299],[-70.60657470390525,-33.52777679650157],[-70.60619033340492,-33.527491073488235],[-70.60632148586616,-33.527358077722084],[-70.60614524811999,-33.52721361938327],[-70.6066511847395,-33.52689337507463]]]}},{"type":"Feature","properties":{"comuna":"LaFlorida","zona":"U-VEV3","zona_code":"U-VEV3","nombre":"U-VEV3","decreto":""},"geometry":{"type":"Polygon","coordinates":[[[-70.60514441259707,-33.53214058826458],[-70.60595545994299,-33.531757150046914],[-70.60612808672127,-33.53202684969557],[-70.60665480461837,-33.53179538319574],[-70.60696597187365,-33.532278716285745],[-70.60643723279594,-33.532509827980405],[-70.60636998488151,-33.53240476713691],[-70.6055564259292,-33.53278146980011],[-70.60514441259707,-33.53214058826458]]]}},{"type":"Feature","properties":{"comuna":"LaFlorida","zona":"U-VEV3","zona_code":"U-VEV3","nombre":"U-VEV3","decreto":""},"geometry":{"type":"Polygon","coordinates":[[[-70.60602948032921,-33.533506273305285],[-70.60683950836854,-33.5331328779087],[-70.60668126642831,-33.53288783427092],[-70.60747608284059,-33.53252419331338],[-70.6079027612858,-33.53317746389796],[-70.60710123470555,-33.533538161004195],[-70.60725827616201,-33.533781105757214],[-70.60644149431324,-33.53416241575917],[-70.60602948032921,-33.533506273305285]]]}},{"type":"Feature","properties":{"comuna":"LaFlorida","zona":"U-VEV3","zona_code":"U-VEV3","nombre":"U-VEV3","decreto":""},"geometry":{"type":"Polygon","coordinates":[[[-70.6069526977128,-33.534940627588],[-70.60777171520294,-33.534568016567114],[-70.60763659056931,-33.53436092211855],[-70.60818998767881,-33.534107718602996],[-70.60849586012458,-33.53458297273192],[-70.60794679085421,-33.53483634147166],[-70.60820071038933,-33.53522549599568],[-70.60738760066982,-33.53559676523433],[-70.6069526977128,-33.534940627588]]]}},{"type":"Feature","properties":{"comuna":"LaFlorida","zona":"U-VEV3","zona_code":"U-VEV3","nombre":"U-VEV3","decreto":""},"geometry":{"type":"Polygon","coordinates":[[[-70.608539678417,-33.535744994355696],[-70.60822283479959,-33.53525940384508],[-70.60877850509421,-33.53500505889716],[-70.60912030873693,-33.535491602351556],[-70.608539678417,-33.535744994355696]]]}},{"type":"Feature","properties":{"comuna":"LaFlorida","zona":"U-VEV4","zona_code":"U-VEV4","nombre":"U-VEV4","decreto":""},"geometry":{"type":"Polygon","coordinates":[[[-70.60777539001201,-33.53127424108767],[-70.60701767748111,-33.530136363049046],[-70.60786045164109,-33.529569828874],[-70.60797178635703,-33.529574975409524],[-70.60879144226467,-33.530801572834605],[-70.60777539001201,-33.53127424108767]]]}},{"type":"Feature","properties":{"comuna":"LaFlorida","zona":"U-VEV4","zona_code":"U-VEV4","nombre":"U-VEV4","decreto":""},"geometry":{"type":"Polygon","coordinates":[[[-70.60637280312076,-33.53136618053633],[-70.60438682023327,-33.52834618723809],[-70.60541027907604,-33.527678826829735],[-70.60777539001201,-33.53127424108767],[-70.60879144226467,-33.530801572834605],[-70.60797178635703,-33.529574975409524],[-70.60786045164109,-33.529569828874],[-70.60978846935679,-33.52823106966934],[-70.6100980324606,-33.53639145747736],[-70.60895247455768,-33.536388661630475],[-70.60854614663826,-33.53575507924671],[-70.60912030873693,-33.535491602351556],[-70.60877850509421,-33.53500505889716],[-70.60822283479959,-33.53525940384508],[-70.60794679085421,-33.53483634147166],[-70.60849586012458,-33.53458297273192],[-70.60818998767881,-33.534107718602996],[-70.60763659056931,-33.53436092211855],[-70.60710123470555,-33.533538161004195],[-70.6079027612858,-33.53317746389796],[-70.60747608284059,-33.53252419331338],[-70.60668126642831,-33.53288783427092],[-70.60643723279594,-33.532509827980405],[-70.60696597187365,-33.532278716285745],[-70.60665480461837,-33.53179538319574],[-70.60612808672127,-33.53202684969557],[-70.60585858244318,-33.53160580033293],[-70.60637280312076,-33.53136618053633]],[[-70.60887944760803,-33.53076250054575],[-70.60918056364393,-33.531221198205095],[-70.60915004863178,-33.53064236240617],[-70.60887944760803,-33.53076250054575]],[[-70.60811017394829,-33.53176175746818],[-70.60779194711411,-33.53190786744134],[-70.60807425341679,-33.53233130550105],[-70.60838758311557,-33.532191434077326],[-70.60811017394829,-33.53176175746818]],[[-70.6089112550782,-33.531951148960864],[-70.60922286476584,-33.532439291528355],[-70.6092000796677,-33.53182090614392],[-70.6089112550782,-33.531951148960864]],[[-70.60932722548657,-33.5335843547567],[-70.60931810297177,-33.53300367921987],[-70.60899247254072,-33.533148910953486],[-70.60923399515033,-33.53365121907096],[-70.60932722548657,-33.5335843547567]],[[-70.60928978872441,-33.534218676893474],[-70.60902331047029,-33.53433837950751],[-70.60931431066773,-33.534752756210615],[-70.60928978872441,-33.534218676893474]]]}},{"type":"Feature","properties":{"comuna":"LaFlorida","zona":"U-VEV4","zona_code":"U-VEV4","nombre":"U-VEV4","decreto":""},"geometry":{"type":"Polygon","coordinates":[[[-70.60339321321864,-33.52904286245219],[-70.60394572652599,-33.5286711900949],[-70.60491969567347,-33.53015743208295],[-70.60319525186152,-33.530940940375],[-70.60317147958328,-33.53028712239026],[-70.5985702697274,-33.53041135909977],[-70.59852936014657,-33.52935201445018],[-70.59863617417841,-33.528993425148364],[-70.60339321321864,-33.52904286245219]],[[-70.59945446659701,-33.529449596072475],[-70.59945906303244,-33.5295704305558],[-70.60030575910591,-33.52955405334444],[-70.60030240111466,-33.529442172434194],[-70.59945446659701,-33.529449596072475]],[[-70.60074901317337,-33.52973664235976],[-70.60108709884042,-33.529734123473105],[-70.60108533945035,-33.52943974265239],[-70.60073677662518,-33.52943425711186],[-70.60074901317337,-33.52973664235976]],[[-70.60194938737946,-33.529644915927136],[-70.6027240470783,-33.529612457479466],[-70.60272117321684,-33.52952873072286],[-70.60315461069419,-33.52952296538659],[-70.6031530124223,-33.52943591334462],[-70.60152786844456,-33.52943592251832],[-70.60153053109856,-33.529540842177084],[-70.60194824739008,-33.52952911143172],[-70.60194938737946,-33.529644915927136]]]}},{"type":"Feature","properties":{"comuna":"LaFlorida","zona":"U-VEV3","zona_code":"U-VEV3","nombre":"U-VEV3","decreto":""},"geometry":{"type":"Polygon","coordinates":[[[-70.60434048935504,-33.530416520416594],[-70.60491969567347,-33.53015743208295],[-70.60394572652599,-33.5286711900949],[-70.60438682023327,-33.52834618723809],[-70.60637280312076,-33.53136618053633],[-70.60585858244318,-33.53160580033293],[-70.60554270456556,-33.53111229508504],[-70.60496601929285,-33.531505756678094],[-70.60434048935504,-33.530416520416594]]]}},{"type":"Feature","properties":{"comuna":"LaFlorida","zona":"U-VEV3","zona_code":"U-VEV3","nombre":"U-VEV3","decreto":""},"geometry":{"type":"Polygon","coordinates":[[[-70.60841763106781,-33.53670686352002],[-70.60902744640335,-33.53652222986744],[-70.60895247455768,-33.536388661630475],[-70.6100980324606,-33.53639145747736],[-70.61029441349658,-33.53906486801536],[-70.60972998059913,-33.53911399136392],[-70.60962315697923,-33.53872869618142],[-70.60893039496074,-33.53769329075063],[-70.60880787119278,-33.53772688675347],[-70.60841763106781,-33.53670686352002]]]}},{"type":"Feature","properties":{"comuna":"LaFlorida","zona":"U-VEV4","zona_code":"U-VEV4","nombre":"U-VEV4","decreto":""},"geometry":{"type":"Polygon","coordinates":[[[-70.60526889110534,-33.53339351080713],[-70.60460502910219,-33.53240532384597],[-70.60514441259707,-33.53214058826458],[-70.6055564259292,-33.53278146980011],[-70.60636998488151,-33.53240476713691],[-70.60683950836854,-33.5331328779087],[-70.60602948032921,-33.533506273305285],[-70.60644149431324,-33.53416241575917],[-70.60725827616201,-33.533781105757214],[-70.60777171520294,-33.534568016567114],[-70.6069526977128,-33.534940627588],[-70.60738760066982,-33.53559676523433],[-70.60820071038933,-33.53522549599568],[-70.60902744640335,-33.53652222986744],[-70.60841763106781,-33.53670686352002],[-70.60880787119278,-33.53772688675347],[-70.60893039496074,-33.53769329075063],[-70.60962315697923,-33.53872869618142],[-70.60972998059913,-33.53911399136392],[-70.61029441349658,-33.53906486801536],[-70.61056485776851,-33.54615547332048],[-70.6091618349224,-33.54618162916289],[-70.60916853093332,-33.54636614083878],[-70.60869325955929,-33.54637216295725],[-70.60870288631364,-33.546170614784415],[-70.60843407437883,-33.54616811973045],[-70.6084437413637,-33.54638662932169],[-70.60650513880482,-33.54645091496083],[-70.60650263756217,-33.546293437460186],[-70.60578462924069,-33.54630948821245],[-70.60578233030904,-33.546141393632375],[-70.6055495467083,-33.54614491985381],[-70.60554128074294,-33.54594248200023],[-70.60501211161163,-33.54595415438983],[-70.60502782890785,-33.54653304324331],[-70.60451905898776,-33.54654390619515],[-70.60445020072929,-33.543592579546385],[-70.6045275789947,-33.54359060449688],[-70.60454175521129,-33.54325687899649],[-70.60481946051121,-33.54287834579237],[-70.60486391075882,-33.542586431163066],[-70.60450893362788,-33.54259103246485],[-70.60448818352839,-33.54173944740744],[-70.60418264920985,-33.54174760217158],[-70.60405341733392,-33.53965953670484],[-70.60557174638305,-33.53963282445391],[-70.60555377093199,-33.538941518205775],[-70.60544203261479,-33.53866005531777],[-70.60586929752039,-33.53854560652686],[-70.60551069076142,-33.53766439190531],[-70.60401525090431,-33.53763769986256],[-70.60399235316505,-33.53672596690494],[-70.60412737083179,-33.53672485789935],[-70.60409152966048,-33.53550523404064],[-70.60515961027302,-33.53559507183699],[-70.60516937591503,-33.535993777361846],[-70.60536510621033,-33.535986470754565],[-70.60531434245138,-33.53586066752243],[-70.60543158727646,-33.535825439904194],[-70.60419070367521,-33.53389539388453],[-70.60526889110534,-33.53339351080713]],[[-70.60712825759262,-33.543527712645506],[-70.60562518831374,-33.54356586984956],[-70.60519791893284,-33.543573501223605],[-70.6071511550101,-33.54453481634394],[-70.60712825759262,-33.543527712645506]]]}},{"type":"Feature","properties":{"comuna":"LaFlorida","zona":"U-EC1","zona_code":"U-EC1","nombre":"U-EC1","decreto":""},"geometry":{"type":"Polygon","coordinates":[[[-70.60270281423536,-33.5315014328006],[-70.60250584518005,-33.53150089259145],[-70.60249424114365,-33.53106869665812],[-70.60319467153742,-33.53105772301246],[-70.60319525186152,-33.530940940375],[-70.60434048935504,-33.530416520416594],[-70.60496601929285,-33.531505756678094],[-70.60554270456556,-33.53111229508504],[-70.60595545994299,-33.531757150046914],[-70.60460502910219,-33.53240532384597],[-70.60526889110534,-33.53339351080713],[-70.60419070367521,-33.53389539388453],[-70.60507732397738,-33.535286409994946],[-70.60460320442765,-33.535489387063954],[-70.60409152966048,-33.53550523404064],[-70.60412737083179,-33.53672485789935],[-70.60399235316505,-33.53672596690494],[-70.60401525090431,-33.53763769986256],[-70.60551069076142,-33.53766439190531],[-70.60586929752039,-33.53854560652686],[-70.60544203261479,-33.53866005531777],[-70.60555377093199,-33.538941518205775],[-70.60557174638305,-33.53963282445391],[-70.60405341733392,-33.53965953670484],[-70.60418264920985,-33.54174760217158],[-70.60448818352839,-33.54173944740744],[-70.60450893362788,-33.54259103246485],[-70.60486391075882,-33.542586431163066],[-70.60481946051121,-33.54287834579237],[-70.60454175521129,-33.54325687899649],[-70.6045275789947,-33.54359060449688],[-70.60445020072929,-33.543592579546385],[-70.60451905898776,-33.54654390619515],[-70.60502782890785,-33.54653304324331],[-70.60501211161163,-33.54595415438983],[-70.60554128074294,-33.54594248200023],[-70.6055495467083,-33.54614491985381],[-70.60578233030904,-33.546141393632375],[-70.60578462924069,-33.54630948821245],[-70.60650263756217,-33.546293437460186],[-70.60650513880482,-33.54645091496083],[-70.6084437413637,-33.54638662932169],[-70.60843407437883,-33.54616811973045],[-70.60870288631364,-33.546170614784415],[-70.60869325955929,-33.54637216295725],[-70.60916853093332,-33.54636614083878],[-70.6091618349224,-33.54618162916289],[-70.61056485776851,-33.54615547332048],[-70.61058255452039,-33.546660561809716],[-70.61386763186809,-33.546568702898796],[-70.61482582080845,-33.54640367270091],[-70.61477885816738,-33.54680628866561],[-70.61390043290308,-33.546970708835396],[-70.60811262781816,-33.547028338627506],[-70.60802940855923,-33.54722524786784],[-70.60753924967584,-33.54709733147429],[-70.60439349019832,-33.547177308863425],[-70.60391716604094,-33.549059498787585],[-70.60304069616858,-33.54907321329474],[-70.60358771206904,-33.54685228540946],[-70.60347241932836,-33.53962309932426],[-70.60344675319493,-33.538436920485466],[-70.60280811498717,-33.538451484834226],[-70.60265248666144,-33.532439441562296],[-70.60272577255058,-33.53243815385147],[-70.60270281423536,-33.5315014328006]]]}},{"type":"Feature","properties":{"comuna":"LaFlorida","zona":"U-EC1","zona_code":"U-EC1","nombre":"U-EC1","decreto":""},"geometry":{"type":"Polygon","coordinates":[[[-70.60305298747623,-33.54687365832578],[-70.60305056018538,-33.54622133668638],[-70.6035726034765,-33.546216408672606],[-70.60358771206904,-33.54685228540946],[-70.60305298747623,-33.54687365832578]]]}},{"type":"Feature","properties":{"comuna":"LaFlorida","zona":"PL","zona_code":"PL","nombre":"PL","decreto":""},"geometry":{"type":"Polygon","coordinates":[[[-70.60251825362039,-33.53198145361631],[-70.60250584518005,-33.53150089259145],[-70.60270281423536,-33.5315014328006],[-70.60271813798622,-33.53198037786246],[-70.60251825362039,-33.53198145361631]]]}},{"type":"Feature","properties":{"comuna":"LaFlorida","zona":"U-VEV4","zona_code":"U-VEV4","nombre":"U-VEV4","decreto":""},"geometry":{"type":"Polygon","coordinates":[[[-70.60206173223284,-33.53244942433249],[-70.60202044601567,-33.53107531114854],[-70.60249424114365,-33.53106869665812],[-70.60251825362039,-33.53198145361631],[-70.60271813798622,-33.53198037786246],[-70.60272577255058,-33.53243815385147],[-70.60265248666144,-33.532439441562296],[-70.60280811498717,-33.538451484834226],[-70.60344675319493,-33.538436920485466],[-70.603463323277,-33.53920273597519],[-70.59813269697177,-33.53932005733393],[-70.5980808940037,-33.5368809749405],[-70.59836649691871,-33.536876429575955],[-70.59837050287102,-33.53647957345528],[-70.59855089627354,-33.536477723303925],[-70.59856255930238,-33.53609070367762],[-70.59894191737533,-33.536087354334875],[-70.59893770100946,-33.53562827494733],[-70.59823359313914,-33.535715732670276],[-70.59814932140787,-33.53361448681599],[-70.59888062451526,-33.53344445949442],[-70.59932030111334,-33.53344005067365],[-70.599521256756,-33.532308468742656],[-70.60029440216194,-33.532468641448666],[-70.60206173223284,-33.53244942433249]]]}},{"type":"Feature","properties":{"comuna":"LaFlorida","zona":"PL","zona_code":"PL","nombre":"PL","decreto":""},"geometry":{"type":"Polygon","coordinates":[[[-70.60152786844456,-33.52943592251832],[-70.6031530124223,-33.52943591334462],[-70.60315461069419,-33.52952296538659],[-70.60194938737946,-33.529644915927136],[-70.60194824739008,-33.52952911143172],[-70.60153053109856,-33.529540842177084],[-70.60152786844456,-33.52943592251832]]]}},{"type":"Feature","properties":{"comuna":"LaFlorida","zona":"PL","zona_code":"PL","nombre":"PL","decreto":""},"geometry":{"type":"Polygon","coordinates":[[[-70.60074901317337,-33.52973664235976],[-70.60073677662518,-33.52943425711186],[-70.60108533945035,-33.52943974265239],[-70.60108709884042,-33.529734123473105],[-70.60074901317337,-33.52973664235976]]]}},{"type":"Feature","properties":{"comuna":"LaFlorida","zona":"PL","zona_code":"PL","nombre":"PL","decreto":""},"geometry":{"type":"Polygon","coordinates":[[[-70.60807425341679,-33.53233130550105],[-70.60779194711411,-33.53190786744134],[-70.60811017394829,-33.53176175746818],[-70.60838758311557,-33.532191434077326],[-70.60807425341679,-33.53233130550105]]]}},{"type":"Feature","properties":{"comuna":"LaFlorida","zona":"PL","zona_code":"PL","nombre":"PL","decreto":""},"geometry":{"type":"Polygon","coordinates":[[[-70.6089112550782,-33.531951148960864],[-70.6092000796677,-33.53182090614392],[-70.60922286476584,-33.532439291528355],[-70.6089112550782,-33.531951148960864]]]}},{"type":"Feature","properties":{"comuna":"LaFlorida","zona":"PL","zona_code":"PL","nombre":"PL","decreto":""},"geometry":{"type":"Polygon","coordinates":[[[-70.60899247254072,-33.533148910953486],[-70.60931810297177,-33.53300367921987],[-70.60932722548657,-33.5335843547567],[-70.60923399515033,-33.53365121907096],[-70.60899247254072,-33.533148910953486]]]}},{"type":"Feature","properties":{"comuna":"LaFlorida","zona":"PL","zona_code":"PL","nombre":"PL","decreto":""},"geometry":{"type":"Polygon","coordinates":[[[-70.60902331047029,-33.53433837950751],[-70.60928978872441,-33.534218676893474],[-70.60931431066773,-33.534752756210615],[-70.60902331047029,-33.53433837950751]]]}},{"type":"Feature","properties":{"comuna":"LaFlorida","zona":"PL","zona_code":"PL","nombre":"PL","decreto":""},"geometry":{"type":"Polygon","coordinates":[[[-70.60887944760803,-33.53076250054575],[-70.60915004863178,-33.53064236240617],[-70.60918056364393,-33.531221198205095],[-70.60887944760803,-33.53076250054575]]]}},{"type":"Feature","properties":{"comuna":"LaFlorida","zona":"PL","zona_code":"PL","nombre":"PL","decreto":""},"geometry":{"type":"Polygon","coordinates":[[[-70.60459580828645,-33.5354905416574],[-70.60507732397738,-33.535286409994946],[-70.60543158727646,-33.535825439904194],[-70.60531434245138,-33.53586066752243],[-70.60536510621033,-33.535986470754565],[-70.60516937591503,-33.535993777361846],[-70.60515961027302,-33.53559507183699],[-70.60466941927767,-33.53560850716647],[-70.60459580828645,-33.5354905416574]]]}},{"type":"Feature","properties":{"comuna":"LaFlorida","zona":"U-VEV4","zona_code":"U-VEV4","nombre":"U-VEV4","decreto":""},"geometry":{"type":"Polygon","coordinates":[[[-70.60344919467592,-33.54100341842749],[-70.60356968130588,-33.54607240875833],[-70.60220706359459,-33.54608746602869],[-70.6021841671914,-33.54521769348093],[-70.6030028196761,-33.545206060054845],[-70.60299292257423,-33.544969727372774],[-70.60217653489269,-33.54498117627163],[-70.60215352514159,-33.54412311787494],[-70.60023537188334,-33.544148452741474],[-70.60021565951779,-33.5428944984692],[-70.60254237890422,-33.54285504373098],[-70.60249539395096,-33.54101733208741],[-70.60344919467592,-33.54100341842749]]]}},{"type":"Feature","properties":{"comuna":"LaFlorida","zona":"U-VEV4","zona_code":"U-VEV4","nombre":"U-VEV4","decreto":""},"geometry":{"type":"Polygon","coordinates":[[[-70.61477885816738,-33.54680628866561],[-70.61415340882048,-33.548975744178854],[-70.60704437961668,-33.549146892829796],[-70.60712770975594,-33.54895291010517],[-70.60391716604094,-33.549059498787585],[-70.60439349019832,-33.547177308863425],[-70.60753924967584,-33.54709733147429],[-70.60802940855923,-33.54722524786784],[-70.60811262781816,-33.547028338627506],[-70.61390043290308,-33.546970708835396],[-70.61477885816738,-33.54680628866561]]]}},{"type":"Feature","properties":{"comuna":"LaFlorida","zona":"U-EC1","zona_code":"U-EC1","nombre":"U-EC1","decreto":""},"geometry":{"type":"Polygon","coordinates":[[[-70.59593539051315,-33.54789106524511],[-70.59593055397183,-33.54698358543465],[-70.59920217237513,-33.5469163415502],[-70.59922450935866,-33.54784048748614],[-70.59593539051315,-33.54789106524511]]]}},{"type":"Feature","properties":{"comuna":"LaFlorida","zona":"PL","zona_code":"PL","nombre":"PL","decreto":""},"geometry":{"type":"Polygon","coordinates":[[[-70.61161020680555,-33.55089123336759],[-70.61159937549282,-33.550531635634684],[-70.61185661644443,-33.55052058105277],[-70.61184332903275,-33.54980519223749],[-70.61128349640462,-33.54981144011519],[-70.6112636547728,-33.54927657216735],[-70.61189692518624,-33.54926893709738],[-70.6120266469865,-33.55090929584172],[-70.61161020680555,-33.55089123336759]]]}},{"type":"Feature","properties":{"comuna":"LaFlorida","zona":"PL","zona_code":"PL","nombre":"PL","decreto":""},"geometry":{"type":"Polygon","coordinates":[[[-70.60918156781213,-33.550977148222145],[-70.60914416528091,-33.550054847058725],[-70.60959647764562,-33.5500442813623],[-70.6096391457636,-33.55096503756102],[-70.60918156781213,-33.550977148222145]]]}},{"type":"Feature","properties":{"comuna":"LaFlorida","zona":"PL","zona_code":"PL","nombre":"PL","decreto":""},"geometry":{"type":"Polygon","coordinates":[[[-70.60616508277356,-33.55122676750171],[-70.60694858740504,-33.54937121935324],[-70.60705518393891,-33.54938911096597],[-70.60712068559658,-33.55020358949578],[-70.6074235967238,-33.55019771740777],[-70.6074258791533,-33.55062702738523],[-70.60684601361122,-33.550478256501],[-70.60653244724716,-33.55122568041581],[-70.60616508277356,-33.55122676750171]]]}},{"type":"Feature","properties":{"comuna":"LaFlorida","zona":"RI-2","zona_code":"RI-2","nombre":"RI-2","decreto":""},"geometry":{"type":"Polygon","coordinates":[[[-70.5980003494242,-33.56733050688407],[-70.59803324439008,-33.56707821336402],[-70.60049137706538,-33.563515108576645],[-70.60147470225961,-33.55873183817489],[-70.60232158902797,-33.55517047126496],[-70.60279462616292,-33.55393447853469],[-70.60366439064636,-33.550401979179426],[-70.60272398109555,-33.5503956555232],[-70.60291750057544,-33.54958761029135],[-70.60413829280375,-33.54957179589087],[-70.60308455745825,-33.55393447540958],[-70.60247494348127,-33.55529756505058],[-70.6016437606613,-33.55877107107791],[-70.60065974205612,-33.56352801131611],[-70.5980003494242,-33.56733050688407]]]}},{"type":"Feature","properties":{"comuna":"LaFlorida","zona":"U-EC1","zona_code":"U-EC1","nombre":"U-EC1","decreto":""},"geometry":{"type":"Polygon","coordinates":[[[-70.60410695566084,-33.5546859827062],[-70.60279487321068,-33.55458109392528],[-70.60308455745825,-33.55393447540958],[-70.60727376703475,-33.55401307073883],[-70.60707756167068,-33.554732379838875],[-70.60562982835344,-33.55473320975759],[-70.60562875682517,-33.554823730147575],[-70.60535995076971,-33.55484151969793],[-70.6051455351946,-33.554991172437276],[-70.6040611545801,-33.55497588148932],[-70.60410695566084,-33.5546859827062]]]}},{"type":"Feature","properties":{"comuna":"LaFlorida","zona":"U-VEV3","zona_code":"U-VEV3","nombre":"U-VEV3","decreto":""},"geometry":{"type":"Polygon","coordinates":[[[-70.60240550474933,-33.55393447913768],[-70.60249545511104,-33.553561030186614],[-70.60196915359151,-33.55345054598136],[-70.60272398109555,-33.5503956555232],[-70.60366439064636,-33.550401979179426],[-70.60279462616292,-33.55393447853469],[-70.60240550474933,-33.55393447913768]]]}},{"type":"Feature","properties":{"comuna":"LaFlorida","zona":"U-EC1","zona_code":"U-EC1","nombre":"U-EC1","decreto":""},"geometry":{"type":"Polygon","coordinates":[[[-70.60196915359151,-33.55345054598136],[-70.60249545511104,-33.553561030186614],[-70.60240550474933,-33.55393447913768],[-70.60279462616292,-33.55393447853469],[-70.60257336646664,-33.55457154763063],[-70.60171041980814,-33.554567187347416],[-70.60196915359151,-33.55345054598136]]]}},{"type":"Feature","properties":{"comuna":"LaFlorida","zona":"U-EC1","zona_code":"U-EC1","nombre":"U-EC1","decreto":""},"geometry":{"type":"Polygon","coordinates":[[[-70.60133641218822,-33.552363749882986],[-70.6014235256755,-33.55186307441439],[-70.60142849637911,-33.55038943873164],[-70.60272398109555,-33.5503956555232],[-70.60171041980814,-33.554567187347416],[-70.60014912422184,-33.554339840096844],[-70.60023864271102,-33.55389634579583],[-70.60031257706096,-33.5539004401064],[-70.60033724865782,-33.55293902868924],[-70.60118323480187,-33.5529516922142],[-70.60119194845049,-33.55240931548885],[-70.60133641218822,-33.552363749882986]]]}},{"type":"Feature","properties":{"comuna":"LaFlorida","zona":"U-VEV4","zona_code":"U-VEV4","nombre":"U-VEV4","decreto":""},"geometry":{"type":"Polygon","coordinates":[[[-70.59382474214767,-33.550301752290565],[-70.60101768717503,-33.55038273339747],[-70.60100952554656,-33.55214603520453],[-70.59625207661331,-33.55204894903636],[-70.59624640340904,-33.55113515708426],[-70.59384200731026,-33.55120344109234],[-70.59382474214767,-33.550301752290565]]]}},{"type":"Feature","properties":{"comuna":"LaFlorida","zona":"PL","zona_code":"PL","nombre":"PL","decreto":""},"geometry":{"type":"Polygon","coordinates":[[[-70.59945446659701,-33.529449596072475],[-70.60030240111466,-33.529442172434194],[-70.60030575910591,-33.52955405334444],[-70.59945906303244,-33.5295704305558],[-70.59945446659701,-33.529449596072475]]]}},{"type":"Feature","properties":{"comuna":"LaFlorida","zona":"U-EC1","zona_code":"U-EC1","nombre":"U-EC1","decreto":""},"geometry":{"type":"Polygon","coordinates":[[[-70.5852509584415,-33.55334637481313],[-70.58744053748252,-33.55341189332063],[-70.58728326806441,-33.55437120285997],[-70.58647202145978,-33.55434997838892],[-70.58626594474494,-33.55561419770447],[-70.58755076426982,-33.55563716166804],[-70.58748510003359,-33.55615729964556],[-70.58617266833558,-33.55611349076896],[-70.5859808653893,-33.55722742192907],[-70.58680710193532,-33.55734331055394],[-70.58664518224899,-33.558533748590094],[-70.58966999534543,-33.55880441480633],[-70.58948984119971,-33.55983513221623],[-70.58558042030312,-33.55947970004421],[-70.58535671264355,-33.560767020558146],[-70.58721092384978,-33.560957601816746],[-70.5870319846298,-33.56221106439586],[-70.58619096990266,-33.56213267404762],[-70.58614235727906,-33.562486101956914],[-70.586010606779,-33.56247271016983],[-70.58593985311744,-33.56319735679126],[-70.58559715503051,-33.56316255112358],[-70.58554414923468,-33.563537687790514],[-70.5858793097965,-33.563571636040464],[-70.5858009529857,-33.564274685731654],[-70.58567708293577,-33.56426182212941],[-70.58559751599493,-33.56490332529188],[-70.58597937537526,-33.56495215009253],[-70.5857701433505,-33.566136008470366],[-70.58441901834581,-33.565959202667955],[-70.58448976128086,-33.56558369693422],[-70.58306716621794,-33.56537175443502],[-70.58375337871288,-33.561744454251325],[-70.58362052506284,-33.56165026000697],[-70.5840177559298,-33.55950036599888],[-70.58386743032281,-33.55947872523615],[-70.58395782642718,-33.55882480655164],[-70.58431863250975,-33.55881486235758],[-70.58436109024908,-33.558588623608614],[-70.58461714333565,-33.55859258363274],[-70.58471065367486,-33.55800406432435],[-70.58446026789183,-33.55797319550836],[-70.5849866995279,-33.55491880294572],[-70.58612547128746,-33.55506019802226],[-70.58615611777395,-33.55488086403647],[-70.58500627348947,-33.554802325488254],[-70.5852509584415,-33.55334637481313]],[[-70.58522776840906,-33.5602157801136],[-70.58472640273304,-33.56014982777805],[-70.5845601504418,-33.56108697903156],[-70.5850608701893,-33.561151127557316],[-70.58522776840906,-33.5602157801136]],[[-70.58551572910518,-33.56356993485726],[-70.5849855066725,-33.56348182613253],[-70.58486257132168,-33.5641785166788],[-70.58541405065888,-33.56423450845551],[-70.58551572910518,-33.56356993485726]]]}},{"type":"Feature","properties":{"comuna":"LaFlorida","zona":"U-EC1","zona_code":"U-EC1","nombre":"U-EC1","decreto":""},"geometry":{"type":"Polygon","coordinates":[[[-70.58645959896667,-33.56772264492457],[-70.58414806808254,-33.56739737022117],[-70.58441901834581,-33.565959202667955],[-70.58679190663491,-33.5662710012738],[-70.58645959896667,-33.56772264492457]]]}},{"type":"Feature","properties":{"comuna":"LaFlorida","zona":"U-EC1","zona_code":"U-EC1","nombre":"U-EC1","decreto":""},"geometry":{"type":"Polygon","coordinates":[[[-70.58757337283251,-33.541443263687654],[-70.587830572495,-33.541426421581285],[-70.58778672160429,-33.541761583849826],[-70.5874380450677,-33.541770082855884],[-70.58757337283251,-33.541443263687654]]]}},{"type":"Feature","properties":{"comuna":"LaFlorida","zona":"U-EC1","zona_code":"U-EC1","nombre":"U-EC1","decreto":""},"geometry":{"type":"MultiPolygon","coordinates":[[[[-70.58670342599791,-33.557333550895436],[-70.5859808653893,-33.55722742192907],[-70.58617266833558,-33.55611349076896],[-70.58686442631254,-33.55613378694782],[-70.58670342599791,-33.557333550895436]]],[[[-70.58626594474494,-33.55561419770447],[-70.58647202145978,-33.55434997838892],[-70.5871204152726,-33.5543732911459],[-70.5869175659598,-33.5556138098166],[-70.58626594474494,-33.55561419770447]]]]}},{"type":"Feature","properties":{"comuna":"LaFlorida","zona":"U-EC1","zona_code":"U-EC1","nombre":"U-EC1","decreto":""},"geometry":{"type":"Polygon","coordinates":[[[-70.59234869604533,-33.53689632190228],[-70.59344107885406,-33.536890930351724],[-70.59346626945664,-33.537256435079556],[-70.59323435335872,-33.53726391714334],[-70.59328117043869,-33.53852632463995],[-70.59158187308812,-33.53857605709995],[-70.59234869604533,-33.53689632190228]]]}},{"type":"Feature","properties":{"comuna":"LaFlorida","zona":"U-EC1","zona_code":"U-EC1","nombre":"U-EC1","decreto":""},"geometry":{"type":"Polygon","coordinates":[[[-70.59398199773005,-33.52877601125268],[-70.59561567331112,-33.52882813670701],[-70.59581656840618,-33.52890225414577],[-70.59368033868378,-33.53396967414489],[-70.59495102801507,-33.53399463506008],[-70.5949586634113,-33.53463551637833],[-70.59444747595151,-33.53576088217295],[-70.5940041793287,-33.53576593191506],[-70.59344107885406,-33.536890930351724],[-70.59234869604533,-33.53689632190228],[-70.59158187308812,-33.53857605709995],[-70.59328117043869,-33.53852632463995],[-70.59235976845483,-33.54061744123577],[-70.59063933600338,-33.54064728112799],[-70.59105994723241,-33.53970243298224],[-70.58956444502329,-33.53970158876549],[-70.58960259193873,-33.539564256327864],[-70.59344039610271,-33.531181434852016],[-70.59344029813066,-33.53027140943425],[-70.59393623246169,-33.530282853495216],[-70.59398199773005,-33.52877601125268]]]}},{"type":"Feature","properties":{"comuna":"LaFlorida","zona":"U-EC1","zona_code":"U-EC1","nombre":"U-EC1","decreto":""},"geometry":{"type":"Polygon","coordinates":[[[-70.58825212058079,-33.53969778143398],[-70.59105994723241,-33.53970243298224],[-70.59063933600338,-33.54064728112799],[-70.59206751931343,-33.54062119987328],[-70.59206396984814,-33.54086220890469],[-70.5921639400321,-33.540860218031604],[-70.59215838007184,-33.54147614412522],[-70.5912337027132,-33.5414889381803],[-70.5912364584797,-33.54175790201252],[-70.59134488067333,-33.54174951383647],[-70.59134945623987,-33.541962396968934],[-70.59125916246538,-33.541964928373304],[-70.59127094046477,-33.542585360731024],[-70.59282548990987,-33.54255750156587],[-70.59258802866302,-33.54301559445045],[-70.59258844477242,-33.54337204693104],[-70.5931275896603,-33.54335994602928],[-70.59316574349039,-33.54400846384573],[-70.59138866735067,-33.544044877194985],[-70.59140180999859,-33.54450308644118],[-70.5888849590066,-33.54455829301823],[-70.58801755096393,-33.546449214640475],[-70.58664272812528,-33.546473069769],[-70.58662786751776,-33.54540431162562],[-70.5864689120165,-33.54447616172135],[-70.58599307002939,-33.54448925343779],[-70.5860361455939,-33.544104036124004],[-70.58542491057237,-33.54402094561882],[-70.5855317364089,-33.54346395151405],[-70.58704664582368,-33.5434362791811],[-70.58778672160429,-33.541761583849826],[-70.58825212058079,-33.53969778143398]],[[-70.58925605229915,-33.543253762309405],[-70.58799529352599,-33.5428536550991],[-70.58772712645677,-33.54343317561924],[-70.58916566448052,-33.54343636396634],[-70.58925605229915,-33.543253762309405]]]}},{"type":"Feature","properties":{"comuna":"LaFlorida","zona":"U-EC1","zona_code":"U-EC1","nombre":"U-EC1","decreto":""},"geometry":{"type":"Polygon","coordinates":[[[-70.59581656840618,-33.52890225414577],[-70.59662991648464,-33.52891774247805],[-70.5965914015125,-33.53032479847198],[-70.5955703179585,-33.53034753979749],[-70.59567311670716,-33.53280152610081],[-70.59550561240204,-33.5331913946615],[-70.59552552530454,-33.53336598349771],[-70.59529983685711,-33.53335490434408],[-70.5952867391129,-33.533998446239494],[-70.59368033868378,-33.53396967414489],[-70.59581656840618,-33.52890225414577]]]}},{"type":"Feature","properties":{"comuna":"LaFlorida","zona":"U-EC1","zona_code":"U-EC1","nombre":"U-EC1","decreto":""},"geometry":{"type":"Polygon","coordinates":[[[-70.59393623246169,-33.530282853495216],[-70.59250193951141,-33.53024910953037],[-70.59258365853454,-33.5298575633066],[-70.59302827442689,-33.5287569411863],[-70.59398199773005,-33.52877601125268],[-70.59393623246169,-33.530282853495216]]]}},{"type":"Feature","properties":{"comuna":"LaFlorida","zona":"U-EC1","zona_code":"U-EC1","nombre":"U-EC1","decreto":""},"geometry":{"type":"Polygon","coordinates":[[[-70.5860724344674,-33.551829480268076],[-70.58607906101066,-33.55147439668259],[-70.58562757495108,-33.55146260086737],[-70.58555629673042,-33.55129861931939],[-70.5862691285158,-33.55073762353602],[-70.58645920619205,-33.549719237886066],[-70.58646017686121,-33.54902431358822],[-70.58656870311304,-33.54902262324657],[-70.58655268140902,-33.5481402023224],[-70.58666947627007,-33.54813770251193],[-70.58665247763845,-33.54717423820165],[-70.5877297765777,-33.547167915922024],[-70.58672890051506,-33.55281699211803],[-70.58780164515909,-33.5528668017189],[-70.58779554850585,-33.55297073551205],[-70.58756994113031,-33.55296195975438],[-70.58754748470628,-33.55341620406514],[-70.58561996108706,-33.55335854852026],[-70.58561995995751,-33.55320977315697],[-70.58513927881978,-33.552767260691844],[-70.58581069588406,-33.55224844753609],[-70.58551167238241,-33.551966151586136],[-70.58555890885626,-33.55181737533376],[-70.5860724344674,-33.551829480268076]]]}},{"type":"Feature","properties":{"comuna":"LaFlorida","zona":"U-EC1","zona_code":"U-EC1","nombre":"U-EC1","decreto":""},"geometry":{"type":"Polygon","coordinates":[[[-70.58665247763845,-33.54717423820165],[-70.58664272812528,-33.546473069769],[-70.58801755096393,-33.546449214640475],[-70.588519979813,-33.5453302891248],[-70.5909385378911,-33.545297578158596],[-70.5905432588237,-33.54628879463492],[-70.59012383704638,-33.54630467472282],[-70.58975061377446,-33.54715389490621],[-70.58866419324242,-33.54717857586998],[-70.5887023687855,-33.550245662602414],[-70.58772212939934,-33.55023861054909],[-70.58776130908572,-33.5510729210018],[-70.58783193119099,-33.551080863784684],[-70.58780164515909,-33.5528668017189],[-70.58672890051506,-33.55281699211803],[-70.5877297765777,-33.547167915922024],[-70.58665247763845,-33.54717423820165]]]}},{"type":"Feature","properties":{"comuna":"LaFlorida","zona":"U-EC1","zona_code":"U-EC1","nombre":"U-EC1","decreto":""},"geometry":{"type":"Polygon","coordinates":[[[-70.58183563862681,-33.56328891884202],[-70.58191589361022,-33.56299908116453],[-70.58220416333285,-33.56304781722116],[-70.58212042446536,-33.563339957766125],[-70.58183563862681,-33.56328891884202]]]}},{"type":"Feature","properties":{"comuna":"LaFlorida","zona":"U-EC1","zona_code":"U-EC1","nombre":"U-EC1","decreto":""},"geometry":{"type":"Polygon","coordinates":[[[-70.58220416333285,-33.56304781722116],[-70.5834679922697,-33.56326148078914],[-70.58333378011064,-33.56396429519329],[-70.58175745258399,-33.563687038753706],[-70.58183563862681,-33.56328891884202],[-70.58212042446536,-33.563339957766125],[-70.58220416333285,-33.56304781722116]]]}},{"type":"Feature","properties":{"comuna":"LaFlorida","zona":"U-EC1","zona_code":"U-EC1","nombre":"U-EC1","decreto":""},"geometry":{"type":"MultiPolygon","coordinates":[[[[-70.5888849590066,-33.54455829301823],[-70.58923346515105,-33.544552124055436],[-70.58922233168825,-33.54530913233979],[-70.588519979813,-33.5453302891248],[-70.5888849590066,-33.54455829301823]]],[[[-70.59344107885406,-33.536890930351724],[-70.5940041793287,-33.53576593191506],[-70.59417280288157,-33.53576469873053],[-70.59416469611178,-33.53598675975838],[-70.59369911026242,-33.53697776797752],[-70.59370740040522,-33.53724865540282],[-70.59346626945664,-33.537256435079556],[-70.59344107885406,-33.536890930351724]]]]}},{"type":"Feature","properties":{"comuna":"LaFlorida","zona":"U-EC1","zona_code":"U-EC1","nombre":"U-EC1","decreto":""},"geometry":{"type":"Polygon","coordinates":[[[-70.58558042030312,-33.55947970004421],[-70.58948984119971,-33.55983513221623],[-70.5894715165732,-33.5599399697054],[-70.58667206689857,-33.55966116540803],[-70.58647456477804,-33.56088893452824],[-70.58535671264355,-33.560767020558146],[-70.58558042030312,-33.55947970004421]]]}},{"type":"Feature","properties":{"comuna":"LaFlorida","zona":"PL","zona_code":"PL","nombre":"PL","decreto":""},"geometry":{"type":"Polygon","coordinates":[[[-70.58461714333565,-33.55859258363274],[-70.58436109024908,-33.558588623608614],[-70.58446026789183,-33.55797319550836],[-70.58471065367486,-33.55800406432435],[-70.58461714333565,-33.55859258363274]]]}},{"type":"Feature","properties":{"comuna":"LaFlorida","zona":"PL","zona_code":"PL","nombre":"PL","decreto":""},"geometry":{"type":"Polygon","coordinates":[[[-70.5845601504418,-33.56108697903156],[-70.58472640273304,-33.56014982777805],[-70.58522776840906,-33.5602157801136],[-70.5850608701893,-33.561151127557316],[-70.5845601504418,-33.56108697903156]]]}},{"type":"Feature","properties":{"comuna":"LaFlorida","zona":"PL","zona_code":"PL","nombre":"PL","decreto":""},"geometry":{"type":"Polygon","coordinates":[[[-70.58486257132168,-33.5641785166788],[-70.5849855066725,-33.56348182613253],[-70.58552085986993,-33.56353640075861],[-70.58541405065888,-33.56423450845551],[-70.58486257132168,-33.5641785166788]]]}},{"type":"Feature","properties":{"comuna":"LaFlorida","zona":"U-EC3","zona_code":"U-EC3","nombre":"U-EC3","decreto":""},"geometry":{"type":"Polygon","coordinates":[[[-70.580719324149,-33.51839674956866],[-70.58082814618363,-33.5180031340741],[-70.58233308456236,-33.51815653161327],[-70.58050141654695,-33.51971327875484],[-70.58086631350336,-33.52017374766444],[-70.58083975163831,-33.521370743781496],[-70.57927402980096,-33.52135051501085],[-70.5795966536921,-33.520819240625855],[-70.57833322773341,-33.52067349688001],[-70.5784552969676,-33.51986476378346],[-70.5790309681444,-33.51992317448474],[-70.57907637017568,-33.51950887673286],[-70.57934034985091,-33.51953287190855],[-70.57939375496962,-33.5191285048126],[-70.57990495385977,-33.51917809321513],[-70.58001939102364,-33.51837317336878],[-70.580719324149,-33.51839674956866]]]}},{"type":"Feature","properties":{"comuna":"LaFlorida","zona":"U-EC3","zona_code":"U-EC3","nombre":"U-EC3","decreto":""},"geometry":{"type":"Polygon","coordinates":[[[-70.5771735113443,-33.52189423957668],[-70.57747869072765,-33.52060865325912],[-70.57754897159909,-33.52059613612921],[-70.5795966536921,-33.520819240625855],[-70.57927402980096,-33.52135051501085],[-70.5860041977215,-33.52147125203217],[-70.585700732876,-33.5225937940898],[-70.58262118687176,-33.52261901462782],[-70.58248385832412,-33.52342393460595],[-70.5792030466215,-33.52338199251292],[-70.57848093122308,-33.523165686602965],[-70.57818554867376,-33.52383564928503],[-70.57696751836484,-33.523343857948106],[-70.57704085855316,-33.523172280166015],[-70.57623376540198,-33.52301803560282],[-70.57568244233073,-33.52279381791656],[-70.57571718909965,-33.52248477933007],[-70.57488493172302,-33.52246474491539],[-70.57477775617485,-33.521775993901485],[-70.57598036730721,-33.52177059694791],[-70.5771735113443,-33.52189423957668]]]}},{"type":"Feature","properties":{"comuna":"LaFlorida","zona":"U-EC3","zona_code":"U-EC3","nombre":"U-EC3","decreto":""},"geometry":{"type":"Polygon","coordinates":[[[-70.5755788943769,-33.52297001968366],[-70.57423978248497,-33.52285248144889],[-70.57391559577253,-33.52276021305859],[-70.5740281951862,-33.52244386080478],[-70.57571718909965,-33.52248477933007],[-70.57571741591167,-33.522726599769044],[-70.5755788943769,-33.52297001968366]]]}},{"type":"Feature","properties":{"comuna":"LaFlorida","zona":"U-EC3","zona_code":"U-EC3","nombre":"U-EC3","decreto":""},"geometry":{"type":"Polygon","coordinates":[[[-70.58297706532815,-33.52261775128113],[-70.58408610707359,-33.52261900593845],[-70.585700732876,-33.5225937940898],[-70.58557234669982,-33.52321386616022],[-70.58402228996019,-33.52295404273289],[-70.58400981241542,-33.52301955949872],[-70.58349861551416,-33.52293563699733],[-70.58345068564552,-33.523187116353235],[-70.5828908194337,-33.523088363581614],[-70.58297706532815,-33.52261775128113]]]}},{"type":"Feature","properties":{"comuna":"LaFlorida","zona":"U-EC3","zona_code":"U-EC3","nombre":"U-EC3","decreto":""},"geometry":{"type":"Polygon","coordinates":[[[-70.58254249374555,-33.52308025310047],[-70.58262118687176,-33.52261901462782],[-70.58297706532815,-33.52261775128113],[-70.5828908194337,-33.523088363581614],[-70.58254249374555,-33.52308025310047]]]}},{"type":"Feature","properties":{"comuna":"LaFlorida","zona":"R-1/AV3","zona_code":"R-1/AV3","nombre":"R-1/AV3","decreto":""},"geometry":{"type":"Polygon","coordinates":[[[-70.54796970497652,-33.51432825505198],[-70.54892793764249,-33.5123116645534],[-70.54924991212165,-33.5122956521318],[-70.55134072728374,-33.51292093848887],[-70.55349233155135,-33.513764254425276],[-70.55492637286592,-33.51409570792278],[-70.55492567605975,-33.51427800947856],[-70.5553165562331,-33.51426125674267],[-70.55531169310011,-33.51412103237293],[-70.5553933038395,-33.51430865277932],[-70.55576039637872,-33.5143070054658],[-70.55576908210415,-33.514173116748985],[-70.55705368687602,-33.514398303572705],[-70.55794412887079,-33.5148523390882],[-70.55865497378646,-33.51568176667051],[-70.5582871804429,-33.51595948035481],[-70.55783930631549,-33.51652658805143],[-70.55750018309774,-33.51787609395321],[-70.55572708943527,-33.51755238978783],[-70.55481512810832,-33.51725705451407],[-70.55060302410652,-33.51625780371226],[-70.55011295045117,-33.51562383376562],[-70.549981362695,-33.51478486034939],[-70.54988921013216,-33.51467052844987],[-70.54796970497652,-33.51432825505198]],[[-70.55783271269996,-33.515274731927875],[-70.55711858733339,-33.515385471635454],[-70.55713762380033,-33.51552747824165],[-70.55757540755049,-33.515440896736486],[-70.55761405717878,-33.51560383160024],[-70.55782845212171,-33.515722786699996],[-70.55808232516046,-33.51555115074534],[-70.55805930873538,-33.515365055125095],[-70.55785482374522,-33.51539395914283],[-70.55783271269996,-33.515274731927875]]]}},{"type":"Feature","properties":{"comuna":"LaFlorida","zona":"R-4","zona_code":"R-4","nombre":"R-4","decreto":""},"geometry":{"type":"Polygon","coordinates":[[[-70.5454617943324,-33.512479654167365],[-70.54892793764249,-33.5123116645534],[-70.54796970497652,-33.51432825505198],[-70.54516873492315,-33.51378544115071],[-70.54257996897206,-33.51403598607746],[-70.54170651366786,-33.514036539570895],[-70.54191333197775,-33.512840266685245],[-70.54213674539638,-33.51240259960731],[-70.54252750634463,-33.51250545770353],[-70.54424934566335,-33.51242088727681],[-70.5454617943324,-33.512479654167365]]]}},{"type":"Feature","properties":{"comuna":"LaFlorida","zona":"RI-1","zona_code":"RI-1","nombre":"RI-1","decreto":""},"geometry":{"type":"Polygon","coordinates":[[[-70.56009515229849,-33.51326472885685],[-70.56322433800234,-33.51257925489618],[-70.56324584014033,-33.51276685299298],[-70.56309719923644,-33.51279560810218],[-70.56316319843337,-33.5129808914612],[-70.56310591532598,-33.513372203844845],[-70.56260801112217,-33.51457161848657],[-70.56154466209186,-33.51461310239069],[-70.56127533124037,-33.51361286418712],[-70.5599301091247,-33.51374977285853],[-70.56009515229849,-33.51326472885685]]]}},{"type":"Feature","properties":{"comuna":"LaFlorida","zona":"ED-9","zona_code":"ED-9","nombre":"ED-9","decreto":""},"geometry":{"type":"Polygon","coordinates":[[[-70.5564492949237,-33.512344130614885],[-70.55779259292817,-33.51219839305214],[-70.55778677483511,-33.511875905174335],[-70.5580477197855,-33.51185721955747],[-70.55815900174966,-33.513135009906954],[-70.55669677507707,-33.51327859770934],[-70.5564492949237,-33.512344130614885]]]}},{"type":"Feature","properties":{"comuna":"LaFlorida","zona":"U-EC1","zona_code":"U-EC1","nombre":"U-EC1","decreto":""},"geometry":{"type":"Polygon","coordinates":[[[-70.5580477197855,-33.51185721955747],[-70.55949034679631,-33.51175827820058],[-70.56003791000725,-33.511699532539886],[-70.55954459130545,-33.51307603919058],[-70.55815900174966,-33.513135009906954],[-70.5580477197855,-33.51185721955747]]]}},{"type":"Feature","properties":{"comuna":"LaFlorida","zona":"PL","zona_code":"PL","nombre":"PL","decreto":""},"geometry":{"type":"Polygon","coordinates":[[[-70.57782964839477,-33.519387921280064],[-70.57923351882518,-33.51787344094369],[-70.57936463497492,-33.517886879919075],[-70.57930214763326,-33.51830392895736],[-70.57901419205835,-33.51827612790148],[-70.5789852607288,-33.51850870662235],[-70.57887816551141,-33.51849428103804],[-70.57887108780632,-33.51866890561807],[-70.57866818488078,-33.51864948047525],[-70.57852382234567,-33.519046957036025],[-70.57833680265277,-33.519029424757],[-70.57820426142499,-33.51914768598292],[-70.57813488053539,-33.51941780092746],[-70.57794680839454,-33.519399390477545],[-70.57771363842745,-33.52061208303041],[-70.57747869072765,-33.52060865325912],[-70.57782964839477,-33.519387921280064]]]}},{"type":"Feature","properties":{"comuna":"LaFlorida","zona":"PL","zona_code":"PL","nombre":"PL","decreto":""},"geometry":{"type":"Polygon","coordinates":[[[-70.57641301504601,-33.5196496858579],[-70.57672333211161,-33.51961681367404],[-70.57674698559151,-33.519806837009504],[-70.57766942843857,-33.5197846583142],[-70.57747869072765,-33.52060865325912],[-70.57580047153141,-33.52063918113548],[-70.57566279532396,-33.519780856737505],[-70.57643460567886,-33.51982942492184],[-70.57641301504601,-33.5196496858579]]]}},{"type":"Feature","properties":{"comuna":"LaFlorida","zona":"PL","zona_code":"PL","nombre":"PL","decreto":""},"geometry":{"type":"Polygon","coordinates":[[[-70.58197144601817,-33.516650795481524],[-70.58201038060308,-33.51635772272488],[-70.58249514759433,-33.51640250152191],[-70.5824550088468,-33.516700188207224],[-70.58197144601817,-33.516650795481524]]]}},{"type":"Feature","properties":{"comuna":"LaFlorida","zona":"PL","zona_code":"PL","nombre":"PL","decreto":""},"geometry":{"type":"Polygon","coordinates":[[[-70.58294015113968,-33.517195344726716],[-70.58294655911614,-33.516661544262575],[-70.58346704229157,-33.51676592168748],[-70.58311584307134,-33.517241338597245],[-70.58294015113968,-33.517195344726716]]]}},{"type":"Feature","properties":{"comuna":"LaFlorida","zona":"PL","zona_code":"PL","nombre":"PL","decreto":""},"geometry":{"type":"Polygon","coordinates":[[[-70.58323243510816,-33.51462786729806],[-70.58327788775706,-33.514343881500075],[-70.58377890387338,-33.51439467484629],[-70.58373889323923,-33.5146808602068],[-70.58323243510816,-33.51462786729806]]]}},{"type":"Feature","properties":{"comuna":"LaFlorida","zona":"PL","zona_code":"PL","nombre":"PL","decreto":""},"geometry":{"type":"Polygon","coordinates":[[[-70.58123053389268,-33.51459482022523],[-70.58126846147154,-33.514310143835814],[-70.58177424407361,-33.51436474609093],[-70.58174369035542,-33.51462703975484],[-70.58123053389268,-33.51459482022523]]]}},{"type":"Feature","properties":{"comuna":"LaFlorida","zona":"PL","zona_code":"PL","nombre":"PL","decreto":""},"geometry":{"type":"Polygon","coordinates":[[[-70.58007530479908,-33.51588189925684],[-70.5801196725497,-33.51558377774953],[-70.5806037609687,-33.51563515604975],[-70.58055125992657,-33.51593269070025],[-70.58007530479908,-33.51588189925684]]]}},{"type":"Feature","properties":{"comuna":"LaFlorida","zona":"PL","zona_code":"PL","nombre":"PL","decreto":""},"geometry":{"type":"Polygon","coordinates":[[[-70.57905249355372,-33.51577729641854],[-70.57909312340776,-33.515493506932806],[-70.57960208805632,-33.51553781639309],[-70.57956337909036,-33.515831948933226],[-70.57905249355372,-33.51577729641854]]]}},{"type":"Feature","properties":{"comuna":"LaFlorida","zona":"PL","zona_code":"PL","nombre":"PL","decreto":""},"geometry":{"type":"Polygon","coordinates":[[[-70.57523549848929,-33.51672521445389],[-70.575708543898,-33.516526842060436],[-70.57641811491098,-33.51665654030114],[-70.57628078227981,-33.51709142753087],[-70.57534231943862,-33.51721732100914],[-70.57523549848929,-33.51672521445389]]]}},{"type":"Feature","properties":{"comuna":"LaFlorida","zona":"PL","zona_code":"PL","nombre":"PL","decreto":""},"geometry":{"type":"Polygon","coordinates":[[[-70.5774424873971,-33.51753122235808],[-70.57803612265032,-33.51748138728413],[-70.57796697194547,-33.51776663463621],[-70.57749392584013,-33.51782004408106],[-70.5774424873971,-33.51753122235808]]]}},{"type":"Feature","properties":{"comuna":"LaFlorida","zona":"PL","zona_code":"PL","nombre":"PL","decreto":""},"geometry":{"type":"Polygon","coordinates":[[[-70.56757516581665,-33.51420749990952],[-70.56952076159114,-33.51402056579175],[-70.56956144289578,-33.51443600399389],[-70.56762857938585,-33.51460423880658],[-70.56757516581665,-33.51420749990952]]]}},{"type":"Feature","properties":{"comuna":"LaFlorida","zona":"PL","zona_code":"PL","nombre":"PL","decreto":""},"geometry":{"type":"Polygon","coordinates":[[[-70.57061122954399,-33.51300362555045],[-70.57113378247023,-33.51295029380363],[-70.57115938180515,-33.513123941061195],[-70.5706344314952,-33.51317358779477],[-70.57061122954399,-33.51300362555045]]]}},{"type":"Feature","properties":{"comuna":"LaFlorida","zona":"PL","zona_code":"PL","nombre":"PL","decreto":""},"geometry":{"type":"Polygon","coordinates":[[[-70.57217593570053,-33.51484835625225],[-70.57242169677542,-33.5148254446861],[-70.5724596719798,-33.515331563387896],[-70.5722446114691,-33.5153519064918],[-70.57217593570053,-33.51484835625225]]]}},{"type":"Feature","properties":{"comuna":"LaFlorida","zona":"U-EC3","zona_code":"U-EC3","nombre":"U-EC3","decreto":""},"geometry":{"type":"Polygon","coordinates":[[[-70.57569431452579,-33.527150920369394],[-70.57666123599057,-33.52741854858917],[-70.5761786340773,-33.528623613868],[-70.57484196863176,-33.52813621321726],[-70.57529522902445,-33.527324439604364],[-70.57558186183513,-33.527419048645285],[-70.57569431452579,-33.527150920369394]]]}},{"type":"Feature","properties":{"comuna":"LaFlorida","zona":"PL","zona_code":"PL","nombre":"PL","decreto":""},"geometry":{"type":"Polygon","coordinates":[[[-70.57620804536164,-33.52729176765378],[-70.57617211278615,-33.52715887547455],[-70.57641671939996,-33.526753871421754],[-70.57636479240968,-33.52666654120883],[-70.57683020580171,-33.52589976553649],[-70.5767232475588,-33.52585363006157],[-70.57697809055178,-33.52543162319792],[-70.57686997713559,-33.52538683364669],[-70.57724571944165,-33.52467473256774],[-70.57721931171335,-33.524526440571464],[-70.57747872094599,-33.524099183618894],[-70.57737898084262,-33.52405737386665],[-70.57762101842775,-33.52360771826695],[-70.57818554867376,-33.52383564928503],[-70.57666123599057,-33.52741854858917],[-70.57620804536164,-33.52729176765378]]]}},{"type":"Feature","properties":{"comuna":"LaFlorida","zona":"ED-4","zona_code":"ED-4","nombre":"ED-4","decreto":""},"geometry":{"type":"Polygon","coordinates":[[[-70.56572886696175,-33.527036639250184],[-70.5676210152826,-33.52238640197122],[-70.56941401703953,-33.52242072585146],[-70.56964881158238,-33.5252180948726],[-70.56874263691533,-33.52738376681051],[-70.56572886696175,-33.527036639250184]]]}},{"type":"Feature","properties":{"comuna":"LaFlorida","zona":"PL","zona_code":"PL","nombre":"PL","decreto":""},"geometry":{"type":"Polygon","coordinates":[[[-70.58525682877686,-33.52861597755936],[-70.58467482021271,-33.52849581008819],[-70.5848330890105,-33.52767982292025],[-70.58556193682215,-33.52779704271241],[-70.58541431002145,-33.52854252950742],[-70.58525682877686,-33.52861597755936]]]}},{"type":"Feature","properties":{"comuna":"LaFlorida","zona":"U-EC3","zona_code":"U-EC3","nombre":"U-EC3","decreto":""},"geometry":{"type":"Polygon","coordinates":[[[-70.57288974103452,-33.53308357955396],[-70.57433157973333,-33.533309109577665],[-70.57406177683937,-33.534166261241154],[-70.57312681039974,-33.53632628953288],[-70.57176702438989,-33.53621021003579],[-70.57195697917182,-33.53558865653219],[-70.57021102107704,-33.53555607436321],[-70.57024789787971,-33.53503145939218],[-70.57204249798981,-33.53522413996441],[-70.57288974103452,-33.53308357955396]]]}},{"type":"Feature","properties":{"comuna":"LaFlorida","zona":"U-EC3","zona_code":"U-EC3","nombre":"U-EC3","decreto":""},"geometry":{"type":"Polygon","coordinates":[[[-70.57317446007,-33.540527421813344],[-70.57134841569942,-33.54053884881375],[-70.57168099962958,-33.53975584248287],[-70.5733740274368,-33.539716945342924],[-70.57317446007,-33.540527421813344]]]}},{"type":"Feature","properties":{"comuna":"LaFlorida","zona":"U-EC3","zona_code":"U-EC3","nombre":"U-EC3","decreto":""},"geometry":{"type":"Polygon","coordinates":[[[-70.58966273984997,-33.53521965302031],[-70.59022155272775,-33.53539679523393],[-70.59029364629792,-33.53524099546754],[-70.59085069563426,-33.53541026651139],[-70.59094781158267,-33.535221863191886],[-70.59150799736108,-33.53540121302032],[-70.59117235865638,-33.536113644141594],[-70.59061604275173,-33.53592737667563],[-70.5905273476094,-33.53611801269507],[-70.58996397481916,-33.5359501940592],[-70.58986801549595,-33.536160813536775],[-70.58931785070416,-33.53597212187416],[-70.58921265282902,-33.536177004823045],[-70.58865340296848,-33.535995161619404],[-70.58896903335229,-33.53529326193775],[-70.58953347499026,-33.535483331215794],[-70.58966273984997,-33.53521965302031]]]}},{"type":"Feature","properties":{"comuna":"LaFlorida","zona":"U-EC3","zona_code":"U-EC3","nombre":"U-EC3","decreto":""},"geometry":{"type":"Polygon","coordinates":[[[-70.58766507105403,-33.535325993695125],[-70.58820405594479,-33.53550039175199],[-70.58831337667787,-33.53536798050436],[-70.58885748166666,-33.535538918244264],[-70.58855051258566,-33.53622030726127],[-70.58799503726883,-33.53604524214695],[-70.58792296343873,-33.53622864430867],[-70.58733303076417,-33.53606067990551],[-70.58723239525261,-33.536279531527725],[-70.58666345374274,-33.536097406717],[-70.58659163665897,-33.53629483994713],[-70.58602206836072,-33.53610404104226],[-70.58591612608546,-33.53632839041379],[-70.58534837273146,-33.53613530697085],[-70.585251414341,-33.536333063201724],[-70.58469777381006,-33.53618110501935],[-70.58460993464786,-33.53638267239637],[-70.58402529352934,-33.53619435139309],[-70.58393658346708,-33.536384983113415],[-70.5833916474989,-33.536214683620535],[-70.58329526991342,-33.53642788823747],[-70.58271909765608,-33.53626018567072],[-70.58263038459212,-33.53645081473548],[-70.581972745802,-33.536234632617145],[-70.58185064222705,-33.536432707598614],[-70.58142063857636,-33.5362908137485],[-70.5813067853232,-33.53648176482915],[-70.5807715203348,-33.53631173422063],[-70.58065662334221,-33.536562380837395],[-70.58008930085336,-33.53635694145],[-70.58000844949544,-33.536519394575606],[-70.5794611875237,-33.53634980986532],[-70.57985237330094,-33.53548597358216],[-70.58099654587367,-33.535817227374196],[-70.58110001994086,-33.53558800578719],[-70.58167206295738,-33.535771166547754],[-70.58173619437434,-33.53561126531948],[-70.58230928738047,-33.53576876179353],[-70.58241281601637,-33.53554148821278],[-70.58291143631085,-33.53571789624231],[-70.58304259598799,-33.53555713740273],[-70.58361440018976,-33.53572351823273],[-70.58373045836171,-33.53546863360304],[-70.58429603890293,-33.53566275525408],[-70.58437099603579,-33.53548399774255],[-70.58493071637064,-33.53565391795002],[-70.58502806282478,-33.53544491303508],[-70.58559143620442,-33.535618098576954],[-70.58567722101715,-33.53542048699156],[-70.58625080255091,-33.5356097319298],[-70.58635464392978,-33.53538076299584],[-70.58690917477918,-33.53557314380885],[-70.58700647160641,-33.53539409664942],[-70.5875717574523,-33.53553422741125],[-70.58766507105403,-33.535325993695125]]]}},{"type":"Feature","properties":{"comuna":"LaFlorida","zona":"U-EC3","zona_code":"U-EC3","nombre":"U-EC3","decreto":""},"geometry":{"type":"Polygon","coordinates":[[[-70.57476496479447,-33.53524932658603],[-70.57647322978157,-33.53571348208127],[-70.57652178202943,-33.53561811622386],[-70.57710400791261,-33.53577947247403],[-70.57715434109055,-33.535664921699684],[-70.57767635649512,-33.53585607017114],[-70.57771891110988,-33.53577657035822],[-70.5783567598767,-33.535933715459066],[-70.57848162367519,-33.535736961339886],[-70.57901473389352,-33.53588930680955],[-70.57911136597126,-33.53567284470803],[-70.57969090998277,-33.535841838817575],[-70.5793578817281,-33.536578976590775],[-70.57879934637009,-33.53639445152],[-70.57869335628358,-33.536557226193125],[-70.57814763882782,-33.53640199194155],[-70.57806409330115,-33.53658450954586],[-70.57690355344333,-33.53623914137362],[-70.57680373954462,-33.53646995613421],[-70.57620773791587,-33.53628710486042],[-70.57615988661561,-33.53642106342833],[-70.5750071476205,-33.53616903422851],[-70.5749170175195,-33.53628247614538],[-70.57437173332754,-33.53612770476325],[-70.57476496479447,-33.53524932658603]]]}},{"type":"Feature","properties":{"comuna":"LaFlorida","zona":"U-EC3","zona_code":"U-EC3","nombre":"U-EC3","decreto":""},"geometry":{"type":"Polygon","coordinates":[[[-70.57168099962958,-33.53975584248287],[-70.57406177683937,-33.534166261241154],[-70.57518224118868,-33.53429993628246],[-70.57281705458156,-33.539705504368065],[-70.57168099962958,-33.53975584248287]]]}},{"type":"Feature","properties":{"comuna":"LaFlorida","zona":"U-EC3","zona_code":"U-EC3","nombre":"U-EC3","decreto":""},"geometry":{"type":"Polygon","coordinates":[[[-70.57518224118868,-33.53429993628246],[-70.57406177683937,-33.534166261241154],[-70.57480619505763,-33.53188335885017],[-70.57613293776855,-33.5320763015732],[-70.5756781695915,-33.533411087917635],[-70.57518224118868,-33.53429993628246]]]}},{"type":"Feature","properties":{"comuna":"LaFlorida","zona":"U-EC4","zona_code":"U-EC4","nombre":"U-EC4","decreto":""},"geometry":{"type":"Polygon","coordinates":[[[-70.58542491057237,-33.54402094561882],[-70.5860361455939,-33.544104036124004],[-70.58599307002939,-33.54448925343779],[-70.5864689120165,-33.54447616172135],[-70.58662786751776,-33.54540431162562],[-70.58665247763845,-33.54717423820165],[-70.58465937207168,-33.54723583420862],[-70.58460711249454,-33.54506443332703],[-70.58523558561056,-33.545056387003356],[-70.58542491057237,-33.54402094561882]]]}},{"type":"Feature","properties":{"comuna":"LaFlorida","zona":"PL","zona_code":"PL","nombre":"PL","decreto":""},"geometry":{"type":"Polygon","coordinates":[[[-70.59354580974114,-33.554537723548904],[-70.59301028986,-33.55443922836581],[-70.59308013620166,-33.554155008051524],[-70.59394542894411,-33.554270656906766],[-70.59354580974114,-33.554537723548904]]]}},{"type":"Feature","properties":{"comuna":"LaFlorida","zona":"U-VEV4","zona_code":"U-VEV4","nombre":"U-VEV4","decreto":""},"geometry":{"type":"Polygon","coordinates":[[[-70.59495477086183,-33.55369622301099],[-70.59372894562613,-33.553648450430934],[-70.59373746509324,-33.5531900806058],[-70.59494647688791,-33.553296157918425],[-70.59495477086183,-33.55369622301099]]]}},{"type":"Feature","properties":{"comuna":"LaFlorida","zona":"U-VEV4","zona_code":"U-VEV4","nombre":"U-VEV4","decreto":""},"geometry":{"type":"Polygon","coordinates":[[[-70.58995870479869,-33.551909870615624],[-70.59379265609068,-33.551935426173856],[-70.59372894562613,-33.553648450430934],[-70.5944215724178,-33.55367585030204],[-70.59406055099146,-33.55586809364088],[-70.59330309813718,-33.55577458172125],[-70.59354580974114,-33.554537723548904],[-70.59394542894411,-33.554270656906766],[-70.59308013620166,-33.554155008051524],[-70.59320970036059,-33.5536277846103],[-70.5896534087687,-33.553499448059135],[-70.58967007393261,-33.55201651344172],[-70.58993824414195,-33.55201306913243],[-70.58995870479869,-33.551909870615624]]]}},{"type":"Feature","properties":{"comuna":"LaFlorida","zona":"U-VEV4","zona_code":"U-VEV4","nombre":"U-VEV4","decreto":""},"geometry":{"type":"Polygon","coordinates":[[[-70.59406055099146,-33.55586809364088],[-70.5944215724178,-33.55367585030204],[-70.59571521865723,-33.553720569199996],[-70.59520178610605,-33.55624056982907],[-70.59326594818766,-33.555964160839615],[-70.59330309813718,-33.55577458172125],[-70.59406055099146,-33.55586809364088]],[[-70.59534795550165,-33.554579222481586],[-70.5950510059695,-33.55454668271737],[-70.59501750800405,-33.55473682399155],[-70.59531215459951,-33.554768973258625],[-70.59534795550165,-33.554579222481586]]]}},{"type":"Feature","properties":{"comuna":"LaFlorida","zona":"ED-1","zona_code":"ED-1","nombre":"ED-1","decreto":""},"geometry":{"type":"Polygon","coordinates":[[[-70.58770185632355,-33.55742362525863],[-70.58794553864762,-33.5561705479891],[-70.59010772350211,-33.556242606486],[-70.58989400434878,-33.55764904860109],[-70.58770185632355,-33.55742362525863]]]}},{"type":"Feature","properties":{"comuna":"LaFlorida","zona":"R-3/AV5","zona_code":"R-3/AV5","nombre":"R-3/AV5","decreto":""},"geometry":{"type":"Polygon","coordinates":[[[-70.59958733335544,-33.56482557437264],[-70.59969088796046,-33.563453758197056],[-70.60049137706538,-33.563515108576645],[-70.59958733335544,-33.56482557437264]]]}},{"type":"Feature","properties":{"comuna":"LaFlorida","zona":"R-3/AV5","zona_code":"R-3/AV5","nombre":"R-3/AV5","decreto":""},"geometry":{"type":"Polygon","coordinates":[[[-70.60483650183424,-33.56309822469598],[-70.60848625047174,-33.56344269347673],[-70.60827620593372,-33.565212311034394],[-70.6086272931739,-33.56894286496919],[-70.60874595522453,-33.56942672390545],[-70.60235249461712,-33.56786872391429],[-70.60276587534518,-33.56557712330752],[-70.59943153737952,-33.56530815688787],[-70.60065974205612,-33.56352801131611],[-70.6047499422837,-33.563762672546815],[-70.60483650183424,-33.56309822469598]]]}},{"type":"Feature","properties":{"comuna":"LaFlorida","zona":"PL","zona_code":"PL","nombre":"PL","decreto":""},"geometry":{"type":"Polygon","coordinates":[[[-70.5943069847086,-33.566317274017884],[-70.59436381126199,-33.56598544006074],[-70.5950352336923,-33.56605410286671],[-70.59497710774731,-33.56637477398875],[-70.5943069847086,-33.566317274017884]]]}},{"type":"Feature","properties":{"comuna":"LaFlorida","zona":"PL","zona_code":"PL","nombre":"PL","decreto":""},"geometry":{"type":"Polygon","coordinates":[[[-70.59695793659021,-33.56576798152574],[-70.596988456797,-33.56553909396145],[-70.59739283454826,-33.56558486928095],[-70.59735468743017,-33.5658137579734],[-70.59695793659021,-33.56576798152574]]]}},{"type":"Feature","properties":{"comuna":"LaFlorida","zona":"PL","zona_code":"PL","nombre":"PL","decreto":""},"geometry":{"type":"Polygon","coordinates":[[[-70.5968621622067,-33.56674982395578],[-70.59688164690749,-33.5666339395913],[-70.59789641147155,-33.56675219100717],[-70.59786856955401,-33.566871520140815],[-70.5968621622067,-33.56674982395578]]]}},{"type":"Feature","properties":{"comuna":"LaFlorida","zona":"U-VEV4","zona_code":"U-VEV4","nombre":"U-VEV4","decreto":""},"geometry":{"type":"Polygon","coordinates":[[[-70.59202908414893,-33.564913500785174],[-70.59649251754247,-33.5653598029109],[-70.59655355488813,-33.56506987624627],[-70.59846863070192,-33.56523008954242],[-70.59807144708157,-33.56609847548327],[-70.59809270393951,-33.56670674783317],[-70.59799261507818,-33.56727452089243],[-70.59808030041026,-33.567544448020065],[-70.59774797106226,-33.56780322675475],[-70.59660502058897,-33.568296101259705],[-70.59609578741485,-33.56748464083159],[-70.59266392358239,-33.56703917530447],[-70.59242867989624,-33.56847769984698],[-70.5905111634872,-33.56825399149238],[-70.59075451807695,-33.566794145969226],[-70.5916375024873,-33.56690372129321],[-70.59202908414893,-33.564913500785174]],[[-70.59739283454826,-33.56558486928095],[-70.596988456797,-33.56553909396145],[-70.59695793659021,-33.56576798152574],[-70.59735468743017,-33.5658137579734],[-70.59739283454826,-33.56558486928095]],[[-70.5950352336923,-33.56605410286671],[-70.59436381126199,-33.56598544006074],[-70.5943069847086,-33.566317274017884],[-70.59497710774731,-33.56637477398875],[-70.5950352336923,-33.56605410286671]],[[-70.59789641147155,-33.56675219100717],[-70.59688164690749,-33.5666339395913],[-70.5968621622067,-33.56674982395578],[-70.59786856955401,-33.566871520140815],[-70.59789641147155,-33.56675219100717]]]}},{"type":"Feature","properties":{"comuna":"LaFlorida","zona":"U-VEV4","zona_code":"U-VEV4","nombre":"U-VEV4","decreto":""},"geometry":{"type":"Polygon","coordinates":[[[-70.59607242336767,-33.56833296333586],[-70.59609578741485,-33.56748464083159],[-70.59660502058897,-33.568296101259705],[-70.59614283706175,-33.56847007301382],[-70.59607242336767,-33.56833296333586]]]}},{"type":"Feature","properties":{"comuna":"LaFlorida","zona":"U-VEV3","zona_code":"U-VEV3","nombre":"U-VEV3","decreto":""},"geometry":{"type":"Polygon","coordinates":[[[-70.60235249461712,-33.56786872391429],[-70.60039601298725,-33.5673075118117],[-70.60060051689473,-33.56540270172677],[-70.60276587534518,-33.56557712330752],[-70.60235249461712,-33.56786872391429]]]}},{"type":"Feature","properties":{"comuna":"LaFlorida","zona":"U-VEV3","zona_code":"U-VEV3","nombre":"U-VEV3","decreto":""},"geometry":{"type":"Polygon","coordinates":[[[-70.59802085758406,-33.56735267749044],[-70.59943153737952,-33.56530815688787],[-70.60060051689473,-33.56540270172677],[-70.60039601298725,-33.5673075118117],[-70.59973944938076,-33.56716085219797],[-70.59908022547086,-33.567175942816746],[-70.59847758696282,-33.56726170858958],[-70.59808030041026,-33.567544448020065],[-70.59802085758406,-33.56735267749044]]]}},{"type":"Feature","properties":{"comuna":"LaFlorida","zona":"U-EC1","zona_code":"U-EC1","nombre":"U-EC1","decreto":""},"geometry":{"type":"Polygon","coordinates":[[[-70.60355191207914,-33.56191374299533],[-70.60553706119543,-33.56207516107081],[-70.60537602876393,-33.563154897387015],[-70.60483650183424,-33.56309822469598],[-70.6047499422837,-33.563762672546815],[-70.6024749764902,-33.5636418599862],[-70.60272329186759,-33.56245239881067],[-70.60348642455102,-33.56251625721347],[-70.60355191207914,-33.56191374299533]]]}},{"type":"Feature","properties":{"comuna":"LaFlorida","zona":"PL","zona_code":"PL","nombre":"PL","decreto":""},"geometry":{"type":"Polygon","coordinates":[[[-70.60547656916044,-33.56248076892087],[-70.60553706119543,-33.56207516107081],[-70.60612264330854,-33.56212136815714],[-70.60606143056792,-33.562534563568846],[-70.60547656916044,-33.56248076892087]]]}},{"type":"Feature","properties":{"comuna":"LaFlorida","zona":"U-VEV4","zona_code":"U-VEV4","nombre":"U-VEV4","decreto":""},"geometry":{"type":"Polygon","coordinates":[[[-70.60458767094954,-33.55898905964775],[-70.6056248523867,-33.559181582976095],[-70.60556355472265,-33.55940405399744],[-70.60537039870306,-33.55936682187029],[-70.6051599157037,-33.56019071464652],[-70.60562533445665,-33.56027463477136],[-70.60531415970598,-33.561469767631735],[-70.60503785350869,-33.56208284733718],[-70.60390101348003,-33.56197985686159],[-70.60396204815902,-33.56138474995372],[-70.60458767094954,-33.55898905964775]]]}},{"type":"Feature","properties":{"comuna":"LaFlorida","zona":"PL","zona_code":"PL","nombre":"PL","decreto":""},"geometry":{"type":"Polygon","coordinates":[[[-70.6056248523867,-33.559181582976095],[-70.60590762611494,-33.559233194758015],[-70.60562533445665,-33.56027463477136],[-70.6051599157037,-33.56019071464652],[-70.60537039870306,-33.55936682187029],[-70.60556355472265,-33.55940405399744],[-70.6056248523867,-33.559181582976095]]]}},{"type":"Feature","properties":{"comuna":"LaFlorida","zona":"PL","zona_code":"PL","nombre":"PL","decreto":""},"geometry":{"type":"Polygon","coordinates":[[[-70.60531415970598,-33.561469767631735],[-70.60548994930072,-33.56079215859893],[-70.60587711994432,-33.56082396576566],[-70.60580082847498,-33.56152207137065],[-70.60531415970598,-33.561469767631735]]]}},{"type":"Feature","properties":{"comuna":"LaFlorida","zona":"PL","zona_code":"PL","nombre":"PL","decreto":""},"geometry":{"type":"Polygon","coordinates":[[[-70.60590762611494,-33.559233194758015],[-70.60605258722605,-33.55867623593829],[-70.60647985606678,-33.55871819856814],[-70.6064111946451,-33.55929041649309],[-70.60590762611494,-33.559233194758015]]]}},{"type":"Feature","properties":{"comuna":"LaFlorida","zona":"U-VEV4","zona_code":"U-VEV4","nombre":"U-VEV4","decreto":""},"geometry":{"type":"Polygon","coordinates":[[[-70.59364452817562,-33.56324041387747],[-70.59402042138173,-33.56039678255534],[-70.59456976622519,-33.56046925740417],[-70.59458032292422,-33.56039731311355],[-70.60064801845645,-33.56093309266571],[-70.60032479643105,-33.561816316360094],[-70.59936892849976,-33.56320824556596],[-70.5990713726102,-33.56354013420517],[-70.59848322126132,-33.56376234695071],[-70.59364452817562,-33.56324041387747]]]}},{"type":"Feature","properties":{"comuna":"LaFlorida","zona":"PL","zona_code":"PL","nombre":"PL","decreto":""},"geometry":{"type":"Polygon","coordinates":[[[-70.59241056956955,-33.564238281238424],[-70.59077016177041,-33.56407806863723],[-70.59082356770787,-33.56367751711481],[-70.59247586930076,-33.56383920478254],[-70.59241056956955,-33.564238281238424]]]}},{"type":"Feature","properties":{"comuna":"LaFlorida","zona":"PL","zona_code":"PL","nombre":"PL","decreto":""},"geometry":{"type":"Polygon","coordinates":[[[-70.59313139279762,-33.56833067524307],[-70.59318991885856,-33.567945507133174],[-70.59351595819022,-33.56798255301249],[-70.5934669418818,-33.568366678944855],[-70.59313139279762,-33.56833067524307]]]}},{"type":"Feature","properties":{"comuna":"LaFlorida","zona":"U-VEV3","zona_code":"U-VEV3","nombre":"U-VEV3","decreto":""},"geometry":{"type":"MultiPolygon","coordinates":[[[[-70.60731531474846,-33.54914367270394],[-70.61059754436685,-33.54907297274615],[-70.61415340882048,-33.548975744178854],[-70.61408372551048,-33.54921298676917],[-70.60807440096808,-33.549364331315964],[-70.60733273353769,-33.54938162408388],[-70.60731531474846,-33.54914367270394]]],[[[-70.60300470994646,-33.54925466187802],[-70.60304069616858,-33.54907321329474],[-70.60712770975594,-33.54895291010517],[-70.60704437961668,-33.549146892829796],[-70.60300470994646,-33.54925466187802]]]]}},{"type":"Feature","properties":{"comuna":"LaFlorida","zona":"U-VEV3","zona_code":"U-VEV3","nombre":"U-VEV3","decreto":""},"geometry":{"type":"Polygon","coordinates":[[[-70.59703815006159,-33.54028166001575],[-70.59701813046321,-33.5393398499091],[-70.59803156861426,-33.53932185331555],[-70.59806111307229,-33.540312587501276],[-70.59787665634448,-33.54055967677631],[-70.59703815006159,-33.54028166001575]]]}},{"type":"Feature","properties":{"comuna":"LaFlorida","zona":"U-VEV3","zona_code":"U-VEV3","nombre":"U-VEV3","decreto":""},"geometry":{"type":"Polygon","coordinates":[[[-70.59805641391497,-33.541093933145525],[-70.59886517189263,-33.54108629901786],[-70.59890656286962,-33.542535487212966],[-70.5975650558743,-33.54205339373975],[-70.59805641391497,-33.541093933145525]]]}},{"type":"Feature","properties":{"comuna":"LaFlorida","zona":"U-VEV3","zona_code":"U-VEV3","nombre":"U-VEV3","decreto":""},"geometry":{"type":"MultiPolygon","coordinates":[[[[-70.58587920537481,-33.563572582486486],[-70.58749697875365,-33.56374239428579],[-70.58739779904995,-33.564440493928906],[-70.58675916035001,-33.56437418268025],[-70.58663386644432,-33.565036376028786],[-70.58651274781278,-33.56502034689032],[-70.58629149370269,-33.56620293346214],[-70.5857701433505,-33.566136008470366],[-70.58597937537526,-33.56495215009253],[-70.58559751599493,-33.56490332529188],[-70.58567708293577,-33.56426182212941],[-70.5858009529857,-33.564274685731654],[-70.58587920537481,-33.563572582486486]]],[[[-70.58721092384978,-33.560957601816746],[-70.58763409592268,-33.560998879429526],[-70.58738468944962,-33.56260903256215],[-70.58765615721862,-33.5626396409858],[-70.587550384563,-33.56336090839466],[-70.58594203317008,-33.563197579560864],[-70.586010606779,-33.56247271016983],[-70.58614235727906,-33.562486101956914],[-70.58619096990266,-33.56213267404762],[-70.5870319846298,-33.56221106439586],[-70.58721092384978,-33.560957601816746]]],[[[-70.58744053748252,-33.55341189332063],[-70.590059935588,-33.55351411250665],[-70.58996516425174,-33.5541881669653],[-70.58958381611009,-33.554149407803294],[-70.58954755001302,-33.55444673864516],[-70.58728326806441,-33.55437120285997],[-70.58744053748252,-33.55341189332063]]]]}},{"type":"Feature","properties":{"comuna":"LaFlorida","zona":"U-VEV3","zona_code":"U-VEV3","nombre":"U-VEV3","decreto":""},"geometry":{"type":"Polygon","coordinates":[[[-70.59402042138173,-33.56039678255534],[-70.59401676916661,-33.56022622155639],[-70.59787217289104,-33.56060870676733],[-70.59785790377808,-33.56069626912438],[-70.59402042138173,-33.56039678255534]]]}},{"type":"Feature","properties":{"comuna":"LaFlorida","zona":"U-VEV3","zona_code":"U-VEV3","nombre":"U-VEV3","decreto":""},"geometry":{"type":"MultiPolygon","coordinates":[[[[-70.58645959896667,-33.56772264492457],[-70.58679190663491,-33.5662710012738],[-70.59075451807695,-33.566794145969226],[-70.5905111634872,-33.56825399149238],[-70.58645959896667,-33.56772264492457]]],[[[-70.58414779306551,-33.56739882747603],[-70.58414806808254,-33.56739737022117],[-70.58454061519357,-33.567448053685965],[-70.58414779306551,-33.56739882747603]]]]}},{"type":"Feature","properties":{"comuna":"LaFlorida","zona":"U-VEV3","zona_code":"U-VEV3","nombre":"U-VEV3","decreto":""},"geometry":{"type":"Polygon","coordinates":[[[-70.59242867989624,-33.56847769984698],[-70.59266392358239,-33.56703917530447],[-70.59609578741485,-33.56748464083159],[-70.59607242336767,-33.56833296333586],[-70.59614283706175,-33.56847007301382],[-70.59246265330206,-33.569958591831416],[-70.58387122219985,-33.56886678659702],[-70.58414779306551,-33.56739882747603],[-70.59242867989624,-33.56847769984698]],[[-70.59351595819022,-33.56798255301249],[-70.59318991885856,-33.567945507133174],[-70.59313139279762,-33.56833067524307],[-70.5934669418818,-33.568366678944855],[-70.59351595819022,-33.56798255301249]]]}},{"type":"Feature","properties":{"comuna":"LaFlorida","zona":"U-VEV3","zona_code":"U-VEV3","nombre":"U-VEV3","decreto":""},"geometry":{"type":"Polygon","coordinates":[[[-70.59927726008561,-33.55036004267119],[-70.59662009074908,-33.55032392882913],[-70.59660425724852,-33.5478981254271],[-70.59922450935866,-33.54784048748614],[-70.59927726008561,-33.55036004267119]]]}},{"type":"Feature","properties":{"comuna":"LaFlorida","zona":"U-VEV3","zona_code":"U-VEV3","nombre":"U-VEV3","decreto":""},"geometry":{"type":"Polygon","coordinates":[[[-70.60605258722605,-33.55867623593829],[-70.60727376703475,-33.55401307073883],[-70.60899058697905,-33.55405528230683],[-70.6088317047036,-33.55513410630765],[-70.6090769699356,-33.55516083497394],[-70.60922876141389,-33.554056142271314],[-70.61269488142992,-33.554089973486235],[-70.61242628203294,-33.55502904865105],[-70.61169239397618,-33.55503607826706],[-70.61224795091735,-33.55563581370398],[-70.61072204155604,-33.561018488618366],[-70.61014580369825,-33.560971907502086],[-70.61001247944125,-33.56193404247508],[-70.60580082847498,-33.56152207137065],[-70.60587711994432,-33.56082396576566],[-70.60548994930072,-33.56079215859893],[-70.60570163004647,-33.55999234278354],[-70.60599705299352,-33.56002285991709],[-70.60606122550865,-33.559534877942724],[-70.60583119101516,-33.55949566313281],[-70.60590762611494,-33.559233194758015],[-70.6064111946451,-33.55929041649309],[-70.60647985606678,-33.55871819856814],[-70.60605258722605,-33.55867623593829]],[[-70.60649203772718,-33.56007233779308],[-70.60622052441227,-33.56004780804207],[-70.60620025303238,-33.560271960850926],[-70.60646983529854,-33.560298099290605],[-70.60649203772718,-33.56007233779308]],[[-70.60639802073305,-33.560654430468816],[-70.60614910404315,-33.56063049558802],[-70.6061207560742,-33.56084984098403],[-70.60637056651927,-33.56087651755896],[-70.60639802073305,-33.560654430468816]]]}},{"type":"Feature","properties":{"comuna":"LaFlorida","zona":"U-VEV3","zona_code":"U-VEV3","nombre":"U-VEV3","decreto":""},"geometry":{"type":"MultiPolygon","coordinates":[[[[-70.60300470994646,-33.54925466187802],[-70.60731531474846,-33.54914367270394],[-70.60733273353769,-33.54938162408388],[-70.6112636547728,-33.54927657216735],[-70.61128349640462,-33.54981144011519],[-70.61184332903275,-33.54980519223749],[-70.61185661644443,-33.55052058105277],[-70.61159937549282,-33.550531635634684],[-70.61161020680555,-33.55089123336759],[-70.6120266469865,-33.55090929584172],[-70.61189692518624,-33.54926893709738],[-70.61408372551048,-33.54921298676917],[-70.61269488142992,-33.554089973486235],[-70.60308455745825,-33.55393447540958],[-70.60413829280375,-33.54957179589087],[-70.60291750057544,-33.54958761029135],[-70.60300470994646,-33.54925466187802]],[[-70.60704575293455,-33.54938501650051],[-70.60694858740504,-33.54937121935324],[-70.60616508277356,-33.55122676750171],[-70.60653244724716,-33.55122568041581],[-70.60684601361122,-33.550478256501],[-70.6074258791533,-33.55062702738523],[-70.6074235967238,-33.55019771740777],[-70.60712068559658,-33.55020358949578],[-70.60704575293455,-33.54938501650051]],[[-70.60918156781213,-33.550977148222145],[-70.6096391457636,-33.55096503756102],[-70.60959647764562,-33.5500442813623],[-70.60914416528091,-33.550054847058725],[-70.60918156781213,-33.550977148222145]],[[-70.61159939824941,-33.55309517124033],[-70.61210051479206,-33.55308472452487],[-70.6121100276826,-33.55271902546316],[-70.61159124271812,-33.552763576298766],[-70.61159939824941,-33.55309517124033]]],[[[-70.60503785350869,-33.56208284733718],[-70.60531415970598,-33.561469767631735],[-70.610455005051,-33.561976001796126],[-70.61033427955206,-33.56272226391009],[-70.60973399039577,-33.562674285075815],[-70.60966497701361,-33.563071327274805],[-70.61027148968643,-33.563137113850914],[-70.61018797827708,-33.563726990931805],[-70.60934870082897,-33.563517184502096],[-70.60537602876393,-33.563154897387015],[-70.60547656916044,-33.56248076892087],[-70.60606143056792,-33.562534563568846],[-70.60612264330854,-33.56212136815714],[-70.60503785350869,-33.56208284733718]]],[[[-70.60279487321068,-33.55458109392528],[-70.60410695566084,-33.5546859827062],[-70.6040611545801,-33.55497588148932],[-70.6051455351946,-33.554991172437276],[-70.60535995076971,-33.55484151969793],[-70.60562875682517,-33.554823730147575],[-70.60562982835344,-33.55473320975759],[-70.60707756167068,-33.554732379838875],[-70.60590762611494,-33.559233194758015],[-70.60458767094954,-33.55898905964775],[-70.60396204815902,-33.56138474995372],[-70.60390101348003,-33.56197985686159],[-70.60355191207914,-33.56191374299533],[-70.60348642455102,-33.56251625721347],[-70.60272329186759,-33.56245239881067],[-70.6024749764902,-33.5636418599862],[-70.60065974205612,-33.56352801131611],[-70.6016437606613,-33.55877107107791],[-70.60247494348127,-33.55529756505058],[-70.60279487321068,-33.55458109392528]]],[[[-70.5990713726102,-33.56354013420517],[-70.60054332054496,-33.56139239186107],[-70.60116354840629,-33.558726625682084],[-70.60098715454987,-33.55785444822717],[-70.60171041980814,-33.554567187347416],[-70.60257336646664,-33.55457154763063],[-70.60232158902797,-33.55517047126496],[-70.60147470225961,-33.55873183817489],[-70.60049137706538,-33.563515108576645],[-70.59969088796046,-33.563453758197056],[-70.59958733335544,-33.56482557437264],[-70.59803324439008,-33.56707821336402],[-70.59807144708157,-33.56609847548327],[-70.59846863070192,-33.56523008954242],[-70.59819395423737,-33.56455868737956],[-70.59827787607549,-33.563963579453805],[-70.59855254563539,-33.56371943130282],[-70.5990713726102,-33.56354013420517]]]]}},{"type":"Feature","properties":{"comuna":"LaFlorida","zona":"U-VEV3","zona_code":"U-VEV3","nombre":"U-VEV3","decreto":""},"geometry":{"type":"Polygon","coordinates":[[[-70.59410170383002,-33.565113173879936],[-70.59437098595005,-33.563320185811634],[-70.59848322126132,-33.56376234695071],[-70.59827787607549,-33.563963579453805],[-70.59818632408637,-33.56439083667925],[-70.59846863070192,-33.56523008954242],[-70.59655355488813,-33.56506987624627],[-70.59649251754247,-33.5653598029109],[-70.59410170383002,-33.565113173879936]],[[-70.59568313256221,-33.564140020167024],[-70.5951572936543,-33.56413907940983],[-70.59524789909985,-33.56440228514713],[-70.59563797388012,-33.564444262839025],[-70.59568313256221,-33.564140020167024]]]}},{"type":"Feature","properties":{"comuna":"LaFlorida","zona":"U-VEV3","zona_code":"U-VEV3","nombre":"U-VEV3","decreto":""},"geometry":{"type":"Polygon","coordinates":[[[-70.58739779904995,-33.564440493928906],[-70.58765615721862,-33.5626396409858],[-70.58738468944962,-33.56260903256215],[-70.58763409592268,-33.560998879429526],[-70.59044054172334,-33.561282331034384],[-70.59027948367654,-33.562541700081155],[-70.59039084629477,-33.56254803013232],[-70.59033332108751,-33.56290882996366],[-70.59437098595005,-33.563320185811634],[-70.59410170383002,-33.565113173879936],[-70.59202908414893,-33.564913500785174],[-70.5916375024873,-33.56690372129321],[-70.58629149370269,-33.56620293346214],[-70.58651274781278,-33.56502034689032],[-70.58663386644432,-33.565036376028786],[-70.58675916035001,-33.56437418268025],[-70.58739779904995,-33.564440493928906]],[[-70.5900148093111,-33.56359359627084],[-70.58835914057036,-33.56342957404257],[-70.5883133674172,-33.5638263076358],[-70.5899461440898,-33.56399033405786],[-70.5900148093111,-33.56359359627084]],[[-70.59082356770787,-33.56367751711481],[-70.59077016177041,-33.56407806863723],[-70.59241763256057,-33.56423867012584],[-70.59247586930076,-33.56383920478254],[-70.59082356770787,-33.56367751711481]],[[-70.5897630406563,-33.56543995365827],[-70.58862620100832,-33.565291183927954],[-70.58851176027576,-33.56588247736308],[-70.58963334074124,-33.56603124741656],[-70.5897630406563,-33.56543995365827]]]}},{"type":"Feature","properties":{"comuna":"LaFlorida","zona":"U-VEV3","zona_code":"U-VEV3","nombre":"U-VEV3","decreto":""},"geometry":{"type":"Polygon","coordinates":[[[-70.59021737817012,-33.55571795764423],[-70.5927061568517,-33.55599166905475],[-70.5923873591767,-33.557888574577326],[-70.59283406424537,-33.55792818092305],[-70.5925097221953,-33.56012593802633],[-70.58948984119971,-33.55983513221623],[-70.59021737817012,-33.55571795764423]],[[-70.5910829175251,-33.556318797253795],[-70.59075483593797,-33.556276830229116],[-70.59066328255773,-33.55680327051833],[-70.5909837345671,-33.5568414183141],[-70.5910829175251,-33.556318797253795]]]}},{"type":"Feature","properties":{"comuna":"LaFlorida","zona":"U-VEV3","zona_code":"U-VEV3","nombre":"U-VEV3","decreto":""},"geometry":{"type":"Polygon","coordinates":[[[-70.59605657558971,-33.55825334176736],[-70.59483346145375,-33.55813520614322],[-70.59571521865723,-33.553720569199996],[-70.59696886384462,-33.553761148074216],[-70.59605657558971,-33.55825334176736]]]}},{"type":"Feature","properties":{"comuna":"LaFlorida","zona":"U-VEV3","zona_code":"U-VEV3","nombre":"U-VEV3","decreto":""},"geometry":{"type":"Polygon","coordinates":[[[-70.59384200731026,-33.55120344109234],[-70.59624640340904,-33.55113515708426],[-70.596234758861,-33.552807933291916],[-70.59498637190202,-33.55280332925367],[-70.59494647688791,-33.553296157918425],[-70.59373746509324,-33.5531900806058],[-70.59384200731026,-33.55120344109234]]]}},{"type":"Feature","properties":{"comuna":"LaFlorida","zona":"U-VEV3","zona_code":"U-VEV3","nombre":"U-VEV3","decreto":""},"geometry":{"type":"Polygon","coordinates":[[[-70.590059935588,-33.55351411250665],[-70.5906018434211,-33.55353157394311],[-70.59010772350211,-33.556242606486],[-70.58794553864762,-33.5561705479891],[-70.5876982634224,-33.557429477271576],[-70.58989400434878,-33.55764904860109],[-70.58966999534543,-33.55880441480633],[-70.58664518224899,-33.558533748590094],[-70.58686442631254,-33.55613378694782],[-70.58748510003359,-33.55615729964556],[-70.58755076426982,-33.55563716166804],[-70.5869175659598,-33.5556138098166],[-70.5871204152726,-33.5543732911459],[-70.58954755001302,-33.55444673864516],[-70.58958381611009,-33.554149407803294],[-70.58996516425174,-33.5541881669653],[-70.590059935588,-33.55351411250665]],[[-70.59010753980999,-33.55486099484762],[-70.59020076458974,-33.55474331166517],[-70.59026296118549,-33.5543267496389],[-70.58984377567316,-33.554293042434296],[-70.58976051980127,-33.5548140242831],[-70.59010753980999,-33.55486099484762]],[[-70.58994224214054,-33.555799669277256],[-70.58959602974468,-33.55579327800426],[-70.58955928728189,-33.55601201038775],[-70.58990029626139,-33.556021244393186],[-70.58994224214054,-33.555799669277256]],[[-70.58848809152107,-33.55782289527892],[-70.58831058624688,-33.55781150709481],[-70.58823702322728,-33.55839023511227],[-70.58841094314606,-33.55840588089827],[-70.58848809152107,-33.55782289527892]],[[-70.58904527176868,-33.55846294013842],[-70.58935994381532,-33.55849473266237],[-70.58943618622777,-33.55796400427784],[-70.58912082024784,-33.557937680446706],[-70.58904527176868,-33.55846294013842]]]}},{"type":"Feature","properties":{"comuna":"LaFlorida","zona":"U-VEV3","zona_code":"U-VEV3","nombre":"U-VEV3","decreto":""},"geometry":{"type":"Polygon","coordinates":[[[-70.5906018434211,-33.55353157394311],[-70.59320970036059,-33.5536277846103],[-70.59301028986,-33.55443922836581],[-70.59354580974114,-33.554537723548904],[-70.59330324976922,-33.55577380600749],[-70.5919908551135,-33.555483347289425],[-70.59191455839402,-33.55588008535224],[-70.59021737817012,-33.55571795764423],[-70.5906018434211,-33.55353157394311]]]}},{"type":"Feature","properties":{"comuna":"LaFlorida","zona":"U-VEV3","zona_code":"U-VEV3","nombre":"U-VEV3","decreto":""},"geometry":{"type":"Polygon","coordinates":[[[-70.59328117043869,-33.53852632463995],[-70.59323435335872,-33.53726391714334],[-70.59346626945664,-33.537256435079556],[-70.59352128058312,-33.53851929609681],[-70.59328117043869,-33.53852632463995]]]}},{"type":"Feature","properties":{"comuna":"LaFlorida","zona":"U-VEV3","zona_code":"U-VEV3","nombre":"U-VEV3","decreto":""},"geometry":{"type":"Polygon","coordinates":[[[-70.59280598084274,-33.53950531096937],[-70.59328117043869,-33.53852632463995],[-70.59375985615836,-33.53851086376698],[-70.59328785621788,-33.53949751957649],[-70.59280598084274,-33.53950531096937]]]}},{"type":"Feature","properties":{"comuna":"LaFlorida","zona":"U-VEV3","zona_code":"U-VEV3","nombre":"U-VEV3","decreto":""},"geometry":{"type":"Polygon","coordinates":[[[-70.59264052110778,-33.542994583959405],[-70.59273314241597,-33.5429945331594],[-70.59274173139518,-33.54336860669547],[-70.59258844477242,-33.54337204693104],[-70.59264052110778,-33.542994583959405]]]}},{"type":"Feature","properties":{"comuna":"LaFlorida","zona":"U-VEV3","zona_code":"U-VEV3","nombre":"U-VEV3","decreto":""},"geometry":{"type":"Polygon","coordinates":[[[-70.58778844539177,-33.550629989368964],[-70.58771082773504,-33.55062508524159],[-70.58772212939934,-33.55023861054909],[-70.59003758287136,-33.55025328621736],[-70.58993824414195,-33.55201306913243],[-70.58780341533675,-33.55198311455514],[-70.58778844539177,-33.550629989368964]],[[-70.58850556511024,-33.55101519142006],[-70.58855326414128,-33.55071194592095],[-70.58852025684638,-33.55067183622727],[-70.58841497868586,-33.551002844596944],[-70.58850556511024,-33.55101519142006]]]}},{"type":"Feature","properties":{"comuna":"LaFlorida","zona":"U-VEV3","zona_code":"U-VEV3","nombre":"U-VEV3","decreto":""},"geometry":{"type":"Polygon","coordinates":[[[-70.58785351893157,-33.55198247183787],[-70.58967007393261,-33.55201651344172],[-70.5896534087687,-33.553499448059135],[-70.58754748470628,-33.55341620406514],[-70.58756994113031,-33.55296195975438],[-70.58779554850585,-33.55297073551205],[-70.58785351893157,-33.55198247183787]],[[-70.58897576811887,-33.5521405168938],[-70.58808516092354,-33.55213456296122],[-70.58807438454083,-33.55226167591481],[-70.58897454162278,-33.552294112850554],[-70.58897576811887,-33.5521405168938]]]}},{"type":"Feature","properties":{"comuna":"LaFlorida","zona":"U-VEV3","zona_code":"U-VEV3","nombre":"U-VEV3","decreto":""},"geometry":{"type":"Polygon","coordinates":[[[-70.61133142345163,-33.5700677740377],[-70.60874595522453,-33.56942672390545],[-70.6086272931739,-33.56894286496919],[-70.60942434871332,-33.56893327875485],[-70.60938689856731,-33.569205030192535],[-70.61147347994935,-33.56942682572434],[-70.61133142345163,-33.5700677740377]]]}},{"type":"Feature","properties":{"comuna":"LaFlorida","zona":"U-VEV3","zona_code":"U-VEV3","nombre":"U-VEV3","decreto":""},"geometry":{"type":"Polygon","coordinates":[[[-70.61010186709898,-33.56442239441272],[-70.610455005051,-33.561976001796126],[-70.61254241966103,-33.5621793528464],[-70.61147347994935,-33.56942682572434],[-70.60938689856731,-33.569205030192535],[-70.60942434871332,-33.56893327875485],[-70.6086272931739,-33.56894286496919],[-70.60827620593372,-33.565212311034394],[-70.60848625047174,-33.56344269347673],[-70.609643805217,-33.563557515806636],[-70.60951782234616,-33.564366851784456],[-70.61010186709898,-33.56442239441272]],[[-70.60982747132418,-33.56625052039848],[-70.6099544095199,-33.5653802307771],[-70.60942582065739,-33.56532594135915],[-70.6092953140094,-33.56619897877738],[-70.60982747132418,-33.56625052039848]]]}},{"type":"Feature","properties":{"comuna":"LaFlorida","zona":"U-VEV3","zona_code":"U-VEV3","nombre":"U-VEV3","decreto":""},"geometry":{"type":"Polygon","coordinates":[[[-70.5955703179585,-33.53034753979749],[-70.5965914015125,-33.53032479847198],[-70.59655346898485,-33.5295415373403],[-70.59771786349192,-33.52949791497696],[-70.59770754470233,-33.529344330568165],[-70.59661921802139,-33.529336517654315],[-70.5966295380203,-33.52894003141398],[-70.59863617417841,-33.528993425148364],[-70.59852936014657,-33.52935201445018],[-70.5985702697274,-33.53041135909977],[-70.60317147958328,-33.53028712239026],[-70.60319467153742,-33.53105772301246],[-70.60202044601567,-33.53107531114854],[-70.60206173223284,-33.53244942433249],[-70.60029440216194,-33.532468641448666],[-70.599521256756,-33.532308468742656],[-70.59932030111334,-33.53344005067365],[-70.59888062451526,-33.53344445949442],[-70.59814932140787,-33.53361448681599],[-70.59823359313914,-33.535715732670276],[-70.59852178271196,-33.53571508195677],[-70.5980307384682,-33.53683472216828],[-70.59813269697177,-33.53932005733393],[-70.603463323277,-33.53920273597519],[-70.60348139635242,-33.54020283213609],[-70.60240639854611,-33.54022300412629],[-70.60242594403059,-33.5408333586886],[-70.59882570208413,-33.540896609220475],[-70.59803885669875,-33.54061888900835],[-70.59787451273577,-33.54103574538938],[-70.5980544674908,-33.541144867897884],[-70.59796703119383,-33.541143962018275],[-70.5975650558743,-33.54205339373975],[-70.59890656286962,-33.542535487212966],[-70.59886517189263,-33.54108629901786],[-70.60249539395096,-33.54101733208741],[-70.60254237890422,-33.54285504373098],[-70.60021565951779,-33.5428944984692],[-70.60023537188334,-33.544148452741474],[-70.60215352514159,-33.54412311787494],[-70.60220706359459,-33.54608746602869],[-70.60356968130588,-33.54607240875833],[-70.6035726034765,-33.546216408672606],[-70.60305056018538,-33.54622133668638],[-70.60305298747623,-33.54687365832578],[-70.60358771206904,-33.54685228540946],[-70.60272398109555,-33.5503956555232],[-70.60142849637911,-33.55038943873164],[-70.60141931776036,-33.55193808267799],[-70.60132620860199,-33.55241421423196],[-70.60119194845049,-33.55240931548885],[-70.60118323480187,-33.5529516922142],[-70.60033724865782,-33.55293902868924],[-70.60031257706096,-33.5539004401064],[-70.60023864271102,-33.55389634579583],[-70.60014912422184,-33.554339840096844],[-70.60171041980814,-33.554567187347416],[-70.60098715454987,-33.55785444822717],[-70.60116354840629,-33.558726625682084],[-70.60064801845645,-33.56093309266571],[-70.5925097221953,-33.56012593802633],[-70.59283406424537,-33.55792818092305],[-70.5923873591767,-33.557888574577326],[-70.59275694711758,-33.55570818024314],[-70.59330324976922,-33.55577380600749],[-70.59326594818766,-33.555964160839615],[-70.59520178610605,-33.55624056982907],[-70.59483346145375,-33.55813520614322],[-70.59605657558971,-33.55825334176736],[-70.59696886384462,-33.553761148074216],[-70.59495477086183,-33.55369622301099],[-70.59498637190202,-33.55280332925367],[-70.596234758861,-33.552807933291916],[-70.59625207661331,-33.55204894903636],[-70.60100952554656,-33.55214603520453],[-70.60101768717503,-33.55038273339747],[-70.59927726008561,-33.55036004267119],[-70.59920217237513,-33.5469163415502],[-70.59593055397183,-33.54698358543465],[-70.59593538994112,-33.54781360424326],[-70.59544982401944,-33.54782279076496],[-70.59542079928792,-33.548100795864364],[-70.59593539275258,-33.54809026663954],[-70.59593539093524,-33.54791352058131],[-70.59660425724852,-33.5478981254271],[-70.59662009074908,-33.55032392882913],[-70.59382474214767,-33.550301752290565],[-70.59379265609068,-33.551935426173856],[-70.58995870479869,-33.551909870615624],[-70.59003758287136,-33.55025328621736],[-70.5887023687855,-33.550245662602414],[-70.58866419324242,-33.54717857586998],[-70.58975061377446,-33.54715389490621],[-70.59012383704638,-33.54630467472282],[-70.5905432588237,-33.54628879463492],[-70.5909385378911,-33.545297578158596],[-70.58922233168825,-33.54530913233979],[-70.58923346515105,-33.544552124055436],[-70.59140180999859,-33.54450308644118],[-70.59138866735067,-33.544044877194985],[-70.59316574349039,-33.54400846384573],[-70.5931275896603,-33.54335994602928],[-70.59274173139518,-33.54336860669547],[-70.59273314241597,-33.5429945331594],[-70.59264052110778,-33.542994583959405],[-70.59282548990987,-33.54255750156587],[-70.59127094046477,-33.542585360731024],[-70.59125916246538,-33.541964928373304],[-70.59134945623987,-33.541962396968934],[-70.59134488067333,-33.54174951383647],[-70.5912364584797,-33.54175790201252],[-70.5912337027132,-33.5414889381803],[-70.59215838007184,-33.54147614412522],[-70.5921639400321,-33.540860218031604],[-70.59206396984814,-33.54086220890469],[-70.59206751931343,-33.54062119987328],[-70.59235976845483,-33.54061744123577],[-70.59280598084274,-33.53950531096937],[-70.59328785621788,-33.53949751957649],[-70.59375985615836,-33.53851086376698],[-70.59352128058312,-33.53851929609681],[-70.59346626945664,-33.537256435079556],[-70.59370740040522,-33.53724865540282],[-70.59369911026242,-33.53697776797752],[-70.59416469611178,-33.53598675975838],[-70.59417280288157,-33.53576469873053],[-70.59444747595151,-33.53576088217295],[-70.5949586634113,-33.53463551637833],[-70.59495102801507,-33.53399463506008],[-70.5952867391129,-33.533998446239494],[-70.59529983685711,-33.53335490434408],[-70.59552552530454,-33.53336598349771],[-70.59550561240204,-33.5331913946615],[-70.59567311670716,-33.53280152610081],[-70.5955703179585,-33.53034753979749]],[[-70.59787941517173,-33.53145161916142],[-70.59764326340479,-33.53144818961306],[-70.5976685352382,-33.53192036097059],[-70.59788026477409,-33.53191934219807],[-70.59787941517173,-33.53145161916142]],[[-70.5964300501078,-33.531515788444594],[-70.59614512429965,-33.531525701501266],[-70.59615354483387,-33.531974116466124],[-70.59644616332454,-33.531970323151334],[-70.5964300501078,-33.531515788444594]],[[-70.59687949606662,-33.531912764000715],[-70.59716207778342,-33.53190894513182],[-70.59714594792575,-33.531513137501335],[-70.59687996554595,-33.531516483407465],[-70.59687949606662,-33.531912764000715]],[[-70.59922188031842,-33.531479760700456],[-70.59895696941443,-33.531470226417184],[-70.59896310143947,-33.53185339027592],[-70.59920531123053,-33.531843768127075],[-70.59922188031842,-33.531479760700456]],[[-70.59732097861504,-33.533822644551336],[-70.59699691345395,-33.53390333374292],[-70.59700344387291,-33.53430361907467],[-70.59732683904879,-33.5343050304942],[-70.59732097861504,-33.533822644551336]],[[-70.59593529821927,-33.537195234158936],[-70.59540121271988,-33.53721049737214],[-70.59535391683725,-33.53742606703539],[-70.5959433659508,-33.53743418884351],[-70.59593529821927,-33.537195234158936]],[[-70.59520284687656,-33.5381146016927],[-70.5952472578594,-33.53791218898157],[-70.59467685520775,-33.5379176922214],[-70.59468401957469,-33.538129865508566],[-70.59520284687656,-33.5381146016927]],[[-70.59806111307229,-33.540312587501276],[-70.59803156861426,-33.53932185331555],[-70.59684326253314,-33.53934295413677],[-70.59650399204901,-33.54010454987933],[-70.59787665634448,-33.54055967677631],[-70.59806111307229,-33.540312587501276]],[[-70.59317970925429,-33.540972393629794],[-70.59261295085317,-33.54076115809939],[-70.5924221968614,-33.540855075614665],[-70.59242788300136,-33.54147181657144],[-70.59296734567123,-33.541425851748755],[-70.59317970925429,-33.540972393629794]],[[-70.59463827878605,-33.54234902021691],[-70.59478324117185,-33.54197898497523],[-70.59386003696294,-33.5419904342484],[-70.59370744477245,-33.54237191432245],[-70.59463827878605,-33.54234902021691]],[[-70.59614898428774,-33.54314248607133],[-70.595828533945,-33.543298894422],[-70.59551571101365,-33.54332560016209],[-70.59552334423536,-33.54352778398013],[-70.5961642469839,-33.54351252038687],[-70.59614898428774,-33.54314248607133]],[[-70.59878889559768,-33.54350105997699],[-70.59987995476084,-33.543489612149685],[-70.59987916454226,-33.543357803205105],[-70.59878510542485,-33.543370356596036],[-70.59878889559768,-33.54350105997699]],[[-70.59597067874104,-33.546937816549374],[-70.5958935752717,-33.54423362454702],[-70.59570926634515,-33.54424124271576],[-70.59580338470265,-33.54694206822671],[-70.59597067874104,-33.546937816549374]],[[-70.6024283400452,-33.54744934138993],[-70.60242188937441,-33.54715397516244],[-70.60220538569362,-33.54716196844824],[-70.60216892591171,-33.547456972937944],[-70.6024283400452,-33.54744934138993]],[[-70.60220037704654,-33.548252221704615],[-70.60231928439416,-33.54780770689693],[-70.60212864344462,-33.54780938082534],[-70.6020742239915,-33.548253059063185],[-70.60220037704654,-33.548252221704615]],[[-70.60001289127705,-33.54837388635828],[-70.5994756180305,-33.54837635312023],[-70.59948325284391,-33.548853201944425],[-70.6000138903784,-33.54885319897138],[-70.60001289127705,-33.54837388635828]],[[-70.60205449498147,-33.54922321977162],[-70.60161196680967,-33.54920033424716],[-70.60161387327541,-33.54955207610626],[-70.60205073402263,-33.54955584331794],[-70.60205449498147,-33.54922321977162]],[[-70.59975312717704,-33.55266731296526],[-70.59899955269812,-33.5526526306058],[-70.59896680401008,-33.553022163073706],[-70.59972690658994,-33.55304723854905],[-70.59975312717704,-33.55266731296526]],[[-70.59714579189199,-33.55273677848439],[-70.59655344577139,-33.5527137836047],[-70.59644663451873,-33.553186818622315],[-70.59711805371138,-33.553217335736846],[-70.59714579189199,-33.55273677848439]],[[-70.59773679487152,-33.55432614798803],[-70.59711090835958,-33.554303082087934],[-70.59704744354042,-33.55462372778472],[-70.59734154539503,-33.55466354290463],[-70.59737747851337,-33.554487653581],[-70.59769793029194,-33.55453342971581],[-70.59773679487152,-33.55432614798803]],[[-70.59834518198653,-33.554706537428665],[-70.59856852070932,-33.55474126808423],[-70.59862613241518,-33.55441969086952],[-70.59841406640267,-33.55438835076499],[-70.59834518198653,-33.554706537428665]],[[-70.59952298018557,-33.554421088773374],[-70.59946232212876,-33.55470437298027],[-70.59970752717426,-33.5547233041053],[-70.59976014106853,-33.5544446599121],[-70.59952298018557,-33.554421088773374]],[[-70.59725713215701,-33.555101076945014],[-70.59696324132915,-33.55503236822869],[-70.59689561143954,-33.55535225502956],[-70.59750277029453,-33.55546518824551],[-70.59753771044664,-33.55529638829111],[-70.5972248885711,-33.55525442723065],[-70.59725713215701,-33.555101076945014]],[[-70.59818121960046,-33.55543466448154],[-70.59842297139117,-33.55546939749735],[-70.59848542840244,-33.555152647459316],[-70.59824677349347,-33.555117409222184],[-70.59818121960046,-33.55543466448154]],[[-70.59931243712195,-33.555437685287814],[-70.59954520593058,-33.55546183118534],[-70.59959788597995,-33.55515909321535],[-70.5993763064466,-33.555117969458],[-70.59931243712195,-33.555437685287814]],[[-70.6004286098361,-33.555644530061706],[-70.60084141432365,-33.555704550118605],[-70.60092533832652,-33.55531162786852],[-70.60051332837679,-33.55525440785264],[-70.6004286098361,-33.555644530061706]],[[-70.59681005774982,-33.5557585238643],[-70.59674267623895,-33.55607598417164],[-70.59703615194775,-33.55610773581996],[-70.59707992997343,-33.55594490563241],[-70.5973927499578,-33.55598686523593],[-70.59742978817664,-33.55582019990254],[-70.59681005774982,-33.5557585238643]],[[-70.59804018364694,-33.55616490313818],[-70.59827501988926,-33.55619956517],[-70.59833390266105,-33.55587444199275],[-70.59809485978907,-33.55584000030556],[-70.59804018364694,-33.55616490313818]],[[-70.59915652396212,-33.55615694916281],[-70.59940197376574,-33.55618104869189],[-70.59946180550267,-33.55587917791785],[-70.59922620561953,-33.555841805405656],[-70.59915652396212,-33.55615694916281]],[[-70.59695979803666,-33.556531673498434],[-70.59665696444394,-33.55648994473623],[-70.59659452267441,-33.55680552856644],[-70.5968920255719,-33.55684696731412],[-70.59695979803666,-33.556531673498434]],[[-70.5978980291845,-33.55689102209363],[-70.5981168951885,-33.55691911429591],[-70.59818758531527,-33.55660451268489],[-70.59796199905638,-33.55657187380773],[-70.5978980291845,-33.55689102209363]],[[-70.59901141460153,-33.55688844438813],[-70.59925691624402,-33.55690572033533],[-70.59930923660889,-33.55661019991977],[-70.59907873857351,-33.556571209208286],[-70.59901141460153,-33.55688844438813]],[[-70.60039608626613,-33.55733800579677],[-70.60053623245003,-33.55695961564138],[-70.6001928916402,-33.55691002707517],[-70.60011102804259,-33.55730710120723],[-70.60039608626613,-33.55733800579677]],[[-70.5977858049434,-33.55729730661178],[-70.59773021257647,-33.55761993498688],[-70.59796760397508,-33.55765240829765],[-70.59803192050016,-33.557331543878156],[-70.5977858049434,-33.55729730661178]],[[-70.59885742594413,-33.55761097819893],[-70.59910645613029,-33.55763695827676],[-70.59916708619802,-33.55734335425874],[-70.59892857861418,-33.557296464046054],[-70.59885742594413,-33.55761097819893]],[[-70.6003760146428,-33.557837019868565],[-70.60002504446913,-33.55773020813436],[-70.59994112050157,-33.558142205010675],[-70.60028446075304,-33.55819179599919],[-70.6003760146428,-33.557837019868565]],[[-70.59620253202553,-33.559202738338676],[-70.59549295945713,-33.55913407944671],[-70.5953725944042,-33.56001241147995],[-70.59607293176666,-33.56007965603878],[-70.59620253202553,-33.559202738338676]],[[-70.59441714674469,-33.557596723807144],[-70.59465358762257,-33.55762999582],[-70.59471040822993,-33.55730722746106],[-70.59447818284289,-33.557280096738005],[-70.59441714674469,-33.557596723807144]],[[-70.59405963411714,-33.5569107438901],[-70.5945373111955,-33.55697198213804],[-70.59455316044094,-33.55687037009987],[-70.59479834451588,-33.5569009392052],[-70.59488933694652,-33.55640019455072],[-70.594173977966,-33.55631510703603],[-70.59405963411714,-33.5569107438901]],[[-70.59090735796836,-33.547808001989175],[-70.59089972590169,-33.54756385605814],[-70.59010622829727,-33.54757530488875],[-70.59009859963948,-33.54779274738963],[-70.59050297985218,-33.547949151599546],[-70.59090735796836,-33.547808001989175]],[[-70.59356595376973,-33.548703413738586],[-70.59328912102387,-33.54870083042852],[-70.59329133872329,-33.548992346273515],[-70.59356778923349,-33.54899887363893],[-70.59356595376973,-33.548703413738586]],[[-70.58966371081515,-33.54878077957762],[-70.58947282918611,-33.548780052711784],[-70.5895056708777,-33.54912351373648],[-70.58966371186703,-33.549124110370144],[-70.58966371081515,-33.54878077957762]],[[-70.59004520390275,-33.549284330598475],[-70.5900428316128,-33.54958574539222],[-70.5909505291909,-33.54960987128166],[-70.59094551968332,-33.5492881386657],[-70.59049536387982,-33.54946362284829],[-70.59004520390275,-33.549284330598475]],[[-70.59075295754599,-33.550268539722516],[-70.59050300091593,-33.55026854300259],[-70.59049537693507,-33.55100479606265],[-70.59073511106116,-33.55100614159257],[-70.59075295754599,-33.550268539722516]],[[-70.59202584683074,-33.551454938644696],[-70.59155592085565,-33.55145763328819],[-70.59155592265665,-33.5516761914385],[-70.59202127842269,-33.55168346115896],[-70.59202584683074,-33.551454938644696]]]}},{"type":"Feature","properties":{"comuna":"LaFlorida","zona":"U-VEV3","zona_code":"U-VEV3","nombre":"U-VEV3","decreto":""},"geometry":{"type":"Polygon","coordinates":[[[-70.59225031111876,-33.56049216075073],[-70.59402943904568,-33.56061617290604],[-70.59364452817562,-33.56324041387747],[-70.5918066433392,-33.56305720890808],[-70.59201205283777,-33.56144121854522],[-70.59211173133716,-33.56145209283501],[-70.59225031111876,-33.56049216075073]],[[-70.59332470375855,-33.561836963030416],[-70.59313047400904,-33.561823416424154],[-70.59301750491947,-33.56263010341229],[-70.5931964226869,-33.56265132336258],[-70.59332470375855,-33.561836963030416]],[[-70.59260129671411,-33.56244151290929],[-70.59225795748767,-33.562407183048165],[-70.59223506925487,-33.56255214561555],[-70.59257841127136,-33.562586479101526],[-70.59260129671411,-33.56244151290929]]]}},{"type":"Feature","properties":{"comuna":"LaFlorida","zona":"U-VEV3","zona_code":"U-VEV3","nombre":"U-VEV3","decreto":""},"geometry":{"type":"Polygon","coordinates":[[[-70.58647456477804,-33.56088893452824],[-70.58667206689857,-33.55966116540803],[-70.5894715165732,-33.5599399697054],[-70.58948984119971,-33.55983513221623],[-70.58962746194308,-33.559849933868335],[-70.58956026145286,-33.56021047991309],[-70.59187645130665,-33.560457829144205],[-70.59155827765561,-33.5630319146567],[-70.59033332108751,-33.56290882996366],[-70.59039084629477,-33.56254803013232],[-70.59027948367654,-33.562541700081155],[-70.59044054172334,-33.561282331034384],[-70.58647456477804,-33.56088893452824]]]}},{"type":"Feature","properties":{"comuna":"LaFlorida","zona":"PL","zona_code":"PL","nombre":"PL","decreto":""},"geometry":{"type":"Polygon","coordinates":[[[-70.58851176027576,-33.56588247736308],[-70.58862620100832,-33.565291183927954],[-70.5897630406563,-33.56543995365827],[-70.58963334074124,-33.56603124741656],[-70.58851176027576,-33.56588247736308]]]}},{"type":"Feature","properties":{"comuna":"LaFlorida","zona":"PL","zona_code":"PL","nombre":"PL","decreto":""},"geometry":{"type":"Polygon","coordinates":[[[-70.58559715503051,-33.56316255112358],[-70.587550384563,-33.56336090839466],[-70.58749697875365,-33.56374239428579],[-70.58554414923468,-33.563537687790514],[-70.58559715503051,-33.56316255112358]]]}},{"type":"Feature","properties":{"comuna":"LaFlorida","zona":"PL","zona_code":"PL","nombre":"PL","decreto":""},"geometry":{"type":"Polygon","coordinates":[[[-70.5899461440898,-33.56399033405786],[-70.5883133674172,-33.5638263076358],[-70.58835914057036,-33.56342957404257],[-70.5900148093111,-33.56359359627084],[-70.5899461440898,-33.56399033405786]]]}},{"type":"Feature","properties":{"comuna":"LaFlorida","zona":"U-EC1","zona_code":"U-EC1","nombre":"U-EC1","decreto":""},"geometry":{"type":"Polygon","coordinates":[[[-70.57423160418162,-33.56118987607195],[-70.57425984124399,-33.56106567317811],[-70.57451105232612,-33.56111789188006],[-70.5744728262336,-33.5612249132156],[-70.57423160418162,-33.56118987607195]]]}},{"type":"Feature","properties":{"comuna":"LaFlorida","zona":"U-EC1","zona_code":"U-EC1","nombre":"U-EC1","decreto":""},"geometry":{"type":"Polygon","coordinates":[[[-70.58071408759135,-33.56309009968056],[-70.58005792625961,-33.562983288978316],[-70.57790632050975,-33.562594193667586],[-70.57800822746641,-33.5622041865047],[-70.58080627858185,-33.5626990746297],[-70.58071408759135,-33.56309009968056]]]}},{"type":"Feature","properties":{"comuna":"LaFlorida","zona":"U-EC1","zona_code":"U-EC1","nombre":"U-EC1","decreto":""},"geometry":{"type":"Polygon","coordinates":[[[-70.57401642480438,-33.55997078522268],[-70.5745243738534,-33.56003918641008],[-70.57423160418162,-33.56118987607195],[-70.5744728262336,-33.5612249132156],[-70.57451105232612,-33.56111789188006],[-70.57733451420212,-33.56164348229258],[-70.57722629843009,-33.56206587534916],[-70.57800822746641,-33.5622041865047],[-70.57790632050975,-33.562594193667586],[-70.58071408759135,-33.56309009968056],[-70.58061490500884,-33.56350591213209],[-70.57581755962212,-33.56262107914104],[-70.57542918564044,-33.56403897360853],[-70.57254266761292,-33.563533611647976],[-70.5727714705361,-33.56252937418664],[-70.57216871728156,-33.56241874941104],[-70.57193983133837,-33.56342585293039],[-70.57129210900486,-33.56331288045302],[-70.57162414626269,-33.56200999763516],[-70.57139896519958,-33.561950365986775],[-70.57152144908761,-33.56146721731321],[-70.57355856561736,-33.56182184896993],[-70.57401642480438,-33.55997078522268]]]}},{"type":"Feature","properties":{"comuna":"LaFlorida","zona":"PL","zona_code":"PL","nombre":"PL","decreto":""},"geometry":{"type":"Polygon","coordinates":[[[-70.58080627858185,-33.5626990746297],[-70.58194248378409,-33.56290316896742],[-70.58175745258399,-33.563687038753706],[-70.58061490500884,-33.56350591213209],[-70.58080627858185,-33.5626990746297]]]}},{"type":"Feature","properties":{"comuna":"LaFlorida","zona":"U-VEV3","zona_code":"U-VEV3","nombre":"U-VEV3","decreto":""},"geometry":{"type":"Polygon","coordinates":[[[-70.57254266761292,-33.563533611647976],[-70.57193983133837,-33.56342585293039],[-70.57216871728156,-33.56241874941104],[-70.5727714705361,-33.56252937418664],[-70.57254266761292,-33.563533611647976]]]}},{"type":"Feature","properties":{"comuna":"LaFlorida","zona":"U-VEV4","zona_code":"U-VEV4","nombre":"U-VEV4","decreto":""},"geometry":{"type":"Polygon","coordinates":[[[-70.58306716621794,-33.56537175443502],[-70.57542918564044,-33.56403897360853],[-70.57581755962212,-33.56262107914104],[-70.58333378011064,-33.56396429519329],[-70.58306716621794,-33.56537175443502]]]}},{"type":"Feature","properties":{"comuna":"LaFlorida","zona":"PL","zona_code":"PL","nombre":"PL","decreto":""},"geometry":{"type":"Polygon","coordinates":[[[-70.56064008184069,-33.55993157434987],[-70.56083844907474,-33.55914954587702],[-70.56175402516492,-33.55931739090451],[-70.5616624706718,-33.559702685802186],[-70.5619072880156,-33.559744348700114],[-70.56177654517886,-33.560115245455066],[-70.56064008184069,-33.55993157434987]]]}},{"type":"Feature","properties":{"comuna":"LaFlorida","zona":"PL","zona_code":"PL","nombre":"PL","decreto":""},"geometry":{"type":"Polygon","coordinates":[[[-70.57050541527609,-33.561693951222296],[-70.5706045997002,-33.56131247299465],[-70.57118847966386,-33.56140835866764],[-70.57106054055724,-33.561786378604104],[-70.57050541527609,-33.561693951222296]]]}},{"type":"Feature","properties":{"comuna":"LaFlorida","zona":"U-VEV4","zona_code":"U-VEV4","nombre":"U-VEV4","decreto":""},"geometry":{"type":"Polygon","coordinates":[[[-70.57885239724236,-33.56074020162481],[-70.5780360119461,-33.56058380156283],[-70.57835412893864,-33.558786529030954],[-70.57917091635308,-33.55888840881502],[-70.57885239724236,-33.56074020162481]]]}},{"type":"Feature","properties":{"comuna":"LaFlorida","zona":"U-VEV4","zona_code":"U-VEV4","nombre":"U-VEV4","decreto":""},"geometry":{"type":"Polygon","coordinates":[[[-70.57827585645644,-33.558779760677226],[-70.57588375016407,-33.55848369479552],[-70.5764489680366,-33.5553346625836],[-70.5788231767467,-33.55563626089599],[-70.57827585645644,-33.558779760677226]]]}},{"type":"Feature","properties":{"comuna":"LaFlorida","zona":"U-VEV4","zona_code":"U-VEV4","nombre":"U-VEV4","decreto":""},"geometry":{"type":"Polygon","coordinates":[[[-70.57539609956618,-33.56036637442678],[-70.57595594531303,-33.558498313963966],[-70.57835412893864,-33.558786529030954],[-70.5780360119461,-33.56058380156283],[-70.5764227116331,-33.56040338260166],[-70.57586023507548,-33.56024519286828],[-70.57571083904304,-33.56067884981076],[-70.57557158962369,-33.56074022223685],[-70.57539609956618,-33.56036637442678]]]}},{"type":"Feature","properties":{"comuna":"LaFlorida","zona":"U-VEV4","zona_code":"U-VEV4","nombre":"U-VEV4","decreto":""},"geometry":{"type":"Polygon","coordinates":[[[-70.57917091635308,-33.55888840881502],[-70.5840177559298,-33.55950036599888],[-70.58362052506284,-33.56165026000697],[-70.58263324803465,-33.56150310051488],[-70.58220416333285,-33.56304781722116],[-70.58192648404929,-33.56300087118521],[-70.58194248378409,-33.56290316896742],[-70.57800822746641,-33.5622041865047],[-70.57841230173408,-33.560657710650275],[-70.57885239724236,-33.56074020162481],[-70.57917091635308,-33.55888840881502]]]}},{"type":"Feature","properties":{"comuna":"LaFlorida","zona":"U-VEV4","zona_code":"U-VEV4","nombre":"U-VEV4","decreto":""},"geometry":{"type":"MultiPolygon","coordinates":[[[[-70.57722629843009,-33.56206587534916],[-70.57733451420212,-33.56164348229258],[-70.57551055552935,-33.56127047823471],[-70.57557158962369,-33.56074022223685],[-70.57571083904304,-33.56067884981076],[-70.57586023507548,-33.56024519286828],[-70.5764227116331,-33.56040338260166],[-70.57841230173408,-33.560657710650275],[-70.57800822746641,-33.5622041865047],[-70.57722629843009,-33.56206587534916]]],[[[-70.58220416333285,-33.56304781722116],[-70.58263324803465,-33.56150310051488],[-70.58362052506284,-33.56165026000697],[-70.58375337871288,-33.561744454251325],[-70.5834679922697,-33.56326148078914],[-70.58220416333285,-33.56304781722116]]]]}},{"type":"Feature","properties":{"comuna":"LaFlorida","zona":"ED-11","zona_code":"ED-11","nombre":"ED-11","decreto":""},"geometry":{"type":"Polygon","coordinates":[[[-70.56852259004204,-33.55916543052861],[-70.56439765615595,-33.558439674466854],[-70.5649684087416,-33.557101747916576],[-70.5690804475073,-33.55765717047455],[-70.56852259004204,-33.55916543052861]]]}},{"type":"Feature","properties":{"comuna":"LaFlorida","zona":"U-VEV4","zona_code":"U-VEV4","nombre":"U-VEV4","decreto":""},"geometry":{"type":"Polygon","coordinates":[[[-70.56009073034032,-33.55941277019339],[-70.56075493576658,-33.5595311711466],[-70.56064008184069,-33.55993157434987],[-70.56177654517886,-33.560115245455066],[-70.5619072880156,-33.559744348700114],[-70.5647122277739,-33.560257021418685],[-70.56456959878221,-33.560784339346704],[-70.5648910152767,-33.56083764443938],[-70.56486272025941,-33.56097544115176],[-70.56515250483372,-33.56101902071009],[-70.56487495606751,-33.56217774121201],[-70.56299588128554,-33.56193087116543],[-70.55872948150666,-33.561119294827286],[-70.56009073034032,-33.55941277019339]]]}},{"type":"Feature","properties":{"comuna":"LaFlorida","zona":"U-VEV4","zona_code":"U-VEV4","nombre":"U-VEV4","decreto":""},"geometry":{"type":"Polygon","coordinates":[[[-70.56009214397712,-33.55941117417998],[-70.56205919958663,-33.55718110883555],[-70.56215837997082,-33.55672333320084],[-70.56318270413296,-33.556853601651184],[-70.56267237054777,-33.55812762444286],[-70.56242096804183,-33.558082467666985],[-70.561975070925,-33.55975555339019],[-70.5616624706718,-33.559702685802186],[-70.56175402516492,-33.55931739090451],[-70.56083844907474,-33.55914954587702],[-70.56073163400669,-33.559527204764215],[-70.56009214397712,-33.55941117417998]]]}},{"type":"Feature","properties":{"comuna":"LaFlorida","zona":"U-EC3","zona_code":"U-EC3","nombre":"U-EC3","decreto":""},"geometry":{"type":"Polygon","coordinates":[[[-70.56809714113933,-33.547749980571794],[-70.57049249929112,-33.542447875910725],[-70.57216771320054,-33.54244124063961],[-70.57166657071727,-33.543654900509516],[-70.5719549203586,-33.54365000390537],[-70.5721070933919,-33.54401086062594],[-70.57058464854838,-33.54745347257202],[-70.57068508115408,-33.54751262960226],[-70.57059898817953,-33.547981208343295],[-70.56919158887436,-33.549780815125736],[-70.5690401563663,-33.550330793741765],[-70.56829267898729,-33.550341157209736],[-70.56728663591242,-33.55149776919717],[-70.5656832969802,-33.55142457286021],[-70.56556648096185,-33.55266272556996],[-70.56458258899194,-33.553882326127045],[-70.56608007204863,-33.55407585135054],[-70.56493457498175,-33.5554669900457],[-70.56350304619819,-33.55527688387461],[-70.56230530429065,-33.55674169768633],[-70.56215837997082,-33.55672333320084],[-70.56205919958663,-33.55718110883555],[-70.56009073034032,-33.55941277019339],[-70.55872948150666,-33.561119294827286],[-70.55723534642127,-33.560838296751726],[-70.56809714113933,-33.547749980571794]]]}},{"type":"Feature","properties":{"comuna":"LaFlorida","zona":"U-EC3","zona_code":"U-EC3","nombre":"U-EC3","decreto":""},"geometry":{"type":"Polygon","coordinates":[[[-70.56535813273686,-33.546388473483795],[-70.5655132718134,-33.54638523104301],[-70.56878522965586,-33.54631677991425],[-70.56818096209837,-33.547575393045314],[-70.5654009572444,-33.54764411823268],[-70.56535813273686,-33.546388473483795]]]}},{"type":"Feature","properties":{"comuna":"LaFlorida","zona":"ED-8","zona_code":"ED-8","nombre":"ED-8","decreto":""},"geometry":{"type":"Polygon","coordinates":[[[-70.57560847745239,-33.55295870649659],[-70.5763530602522,-33.550153727652024],[-70.57747715860253,-33.55012916641241],[-70.57683255342072,-33.552964714030715],[-70.57560847745239,-33.55295870649659]]]}},{"type":"Feature","properties":{"comuna":"LaFlorida","zona":"U-VEV3","zona_code":"U-VEV3","nombre":"U-VEV3","decreto":""},"geometry":{"type":"Polygon","coordinates":[[[-70.56349632970823,-33.56004519606227],[-70.561975070925,-33.55975555339019],[-70.56242096804183,-33.558082467666985],[-70.56401176480506,-33.55837263984418],[-70.56349632970823,-33.56004519606227]]]}},{"type":"Feature","properties":{"comuna":"LaFlorida","zona":"U-VEV3","zona_code":"U-VEV3","nombre":"U-VEV3","decreto":""},"geometry":{"type":"Polygon","coordinates":[[[-70.5690804475073,-33.55765717047455],[-70.57057405193524,-33.55783719964219],[-70.5704061999077,-33.558474271224696],[-70.57012683318283,-33.55842889521537],[-70.56897394426709,-33.562895483996314],[-70.56487495606751,-33.56217774121201],[-70.56515250483372,-33.56101902071009],[-70.56486272025941,-33.56097544115176],[-70.5648910152767,-33.56083764443938],[-70.56456959878221,-33.560784339346704],[-70.5647122277739,-33.560257021418685],[-70.56481266476791,-33.56027477018665],[-70.56522136011607,-33.55859495091653],[-70.56852259004204,-33.55916543052861],[-70.5690804475073,-33.55765717047455]]]}},{"type":"Feature","properties":{"comuna":"LaFlorida","zona":"U-VEV3","zona_code":"U-VEV3","nombre":"U-VEV3","decreto":""},"geometry":{"type":"Polygon","coordinates":[[[-70.57116724995248,-33.559474588356544],[-70.57165278282129,-33.55955264511226],[-70.57118445800225,-33.56140720218119],[-70.5699760867591,-33.56119953270252],[-70.57042609454456,-33.5595155765922],[-70.57111963039209,-33.55962257788621],[-70.57116724995248,-33.559474588356544]]]}},{"type":"Feature","properties":{"comuna":"LaFlorida","zona":"U-VEV3","zona_code":"U-VEV3","nombre":"U-VEV3","decreto":""},"geometry":{"type":"Polygon","coordinates":[[[-70.57905868482999,-33.55887441055436],[-70.57827585645644,-33.558779760677226],[-70.5788231767467,-33.55563626089599],[-70.57958736185635,-33.55573024030128],[-70.57905868482999,-33.55887441055436]]]}},{"type":"Feature","properties":{"comuna":"LaFlorida","zona":"U-VEV3","zona_code":"U-VEV3","nombre":"U-VEV3","decreto":""},"geometry":{"type":"Polygon","coordinates":[[[-70.56829267898729,-33.550341157209736],[-70.56845405504357,-33.55034121379432],[-70.56792225217157,-33.55088121932493],[-70.56829268344752,-33.550917190845006],[-70.56766803771772,-33.55151646354957],[-70.56728663591242,-33.55149776919717],[-70.56829267898729,-33.550341157209736]]]}},{"type":"Feature","properties":{"comuna":"LaFlorida","zona":"U-VEV3","zona_code":"U-VEV3","nombre":"U-VEV3","decreto":""},"geometry":{"type":"Polygon","coordinates":[[[-70.57262859050353,-33.5528850735201],[-70.57062625822324,-33.552830009259324],[-70.5682774375866,-33.55266436359127],[-70.5695817698979,-33.55171284242953],[-70.56967841644088,-33.55031347339228],[-70.57337514865833,-33.550227581114704],[-70.57262859050353,-33.5528850735201]]]}},{"type":"Feature","properties":{"comuna":"LaFlorida","zona":"U-VEV3","zona_code":"U-VEV3","nombre":"U-VEV3","decreto":""},"geometry":{"type":"Polygon","coordinates":[[[-70.57747715860253,-33.55012916641241],[-70.58478899727396,-33.549970947142214],[-70.58638203787345,-33.55021158205227],[-70.5862691285158,-33.55073762353602],[-70.58555629673042,-33.55129861931939],[-70.58562757495108,-33.55146260086737],[-70.58378942305836,-33.55139530756526],[-70.58377442378301,-33.55175830719624],[-70.58555890885626,-33.55181737533376],[-70.58551167238241,-33.551966151586136],[-70.58581069588406,-33.55224844753609],[-70.58513927881978,-33.552767260691844],[-70.58561995995751,-33.55320977315697],[-70.58561996108706,-33.55335854852026],[-70.5852509584415,-33.55334637481313],[-70.58502724261196,-33.554677553239166],[-70.5844978587241,-33.55460031205264],[-70.58445261553364,-33.55484632387805],[-70.58359807755724,-33.55472807025474],[-70.58352178437099,-33.555182030684676],[-70.58438395165872,-33.55528883947096],[-70.5844281374115,-33.55500407008629],[-70.58495973964565,-33.555078732768685],[-70.58431863250975,-33.55881486235758],[-70.58395782642718,-33.55882480655164],[-70.58385036292982,-33.55947626884657],[-70.57905868482999,-33.55887441055436],[-70.57958736185635,-33.55573024030128],[-70.5764489680366,-33.5553346625836],[-70.576156260431,-33.55696546694502],[-70.57581047684539,-33.55691639528451],[-70.57574726551331,-33.55728099370492],[-70.57609120604769,-33.5573279083774],[-70.57599168881273,-33.55788235203363],[-70.57560990083104,-33.55783493053259],[-70.57557571299972,-33.55808872211227],[-70.5759470572124,-33.55813100191616],[-70.57588375016407,-33.55848369479552],[-70.57595594531303,-33.558498313963966],[-70.57539609956618,-33.56036637442678],[-70.57557158962369,-33.56074022223685],[-70.57551055552935,-33.56127047823471],[-70.57425984124399,-33.56106567317811],[-70.5745243738534,-33.56003918641008],[-70.57401642480438,-33.55997078522268],[-70.57355856561736,-33.56182184896993],[-70.57152144908761,-33.56146721731321],[-70.57139896519958,-33.561950365986775],[-70.57162414626269,-33.56200999763516],[-70.57129210900486,-33.56331288045302],[-70.56897394426709,-33.562895483996314],[-70.57012683318283,-33.55842889521537],[-70.5704061999077,-33.558474271224696],[-70.57057405193524,-33.55783719964219],[-70.56746243790391,-33.557446668612414],[-70.56867246254133,-33.55494435483485],[-70.56721288523491,-33.55476929088349],[-70.5655488649621,-33.55671621620451],[-70.5649684087416,-33.557101747916576],[-70.56439765615595,-33.558439674466854],[-70.56522136011607,-33.55859495091653],[-70.56481266476791,-33.56027477018665],[-70.56355466134042,-33.560057449054035],[-70.56401176480506,-33.55837263984418],[-70.56267237054777,-33.55812762444286],[-70.56318270413296,-33.556853601651184],[-70.56230530429065,-33.55674169768633],[-70.56350304619819,-33.55527688387461],[-70.56493457498175,-33.5554669900457],[-70.56608007204863,-33.55407585135054],[-70.56458258899194,-33.553882326127045],[-70.56556648096185,-33.55266272556996],[-70.5656832969802,-33.55142457286021],[-70.56766803771772,-33.55151646354957],[-70.56829268344752,-33.550917190845006],[-70.56792225217157,-33.55088121932493],[-70.56845405504357,-33.55034121379432],[-70.56967841644088,-33.55031347339228],[-70.5695817698979,-33.55171284242953],[-70.5682774375866,-33.55266436359127],[-70.57262859050353,-33.5528850735201],[-70.57337514865833,-33.550227581114704],[-70.5763530602522,-33.550153727652024],[-70.57560847745239,-33.55295870649659],[-70.5767283240357,-33.552999970177886],[-70.57683255342072,-33.552964714030715],[-70.57747715860253,-33.55012916641241]],[[-70.58080338646265,-33.551331113776136],[-70.58063026343834,-33.551326916230366],[-70.58068040424388,-33.55121533186692],[-70.58026736803359,-33.55109577522053],[-70.58017651077748,-33.5513011385499],[-70.5807213967886,-33.5515449946812],[-70.58080338646265,-33.551331113776136]],[[-70.58154563789329,-33.55172203091622],[-70.58110311038548,-33.551706774602714],[-70.5808831689507,-33.55220863910652],[-70.58127933862909,-33.55234585841571],[-70.58154563789329,-33.55172203091622]],[[-70.57950848480495,-33.55226373950048],[-70.5778665339893,-33.55176166650333],[-70.57771021333468,-33.55193730878458],[-70.57901244596061,-33.55235814571422],[-70.57904173719717,-33.552290191224614],[-70.57945201669978,-33.55240109167431],[-70.57950848480495,-33.55226373950048]],[[-70.57602195540045,-33.55356397356259],[-70.57554730784597,-33.55351587788573],[-70.57551811908544,-33.55365235084463],[-70.57599116835047,-33.55371719579799],[-70.57602195540045,-33.55356397356259]],[[-70.56930550485545,-33.55407577506428],[-70.56910387157895,-33.55454686527827],[-70.56951320781373,-33.55465391476934],[-70.56967776345182,-33.55415880418365],[-70.56930550485545,-33.55407577506428]],[[-70.56676457638687,-33.5543609223016],[-70.566442451612,-33.554272531586214],[-70.56609533519422,-33.5547014725879],[-70.56621515002638,-33.554771091621554],[-70.56645895240659,-33.554469389582565],[-70.56658718885853,-33.554543765221],[-70.56676457638687,-33.5543609223016]],[[-70.57520884611075,-33.55476775042871],[-70.57580865823272,-33.554834245484834],[-70.5758274582726,-33.5546838453166],[-70.57525135650135,-33.55461135266587],[-70.57520884611075,-33.55476775042871]],[[-70.58194098816543,-33.55477913928686],[-70.58276912624234,-33.55482603808879],[-70.58278935680924,-33.554696560883976],[-70.58196383698349,-33.554647101826596],[-70.58194098816543,-33.55477913928686]],[[-70.58280568882986,-33.55459699647122],[-70.58282706064419,-33.554472339333124],[-70.58200568202632,-33.554400358655236],[-70.58198402524104,-33.554528768189925],[-70.58280568882986,-33.55459699647122]],[[-70.57920110695109,-33.55415564973119],[-70.57853951987127,-33.55407577144243],[-70.57845559660971,-33.554533546542935],[-70.57913211479195,-33.554621708257876],[-70.57920110695109,-33.55415564973119]],[[-70.57591189569486,-33.554094610026304],[-70.57540983107917,-33.55404113275112],[-70.57536467884643,-33.55423192728338],[-70.57587272390455,-33.554302443389254],[-70.57591189569486,-33.554094610026304]],[[-70.56985682707624,-33.55512870547448],[-70.56966608837573,-33.55571617856303],[-70.5701238773437,-33.555876406162085],[-70.57040617632111,-33.55533851373195],[-70.56985682707624,-33.55512870547448]],[[-70.56878090035943,-33.55582126925487],[-70.56850635828093,-33.555788672049616],[-70.56834613711108,-33.556124373797644],[-70.56867798134387,-33.556166967813844],[-70.56878090035943,-33.55582126925487]],[[-70.57404536718653,-33.558006457254905],[-70.57296980568152,-33.55780285286864],[-70.57288168952536,-33.55811705154301],[-70.57445731682161,-33.55830887280077],[-70.5752753087736,-33.55520021095147],[-70.57484862296943,-33.555144448266994],[-70.57404536718653,-33.558006457254905]],[[-70.57492234274717,-33.55729903057074],[-70.57535432476564,-33.55735751924771],[-70.57540319901412,-33.55707989135147],[-70.57500175979688,-33.55703653995637],[-70.57492234274717,-33.55729903057074]],[[-70.57517185864464,-33.55639184966654],[-70.57509311525514,-33.55668047387927],[-70.57546051475917,-33.55673216187063],[-70.57550920302057,-33.55644474068064],[-70.57517185864464,-33.55639184966654]],[[-70.57550930548831,-33.5552319979715],[-70.5753383607255,-33.55578316601],[-70.57561732445956,-33.55583059164647],[-70.575721333894,-33.55524400225213],[-70.57550930548831,-33.5552319979715]],[[-70.58075723590818,-33.555881175414235],[-70.58118707256367,-33.55593355502092],[-70.58103775302722,-33.555131516587295],[-70.58089103455517,-33.555132292184005],[-70.58075723590818,-33.555881175414235]],[[-70.58368994112384,-33.55717193806299],[-70.58349014093922,-33.55714769225759],[-70.58354548578335,-33.55658298839519],[-70.5833997180954,-33.55656298227712],[-70.58323950105321,-33.557402238163405],[-70.58365114201717,-33.55745368927019],[-70.58368994112384,-33.55717193806299]],[[-70.58095871963064,-33.55725319211704],[-70.58030894640144,-33.55716025153135],[-70.58024137099117,-33.55749894779213],[-70.5808971556883,-33.557585362072224],[-70.58095871963064,-33.55725319211704]],[[-70.58334499447919,-33.55830566300876],[-70.58309454234313,-33.558272009262254],[-70.58303350629933,-33.558596267986836],[-70.58329690576457,-33.558627561179904],[-70.58334499447919,-33.55830566300876]],[[-70.57503517303341,-33.55837557292275],[-70.57475383175688,-33.55834198328223],[-70.57459217750758,-33.5592013039953],[-70.57488489739688,-33.55923720032321],[-70.57503517303341,-33.55837557292275]],[[-70.57165278282129,-33.55955264511226],[-70.57116724995248,-33.559474588356544],[-70.57111963039209,-33.55962257788621],[-70.57042609454456,-33.5595155765922],[-70.5699760867591,-33.56119953270252],[-70.5706045997002,-33.56131247299465],[-70.57050541527609,-33.561693951222296],[-70.57106054055724,-33.561786378604104],[-70.57165278282129,-33.55955264511226]],[[-70.56574437407399,-33.55582302144782],[-70.56539340336232,-33.55562846940632],[-70.56525801615656,-33.55579583874606],[-70.5656078990287,-33.55599574462677],[-70.56574437407399,-33.55582302144782]],[[-70.56420911981802,-33.55758089744842],[-70.56386751390217,-33.55748827336675],[-70.5638041396023,-33.55763963740201],[-70.56414091718493,-33.557739730256415],[-70.56420911981802,-33.55758089744842]],[[-70.56478166542661,-33.55932428632341],[-70.56454079008829,-33.55928343782293],[-70.5644935230876,-33.55946109958288],[-70.56473721097763,-33.5595062837533],[-70.56478166542661,-33.55932428632341]]]}},{"type":"Feature","properties":{"comuna":"LaFlorida","zona":"U-VEV3","zona_code":"U-VEV3","nombre":"U-VEV3","decreto":""},"geometry":{"type":"Polygon","coordinates":[[[-70.57445731682161,-33.55830887280077],[-70.57400275780401,-33.5582569836527],[-70.57404536718653,-33.558006457254905],[-70.57484862296943,-33.555144448266994],[-70.5752753087736,-33.55520021095147],[-70.57445731682161,-33.55830887280077]]]}},{"type":"Feature","properties":{"comuna":"LaFlorida","zona":"U-VEV3","zona_code":"U-VEV3","nombre":"U-VEV3","decreto":""},"geometry":{"type":"Polygon","coordinates":[[[-70.56746243790391,-33.557446668612414],[-70.5649684087416,-33.557101747916576],[-70.5655488649621,-33.55671621620451],[-70.56721288523491,-33.55476929088349],[-70.56867246254133,-33.55494435483485],[-70.56746243790391,-33.557446668612414]]]}},{"type":"Feature","properties":{"comuna":"LaFlorida","zona":"U-VEV4","zona_code":"U-VEV4","nombre":"U-VEV4","decreto":""},"geometry":{"type":"Polygon","coordinates":[[[-70.57068508115408,-33.54751262960226],[-70.58288004540526,-33.54726532303975],[-70.5829037104018,-33.5482162337904],[-70.5823405361743,-33.54822919751431],[-70.58237552575133,-33.54911385090867],[-70.58294949701119,-33.549101263804246],[-70.58295510099379,-33.55001303524595],[-70.5690401563663,-33.550330793741765],[-70.56919158887436,-33.549780815125736],[-70.57059898817953,-33.547981208343295],[-70.57068508115408,-33.54751262960226]],[[-70.57576222688498,-33.54838031252562],[-70.57528755058077,-33.54839023368712],[-70.57531431020631,-33.54926648625461],[-70.57577749495135,-33.549253898410136],[-70.57576222688498,-33.54838031252562]]]}},{"type":"Feature","properties":{"comuna":"LaFlorida","zona":"U-VEV4","zona_code":"U-VEV4","nombre":"U-VEV4","decreto":""},"geometry":{"type":"Polygon","coordinates":[[[-70.58295510099379,-33.55001303524595],[-70.58288004540526,-33.54726532303975],[-70.58665247763845,-33.54717423820165],[-70.58666947627007,-33.54813770251193],[-70.58655268140902,-33.5481402023224],[-70.58656870311304,-33.54902262324657],[-70.58646017686121,-33.54902431358822],[-70.5863752836267,-33.55021134485859],[-70.58478899727396,-33.549970947142214],[-70.58295510099379,-33.55001303524595]]]}},{"type":"Feature","properties":{"comuna":"LaFlorida","zona":"PL","zona_code":"PL","nombre":"PL","decreto":""},"geometry":{"type":"Polygon","coordinates":[[[-70.57528755058077,-33.54839023368712],[-70.57576222688498,-33.54838031252562],[-70.57577749495135,-33.549253898410136],[-70.57531431020631,-33.54926648625461],[-70.57528755058077,-33.54839023368712]]]}},{"type":"Feature","properties":{"comuna":"LaFlorida","zona":"PL","zona_code":"PL","nombre":"PL","decreto":""},"geometry":{"type":"Polygon","coordinates":[[[-70.5823405361743,-33.54822919751431],[-70.5829037104018,-33.5482162337904],[-70.58294949701119,-33.549101263804246],[-70.58237552575133,-33.54911385090867],[-70.5823405361743,-33.54822919751431]]]}},{"type":"Feature","properties":{"comuna":"LaFlorida","zona":"AV1.3","zona_code":"AV1.3","nombre":"AV1.3","decreto":""},"geometry":{"type":"Polygon","coordinates":[[[-70.555023950444,-33.54457280446182],[-70.55504337877423,-33.54472540679085],[-70.56543552247834,-33.54447133995069],[-70.5655132718134,-33.54638523104301],[-70.55506086825875,-33.54662545542721],[-70.55498560762203,-33.54790086954542],[-70.55444385724164,-33.5479119229992],[-70.55431383835055,-33.547648185488626],[-70.5540086377014,-33.54736208580801],[-70.55271379703528,-33.54630969336174],[-70.55258182759736,-33.54613089177995],[-70.55239952446667,-33.54532635797526],[-70.555023950444,-33.54457280446182]]]}},{"type":"Feature","properties":{"comuna":"LaFlorida","zona":"U-VEV3","zona_code":"U-VEV3","nombre":"U-VEV3","decreto":""},"geometry":{"type":"Polygon","coordinates":[[[-70.55506086825875,-33.54662545542721],[-70.56535813273686,-33.546388473483795],[-70.5654009572444,-33.54764411823268],[-70.55498560762203,-33.54790086954542],[-70.55506086825875,-33.54662545542721]]]}},{"type":"Feature","properties":{"comuna":"LaFlorida","zona":"PL","zona_code":"PL","nombre":"PL","decreto":""},"geometry":{"type":"Polygon","coordinates":[[[-70.61159124271812,-33.552763576298766],[-70.6121100276826,-33.55271902546316],[-70.61210051479206,-33.55308472452487],[-70.61159939824941,-33.55309517124033],[-70.61159124271812,-33.552763576298766]]]}},{"type":"Feature","properties":{"comuna":"LaFlorida","zona":"PL","zona_code":"PL","nombre":"PL","decreto":""},"geometry":{"type":"Polygon","coordinates":[[[-70.61001247944125,-33.56193404247508],[-70.61014580369825,-33.560971907502086],[-70.6107144100405,-33.56102993549749],[-70.610455005051,-33.561976001796126],[-70.61001247944125,-33.56193404247508]]]}},{"type":"Feature","properties":{"comuna":"LaFlorida","zona":"PL","zona_code":"PL","nombre":"PL","decreto":""},"geometry":{"type":"Polygon","coordinates":[[[-70.61027148968643,-33.563137113850914],[-70.60966497701361,-33.563071327274805],[-70.60973399039577,-33.562674285075815],[-70.61033427955206,-33.56272226391009],[-70.61027148968643,-33.563137113850914]]]}},{"type":"Feature","properties":{"comuna":"LaFlorida","zona":"PL","zona_code":"PL","nombre":"PL","decreto":""},"geometry":{"type":"Polygon","coordinates":[[[-70.60951782234616,-33.564366851784456],[-70.609643805217,-33.563557515806636],[-70.61018797827708,-33.563726990931805],[-70.61010186709898,-33.56442239441272],[-70.60951782234616,-33.564366851784456]]]}},{"type":"Feature","properties":{"comuna":"LaFlorida","zona":"PL","zona_code":"PL","nombre":"PL","decreto":""},"geometry":{"type":"Polygon","coordinates":[[[-70.6092953140094,-33.56619897877738],[-70.60942582065739,-33.56532594135915],[-70.6099544095199,-33.5653802307771],[-70.60982747132418,-33.56625052039848],[-70.6092953140094,-33.56619897877738]]]}},{"type":"Feature","properties":{"comuna":"LaFlorida","zona":"PL","zona_code":"PL","nombre":"PL","decreto":""},"geometry":{"type":"Polygon","coordinates":[[[-70.59607293176666,-33.56007965603878],[-70.5953725944042,-33.56001241147995],[-70.59549295945713,-33.55913407944671],[-70.59620253202553,-33.559202738338676],[-70.59607293176666,-33.56007965603878]]]}},{"type":"Feature","properties":{"comuna":"LaFlorida","zona":"PL","zona_code":"PL","nombre":"PL","decreto":""},"geometry":{"type":"Polygon","coordinates":[[[-70.59301750491947,-33.56263010341229],[-70.59313047400904,-33.561823416424154],[-70.59332470375855,-33.561836963030416],[-70.5931964226869,-33.56265132336258],[-70.59301750491947,-33.56263010341229]]]}},{"type":"Feature","properties":{"comuna":"LaFlorida","zona":"ED-3","zona_code":"ED-3","nombre":"ED-3","decreto":""},"geometry":{"type":"Polygon","coordinates":[[[-70.5769322111397,-33.54361101040288],[-70.5769390190089,-33.5430615284001],[-70.57681332700494,-33.5430631294117],[-70.5768891531916,-33.541700599097915],[-70.5790685593746,-33.541638767883065],[-70.57903323981895,-33.539696957372044],[-70.58012126850824,-33.53969788702702],[-70.58014656946784,-33.54351837807112],[-70.5769322111397,-33.54361101040288]]]}},{"type":"Feature","properties":{"comuna":"LaFlorida","zona":"ED-6","zona_code":"ED-6","nombre":"ED-6","decreto":""},"geometry":{"type":"Polygon","coordinates":[[[-70.57723943753274,-33.539711237836094],[-70.57903323981895,-33.539696957372044],[-70.5790685593746,-33.541638767883065],[-70.57723450569638,-33.54169080409458],[-70.57723943753274,-33.539711237836094]]]}},{"type":"Feature","properties":{"comuna":"LaFlorida","zona":"U-VEV4","zona_code":"U-VEV4","nombre":"U-VEV4","decreto":""},"geometry":{"type":"Polygon","coordinates":[[[-70.57708950749691,-33.51317745101884],[-70.57761500140728,-33.51310567884129],[-70.57790223183018,-33.513622466921674],[-70.57605220568453,-33.51535337631558],[-70.57548727747256,-33.51628993477842],[-70.57513973567471,-33.513538831565555],[-70.57554451331112,-33.5135109568354],[-70.57553763804052,-33.51362294865887],[-70.57649636497749,-33.51353559752222],[-70.57651727675143,-33.5137038939762],[-70.57708950749691,-33.51317745101884]]]}},{"type":"Feature","properties":{"comuna":"LaFlorida","zona":"U-VEV4","zona_code":"U-VEV4","nombre":"U-VEV4","decreto":""},"geometry":{"type":"Polygon","coordinates":[[[-70.56326403907211,-33.51147381920224],[-70.56426585940523,-33.511431180960734],[-70.56570092827654,-33.51174190248922],[-70.56558974579046,-33.5122728089789],[-70.56593553234354,-33.51335617172487],[-70.56744117528385,-33.513238519609715],[-70.56762857938585,-33.51460423880658],[-70.56617462662997,-33.51470983535657],[-70.5658999068817,-33.5138604740627],[-70.56485691562871,-33.514110977067574],[-70.56431834916202,-33.512498825431145],[-70.5635084737138,-33.512551906873185],[-70.56326403907211,-33.51147381920224]]]}},{"type":"Feature","properties":{"comuna":"LaFlorida","zona":"U-VEV4","zona_code":"U-VEV4","nombre":"U-VEV4","decreto":""},"geometry":{"type":"Polygon","coordinates":[[[-70.56964284623312,-33.51495899773747],[-70.56952076159114,-33.51402056579175],[-70.57140323496677,-33.5138352750955],[-70.57148102400555,-33.51437072885179],[-70.57033395232813,-33.514490644500896],[-70.5703826946199,-33.514887399728856],[-70.56964284623312,-33.51495899773747]]]}},{"type":"Feature","properties":{"comuna":"LaFlorida","zona":"U-VEV4","zona_code":"U-VEV4","nombre":"U-VEV4","decreto":""},"geometry":{"type":"Polygon","coordinates":[[[-70.56558974579046,-33.5122728089789],[-70.56570092827654,-33.51174190248922],[-70.57478880264615,-33.510918748924176],[-70.57546438765976,-33.51632084485405],[-70.57178683212297,-33.5166870857868],[-70.56987175543931,-33.51670998742318],[-70.5642867506182,-33.51723646234761],[-70.563600067466,-33.51690839402622],[-70.56298968272458,-33.51677869416021],[-70.56114327222332,-33.51658033635425],[-70.56110026976901,-33.516155912138146],[-70.56050744868195,-33.51620782192775],[-70.56051762688712,-33.516290415051614],[-70.55886826909594,-33.51642896406265],[-70.55856660393752,-33.51658997347692],[-70.55942622219418,-33.51517674135963],[-70.5599301091247,-33.51374977285853],[-70.56127533124037,-33.51361286418712],[-70.56154466209186,-33.51461310239069],[-70.56260801112217,-33.51457161848657],[-70.56310591532598,-33.513372203844845],[-70.56316319843337,-33.5129808914612],[-70.56309719923644,-33.51279560810218],[-70.56324584014033,-33.51276685299298],[-70.56324318960502,-33.5126195001635],[-70.56153888853353,-33.512944115215966],[-70.5614573386123,-33.51221022368198],[-70.56165088981076,-33.511572184161544],[-70.56326403907211,-33.51147381920224],[-70.5635084737138,-33.512551906873185],[-70.56431834916202,-33.512498825431145],[-70.56485691562871,-33.514110977067574],[-70.5658999068817,-33.5138604740627],[-70.56617462662997,-33.51470983535657],[-70.56956144289578,-33.51443600399389],[-70.56964284623312,-33.51495899773747],[-70.5703826946199,-33.514887399728856],[-70.57033395232813,-33.514490644500896],[-70.57148102400555,-33.51437072885179],[-70.57140323496677,-33.5138352750955],[-70.56757516581665,-33.51420749990952],[-70.56744117528385,-33.513238519609715],[-70.56593553234354,-33.51335617172487],[-70.56558974579046,-33.5122728089789]],[[-70.57115938180515,-33.513123941061195],[-70.57113378247023,-33.51295029380363],[-70.57061122954399,-33.51300362555045],[-70.5706344314952,-33.51317358779477],[-70.57115938180515,-33.513123941061195]],[[-70.5724596719798,-33.515331563387896],[-70.57242169677542,-33.5148254446861],[-70.57217593570053,-33.51484835625225],[-70.5722446114691,-33.5153519064918],[-70.5724596719798,-33.515331563387896]],[[-70.56609766258225,-33.51653275670232],[-70.56581760433238,-33.514749741123275],[-70.56571350233456,-33.51476065632073],[-70.5659420484247,-33.516547301355786],[-70.56609766258225,-33.51653275670232]]]}},{"type":"Feature","properties":{"comuna":"LaFlorida","zona":"PL","zona_code":"PL","nombre":"PL","decreto":""},"geometry":{"type":"Polygon","coordinates":[[[-70.55841413274514,-33.5150212621685],[-70.55883237227789,-33.514971974856394],[-70.5587415667185,-33.51525930502458],[-70.55846488258021,-33.51530442460054],[-70.55841413274514,-33.5150212621685]]]}},{"type":"Feature","properties":{"comuna":"LaFlorida","zona":"PL","zona_code":"PL","nombre":"PL","decreto":""},"geometry":{"type":"Polygon","coordinates":[[[-70.5589718927867,-33.51482294597159],[-70.55885486647244,-33.514173157588736],[-70.55921628136896,-33.51413191975793],[-70.5589718927867,-33.51482294597159]]]}},{"type":"Feature","properties":{"comuna":"LaFlorida","zona":"PL","zona_code":"PL","nombre":"PL","decreto":""},"geometry":{"type":"Polygon","coordinates":[[[-70.5553933038395,-33.51430865277932],[-70.55536050734295,-33.51396105474627],[-70.55576824461285,-33.51395554578752],[-70.55576039637872,-33.5143070054658],[-70.5553933038395,-33.51430865277932]]]}},{"type":"Feature","properties":{"comuna":"LaFlorida","zona":"PL","zona_code":"PL","nombre":"PL","decreto":""},"geometry":{"type":"Polygon","coordinates":[[[-70.55492650416295,-33.51406086668194],[-70.55531281229875,-33.51405206781892],[-70.5553165562331,-33.51426125674267],[-70.55492567605975,-33.51427800947856],[-70.55492650416295,-33.51406086668194]]]}},{"type":"Feature","properties":{"comuna":"LaFlorida","zona":"PL","zona_code":"PL","nombre":"PL","decreto":""},"geometry":{"type":"Polygon","coordinates":[[[-70.55356218967755,-33.513168706009814],[-70.5545653606028,-33.51312174967065],[-70.55458778302554,-33.513329207183304],[-70.5535917067851,-33.513383816079006],[-70.55356218967755,-33.513168706009814]]]}},{"type":"Feature","properties":{"comuna":"LaFlorida","zona":"PL","zona_code":"PL","nombre":"PL","decreto":""},"geometry":{"type":"Polygon","coordinates":[[[-70.55252187468298,-33.51263687789965],[-70.55294694036378,-33.5125888904004],[-70.55295804240365,-33.51266180147339],[-70.55277335706563,-33.51267786098215],[-70.55278399422508,-33.5127921864651],[-70.55254259098683,-33.51281444165944],[-70.55252187468298,-33.51263687789965]]]}},{"type":"Feature","properties":{"comuna":"LaFlorida","zona":"PL","zona_code":"PL","nombre":"PL","decreto":""},"geometry":{"type":"Polygon","coordinates":[[[-70.55145333992597,-33.51269474054418],[-70.55176775559823,-33.51269080160612],[-70.55177168841921,-33.51281006486253],[-70.55146187525868,-33.512820966033495],[-70.55145333992597,-33.51269474054418]]]}},{"type":"Feature","properties":{"comuna":"LaFlorida","zona":"PL","zona_code":"PL","nombre":"PL","decreto":""},"geometry":{"type":"Polygon","coordinates":[[[-70.57963575950915,-33.51235725350866],[-70.57968741146699,-33.51207967474164],[-70.58008800572355,-33.51212073652948],[-70.58004987992379,-33.51240351056524],[-70.57963575950915,-33.51235725350866]]]}},{"type":"Feature","properties":{"comuna":"LaFlorida","zona":"U-VEV4","zona_code":"U-VEV4","nombre":"U-VEV4","decreto":""},"geometry":{"type":"Polygon","coordinates":[[[-70.58291867003176,-33.51336433831216],[-70.58313599560623,-33.51185292960337],[-70.58412416374236,-33.5119566754649],[-70.58393343268428,-33.51338340747048],[-70.58291867003176,-33.51336433831216]]]}},{"type":"Feature","properties":{"comuna":"LaFlorida","zona":"U-VEV4","zona_code":"U-VEV4","nombre":"U-VEV4","decreto":""},"geometry":{"type":"Polygon","coordinates":[[[-70.57968741146699,-33.51207967474164],[-70.58003024119505,-33.51058052615177],[-70.58644106493519,-33.510138930346145],[-70.58604140008669,-33.51328700616984],[-70.58393343268428,-33.51338340747048],[-70.58412416374236,-33.5119566754649],[-70.58313599560623,-33.51185292960337],[-70.58291867003176,-33.51336433831216],[-70.57945474396064,-33.513330027831785],[-70.57963575950915,-33.51235725350866],[-70.58004987992379,-33.51240351056524],[-70.58008800572355,-33.51212073652948],[-70.57968741146699,-33.51207967474164]]]}},{"type":"Feature","properties":{"comuna":"LaFlorida","zona":"U-VEV4","zona_code":"U-VEV4","nombre":"U-VEV4","decreto":""},"geometry":{"type":"Polygon","coordinates":[[[-70.57936463497492,-33.517886879919075],[-70.57923351882518,-33.51787344094369],[-70.57932507119534,-33.51746525778352],[-70.58088918057943,-33.517633098056116],[-70.58072896274767,-33.518445649885294],[-70.58001939102364,-33.51837317336878],[-70.57990495385977,-33.51917809321513],[-70.57939375496962,-33.5191285048126],[-70.57934034985091,-33.51953287190855],[-70.57907637017568,-33.51950887673286],[-70.5790309681444,-33.51992317448474],[-70.5784552969676,-33.51986476378346],[-70.57833322773341,-33.52067349688001],[-70.57771363842745,-33.52061208303041],[-70.57794680839454,-33.519399390477545],[-70.57813488053539,-33.51941780092746],[-70.57820426142499,-33.51914768598292],[-70.57833680265277,-33.519029424757],[-70.57852382234567,-33.519046957036025],[-70.57866818488078,-33.51864948047525],[-70.57887108780632,-33.51866890561807],[-70.57887816551141,-33.51849428103804],[-70.5789852607288,-33.51850870662235],[-70.57901419205835,-33.51827612790148],[-70.57930214763326,-33.51830392895736],[-70.57936463497492,-33.517886879919075]]]}},{"type":"Feature","properties":{"comuna":"LaFlorida","zona":"U-VEV4","zona_code":"U-VEV4","nombre":"U-VEV4","decreto":""},"geometry":{"type":"Polygon","coordinates":[[[-70.5764409943339,-33.51550066036512],[-70.57821109037097,-33.51383358702135],[-70.57932503989854,-33.51366191519833],[-70.58388002424732,-33.513715295721916],[-70.58377890387338,-33.51439467484629],[-70.58327788775706,-33.514343881500075],[-70.58323243510816,-33.51462786729806],[-70.58373889323923,-33.5146808602068],[-70.58346704229157,-33.51676592168748],[-70.58294655911614,-33.516661544262575],[-70.58289047151774,-33.517153684007056],[-70.58311584307134,-33.517241338597245],[-70.58304242137145,-33.51734022099088],[-70.58139274261514,-33.51716769011904],[-70.58146903522584,-33.51659928777164],[-70.5794909768864,-33.51638943281843],[-70.57923351882518,-33.51787344094369],[-70.57788275695245,-33.51930992730807],[-70.57766942843857,-33.5197846583142],[-70.57674698559151,-33.519806837009504],[-70.57672333211161,-33.51961681367404],[-70.57641301504601,-33.5196496858579],[-70.57643460567886,-33.51982942492184],[-70.57566279532396,-33.519780856737505],[-70.57518974029567,-33.51917812255788],[-70.57510580984147,-33.51880808769295],[-70.57516684361332,-33.518426608133474],[-70.57549491999681,-33.51792686928511],[-70.5753823059268,-33.51739575318842],[-70.57415513172268,-33.51760318293192],[-70.57405254581414,-33.51692093847454],[-70.57523549848929,-33.51672521445389],[-70.57534231943862,-33.51721732100914],[-70.57628078227981,-33.51709142753087],[-70.57641811491098,-33.51665654030114],[-70.575708543898,-33.516526842060436],[-70.5764409943339,-33.51550066036512]],[[-70.58126846147154,-33.514310143835814],[-70.58123053389268,-33.51459482022523],[-70.58174369035542,-33.51462703975484],[-70.58177424407361,-33.51436474609093],[-70.58126846147154,-33.514310143835814]],[[-70.57960208805632,-33.51553781639309],[-70.57909312340776,-33.515493506932806],[-70.57905249355372,-33.51577729641854],[-70.57956337909036,-33.515831948933226],[-70.57960208805632,-33.51553781639309]],[[-70.58007530479908,-33.51588189925684],[-70.58055125992657,-33.51593269070025],[-70.5806037609687,-33.51563515604975],[-70.5801196725497,-33.51558377774953],[-70.58007530479908,-33.51588189925684]],[[-70.58249514759433,-33.51640250152191],[-70.58201038060308,-33.51635772272488],[-70.58197144601817,-33.516650795481524],[-70.5824550088468,-33.516700188207224],[-70.58249514759433,-33.51640250152191]],[[-70.57796697194547,-33.51776663463621],[-70.57803612265032,-33.51748138728413],[-70.5774424873971,-33.51753122235808],[-70.57749392584013,-33.51782004408106],[-70.57796697194547,-33.51776663463621]],[[-70.57591482993772,-33.51958454668078],[-70.5758284287068,-33.51873505976396],[-70.575341710116,-33.51878813634637],[-70.57552131988837,-33.519288309626695],[-70.57591482993772,-33.51958454668078]]]}},{"type":"Feature","properties":{"comuna":"LaFlorida","zona":"U-VEV4","zona_code":"U-VEV4","nombre":"U-VEV4","decreto":""},"geometry":{"type":"Polygon","coordinates":[[[-70.57415513172268,-33.51760318293192],[-70.5753823059268,-33.51739575318842],[-70.57543387979668,-33.517594982910715],[-70.57418259797205,-33.517785730088924],[-70.57415513172268,-33.51760318293192]]]}},{"type":"Feature","properties":{"comuna":"LaFlorida","zona":"PL","zona_code":"PL","nombre":"PL","decreto":""},"geometry":{"type":"Polygon","coordinates":[[[-70.56051762688712,-33.516290415051614],[-70.56050744868195,-33.51620782192775],[-70.56110026976901,-33.516155912138146],[-70.56114327222332,-33.51658033635425],[-70.56051762688712,-33.516290415051614]]]}},{"type":"Feature","properties":{"comuna":"LaFlorida","zona":"U-VEV4","zona_code":"U-VEV4","nombre":"U-VEV4","decreto":""},"geometry":{"type":"Polygon","coordinates":[[[-70.55437640782515,-33.51400582675711],[-70.54924991212165,-33.5122956521318],[-70.55778677483511,-33.511875905174335],[-70.55779259292817,-33.51219839305214],[-70.5564492949237,-33.512344130614885],[-70.55669677507707,-33.51327859770934],[-70.55954459130545,-33.51307603919058],[-70.55921628136896,-33.51413191975793],[-70.55885486647244,-33.514173157588736],[-70.5589718927867,-33.51482294597159],[-70.55865497378646,-33.51568176667051],[-70.55794412887079,-33.5148523390882],[-70.55705368687602,-33.514398303572705],[-70.55576908210415,-33.514173116748985],[-70.55576824461285,-33.51395554578752],[-70.55536050734295,-33.51396105474627],[-70.55537599956918,-33.514125258826226],[-70.55531281229875,-33.51405206781892],[-70.55492712846781,-33.51409575795724],[-70.55437640782515,-33.51400582675711]],[[-70.55278399422508,-33.5127921864651],[-70.55277335706563,-33.51267786098215],[-70.55295804240365,-33.51266180147339],[-70.55294694036378,-33.5125888904004],[-70.55252187468298,-33.51263687789965],[-70.55254259098683,-33.51281444165944],[-70.55278399422508,-33.5127921864651]],[[-70.55177168841921,-33.51281006486253],[-70.55176775559823,-33.51269080160612],[-70.55145333992597,-33.51269474054418],[-70.55146187525868,-33.512820966033495],[-70.55177168841921,-33.51281006486253]],[[-70.5545653606028,-33.51312174967065],[-70.55356218967755,-33.513168706009814],[-70.5535917067851,-33.513383816079006],[-70.55458778302554,-33.513329207183304],[-70.5545653606028,-33.51312174967065]],[[-70.5587415667185,-33.51525930502458],[-70.55883237227789,-33.514971974856394],[-70.55841413274514,-33.5150212621685],[-70.55846488258021,-33.51530442460054],[-70.5587415667185,-33.51525930502458]]]}},{"type":"Feature","properties":{"comuna":"LaFlorida","zona":"U-EC1","zona_code":"U-EC1","nombre":"U-EC1","decreto":""},"geometry":{"type":"Polygon","coordinates":[[[-70.55568166637406,-33.51753874029676],[-70.55750018309774,-33.51787609395321],[-70.55700071647115,-33.51950376104478],[-70.55681080435751,-33.51966055475386],[-70.55615523180774,-33.51973078708576],[-70.55568166637406,-33.51753874029676]]]}},{"type":"Feature","properties":{"comuna":"LaFlorida","zona":"U-VEV3","zona_code":"U-VEV3","nombre":"U-VEV3","decreto":""},"geometry":{"type":"Polygon","coordinates":[[[-70.54994914823143,-33.51607576147268],[-70.55568166637406,-33.51753874029676],[-70.55615523180774,-33.51973078708576],[-70.55147077951551,-33.52014231322055],[-70.54977572563364,-33.51975829165935],[-70.54972160919024,-33.51614978428805],[-70.54995779963856,-33.51619905011251],[-70.54994914823143,-33.51607576147268]]]}},{"type":"Feature","properties":{"comuna":"LaFlorida","zona":"U-EC3","zona_code":"U-EC3","nombre":"U-EC3","decreto":""},"geometry":{"type":"Polygon","coordinates":[[[-70.55665791280214,-33.52146727921718],[-70.55696123972238,-33.52060462686376],[-70.55734312299089,-33.519904437411185],[-70.55799906546066,-33.51989625183747],[-70.55801069770781,-33.520544920688636],[-70.5584577645231,-33.52055680169723],[-70.55844709908172,-33.52149107496169],[-70.55880436940029,-33.521477220023485],[-70.5588073175784,-33.52231133579573],[-70.55887738581737,-33.52231253069276],[-70.5588596123889,-33.52357867030569],[-70.5572279619324,-33.523416199871434],[-70.55674055205908,-33.526112041937175],[-70.5563547355015,-33.52609674842565],[-70.55647822584055,-33.52480643512393],[-70.5564988087061,-33.52227195210899],[-70.55665791280214,-33.52146727921718]]]}},{"type":"Feature","properties":{"comuna":"LaFlorida","zona":"U-EC3","zona_code":"U-EC3","nombre":"U-EC3","decreto":""},"geometry":{"type":"Polygon","coordinates":[[[-70.55117363970703,-33.52011160168452],[-70.55673843394054,-33.51966860160224],[-70.55621347843199,-33.52095872921881],[-70.55582119306253,-33.522344468404256],[-70.55581245536398,-33.52407474835866],[-70.55537188901988,-33.52609326859609],[-70.55455884276567,-33.52594949249622],[-70.55470380187757,-33.52501105528072],[-70.55429659433948,-33.52261315744094],[-70.55407101558083,-33.52221671798426],[-70.55238695502064,-33.522454112428704],[-70.55201591238635,-33.522388355400466],[-70.55165568712458,-33.52205765770042],[-70.55018126671312,-33.522211606400994],[-70.54977572563364,-33.51975829165935],[-70.55117363970703,-33.52011160168452]]]}},{"type":"Feature","properties":{"comuna":"LaFlorida","zona":"ESP-3","zona_code":"ESP-3","nombre":"ESP-3","decreto":""},"geometry":{"type":"Polygon","coordinates":[[[-70.55276395977295,-33.52243274968139],[-70.55407101558083,-33.52221671798426],[-70.55429659433948,-33.52261315744094],[-70.55470380187757,-33.52501105528072],[-70.55262850016153,-33.52514077067026],[-70.55209441247166,-33.524869923834814],[-70.55178159028323,-33.524858481637985],[-70.55151018217097,-33.52437392301955],[-70.55153558448404,-33.52310904725742],[-70.55191061934106,-33.52277327636612],[-70.55201591238635,-33.522388355400466],[-70.55276395977295,-33.52243274968139]]]}},{"type":"Feature","properties":{"comuna":"LaFlorida","zona":"U-VEV3","zona_code":"U-VEV3","nombre":"U-VEV3","decreto":""},"geometry":{"type":"Polygon","coordinates":[[[-70.57603662317594,-33.523446176800185],[-70.57544839688546,-33.523187611823474],[-70.57568244233073,-33.52279381791656],[-70.57623376540198,-33.52301803560282],[-70.57704085855316,-33.523172280166015],[-70.57680280392748,-33.523644115824425],[-70.5763883790136,-33.52346488003409],[-70.57603662317594,-33.523446176800185]]]}},{"type":"Feature","properties":{"comuna":"LaFlorida","zona":"U-VEV3","zona_code":"U-VEV3","nombre":"U-VEV3","decreto":""},"geometry":{"type":"Polygon","coordinates":[[[-70.57363618879573,-33.52678739709947],[-70.57529522902445,-33.527324439604364],[-70.57484196863176,-33.52813621321726],[-70.5761786340773,-33.528623613868],[-70.57480619505763,-33.53188335885017],[-70.57433157973333,-33.533309109577665],[-70.57288974103452,-33.53308357955396],[-70.57204249798981,-33.53522413996441],[-70.57024789787971,-33.53503145939218],[-70.57021102107704,-33.53555607436321],[-70.57195697917182,-33.53558865653219],[-70.57176702438989,-33.53621021003579],[-70.56691076422392,-33.53608514808943],[-70.56688104697464,-33.536302750972354],[-70.56475995869242,-33.53622483804363],[-70.56513381553972,-33.53541391633015],[-70.56875295348476,-33.53553216796117],[-70.57133439689153,-33.53180138808198],[-70.57288561286684,-33.52741426152172],[-70.5731731842598,-33.527520386006536],[-70.57363618879573,-33.52678739709947]]]}},{"type":"Feature","properties":{"comuna":"LaFlorida","zona":"U-VEV3","zona_code":"U-VEV3","nombre":"U-VEV3","decreto":""},"geometry":{"type":"Polygon","coordinates":[[[-70.56683046401604,-33.54364137507762],[-70.56681172537594,-33.541757700051896],[-70.57088921676296,-33.5415305779111],[-70.56878522965586,-33.54631677991425],[-70.5655132718134,-33.54638523104301],[-70.56540290518541,-33.543668372743575],[-70.56683046401604,-33.54364137507762]]]}},{"type":"Feature","properties":{"comuna":"LaFlorida","zona":"U-VEV3","zona_code":"U-VEV3","nombre":"U-VEV3","decreto":""},"geometry":{"type":"Polygon","coordinates":[[[-70.57723450569638,-33.54169080409458],[-70.5754094142956,-33.541701508229735],[-70.5758226865139,-33.53971433482646],[-70.57723943753274,-33.539711237836094],[-70.57723450569638,-33.54169080409458]]]}},{"type":"Feature","properties":{"comuna":"LaFlorida","zona":"U-VEV3","zona_code":"U-VEV3","nombre":"U-VEV3","decreto":""},"geometry":{"type":"Polygon","coordinates":[[[-70.5584577645231,-33.52055680169723],[-70.55801069770781,-33.520544920688636],[-70.55799906546066,-33.51989625183747],[-70.55734293568977,-33.51990443976658],[-70.55787691981965,-33.51894996560613],[-70.55824396262506,-33.51799945481254],[-70.55936554782956,-33.51815966871698],[-70.55930454297032,-33.52231015767976],[-70.5588073175784,-33.52231133579573],[-70.55880436940029,-33.521477220023485],[-70.55844709908172,-33.52149107496169],[-70.5584577645231,-33.52055680169723]]]}},{"type":"Feature","properties":{"comuna":"LaFlorida","zona":"U-VEV3","zona_code":"U-VEV3","nombre":"U-VEV3","decreto":""},"geometry":{"type":"Polygon","coordinates":[[[-70.5690027674667,-33.51728771312264],[-70.57405254581414,-33.51692093847454],[-70.57418259797205,-33.517785730088924],[-70.57543387979668,-33.517594982910715],[-70.57549491999681,-33.51792686928511],[-70.57516684361332,-33.518426608133474],[-70.57512863138568,-33.51898325536236],[-70.57530418772376,-33.51935741573603],[-70.57566279532396,-33.519780856737505],[-70.57598036730721,-33.52177059694791],[-70.57477775617485,-33.521775993901485],[-70.57488493172302,-33.52246474491539],[-70.5740281951862,-33.52244386080478],[-70.57391559577253,-33.52276021305859],[-70.57423978248497,-33.52285248144889],[-70.57541866678258,-33.522897537472396],[-70.5755788943769,-33.52297001968366],[-70.57544839688546,-33.523187611823474],[-70.57613608804762,-33.523487964108725],[-70.5763883790136,-33.52346488003409],[-70.57680280392748,-33.523644115824425],[-70.57696751836484,-33.523343857948106],[-70.57762101842775,-33.52360771826695],[-70.57737898084262,-33.52405737386665],[-70.57747872094599,-33.524099183618894],[-70.57721931171335,-33.524526440571464],[-70.57724571944165,-33.52467473256774],[-70.57686997713559,-33.52538683364669],[-70.57697809055178,-33.52543162319792],[-70.5767232475588,-33.52585363006157],[-70.57683020580171,-33.52589976553649],[-70.57636479240968,-33.52666654120883],[-70.57641671939996,-33.526753871421754],[-70.57617211278615,-33.52715887547455],[-70.57620804536164,-33.52729176765378],[-70.57569431452579,-33.527150920369394],[-70.57558186183513,-33.527419048645285],[-70.57363618879573,-33.52678739709947],[-70.5731731842598,-33.527520386006536],[-70.57288561286684,-33.52741426152172],[-70.57133439689153,-33.53180138808198],[-70.56875295348476,-33.53553216796117],[-70.56513381553972,-33.53541391633015],[-70.56475995869242,-33.53622483804363],[-70.56688104697464,-33.536302750972354],[-70.56691076422392,-33.53608514808943],[-70.57256352102902,-33.53622816979886],[-70.57312681039974,-33.53632628953288],[-70.57134841569942,-33.54053884881375],[-70.57317446007,-33.540527421813344],[-70.5733740274368,-33.539716945342924],[-70.57537303144056,-33.53972074731332],[-70.5751653493169,-33.54002234683754],[-70.57480438008685,-33.54169117860557],[-70.5768891531916,-33.541700599097915],[-70.57681332700494,-33.5430631294117],[-70.5769390190089,-33.5430615284001],[-70.5769322111397,-33.54361101040288],[-70.58014656946784,-33.54351837807112],[-70.58012126850824,-33.53969788702702],[-70.58825212058079,-33.53969778143398],[-70.587830572495,-33.541426421581285],[-70.58757337283251,-33.541443263687654],[-70.5874380450677,-33.541770082855884],[-70.58778672160429,-33.541761583849826],[-70.58704664582368,-33.5434362791811],[-70.5855317364089,-33.54346395151405],[-70.58523558561056,-33.545056387003356],[-70.58460711249454,-33.54506443332703],[-70.58465937207168,-33.54723583420862],[-70.57058187130629,-33.54751390485447],[-70.5721070933919,-33.54401086062594],[-70.5719549203586,-33.54365000390537],[-70.57166657071727,-33.543654900509516],[-70.57216771320054,-33.54244124063961],[-70.57049249929112,-33.542447875910725],[-70.57088921676296,-33.5415305779111],[-70.56681172537594,-33.541757700051896],[-70.56683046401604,-33.54364137507762],[-70.55722179769782,-33.54396671588791],[-70.555023950444,-33.54457280446182],[-70.5549336005703,-33.54199382413393],[-70.55509908665624,-33.54170334790678],[-70.55574272901829,-33.541163108376544],[-70.55561837537864,-33.54106452291715],[-70.55462930566908,-33.54090113368398],[-70.55616669212037,-33.536029448396576],[-70.55720718383684,-33.53619368201244],[-70.55718805552036,-33.53539278626069],[-70.55732149036534,-33.535091844963894],[-70.55777271124363,-33.534604234737124],[-70.55733201544663,-33.53435971037093],[-70.55637796115741,-33.534272586729244],[-70.55665513584233,-33.53227995113706],[-70.55529905458717,-33.5323011247765],[-70.5558020747034,-33.53108117927246],[-70.55571794311633,-33.530201766999305],[-70.5557975557212,-33.52895117358697],[-70.5563547355015,-33.52609674842565],[-70.55674055205908,-33.526112041937175],[-70.5572279619324,-33.523416199871434],[-70.5588596123889,-33.52357867030569],[-70.55887738581737,-33.52231253069276],[-70.5676210152826,-33.52238640197122],[-70.56572886696175,-33.527036639250184],[-70.56874263691533,-33.52738376681051],[-70.56964881158238,-33.5252180948726],[-70.56982313179198,-33.52527212852671],[-70.57003036529383,-33.52475604697042],[-70.56961304067269,-33.52478165024871],[-70.5690027674667,-33.51728771312264]],[[-70.5715962711131,-33.52245438242519],[-70.57128806639658,-33.522451555026194],[-70.57112309489911,-33.522851785652364],[-70.57141263865479,-33.52293963564879],[-70.5715962711131,-33.52245438242519]],[[-70.57178766694277,-33.52305342053818],[-70.57203238094318,-33.523127788480096],[-70.57210719384967,-33.52294007548392],[-70.57188296942266,-33.522867563287825],[-70.57178766694277,-33.52305342053818]],[[-70.57122991428596,-33.52328667005839],[-70.57097490850444,-33.52320357333129],[-70.57087050627058,-33.52344241414055],[-70.57113516965943,-33.523523595704084],[-70.57122991428596,-33.52328667005839]],[[-70.57156562919731,-33.52363381461616],[-70.57177163616899,-33.52369484924229],[-70.57186318909369,-33.52346977760571],[-70.5716571838588,-33.523416370764814],[-70.57156562919731,-33.52363381461616]],[[-70.56762869039989,-33.52776525219368],[-70.56729298103119,-33.527723292124726],[-70.56715564614596,-33.527975069517815],[-70.56762869039989,-33.52776525219368]],[[-70.56725274306196,-33.52892698851333],[-70.56680841555729,-33.5282292322982],[-70.56686571585475,-33.52809332854664],[-70.56656815301517,-33.52800559037843],[-70.56645370958191,-33.52831458702044],[-70.56690423554069,-33.5284660664671],[-70.567071725924,-33.528783803798326],[-70.56651998482542,-33.53008345170956],[-70.56641011609955,-33.53014711651908],[-70.56645657771325,-33.530192693337206],[-70.5666049645863,-33.53023567836102],[-70.56710044734882,-33.52899071564999],[-70.56719980700466,-33.529022783382935],[-70.56725274306196,-33.52892698851333]],[[-70.56315114997021,-33.53045495245756],[-70.56229512518051,-33.52889823290282],[-70.56140152391335,-33.52890080079353],[-70.56138243841626,-33.52938780475719],[-70.56181127913243,-33.52950647368002],[-70.56202530236476,-33.52905041627925],[-70.56217341898106,-33.52904854770479],[-70.56248945702018,-33.52951223428542],[-70.56209946635585,-33.52968895424558],[-70.56254372406258,-33.53062824200218],[-70.56255047396112,-33.531320123836664],[-70.56222419270883,-33.532188006329434],[-70.56314067031221,-33.531528120359496],[-70.56328423084486,-33.53122685567306],[-70.56315114997021,-33.53045495245756]],[[-70.56369528949587,-33.53085941408622],[-70.56380619657588,-33.53132065784419],[-70.56396417729019,-33.53140434522026],[-70.56420660675093,-33.53084344231995],[-70.56369528949587,-33.53085941408622]],[[-70.56532067309617,-33.53075347633164],[-70.56518486754409,-33.53118262913208],[-70.56552289879818,-33.53114135183243],[-70.56544659591628,-33.53069120754045],[-70.56532067309617,-33.53075347633164]],[[-70.5655762998428,-33.53038220826333],[-70.56593200215356,-33.53037387210474],[-70.56589550402941,-33.53003527143488],[-70.56575941204432,-33.5299740249664],[-70.5655762998428,-33.53038220826333]],[[-70.56120446879677,-33.53482264679307],[-70.56198268676509,-33.53252995507243],[-70.56214846678374,-33.53235349500698],[-70.56178536253023,-33.53238119128221],[-70.56116707352119,-33.533624227231556],[-70.56103359315757,-33.53448683560748],[-70.5606252630328,-33.53497859189],[-70.56044149425429,-33.535364351248596],[-70.5608916509239,-33.53532238737215],[-70.56120446879677,-33.53482264679307]],[[-70.55870507982007,-33.535397856372526],[-70.55907099578182,-33.53522838766221],[-70.55935156609276,-33.53515085566981],[-70.55919328038283,-33.53498993911101],[-70.55870507982007,-33.535397856372526]],[[-70.55795418200947,-33.53539488468345],[-70.55775581213634,-33.53584884532366],[-70.55838908324033,-33.53565810238583],[-70.55795418200947,-33.53539488468345]],[[-70.56627416268971,-33.53387013098783],[-70.56692061954146,-33.53388684374864],[-70.56701230422946,-33.53350056866843],[-70.56640462316254,-33.53348485740956],[-70.56627416268971,-33.53387013098783]],[[-70.5722599852486,-33.536636346975996],[-70.57231345977736,-33.536420976361576],[-70.57035260126338,-33.53637902469078],[-70.57128343875759,-33.53665749839177],[-70.57134382117749,-33.53650189562727],[-70.57178023492658,-33.53661915958139],[-70.57181273755023,-33.536499465953376],[-70.5722599852486,-33.536636346975996]],[[-70.57036023783328,-33.5372335367926],[-70.57003215711606,-33.5371343555407],[-70.56988719391128,-33.53744335417062],[-70.56997038020236,-33.5374649135449],[-70.56998477117465,-33.538139274009126],[-70.57036023783328,-33.5372335367926]],[[-70.57000164205336,-33.53829786633623],[-70.56788640571803,-33.538406597430196],[-70.56768468332233,-33.53890881455731],[-70.56782716243663,-33.538904429301546],[-70.56802238117025,-33.538453409879],[-70.56845158329298,-33.5385641844366],[-70.56850388526556,-33.53844415782574],[-70.56893891137608,-33.5385459657882],[-70.56899768658167,-33.53841631832442],[-70.56942543907138,-33.53851946667991],[-70.56948339941013,-33.53838725912041],[-70.56991651392487,-33.5384897344748],[-70.57000164205336,-33.53829786633623]],[[-70.57728052830284,-33.54528650991274],[-70.5769671606459,-33.54518802789112],[-70.57697852162065,-33.54561079017134],[-70.57663419858565,-33.545695611517516],[-70.5770631770421,-33.54584237342195],[-70.5771126727198,-33.54554973119304],[-70.57728052830284,-33.54528650991274]],[[-70.57564400023603,-33.54564931164372],[-70.57470929271655,-33.54569470796011],[-70.5746101058058,-33.54576337563215],[-70.5750500735172,-33.54589543310076],[-70.57507924431826,-33.54572469101053],[-70.57554915793344,-33.54584852340601],[-70.57564400023603,-33.54564931164372]],[[-70.57800311527008,-33.54552185425573],[-70.5782137777558,-33.54558738091756],[-70.57815566834674,-33.54575502145223],[-70.57833344482815,-33.545812945410816],[-70.5784784069827,-33.54548868769762],[-70.57806659175671,-33.54535298291566],[-70.57800311527008,-33.54552185425573]],[[-70.5792459551318,-33.54540291783994],[-70.579085238905,-33.545704945393034],[-70.57936363184066,-33.545712928250744],[-70.57938511965695,-33.545469754998855],[-70.5792459551318,-33.54540291783994]],[[-70.58398712428792,-33.54683016571601],[-70.58343769933278,-33.54683707756546],[-70.58343931538336,-33.54692453645259],[-70.58364651823327,-33.54692188407275],[-70.58365156172455,-33.547198294185065],[-70.58399622822769,-33.547192917594344],[-70.58398712428792,-33.54683016571601]],[[-70.56390534575883,-33.52682302172907],[-70.5645080988664,-33.52688786781305],[-70.56463154847003,-33.52658874407733],[-70.56403545982711,-33.526510470916826],[-70.56390534575883,-33.52682302172907]],[[-70.56342751354998,-33.52645623403922],[-70.56284057747715,-33.52637193615349],[-70.56341702263734,-33.52498048287115],[-70.56320986543402,-33.52495184614843],[-70.56289172696152,-33.52591334696768],[-70.562780719732,-33.52589947279371],[-70.56264371799972,-33.526677729280244],[-70.56330856191435,-33.52674578555784],[-70.56342751354998,-33.52645623403922]],[[-70.5621953313634,-33.52533263005588],[-70.5617232109454,-33.525274232489345],[-70.5616850645768,-33.52546497081202],[-70.56193095881852,-33.52549959660611],[-70.56187980439026,-33.52599477369687],[-70.5622191534415,-33.52603718697975],[-70.56226493175848,-33.52583500180889],[-70.56211718522441,-33.52583211670103],[-70.5621953313634,-33.52533263005588]],[[-70.55820564544624,-33.52623072880061],[-70.55779729739785,-33.52619582894724],[-70.55778796157908,-33.52637449257068],[-70.55802215149508,-33.52638870711432],[-70.55799274771658,-33.5266052124253],[-70.55815997512889,-33.526618228354664],[-70.55820564544624,-33.52623072880061]],[[-70.55749495012276,-33.52433331373134],[-70.55726740442904,-33.524618120213034],[-70.55800752648531,-33.52469294221651],[-70.5580498331412,-33.52437010109426],[-70.55749495012276,-33.52433331373134]],[[-70.55911380466785,-33.52336304039342],[-70.5596097423413,-33.52341262947801],[-70.55961355161823,-33.52322975702368],[-70.5591187382926,-33.52321923911592],[-70.55911380466785,-33.52336304039342]]]}},{"type":"Feature","properties":{"comuna":"LaFlorida","zona":"U-VEV3","zona_code":"U-VEV3","nombre":"U-VEV3","decreto":""},"geometry":{"type":"Polygon","coordinates":[[[-70.55333466320597,-33.54037735270527],[-70.55469318392365,-33.54069872676899],[-70.55462930566908,-33.54090113368398],[-70.55561837537864,-33.54106452291715],[-70.55574272901829,-33.541163108376544],[-70.55509908665624,-33.54170334790678],[-70.5549336005703,-33.54199382413393],[-70.555023950444,-33.54457280446182],[-70.55239952446667,-33.54532635797526],[-70.55216905484909,-33.54358275714434],[-70.55274949047245,-33.5420859183709],[-70.5529249189107,-33.54186725733567],[-70.55317719954495,-33.54086169416136],[-70.55330496121434,-33.54086772703036],[-70.55333466320597,-33.54037735270527]]]}},{"type":"Feature","properties":{"comuna":"LaFlorida","zona":"U-VEV3","zona_code":"U-VEV3","nombre":"U-VEV3","decreto":""},"geometry":{"type":"MultiPolygon","coordinates":[[[[-70.59117235865638,-33.536113644141594],[-70.58956444502329,-33.53970158876549],[-70.58696975003693,-33.53968987783881],[-70.58865340296848,-33.535995161619404],[-70.58921265282902,-33.536177004823045],[-70.58931785070416,-33.53597212187416],[-70.58986801549595,-33.536160813536775],[-70.58996397481916,-33.5359501940592],[-70.5905273476094,-33.53611801269507],[-70.59061604275173,-33.53592737667563],[-70.59117235865638,-33.536113644141594]]],[[[-70.58896903335229,-33.53529326193775],[-70.59019817331898,-33.532603667418094],[-70.59279941410564,-33.53256028812853],[-70.59150799736108,-33.53540121302032],[-70.59094781158267,-33.535221863191886],[-70.59085069563426,-33.53541026651139],[-70.59029364629792,-33.53524099546754],[-70.59022155272775,-33.53539679523393],[-70.58966273984997,-33.53521965302031],[-70.58953347499026,-33.535483331215794],[-70.58896903335229,-33.53529326193775]]],[[[-70.58896903335229,-33.53529326193775],[-70.58885748166666,-33.535538918244264],[-70.58892350333164,-33.535387069589255],[-70.58896903335229,-33.53529326193775]]]]}},{"type":"Feature","properties":{"comuna":"LaFlorida","zona":"U-VEV3","zona_code":"U-VEV3","nombre":"U-VEV3","decreto":""},"geometry":{"type":"Polygon","coordinates":[[[-70.58689954542302,-33.528618508426696],[-70.58892344517469,-33.52866922427838],[-70.58890546451428,-33.528726764167814],[-70.58978763015317,-33.52868687659489],[-70.58975808452901,-33.52879272792726],[-70.59028375071948,-33.52890617836041],[-70.59058387470738,-33.52883396332746],[-70.59091724814412,-33.528906171409105],[-70.59099111949881,-33.528730252098896],[-70.59143364704042,-33.52873787982626],[-70.5914665962767,-33.528820710955756],[-70.59302827442689,-33.5287569411863],[-70.59250193951141,-33.53024910953037],[-70.59344029813066,-33.53027140943425],[-70.59344039610271,-33.531181434852016],[-70.59279941410564,-33.53256028812853],[-70.58523584049844,-33.53268585651103],[-70.58641126225163,-33.528654783390905],[-70.58663821681616,-33.528670866991774],[-70.5863293261859,-33.52970305138908],[-70.58659028331319,-33.52971216928812],[-70.58689954542302,-33.528618508426696]],[[-70.58869455834702,-33.52939785414772],[-70.58843816310377,-33.52938989961634],[-70.58833165130541,-33.52974809995807],[-70.58858011506017,-33.52974500088005],[-70.58869455834702,-33.52939785414772]],[[-70.58948806087456,-33.52977169629329],[-70.5901137041999,-33.52979839799443],[-70.59096216143702,-33.52981120269242],[-70.59011897019433,-33.529575167607355],[-70.5901159141629,-33.529704670059544],[-70.58954214782494,-33.52957261590771],[-70.58948806087456,-33.52977169629329]],[[-70.58920474715299,-33.53157756044178],[-70.58943978528286,-33.530904758577705],[-70.5891981377424,-33.53090850423226],[-70.58901073321454,-33.53151615892027],[-70.58920474715299,-33.53157756044178]]]}},{"type":"Feature","properties":{"comuna":"LaFlorida","zona":"U-VEV3","zona_code":"U-VEV3","nombre":"U-VEV3","decreto":""},"geometry":{"type":"MultiPolygon","coordinates":[[[[-70.58349861551416,-33.52293563699733],[-70.58557234669982,-33.52321386616022],[-70.58447165469491,-33.528529598741784],[-70.58641126225163,-33.528654783390905],[-70.58523584049844,-33.53268585651103],[-70.59019817331898,-33.532603667418094],[-70.58885748166666,-33.535538918244264],[-70.58831337667787,-33.53536798050436],[-70.58820405594479,-33.53550039175199],[-70.58766507105403,-33.535325993695125],[-70.5875717574523,-33.53553422741125],[-70.58700647160641,-33.53539409664942],[-70.58690917477918,-33.53557314380885],[-70.58635464392978,-33.53538076299584],[-70.58625080255091,-33.5356097319298],[-70.58567722101715,-33.53542048699156],[-70.58559143620442,-33.535618098576954],[-70.58502806282478,-33.53544491303508],[-70.58493071637064,-33.53565391795002],[-70.58437099603579,-33.53548399774255],[-70.58429603890293,-33.53566275525408],[-70.58373045836171,-33.53546863360304],[-70.58361440018976,-33.53572351823273],[-70.58304259598799,-33.53555713740273],[-70.58291143631085,-33.53571789624231],[-70.58241281601637,-33.53554148821278],[-70.58230928738047,-33.53576876179353],[-70.58173619437434,-33.53561126531948],[-70.58167206295738,-33.535771166547754],[-70.58110001994086,-33.53558800578719],[-70.58099654587367,-33.535817227374196],[-70.57985237330094,-33.53548597358216],[-70.58107242698776,-33.53279687504806],[-70.58078071898841,-33.532760414342036],[-70.58262472153847,-33.524824418594406],[-70.5828908194337,-33.523088363581614],[-70.58345068564552,-33.523187116353235],[-70.58349861551416,-33.52293563699733]]],[[[-70.58799503726883,-33.53604524214695],[-70.58855051258566,-33.53622030726127],[-70.58696975003693,-33.53968987783881],[-70.57792819031943,-33.539705757457625],[-70.5794611875237,-33.53634980986532],[-70.58000844949544,-33.536519394575606],[-70.58008930085336,-33.53635694145],[-70.58065662334221,-33.536562380837395],[-70.5807715203348,-33.53631173422063],[-70.5813067853232,-33.53648176482915],[-70.58142063857636,-33.5362908137485],[-70.58185064222705,-33.536432707598614],[-70.581972745802,-33.536234632617145],[-70.58263038459212,-33.53645081473548],[-70.58271909765608,-33.53626018567072],[-70.58329526991342,-33.53642788823747],[-70.5833916474989,-33.536214683620535],[-70.58393658346708,-33.536384983113415],[-70.58402529352934,-33.53619435139309],[-70.58460993464786,-33.53638267239637],[-70.58469777381006,-33.53618110501935],[-70.585251414341,-33.536333063201724],[-70.58534837273146,-33.53613530697085],[-70.58591612608546,-33.53632839041379],[-70.58602206836072,-33.53610404104226],[-70.58659163665897,-33.53629483994713],[-70.58666345374274,-33.536097406717],[-70.58723239525261,-33.536279531527725],[-70.58733303076417,-33.53606067990551],[-70.58792296343873,-33.53622864430867],[-70.58799503726883,-33.53604524214695]]]]}},{"type":"Feature","properties":{"comuna":"LaFlorida","zona":"U-VEV3","zona_code":"U-VEV3","nombre":"U-VEV3","decreto":""},"geometry":{"type":"MultiPolygon","coordinates":[[[[-70.57437173332754,-33.53612770476325],[-70.5749170175195,-33.53628247614538],[-70.5750071476205,-33.53616903422851],[-70.57556980128696,-33.536347135638756],[-70.57561276523496,-33.53624580261343],[-70.57615988661561,-33.53642106342833],[-70.57620773791587,-33.53628710486042],[-70.57680373954462,-33.53646995613421],[-70.57690355344333,-33.53623914137362],[-70.57806409330115,-33.53658450954586],[-70.57814763882782,-33.53640199194155],[-70.57869335628358,-33.536557226193125],[-70.57879934637009,-33.53639445152],[-70.5793578817281,-33.536578976590775],[-70.57792819031943,-33.539705757457625],[-70.57281705458156,-33.539705504368065],[-70.57437173332754,-33.53612770476325]]],[[[-70.57952777941915,-33.53258950474676],[-70.58107242698776,-33.53279687504806],[-70.57969090998277,-33.535841838817575],[-70.57911136597126,-33.53567284470803],[-70.57901473389352,-33.53588930680955],[-70.57848162367519,-33.535736961339886],[-70.5783567598767,-33.535933715459066],[-70.57771891110988,-33.53577657035822],[-70.57767635649512,-33.53585607017114],[-70.57715434109055,-33.535664921699684],[-70.57710400791261,-33.53577947247403],[-70.57652178202943,-33.53561811622386],[-70.57647322978157,-33.53571348208127],[-70.57476496479447,-33.53524932658603],[-70.57518224118868,-33.53429993628246],[-70.5786261128834,-33.534742097305184],[-70.57952777941915,-33.53258950474676]]]]}},{"type":"Feature","properties":{"comuna":"LaFlorida","zona":"U-VEV3","zona_code":"U-VEV3","nombre":"U-VEV3","decreto":""},"geometry":{"type":"Polygon","coordinates":[[[-70.58254249374555,-33.52308025310047],[-70.5828908194337,-33.523088363581614],[-70.58262472153847,-33.524824418594406],[-70.58078071898841,-33.532760414342036],[-70.57952777941915,-33.53258950474676],[-70.5786261128834,-33.534742097305184],[-70.57518224118868,-33.53429993628246],[-70.57574683847227,-33.53321271854668],[-70.57692945613336,-33.533369116469856],[-70.57696870912494,-33.533252163717805],[-70.57648068127061,-33.533181606050526],[-70.57683025722936,-33.532178905035444],[-70.57660334233628,-33.53214556645911],[-70.5762939641605,-33.533151501312815],[-70.57578708186452,-33.53309453697365],[-70.57613293776855,-33.5320763015732],[-70.57480619505763,-33.53188335885017],[-70.57848093122308,-33.523165686602965],[-70.5792030466215,-33.52338199251292],[-70.5805764095593,-33.52339955998898],[-70.58057719596182,-33.52395904783375],[-70.58094264369396,-33.52392749749241],[-70.58097290868768,-33.52340462873834],[-70.58248385832412,-33.52342393460595],[-70.58254249374555,-33.52308025310047]],[[-70.58258104956678,-33.52390808442171],[-70.58240185531584,-33.523892040278604],[-70.58230838109098,-33.524400521132584],[-70.58206422973434,-33.52473241051128],[-70.58223649018095,-33.52512795289455],[-70.58185822934217,-33.52527411077721],[-70.58237444399649,-33.52533991933953],[-70.58258104956678,-33.52390808442171]],[[-70.57959980380681,-33.524438685518426],[-70.5792183148383,-33.52443105913711],[-70.57914475116344,-33.52466324735334],[-70.5795149070433,-33.52472639969298],[-70.57959980380681,-33.524438685518426]],[[-70.58140807569957,-33.525548777888766],[-70.58131760781319,-33.52551191040672],[-70.58114539488086,-33.526004501066176],[-70.58129363163242,-33.52603707235698],[-70.58140807569957,-33.525548777888766]],[[-70.5795332074672,-33.52683358113436],[-70.5787914409842,-33.52665279603869],[-70.57873002859318,-33.52684200671065],[-70.57947775058513,-33.527009853426485],[-70.5795332074672,-33.52683358113436]],[[-70.5771519842109,-33.52851081153817],[-70.57728374145061,-33.52807317847404],[-70.57704265318819,-33.52802118369111],[-70.57692629480349,-33.52846022837034],[-70.5771519842109,-33.52851081153817]],[[-70.57906575382545,-33.528299253121375],[-70.57890553030471,-33.52877228777134],[-70.57917257525378,-33.52883332321783],[-70.57934042536026,-33.52836028837073],[-70.57906575382545,-33.528299253121375]],[[-70.57897462954882,-33.530961562114605],[-70.57606165105294,-33.530272537633316],[-70.57895895835016,-33.5310344563579],[-70.57897462954882,-33.530961562114605]],[[-70.57977951877756,-33.53054876528274],[-70.58007290609284,-33.53059574940642],[-70.58014156624634,-33.530298194097824],[-70.57983814776598,-33.53023513590079],[-70.57977951877756,-33.53054876528274]],[[-70.57627327997733,-33.531408321347904],[-70.57620817751477,-33.531571073975655],[-70.57737807696903,-33.53174545991207],[-70.57743604411853,-33.531599407447516],[-70.57627327997733,-33.531408321347904]],[[-70.57901589868221,-33.53335352240379],[-70.57876823669233,-33.533285182045994],[-70.57866904761698,-33.53358273804699],[-70.57891192161,-33.53361548325772],[-70.57901589868221,-33.53335352240379]],[[-70.57713795881932,-33.53388050163295],[-70.57673108458901,-33.53383071020265],[-70.5765632320062,-33.534143523134894],[-70.57702296711173,-33.53420361522823],[-70.57713795881932,-33.53388050163295]]]}},{"type":"Feature","properties":{"comuna":"LaFlorida","zona":"U-VEV3","zona_code":"U-VEV3","nombre":"U-VEV3","decreto":""},"geometry":{"type":"Polygon","coordinates":[[[-70.55833419352687,-33.51766532362714],[-70.55954965817855,-33.517443667302665],[-70.56037658223194,-33.5171717355428],[-70.56161238656091,-33.517333684343924],[-70.56290619732208,-33.51733907670738],[-70.56411538011504,-33.51769126996298],[-70.56899465380137,-33.51724770343347],[-70.56933199742394,-33.52160790702665],[-70.56875812499045,-33.521894434958924],[-70.56816948413807,-33.521426776186125],[-70.56778420926004,-33.52182321514882],[-70.56632321870406,-33.52133007966198],[-70.56612043190243,-33.52145910796162],[-70.56511409648593,-33.52148989338672],[-70.5593139024994,-33.52144078867202],[-70.55936554782956,-33.51815966871698],[-70.55824396262506,-33.51799945481254],[-70.55833419352687,-33.51766532362714]],[[-70.56341838359984,-33.51838316602222],[-70.56315608117886,-33.5183143586295],[-70.56296683353636,-33.51902379132576],[-70.56329752042015,-33.51901095529821],[-70.56341838359984,-33.51838316602222]],[[-70.56426387292993,-33.51847244834447],[-70.56427138598835,-33.518643370231764],[-70.56464737766427,-33.51874271419412],[-70.56481794732481,-33.51902639954062],[-70.56493645131405,-33.51904241564759],[-70.56482913811564,-33.51845057483944],[-70.56426387292993,-33.51847244834447]]]}},{"type":"Feature","properties":{"comuna":"LaFlorida","zona":"U-VEV3","zona_code":"U-VEV3","nombre":"U-VEV3","decreto":""},"geometry":{"type":"Polygon","coordinates":[[[-70.56511538362885,-33.52150689374491],[-70.56612043190243,-33.52145910796162],[-70.56632321870406,-33.52133007966198],[-70.56778420926004,-33.52182321514882],[-70.56816948413807,-33.521426776186125],[-70.56875812499045,-33.521894434958924],[-70.56850680336551,-33.52239080624517],[-70.56517948013466,-33.52235208105965],[-70.56511538362885,-33.52150689374491]]]}},{"type":"Feature","properties":{"comuna":"LaFlorida","zona":"U-VEV3","zona_code":"U-VEV3","nombre":"U-VEV3","decreto":""},"geometry":{"type":"Polygon","coordinates":[[[-70.55931371307342,-33.52145836954213],[-70.5648412386595,-33.521487589734626],[-70.56485756891108,-33.522350382143266],[-70.55930454297032,-33.52231015767976],[-70.55931371307342,-33.52145836954213]],[[-70.56271345308046,-33.52185406730967],[-70.56271513132626,-33.52163035979222],[-70.56260760973069,-33.52160973176235],[-70.56258829965313,-33.52186711695912],[-70.56271345308046,-33.52185406730967]]]}},{"type":"Feature","properties":{"comuna":"LaFlorida","zona":"U-VEV3","zona_code":"U-VEV3","nombre":"U-VEV3","decreto":""},"geometry":{"type":"Polygon","coordinates":[[[-70.5569242354217,-33.544016309281275],[-70.56540290518541,-33.543668372743575],[-70.56543552247834,-33.54447133995069],[-70.55504337877423,-33.54472540679085],[-70.555023950444,-33.54457280446182],[-70.5569242354217,-33.544016309281275]]]}},{"type":"Feature","properties":{"comuna":"LaFlorida","zona":"U-VEV3","zona_code":"U-VEV3","nombre":"U-VEV3","decreto":""},"geometry":{"type":"Polygon","coordinates":[[[-70.57480438008685,-33.54169117860557],[-70.5751653493169,-33.54002234683754],[-70.57537454607865,-33.53971721272377],[-70.5758226865139,-33.53971433482646],[-70.5754094142956,-33.541701508229735],[-70.57480438008685,-33.54169117860557]]]}},{"type":"Feature","properties":{"comuna":"LaFlorida","zona":"U-EC3","zona_code":"U-EC3","nombre":"U-EC3","decreto":""},"geometry":{"type":"Polygon","coordinates":[[[-70.5553424536072,-33.5332676920721],[-70.55529905458717,-33.5323011247765],[-70.55665513584233,-33.53227995113706],[-70.55654634692559,-33.5333236715821],[-70.5553424536072,-33.5332676920721]]]}},{"type":"Feature","properties":{"comuna":"LaFlorida","zona":"U-EC3","zona_code":"U-EC3","nombre":"U-EC3","decreto":""},"geometry":{"type":"Polygon","coordinates":[[[-70.55511412989617,-33.53585016986199],[-70.55523295925703,-33.53525683901012],[-70.5553424536072,-33.5332676920721],[-70.55654634692559,-33.5333236715821],[-70.55637796115741,-33.534272586729244],[-70.55733201544663,-33.53435971037093],[-70.55777271124363,-33.534604234737124],[-70.55732149036534,-33.535091844963894],[-70.55718805552036,-33.53539278626069],[-70.55720718383684,-33.53619368201244],[-70.55616669212037,-33.536029448396576],[-70.55469318392365,-33.54069872676899],[-70.55333466320597,-33.54037735270527],[-70.55511412989617,-33.53585016986199]]]}},{"type":"Feature","properties":{"comuna":"LaFlorida","zona":"RI-2","zona_code":"RI-2","nombre":"RI-2","decreto":""},"geometry":{"type":"Polygon","coordinates":[[[-70.54544203486233,-33.541760244835494],[-70.54794229883876,-33.54201764772088],[-70.54798851131544,-33.54374213492938],[-70.5516687368387,-33.543702646048835],[-70.55107169733816,-33.54524171222634],[-70.54518434429733,-33.54610391272984],[-70.54544203486233,-33.541760244835494]]]}},{"type":"Feature","properties":{"comuna":"LaFlorida","zona":"U-VEV2","zona_code":"U-VEV2","nombre":"U-VEV2","decreto":""},"geometry":{"type":"Polygon","coordinates":[[[-70.55166810136558,-33.54370228155846],[-70.54798851131544,-33.54374213492938],[-70.54794229883876,-33.54201764772088],[-70.54892546084895,-33.542114289123745],[-70.5499737930933,-33.54273780235795],[-70.55093231447557,-33.54295844275845],[-70.55180378296232,-33.543332510159935],[-70.55166810136558,-33.54370228155846]]]}},{"type":"Feature","properties":{"comuna":"LaFlorida","zona":"PL","zona_code":"PL","nombre":"PL","decreto":""},"geometry":{"type":"Polygon","coordinates":[[[-70.55711858733339,-33.515385471635454],[-70.55783271269996,-33.515274731927875],[-70.55785482374522,-33.51539395914283],[-70.55805930873538,-33.515365055125095],[-70.55808232516046,-33.51555115074534],[-70.55782845212171,-33.515722786699996],[-70.55761405717878,-33.51560383160024],[-70.55757540755049,-33.515440896736486],[-70.55713762380033,-33.51552747824165],[-70.55711858733339,-33.515385471635454]]]}},{"type":"Feature","properties":{"comuna":"LaFlorida","zona":"R-1/AV3","zona_code":"R-1/AV3","nombre":"R-1/AV3","decreto":""},"geometry":{"type":"Polygon","coordinates":[[[-70.52092142091331,-33.508282014060335],[-70.51964678935447,-33.50757709384305],[-70.51960829865976,-33.50481142256471],[-70.52213600018877,-33.506178999907185],[-70.52414200045357,-33.50799499976958],[-70.52463999977859,-33.508290000081644],[-70.52638899994628,-33.50826800000496],[-70.5285030002605,-33.50861799958063],[-70.52990199908507,-33.50908900025194],[-70.5315689986901,-33.5094820000028],[-70.53224699951718,-33.50977400097473],[-70.53720700005796,-33.51125300060625],[-70.53888099983608,-33.51205900131193],[-70.53991599847481,-33.51227200010885],[-70.54171492011615,-33.51241116086311],[-70.54154159696752,-33.51285066668631],[-70.54151065830334,-33.513343495077415],[-70.53786773244161,-33.51326660912175],[-70.5365960011489,-33.512525183430796],[-70.53546153323593,-33.51201210100863],[-70.53400399952018,-33.51155129936947],[-70.53246013667464,-33.51126803517199],[-70.53096520863197,-33.51070564230934],[-70.52880513750817,-33.51031059000012],[-70.52728597314285,-33.509392160302454],[-70.52626700400492,-33.50925499309012],[-70.52508625539059,-33.509447339074036],[-70.52400191761964,-33.50940453727943],[-70.5220471137368,-33.5087735164294],[-70.52092142091331,-33.508282014060335]]]}},{"type":"Feature","properties":{"comuna":"LaFlorida","zona":"U-EC3","zona_code":"U-EC3","nombre":"U-EC3","decreto":""},"geometry":{"type":"Polygon","coordinates":[[[-70.53411835543051,-33.51318775817514],[-70.53399192607279,-33.51223294943792],[-70.5341613866988,-33.51160105855791],[-70.53584528781211,-33.512153561188626],[-70.53786773244161,-33.51326660912175],[-70.53411835543051,-33.51318775817514]]]}},{"type":"Feature","properties":{"comuna":"LaFlorida","zona":"PEDC-3","zona_code":"PEDC-3","nombre":"PEDC-3","decreto":""},"geometry":{"type":"Polygon","coordinates":[[[-70.5197144144316,-33.51401233487585],[-70.51968284589502,-33.511008631290565],[-70.52002451915529,-33.51111009353963],[-70.52038977714993,-33.51155479277477],[-70.52097929212097,-33.51204664665706],[-70.52099615303902,-33.51435980709168],[-70.5197144144316,-33.51401233487585]]]}},{"type":"Feature","properties":{"comuna":"LaFlorida","zona":"U-VEV1","zona_code":"U-VEV1","nombre":"U-VEV1","decreto":""},"geometry":{"type":"Polygon","coordinates":[[[-70.51964678935447,-33.50757709384305],[-70.52092142091331,-33.508282014060335],[-70.5220471137368,-33.5087735164294],[-70.52400191761964,-33.50940453727943],[-70.52508625539059,-33.509447339074036],[-70.52626700400492,-33.50925499309012],[-70.52675891347256,-33.509277004790825],[-70.52728597314285,-33.509392160302454],[-70.52779299941461,-33.50963857240892],[-70.52880513750817,-33.51031059000012],[-70.52925282188336,-33.51044576890624],[-70.53045101682302,-33.51058041446633],[-70.53138861699028,-33.51083568260034],[-70.53246013667464,-33.51126803517199],[-70.5341613866988,-33.51160105855791],[-70.53399192607279,-33.51223294943792],[-70.53411835543051,-33.51318775817514],[-70.53062523676745,-33.513398964559805],[-70.52999910729005,-33.513527768916134],[-70.52746936241411,-33.51475388837471],[-70.52670555260156,-33.51491595746882],[-70.5261268697212,-33.51488680143146],[-70.52534293927052,-33.51533280014627],[-70.52509014919107,-33.51560963350774],[-70.52502556410191,-33.51586835695196],[-70.52369554893798,-33.51599526803756],[-70.52312677488393,-33.515812765695415],[-70.52233578734511,-33.515859338236545],[-70.52176806267924,-33.51501883491193],[-70.52099615303902,-33.51435980709168],[-70.52097929212097,-33.51204664665706],[-70.52038977714993,-33.51155479277477],[-70.52002451915529,-33.51111009353963],[-70.51968284589502,-33.511008631290565],[-70.51964678935447,-33.50757709384305]]]}},{"type":"Feature","properties":{"comuna":"LaFlorida","zona":"U-VEV2","zona_code":"U-VEV2","nombre":"U-VEV2","decreto":""},"geometry":{"type":"Polygon","coordinates":[[[-70.5536232494046,-33.5316591451755],[-70.55455884276567,-33.52594949249622],[-70.55537188901988,-33.52609326859609],[-70.55532128633203,-33.5274040098843],[-70.55490891665775,-33.53016664553111],[-70.55498345962617,-33.53100168080554],[-70.55476948426222,-33.531705257599405],[-70.5536232494046,-33.5316591451755]]]}},{"type":"Feature","properties":{"comuna":"LaFlorida","zona":"U-VEV2","zona_code":"U-VEV2","nombre":"U-VEV2","decreto":""},"geometry":{"type":"Polygon","coordinates":[[[-70.54170651366786,-33.514036539570895],[-70.54516873492315,-33.51378544115071],[-70.5489718586774,-33.51456022866053],[-70.54979278440004,-33.5146382807025],[-70.549981362695,-33.51478486034939],[-70.55011295045117,-33.51562383376562],[-70.55060302410652,-33.51625780371226],[-70.54994914823143,-33.51607576147268],[-70.54995779963856,-33.51619905011251],[-70.54972160919024,-33.51614978428805],[-70.54977572563364,-33.51975829165935],[-70.55018126671312,-33.522211606400994],[-70.55165568712458,-33.52205765770042],[-70.55200932928112,-33.52231868030982],[-70.55203128519388,-33.52255104979628],[-70.55191061934106,-33.52277327636612],[-70.55153558448404,-33.52310904725742],[-70.55149301407356,-33.523252722974625],[-70.55151018217097,-33.52437392301955],[-70.55178159028323,-33.524858481637985],[-70.55209441247166,-33.524869923834814],[-70.55262850016153,-33.52514077067026],[-70.55470380187757,-33.52501105528072],[-70.5536232494046,-33.5316591451755],[-70.55476948426222,-33.531705257599405],[-70.55451172244406,-33.532552794566655],[-70.55349301443628,-33.53242661713078],[-70.55343617825403,-33.53280030195167],[-70.55314451664094,-33.5334190758063],[-70.55305203602846,-33.53479270400781],[-70.55252868327682,-33.53525661085611],[-70.55187276858287,-33.53507533411267],[-70.55140417778782,-33.53506777830879],[-70.54478499865789,-33.53543512861204],[-70.54507361405341,-33.53478196164151],[-70.5451216537013,-33.53413254678084],[-70.54548716696934,-33.53346253432182],[-70.54552185642378,-33.5331792851705],[-70.54541811499111,-33.53293103607348],[-70.54509413121347,-33.532585718905274],[-70.54504375783789,-33.53198744108015],[-70.54530463468348,-33.53101928236548],[-70.54521424595204,-33.53040486777453],[-70.54523643102196,-33.52930604955306],[-70.54544697160742,-33.52897124475937],[-70.5454617985747,-33.52868824336181],[-70.5452350600202,-33.52822525694197],[-70.54540787476815,-33.527890374666796],[-70.54523479670239,-33.527093994616614],[-70.54553922676601,-33.526341562604905],[-70.54607008787856,-33.5260354822263],[-70.545982363484,-33.52557076120576],[-70.54545094401269,-33.52472894518439],[-70.5454343734198,-33.523797519135115],[-70.54504552942835,-33.52315355664087],[-70.5446027321964,-33.522826354616114],[-70.54410041695122,-33.52138526147474],[-70.54223784888036,-33.51828084668639],[-70.54194715667894,-33.517569104479456],[-70.54170356138317,-33.517272683096245],[-70.54132784340216,-33.51624590825102],[-70.54123101342245,-33.5152655710105],[-70.54170651366786,-33.514036539570895]]]}},{"type":"Feature","properties":{"comuna":"LaFlorida","zona":"U-VEV2","zona_code":"U-VEV2","nombre":"U-VEV2","decreto":""},"geometry":{"type":"Polygon","coordinates":[[[-70.55345050627444,-33.53270173070874],[-70.55349301443628,-33.53242661713078],[-70.55451172244406,-33.532552794566655],[-70.55446745605782,-33.5326983447509],[-70.55345050627444,-33.53270173070874]]]}},{"type":"Feature","properties":{"comuna":"LaFlorida","zona":"RI","zona_code":"RI","nombre":"RI","decreto":""},"geometry":{"type":"Polygon","coordinates":[[[-70.5240772383467,-33.53730514132178],[-70.52251677146677,-33.53592688891581],[-70.51895116623724,-33.528939056099325],[-70.51886073272688,-33.50425502779478],[-70.51960829865976,-33.50481142256471],[-70.5197144144316,-33.51401233487585],[-70.51971737062095,-33.52885309607957],[-70.5240772383467,-33.53730514132178]]]}},{"type":"Feature","properties":{"comuna":"LaFlorida","zona":"U-VEV1","zona_code":"U-VEV1","nombre":"U-VEV1","decreto":""},"geometry":{"type":"Polygon","coordinates":[[[-70.52043693043284,-33.51573847296253],[-70.520648338972,-33.515063803392145],[-70.52131686156197,-33.5157636037648],[-70.52043693043284,-33.51573847296253]]]}},{"type":"Feature","properties":{"comuna":"LaFlorida","zona":"U-VEV1","zona_code":"U-VEV1","nombre":"U-VEV1","decreto":""},"geometry":{"type":"Polygon","coordinates":[[[-70.52023629570641,-33.517217998509274],[-70.52016686203663,-33.516442140218544],[-70.52119560314549,-33.516495013668454],[-70.5207955946461,-33.51725792179697],[-70.52057173466274,-33.517506439350804],[-70.52023629570641,-33.517217998509274]]]}},{"type":"Feature","properties":{"comuna":"LaFlorida","zona":"PEDC-3","zona_code":"PEDC-3","nombre":"PEDC-3","decreto":""},"geometry":{"type":"Polygon","coordinates":[[[-70.51971201987301,-33.51786317317269],[-70.51971289941692,-33.51644771154166],[-70.52016686203663,-33.516442140218544],[-70.52023629570641,-33.517217998509274],[-70.52057173466274,-33.517506439350804],[-70.52011257144927,-33.51780906929666],[-70.51971201987301,-33.51786317317269]]]}},{"type":"Feature","properties":{"comuna":"LaFlorida","zona":"PEDC-3","zona_code":"PEDC-3","nombre":"PEDC-3","decreto":""},"geometry":{"type":"Polygon","coordinates":[[[-70.52040031386086,-33.515737427234356],[-70.5197133760399,-33.51568069061835],[-70.51971397232417,-33.514721891336954],[-70.52054293450325,-33.51494960723127],[-70.520648338972,-33.515063803392145],[-70.52040031386086,-33.515737427234356]]]}},{"type":"Feature","properties":{"comuna":"LaFlorida","zona":"PEDC-3","zona_code":"PEDC-3","nombre":"PEDC-3","decreto":""},"geometry":{"type":"Polygon","coordinates":[[[-70.51971126867775,-33.51907311855928],[-70.52007361157202,-33.51888155384417],[-70.52023285179482,-33.51861757569358],[-70.52108791365532,-33.518107986096354],[-70.52161439626911,-33.51750646186031],[-70.52202289780891,-33.517330878562774],[-70.5222019397618,-33.51734739390641],[-70.52295077712455,-33.51800260273098],[-70.52301203764681,-33.518310661897],[-70.5228290382413,-33.51870594643924],[-70.52283953286518,-33.519304726541456],[-70.52325001372914,-33.51977693409959],[-70.52333263241289,-33.520028582814795],[-70.52369138311487,-33.52009903269145],[-70.52415886572778,-33.52061759263824],[-70.52289088351516,-33.52150252106493],[-70.52200150863104,-33.52239310296105],[-70.52141571043718,-33.52275590275845],[-70.52021078910194,-33.52285492186826],[-70.51970874503982,-33.52314658573085],[-70.51971126867775,-33.51907311855928]]]}},{"type":"Feature","properties":{"comuna":"LaFlorida","zona":"U-VEV1","zona_code":"U-VEV1","nombre":"U-VEV1","decreto":""},"geometry":{"type":"Polygon","coordinates":[[[-70.52771323311981,-33.51536877668073],[-70.52882358275114,-33.51498075712758],[-70.52906415224079,-33.51479062820049],[-70.52982939571308,-33.51447236580123],[-70.53005933623011,-33.514207503012585],[-70.53123931194028,-33.513968329344074],[-70.53111360053352,-33.51419551397208],[-70.53097720505733,-33.514908403610455],[-70.53065374789199,-33.51514947005339],[-70.5303044591609,-33.51561544548267],[-70.5303150508973,-33.51706267706088],[-70.52967009183122,-33.51765707560725],[-70.52967821742524,-33.518118634199176],[-70.52854397252496,-33.518843842186755],[-70.52839767531985,-33.518995375149],[-70.52831402132354,-33.519320816960054],[-70.52798878655626,-33.51946207975241],[-70.52709410087628,-33.519410729008605],[-70.52627760704485,-33.519570521891616],[-70.52496541646843,-33.52002650996253],[-70.52415886572778,-33.52061759263824],[-70.52369138311487,-33.52009903269145],[-70.52333263241289,-33.520028582814795],[-70.52325001372914,-33.51977693409959],[-70.52283953286518,-33.519304726541456],[-70.5228290382413,-33.51870594643924],[-70.52301203764681,-33.518310661897],[-70.52295077712455,-33.51800260273098],[-70.5222019397618,-33.51734739390641],[-70.52202289780891,-33.517330878562774],[-70.52161439626911,-33.51750646186031],[-70.52188714400903,-33.51696273393318],[-70.52235759325268,-33.516607588195114],[-70.52299644865775,-33.516512393351796],[-70.52371479692884,-33.51670319360954],[-70.52539526321765,-33.516545257433144],[-70.52573363276525,-33.51630402075902],[-70.52600958176349,-33.515901347908915],[-70.52626231722301,-33.51587327972037],[-70.52698481752996,-33.51545262301404],[-70.52771323311981,-33.51536877668073]]]}},{"type":"Feature","properties":{"comuna":"LaFlorida","zona":"R-1/AV3","zona_code":"R-1/AV3","nombre":"R-1/AV3","decreto":""},"geometry":{"type":"Polygon","coordinates":[[[-70.53062523676745,-33.513398964559805],[-70.5353276741197,-33.51315731095567],[-70.5414896841469,-33.513398989000876],[-70.54078162297266,-33.51493590915698],[-70.54066924860996,-33.515400625614255],[-70.53874104682585,-33.514304750772],[-70.53679194964742,-33.51391761779941],[-70.53588716799221,-33.513898905783314],[-70.53495290258302,-33.51373385452463],[-70.53400726534538,-33.51402271743427],[-70.53351740537713,-33.51403931092843],[-70.53334009929756,-33.51396254863281],[-70.53299752453236,-33.51413523253882],[-70.5322177339481,-33.51410277176354],[-70.53200136705014,-33.514305473822084],[-70.53171021292411,-33.51525656758719],[-70.53118508348727,-33.51576838962888],[-70.5311504464253,-33.517369026826515],[-70.53095486460434,-33.51768201089274],[-70.53058927120816,-33.51797604167676],[-70.5304580902902,-33.51850241057],[-70.5306620971727,-33.518825037204245],[-70.53127721850655,-33.51885712636333],[-70.53184612115312,-33.51904485299709],[-70.53414625752264,-33.51904796372506],[-70.53502949876923,-33.51859210592213],[-70.53598308056114,-33.518389393945014],[-70.5365696997189,-33.51805521980457],[-70.53731238898007,-33.51784795536906],[-70.53786233396751,-33.517483261442415],[-70.53923377531511,-33.51728244343389],[-70.5409029765429,-33.51646996938794],[-70.54119977195019,-33.517146281993824],[-70.53941932464461,-33.51801171801067],[-70.53821260499812,-33.518155561648406],[-70.53782916424112,-33.518460973675026],[-70.53700882363043,-33.51870738238243],[-70.53625088367305,-33.51909975733881],[-70.53547945925125,-33.51921312017776],[-70.53445846455229,-33.51971254139328],[-70.53186543900051,-33.51975538135112],[-70.53129152896464,-33.51960349534383],[-70.52993450829115,-33.519525939837],[-70.5291826420066,-33.51965453987717],[-70.52829465193493,-33.52014275678739],[-70.52726397777275,-33.52014143476968],[-70.5264788378562,-33.520284465943725],[-70.52522147500811,-33.52073510227497],[-70.52372433997085,-33.52184841231928],[-70.5222304861671,-33.52315116367669],[-70.52091490515214,-33.52363054687249],[-70.52023617858686,-33.52363186201215],[-70.51970837254791,-33.52374928891173],[-70.51970874503982,-33.52314658573085],[-70.52021078910194,-33.52285492186826],[-70.52141571043718,-33.52275590275845],[-70.52200150863104,-33.52239310296105],[-70.52289088351516,-33.52150252106493],[-70.52496541646843,-33.52002650996253],[-70.52651502084024,-33.519517686244896],[-70.52742153105548,-33.51939421323369],[-70.52769136215377,-33.519490703793345],[-70.52798878655626,-33.51946207975241],[-70.52831402132354,-33.519320816960054],[-70.52839767531985,-33.518995375149],[-70.52854397252496,-33.518843842186755],[-70.52967821742524,-33.518118634199176],[-70.52967009183122,-33.51765707560725],[-70.5303150508973,-33.51706267706088],[-70.5303044591609,-33.51561544548267],[-70.53065374789199,-33.51514947005339],[-70.53097720505733,-33.514908403610455],[-70.53111360053352,-33.51419551397208],[-70.53123931194028,-33.513968329344074],[-70.53005933623011,-33.514207503012585],[-70.52982939571308,-33.51447236580123],[-70.52906415224079,-33.51479062820049],[-70.52882358275114,-33.51498075712758],[-70.52833388845637,-33.515086619018064],[-70.52771323311981,-33.51536877668073],[-70.52698481752996,-33.51545262301404],[-70.52626231722301,-33.51587327972037],[-70.52600958176349,-33.515901347908915],[-70.52573363276525,-33.51630402075902],[-70.52539526321765,-33.516545257433144],[-70.52371479692884,-33.51670319360954],[-70.52299644865775,-33.516512393351796],[-70.52235759325268,-33.516607588195114],[-70.52188714400903,-33.51696273393318],[-70.52143966611966,-33.517779255399425],[-70.52108791365532,-33.518107986096354],[-70.52023285179482,-33.51861757569358],[-70.52007361157202,-33.51888155384417],[-70.51971126867775,-33.51907311855928],[-70.51971201987301,-33.51786317317269],[-70.52011257144927,-33.51780906929666],[-70.52056545377799,-33.51751341282008],[-70.52119674965569,-33.51656050547325],[-70.5210945861039,-33.51646818109123],[-70.51971289941692,-33.51644771154166],[-70.5197133760399,-33.51568069061835],[-70.52131686156197,-33.5157636037648],[-70.52054293450325,-33.51494960723127],[-70.51971397232417,-33.514721891336954],[-70.5197144144316,-33.51401233487585],[-70.52099615303902,-33.51435980709168],[-70.52176806267924,-33.51501883491193],[-70.52233578734511,-33.515859338236545],[-70.52312677488393,-33.515812765695415],[-70.52369554893798,-33.51599526803756],[-70.52502556410191,-33.51586835695196],[-70.52509014919107,-33.51560963350774],[-70.52534293927052,-33.51533280014627],[-70.5261268697212,-33.51488680143146],[-70.52670555260156,-33.51491595746882],[-70.52746936241411,-33.51475388837471],[-70.52999910729005,-33.513527768916134],[-70.53062523676745,-33.513398964559805]]]}},{"type":"Feature","properties":{"comuna":"LaFlorida","zona":"U-VEV1","zona_code":"U-VEV1","nombre":"U-VEV1","decreto":""},"geometry":{"type":"Polygon","coordinates":[[[-70.53495290258302,-33.51373385452463],[-70.53588716799221,-33.513898905783314],[-70.53679194964742,-33.51391761779941],[-70.53874104682585,-33.514304750772],[-70.54066924860996,-33.515400625614255],[-70.5409029765429,-33.51646996938794],[-70.53923377531511,-33.51728244343389],[-70.53786233396751,-33.517483261442415],[-70.53731238898007,-33.51784795536906],[-70.5365696997189,-33.51805521980457],[-70.53598308056114,-33.518389393945014],[-70.53502949876923,-33.51859210592213],[-70.53414625752264,-33.51904796372506],[-70.53184612115312,-33.51904485299709],[-70.53127721850655,-33.51885712636333],[-70.5305845845624,-33.51876609346817],[-70.5304580902902,-33.51850241057],[-70.53054695892882,-33.51807131330002],[-70.5311504464253,-33.517369026826515],[-70.53118508348727,-33.51576838962888],[-70.53171021292411,-33.51525656758719],[-70.53208137106856,-33.51420973544905],[-70.53249370687138,-33.51407303809466],[-70.53299752453236,-33.51413523253882],[-70.53334009929756,-33.51396254863281],[-70.53351740537713,-33.51403931092843],[-70.53400726534538,-33.51402271743427],[-70.53495290258302,-33.51373385452463]]]}},{"type":"Feature","properties":{"comuna":"LaFlorida","zona":"PEDC-3","zona_code":"PEDC-3","nombre":"PEDC-3","decreto":""},"geometry":{"type":"Polygon","coordinates":[[[-70.5228996139021,-33.52260251472448],[-70.52372433997085,-33.52184841231928],[-70.52468384433762,-33.521173796128174],[-70.52486157998865,-33.52136753804482],[-70.52585046579627,-33.521692243115545],[-70.52629026880363,-33.522136005429104],[-70.52634130533268,-33.52249721649504],[-70.52532108721834,-33.522934014317144],[-70.5247389171824,-33.52286631866721],[-70.52365692250906,-33.52317909088044],[-70.52325828992069,-33.52338363090924],[-70.5228793588616,-33.52386242839033],[-70.52206871711074,-33.52435900777501],[-70.52129575729701,-33.5244558470996],[-70.52064631430282,-33.52480071036033],[-70.5197106323632,-33.52507903055371],[-70.51970837254791,-33.52374928891173],[-70.52023617858686,-33.52363186201215],[-70.52091490515214,-33.52363054687249],[-70.52194810039843,-33.52329500362496],[-70.5228996139021,-33.52260251472448]]]}},{"type":"Feature","properties":{"comuna":"LaFlorida","zona":"U-VEV1","zona_code":"U-VEV1","nombre":"U-VEV1","decreto":""},"geometry":{"type":"Polygon","coordinates":[[[-70.53186543900051,-33.51975538135112],[-70.53445846455229,-33.51971254139328],[-70.53547945925125,-33.51921312017776],[-70.53625088367305,-33.51909975733881],[-70.53700882363043,-33.51870738238243],[-70.53782916424112,-33.518460973675026],[-70.53821260499812,-33.518155561648406],[-70.53941932464461,-33.51801171801067],[-70.54119977195019,-33.517146281993824],[-70.54158468572165,-33.517917473703825],[-70.53803073376542,-33.51953520245483],[-70.53600828054245,-33.52014788318095],[-70.53578095363062,-33.520345821719815],[-70.53436714591517,-33.520556485537014],[-70.53264916838384,-33.52133575180313],[-70.5302267424533,-33.52144992917006],[-70.52828775040078,-33.52173589645349],[-70.52796529783645,-33.52182409789171],[-70.52675909501268,-33.522484671286826],[-70.52634130533268,-33.52249721649504],[-70.52629026880363,-33.522136005429104],[-70.52585046579627,-33.521692243115545],[-70.52486157998865,-33.52136753804482],[-70.52468384433762,-33.521173796128174],[-70.52522147500811,-33.52073510227497],[-70.5264788378562,-33.520284465943725],[-70.52726397777275,-33.52014143476968],[-70.52829465193493,-33.52014275678739],[-70.52947436974252,-33.51956671575035],[-70.53068046762111,-33.51953777720892],[-70.53186543900051,-33.51975538135112]]]}},{"type":"Feature","properties":{"comuna":"LaFlorida","zona":"R-1/AV3","zona_code":"R-1/AV3","nombre":"R-1/AV3","decreto":""},"geometry":{"type":"Polygon","coordinates":[[[-70.53264916838384,-33.52133575180313],[-70.53481196141279,-33.52043867881244],[-70.53578095363062,-33.520345821719815],[-70.53600828054245,-33.52014788318095],[-70.53803073376542,-33.51953520245483],[-70.54158468572165,-33.517917473703825],[-70.54205486223557,-33.5187742208309],[-70.53945682702718,-33.51995414043113],[-70.53866595043488,-33.520658326696115],[-70.53803936364288,-33.52098823558187],[-70.53753672475156,-33.52160737286318],[-70.53607641638507,-33.52242559726693],[-70.53535202580214,-33.52268724394837],[-70.53528034658558,-33.52289868755422],[-70.53509864106542,-33.5230483269865],[-70.53474152234516,-33.523203260605094],[-70.5341785926302,-33.52365385205133],[-70.53391973324108,-33.52370257618562],[-70.53309053351153,-33.5243341853375],[-70.53171480246301,-33.525166389072346],[-70.53118066624353,-33.52528944878362],[-70.53063077400432,-33.52564561067218],[-70.52873036300517,-33.526259676711774],[-70.52591699213166,-33.527660634469335],[-70.52500393149269,-33.527840325763435],[-70.52468506597208,-33.528134349451676],[-70.52385118074092,-33.528369203911765],[-70.52353066711012,-33.52856966509004],[-70.52325361010381,-33.52783830290073],[-70.52414261623333,-33.527561181388926],[-70.52433712389046,-33.52732587901488],[-70.52652864917809,-33.52656688163695],[-70.52702045006242,-33.52629463754234],[-70.52568317047474,-33.525928484886755],[-70.5251469768383,-33.52593509003777],[-70.5237089562898,-33.52548697477797],[-70.52323321612118,-33.525542737136334],[-70.52173937827664,-33.52644283089918],[-70.5197127812543,-33.526283475710834],[-70.5197106323632,-33.52507903055371],[-70.52064631430282,-33.52480071036033],[-70.52129575729701,-33.5244558470996],[-70.52206871711074,-33.52435900777501],[-70.5228793588616,-33.52386242839033],[-70.52325828992069,-33.52338363090924],[-70.52365692250906,-33.52317909088044],[-70.5247389171824,-33.52286631866721],[-70.52532108721834,-33.522934014317144],[-70.52634130533268,-33.52249721649504],[-70.52675909501268,-33.522484671286826],[-70.52796529783645,-33.52182409789171],[-70.52828775040078,-33.52173589645349],[-70.5302267424533,-33.52144992917006],[-70.53264916838384,-33.52133575180313]],[[-70.52853901287646,-33.52554182419578],[-70.53027260653859,-33.525008066055555],[-70.53090166334219,-33.52456514635659],[-70.53135122908952,-33.524477706499034],[-70.53456307678132,-33.52245406516802],[-70.53489857705142,-33.52205063434519],[-70.53643233911173,-33.52161505003829],[-70.53693203649772,-33.52079016760141],[-70.53654747389882,-33.52090872958477],[-70.53605490544922,-33.52121409420857],[-70.53487134106653,-33.52135224655115],[-70.53426734585459,-33.521735890043566],[-70.53305419703855,-33.522210731065584],[-70.52859182330957,-33.522590301566645],[-70.52776655227392,-33.52309957604622],[-70.52705581728551,-33.52334540980171],[-70.52663900958068,-33.523363026716694],[-70.52653225430043,-33.52352238859809],[-70.52628103097523,-33.52363777912762],[-70.52599826700953,-33.52365374172276],[-70.52558452340807,-33.523845999389316],[-70.52472023914277,-33.52383168838498],[-70.52429050264413,-33.52396175146463],[-70.52389208803005,-33.524178768668044],[-70.52363055922156,-33.524556304732734],[-70.52311408018507,-33.52483715751459],[-70.52387214616068,-33.52474049009864],[-70.52516114041224,-33.525186279985675],[-70.52590628728001,-33.525202055812095],[-70.5273749656842,-33.5255842597805],[-70.52782824078966,-33.52562779828103],[-70.52853901287646,-33.52554182419578]]]}},{"type":"Feature","properties":{"comuna":"LaFlorida","zona":"PEDC-3","zona_code":"PEDC-3","nombre":"PEDC-3","decreto":""},"geometry":{"type":"Polygon","coordinates":[[[-70.52325361010381,-33.52783830290073],[-70.52314556136977,-33.52734054157649],[-70.52286315556529,-33.52709446974537],[-70.52203778364913,-33.52671678290848],[-70.52173937827664,-33.52644283089918],[-70.52323321612118,-33.525542737136334],[-70.5237089562898,-33.52548697477797],[-70.5251469768383,-33.52593509003777],[-70.52568317047474,-33.525928484886755],[-70.52619409063433,-33.52606837917304],[-70.52648216896854,-33.526580230024535],[-70.52475124952154,-33.52715441694104],[-70.52433712389046,-33.52732587901488],[-70.52414261623333,-33.527561181388926],[-70.52325361010381,-33.52783830290073]]]}},{"type":"Feature","properties":{"comuna":"LaFlorida","zona":"PEDC-3","zona_code":"PEDC-3","nombre":"PEDC-3","decreto":""},"geometry":{"type":"Polygon","coordinates":[[[-70.52558452340807,-33.523845999389316],[-70.52653225430043,-33.52352238859809],[-70.52686868962034,-33.5240173312244],[-70.52690746760943,-33.524528420325716],[-70.52659558301917,-33.525430627442866],[-70.52590628728001,-33.525202055812095],[-70.52516114041224,-33.525186279985675],[-70.52387214616068,-33.52474049009864],[-70.52311408018507,-33.52483715751459],[-70.52363055922156,-33.524556304732734],[-70.52389208803005,-33.524178768668044],[-70.52429050264413,-33.52396175146463],[-70.52472023914277,-33.52383168838498],[-70.52558452340807,-33.523845999389316]]]}},{"type":"Feature","properties":{"comuna":"LaFlorida","zona":"U-VEV1","zona_code":"U-VEV1","nombre":"U-VEV1","decreto":""},"geometry":{"type":"Polygon","coordinates":[[[-70.52648216896854,-33.526580230024535],[-70.52619409063433,-33.52606837917304],[-70.52702045006242,-33.52629463754234],[-70.52648216896854,-33.526580230024535]]]}},{"type":"Feature","properties":{"comuna":"LaFlorida","zona":"U-VEV1","zona_code":"U-VEV1","nombre":"U-VEV1","decreto":""},"geometry":{"type":"Polygon","coordinates":[[[-70.52782824078966,-33.52562779828103],[-70.52659558301917,-33.525430627442866],[-70.52690746760943,-33.524528420325716],[-70.52686868962034,-33.5240173312244],[-70.52653225430043,-33.52352238859809],[-70.52663900958068,-33.523363026716694],[-70.52705581728551,-33.52334540980171],[-70.52776655227392,-33.52309957604622],[-70.52859182330957,-33.522590301566645],[-70.53305419703855,-33.522210731065584],[-70.53426734585459,-33.521735890043566],[-70.53487134106653,-33.52135224655115],[-70.53605490544922,-33.52121409420857],[-70.53654747389882,-33.52090872958477],[-70.53693203649772,-33.52079016760141],[-70.53643233911173,-33.52161505003829],[-70.53489857705142,-33.52205063434519],[-70.53456307678132,-33.52245406516802],[-70.53135122908952,-33.524477706499034],[-70.53090166334219,-33.52456514635659],[-70.53027260653859,-33.525008066055555],[-70.52853901287646,-33.52554182419578],[-70.52782824078966,-33.52562779828103]]]}},{"type":"Feature","properties":{"comuna":"LaFlorida","zona":"U-VEV1","zona_code":"U-VEV1","nombre":"U-VEV1","decreto":""},"geometry":{"type":"Polygon","coordinates":[[[-70.5309841298647,-33.52540833275814],[-70.53171480246301,-33.525166389072346],[-70.53309053351153,-33.5243341853375],[-70.53391973324108,-33.52370257618562],[-70.5341785926302,-33.52365385205133],[-70.53474152234516,-33.523203260605094],[-70.53509864106542,-33.5230483269865],[-70.53528034658558,-33.52289868755422],[-70.53535202580214,-33.52268724394837],[-70.53607641638507,-33.52242559726693],[-70.53753672475156,-33.52160737286318],[-70.53803936364288,-33.52098823558187],[-70.53866595043488,-33.520658326696115],[-70.53945682702718,-33.51995414043113],[-70.54205486223557,-33.5187742208309],[-70.54335571142866,-33.520755637236036],[-70.54397766580593,-33.52226137002633],[-70.544079995857,-33.52299001083301],[-70.54469217309087,-33.52348770383677],[-70.54486588218272,-33.52383177938363],[-70.54494186748983,-33.524963138357336],[-70.54551470759729,-33.52576077109714],[-70.54525177220847,-33.52605414676753],[-70.53750786891509,-33.52703744911324],[-70.53743623365773,-33.527034626604205],[-70.53709098219639,-33.52548171178469],[-70.53557255783339,-33.52569392171997],[-70.53586848435074,-33.52722323600317],[-70.52723647262734,-33.52835511017048],[-70.52708598581968,-33.528057511766214],[-70.5269177635706,-33.52802215467498],[-70.52703653202171,-33.527786741380936],[-70.52693599350675,-33.52778798118397],[-70.52680933062528,-33.52757431100929],[-70.52673529400246,-33.527259557142],[-70.52873036300517,-33.526259676711774],[-70.53063077400432,-33.52564561067218],[-70.5309841298647,-33.52540833275814]]]}},{"type":"Feature","properties":{"comuna":"LaFlorida","zona":"U-VEV1","zona_code":"U-VEV1","nombre":"U-VEV1","decreto":""},"geometry":{"type":"Polygon","coordinates":[[[-70.54123822541398,-33.53017470619263],[-70.54143207390041,-33.52856888338025],[-70.54177954782284,-33.52808137161287],[-70.5418710898715,-33.52762090668029],[-70.54178624753435,-33.526477463164056],[-70.54353379878015,-33.526262373467176],[-70.54376691260337,-33.52839415203266],[-70.5440556749479,-33.52937161257642],[-70.54467390586895,-33.52933728602743],[-70.5446372257558,-33.53045067290734],[-70.54474176032659,-33.53067395744656],[-70.54454151024414,-33.53072324617665],[-70.54363186949583,-33.5305085283353],[-70.54137058742768,-33.53022935818758],[-70.54123822541398,-33.53017470619263]]]}},{"type":"Feature","properties":{"comuna":"LaFlorida","zona":"ESP-4","zona_code":"ESP-4","nombre":"ESP-4","decreto":""},"geometry":{"type":"Polygon","coordinates":[[[-70.53926244569631,-33.52980640345652],[-70.53838297654471,-33.52935879520542],[-70.5382686149908,-33.52921049002317],[-70.54129377495599,-33.52946962483892],[-70.54123822541398,-33.53017470619263],[-70.5403912272119,-33.5298204402802],[-70.53926244569631,-33.52980640345652]]]}},{"type":"Feature","properties":{"comuna":"LaFlorida","zona":"U-EC3","zona_code":"U-EC3","nombre":"U-EC3","decreto":""},"geometry":{"type":"Polygon","coordinates":[[[-70.5440556749479,-33.52937161257642],[-70.54376691260337,-33.52839415203266],[-70.54353379878015,-33.526262373467176],[-70.54525177220847,-33.52605414676753],[-70.54496524249501,-33.52634331252312],[-70.54475448384329,-33.52677848421296],[-70.54470318950216,-33.52724494039688],[-70.54483210636955,-33.527792329794444],[-70.54465766698577,-33.52821041297294],[-70.5449354184255,-33.52874970655198],[-70.54490390212221,-33.52886239410918],[-70.54467390586895,-33.52933728602743],[-70.5440556749479,-33.52937161257642]]]}},{"type":"Feature","properties":{"comuna":"LaFlorida","zona":"AV1.2","zona_code":"AV1.2","nombre":"AV1.2","decreto":""},"geometry":{"type":"Polygon","coordinates":[[[-70.53750786891509,-33.52703744911324],[-70.54178624753435,-33.526477463164056],[-70.5418710898715,-33.52762090668029],[-70.54177954782284,-33.52808137161287],[-70.54143207390041,-33.52856888338025],[-70.54129377495599,-33.52946962483892],[-70.53756727260563,-33.52913082027208],[-70.53750786891509,-33.52703744911324]]]}},{"type":"Feature","properties":{"comuna":"LaFlorida","zona":"AV1.2","zona_code":"AV1.2","nombre":"AV1.2","decreto":""},"geometry":{"type":"Polygon","coordinates":[[[-70.52723647262734,-33.52835511017048],[-70.53594088270188,-33.52721738513294],[-70.53607063204036,-33.52880016318685],[-70.53430525402605,-33.52853494442599],[-70.53361298250681,-33.528562236115874],[-70.53251261081991,-33.52825768982603],[-70.53135264512886,-33.52837497773536],[-70.53094801547088,-33.52823961238818],[-70.5302007134479,-33.52831435522517],[-70.52956264911175,-33.52824737457122],[-70.52822443490436,-33.528394909033416],[-70.52723647262734,-33.52835511017048]]]}},{"type":"Feature","properties":{"comuna":"LaFlorida","zona":"U-EC3","zona_code":"U-EC3","nombre":"U-EC3","decreto":""},"geometry":{"type":"Polygon","coordinates":[[[-70.53594088270188,-33.52721738513294],[-70.53750786891509,-33.52703744911324],[-70.53756727260563,-33.52913082027208],[-70.53607063204036,-33.52880016318685],[-70.53594088270188,-33.52721738513294]]]}},{"type":"Feature","properties":{"comuna":"LaFlorida","zona":"PEDC-3","zona_code":"PEDC-3","nombre":"PEDC-3","decreto":""},"geometry":{"type":"Polygon","coordinates":[[[-70.52690305664488,-33.53318410175442],[-70.52772952373374,-33.532737204552355],[-70.52796085678132,-33.53318353030212],[-70.52841452816905,-33.533564724969864],[-70.52854027986399,-33.53393748971247],[-70.52845420004917,-33.53412571091383],[-70.52850133840099,-33.535110830063985],[-70.52923606658229,-33.535376256824016],[-70.52977038856811,-33.53610581222627],[-70.52971497977079,-33.536343564549846],[-70.52922934269043,-33.53668644914838],[-70.529084335999,-33.536912830054284],[-70.52872730698685,-33.53779064411786],[-70.52708281401438,-33.53832250563684],[-70.52646036819063,-33.53878277406922],[-70.52410590970985,-33.53732291885863],[-70.52192235364954,-33.533232602727715],[-70.52255531176729,-33.533337460208784],[-70.52312046788948,-33.53328059993222],[-70.5236072069476,-33.533000111745444],[-70.52426195147859,-33.53295462164668],[-70.52527813096538,-33.53312926644095],[-70.525782824318,-33.533023230425925],[-70.52690305664488,-33.53318410175442]]]}},{"type":"Feature","properties":{"comuna":"LaFlorida","zona":"PEDC-3","zona_code":"PEDC-3","nombre":"PEDC-3","decreto":""},"geometry":{"type":"Polygon","coordinates":[[[-70.5223803031991,-33.53014485717827],[-70.5236607000458,-33.52953020110825],[-70.52372254405631,-33.52935874155967],[-70.52750822414413,-33.52946119291631],[-70.52733427431139,-33.53037105716515],[-70.52736138834216,-33.530642103756854],[-70.527747959728,-33.531021009496875],[-70.52769819316212,-33.53136786762547],[-70.52749103729803,-33.53166051921536],[-70.52745030108208,-33.53188561194505],[-70.52650714085067,-33.53226220228898],[-70.52569901042943,-33.5320569299183],[-70.52528845892988,-33.5322210735421],[-70.52404546445705,-33.53206793641616],[-70.52308684812265,-33.532201385039485],[-70.5227553119372,-33.53241133737653],[-70.52150838590329,-33.532421256922696],[-70.52036122661711,-33.53013586140289],[-70.52074886897981,-33.52999854115155],[-70.52130757069418,-33.530141404529445],[-70.5223803031991,-33.53014485717827]]]}},{"type":"Feature","properties":{"comuna":"LaFlorida","zona":"PEDC-3","zona_code":"PEDC-3","nombre":"PEDC-3","decreto":""},"geometry":{"type":"Polygon","coordinates":[[[-70.52591699213166,-33.527660634469335],[-70.52673529400246,-33.527259557142],[-70.52680933062528,-33.52757431100929],[-70.52693599350675,-33.52778798118397],[-70.52703653202171,-33.527786741380936],[-70.5269177635706,-33.52802215467498],[-70.52708598581968,-33.528057511766214],[-70.52723647262734,-33.52835511017048],[-70.52535132972551,-33.5283783466934],[-70.52353066711012,-33.52856966509004],[-70.52385118074092,-33.528369203911765],[-70.52468506597208,-33.528134349451676],[-70.52500393149269,-33.527840325763435],[-70.52591699213166,-33.527660634469335]]]}},{"type":"Feature","properties":{"comuna":"LaFlorida","zona":"R-1/AV3","zona_code":"R-1/AV3","nombre":"R-1/AV3","decreto":""},"geometry":{"type":"Polygon","coordinates":[[[-70.52956264911175,-33.52824737457122],[-70.5302007134479,-33.52831435522517],[-70.53094801547088,-33.52823961238818],[-70.53135264512886,-33.52837497773536],[-70.53251261081991,-33.52825768982603],[-70.53361298250681,-33.528562236115874],[-70.53430525402605,-33.52853494442599],[-70.53597436354194,-33.528776272876854],[-70.5382686149908,-33.52921049002317],[-70.53838297654471,-33.52935879520542],[-70.53926244569631,-33.52980640345652],[-70.5403912272119,-33.5298204402802],[-70.54137058742768,-33.53022935818758],[-70.54363186949583,-33.5305085283353],[-70.54454151024414,-33.53072324617665],[-70.54474176032659,-33.53067395744656],[-70.54477280792598,-33.53094206170016],[-70.54457894086953,-33.53121065951335],[-70.54334229626086,-33.53092662817529],[-70.54121255215783,-33.53068697445226],[-70.54075311645691,-33.53054296638226],[-70.54027116766355,-33.53024950894954],[-70.53953694175118,-33.530291913232865],[-70.53847599178901,-33.5299723740969],[-70.5370763145458,-33.53001471159983],[-70.53546016654145,-33.52961053705636],[-70.53344737962065,-33.52952318553676],[-70.53266712509703,-33.52920843718781],[-70.53233877919047,-33.52917506941547],[-70.53107360139458,-33.52924062899902],[-70.5306543484918,-33.529121039905924],[-70.53025438785176,-33.52925075579078],[-70.52937339648565,-33.529136867768976],[-70.52797547979118,-33.52927889822986],[-70.52750822414413,-33.52946119291631],[-70.52372254405631,-33.52935874155967],[-70.5237932998618,-33.529162568431495],[-70.52372729940045,-33.52879738144356],[-70.52353066711012,-33.52856966509004],[-70.52535132972551,-33.5283783466934],[-70.52822443490436,-33.528394909033416],[-70.52956264911175,-33.52824737457122]]]}},{"type":"Feature","properties":{"comuna":"LaFlorida","zona":"ESP-4","zona_code":"ESP-4","nombre":"ESP-4","decreto":""},"geometry":{"type":"Polygon","coordinates":[[[-70.53772719438629,-33.53252494297652],[-70.52761623986004,-33.531483644417634],[-70.527747959728,-33.531021009496875],[-70.52736138834216,-33.530642103756854],[-70.52736087693779,-33.529977696750414],[-70.52750822414413,-33.52946119291631],[-70.52797547979118,-33.52927889822986],[-70.52937339648565,-33.529136867768976],[-70.53025438785176,-33.52925075579078],[-70.5306543484918,-33.529121039905924],[-70.53107360139458,-33.52924062899902],[-70.53233877919047,-33.52917506941547],[-70.53266712509703,-33.52920843718781],[-70.53344737962065,-33.52952318553676],[-70.53546016654145,-33.52961053705636],[-70.5370763145458,-33.53001471159983],[-70.53847599178901,-33.5299723740969],[-70.53953694175118,-33.530291913232865],[-70.54027116766355,-33.53024950894954],[-70.54075311645691,-33.53054296638226],[-70.5412759447133,-33.53068618538278],[-70.54142211110006,-33.532644868262324],[-70.54136558144046,-33.53370326961842],[-70.53772719438629,-33.53252494297652]]]}},{"type":"Feature","properties":{"comuna":"LaFlorida","zona":"U-VEV1","zona_code":"U-VEV1","nombre":"U-VEV1","decreto":""},"geometry":{"type":"Polygon","coordinates":[[[-70.54379218932439,-33.53528701820973],[-70.54320096803845,-33.53493918419514],[-70.54243197975241,-33.53418936092666],[-70.54204730130007,-33.53394101729013],[-70.54136544564653,-33.53370453748117],[-70.54142211110006,-33.532644868262324],[-70.5412759447133,-33.53068618538278],[-70.54334229626086,-33.53092662817529],[-70.54457894086953,-33.53121065951335],[-70.54456540114168,-33.53268313916798],[-70.54493146994358,-33.53316102313314],[-70.54497503742385,-33.53337675133989],[-70.54460833596902,-33.5339802310276],[-70.54452205045887,-33.53471330419472],[-70.54421830861628,-33.53541746598666],[-70.54379218932439,-33.53528701820973]]]}},{"type":"Feature","properties":{"comuna":"LaFlorida","zona":"ESP-4","zona_code":"ESP-4","nombre":"ESP-4","decreto":""},"geometry":{"type":"Polygon","coordinates":[[[-70.53026312908679,-33.532530080772176],[-70.53161488342035,-33.532513367116515],[-70.5338776438808,-33.53283159909703],[-70.53568364413968,-33.53318611862279],[-70.53568032802502,-33.53335513261208],[-70.53543769190853,-33.533957048210645],[-70.53468542266641,-33.53493885754451],[-70.53203670009526,-33.533621740980266],[-70.53105849660184,-33.53327823970572],[-70.53026312908679,-33.532530080772176]]]}},{"type":"Feature","properties":{"comuna":"LaFlorida","zona":"U-EC3","zona_code":"U-EC3","nombre":"U-EC3","decreto":""},"geometry":{"type":"Polygon","coordinates":[[[-70.53545993711947,-33.53550472709451],[-70.53468542266641,-33.53493885754451],[-70.53543769190853,-33.533957048210645],[-70.53568364413968,-33.53318611862279],[-70.53725203023147,-33.533515998268136],[-70.53658675254783,-33.53490353836014],[-70.5359301245879,-33.53568527334129],[-70.53545993711947,-33.53550472709451]]]}},{"type":"Feature","properties":{"comuna":"LaFlorida","zona":"ESP-4","zona_code":"ESP-4","nombre":"ESP-4","decreto":""},"geometry":{"type":"Polygon","coordinates":[[[-70.52872730698685,-33.53779064411786],[-70.52922934269043,-33.53668644914838],[-70.52971497977079,-33.536343564549846],[-70.52977038856811,-33.53610581222627],[-70.52923606658229,-33.535376256824016],[-70.52850133840099,-33.535110830063985],[-70.52850609687631,-33.53368836696645],[-70.52796085678132,-33.53318353030212],[-70.52772952373374,-33.532737204552355],[-70.52838478707598,-33.53278410989222],[-70.5293002179876,-33.53315960056657],[-70.5304503024056,-33.53416852347157],[-70.53161920384619,-33.534553340036815],[-70.5320271106073,-33.53487270189348],[-70.53265651895626,-33.535105878490896],[-70.53420646755247,-33.53602715260178],[-70.53416214521,-33.536364586020575],[-70.5339148650877,-33.53659925860032],[-70.53388115131362,-33.53706289283783],[-70.53262899753777,-33.5373451003547],[-70.5321075524202,-33.53771651253109],[-70.53195689133322,-33.53820264857755],[-70.53162469503982,-33.53837520120059],[-70.53107216240925,-33.53841010942602],[-70.52937557930659,-33.53772923490307],[-70.52872730698685,-33.53779064411786]]]}},{"type":"Feature","properties":{"comuna":"LaFlorida","zona":"U-VEV2","zona_code":"U-VEV2","nombre":"U-VEV2","decreto":""},"geometry":{"type":"Polygon","coordinates":[[[-70.54414108998814,-33.54625666608638],[-70.53993920219332,-33.54614639656164],[-70.53953258476827,-33.545740715250666],[-70.53978078407114,-33.54508491568174],[-70.53978231948665,-33.54469888232086],[-70.53944916115891,-33.54434508721993],[-70.538668895015,-33.54382840503146],[-70.5384852092008,-33.54339554713069],[-70.53858166210935,-33.54316274013238],[-70.5385413041657,-33.542777229039835],[-70.53918948218877,-33.54199012682232],[-70.53976708811727,-33.54147761748535],[-70.53957095962119,-33.540343072696245],[-70.53964389132345,-33.54014304493898],[-70.53995226360877,-33.539832558030895],[-70.54077887334876,-33.539574029902205],[-70.54094949501966,-33.53955600436895],[-70.54103423430782,-33.53972878302778],[-70.54140914829574,-33.539981814974155],[-70.54253004710743,-33.54052381506604],[-70.54413325555811,-33.54109181222399],[-70.54491647031021,-33.54156449236938],[-70.54544203486233,-33.541760244835494],[-70.54518434429733,-33.54610391272984],[-70.54414108998814,-33.54625666608638]]]}},{"type":"Feature","properties":{"comuna":"LaFlorida","zona":"RI-2","zona_code":"RI-2","nombre":"RI-2","decreto":""},"geometry":{"type":"Polygon","coordinates":[[[-70.54413336727903,-33.54669978274991],[-70.55060961576152,-33.54574924434614],[-70.55060422982942,-33.54619857320407],[-70.55091204026789,-33.546545029026355],[-70.5507042687662,-33.54674186687477],[-70.54817962096811,-33.54742851934447],[-70.54558437139531,-33.54917344060717],[-70.5448944397601,-33.549341135740846],[-70.54218100790615,-33.54918414583103],[-70.5406005990682,-33.54745701944556],[-70.54040196084809,-33.5474594913804],[-70.54025966657328,-33.547278263423536],[-70.54029467200846,-33.547011648098774],[-70.54011265179204,-33.54683091423385],[-70.5396125191935,-33.5466374999097],[-70.54413336727903,-33.54669978274991]]]}},{"type":"Feature","properties":{"comuna":"LaFlorida","zona":"R-1/AV3","zona_code":"R-1/AV3","nombre":"R-1/AV3","decreto":""},"geometry":{"type":"Polygon","coordinates":[[[-70.55093231447557,-33.54295844275845],[-70.5499737930933,-33.54273780235795],[-70.54892546084895,-33.542114289123745],[-70.54534668074437,-33.54174154346065],[-70.54413325555811,-33.54109181222399],[-70.54186625618975,-33.54020996056432],[-70.54103423430782,-33.53972878302778],[-70.54094949501966,-33.53955600436895],[-70.54196046114691,-33.53919411357632],[-70.54453122292958,-33.54025309736779],[-70.54570513615022,-33.54086095025428],[-70.54612431697501,-33.540972170215355],[-70.54923252538848,-33.54119850497643],[-70.55212199179735,-33.542453812651345],[-70.55180378296232,-33.543332510159935],[-70.55093231447557,-33.54295844275845]]]}},{"type":"Feature","properties":{"comuna":"LaFlorida","zona":"R-1/AV3","zona_code":"R-1/AV3","nombre":"R-1/AV3","decreto":""},"geometry":{"type":"Polygon","coordinates":[[[-70.52650714085067,-33.53226220228898],[-70.52745030108208,-33.53188561194505],[-70.52761623986004,-33.531483644417634],[-70.53773621888588,-33.5325061205722],[-70.53725203023147,-33.533515998268136],[-70.5338776438808,-33.53283159909703],[-70.53206273464166,-33.53256397371177],[-70.53026312908679,-33.532530080772176],[-70.53105849660184,-33.53327823970572],[-70.53203670009526,-33.533621740980266],[-70.53460665400146,-33.534881307607634],[-70.53545993711947,-33.53550472709451],[-70.53650190690414,-33.53600258610387],[-70.53719219843035,-33.53628099337441],[-70.5392246830335,-33.53663005833866],[-70.53982605427005,-33.53693451069865],[-70.54066459519008,-33.53800959568056],[-70.5415134019364,-33.53882252406079],[-70.54068474502255,-33.53916645974049],[-70.54032208432861,-33.53888087743669],[-70.53960125060775,-33.53856231717744],[-70.53909690083182,-33.53784802975136],[-70.53910276637625,-33.53754850444441],[-70.53874293637274,-33.53742196613502],[-70.53692154964907,-33.53742587387418],[-70.53612940409937,-33.53686487274413],[-70.53590017050654,-33.53654018910494],[-70.53550766098326,-33.536460836403165],[-70.53500574713443,-33.53651384993603],[-70.5349551793648,-33.536813930432146],[-70.5347455566567,-33.536966254965925],[-70.53464984132789,-33.5374166217547],[-70.53435632760907,-33.53766980392793],[-70.53314917282455,-33.53793430264837],[-70.53281534033623,-33.538154707391435],[-70.53282268142182,-33.53857052379176],[-70.53268687865271,-33.53875520407798],[-70.5327994022806,-33.53950244405598],[-70.53251027911365,-33.540005111939735],[-70.53258375679933,-33.540527392478644],[-70.52779845379203,-33.53954399686692],[-70.52646036819063,-33.53878277406922],[-70.52708281401438,-33.53832250563684],[-70.5283262058786,-33.53785798221369],[-70.52890659380822,-33.53774906430512],[-70.52937557930659,-33.53772923490307],[-70.53107216240925,-33.53841010942602],[-70.53162469503982,-33.53837520120059],[-70.53195689133322,-33.53820264857755],[-70.5321075524202,-33.53771651253109],[-70.53262899753777,-33.5373451003547],[-70.53388115131362,-33.53706289283783],[-70.5339148650877,-33.53659925860032],[-70.53416214521,-33.536364586020575],[-70.53420646755247,-33.53602715260178],[-70.53265651895626,-33.535105878490896],[-70.5320271106073,-33.53487270189348],[-70.53161920384619,-33.534553340036815],[-70.5304503024056,-33.53416852347157],[-70.5293002179876,-33.53315960056657],[-70.52838478707598,-33.53278410989222],[-70.52772952373374,-33.532737204552355],[-70.52690305664488,-33.53318410175442],[-70.525782824318,-33.533023230425925],[-70.52527813096538,-33.53312926644095],[-70.52426195147859,-33.53295462164668],[-70.5236072069476,-33.533000111745444],[-70.52312046788948,-33.53328059993222],[-70.52255531176729,-33.533337460208784],[-70.52192235364954,-33.533232602727715],[-70.52150838590329,-33.532421256922696],[-70.5227553119372,-33.53241133737653],[-70.52308684812265,-33.532201385039485],[-70.52404546445705,-33.53206793641616],[-70.52528845892988,-33.5322210735421],[-70.52569901042943,-33.5320569299183],[-70.52650714085067,-33.53226220228898]]]}},{"type":"Feature","properties":{"comuna":"LaFlorida","zona":"R-2/AV4","zona_code":"R-2/AV4","nombre":"R-2/AV4","decreto":""},"geometry":{"type":"Polygon","coordinates":[[[-70.5420103407991,-33.512635455295396],[-70.54201424338272,-33.51262780514138],[-70.54201041230287,-33.512635480558366],[-70.5420103407991,-33.512635455295396]]]}},{"type":"Feature","properties":{"comuna":"LaFlorida","zona":"R-2/AV4","zona_code":"R-2/AV4","nombre":"R-2/AV4","decreto":""},"geometry":{"type":"Polygon","coordinates":[[[-70.55783930631549,-33.51652658805143],[-70.5582871804429,-33.51595948035481],[-70.55865497378646,-33.51568176667051],[-70.56003791000725,-33.511699532539886],[-70.56065609174456,-33.51165654336437],[-70.55942622219418,-33.51517674135963],[-70.55856660393752,-33.51658997347692],[-70.55886826909594,-33.51642896406265],[-70.56051762688712,-33.516290415051614],[-70.56114327222332,-33.51658033635425],[-70.563600067466,-33.51690839402622],[-70.5642867506182,-33.51723646234761],[-70.56987175543931,-33.51670998742318],[-70.57178683212297,-33.5166870857868],[-70.57546438765976,-33.51632084485405],[-70.57605220568453,-33.51535337631558],[-70.5774570526745,-33.51396924194964],[-70.57801885039855,-33.513531622510754],[-70.57861975958275,-33.51340231343258],[-70.57991253048706,-33.51332239606621],[-70.58393343268428,-33.51338340747048],[-70.58604140008669,-33.51328700616984],[-70.58573310196957,-33.51370849451254],[-70.57932503989854,-33.51366191519833],[-70.57821109037097,-33.51383358702135],[-70.5764409943339,-33.51550066036512],[-70.575708543898,-33.516526842060436],[-70.57523549848929,-33.51672521445389],[-70.57437333275074,-33.516881624639076],[-70.57275581968689,-33.51707237344668],[-70.56943685991114,-33.51720591258131],[-70.56456505250905,-33.51768697240389],[-70.56411538011504,-33.51769126996298],[-70.56290619732208,-33.51733907670738],[-70.56161238656091,-33.517333684343924],[-70.56037658223194,-33.5171717355428],[-70.55954965817855,-33.517443667302665],[-70.55833419352687,-33.51766532362714],[-70.55787691981965,-33.51894996560613],[-70.55696123972238,-33.52060462686376],[-70.55665791280214,-33.52146727921718],[-70.5564988087061,-33.52227195210899],[-70.55647822584055,-33.52480643512393],[-70.5563547355015,-33.52609674842565],[-70.5557975557212,-33.52895117358697],[-70.55571794311633,-33.530201766999305],[-70.5558020747034,-33.53108117927246],[-70.55529905458717,-33.5323011247765],[-70.55528914794508,-33.534576095959345],[-70.55511412989617,-33.53585016986199],[-70.55440664043275,-33.537801249502586],[-70.55339234454179,-33.54007420866653],[-70.55330496121434,-33.54086772703036],[-70.55317719954495,-33.54086169416136],[-70.5529249189107,-33.54186725733567],[-70.55274949047245,-33.5420859183709],[-70.55216905484909,-33.54358275714434],[-70.55226446368353,-33.544630508692464],[-70.55258182759736,-33.54613089177995],[-70.55431383835055,-33.547648185488626],[-70.55444385724164,-33.5479119229992],[-70.55371710610169,-33.54799135152307],[-70.552894749139,-33.54727866028745],[-70.55109729400057,-33.54668154539265],[-70.55060422982942,-33.54619857320407],[-70.55060961576152,-33.54574924434614],[-70.54413336727903,-33.54669978274991],[-70.53961150924778,-33.5465805645711],[-70.53944800345494,-33.54632345694577],[-70.53910688147863,-33.546060440108846],[-70.53901368065276,-33.54584636878538],[-70.53905123987894,-33.54544351212372],[-70.53927625348402,-33.54489795657523],[-70.53920705858704,-33.54477716354072],[-70.53812035353808,-33.54399524975514],[-70.53810486984558,-33.543752137076396],[-70.53793296635308,-33.54351096767676],[-70.5380069331231,-33.54263976344867],[-70.53859887740806,-33.541884816917474],[-70.53922445424361,-33.54131140840673],[-70.53902888396374,-33.54036557294975],[-70.53919850369867,-33.53984773923481],[-70.53976594878115,-33.539358232150484],[-70.54068474502255,-33.53916645974049],[-70.54189037876793,-33.538655626361354],[-70.54237481023046,-33.53796750661335],[-70.54272847697152,-33.53774682841973],[-70.54324759362993,-33.536775455230206],[-70.54358257391586,-33.536621553721005],[-70.54414228374891,-33.53569957993774],[-70.54452205045887,-33.53471330419472],[-70.54460833596902,-33.5339802310276],[-70.54497503742385,-33.53337675133989],[-70.54493146994358,-33.53316102313314],[-70.54456540114168,-33.53268313916798],[-70.5445416941551,-33.532467163028045],[-70.54457894086953,-33.53121065951335],[-70.54477280792598,-33.53094206170016],[-70.5446372257558,-33.53045067290734],[-70.54467390586895,-33.52933728602743],[-70.5449354184255,-33.52874970655198],[-70.54465766698577,-33.52821041297294],[-70.54483210636955,-33.527792329794444],[-70.54470318950216,-33.52724494039688],[-70.54475448384329,-33.52677848421296],[-70.54496524249501,-33.52634331252312],[-70.54551470759729,-33.52576077109714],[-70.54494186748983,-33.524963138357336],[-70.54486588218272,-33.52383177938363],[-70.54469217309087,-33.52348770383677],[-70.544079995857,-33.52299001083301],[-70.54397766580593,-33.52226137002633],[-70.54335571142866,-33.520755637236036],[-70.54198863064876,-33.51867260618468],[-70.54113992246157,-33.517026369453944],[-70.54076650598894,-33.51600769594548],[-70.5406967742543,-33.51523669489033],[-70.54137252142476,-33.51372763555096],[-70.54171492011615,-33.51241116086311],[-70.54213674539638,-33.51240259960731],[-70.54191333197775,-33.512840266685245],[-70.54170651366786,-33.514036539570895],[-70.54123101342245,-33.5152655710105],[-70.54121823598838,-33.5156650010479],[-70.541475693551,-33.51674315769884],[-70.54223784888036,-33.51828084668639],[-70.54410041695122,-33.52138526147474],[-70.5446027321964,-33.522826354616114],[-70.54504552942835,-33.52315355664087],[-70.5454343734198,-33.523797519135115],[-70.54545094401269,-33.52472894518439],[-70.545982363484,-33.52557076120576],[-70.54607008787856,-33.5260354822263],[-70.54553922676601,-33.526341562604905],[-70.54523479670239,-33.527093994616614],[-70.54540787476815,-33.527890374666796],[-70.5452350600202,-33.52822525694197],[-70.5454617985747,-33.52868824336181],[-70.54544697160742,-33.52897124475937],[-70.54523643102196,-33.52930604955306],[-70.54521424595204,-33.53040486777453],[-70.54530463468348,-33.53101928236548],[-70.54504375783789,-33.53198744108015],[-70.54509413121347,-33.532585718905274],[-70.54541811499111,-33.53293103607348],[-70.54552185642378,-33.5331792851705],[-70.54548716696934,-33.53346253432182],[-70.5451216537013,-33.53413254678084],[-70.54507361405341,-33.53478196164151],[-70.54450175000188,-33.53613663285713],[-70.54400085645047,-33.53687487422676],[-70.54364734335185,-33.53710387345569],[-70.54311392483031,-33.53810869865173],[-70.54262788991052,-33.538426684552924],[-70.542148055564,-33.53909395356638],[-70.54098773518562,-33.53955196346404],[-70.53995226360877,-33.539832558030895],[-70.53975137272937,-33.53997621494259],[-70.53957095962119,-33.540343072696245],[-70.53976708811727,-33.54147761748535],[-70.53918948218877,-33.54199012682232],[-70.5385413041657,-33.542777229039835],[-70.53858166210935,-33.54316274013238],[-70.5384852092008,-33.54339554713069],[-70.538668895015,-33.54382840503146],[-70.53944916115891,-33.54434508721993],[-70.53978231948665,-33.54469888232086],[-70.53978078407114,-33.54508491568174],[-70.53953258476827,-33.545740715250666],[-70.53993920219332,-33.54614639656164],[-70.54414108998814,-33.54625666608638],[-70.55107169733816,-33.54524171222634],[-70.55241344865992,-33.541729305439],[-70.55313178392491,-33.5385856580371],[-70.55423742686696,-33.53572203968581],[-70.55446423319681,-33.53270894023131],[-70.55498345962617,-33.53100168080554],[-70.55490891665775,-33.53016664553111],[-70.55532128633203,-33.5274040098843],[-70.5554409023313,-33.5255101328573],[-70.55581245536398,-33.52407474835866],[-70.55582119306253,-33.522344468404256],[-70.55661171519313,-33.51990564099896],[-70.55673843394054,-33.51966860160224],[-70.55700071647115,-33.51950376104478],[-70.55783930631549,-33.51652658805143]]]}},{"type":"Feature","properties":{"comuna":"LaFlorida","zona":"U-EC3","zona_code":"U-EC3","nombre":"U-EC3","decreto":""},"geometry":{"type":"Polygon","coordinates":[[[-70.55311242905009,-33.53384105053371],[-70.55314451664094,-33.5334190758063],[-70.553328525666,-33.532990768139555],[-70.55444871592898,-33.532963896614206],[-70.55438663202115,-33.53398400991362],[-70.55311242905009,-33.53384105053371]]]}},{"type":"Feature","properties":{"comuna":"LaFlorida","zona":"U-EC3","zona_code":"U-EC3","nombre":"U-EC3","decreto":""},"geometry":{"type":"Polygon","coordinates":[[[-70.55423742686696,-33.53572203968581],[-70.55252868327682,-33.53525661085611],[-70.55305203602846,-33.53479270400781],[-70.55311242905009,-33.53384105053371],[-70.55438663202115,-33.53398400991362],[-70.55423742686696,-33.53572203968581]]]}},{"type":"Feature","properties":{"comuna":"LaFlorida","zona":"U-EC3","zona_code":"U-EC3","nombre":"U-EC3","decreto":""},"geometry":{"type":"Polygon","coordinates":[[[-70.553328525666,-33.532990768139555],[-70.55345050627444,-33.53270173070874],[-70.55446745605782,-33.5326983447509],[-70.55444871592898,-33.532963896614206],[-70.553328525666,-33.532990768139555]]]}},{"type":"Feature","properties":{"comuna":"LaFlorida","zona":"PL","zona_code":"PL","nombre":"PL","decreto":""},"geometry":{"type":"Polygon","coordinates":[[[-70.54478499865789,-33.53543512861204],[-70.5516694908008,-33.535062960155045],[-70.55372479945181,-33.535633934056676],[-70.55154950063107,-33.535555017092],[-70.54972494995071,-33.53576552090607],[-70.54794356308363,-33.53578180458688],[-70.54594747017846,-33.53554201106922],[-70.5447487761769,-33.53554200024803],[-70.54478499865789,-33.53543512861204]]]}},{"type":"Feature","properties":{"comuna":"LaFlorida","zona":"U-VEV2","zona_code":"U-VEV2","nombre":"U-VEV2","decreto":""},"geometry":{"type":"Polygon","coordinates":[[[-70.54428978608618,-33.536505273345995],[-70.54476314369248,-33.53553236168175],[-70.54594747017846,-33.53554201106922],[-70.54794356308363,-33.53578180458688],[-70.54941056411937,-33.535775222820305],[-70.5522813414073,-33.535544048311564],[-70.55070493201521,-33.53925164333163],[-70.5528462030252,-33.539731203452874],[-70.55267423936215,-33.54046510816849],[-70.55053204758218,-33.539856336455685],[-70.55024195989371,-33.5406012759429],[-70.55024369355957,-33.541575974228316],[-70.54923252538848,-33.54119850497643],[-70.54612431697501,-33.540972170215355],[-70.54570513615022,-33.54086095025428],[-70.54453122292958,-33.54025309736779],[-70.54196046114691,-33.53919411357632],[-70.5422650129047,-33.53896772471106],[-70.54262788991052,-33.538426684552924],[-70.54311392483031,-33.53810869865173],[-70.54364734335185,-33.53710387345569],[-70.54400085645047,-33.53687487422676],[-70.54428978608618,-33.536505273345995]]]}},{"type":"Feature","properties":{"comuna":"LaFlorida","zona":"U-VEV2","zona_code":"U-VEV2","nombre":"U-VEV2","decreto":""},"geometry":{"type":"Polygon","coordinates":[[[-70.55070493201521,-33.53925164333163],[-70.5522813414073,-33.535544048311564],[-70.55423742686696,-33.53572203968581],[-70.55313178392491,-33.5385856580371],[-70.5528462030252,-33.539731203452874],[-70.55070493201521,-33.53925164333163]]]}},{"type":"Feature","properties":{"comuna":"LaFlorida","zona":"U-VEV2","zona_code":"U-VEV2","nombre":"U-VEV2","decreto":""},"geometry":{"type":"Polygon","coordinates":[[[-70.55212199179735,-33.542453812651345],[-70.55024044248275,-33.54163328111466],[-70.55024195989371,-33.5406012759429],[-70.55053204758218,-33.539856336455685],[-70.55267423936215,-33.54046510816849],[-70.55241344865992,-33.541729305439],[-70.55212199179735,-33.542453812651345]]]}},{"type":"Feature","properties":{"comuna":"LaFlorida","zona":"PL","zona_code":"PL","nombre":"PL","decreto":""},"geometry":{"type":"Polygon","coordinates":[[[-70.56941401703953,-33.52242072585146],[-70.56850680336551,-33.52239080624517],[-70.5688103162464,-33.52183463003196],[-70.56933199742394,-33.52160790702665],[-70.56941401703953,-33.52242072585146]]]}},{"type":"Feature","properties":{"comuna":"LaFlorida","zona":"PL","zona_code":"PL","nombre":"PL","decreto":""},"geometry":{"type":"Polygon","coordinates":[[[-70.56964881158238,-33.5252180948726],[-70.56961304067269,-33.52478165024871],[-70.57003036529383,-33.52475604697042],[-70.56982313179198,-33.52527212852671],[-70.56964881158238,-33.5252180948726]]]}},{"type":"Feature","properties":{"comuna":"LaFlorida","zona":"PL","zona_code":"PL","nombre":"PL","decreto":""},"geometry":{"type":"Polygon","coordinates":[[[-70.57660334233628,-33.53214556645911],[-70.57683025722936,-33.532178905035444],[-70.57648068127061,-33.533181606050526],[-70.57696870912494,-33.533252163717805],[-70.57692945613336,-33.533369116469856],[-70.57574683847227,-33.53321271854668],[-70.57578699960139,-33.53309451367129],[-70.5762939641605,-33.533151501312815],[-70.57660334233628,-33.53214556645911]]]}},{"type":"Feature","properties":{"comuna":"LaFlorida","zona":"PL","zona_code":"PL","nombre":"PL","decreto":""},"geometry":{"type":"Polygon","coordinates":[[[-70.58057719596182,-33.52395904783375],[-70.5805764095593,-33.52339955998898],[-70.58097315858701,-33.52340487084477],[-70.58094264369396,-33.52392749749241],[-70.58057719596182,-33.52395904783375]]]}},{"type":"Feature","properties":{"comuna":"LaFlorida","zona":"PL","zona_code":"PL","nombre":"PL","decreto":""},"geometry":{"type":"Polygon","coordinates":[[[-70.58665739862755,-33.528608204979555],[-70.58689954542302,-33.528618508426696],[-70.58659028331319,-33.52971216928812],[-70.5863293261859,-33.52970305138908],[-70.58665739862755,-33.528608204979555]]]}},{"type":"Feature","properties":{"comuna":"LaFlorida","zona":"PL","zona_code":"PL","nombre":"PL","decreto":""},"geometry":{"type":"Polygon","coordinates":[[[-70.58975808452901,-33.52879272792726],[-70.58978763015317,-33.52868687659489],[-70.59099111949881,-33.528730252098896],[-70.59091724814412,-33.528906171409105],[-70.59058387470738,-33.52883396332746],[-70.59028375071948,-33.52890617836041],[-70.58975808452901,-33.52879272792726]]]}},{"type":"Feature","properties":{"comuna":"LaFlorida","zona":"PL","zona_code":"PL","nombre":"PL","decreto":""},"geometry":{"type":"Polygon","coordinates":[[[-70.59544982401944,-33.54782279076496],[-70.59593538994112,-33.54781360424326],[-70.59593539275258,-33.54809026663954],[-70.59542079928792,-33.548100795864364],[-70.59544982401944,-33.54782279076496]]]}},{"type":"Feature","properties":{"comuna":"LaFlorida","zona":"PL","zona_code":"PL","nombre":"PL","decreto":""},"geometry":{"type":"Polygon","coordinates":[[[-70.5860724344674,-33.551829480268076],[-70.58377442378301,-33.55175830719624],[-70.58378942305836,-33.55139530756526],[-70.58607906101066,-33.55147439668259],[-70.5860724344674,-33.551829480268076]]]}},{"type":"Feature","properties":{"comuna":"LaFlorida","zona":"PL","zona_code":"PL","nombre":"PL","decreto":""},"geometry":{"type":"Polygon","coordinates":[[[-70.57574726551331,-33.55728099370492],[-70.57581047684539,-33.55691639528451],[-70.576156260431,-33.55696546694502],[-70.57609120604769,-33.5573279083774],[-70.57574726551331,-33.55728099370492]]]}},{"type":"Feature","properties":{"comuna":"LaFlorida","zona":"PL","zona_code":"PL","nombre":"PL","decreto":""},"geometry":{"type":"Polygon","coordinates":[[[-70.57557571299972,-33.55808872211227],[-70.57560990083104,-33.55783493053259],[-70.57599168881273,-33.55788235203363],[-70.5759470572124,-33.55813100191616],[-70.57557571299972,-33.55808872211227]]]}},{"type":"Feature","properties":{"comuna":"LaFlorida","zona":"PL","zona_code":"PL","nombre":"PL","decreto":""},"geometry":{"type":"Polygon","coordinates":[[[-70.5844978587241,-33.55460031205264],[-70.58502724261196,-33.554677553239166],[-70.58500627348947,-33.554802325488254],[-70.58615611777395,-33.55488086403647],[-70.58612547128746,-33.55506019802226],[-70.5849866995279,-33.55491880294572],[-70.58495973964565,-33.555078732768685],[-70.5844281374115,-33.55500407008629],[-70.58438395165872,-33.55528883947096],[-70.58352178437099,-33.555182030684676],[-70.58359807755724,-33.55472807025474],[-70.58445261553364,-33.55484632387805],[-70.5844978587241,-33.55460031205264]]]}},{"type":"Feature","properties":{"comuna":"LaFlorida","zona":"PL","zona_code":"PL","nombre":"PL","decreto":""},"geometry":{"type":"Polygon","coordinates":[[[-70.56481794732481,-33.51902639954062],[-70.56464737766427,-33.51874271419412],[-70.56427138598835,-33.518643370231764],[-70.56426387292993,-33.51847244834447],[-70.56482913811564,-33.51845057483944],[-70.56493645131405,-33.51904241564759],[-70.56481794732481,-33.51902639954062]]]}},{"type":"Feature","properties":{"comuna":"LaFlorida","zona":"PL","zona_code":"PL","nombre":"PL","decreto":""},"geometry":{"type":"Polygon","coordinates":[[[-70.56296683353636,-33.51902379132576],[-70.56315608117886,-33.5183143586295],[-70.56341838359984,-33.51838316602222],[-70.56329752042015,-33.51901095529821],[-70.56296683353636,-33.51902379132576]]]}},{"type":"Feature","properties":{"comuna":"LaFlorida","zona":"PL","zona_code":"PL","nombre":"PL","decreto":""},"geometry":{"type":"Polygon","coordinates":[[[-70.56260760973069,-33.52160973176235],[-70.56271513132626,-33.52163035979222],[-70.56271345308046,-33.52185406730967],[-70.56258829965313,-33.52186711695912],[-70.56260760973069,-33.52160973176235]]]}},{"type":"Feature","properties":{"comuna":"LaFlorida","zona":"PL","zona_code":"PL","nombre":"PL","decreto":""},"geometry":{"type":"Polygon","coordinates":[[[-70.56485756891108,-33.522350382143266],[-70.5648412386595,-33.521487589734626],[-70.56511409648593,-33.52148989338672],[-70.56517948013466,-33.52235208105965],[-70.56485756891108,-33.522350382143266]]]}},{"type":"Feature","properties":{"comuna":"LaFlorida","zona":"PL","zona_code":"PL","nombre":"PL","decreto":""},"geometry":{"type":"Polygon","coordinates":[[[-70.55911380466785,-33.52336304039342],[-70.5591187382926,-33.52321923911592],[-70.55961355161823,-33.52322975702368],[-70.5596097423413,-33.52341262947801],[-70.55911380466785,-33.52336304039342]]]}},{"type":"Feature","properties":{"comuna":"LaFlorida","zona":"PL","zona_code":"PL","nombre":"PL","decreto":""},"geometry":{"type":"Polygon","coordinates":[[[-70.55800752648531,-33.52469294221651],[-70.55726740442904,-33.524618120213034],[-70.55749495012276,-33.52433331373134],[-70.5580498331412,-33.52437010109426],[-70.55800752648531,-33.52469294221651]]]}},{"type":"Feature","properties":{"comuna":"LaFlorida","zona":"PL","zona_code":"PL","nombre":"PL","decreto":""},"geometry":{"type":"Polygon","coordinates":[[[-70.55799274771658,-33.5266052124253],[-70.55802215149508,-33.52638870711432],[-70.55778796157908,-33.52637449257068],[-70.55779729739785,-33.52619582894724],[-70.55820564544624,-33.52623072880061],[-70.55815997512889,-33.526618228354664],[-70.55799274771658,-33.5266052124253]]]}},{"type":"Feature","properties":{"comuna":"LaFlorida","zona":"PL","zona_code":"PL","nombre":"PL","decreto":""},"geometry":{"type":"Polygon","coordinates":[[[-70.56320986543402,-33.52495184614843],[-70.56341702263734,-33.52498048287115],[-70.56284057747715,-33.52637193615349],[-70.56342751354998,-33.52645623403922],[-70.56330856191435,-33.52674578555784],[-70.56264371799972,-33.526677729280244],[-70.562780719732,-33.52589947279371],[-70.56289172696152,-33.52591334696768],[-70.56320986543402,-33.52495184614843]]]}},{"type":"Feature","properties":{"comuna":"LaFlorida","zona":"PL","zona_code":"PL","nombre":"PL","decreto":""},"geometry":{"type":"Polygon","coordinates":[[[-70.56187980439026,-33.52599477369687],[-70.56193095881852,-33.52549959660611],[-70.5616850645768,-33.52546497081202],[-70.5617232109454,-33.525274232489345],[-70.5621953313634,-33.52533263005588],[-70.56211718522441,-33.52583211670103],[-70.56226493175848,-33.52583500180889],[-70.5622191534415,-33.52603718697975],[-70.56187980439026,-33.52599477369687]]]}},{"type":"Feature","properties":{"comuna":"LaFlorida","zona":"PL","zona_code":"PL","nombre":"PL","decreto":""},"geometry":{"type":"Polygon","coordinates":[[[-70.5645080988664,-33.52688786781305],[-70.56390534575883,-33.52682302172907],[-70.56403545982711,-33.526510470916826],[-70.56463154847003,-33.52658874407733],[-70.5645080988664,-33.52688786781305]]]}},{"type":"Feature","properties":{"comuna":"LaFlorida","zona":"PL","zona_code":"PL","nombre":"PL","decreto":""},"geometry":{"type":"Polygon","coordinates":[[[-70.57112309489911,-33.522851785652364],[-70.57128806639658,-33.522451555026194],[-70.5715962711131,-33.52245438242519],[-70.57141263865479,-33.52293963564879],[-70.57112309489911,-33.522851785652364]]]}},{"type":"Feature","properties":{"comuna":"LaFlorida","zona":"PL","zona_code":"PL","nombre":"PL","decreto":""},"geometry":{"type":"Polygon","coordinates":[[[-70.57178766694277,-33.52305342053818],[-70.57188296942266,-33.522867563287825],[-70.57210719384967,-33.52294007548392],[-70.57203238094318,-33.523127788480096],[-70.57178766694277,-33.52305342053818]]]}},{"type":"Feature","properties":{"comuna":"LaFlorida","zona":"PL","zona_code":"PL","nombre":"PL","decreto":""},"geometry":{"type":"Polygon","coordinates":[[[-70.57087050627058,-33.52344241414055],[-70.57097490850444,-33.52320357333129],[-70.57122991428596,-33.52328667005839],[-70.57113516965943,-33.523523595704084],[-70.57087050627058,-33.52344241414055]]]}},{"type":"Feature","properties":{"comuna":"LaFlorida","zona":"PL","zona_code":"PL","nombre":"PL","decreto":""},"geometry":{"type":"Polygon","coordinates":[[[-70.57156562919731,-33.52363381461616],[-70.5716571838588,-33.523416370764814],[-70.57186318909369,-33.52346977760571],[-70.57177163616899,-33.52369484924229],[-70.57156562919731,-33.52363381461616]]]}},{"type":"Feature","properties":{"comuna":"LaFlorida","zona":"PL","zona_code":"PL","nombre":"PL","decreto":""},"geometry":{"type":"Polygon","coordinates":[[[-70.56729298103119,-33.527723292124726],[-70.56762869039989,-33.52776525219368],[-70.56715564614596,-33.527975069517815],[-70.56729298103119,-33.527723292124726]]]}},{"type":"Feature","properties":{"comuna":"LaFlorida","zona":"PL","zona_code":"PL","nombre":"PL","decreto":""},"geometry":{"type":"Polygon","coordinates":[[[-70.56651998482542,-33.53008345170956],[-70.567071725924,-33.528783803798326],[-70.56690423554069,-33.5284660664671],[-70.56645370958191,-33.52831458702044],[-70.56656815301517,-33.52800559037843],[-70.56686571585475,-33.52809332854664],[-70.56680841555729,-33.5282292322982],[-70.56725274306196,-33.52892698851333],[-70.56719980700466,-33.529022783382935],[-70.56710044734882,-33.52899071564999],[-70.5666049645863,-33.53023567836102],[-70.56645657771325,-33.530192693337206],[-70.56641011609955,-33.53014711651908],[-70.56651998482542,-33.53008345170956]]]}},{"type":"Feature","properties":{"comuna":"LaFlorida","zona":"PL","zona_code":"PL","nombre":"PL","decreto":""},"geometry":{"type":"Polygon","coordinates":[[[-70.56575941204432,-33.5299740249664],[-70.56589550402941,-33.53003527143488],[-70.56593200215356,-33.53037387210474],[-70.5655762998428,-33.53038220826333],[-70.56575941204432,-33.5299740249664]]]}},{"type":"Feature","properties":{"comuna":"LaFlorida","zona":"PL","zona_code":"PL","nombre":"PL","decreto":""},"geometry":{"type":"Polygon","coordinates":[[[-70.56518486754409,-33.53118262913208],[-70.56532067309617,-33.53075347633164],[-70.56544659591628,-33.53069120754045],[-70.56552289879818,-33.53114135183243],[-70.56518486754409,-33.53118262913208]]]}},{"type":"Feature","properties":{"comuna":"LaFlorida","zona":"PL","zona_code":"PL","nombre":"PL","decreto":""},"geometry":{"type":"Polygon","coordinates":[[[-70.56380619657588,-33.53132065784419],[-70.56369528949587,-33.53085941408622],[-70.56420660675093,-33.53084344231995],[-70.56396417729019,-33.53140434522026],[-70.56380619657588,-33.53132065784419]]]}},{"type":"Feature","properties":{"comuna":"LaFlorida","zona":"PL","zona_code":"PL","nombre":"PL","decreto":""},"geometry":{"type":"Polygon","coordinates":[[[-70.56627416268971,-33.53387013098783],[-70.56640462316254,-33.53348485740956],[-70.56701230422946,-33.53350056866843],[-70.56692061954146,-33.53388684374864],[-70.56627416268971,-33.53387013098783]]]}},{"type":"Feature","properties":{"comuna":"LaFlorida","zona":"PL","zona_code":"PL","nombre":"PL","decreto":""},"geometry":{"type":"Polygon","coordinates":[[[-70.55775581213634,-33.53584884532366],[-70.55795418200947,-33.53539488468345],[-70.55838908324033,-33.53565810238583],[-70.55775581213634,-33.53584884532366]]]}},{"type":"Feature","properties":{"comuna":"LaFlorida","zona":"PL","zona_code":"PL","nombre":"PL","decreto":""},"geometry":{"type":"Polygon","coordinates":[[[-70.57035260126338,-33.53637902469078],[-70.57231345977736,-33.536420976361576],[-70.5722599852486,-33.536636346975996],[-70.57181273755023,-33.536499465953376],[-70.57178023492658,-33.53661915958139],[-70.57134382117749,-33.53650189562727],[-70.57128343875759,-33.53665749839177],[-70.57035260126338,-33.53637902469078]]]}},{"type":"Feature","properties":{"comuna":"LaFlorida","zona":"PL","zona_code":"PL","nombre":"PL","decreto":""},"geometry":{"type":"Polygon","coordinates":[[[-70.56997038020236,-33.5374649135449],[-70.56988719391128,-33.53744335417062],[-70.57003215711606,-33.5371343555407],[-70.57036023783328,-33.5372335367926],[-70.56998477117465,-33.538139274009126],[-70.56997038020236,-33.5374649135449]]]}},{"type":"Feature","properties":{"comuna":"LaFlorida","zona":"PL","zona_code":"PL","nombre":"PL","decreto":""},"geometry":{"type":"Polygon","coordinates":[[[-70.56788640571803,-33.538406597430196],[-70.56933386829338,-33.53827944199195],[-70.57000164205336,-33.53829786633623],[-70.56991651392487,-33.5384897344748],[-70.56948339941013,-33.53838725912041],[-70.56942543907138,-33.53851946667991],[-70.56899768658167,-33.53841631832442],[-70.56893891137608,-33.5385459657882],[-70.56850388526556,-33.53844415782574],[-70.56845158329298,-33.5385641844366],[-70.56802238117025,-33.538453409879],[-70.56782716243663,-33.538904429301546],[-70.56768468332233,-33.53890881455731],[-70.56788640571803,-33.538406597430196]]]}},{"type":"Feature","properties":{"comuna":"LaFlorida","zona":"PL","zona_code":"PL","nombre":"PL","decreto":""},"geometry":{"type":"Polygon","coordinates":[[[-70.57914475116344,-33.52466324735334],[-70.5792183148383,-33.52443105913711],[-70.57959980380681,-33.524438685518426],[-70.5795149070433,-33.52472639969298],[-70.57914475116344,-33.52466324735334]]]}},{"type":"Feature","properties":{"comuna":"LaFlorida","zona":"PL","zona_code":"PL","nombre":"PL","decreto":""},"geometry":{"type":"Polygon","coordinates":[[[-70.58237444399649,-33.52533991933953],[-70.58185822934217,-33.52527411077721],[-70.58223649018095,-33.52512795289455],[-70.58206422973434,-33.52473241051128],[-70.58230838109098,-33.524400521132584],[-70.58240185531584,-33.523892040278604],[-70.58258104956678,-33.52390808442171],[-70.58237444399649,-33.52533991933953]]]}},{"type":"Feature","properties":{"comuna":"LaFlorida","zona":"PL","zona_code":"PL","nombre":"PL","decreto":""},"geometry":{"type":"Polygon","coordinates":[[[-70.58114539488086,-33.526004501066176],[-70.58131760781319,-33.52551191040672],[-70.58140807569957,-33.525548777888766],[-70.58129363163242,-33.52603707235698],[-70.58114539488086,-33.526004501066176]]]}},{"type":"Feature","properties":{"comuna":"LaFlorida","zona":"PL","zona_code":"PL","nombre":"PL","decreto":""},"geometry":{"type":"Polygon","coordinates":[[[-70.57873002859318,-33.52684200671065],[-70.5787914409842,-33.52665279603869],[-70.5795332074672,-33.52683358113436],[-70.57947775058513,-33.527009853426485],[-70.57873002859318,-33.52684200671065]]]}},{"type":"Feature","properties":{"comuna":"LaFlorida","zona":"PL","zona_code":"PL","nombre":"PL","decreto":""},"geometry":{"type":"Polygon","coordinates":[[[-70.57692629480349,-33.52846022837034],[-70.57704265318819,-33.52802118369111],[-70.57728374145061,-33.52807317847404],[-70.5771519842109,-33.52851081153817],[-70.57692629480349,-33.52846022837034]]]}},{"type":"Feature","properties":{"comuna":"LaFlorida","zona":"PL","zona_code":"PL","nombre":"PL","decreto":""},"geometry":{"type":"Polygon","coordinates":[[[-70.57890553030471,-33.52877228777134],[-70.57906575382545,-33.528299253121375],[-70.57934042536026,-33.52836028837073],[-70.57917257525378,-33.52883332321783],[-70.57890553030471,-33.52877228777134]]]}},{"type":"Feature","properties":{"comuna":"LaFlorida","zona":"PL","zona_code":"PL","nombre":"PL","decreto":""},"geometry":{"type":"Polygon","coordinates":[[[-70.57977951877756,-33.53054876528274],[-70.57983814776598,-33.53023513590079],[-70.58014156624634,-33.530298194097824],[-70.58007290609284,-33.53059574940642],[-70.57977951877756,-33.53054876528274]]]}},{"type":"Feature","properties":{"comuna":"LaFlorida","zona":"PL","zona_code":"PL","nombre":"PL","decreto":""},"geometry":{"type":"Polygon","coordinates":[[[-70.57606165105294,-33.530272537633316],[-70.578090485098,-33.53072405961437],[-70.57897462954882,-33.530961562114605],[-70.57895895835016,-33.5310344563579],[-70.57606165105294,-33.530272537633316]]]}},{"type":"Feature","properties":{"comuna":"LaFlorida","zona":"PL","zona_code":"PL","nombre":"PL","decreto":""},"geometry":{"type":"Polygon","coordinates":[[[-70.57620817751477,-33.531571073975655],[-70.57627327997733,-33.531408321347904],[-70.57743604411853,-33.531599407447516],[-70.57737807696903,-33.53174545991207],[-70.57620817751477,-33.531571073975655]]]}},{"type":"Feature","properties":{"comuna":"LaFlorida","zona":"PL","zona_code":"PL","nombre":"PL","decreto":""},"geometry":{"type":"Polygon","coordinates":[[[-70.57866904761698,-33.53358273804699],[-70.57876823669233,-33.533285182045994],[-70.57901589868221,-33.53335352240379],[-70.57891192161,-33.53361548325772],[-70.57866904761698,-33.53358273804699]]]}},{"type":"Feature","properties":{"comuna":"LaFlorida","zona":"PL","zona_code":"PL","nombre":"PL","decreto":""},"geometry":{"type":"Polygon","coordinates":[[[-70.5765632320062,-33.534143523134894],[-70.57673108458901,-33.53383071020265],[-70.57713795881932,-33.53388050163295],[-70.57702296711173,-33.53420361522823],[-70.5765632320062,-33.534143523134894]]]}},{"type":"Feature","properties":{"comuna":"LaFlorida","zona":"PL","zona_code":"PL","nombre":"PL","decreto":""},"geometry":{"type":"Polygon","coordinates":[[[-70.57663419858565,-33.545695611517516],[-70.57697852162065,-33.54561079017134],[-70.5769671606459,-33.54518802789112],[-70.57728052830284,-33.54528650991274],[-70.5771126727198,-33.54554973119304],[-70.5770631770421,-33.54584237342195],[-70.57663419858565,-33.545695611517516]]]}},{"type":"Feature","properties":{"comuna":"LaFlorida","zona":"PL","zona_code":"PL","nombre":"PL","decreto":""},"geometry":{"type":"Polygon","coordinates":[[[-70.57815566834674,-33.54575502145223],[-70.5782137777558,-33.54558738091756],[-70.57800311527008,-33.54552185425573],[-70.57806659175671,-33.54535298291566],[-70.5784784069827,-33.54548868769762],[-70.57833344482815,-33.545812945410816],[-70.57815566834674,-33.54575502145223]]]}},{"type":"Feature","properties":{"comuna":"LaFlorida","zona":"PL","zona_code":"PL","nombre":"PL","decreto":""},"geometry":{"type":"Polygon","coordinates":[[[-70.579085238905,-33.545704945393034],[-70.5792459551318,-33.54540291783994],[-70.57938511965695,-33.545469754998855],[-70.57936363184066,-33.545712928250744],[-70.579085238905,-33.545704945393034]]]}},{"type":"Feature","properties":{"comuna":"LaFlorida","zona":"PL","zona_code":"PL","nombre":"PL","decreto":""},"geometry":{"type":"Polygon","coordinates":[[[-70.58343769933278,-33.54683707756546],[-70.58398712428792,-33.54683016571601],[-70.58399622822769,-33.547192917594344],[-70.58365156172455,-33.547198294185065],[-70.58364651823327,-33.54692188407275],[-70.58343931538336,-33.54692453645259],[-70.58343769933278,-33.54683707756546]]]}},{"type":"Feature","properties":{"comuna":"LaFlorida","zona":"PL","zona_code":"PL","nombre":"PL","decreto":""},"geometry":{"type":"Polygon","coordinates":[[[-70.58833165130541,-33.52974809995807],[-70.58843816310377,-33.52938989961634],[-70.58869455834702,-33.52939785414772],[-70.58858011506017,-33.52974500088005],[-70.58833165130541,-33.52974809995807]]]}},{"type":"Feature","properties":{"comuna":"LaFlorida","zona":"PL","zona_code":"PL","nombre":"PL","decreto":""},"geometry":{"type":"Polygon","coordinates":[[[-70.58954214782494,-33.52957261590771],[-70.5901159141629,-33.529704670059544],[-70.59011897019433,-33.529575167607355],[-70.59096216143702,-33.52981120269242],[-70.58948806087456,-33.52977169629329],[-70.58954214782494,-33.52957261590771]]]}},{"type":"Feature","properties":{"comuna":"LaFlorida","zona":"PL","zona_code":"PL","nombre":"PL","decreto":""},"geometry":{"type":"Polygon","coordinates":[[[-70.58901073321454,-33.53151615892027],[-70.5891981377424,-33.53090850423226],[-70.58943978528286,-33.530904758577705],[-70.58920474715299,-33.53157756044178],[-70.58901073321454,-33.53151615892027]]]}},{"type":"Feature","properties":{"comuna":"LaFlorida","zona":"PL","zona_code":"PL","nombre":"PL","decreto":""},"geometry":{"type":"Polygon","coordinates":[[[-70.59614512429965,-33.531525701501266],[-70.5964300501078,-33.531515788444594],[-70.59644616332454,-33.531970323151334],[-70.59615354483387,-33.531974116466124],[-70.59614512429965,-33.531525701501266]]]}},{"type":"Feature","properties":{"comuna":"LaFlorida","zona":"PL","zona_code":"PL","nombre":"PL","decreto":""},"geometry":{"type":"Polygon","coordinates":[[[-70.59687996554595,-33.531516483407465],[-70.59714594792575,-33.531513137501335],[-70.59716207778342,-33.53190894513182],[-70.59687949606662,-33.531912764000715],[-70.59687996554595,-33.531516483407465]]]}},{"type":"Feature","properties":{"comuna":"LaFlorida","zona":"PL","zona_code":"PL","nombre":"PL","decreto":""},"geometry":{"type":"Polygon","coordinates":[[[-70.5976685352382,-33.53192036097059],[-70.59764326340479,-33.53144818961306],[-70.59787941517173,-33.53145161916142],[-70.59788026477409,-33.53191934219807],[-70.5976685352382,-33.53192036097059]]]}},{"type":"Feature","properties":{"comuna":"LaFlorida","zona":"PL","zona_code":"PL","nombre":"PL","decreto":""},"geometry":{"type":"Polygon","coordinates":[[[-70.59895696941443,-33.531470226417184],[-70.59922188031842,-33.531479760700456],[-70.59920531123053,-33.531843768127075],[-70.59896310143947,-33.53185339027592],[-70.59895696941443,-33.531470226417184]]]}},{"type":"Feature","properties":{"comuna":"LaFlorida","zona":"PL","zona_code":"PL","nombre":"PL","decreto":""},"geometry":{"type":"Polygon","coordinates":[[[-70.59700344387291,-33.53430361907467],[-70.59699691345395,-33.53390333374292],[-70.59732097861504,-33.533822644551336],[-70.59732683904879,-33.5343050304942],[-70.59700344387291,-33.53430361907467]]]}},{"type":"Feature","properties":{"comuna":"LaFlorida","zona":"PL","zona_code":"PL","nombre":"PL","decreto":""},"geometry":{"type":"Polygon","coordinates":[[[-70.59535391683725,-33.53742606703539],[-70.59540121271988,-33.53721049737214],[-70.59593529821927,-33.537195234158936],[-70.5959433659508,-33.53743418884351],[-70.59535391683725,-33.53742606703539]]]}},{"type":"Feature","properties":{"comuna":"LaFlorida","zona":"PL","zona_code":"PL","nombre":"PL","decreto":""},"geometry":{"type":"Polygon","coordinates":[[[-70.59467685520775,-33.5379176922214],[-70.5952472578594,-33.53791218898157],[-70.59520284687656,-33.5381146016927],[-70.59468401957469,-33.538129865508566],[-70.59467685520775,-33.5379176922214]]]}},{"type":"Feature","properties":{"comuna":"LaFlorida","zona":"PL","zona_code":"PL","nombre":"PL","decreto":""},"geometry":{"type":"Polygon","coordinates":[[[-70.59009859963948,-33.54779274738963],[-70.59010622829727,-33.54757530488875],[-70.59089972590169,-33.54756385605814],[-70.59090735796836,-33.547808001989175],[-70.59050297985218,-33.547949151599546],[-70.59009859963948,-33.54779274738963]]]}},{"type":"Feature","properties":{"comuna":"LaFlorida","zona":"PL","zona_code":"PL","nombre":"PL","decreto":""},"geometry":{"type":"Polygon","coordinates":[[[-70.5895056708777,-33.54912351373648],[-70.58947282918611,-33.548780052711784],[-70.58966371081515,-33.54878077957762],[-70.58966371186703,-33.549124110370144],[-70.5895056708777,-33.54912351373648]]]}},{"type":"Feature","properties":{"comuna":"LaFlorida","zona":"PL","zona_code":"PL","nombre":"PL","decreto":""},"geometry":{"type":"Polygon","coordinates":[[[-70.59004520390275,-33.549284330598475],[-70.59049536387982,-33.54946362284829],[-70.59094551968332,-33.5492881386657],[-70.5909505291909,-33.54960987128166],[-70.5900428316128,-33.54958574539222],[-70.59004520390275,-33.549284330598475]]]}},{"type":"Feature","properties":{"comuna":"LaFlorida","zona":"PL","zona_code":"PL","nombre":"PL","decreto":""},"geometry":{"type":"Polygon","coordinates":[[[-70.59049537693507,-33.55100479606265],[-70.59050300091593,-33.55026854300259],[-70.59075295754599,-33.550268539722516],[-70.59073511106116,-33.55100614159257],[-70.59049537693507,-33.55100479606265]]]}},{"type":"Feature","properties":{"comuna":"LaFlorida","zona":"PL","zona_code":"PL","nombre":"PL","decreto":""},"geometry":{"type":"Polygon","coordinates":[[[-70.58841497868586,-33.551002844596944],[-70.58844986911126,-33.550705161800465],[-70.58852025684638,-33.55067183622727],[-70.58852748362452,-33.550978429640935],[-70.58841497868586,-33.551002844596944]]]}},{"type":"Feature","properties":{"comuna":"LaFlorida","zona":"PL","zona_code":"PL","nombre":"PL","decreto":""},"geometry":{"type":"Polygon","coordinates":[[[-70.59155592265665,-33.5516761914385],[-70.59155592085565,-33.55145763328819],[-70.59202584683074,-33.551454938644696],[-70.59202127842269,-33.55168346115896],[-70.59155592265665,-33.5516761914385]]]}},{"type":"Feature","properties":{"comuna":"LaFlorida","zona":"PL","zona_code":"PL","nombre":"PL","decreto":""},"geometry":{"type":"Polygon","coordinates":[[[-70.58807438454083,-33.55226167591481],[-70.58808516092354,-33.55213456296122],[-70.58897576811887,-33.5521405168938],[-70.58897454162278,-33.552294112850554],[-70.58807438454083,-33.55226167591481]]]}},{"type":"Feature","properties":{"comuna":"LaFlorida","zona":"PL","zona_code":"PL","nombre":"PL","decreto":""},"geometry":{"type":"Polygon","coordinates":[[[-70.59329133872329,-33.548992346273515],[-70.59328912102387,-33.54870083042852],[-70.59356595376973,-33.548703413738586],[-70.59356778923349,-33.54899887363893],[-70.59329133872329,-33.548992346273515]]]}},{"type":"Feature","properties":{"comuna":"LaFlorida","zona":"PL","zona_code":"PL","nombre":"PL","decreto":""},"geometry":{"type":"Polygon","coordinates":[[[-70.59948325284391,-33.548853201944425],[-70.5994756180305,-33.54837635312023],[-70.60001289127705,-33.54837388635828],[-70.6000138903784,-33.54885319897138],[-70.59948325284391,-33.548853201944425]]]}},{"type":"Feature","properties":{"comuna":"LaFlorida","zona":"PL","zona_code":"PL","nombre":"PL","decreto":""},"geometry":{"type":"Polygon","coordinates":[[[-70.60161387327541,-33.54955207610626],[-70.60161196680967,-33.54920033424716],[-70.60205449498147,-33.54922321977162],[-70.60205073402263,-33.54955584331794],[-70.60161387327541,-33.54955207610626]]]}},{"type":"Feature","properties":{"comuna":"LaFlorida","zona":"PL","zona_code":"PL","nombre":"PL","decreto":""},"geometry":{"type":"Polygon","coordinates":[[[-70.6020742239915,-33.548253059063185],[-70.60212864344462,-33.54780938082534],[-70.60231928439416,-33.54780770689693],[-70.60220037704654,-33.548252221704615],[-70.6020742239915,-33.548253059063185]]]}},{"type":"Feature","properties":{"comuna":"LaFlorida","zona":"PL","zona_code":"PL","nombre":"PL","decreto":""},"geometry":{"type":"Polygon","coordinates":[[[-70.60220538569362,-33.54716196844824],[-70.60242188937441,-33.54715397516244],[-70.6024283400452,-33.54744934138993],[-70.60216892591171,-33.547456972937944],[-70.60220538569362,-33.54716196844824]]]}},{"type":"Feature","properties":{"comuna":"LaFlorida","zona":"PL","zona_code":"PL","nombre":"PL","decreto":""},"geometry":{"type":"Polygon","coordinates":[[[-70.59644663451873,-33.553186818622315],[-70.59655344577139,-33.5527137836047],[-70.59714579189199,-33.55273677848439],[-70.59711805371138,-33.553217335736846],[-70.59644663451873,-33.553186818622315]]]}},{"type":"Feature","properties":{"comuna":"LaFlorida","zona":"PL","zona_code":"PL","nombre":"PL","decreto":""},"geometry":{"type":"Polygon","coordinates":[[[-70.59896680401008,-33.553022163073706],[-70.59899955269812,-33.5526526306058],[-70.59975312717704,-33.55266731296526],[-70.59972690658994,-33.55304723854905],[-70.59896680401008,-33.553022163073706]]]}},{"type":"Feature","properties":{"comuna":"LaFlorida","zona":"PL","zona_code":"PL","nombre":"PL","decreto":""},"geometry":{"type":"Polygon","coordinates":[[[-70.58976051980127,-33.5548140242831],[-70.58984377567316,-33.554293042434296],[-70.59026296118549,-33.5543267496389],[-70.59010753980999,-33.55486099484762],[-70.58976051980127,-33.5548140242831]]]}},{"type":"Feature","properties":{"comuna":"LaFlorida","zona":"PL","zona_code":"PL","nombre":"PL","decreto":""},"geometry":{"type":"Polygon","coordinates":[[[-70.59191455839402,-33.55588008535224],[-70.5919908551135,-33.555483347289425],[-70.5927767247348,-33.5555977855039],[-70.5927061568517,-33.55599166905475],[-70.59191455839402,-33.55588008535224]]]}},{"type":"Feature","properties":{"comuna":"LaFlorida","zona":"PL","zona_code":"PL","nombre":"PL","decreto":""},"geometry":{"type":"Polygon","coordinates":[[[-70.58955928728189,-33.55601201038775],[-70.58959602974468,-33.55579327800426],[-70.58994224214054,-33.555799669277256],[-70.58990029626139,-33.556021244393186],[-70.58955928728189,-33.55601201038775]]]}},{"type":"Feature","properties":{"comuna":"LaFlorida","zona":"PL","zona_code":"PL","nombre":"PL","decreto":""},"geometry":{"type":"Polygon","coordinates":[[[-70.59066328255773,-33.55680327051833],[-70.59075483593797,-33.556276830229116],[-70.5910829175251,-33.556318797253795],[-70.5909837345671,-33.5568414183141],[-70.59066328255773,-33.55680327051833]]]}},{"type":"Feature","properties":{"comuna":"LaFlorida","zona":"PL","zona_code":"PL","nombre":"PL","decreto":""},"geometry":{"type":"Polygon","coordinates":[[[-70.594173977966,-33.55631510703603],[-70.59488933694652,-33.55640019455072],[-70.59479834451588,-33.5569009392052],[-70.59455316044094,-33.55687037009987],[-70.5945373111955,-33.55697198213804],[-70.59405963411714,-33.5569107438901],[-70.594173977966,-33.55631510703603]]]}},{"type":"Feature","properties":{"comuna":"LaFlorida","zona":"PL","zona_code":"PL","nombre":"PL","decreto":""},"geometry":{"type":"Polygon","coordinates":[[[-70.59441714674469,-33.557596723807144],[-70.59447818284289,-33.557280096738005],[-70.59471040822993,-33.55730722746106],[-70.59465358762257,-33.55762999582],[-70.59441714674469,-33.557596723807144]]]}},{"type":"Feature","properties":{"comuna":"LaFlorida","zona":"PL","zona_code":"PL","nombre":"PL","decreto":""},"geometry":{"type":"Polygon","coordinates":[[[-70.58904527176868,-33.55846294013842],[-70.58912082024784,-33.557937680446706],[-70.58943618622777,-33.55796400427784],[-70.58935994381532,-33.55849473266237],[-70.58904527176868,-33.55846294013842]]]}},{"type":"Feature","properties":{"comuna":"LaFlorida","zona":"PL","zona_code":"PL","nombre":"PL","decreto":""},"geometry":{"type":"Polygon","coordinates":[[[-70.58823702322728,-33.55839023511227],[-70.58831058624688,-33.55781150709481],[-70.58848809152107,-33.55782289527892],[-70.58841094314606,-33.55840588089827],[-70.58823702322728,-33.55839023511227]]]}},{"type":"Feature","properties":{"comuna":"LaFlorida","zona":"PL","zona_code":"PL","nombre":"PL","decreto":""},"geometry":{"type":"Polygon","coordinates":[[[-70.59659452267441,-33.55680552856644],[-70.59665696444394,-33.55648994473623],[-70.59695979803666,-33.556531673498434],[-70.5968920255719,-33.55684696731412],[-70.59659452267441,-33.55680552856644]]]}},{"type":"Feature","properties":{"comuna":"LaFlorida","zona":"PL","zona_code":"PL","nombre":"PL","decreto":""},"geometry":{"type":"Polygon","coordinates":[[[-70.59681005774982,-33.5557585238643],[-70.59742978817664,-33.55582019990254],[-70.5973927499578,-33.55598686523593],[-70.59707992997343,-33.55594490563241],[-70.59703615194775,-33.55610773581996],[-70.59674267623895,-33.55607598417164],[-70.59681005774982,-33.5557585238643]]]}},{"type":"Feature","properties":{"comuna":"LaFlorida","zona":"PL","zona_code":"PL","nombre":"PL","decreto":""},"geometry":{"type":"Polygon","coordinates":[[[-70.59689561143954,-33.55535225502956],[-70.59696324132915,-33.55503236822869],[-70.59722991628723,-33.55507121358183],[-70.5972248885711,-33.55525442723065],[-70.59753771044664,-33.55529638829111],[-70.59750277029453,-33.55546518824551],[-70.59689561143954,-33.55535225502956]]]}},{"type":"Feature","properties":{"comuna":"LaFlorida","zona":"PL","zona_code":"PL","nombre":"PL","decreto":""},"geometry":{"type":"Polygon","coordinates":[[[-70.59818121960046,-33.55543466448154],[-70.59824677349347,-33.555117409222184],[-70.59848542840244,-33.555152647459316],[-70.59842297139117,-33.55546939749735],[-70.59818121960046,-33.55543466448154]]]}},{"type":"Feature","properties":{"comuna":"LaFlorida","zona":"PL","zona_code":"PL","nombre":"PL","decreto":""},"geometry":{"type":"Polygon","coordinates":[[[-70.59834518198653,-33.554706537428665],[-70.59841406640267,-33.55438835076499],[-70.59862613241518,-33.55441969086952],[-70.59856852070932,-33.55474126808423],[-70.59834518198653,-33.554706537428665]]]}},{"type":"Feature","properties":{"comuna":"LaFlorida","zona":"PL","zona_code":"PL","nombre":"PL","decreto":""},"geometry":{"type":"Polygon","coordinates":[[[-70.59711090835958,-33.554303082087934],[-70.59773679487152,-33.55432614798803],[-70.59769793029194,-33.55453342971581],[-70.59737747851337,-33.554487653581],[-70.59734154539503,-33.55466354290463],[-70.59704744354042,-33.55462372778472],[-70.59711090835958,-33.554303082087934]]]}},{"type":"Feature","properties":{"comuna":"LaFlorida","zona":"PL","zona_code":"PL","nombre":"PL","decreto":""},"geometry":{"type":"Polygon","coordinates":[[[-70.59946232212876,-33.55470437298027],[-70.59952564612078,-33.55439474283766],[-70.59976014106853,-33.5544446599121],[-70.59970752717426,-33.5547233041053],[-70.59946232212876,-33.55470437298027]]]}},{"type":"Feature","properties":{"comuna":"LaFlorida","zona":"PL","zona_code":"PL","nombre":"PL","decreto":""},"geometry":{"type":"Polygon","coordinates":[[[-70.59956269247596,-33.5554410058465],[-70.59931243712195,-33.555437685287814],[-70.5993763064466,-33.555117969458],[-70.59961555893476,-33.555183612543914],[-70.59956269247596,-33.5554410058465]]]}},{"type":"Feature","properties":{"comuna":"LaFlorida","zona":"PL","zona_code":"PL","nombre":"PL","decreto":""},"geometry":{"type":"Polygon","coordinates":[[[-70.59915652396212,-33.55615694916281],[-70.59922620561953,-33.555841805405656],[-70.59946180550267,-33.55587917791785],[-70.59940197376574,-33.55618104869189],[-70.59915652396212,-33.55615694916281]]]}},{"type":"Feature","properties":{"comuna":"LaFlorida","zona":"PL","zona_code":"PL","nombre":"PL","decreto":""},"geometry":{"type":"Polygon","coordinates":[[[-70.59804018364694,-33.55616490313818],[-70.59809485978907,-33.55584000030556],[-70.59833390266105,-33.55587444199275],[-70.59827501988926,-33.55619956517],[-70.59804018364694,-33.55616490313818]]]}},{"type":"Feature","properties":{"comuna":"LaFlorida","zona":"PL","zona_code":"PL","nombre":"PL","decreto":""},"geometry":{"type":"Polygon","coordinates":[[[-70.5978980291845,-33.55689102209363],[-70.59796199905638,-33.55657187380773],[-70.59818758531527,-33.55660451268489],[-70.5981168951885,-33.55691911429591],[-70.5978980291845,-33.55689102209363]]]}},{"type":"Feature","properties":{"comuna":"LaFlorida","zona":"PL","zona_code":"PL","nombre":"PL","decreto":""},"geometry":{"type":"Polygon","coordinates":[[[-70.59926437898895,-33.55689270805433],[-70.59901141460153,-33.55688844438813],[-70.59907873857351,-33.556571209208286],[-70.599321301727,-33.55663802205912],[-70.59926437898895,-33.55689270805433]]]}},{"type":"Feature","properties":{"comuna":"LaFlorida","zona":"PL","zona_code":"PL","nombre":"PL","decreto":""},"geometry":{"type":"Polygon","coordinates":[[[-70.59773021257647,-33.55761993498688],[-70.5977858049434,-33.55729730661178],[-70.59803192050016,-33.557331543878156],[-70.59796760397508,-33.55765240829765],[-70.59773021257647,-33.55761993498688]]]}},{"type":"Feature","properties":{"comuna":"LaFlorida","zona":"PL","zona_code":"PL","nombre":"PL","decreto":""},"geometry":{"type":"Polygon","coordinates":[[[-70.59994112050157,-33.558142205010675],[-70.60002504446913,-33.55773020813436],[-70.6003760146428,-33.557837019868565],[-70.60028446075304,-33.55819179599919],[-70.59994112050157,-33.558142205010675]]]}},{"type":"Feature","properties":{"comuna":"LaFlorida","zona":"PL","zona_code":"PL","nombre":"PL","decreto":""},"geometry":{"type":"Polygon","coordinates":[[[-70.60046756928791,-33.557302949432724],[-70.60011102804259,-33.55730710120723],[-70.6001928916402,-33.55691002707517],[-70.60053623245003,-33.55695961564138],[-70.60046756928791,-33.557302949432724]]]}},{"type":"Feature","properties":{"comuna":"LaFlorida","zona":"PL","zona_code":"PL","nombre":"PL","decreto":""},"geometry":{"type":"Polygon","coordinates":[[[-70.6004286098361,-33.555644530061706],[-70.60051332837679,-33.55525440785264],[-70.60092533832652,-33.55531162786852],[-70.60084141432365,-33.555704550118605],[-70.6004286098361,-33.555644530061706]]]}},{"type":"Feature","properties":{"comuna":"LaFlorida","zona":"PL","zona_code":"PL","nombre":"PL","decreto":""},"geometry":{"type":"Polygon","coordinates":[[[-70.59223506925487,-33.56255214561555],[-70.59225795748767,-33.562407183048165],[-70.59260129671411,-33.56244151290929],[-70.59257841127136,-33.562586479101526],[-70.59223506925487,-33.56255214561555]]]}},{"type":"Feature","properties":{"comuna":"LaFlorida","zona":"PL","zona_code":"PL","nombre":"PL","decreto":""},"geometry":{"type":"Polygon","coordinates":[[[-70.59524789909985,-33.56440228514713],[-70.5951572936543,-33.56413907940983],[-70.59568313256221,-33.564140020167024],[-70.59563797388012,-33.564444262839025],[-70.59524789909985,-33.56440228514713]]]}},{"type":"Feature","properties":{"comuna":"LaFlorida","zona":"PL","zona_code":"PL","nombre":"PL","decreto":""},"geometry":{"type":"Polygon","coordinates":[[[-70.58303350629933,-33.558596267986836],[-70.58309454234313,-33.558272009262254],[-70.58334499447919,-33.55830566300876],[-70.58329690576457,-33.558627561179904],[-70.58303350629933,-33.558596267986836]]]}},{"type":"Feature","properties":{"comuna":"LaFlorida","zona":"PL","zona_code":"PL","nombre":"PL","decreto":""},"geometry":{"type":"Polygon","coordinates":[[[-70.58024137099117,-33.55749894779213],[-70.58030894640144,-33.55716025153135],[-70.58095871963064,-33.55725319211704],[-70.5808971556883,-33.557585362072224],[-70.58024137099117,-33.55749894779213]]]}},{"type":"Feature","properties":{"comuna":"LaFlorida","zona":"PL","zona_code":"PL","nombre":"PL","decreto":""},"geometry":{"type":"Polygon","coordinates":[[[-70.58323950105321,-33.557402238163405],[-70.5833997180954,-33.55656298227712],[-70.58354548578335,-33.55658298839519],[-70.58349014093922,-33.55714769225759],[-70.58368994112384,-33.55717193806299],[-70.58365114201717,-33.55745368927019],[-70.58323950105321,-33.557402238163405]]]}},{"type":"Feature","properties":{"comuna":"LaFlorida","zona":"PL","zona_code":"PL","nombre":"PL","decreto":""},"geometry":{"type":"Polygon","coordinates":[[[-70.58198402524104,-33.554528768189925],[-70.58200568202632,-33.554400358655236],[-70.58282706064419,-33.554472339333124],[-70.58280568882986,-33.55459699647122],[-70.58198402524104,-33.554528768189925]]]}},{"type":"Feature","properties":{"comuna":"LaFlorida","zona":"PL","zona_code":"PL","nombre":"PL","decreto":""},"geometry":{"type":"Polygon","coordinates":[[[-70.58194098816543,-33.55477913928686],[-70.58196383698349,-33.554647101826596],[-70.58278935680924,-33.554696560883976],[-70.58276912624234,-33.55482603808879],[-70.58194098816543,-33.55477913928686]]]}},{"type":"Feature","properties":{"comuna":"LaFlorida","zona":"PL","zona_code":"PL","nombre":"PL","decreto":""},"geometry":{"type":"Polygon","coordinates":[[[-70.58075723590818,-33.555881175414235],[-70.58089103455517,-33.555132292184005],[-70.58103775302722,-33.555131516587295],[-70.58118707256367,-33.55593355502092],[-70.58075723590818,-33.555881175414235]]]}},{"type":"Feature","properties":{"comuna":"LaFlorida","zona":"PL","zona_code":"PL","nombre":"PL","decreto":""},"geometry":{"type":"Polygon","coordinates":[[[-70.57913211479195,-33.554621708257876],[-70.57845559660971,-33.554533546542935],[-70.57853951987127,-33.55407577144243],[-70.57920110695109,-33.55415564973119],[-70.57913211479195,-33.554621708257876]]]}},{"type":"Feature","properties":{"comuna":"LaFlorida","zona":"PL","zona_code":"PL","nombre":"PL","decreto":""},"geometry":{"type":"Polygon","coordinates":[[[-70.57551811908544,-33.55365235084463],[-70.57554730784597,-33.55351587788573],[-70.57602195540045,-33.55356397356259],[-70.57599116835047,-33.55371719579799],[-70.57551811908544,-33.55365235084463]]]}},{"type":"Feature","properties":{"comuna":"LaFlorida","zona":"PL","zona_code":"PL","nombre":"PL","decreto":""},"geometry":{"type":"Polygon","coordinates":[[[-70.57536467884643,-33.55423192728338],[-70.57540983107917,-33.55404113275112],[-70.57591189569486,-33.554094610026304],[-70.57587272390455,-33.554302443389254],[-70.57536467884643,-33.55423192728338]]]}},{"type":"Feature","properties":{"comuna":"LaFlorida","zona":"PL","zona_code":"PL","nombre":"PL","decreto":""},"geometry":{"type":"Polygon","coordinates":[[[-70.57520884611075,-33.55476775042871],[-70.57525135650135,-33.55461135266587],[-70.5758274582726,-33.5546838453166],[-70.57580865823272,-33.554834245484834],[-70.57520884611075,-33.55476775042871]]]}},{"type":"Feature","properties":{"comuna":"LaFlorida","zona":"PL","zona_code":"PL","nombre":"PL","decreto":""},"geometry":{"type":"Polygon","coordinates":[[[-70.5753383607255,-33.55578316601],[-70.57550930548831,-33.5552319979715],[-70.575721333894,-33.55524400225213],[-70.57561732445956,-33.55583059164647],[-70.5753383607255,-33.55578316601]]]}},{"type":"Feature","properties":{"comuna":"LaFlorida","zona":"PL","zona_code":"PL","nombre":"PL","decreto":""},"geometry":{"type":"Polygon","coordinates":[[[-70.57509311525514,-33.55668047387927],[-70.57517185864464,-33.55639184966654],[-70.57550920302057,-33.55644474068064],[-70.57546051475917,-33.55673216187063],[-70.57509311525514,-33.55668047387927]]]}},{"type":"Feature","properties":{"comuna":"LaFlorida","zona":"PL","zona_code":"PL","nombre":"PL","decreto":""},"geometry":{"type":"Polygon","coordinates":[[[-70.57492234274717,-33.55729903057074],[-70.57500175979688,-33.55703653995637],[-70.57540319901412,-33.55707989135147],[-70.57535432476564,-33.55735751924771],[-70.57492234274717,-33.55729903057074]]]}},{"type":"Feature","properties":{"comuna":"LaFlorida","zona":"PL","zona_code":"PL","nombre":"PL","decreto":""},"geometry":{"type":"Polygon","coordinates":[[[-70.57400275780401,-33.5582569836527],[-70.57288168952536,-33.55811705154301],[-70.57296980568152,-33.55780285286864],[-70.57404536718653,-33.558006457254905],[-70.57400275780401,-33.5582569836527]]]}},{"type":"Feature","properties":{"comuna":"LaFlorida","zona":"PL","zona_code":"PL","nombre":"PL","decreto":""},"geometry":{"type":"Polygon","coordinates":[[[-70.56966608837573,-33.55571617856303],[-70.56985682707624,-33.55512870547448],[-70.57040617632111,-33.55533851373195],[-70.5701238773437,-33.555876406162085],[-70.56966608837573,-33.55571617856303]]]}},{"type":"Feature","properties":{"comuna":"LaFlorida","zona":"PL","zona_code":"PL","nombre":"PL","decreto":""},"geometry":{"type":"Polygon","coordinates":[[[-70.56834613711108,-33.556124373797644],[-70.56850635828093,-33.555788672049616],[-70.56878090035943,-33.55582126925487],[-70.56867798134387,-33.556166967813844],[-70.56834613711108,-33.556124373797644]]]}},{"type":"Feature","properties":{"comuna":"LaFlorida","zona":"PL","zona_code":"PL","nombre":"PL","decreto":""},"geometry":{"type":"Polygon","coordinates":[[[-70.56910387157895,-33.55454686527827],[-70.56930550485545,-33.55407577506428],[-70.56967776345182,-33.55415880418365],[-70.56951320781373,-33.55465391476934],[-70.56910387157895,-33.55454686527827]]]}},{"type":"Feature","properties":{"comuna":"LaFlorida","zona":"PL","zona_code":"PL","nombre":"PL","decreto":""},"geometry":{"type":"Polygon","coordinates":[[[-70.56609533519422,-33.5547014725879],[-70.566442451612,-33.554272531586214],[-70.56676457638687,-33.5543609223016],[-70.56658718885853,-33.554543765221],[-70.56645895240659,-33.554469389582565],[-70.56621515002638,-33.554771091621554],[-70.56609533519422,-33.5547014725879]]]}},{"type":"Feature","properties":{"comuna":"LaFlorida","zona":"PL","zona_code":"PL","nombre":"PL","decreto":""},"geometry":{"type":"Polygon","coordinates":[[[-70.56525801615656,-33.55579583874606],[-70.56539340336232,-33.55562846940632],[-70.56574437407399,-33.55582302144782],[-70.5656078990287,-33.55599574462677],[-70.56525801615656,-33.55579583874606]]]}},{"type":"Feature","properties":{"comuna":"LaFlorida","zona":"PL","zona_code":"PL","nombre":"PL","decreto":""},"geometry":{"type":"Polygon","coordinates":[[[-70.5638041396023,-33.55763963740201],[-70.56386751390217,-33.55748827336675],[-70.56420911981802,-33.55758089744842],[-70.56414091718493,-33.557739730256415],[-70.5638041396023,-33.55763963740201]]]}},{"type":"Feature","properties":{"comuna":"LaFlorida","zona":"PL","zona_code":"PL","nombre":"PL","decreto":""},"geometry":{"type":"Polygon","coordinates":[[[-70.5644935230876,-33.55946109958288],[-70.56454079008829,-33.55928343782293],[-70.56478166542661,-33.55932428632341],[-70.56473721097763,-33.5595062837533],[-70.5644935230876,-33.55946109958288]]]}},{"type":"Feature","properties":{"comuna":"LaFlorida","zona":"PL","zona_code":"PL","nombre":"PL","decreto":""},"geometry":{"type":"Polygon","coordinates":[[[-70.5808831689507,-33.55220863910652],[-70.58110311038548,-33.551706774602714],[-70.58154563789329,-33.55172203091622],[-70.58127933862909,-33.55234585841571],[-70.5808831689507,-33.55220863910652]]]}},{"type":"Feature","properties":{"comuna":"LaFlorida","zona":"PL","zona_code":"PL","nombre":"PL","decreto":""},"geometry":{"type":"Polygon","coordinates":[[[-70.5807213967886,-33.5515449946812],[-70.58017651077748,-33.5513011385499],[-70.58026736803359,-33.55109577522053],[-70.58068040424388,-33.55121533186692],[-70.58063026343834,-33.551326916230366],[-70.58080338646265,-33.551331113776136],[-70.5807213967886,-33.5515449946812]]]}},{"type":"Feature","properties":{"comuna":"LaFlorida","zona":"PL","zona_code":"PL","nombre":"PL","decreto":""},"geometry":{"type":"Polygon","coordinates":[[[-70.57771021333468,-33.55193730878458],[-70.5778665339893,-33.55176166650333],[-70.57950848480495,-33.55226373950048],[-70.57945201669978,-33.55240109167431],[-70.57904173719717,-33.552290191224614],[-70.57901244596061,-33.55235814571422],[-70.57771021333468,-33.55193730878458]]]}},{"type":"Feature","properties":{"comuna":"LaFlorida","zona":"R-4","zona_code":"R-4","nombre":"R-4","decreto":""},"geometry":{"type":"Polygon","coordinates":[[[-70.51971737062095,-33.52885309607957],[-70.5197127812543,-33.526283475710834],[-70.52173937827664,-33.52644283089918],[-70.52203778364913,-33.52671678290848],[-70.52286315556529,-33.52709446974537],[-70.52314556136977,-33.52734054157649],[-70.52325361010381,-33.52783830290073],[-70.52353066711012,-33.52856966509004],[-70.52372729940045,-33.52879738144356],[-70.5237932998618,-33.529162568431495],[-70.5236607000458,-33.52953020110825],[-70.5223803031991,-33.53014485717827],[-70.52130757069418,-33.530141404529445],[-70.52074886897981,-33.52999854115155],[-70.52036122661711,-33.53013586140289],[-70.51971737062095,-33.52885309607957]]]}},{"type":"Feature","properties":{"comuna":"LaFlorida","zona":"R-5/AV6","zona_code":"R-5/AV6","nombre":"R-5/AV6","decreto":""},"geometry":{"type":"Polygon","coordinates":[[[-70.53464984132789,-33.5374166217547],[-70.5347455566567,-33.536966254965925],[-70.5349551793648,-33.536813930432146],[-70.53500574713443,-33.53651384993603],[-70.53550766098326,-33.536460836403165],[-70.53590017050654,-33.53654018910494],[-70.53612940409937,-33.53686487274413],[-70.53692154964907,-33.53742587387418],[-70.53874293637274,-33.53742196613502],[-70.53910276637625,-33.53754850444441],[-70.53909690083182,-33.53784802975136],[-70.53960125060775,-33.53856231717744],[-70.54032208432861,-33.53888087743669],[-70.54068474502255,-33.53916645974049],[-70.53976594878115,-33.539358232150484],[-70.53919850369867,-33.53984773923481],[-70.53902888396374,-33.54036557294975],[-70.53922445424361,-33.54131140840673],[-70.53859887740806,-33.541884816917474],[-70.5380069331231,-33.54263976344867],[-70.53793296635308,-33.54351096767676],[-70.53825724595248,-33.54415263368355],[-70.53909333782993,-33.544666283240794],[-70.53927625348402,-33.54489795657523],[-70.53899902441546,-33.545650034833734],[-70.53910688147863,-33.546060440108846],[-70.53944800345494,-33.54632345694577],[-70.5396125191935,-33.5466374999097],[-70.54011265179204,-33.54683091423385],[-70.54029467200846,-33.547011648098774],[-70.54025966657328,-33.547278263423536],[-70.54040196084809,-33.5474594913804],[-70.5406005990682,-33.54745701944556],[-70.54218100790615,-33.54918414583103],[-70.54260185148141,-33.5492574325573],[-70.5425996563844,-33.54976278578324],[-70.54186458069171,-33.55065400021431],[-70.53597137705734,-33.54816637899223],[-70.53636135025839,-33.547661890975405],[-70.53634026886341,-33.547312791377415],[-70.5358334083522,-33.54645815399076],[-70.53519689318418,-33.545854667089436],[-70.53482226309006,-33.54405011905741],[-70.53506648763036,-33.54185110324587],[-70.5355873310673,-33.54097123950877],[-70.53608874557798,-33.5406780436213],[-70.53621420675357,-33.54018987636533],[-70.53592146058503,-33.53964451100177],[-70.53554441328565,-33.53938716701184],[-70.53515831158059,-33.53931986450726],[-70.5334175048965,-33.539740708890214],[-70.53297669540436,-33.540278528684304],[-70.53258375679933,-33.540527392478644],[-70.53251027911365,-33.540005111939735],[-70.5327994022806,-33.53950244405598],[-70.53268687865271,-33.53875520407798],[-70.53282268142182,-33.53857052379176],[-70.53281534033623,-33.538154707391435],[-70.53314917282455,-33.53793430264837],[-70.53411975057165,-33.53777255314757],[-70.53464984132789,-33.5374166217547]]]}},{"type":"Feature","properties":{"comuna":"LaFlorida","zona":"AV2","zona_code":"AV2","nombre":"AV2","decreto":""},"geometry":{"type":"Polygon","coordinates":[[[-70.5448944397601,-33.549341135740846],[-70.54558437139531,-33.54917344060717],[-70.54635635354863,-33.548592968547275],[-70.54678911978343,-33.54841911985028],[-70.5472622391359,-33.548001460798],[-70.54756208801227,-33.54789477599772],[-70.54817962096811,-33.54742851934447],[-70.5507042687662,-33.54674186687477],[-70.55091204026789,-33.546545029026355],[-70.55109729400057,-33.54668154539265],[-70.552894749139,-33.54727866028745],[-70.55372724242868,-33.54800069619891],[-70.55229873287922,-33.54803617725004],[-70.55090306638664,-33.5482291089645],[-70.55016076520894,-33.548472081369844],[-70.54886897309001,-33.549132501566724],[-70.54814378732625,-33.549683191775976],[-70.54743759050443,-33.55056149671893],[-70.54675485408241,-33.55236757834697],[-70.54659796886064,-33.55240248246351],[-70.5432258059355,-33.55107778570415],[-70.54234823611101,-33.55087375060503],[-70.54186458069171,-33.55065400021431],[-70.5425996563844,-33.54976278578324],[-70.54260185148141,-33.5492574325573],[-70.5448944397601,-33.549341135740846]]]}},{"type":"Feature","properties":{"comuna":"LaFlorida","zona":"PL","zona_code":"PL","nombre":"PL","decreto":""},"geometry":{"type":"Polygon","coordinates":[[[-70.59655803399598,-33.52951239197134],[-70.59661921802139,-33.529336517654315],[-70.59770754470233,-33.529344330568165],[-70.59771786349192,-33.52949791497696],[-70.59655803399598,-33.52951239197134]]]}},{"type":"Feature","properties":{"comuna":"LaFlorida","zona":"PL","zona_code":"PL","nombre":"PL","decreto":""},"geometry":{"type":"Polygon","coordinates":[[[-70.59386003696294,-33.5419904342484],[-70.59462898529424,-33.54197677313507],[-70.59478324117185,-33.54197898497523],[-70.59463827878605,-33.54234902021691],[-70.59370744477245,-33.54237191432245],[-70.59386003696294,-33.5419904342484]]]}},{"type":"Feature","properties":{"comuna":"LaFlorida","zona":"PL","zona_code":"PL","nombre":"PL","decreto":""},"geometry":{"type":"Polygon","coordinates":[[[-70.5924221968614,-33.540855075614665],[-70.59261295085317,-33.54076115809939],[-70.5931956846863,-33.540935429762555],[-70.59296734567123,-33.541425851748755],[-70.59242788300136,-33.54147181657144],[-70.5924221968614,-33.540855075614665]]]}},{"type":"Feature","properties":{"comuna":"LaFlorida","zona":"U-VEV4","zona_code":"U-VEV4","nombre":"U-VEV4","decreto":""},"geometry":{"type":"Polygon","coordinates":[[[-70.60242594403059,-33.5408333586886],[-70.60240639854611,-33.54022300412629],[-70.60348139635242,-33.54020283213609],[-70.60349130360432,-33.54084270698615],[-70.60242594403059,-33.5408333586886]]]}},{"type":"Feature","properties":{"comuna":"LaFlorida","zona":"PL","zona_code":"PL","nombre":"PL","decreto":""},"geometry":{"type":"Polygon","coordinates":[[[-70.59803885669875,-33.54061888900835],[-70.59882570208413,-33.540896609220475],[-70.60349130360432,-33.54084270698615],[-70.60349413550938,-33.54100232140843],[-70.59805641391497,-33.541093933145525],[-70.59787451273577,-33.54103574538938],[-70.59803885669875,-33.54061888900835]]]}},{"type":"Feature","properties":{"comuna":"LaFlorida","zona":"PL","zona_code":"PL","nombre":"PL","decreto":""},"geometry":{"type":"Polygon","coordinates":[[[-70.59650399204901,-33.54010454987933],[-70.59684326253314,-33.53934295413677],[-70.59701813046321,-33.5393398499091],[-70.59703815006159,-33.54028166001575],[-70.59650399204901,-33.54010454987933]]]}},{"type":"Feature","properties":{"comuna":"LaFlorida","zona":"PL","zona_code":"PL","nombre":"PL","decreto":""},"geometry":{"type":"Polygon","coordinates":[[[-70.5980716341352,-33.53666877849242],[-70.59852178271196,-33.53571508195677],[-70.59893770100946,-33.53562827494733],[-70.59894191737533,-33.536087354334875],[-70.59856255930238,-33.53609070367762],[-70.59855089627354,-33.536477723303925],[-70.59837050287102,-33.53647957345528],[-70.59836649691871,-33.536876429575955],[-70.5980808940037,-33.5368809749405],[-70.5980716341352,-33.53666877849242]]]}},{"type":"Feature","properties":{"comuna":"LaFlorida","zona":"PL","zona_code":"PL","nombre":"PL","decreto":""},"geometry":{"type":"Polygon","coordinates":[[[-70.6071511550101,-33.54453481634394],[-70.60611349843,-33.54397023412793],[-70.60519791893284,-33.543573501223605],[-70.60712825759262,-33.543527712645506],[-70.6071511550101,-33.54453481634394]]]}},{"type":"Feature","properties":{"comuna":"LaFlorida","zona":"PL","zona_code":"PL","nombre":"PL","decreto":""},"geometry":{"type":"Polygon","coordinates":[[[-70.60217653489269,-33.54498117627163],[-70.60299292257423,-33.544969727372774],[-70.6030028196761,-33.545206060054845],[-70.6021841671914,-33.54521769348093],[-70.60217653489269,-33.54498117627163]]]}},{"type":"Feature","properties":{"comuna":"LaFlorida","zona":"PL","zona_code":"PL","nombre":"PL","decreto":""},"geometry":{"type":"Polygon","coordinates":[[[-70.59551571101365,-33.54332560016209],[-70.595828533945,-33.543298894422],[-70.59614898428774,-33.54314248607133],[-70.5961642469839,-33.54351252038687],[-70.59552334423536,-33.54352778398013],[-70.59551571101365,-33.54332560016209]]]}},{"type":"Feature","properties":{"comuna":"LaFlorida","zona":"PL","zona_code":"PL","nombre":"PL","decreto":""},"geometry":{"type":"Polygon","coordinates":[[[-70.59878889559768,-33.54350105997699],[-70.59878510542485,-33.543370356596036],[-70.59987916454226,-33.543357803205105],[-70.59987995476084,-33.543489612149685],[-70.59878889559768,-33.54350105997699]]]}},{"type":"Feature","properties":{"comuna":"LaFlorida","zona":"PL","zona_code":"PL","nombre":"PL","decreto":""},"geometry":{"type":"Polygon","coordinates":[[[-70.59580338470265,-33.54694206822671],[-70.59570926634515,-33.54424124271576],[-70.5958935752717,-33.54423362454702],[-70.59597067874104,-33.546937816549374],[-70.59580338470265,-33.54694206822671]]]}},{"type":"Feature","properties":{"comuna":"LaFlorida","zona":"PL","zona_code":"PL","nombre":"PL","decreto":""},"geometry":{"type":"Polygon","coordinates":[[[-70.60646983529854,-33.560298099290605],[-70.60620025303238,-33.560271960850926],[-70.60622052441227,-33.56004780804207],[-70.60649203772718,-33.56007233779308],[-70.60646983529854,-33.560298099290605]]]}},{"type":"Feature","properties":{"comuna":"LaFlorida","zona":"PL","zona_code":"PL","nombre":"PL","decreto":""},"geometry":{"type":"Polygon","coordinates":[[[-70.6061207560742,-33.56084984098403],[-70.60614910404315,-33.56063049558802],[-70.60639802073305,-33.560654430468816],[-70.60637056651927,-33.56087651755896],[-70.6061207560742,-33.56084984098403]]]}},{"type":"Feature","properties":{"comuna":"LaFlorida","zona":"PL","zona_code":"PL","nombre":"PL","decreto":""},"geometry":{"type":"Polygon","coordinates":[[[-70.60599705299352,-33.56002285991709],[-70.60570163004647,-33.55999234278354],[-70.60583119101516,-33.55949566313281],[-70.606052622674,-33.55952326865389],[-70.60599705299352,-33.56002285991709]]]}},{"type":"Feature","properties":{"comuna":"LaFlorida","zona":"PL","zona_code":"PL","nombre":"PL","decreto":""},"geometry":{"type":"Polygon","coordinates":[[[-70.6088317047036,-33.55513410630765],[-70.60899058697905,-33.55405528230683],[-70.60922876141389,-33.554056142271314],[-70.6090769699356,-33.55516083497394],[-70.6088317047036,-33.55513410630765]]]}},{"type":"Feature","properties":{"comuna":"LaFlorida","zona":"PL","zona_code":"PL","nombre":"PL","decreto":""},"geometry":{"type":"Polygon","coordinates":[[[-70.61169239397618,-33.55503607826706],[-70.61242628203294,-33.55502904865105],[-70.61224795091735,-33.55563581370398],[-70.61213350958585,-33.55552916745588],[-70.61169239397618,-33.55503607826706]]]}},{"type":"Feature","properties":{"comuna":"LaFlorida","zona":"PL","zona_code":"PL","nombre":"PL","decreto":""},"geometry":{"type":"Polygon","coordinates":[[[-70.59187645130665,-33.560457829144205],[-70.58956026145286,-33.56021047991309],[-70.58962746194308,-33.559849933868335],[-70.59401681459252,-33.56027775996243],[-70.59402943904568,-33.56061617290604],[-70.59225031111876,-33.56049216075073],[-70.59211173133716,-33.56145209283501],[-70.59201205283777,-33.56144121854522],[-70.5918066433392,-33.56305720890808],[-70.59155827765561,-33.5630319146567],[-70.59187645130665,-33.560457829144205]]]}},{"type":"Feature","properties":{"comuna":"LaFlorida","zona":"PL","zona_code":"PL","nombre":"PL","decreto":""},"geometry":{"type":"Polygon","coordinates":[[[-70.58772712645677,-33.54343317561924],[-70.58799529352599,-33.5428536550991],[-70.58925605229915,-33.543253762309405],[-70.58916566448052,-33.54343636396634],[-70.58772712645677,-33.54343317561924]]]}},{"type":"Feature","properties":{"comuna":"LaFlorida","zona":"PL","zona_code":"PL","nombre":"PL","decreto":""},"geometry":{"type":"Polygon","coordinates":[[[-70.57459217750758,-33.5592013039953],[-70.57475383175688,-33.55834198328223],[-70.57503517303341,-33.55837557292275],[-70.57488489739688,-33.55923720032321],[-70.57459217750758,-33.5592013039953]]]}},{"type":"Feature","properties":{"comuna":"LaFlorida","zona":"U-VEV4","zona_code":"U-VEV4","nombre":"U-VEV4","decreto":""},"geometry":{"type":"Polygon","coordinates":[[[-70.57598325856034,-33.52181032084214],[-70.57592467951326,-33.521424816138605],[-70.57727269339482,-33.52152038985644],[-70.5771735113443,-33.52189423957668],[-70.57598325856034,-33.52181032084214]]]}},{"type":"Feature","properties":{"comuna":"LaFlorida","zona":"U-VEV4","zona_code":"U-VEV4","nombre":"U-VEV4","decreto":""},"geometry":{"type":"Polygon","coordinates":[[[-70.57580047153141,-33.52063918113548],[-70.57747869072765,-33.52060865325912],[-70.57727269339482,-33.52152038985644],[-70.57592467951326,-33.521424816138605],[-70.57580047153141,-33.52063918113548]]]}},{"type":"Feature","properties":{"comuna":"LaFlorida","zona":"PL","zona_code":"PL","nombre":"PL","decreto":""},"geometry":{"type":"Polygon","coordinates":[[[-70.57591482993772,-33.51958454668078],[-70.57538969697815,-33.51909909679126],[-70.575341710116,-33.51878813634637],[-70.5758284287068,-33.51873505976396],[-70.57591482993772,-33.51958454668078]]]}},{"type":"Feature","properties":{"comuna":"LaFlorida","zona":"AV2","zona_code":"AV2","nombre":"AV2","decreto":""},"geometry":{"type":"Polygon","coordinates":[[[-70.5606252630328,-33.53497859189],[-70.56103359315757,-33.53448683560748],[-70.56116707352119,-33.533624227231556],[-70.56178536253023,-33.53238119128221],[-70.56214846678374,-33.53235349500698],[-70.56198268676509,-33.53252995507243],[-70.56143335782373,-33.534322908772765],[-70.5608916509239,-33.53532238737215],[-70.56044149425429,-33.535364351248596],[-70.5606252630328,-33.53497859189]]]}},{"type":"Feature","properties":{"comuna":"LaFlorida","zona":"AV2","zona_code":"AV2","nombre":"AV2","decreto":""},"geometry":{"type":"Polygon","coordinates":[[[-70.56138243841626,-33.52938780475719],[-70.56140152391335,-33.52890080079353],[-70.56229512518051,-33.52889823290282],[-70.56315114997021,-33.53045495245756],[-70.56328423084486,-33.53122685567306],[-70.56314067031221,-33.531528120359496],[-70.56230008656128,-33.53219210529593],[-70.56222419270883,-33.532188006329434],[-70.56255047396112,-33.531320123836664],[-70.56254372406258,-33.53062824200218],[-70.56209946635585,-33.52968895424558],[-70.56248945702018,-33.52951223428542],[-70.56217341898106,-33.52904854770479],[-70.56202530236476,-33.52905041627925],[-70.56181127913243,-33.52950647368002],[-70.56138243841626,-33.52938780475719]]]}},{"type":"Feature","properties":{"comuna":"LaFlorida","zona":"PL","zona_code":"PL","nombre":"PL","decreto":""},"geometry":{"type":"Polygon","coordinates":[[[-70.5659420484247,-33.516547301355786],[-70.56571350233456,-33.51476065632073],[-70.56581760433238,-33.514749741123275],[-70.56609766258225,-33.51653275670232],[-70.5659420484247,-33.516547301355786]]]}},{"type":"Feature","properties":{"comuna":"LaFlorida","zona":"PL","zona_code":"PL","nombre":"PL","decreto":""},"geometry":{"type":"Polygon","coordinates":[[[-70.59910645613029,-33.55763695827676],[-70.59885742594413,-33.55761097819893],[-70.59892857861418,-33.557296464046054],[-70.59916708619802,-33.55734335425874],[-70.59910645613029,-33.55763695827676]]]}},{"type":"Feature","properties":{"comuna":"LaFlorida","zona":"PL","zona_code":"PL","nombre":"PL","decreto":""},"geometry":{"type":"Polygon","coordinates":[[[-70.55874004572559,-33.53542921285643],[-70.55919328038283,-33.53498993911101],[-70.55935156609276,-33.53515085566981],[-70.55874004572559,-33.53542921285643]]]}},{"type":"Feature","properties":{"comuna":"LaFlorida","zona":"PL","zona_code":"PL","nombre":"PL","decreto":""},"geometry":{"type":"Polygon","coordinates":[[[-70.59501750800405,-33.55473682399155],[-70.5950510059695,-33.55454668271737],[-70.59534795550165,-33.554579222481586],[-70.59531215459951,-33.554768973258625],[-70.59501750800405,-33.55473682399155]]]}},{"type":"Feature","properties":{"comuna":"LaFlorida","zona":"PL","zona_code":"PL","nombre":"PL","decreto":""},"geometry":{"type":"Polygon","coordinates":[[[-70.57464825528376,-33.54571759712119],[-70.57470929271655,-33.54569470796011],[-70.57564400023603,-33.54564931164372],[-70.57554915793344,-33.54584852340601],[-70.57507924431826,-33.54572469101053],[-70.5750500735172,-33.54589543310076],[-70.57464825528376,-33.54571759712119]]]}},{"type":"Feature","properties":{"comuna":"LaFlorida","zona":"U-VEV1","zona_code":"U-VEV1","nombre":"U-VEV1","decreto":""},"geometry":{"type":"Polygon","coordinates":[[[-70.53772719438629,-33.53252494297652],[-70.54204730130007,-33.53394101729013],[-70.54273387215466,-33.53444281656119],[-70.54320096803845,-33.53493918419514],[-70.54379218932439,-33.53528701820973],[-70.54421830861628,-33.53541746598666],[-70.54375659553043,-33.53635320308848],[-70.54358257391586,-33.536621553721005],[-70.54324759362993,-33.536775455230206],[-70.54272847697152,-33.53774682841973],[-70.54237481023046,-33.53796750661335],[-70.54189037876793,-33.538655626361354],[-70.54165440035943,-33.538791655487586],[-70.5415134019364,-33.53882252406079],[-70.54066459519008,-33.53800959568056],[-70.53982605427005,-33.53693451069865],[-70.5392246830335,-33.53663005833866],[-70.53719219843035,-33.53628099337441],[-70.5359301245879,-33.53568527334129],[-70.53658675254783,-33.53490353836014],[-70.53772719438629,-33.53252494297652]]]}},{"type":"Feature","properties":{"comuna":"LaFlorida","zona":"ESP-4","zona_code":"ESP-4","nombre":"ESP-4","decreto":""},"geometry":{"type":"Polygon","coordinates":[[[-70.53743623365773,-33.527034626604205],[-70.53586848435074,-33.52722323600317],[-70.53557255783339,-33.52569392171997],[-70.53709098219639,-33.52548171178469],[-70.53743623365773,-33.527034626604205]]]}},{"type":"Feature","properties":{"comuna":"LaFlorida","zona":"ZRM-DT","zona_code":"ZRM-DT","nombre":"ZRM-DT","decreto":""},"geometry":{"type":"Polygon","coordinates":[[[-70.56146186543785,-33.512362769147266],[-70.56153888853353,-33.512944115215966],[-70.56009515229849,-33.51326472885685],[-70.56065609174456,-33.51165654336437],[-70.5609627605967,-33.51162261167551],[-70.56091950610445,-33.512398347035194],[-70.56146186543785,-33.512362769147266]]]}},{"type":"Feature","properties":{"comuna":"LaFlorida","zona":"RI-1","zona_code":"RI-1","nombre":"RI-1","decreto":""},"geometry":{"type":"Polygon","coordinates":[[[-70.5609627605967,-33.51162261167551],[-70.56165088981076,-33.511572184161544],[-70.56146186543785,-33.512362769147266],[-70.56091950610445,-33.512398347035194],[-70.5609627605967,-33.51162261167551]]]}}]}