{"type":"FeatureCollection","features":[{"type":"Feature","properties":{"zona_code":"ZH2","zona":"ZH2 Zona habitacional 2","comuna":"Yumbel"},"geometry":{"type":"Polygon","coordinates":[[[-72.57288683053632,-37.09151507864169],[-72.57295849368526,-37.09160095137901],[-72.57245787161479,-37.09273002742468],[-72.57224103773518,-37.093332493510054],[-72.57192558497592,-37.09417494954751],[-72.5716214472052,-37.09489855552144],[-72.5711125247215,-37.09585180872832],[-72.57099198256809,-37.09625498448709],[-72.57085854795764,-37.096563742368104],[-72.57071873618834,-37.096916710470225],[-72.57057606454855,-37.09720881630833],[-72.57051358999838,-37.097498505148394],[-72.5704865405223,-37.097912406026225],[-72.57023883873886,-37.09803838119298],[-72.56620910150171,-37.097648516561605],[-72.56643824384568,-37.0962262903317],[-72.56665970027267,-37.09500068087547],[-72.56676883977805,-37.09435406383114],[-72.57030027225481,-37.094667515860124],[-72.57029360169696,-37.094525507682285],[-72.56679498881533,-37.09419075075943],[-72.56711773114955,-37.09206142754822],[-72.5678709234662,-37.09207937159937],[-72.56917884253579,-37.09220926136542],[-72.57001054951336,-37.09227900110117],[-72.57000341711603,-37.09320696457262],[-72.5707228536295,-37.093225908138194],[-72.57100790990283,-37.09227602142454],[-72.57109041717219,-37.092232901651215],[-72.57264552820658,-37.091596848322496],[-72.57288683053632,-37.09151507864169]]]}},{"type":"Feature","properties":{"zona_code":"ZH2","zona":"ZH2 Zona habitacional 2","comuna":"Yumbel"},"geometry":{"type":"Polygon","coordinates":[[[-72.56618199793385,-37.09779154259338],[-72.56993235957394,-37.09817289987119],[-72.56903665190059,-37.0985418772988],[-72.56828844949223,-37.0988115967493],[-72.56795552473503,-37.098923205963146],[-72.56768274116581,-37.09896528326097],[-72.56732458239962,-37.09898961559527],[-72.56703580126717,-37.09896106904665],[-72.56651892188343,-37.09893600414695],[-72.56599528293975,-37.098856966517836],[-72.56618199793385,-37.09779154259338]]]}},{"type":"Feature","properties":{"zona_code":"ZH2","zona":"ZH2 Zona habitacional 2","comuna":"Yumbel"},"geometry":{"type":"Polygon","coordinates":[[[-72.44328654505141,-37.20301144927052],[-72.4432381255735,-37.203249880135246],[-72.44278571482236,-37.203540699616845],[-72.44190624653885,-37.204121595964594],[-72.44167104191062,-37.20388295031258],[-72.44153337949612,-37.20374135487545],[-72.44143883731414,-37.20352401261211],[-72.44242698621504,-37.20291286964246],[-72.44328654505141,-37.20301144927052]]]}},{"type":"Feature","properties":{"zona_code":"ZH2","zona":"ZH2 Zona habitacional 2","comuna":"Yumbel"},"geometry":{"type":"Polygon","coordinates":[[[-72.44127058225979,-37.20364064602515],[-72.44135482496297,-37.20381765571293],[-72.4417165460584,-37.204232081116736],[-72.44071576759234,-37.20493839364662],[-72.44091353845803,-37.20528479026828],[-72.44115819805891,-37.20573140246309],[-72.44119678431012,-37.205835247215745],[-72.44060959952927,-37.206421177102996],[-72.44065964047542,-37.206497600208536],[-72.44076264121598,-37.20652846520512],[-72.44092014049697,-37.20654758729551],[-72.44084826431968,-37.20748083646011],[-72.440770465925,-37.2089357054808],[-72.44045929830986,-37.209075116624284],[-72.44026189714259,-37.20920275397042],[-72.4397545531981,-37.20958996851115],[-72.43965600525827,-37.20965716839109],[-72.43945752028957,-37.20994736496943],[-72.43942031676845,-37.20987395409936],[-72.43939211395178,-37.209532784865154],[-72.43932740088948,-37.20904030569163],[-72.43924132820987,-37.20826402029403],[-72.4392000662967,-37.20763541779593],[-72.4397948680451,-37.20768246080736],[-72.43981862299431,-37.20755310099873],[-72.43915979247272,-37.2074943744996],[-72.43884932455427,-37.2074627667702],[-72.43867683664773,-37.20739328749353],[-72.43847729550576,-37.20719423130593],[-72.43928978864606,-37.20700131466862],[-72.4389074026721,-37.206132060869585],[-72.43813265994557,-37.206317105640174],[-72.43798509214399,-37.205957394932575],[-72.4394952302919,-37.20490785368763],[-72.44127058225979,-37.20364064602515]]]}},{"type":"Feature","properties":{"zona_code":"ZH2","zona":"ZH2 Zona habitacional 2","comuna":"Yumbel"},"geometry":{"type":"Polygon","coordinates":[[[-72.43802673014355,-37.20650133678809],[-72.43807983794359,-37.206645393236],[-72.43820573153111,-37.20699388205562],[-72.43828666479119,-37.2071913066108],[-72.43837736312533,-37.207324111545276],[-72.43850611158592,-37.2074558112482],[-72.43847128127506,-37.20771416209539],[-72.43838440780348,-37.20803835970656],[-72.43821690662675,-37.20817189715554],[-72.43813365287174,-37.2082962138053],[-72.43804647078645,-37.20861364747934],[-72.43758663649533,-37.20874213387893],[-72.43703286614159,-37.208853031477645],[-72.43690603138396,-37.208856716072695],[-72.43676090439924,-37.20883045699478],[-72.43666120833855,-37.20877917653404],[-72.43642806475975,-37.20877240481888],[-72.43633244342962,-37.20871761937501],[-72.43615134543552,-37.208645000430515],[-72.43595594550011,-37.20863035889627],[-72.43567014344548,-37.20867590411563],[-72.43559278036194,-37.20860365788084],[-72.43536936981792,-37.20848486184776],[-72.43521894965167,-37.208341936549175],[-72.43512840840823,-37.20821251025351],[-72.43513526046193,-37.208083642304715],[-72.43520130051587,-37.20795305495031],[-72.43540364079699,-37.2076542880305],[-72.43562641355956,-37.20752592248644],[-72.43581874083249,-37.20747293298767],[-72.4360539580635,-37.20743224214119],[-72.43632207706393,-37.20737027849452],[-72.4365225521371,-37.2073102792829],[-72.43673962925796,-37.20724302524891],[-72.4370200511554,-37.20707912233281],[-72.43752446699773,-37.20681390104471],[-72.4377212533033,-37.20667274279521],[-72.43802673014355,-37.20650133678809]]]}},{"type":"Feature","properties":{"zona_code":"ZH2","zona":"ZH2 Zona habitacional 2","comuna":"Yumbel"},"geometry":{"type":"Polygon","coordinates":[[[-72.43510789735033,-37.20617471186772],[-72.43527189492617,-37.206616907030075],[-72.43498870836055,-37.206719937845996],[-72.43481167441671,-37.20683004533125],[-72.43465078389008,-37.206922753000434],[-72.43449280680532,-37.20707971007203],[-72.43434405296765,-37.207253330226415],[-72.43413648461825,-37.20753023773533],[-72.43405353110926,-37.207661314878585],[-72.43398648304297,-37.20786303671663],[-72.43396094488918,-37.20804662386849],[-72.43396859801788,-37.208401935801916],[-72.43401615971477,-37.20861049004231],[-72.43427671487878,-37.208941530726776],[-72.43451098540415,-37.20925301814903],[-72.43434512762707,-37.20937634379659],[-72.43422858901255,-37.2094203586621],[-72.43402416072988,-37.20934672073391],[-72.43326133693063,-37.20904887780571],[-72.43255435642718,-37.20881543817922],[-72.43224570374893,-37.208683872577495],[-72.43198628500475,-37.20856442073469],[-72.4316034498922,-37.208477329817676],[-72.43141051499856,-37.2084236705348],[-72.43094181543017,-37.20807664933123],[-72.43042284752043,-37.20774124252479],[-72.43023585647009,-37.2075384223737],[-72.42994537643509,-37.2072471785304],[-72.42985892028744,-37.20711424318296],[-72.42976981529489,-37.20696953330767],[-72.42963230366594,-37.20669078550978],[-72.42957939490566,-37.20659750962949],[-72.42923180234013,-37.2063536310544],[-72.4289981452518,-37.206241892019605],[-72.4280936362506,-37.205899023297874],[-72.4278112875509,-37.20578699909207],[-72.42821913533211,-37.20581920122572],[-72.42893767125726,-37.205888110219],[-72.42966504691938,-37.205965223566274],[-72.4304366602244,-37.20603766310258],[-72.43113586790533,-37.20610034655714],[-72.43149260174687,-37.2061255544542],[-72.43222529358016,-37.20613308388115],[-72.43257350642104,-37.2060637263501],[-72.43303064225309,-37.205969199081586],[-72.43316519301445,-37.20599576861373],[-72.433541369375,-37.206076275639354],[-72.43381393410841,-37.20611238433214],[-72.43410444923829,-37.20612426881289],[-72.4346981636853,-37.206147667969724],[-72.43510789735033,-37.20617471186772]]]}},{"type":"Feature","properties":{"zona_code":"ZH2","zona":"ZH2 Zona habitacional 2","comuna":"Yumbel"},"geometry":{"type":"Polygon","coordinates":[[[-72.43464273040748,-37.20935754645864],[-72.43476741039605,-37.20939963921907],[-72.4349781044538,-37.209471400239714],[-72.43510888802142,-37.209601351642604],[-72.43535205158031,-37.2097822159307],[-72.4355577872542,-37.209884595586985],[-72.43538574160775,-37.21001148882836],[-72.43516926871725,-37.21009226628413],[-72.43493042789942,-37.21014660506318],[-72.43469305230826,-37.21013995263582],[-72.43447528164786,-37.21009887021959],[-72.43423683236854,-37.21006854520717],[-72.43399330330881,-37.21011286043021],[-72.43382940382347,-37.210232742936036],[-72.43371623850355,-37.210351152256365],[-72.4337271484313,-37.21040501175518],[-72.43368739165062,-37.210555151937484],[-72.43350611956284,-37.21066537983258],[-72.43332823985128,-37.21066376970859],[-72.43309055595428,-37.21065034951093],[-72.4328149730681,-37.210641416604915],[-72.43266016106556,-37.2105883454206],[-72.43243693537818,-37.2105203294547],[-72.43309357590717,-37.210436942320676],[-72.43343811742558,-37.21037953984961],[-72.43361301322614,-37.210222092390104],[-72.43363984749458,-37.210160364830465],[-72.43367268223987,-37.210044286456615],[-72.43370174937805,-37.20993847628404],[-72.43376041231693,-37.20983180635805],[-72.43399134345827,-37.20969643504477],[-72.4341818355123,-37.20960286868925],[-72.43441114591798,-37.209525105398654],[-72.43464273040748,-37.20935754645864]]]}},{"type":"Feature","properties":{"zona_code":"ZH2","zona":"ZH2 Zona habitacional 2","comuna":"Yumbel"},"geometry":{"type":"Polygon","coordinates":[[[-72.43217208851301,-37.20878758870554],[-72.43398121788847,-37.20947324992799],[-72.43375436198289,-37.209605117533584],[-72.43359377011393,-37.20970458703109],[-72.43351850272148,-37.20981851083176],[-72.43347298456469,-37.209934956706405],[-72.43346036792987,-37.2100301319635],[-72.43343898898038,-37.210118789251226],[-72.43334981031681,-37.21020602877654],[-72.43316547021918,-37.210248623823176],[-72.43297144647487,-37.21026441247708],[-72.43274029256253,-37.210301593079635],[-72.43236131388805,-37.2103464484959],[-72.43209149422101,-37.21037120644942],[-72.43177562718675,-37.21040745763097],[-72.43149581853031,-37.21039864265922],[-72.43142755845412,-37.21038707839937],[-72.43148916123211,-37.21015842679479],[-72.43169913446854,-37.209840821264116],[-72.43171714238439,-37.20967776934264],[-72.43172954309584,-37.20948440580818],[-72.43185771608128,-37.209230120894524],[-72.43217208851301,-37.20878758870554]]]}},{"type":"Feature","properties":{"zona_code":"ZH2","zona":"ZH2 Zona habitacional 2","comuna":"Yumbel"},"geometry":{"type":"Polygon","coordinates":[[[-72.43611244273399,-37.209326723099004],[-72.43630881847993,-37.20912970870138],[-72.43648547688868,-37.20891802943848],[-72.4366190375751,-37.208922614058835],[-72.43668368283271,-37.208947825413404],[-72.43682957740245,-37.20899099177777],[-72.43694388290902,-37.20899105789954],[-72.43709185610787,-37.208986759434445],[-72.43792489608612,-37.208779711146],[-72.43809731376666,-37.2087543836506],[-72.43815073897977,-37.20871897139276],[-72.43820385779237,-37.20867679462723],[-72.4382220778124,-37.208611930907445],[-72.43825113798813,-37.20850611933395],[-72.43827297205571,-37.208427606334034],[-72.43831156344628,-37.208345219568066],[-72.4384197228408,-37.20821002123056],[-72.43852987754525,-37.20811878344205],[-72.43865218849815,-37.20773599259024],[-72.43867394848948,-37.20756267239298],[-72.43903399299896,-37.20766056068353],[-72.43905497323976,-37.207842797133615],[-72.43908747022694,-37.208464882037205],[-72.43916608794002,-37.209170277225255],[-72.4392157320005,-37.20970382740023],[-72.4392679187004,-37.21001382503773],[-72.43934055728782,-37.21021487598452],[-72.43900708000615,-37.210701999770805],[-72.43898163839422,-37.21060793075135],[-72.43883674026665,-37.21049363059758],[-72.43869353303148,-37.21041652827867],[-72.43877786265425,-37.21031588299428],[-72.43881038321999,-37.210193040223544],[-72.43875619425765,-37.21002531409653],[-72.43873675114585,-37.209876893856624],[-72.43872184269208,-37.209735113298],[-72.43865444863685,-37.20909033986957],[-72.43864131023365,-37.208894332008725],[-72.43840108695463,-37.20910447510496],[-72.43828363054087,-37.20912820510691],[-72.43804917652957,-37.20918580921036],[-72.4376220852192,-37.20928964186782],[-72.43713595737691,-37.20939857419733],[-72.4368622224777,-37.20943022798647],[-72.43666528563388,-37.20938177227911],[-72.43638333136266,-37.20932562744373],[-72.43611244273399,-37.209326723099004]]]}},{"type":"Feature","properties":{"zona_code":"ZH2","zona":"ZH2 Zona habitacional 2","comuna":"Yumbel"},"geometry":{"type":"Polygon","coordinates":[[[-72.43946857912792,-37.21047018558266],[-72.43957357915556,-37.21073124308539],[-72.43973838559033,-37.21100410613564],[-72.43984538823403,-37.21112289261151],[-72.44012842688345,-37.21120269939468],[-72.44069958070587,-37.21128767159136],[-72.44131362937789,-37.21138493735478],[-72.44122246150214,-37.21180068479484],[-72.43977016250744,-37.21156357014916],[-72.43961972527062,-37.2115137674986],[-72.43942931878001,-37.211329685025525],[-72.43922276821547,-37.211163002401925],[-72.4391239942971,-37.210945781396966],[-72.43946857912792,-37.21047018558266]]]}},{"type":"Feature","properties":{"zona_code":"ZH2","zona":"ZH2 Zona habitacional 2","comuna":"Yumbel"},"geometry":{"type":"Polygon","coordinates":[[[-72.43900722392377,-37.21107784537479],[-72.43906471948763,-37.21122515939477],[-72.43951425631711,-37.2116150285046],[-72.43939140907695,-37.21189286843287],[-72.43925103872205,-37.211971442515505],[-72.43915633300927,-37.211936948135495],[-72.43906401226621,-37.211861753612006],[-72.43878927911325,-37.21159208410712],[-72.4385818078237,-37.21140511051391],[-72.43900722392377,-37.21107784537479]]]}},{"type":"Feature","properties":{"zona_code":"ZH2","zona":"ZH2 Zona habitacional 2","comuna":"Yumbel"},"geometry":{"type":"Polygon","coordinates":[[[-72.43973779774124,-37.2116897941203],[-72.44110665380023,-37.21190732722209],[-72.44160532263064,-37.211980858626454],[-72.44237589196382,-37.21216837424173],[-72.4429640455192,-37.212347649651136],[-72.44326154181239,-37.212372851401376],[-72.44330989521343,-37.21241207643313],[-72.44361262459509,-37.21255225045353],[-72.44398031202583,-37.2127243930602],[-72.44420017531117,-37.21290422457718],[-72.44425898747606,-37.212987162694326],[-72.4433321984287,-37.21271616960769],[-72.44273881541862,-37.2126081554697],[-72.44236490681212,-37.21257840326847],[-72.44200137452911,-37.21249755714269],[-72.44150493157457,-37.21237994440297],[-72.44125678711413,-37.21232282771153],[-72.44082668547263,-37.212267616414564],[-72.4404178786502,-37.21221517100432],[-72.4401106981805,-37.212163154750826],[-72.43982542532929,-37.2121274306048],[-72.43947596525717,-37.212076642167936],[-72.43957889758201,-37.212012701343724],[-72.43973779774124,-37.2116897941203]]]}},{"type":"Feature","properties":{"zona_code":"ZH2","zona":"ZH2 Zona habitacional 2","comuna":"Yumbel"},"geometry":{"type":"Polygon","coordinates":[[[-72.4298494117589,-37.20734815597405],[-72.43030286217649,-37.207825986200554],[-72.43068186780059,-37.20806217802051],[-72.43095364685773,-37.20826761800193],[-72.43128253492287,-37.20851880519153],[-72.43145456090264,-37.20857815065121],[-72.43195911585416,-37.20868879961959],[-72.43171308832464,-37.20905146941942],[-72.43134897006004,-37.208957063436706],[-72.43104796267492,-37.20885405365352],[-72.43079747399018,-37.20865138292733],[-72.43050470717104,-37.20844993698256],[-72.43029941092342,-37.20831028871263],[-72.43001479602626,-37.20810183445277],[-72.42989632043546,-37.20772941853769],[-72.42984347001892,-37.207497314069506],[-72.4298494117589,-37.20734815597405]]]}},{"type":"Feature","properties":{"zona_code":"ZH2","zona":"ZH2 Zona habitacional 2","comuna":"Yumbel"},"geometry":{"type":"Polygon","coordinates":[[[-72.62628859761784,-36.98540383115486],[-72.62636768068603,-36.98564689239133],[-72.62633043582828,-36.98575130185631],[-72.62608322334219,-36.985789336395726],[-72.62586097589899,-36.98581983550718],[-72.6256966869876,-36.985826552517075],[-72.6254260711839,-36.985816206176025],[-72.62536889032944,-36.98572314806645],[-72.62533471116106,-36.985670019645504],[-72.62533414901907,-36.98565818516433],[-72.62628859761784,-36.98540383115486]]]}},{"type":"Feature","properties":{"zona_code":"ZH2","zona":"ZH2 Zona habitacional 2","comuna":"Yumbel"},"geometry":{"type":"Polygon","coordinates":[[[-72.62526517062958,-36.98567214530915],[-72.62530356540942,-36.985725146334815],[-72.62530824245972,-36.98577917762978],[-72.62528666874833,-36.985813696418255],[-72.6251411668007,-36.98586046980803],[-72.62505151740518,-36.98588352674412],[-72.62488909569605,-36.98588510694931],[-72.62467350949824,-36.98587815500061],[-72.62467386845132,-36.98579688211073],[-72.62526517062958,-36.98567214530915]]]}},{"type":"Feature","properties":{"zona_code":"ZH2","zona":"ZH2 Zona habitacional 2","comuna":"Yumbel"},"geometry":{"type":"Polygon","coordinates":[[[-72.62627788436964,-36.98597373202527],[-72.62597730647573,-36.98701320206899],[-72.62543803123259,-36.98694504617967],[-72.6245800894143,-36.98683245563726],[-72.62466240110204,-36.98616629806762],[-72.6246598635872,-36.98594629052497],[-72.62475695921162,-36.98594670767536],[-72.6250125042668,-36.98595074538047],[-72.62524990447754,-36.98592824946153],[-72.62539376281754,-36.98593570156713],[-72.62561745739363,-36.98593563257617],[-72.62583410560539,-36.98592054196155],[-72.62592787116851,-36.98593968305474],[-72.62606330048565,-36.9859473910682],[-72.62616015500909,-36.98594273643266],[-72.62627788436964,-36.98597373202527]]]}},{"type":"Feature","properties":{"zona_code":"ZH2","zona":"ZH2 Zona habitacional 2","comuna":"Yumbel"},"geometry":{"type":"Polygon","coordinates":[[[-72.62449767745709,-36.98596394653047],[-72.6244878170545,-36.986178407515176],[-72.62441353102427,-36.98683585483315],[-72.62435210611456,-36.987364243979115],[-72.62395644882018,-36.98729846304124],[-72.62339011809412,-36.98719387987817],[-72.62310281920972,-36.98714340652421],[-72.6230922214309,-36.98709802011182],[-72.62314460401296,-36.98669010802608],[-72.62319618255488,-36.986443052769474],[-72.62318986008856,-36.98626548402628],[-72.62317095501245,-36.9861340107228],[-72.6240996596371,-36.985937175479364],[-72.62449767745709,-36.98596394653047]]]}},{"type":"Feature","properties":{"zona_code":"ZH2","zona":"ZH2 Zona habitacional 2","comuna":"Yumbel"},"geometry":{"type":"Polygon","coordinates":[[[-72.62300600368009,-36.986171218220846],[-72.62303149145464,-36.9864413134853],[-72.62300762825566,-36.986516533236035],[-72.62295887912316,-36.98677873976812],[-72.62292819176598,-36.987065788215894],[-72.62294250112303,-36.98714491981619],[-72.62299076760941,-36.98722809331805],[-72.62282784235114,-36.98726354496687],[-72.62277311147413,-36.9873109281755],[-72.6225945497826,-36.98732823448663],[-72.62223553924974,-36.987412002048636],[-72.62226285816968,-36.987053951513666],[-72.6222814250297,-36.98686715820639],[-72.62229124055135,-36.98667386108163],[-72.62234575322549,-36.986399628098205],[-72.62236022423468,-36.986304379718625],[-72.62300600368009,-36.986171218220846]]]}},{"type":"Feature","properties":{"zona_code":"ZH2","zona":"ZH2 Zona habitacional 2","comuna":"Yumbel"},"geometry":{"type":"Polygon","coordinates":[[[-72.62641564417297,-36.98607882267269],[-72.6265242054061,-36.98618723769799],[-72.62660043382965,-36.98628140449118],[-72.6266867788063,-36.98641081431188],[-72.62677635615832,-36.986563827044044],[-72.62675247931604,-36.98678294937396],[-72.62667427523687,-36.987357562766206],[-72.6265749244651,-36.98810889056835],[-72.62631091785931,-36.98797137157419],[-72.62619178143413,-36.98795131488407],[-72.62598397629372,-36.98793058339939],[-72.62612097973468,-36.98708329768678],[-72.62626931700751,-36.98665213425306],[-72.62641564417297,-36.98607882267269]]]}},{"type":"Feature","properties":{"zona_code":"ZH2","zona":"ZH2 Zona habitacional 2","comuna":"Yumbel"},"geometry":{"type":"Polygon","coordinates":[[[-72.62595068601689,-36.98807381025728],[-72.62618863685721,-36.98810716284997],[-72.62640792592771,-36.98819187579718],[-72.62655086815708,-36.988268765085515],[-72.62650207569817,-36.988663024948416],[-72.6263567223843,-36.98853541934244],[-72.62617131133385,-36.98845305860829],[-72.62598654307804,-36.988384218075936],[-72.62586415590302,-36.98838457553731],[-72.62595068601689,-36.98807381025728]]]}},{"type":"Feature","properties":{"zona_code":"ZH2","zona":"ZH2 Zona habitacional 2","comuna":"Yumbel"},"geometry":{"type":"Polygon","coordinates":[[[-72.62350369063792,-36.988407648923875],[-72.62347762308274,-36.98888078290292],[-72.6233369304927,-36.98885122338181],[-72.6230467952658,-36.98878560011351],[-72.6227012260438,-36.988708126368],[-72.6225089935555,-36.988659825802536],[-72.62224398735934,-36.98859004659331],[-72.62221264016567,-36.98837430500146],[-72.62220703133745,-36.98823396051688],[-72.6226852817502,-36.98830568855816],[-72.62312593147206,-36.98836332682861],[-72.62350369063792,-36.988407648923875]]]}},{"type":"Feature","properties":{"zona_code":"ZH2","zona":"ZH2 Zona habitacional 2","comuna":"Yumbel"},"geometry":{"type":"Polygon","coordinates":[[[-72.62228525041448,-36.98874792434241],[-72.62281883754612,-36.988873828818264],[-72.62346702689341,-36.98901315762823],[-72.62410534433263,-36.98912231126429],[-72.62402053858881,-36.98991382498473],[-72.6237537215416,-36.98989489348205],[-72.62248972145747,-36.98967619306858],[-72.62228525041448,-36.98874792434241]]]}},{"type":"Feature","properties":{"zona_code":"ZH2","zona":"ZH2 Zona habitacional 2","comuna":"Yumbel"},"geometry":{"type":"Polygon","coordinates":[[[-72.62427132640451,-36.98915109654068],[-72.62473176050824,-36.98920304539629],[-72.6247176366535,-36.989438799002855],[-72.62470208546405,-36.989600105946145],[-72.62467794463726,-36.98975828938707],[-72.62462745153687,-36.9899392870431],[-72.62459869459158,-36.990089147112634],[-72.62453762124954,-36.99018074097056],[-72.62427736631398,-36.99016668969179],[-72.62411850727608,-36.99015461612763],[-72.62417050837897,-36.990049755879966],[-72.62427132640451,-36.98915109654068]]]}},{"type":"Feature","properties":{"zona_code":"ZED","zona":"ZED Zona de equipamiento deportivo","comuna":"Yumbel"},"geometry":{"type":"Polygon","coordinates":[[[-72.57100790990283,-37.09227602142454],[-72.5707228536295,-37.093225908138194],[-72.57000341711603,-37.09320696457262],[-72.57001054951336,-37.09227900110117],[-72.57059332622914,-37.092268204478756],[-72.57100790990283,-37.09227602142454]]]}},{"type":"Feature","properties":{"zona_code":"ZED","zona":"ZED Zona de equipamiento deportivo","comuna":"Yumbel"},"geometry":{"type":"Polygon","coordinates":[[[-72.55962719971313,-37.09700319926768],[-72.55824714515084,-37.096850205057926],[-72.5589051566895,-37.0939320556583],[-72.56053599150715,-37.093916899324554],[-72.56054313568185,-37.09391636055771],[-72.56055477641137,-37.09395696599319],[-72.560644262136,-37.094062625659355],[-72.56073438192436,-37.094181810964784],[-72.56060470080274,-37.09430083234629],[-72.56049126790978,-37.09440582103128],[-72.5603466026421,-37.094565924182405],[-72.56024319520084,-37.09470447074315],[-72.56021576439035,-37.094840733147585],[-72.56022146593891,-37.09496245627565],[-72.56028911244488,-37.09514326411288],[-72.56035897690168,-37.09537140914458],[-72.56035465347601,-37.09545957324239],[-72.56030157986012,-37.095589835680734],[-72.5602144209449,-37.09571434966531],[-72.56011882034312,-37.09583911786159],[-72.56002226829477,-37.09594359831252],[-72.5599942027767,-37.096066336715175],[-72.55990335352335,-37.09629254019429],[-72.55982685296686,-37.09646413769664],[-72.55974940211934,-37.09661544750348],[-72.55971511053677,-37.096785775450805],[-72.55962719971313,-37.09700319926768]]]}},{"type":"Feature","properties":{"zona_code":"ZED","zona":"ZED Zona de equipamiento deportivo","comuna":"Yumbel"},"geometry":{"type":"Polygon","coordinates":[[[-72.56122902019348,-37.087621042495435],[-72.5608377231826,-37.08910231175746],[-72.56072209023084,-37.08943083997485],[-72.5599232324059,-37.08933973143844],[-72.55927505126446,-37.08921700159671],[-72.55885699950548,-37.08913475636473],[-72.55907245026675,-37.08813958304203],[-72.55927861368063,-37.08730721424586],[-72.56025882741629,-37.0874809118423],[-72.56113648588476,-37.0876305972913],[-72.56122902019348,-37.087621042495435]]]}},{"type":"Feature","properties":{"zona_code":"ZED","zona":"ZED Zona de equipamiento deportivo","comuna":"Yumbel"},"geometry":{"type":"Polygon","coordinates":[[[-72.55539441564339,-37.09376577600328],[-72.5563476978555,-37.093723610753],[-72.55634695251521,-37.094069001395845],[-72.55673337531917,-37.0940167660658],[-72.55679731726309,-37.094299266000846],[-72.55648781973063,-37.09436950746837],[-72.55614138938978,-37.094373138335634],[-72.55611331725507,-37.09449587561968],[-72.55616512070469,-37.09488031928267],[-72.55598098238738,-37.094919707810995],[-72.55552670396541,-37.09496720569556],[-72.55521182390197,-37.094922483428405],[-72.55539441564339,-37.09376577600328]]]}},{"type":"Feature","properties":{"zona_code":"ZED","zona":"ZED Zona de equipamiento deportivo","comuna":"Yumbel"},"geometry":{"type":"Polygon","coordinates":[[[-72.55437030055269,-37.099342715728945],[-72.55596771305935,-37.09861079919652],[-72.55578787064833,-37.0996455297533],[-72.55554829398481,-37.10066850977677],[-72.55415391649385,-37.100500435100365],[-72.55431076789556,-37.09969664198213],[-72.55437030055269,-37.099342715728945]]]}},{"type":"Feature","properties":{"zona_code":"ZED","zona":"ZED Zona de equipamiento deportivo","comuna":"Yumbel"},"geometry":{"type":"Polygon","coordinates":[[[-72.55183286365914,-37.104291239340256],[-72.5531436696057,-37.10447877696217],[-72.55291759861606,-37.10570111792524],[-72.5526080032807,-37.105679932993255],[-72.55159367953594,-37.10559523476584],[-72.55175162369044,-37.104723692133206],[-72.55183286365914,-37.104291239340256]]]}},{"type":"Feature","properties":{"zona_code":"ZED","zona":"ZED Zona de equipamiento deportivo","comuna":"Yumbel"},"geometry":{"type":"Polygon","coordinates":[[[-72.55556752234511,-37.10487328905913],[-72.55516302610035,-37.10598586926786],[-72.55403107695574,-37.10582684647367],[-72.55433722930542,-37.10469013432741],[-72.55556752234511,-37.10487328905913]]]}},{"type":"Feature","properties":{"zona_code":"ZED","zona":"ZED Zona de equipamiento deportivo","comuna":"Yumbel"},"geometry":{"type":"Polygon","coordinates":[[[-72.62468821268851,-37.204883727698004],[-72.62536527758733,-37.2049899504404],[-72.62548540765515,-37.20502351258851],[-72.62562877675487,-37.20510037930649],[-72.62564241206087,-37.20520830853483],[-72.62569243755372,-37.20545732883857],[-72.62573255119314,-37.205676179074715],[-72.62578795291874,-37.20586070269215],[-72.62581151655215,-37.205910768364156],[-72.62583929132114,-37.20604873699021],[-72.62588283950996,-37.20616252184157],[-72.62594280769777,-37.20626564488281],[-72.62604634134517,-37.20639451913639],[-72.62615622281557,-37.20647918325457],[-72.62631682621269,-37.20656229219701],[-72.62650620835933,-37.206627589756806],[-72.62701033306597,-37.206635836086804],[-72.62737984944467,-37.20666175080659],[-72.62770921565317,-37.206644879172345],[-72.62797354660678,-37.20668417509067],[-72.6281120454353,-37.206747644047624],[-72.6283662896117,-37.206841421960746],[-72.62861875244516,-37.20689800979245],[-72.62886520438589,-37.206917537326675],[-72.62919635501,-37.20693785116537],[-72.62938769722741,-37.20695568193368],[-72.62973753959751,-37.207012665359755],[-72.63002576355431,-37.20710878275048],[-72.62989372566504,-37.20735661520731],[-72.62959437363753,-37.207822888955675],[-72.62914932363721,-37.20851709796837],[-72.62856816721512,-37.20822681307257],[-72.62743887134489,-37.207628293028655],[-72.62620474695727,-37.2069618719723],[-72.62539831177772,-37.20656335787344],[-72.62486351671978,-37.206268247933856],[-72.62420030638638,-37.20592120175919],[-72.62420620503194,-37.20569078376078],[-72.62427179965076,-37.20529262980891],[-72.62430419250613,-37.205085100431845],[-72.62435153180016,-37.20492451534526],[-72.62449752458593,-37.20487941245042],[-72.62468821268851,-37.204883727698004]]]}},{"type":"Feature","properties":{"zona_code":"ZED","zona":"ZED Zona de equipamiento deportivo","comuna":"Yumbel"},"geometry":{"type":"Polygon","coordinates":[[[-72.55079805128231,-37.12149245864343],[-72.55083082298864,-37.122193214367],[-72.55039349094848,-37.122064118541566],[-72.55021795235271,-37.12192717220468],[-72.54963032743423,-37.1214775278343],[-72.54878209680996,-37.12087993792687],[-72.54774051035078,-37.12012560893274],[-72.54667297920822,-37.119358503652904],[-72.5453783329449,-37.11843566324513],[-72.54348211466645,-37.11712449502299],[-72.54252854624048,-37.1164419745886],[-72.54385089226962,-37.11542301651917],[-72.54639145282438,-37.11695190033305],[-72.54721672933475,-37.117421530882126],[-72.54811236128747,-37.11849174757622],[-72.54871250490764,-37.11902905912936],[-72.54947351239929,-37.119751159296094],[-72.54989001389896,-37.120158531467126],[-72.55010754808968,-37.120470289687944],[-72.55070325969062,-37.121454669304825],[-72.55079805128231,-37.12149245864343]]]}},{"type":"Feature","properties":{"zona_code":"ZED","zona":"ZED Zona de equipamiento deportivo","comuna":"Yumbel"},"geometry":{"type":"Polygon","coordinates":[[[-72.53850341627574,-37.144516836268785],[-72.53805225269272,-37.145363267251916],[-72.53657562878345,-37.144718347666725],[-72.53701148857128,-37.143906239814804],[-72.53807291854733,-37.144355326864755],[-72.53823602347549,-37.144406320340835],[-72.53850341627574,-37.144516836268785]]]}},{"type":"Feature","properties":{"zona_code":"ZED","zona":"ZED Zona de equipamiento deportivo","comuna":"Yumbel"},"geometry":{"type":"Polygon","coordinates":[[[-72.43813265994557,-37.206317105640174],[-72.4389074026721,-37.206132060869585],[-72.43928978864606,-37.20700131466862],[-72.43847729550576,-37.20719423130593],[-72.43813265994557,-37.206317105640174]]]}},{"type":"Feature","properties":{"zona_code":"ZED","zona":"ZED Zona de equipamiento deportivo","comuna":"Yumbel"},"geometry":{"type":"Polygon","coordinates":[[[-72.62453762124954,-36.99018074097056],[-72.62460443899671,-36.99029889876423],[-72.62474674107104,-36.990362266200236],[-72.62497675190953,-36.990406022055055],[-72.62519929764142,-36.99047032205977],[-72.6252551773698,-36.99058034867072],[-72.62525044277088,-36.99065836971905],[-72.625215685488,-36.99081518448056],[-72.62516422850757,-36.990975896220085],[-72.62506949932698,-36.99111423029552],[-72.62487120301898,-36.99120494197272],[-72.62475607768977,-36.99126940830607],[-72.62470401560469,-36.99132856085688],[-72.62466472087031,-36.99147874345833],[-72.624555981861,-36.991537114463874],[-72.62450419624909,-36.99156491330349],[-72.62435812067453,-36.99159985261691],[-72.62417314673785,-36.99161566558691],[-72.62402594589308,-36.99162693732059],[-72.62381066570151,-36.99162674619749],[-72.62367936052163,-36.991617216476115],[-72.62374587449703,-36.99150683422271],[-72.62385128001516,-36.99106005511711],[-72.62392794510468,-36.990719119162264],[-72.62402211181654,-36.99039119228596],[-72.62411850727608,-36.99015461612763],[-72.62427736631398,-36.99016668969179],[-72.62453762124954,-36.99018074097056]]]}},{"type":"Feature","properties":{"zona_code":"ZH1","zona":"ZH1 Zona habitacional 1","comuna":"Yumbel"},"geometry":{"type":"Polygon","coordinates":[[[-72.56598249797307,-37.097773848070055],[-72.56582158287897,-37.09884865228867],[-72.56453760924929,-37.09869091992866],[-72.5646998122251,-37.09764316588625],[-72.56598249797307,-37.097773848070055]]]}},{"type":"Feature","properties":{"zona_code":"ZH1","zona":"ZH1 Zona habitacional 1","comuna":"Yumbel"},"geometry":{"type":"Polygon","coordinates":[[[-72.5658546846428,-37.09901356677904],[-72.56574883636272,-37.09946031324567],[-72.56567866047331,-37.0999466162016],[-72.56563301718833,-37.10041525112375],[-72.56558721590187,-37.100880505030254],[-72.56553760573686,-37.10126461011714],[-72.56548942269774,-37.1016791465913],[-72.56465713717654,-37.101599236723246],[-72.56417616969459,-37.101529064986245],[-72.56422385842745,-37.10083351008904],[-72.56428465059254,-37.10032717444373],[-72.56431605258797,-37.09982510929669],[-72.56442200707038,-37.09929032601879],[-72.56451129494378,-37.09885085119081],[-72.5658546846428,-37.09901356677904]]]}},{"type":"Feature","properties":{"zona_code":"ZH1","zona":"ZH1 Zona habitacional 1","comuna":"Yumbel"},"geometry":{"type":"Polygon","coordinates":[[[-72.56695718545892,-37.09206287673483],[-72.56683989387174,-37.09289596651625],[-72.56658378807168,-37.094193725124065],[-72.56535714430825,-37.09408506265958],[-72.56556103465778,-37.092755018541425],[-72.56569258875663,-37.09195535958459],[-72.56695718545892,-37.09206287673483]]]}},{"type":"Feature","properties":{"zona_code":"ZH1","zona":"ZH1 Zona habitacional 1","comuna":"Yumbel"},"geometry":{"type":"Polygon","coordinates":[[[-72.5655192212877,-37.09195380741402],[-72.56535669289629,-37.09272392461985],[-72.56516298470608,-37.094090907030235],[-72.56377515809041,-37.09397015073828],[-72.56388663962719,-37.09328283408001],[-72.56408811646372,-37.09181065461842],[-72.5655192212877,-37.09195380741402]]]}},{"type":"Feature","properties":{"zona_code":"ZH1","zona":"ZH1 Zona habitacional 1","comuna":"Yumbel"},"geometry":{"type":"Polygon","coordinates":[[[-72.56392271547152,-37.09179870172404],[-72.56357144834817,-37.09395257845273],[-72.56231447025301,-37.093827866589876],[-72.56247632285042,-37.092681932567935],[-72.56258965892965,-37.09194377148098],[-72.5626243588621,-37.09169216758685],[-72.56392271547152,-37.09179870172404]]]}},{"type":"Feature","properties":{"zona_code":"ZH1","zona":"ZH1 Zona habitacional 1","comuna":"Yumbel"},"geometry":{"type":"Polygon","coordinates":[[[-72.5641039405371,-37.0904354821813],[-72.5639214862049,-37.09159219596855],[-72.56265800796199,-37.091508313563324],[-72.56284702150413,-37.09031077260961],[-72.5641039405371,-37.0904354821813]]]}},{"type":"Feature","properties":{"zona_code":"ZH1","zona":"ZH1 Zona habitacional 1","comuna":"Yumbel"},"geometry":{"type":"Polygon","coordinates":[[[-72.56159122688204,-37.09160811710499],[-72.56245684823145,-37.09168027650912],[-72.56229181939207,-37.092623149028626],[-72.56212780302353,-37.09381316573305],[-72.56125292232691,-37.09372435344649],[-72.56110909641625,-37.093721905727755],[-72.56114344069628,-37.09364299647991],[-72.56118505986207,-37.09344874578798],[-72.56121090516842,-37.09327867063082],[-72.56118705085927,-37.09313040569196],[-72.56112225689492,-37.09301046036794],[-72.56107418705388,-37.092886625308644],[-72.5611236705974,-37.09277001479263],[-72.5611656067504,-37.092582526028565],[-72.56122521790881,-37.09241143607258],[-72.5614326128562,-37.0923273232427],[-72.56157368487955,-37.092180870931195],[-72.56160111316977,-37.092044608057265],[-72.56162089153479,-37.09192550443247],[-72.5616104925528,-37.0917937650873],[-72.5616179258624,-37.09168180546286],[-72.56159122688204,-37.09160811710499]]]}},{"type":"Feature","properties":{"zona_code":"ZH1","zona":"ZH1 Zona habitacional 1","comuna":"Yumbel"},"geometry":{"type":"Polygon","coordinates":[[[-72.56265566642621,-37.09028605585057],[-72.56248664438759,-37.09145929296779],[-72.56146533372004,-37.09140197366084],[-72.56140866510479,-37.091275011254865],[-72.5613832833368,-37.09118435413542],[-72.56137304301494,-37.091055995743275],[-72.56136581207942,-37.09099188035922],[-72.56135636397678,-37.09088042773975],[-72.56137303163482,-37.09078511952724],[-72.56134875977938,-37.09071813014126],[-72.56132680757288,-37.09061044050971],[-72.56130533121899,-37.09051289290886],[-72.56125072235373,-37.09042988670938],[-72.561175644528,-37.09036103898606],[-72.56116762168034,-37.09028001691386],[-72.56122465145009,-37.090234284504774],[-72.5613312203889,-37.0901633616428],[-72.56265566642621,-37.09028605585057]]]}},{"type":"Feature","properties":{"zona_code":"ZH1","zona":"ZH1 Zona habitacional 1","comuna":"Yumbel"},"geometry":{"type":"Polygon","coordinates":[[[-72.56117093815571,-37.09386902830309],[-72.56127677691543,-37.09387261746931],[-72.56211319599015,-37.093952428488976],[-72.56196895504677,-37.09502334185179],[-72.5613909494959,-37.094956075639075],[-72.5609028518613,-37.094913190686576],[-72.5608938899467,-37.09508275794372],[-72.56079390058592,-37.09493339648194],[-72.56078993812652,-37.0948488667036],[-72.56085493951818,-37.094792737413094],[-72.56098852539365,-37.0946668262177],[-72.56114822889003,-37.09455705937023],[-72.56126070968796,-37.09443178237346],[-72.56130254499844,-37.09433233288117],[-72.56130137872513,-37.094217244931265],[-72.56130554268923,-37.09412569977091],[-72.56129282321321,-37.09403466064368],[-72.5612330411117,-37.09393149439202],[-72.56117093815571,-37.09386902830309]]]}},{"type":"Feature","properties":{"zona_code":"ZH1","zona":"ZH1 Zona habitacional 1","comuna":"Yumbel"},"geometry":{"type":"Polygon","coordinates":[[[-72.56231300228777,-37.09397689290858],[-72.56356138221854,-37.09409847752087],[-72.56342528597908,-37.095162374182],[-72.56215673513975,-37.0950617116914],[-72.56231300228777,-37.09397689290858]]]}},{"type":"Feature","properties":{"zona_code":"ZH1","zona":"ZH1 Zona habitacional 1","comuna":"Yumbel"},"geometry":{"type":"Polygon","coordinates":[[[-72.56375991962965,-37.094095888999355],[-72.56515603242173,-37.094213010849],[-72.5649579140847,-37.09530586448647],[-72.56362103252722,-37.09519034427988],[-72.56375991962965,-37.094095888999355]]]}},{"type":"Feature","properties":{"zona_code":"ZH1","zona":"ZH1 Zona habitacional 1","comuna":"Yumbel"},"geometry":{"type":"Polygon","coordinates":[[[-72.56533426026512,-37.09422796165658],[-72.5665906112371,-37.094339115161596],[-72.56641863256601,-37.09544811351093],[-72.56622779931512,-37.09642562680618],[-72.56604162563399,-37.09759261263023],[-72.56471493794642,-37.09747002728989],[-72.56513259224337,-37.09515501023881],[-72.56533426026512,-37.09422796165658]]]}},{"type":"Feature","properties":{"zona_code":"ZH1","zona":"ZH1 Zona habitacional 1","comuna":"Yumbel"},"geometry":{"type":"Polygon","coordinates":[[[-72.56548954837788,-37.101861983647964],[-72.56543558658637,-37.10251370997455],[-72.56537335083704,-37.10398000492625],[-72.56445902698522,-37.103773899366985],[-72.56324596092142,-37.1035073631059],[-72.56234900862538,-37.103310874683416],[-72.5624422866895,-37.102730764697114],[-72.56256420548577,-37.102001282486384],[-72.56262514243917,-37.10153679562264],[-72.56364795384492,-37.10164569297449],[-72.56412279632225,-37.10168864897705],[-72.56448072957151,-37.10175860767384],[-72.56548954837788,-37.101861983647964]]]}},{"type":"Feature","properties":{"zona_code":"ZH1","zona":"ZH1 Zona habitacional 1","comuna":"Yumbel"},"geometry":{"type":"Polygon","coordinates":[[[-72.6192657109542,-37.19755514798702],[-72.6192571609058,-37.19790753878641],[-72.61926230831767,-37.198103760890454],[-72.61926565423362,-37.198350826806724],[-72.61931966840493,-37.1987724063344],[-72.6193560178807,-37.199001533226635],[-72.61900619403106,-37.19903254940991],[-72.61899025825842,-37.19905335220605],[-72.61902321190064,-37.199211479124536],[-72.61938084311109,-37.199166680098344],[-72.61947216012103,-37.1993060926627],[-72.61957126132218,-37.19951975574621],[-72.61967216320706,-37.19968257581613],[-72.61983720239729,-37.20012445980086],[-72.6198974805286,-37.200234348341354],[-72.6199757283291,-37.200631485650305],[-72.62003884940957,-37.201066329703444],[-72.6200678576362,-37.201407413727146],[-72.62005626346398,-37.201607533952256],[-72.61998207934303,-37.20182649819799],[-72.61991195946764,-37.20204195279927],[-72.61982197751783,-37.20237313413612],[-72.61969524756832,-37.202732526763846],[-72.61957211942618,-37.20299023341859],[-72.61951077436612,-37.20321219056869],[-72.61942975121846,-37.20346522284896],[-72.6189489276142,-37.2033241822822],[-72.61911889820271,-37.2029837832615],[-72.61927912097434,-37.20261659530616],[-72.61936033082043,-37.202278909815476],[-72.61938315102338,-37.202047974457294],[-72.6194026481324,-37.20148193989986],[-72.61937546858297,-37.20100197956083],[-72.61931033958425,-37.200790663055606],[-72.61924553469225,-37.20058610843596],[-72.6190817920513,-37.20017127138418],[-72.6188911001182,-37.19963536726837],[-72.61873805223406,-37.19935563574822],[-72.61855479865744,-37.198975254127994],[-72.61829843104651,-37.19848198688801],[-72.61805687292443,-37.19794425075875],[-72.61804812187441,-37.19784971441046],[-72.6180816360166,-37.19775388527287],[-72.61815041442418,-37.197687450773124],[-72.61828242567564,-37.197615696825366],[-72.61859827124023,-37.19758233566954],[-72.6192657109542,-37.19755514798702]]]}},{"type":"Feature","properties":{"zona_code":"ZH1","zona":"ZH1 Zona habitacional 1","comuna":"Yumbel"},"geometry":{"type":"Polygon","coordinates":[[[-72.623480801207,-37.20506122781213],[-72.62349655659895,-37.20512507697414],[-72.62340203597685,-37.205449627244356],[-72.62334090128654,-37.205498901548566],[-72.62305806956289,-37.20533827188606],[-72.62266778950627,-37.20514368606263],[-72.62242868471353,-37.20501218831785],[-72.62202214886338,-37.204831641806194],[-72.6216952760574,-37.204635111789095],[-72.62136579463886,-37.20447251908486],[-72.62106654992407,-37.204322544248974],[-72.62062117172053,-37.20412625258857],[-72.62027559645419,-37.203981079011875],[-72.61989782665101,-37.20387074743289],[-72.6194760119592,-37.203724518316506],[-72.61905646302253,-37.203625620193975],[-72.61883750713008,-37.203561214790035],[-72.61891199545812,-37.20343704582051],[-72.61962607093326,-37.20367591100985],[-72.61971889721183,-37.20366968539839],[-72.62000580368243,-37.20373878149288],[-72.62031026319188,-37.20382088257262],[-72.62038618264954,-37.20381517365917],[-72.62041629844224,-37.20364834479321],[-72.62055723481141,-37.2036745049403],[-72.62119082695564,-37.20400047010006],[-72.62181890415907,-37.20429951311601],[-72.6220285801571,-37.20443530008202],[-72.6221312956178,-37.20454727451776],[-72.62229219452566,-37.20472518401902],[-72.62238093640933,-37.204810498547076],[-72.62251716172558,-37.204826642262795],[-72.62278375054014,-37.204913282843705],[-72.62313715941939,-37.204956633723604],[-72.62329581466192,-37.20499917694482],[-72.623480801207,-37.20506122781213]]]}},{"type":"Feature","properties":{"zona_code":"ZH1","zona":"ZH1 Zona habitacional 1","comuna":"Yumbel"},"geometry":{"type":"Polygon","coordinates":[[[-72.54234621342823,-37.142300923190035],[-72.54223182026044,-37.14238730222432],[-72.54168983492858,-37.14364277783676],[-72.54080069504285,-37.14335109589541],[-72.5398157209656,-37.14299963253203],[-72.54043628191492,-37.14179599019686],[-72.54053512373906,-37.14173885912971],[-72.54108300378711,-37.14187822589751],[-72.54215911147357,-37.1422794337696],[-72.54234621342823,-37.142300923190035]]]}},{"type":"Feature","properties":{"zona_code":"ZH1","zona":"ZH1 Zona habitacional 1","comuna":"Yumbel"},"geometry":{"type":"Polygon","coordinates":[[[-72.53973621667386,-37.1431086678199],[-72.54164530652069,-37.143776162368184],[-72.54121549682247,-37.144716772573545],[-72.54113986006983,-37.14490864842695],[-72.54078031192347,-37.14554241936598],[-72.5405014465593,-37.146092512228684],[-72.53887076077608,-37.14540990624577],[-72.53870930975124,-37.145394417158194],[-72.5386249024491,-37.14557978176077],[-72.53834562235622,-37.145486550853484],[-72.5387549848782,-37.1445601055732],[-72.53896510341356,-37.14462154371212],[-72.53973621667386,-37.1431086678199]],[[-72.54059269244036,-37.14387875437662],[-72.53994112419502,-37.14364767933342],[-72.53988238638944,-37.14365790105941],[-72.53959773692961,-37.14422001630768],[-72.53960330058254,-37.14424863032366],[-72.5402662230893,-37.14449629791103],[-72.54031862529314,-37.14448626527651],[-72.54059732928106,-37.14393279072442],[-72.54059269244036,-37.14387875437662]]]}},{"type":"Feature","properties":{"zona_code":"ZH1","zona":"ZH1 Zona habitacional 1","comuna":"Yumbel"},"geometry":{"type":"Polygon","coordinates":[[[-72.54235147809538,-37.143274228047744],[-72.5427628725925,-37.144294632783144],[-72.54267760840177,-37.14464255188804],[-72.54251860461753,-37.14522292186074],[-72.54249535451929,-37.14535905608306],[-72.54251813091541,-37.14557507537012],[-72.54248078772827,-37.14604345430822],[-72.5424474707466,-37.14641690652161],[-72.54234120270999,-37.146677418814576],[-72.54216427288048,-37.14705516833349],[-72.54083585063621,-37.146505754670926],[-72.54092775374727,-37.146299849036176],[-72.54091693866422,-37.146249382956306],[-72.54155080811307,-37.14505888078105],[-72.54235147809538,-37.143274228047744]]]}},{"type":"Feature","properties":{"zona_code":"ZH1","zona":"ZH1 Zona habitacional 1","comuna":"Yumbel"},"geometry":{"type":"Polygon","coordinates":[[[-72.54286842660753,-37.14456235026386],[-72.54325472970596,-37.14540743446119],[-72.543276204388,-37.14550498354432],[-72.54337078874342,-37.14571885381027],[-72.54357657776588,-37.146230744457355],[-72.5436418721098,-37.14636084219092],[-72.54365805960008,-37.146526269478585],[-72.54362340298813,-37.14668983225991],[-72.5434919535404,-37.14695448532914],[-72.54327646199786,-37.14750268812515],[-72.54232746471817,-37.14710784601975],[-72.54244450923647,-37.14680637997614],[-72.54255219888788,-37.146576297971606],[-72.54262376673333,-37.14638792898009],[-72.54266387363955,-37.146159870256795],[-72.5426572797829,-37.14574698105099],[-72.54266979271385,-37.145380923128194],[-72.54286842660753,-37.14456235026386]]]}},{"type":"Feature","properties":{"zona_code":"ZH1","zona":"ZH1 Zona habitacional 1","comuna":"Yumbel"},"geometry":{"type":"Polygon","coordinates":[[[-72.4376483399691,-37.20599934712527],[-72.43721026207383,-37.20632697547961],[-72.43640882336874,-37.20676335213498],[-72.4361407066374,-37.20682531516709],[-72.43538739477668,-37.20701649220548],[-72.43503056316602,-37.2071758383768],[-72.43478133410879,-37.20746750034688],[-72.4345013496534,-37.20782777600212],[-72.43447327201221,-37.20804868322684],[-72.43449891270436,-37.20842717549244],[-72.43456423938011,-37.208560720255115],[-72.43481088595203,-37.20886507582969],[-72.43487798607516,-37.20894439241749],[-72.43451098540415,-37.20925301814903],[-72.43427671487878,-37.208941530726776],[-72.43401615971477,-37.20861049004231],[-72.43396859801788,-37.208401935801916],[-72.43396094488918,-37.20804662386849],[-72.43398648304297,-37.20786303671663],[-72.43405353110926,-37.207661314878585],[-72.43413648461825,-37.20753023773533],[-72.43434405296765,-37.207253330226415],[-72.43449280680532,-37.20707971007203],[-72.43465078389008,-37.206922753000434],[-72.43481167441671,-37.20683004533125],[-72.43498870836055,-37.206719937845996],[-72.43527189492617,-37.206616907030075],[-72.43585009765768,-37.206484993435716],[-72.43618462783759,-37.206394013566374],[-72.43662262876063,-37.206157813531775],[-72.43708476368008,-37.20589382324918],[-72.43731291317282,-37.205697576799714],[-72.43758008379774,-37.205987786545926],[-72.4376483399691,-37.20599934712527]]]}},{"type":"Feature","properties":{"zona_code":"ZH1","zona":"ZH1 Zona habitacional 1","comuna":"Yumbel"},"geometry":{"type":"Polygon","coordinates":[[[-72.43503878896746,-37.20903622619523],[-72.4352329200235,-37.209069529256624],[-72.43549168234911,-37.20931427516181],[-72.43560840166057,-37.20941416031413],[-72.43588658247724,-37.20957369089115],[-72.43570315973082,-37.209729695484874],[-72.4355577872542,-37.209884595586985],[-72.43535205158031,-37.2097822159307],[-72.43510888802142,-37.209601351642604],[-72.4349781044538,-37.209471400239714],[-72.43476741039605,-37.20939963921907],[-72.43464273040748,-37.20935754645864],[-72.43481539012194,-37.20924418058015],[-72.43503878896746,-37.20903622619523]]]}},{"type":"Feature","properties":{"zona_code":"ZH1","zona":"ZH1 Zona habitacional 1","comuna":"Yumbel"},"geometry":{"type":"Polygon","coordinates":[[[-72.43540176826099,-37.209012142381674],[-72.43550635543335,-37.2089379991612],[-72.43572951496658,-37.2088180867136],[-72.4358533142095,-37.20879417582964],[-72.43593009860948,-37.20890029863625],[-72.43612725856644,-37.209046944283834],[-72.43630881847993,-37.20912970870138],[-72.43611244273399,-37.209326723099004],[-72.4359972456387,-37.20944688671686],[-72.43569723529718,-37.209272753238984],[-72.43540176826099,-37.209012142381674]]]}},{"type":"Feature","properties":{"zona_code":"ZH1","zona":"ZH1 Zona habitacional 1","comuna":"Yumbel"},"geometry":{"type":"Polygon","coordinates":[[[-72.43567014344548,-37.20867590411563],[-72.4354770811159,-37.20875938908587],[-72.43527939843528,-37.20892765900762],[-72.43503814877428,-37.208882179550564],[-72.434924089194,-37.20870095272601],[-72.43480749180897,-37.20855704487845],[-72.4346485396653,-37.208412674155575],[-72.43465903983065,-37.20831756009603],[-72.43521894965167,-37.208341936549175],[-72.43536936981792,-37.20848486184776],[-72.43559278036194,-37.20860365788084],[-72.43567014344548,-37.20867590411563]]]}},{"type":"Feature","properties":{"zona_code":"ZH1","zona":"ZH1 Zona habitacional 1","comuna":"Yumbel"},"geometry":{"type":"Polygon","coordinates":[[[-72.43520130051587,-37.20795305495031],[-72.43467475594255,-37.20791755116436],[-72.43474948306054,-37.20779179152735],[-72.43493352419881,-37.20755619808058],[-72.43515031279092,-37.20729595140838],[-72.4354357343201,-37.207148836725345],[-72.43569178222234,-37.20710076942039],[-72.43594706378325,-37.20703579348528],[-72.43645309031173,-37.20689920012599],[-72.43696580890695,-37.206630356298696],[-72.43732517114273,-37.206433683939984],[-72.43760497496501,-37.206256252265526],[-72.43769898570692,-37.206182414244964],[-72.43787008843661,-37.20622146134013],[-72.43791482219264,-37.20627433854747],[-72.43802673014355,-37.20650133678809],[-72.4377212533033,-37.20667274279521],[-72.43752446699773,-37.20681390104471],[-72.4370200511554,-37.20707912233281],[-72.43673962925796,-37.20724302524891],[-72.4365225521371,-37.2073102792829],[-72.43632207706393,-37.20737027849452],[-72.4360539580635,-37.20743224214119],[-72.43581874083249,-37.20747293298767],[-72.43562641355956,-37.20752592248644],[-72.43540364079699,-37.2076542880305],[-72.43520130051587,-37.20795305495031]]]}},{"type":"Feature","properties":{"zona_code":"ZH1","zona":"ZH1 Zona habitacional 1","comuna":"Yumbel"},"geometry":{"type":"Polygon","coordinates":[[[-72.62435210611456,-36.987364243979115],[-72.6242842378008,-36.987801410489986],[-72.62402489338983,-36.987761936215044],[-72.62344216096902,-36.98762314849917],[-72.62345093057218,-36.98731899356042],[-72.62339011809412,-36.98719387987817],[-72.62395644882018,-36.98729846304124],[-72.62435210611456,-36.987364243979115]]]}},{"type":"Feature","properties":{"zona_code":"ZH1","zona":"ZH1 Zona habitacional 1","comuna":"Yumbel"},"geometry":{"type":"Polygon","coordinates":[[[-72.62299076760941,-36.98722809331805],[-72.62310421391614,-36.98728388017926],[-72.62329636234956,-36.987330489153734],[-72.62327761867617,-36.98773568021291],[-72.62354408739915,-36.98779186881203],[-72.62354174024578,-36.987964623432944],[-72.62350369063792,-36.988407648923875],[-72.62312593147206,-36.98836332682861],[-72.6226852817502,-36.98830568855816],[-72.62272195144428,-36.987877941315176],[-72.62274501226489,-36.987608055469465],[-72.62274186196208,-36.98740838187843],[-72.62277311147413,-36.9873109281755],[-72.62282784235114,-36.98726354496687],[-72.62299076760941,-36.98722809331805]]]}},{"type":"Feature","properties":{"zona_code":"ZH1","zona":"ZH1 Zona habitacional 1","comuna":"Yumbel"},"geometry":{"type":"Polygon","coordinates":[[[-72.6245800894143,-36.98683245563726],[-72.62543803123259,-36.98694504617967],[-72.62597730647573,-36.98701320206899],[-72.6258014583933,-36.98790907783046],[-72.62444697497705,-36.987828602022965],[-72.6245800894143,-36.98683245563726]]]}},{"type":"Feature","properties":{"zona_code":"ZH1","zona":"ZH1 Zona habitacional 1","comuna":"Yumbel"},"geometry":{"type":"Polygon","coordinates":[[[-72.62577432986052,-36.98804873019258],[-72.62573307234699,-36.9882463759909],[-72.62568467184128,-36.98847132665829],[-72.62561532021174,-36.98878833854325],[-72.62555627768732,-36.98887817837142],[-72.62540382965763,-36.98904536497561],[-72.62528822593728,-36.98909968890791],[-72.62515319333869,-36.98910043238434],[-72.62484860688309,-36.989086043885145],[-72.62427965280793,-36.989015404813664],[-72.62485620599202,-36.98800231573562],[-72.62577432986052,-36.98804873019258]]]}},{"type":"Feature","properties":{"zona_code":"ZH1","zona":"ZH1 Zona habitacional 1","comuna":"Yumbel"},"geometry":{"type":"Polygon","coordinates":[[[-72.6242545063926,-36.98795299308613],[-72.62412226158987,-36.98898974311248],[-72.62366726749276,-36.988919003004064],[-72.62364506989266,-36.98889597991731],[-72.623717191297,-36.987837366566886],[-72.6242545063926,-36.98795299308613]]]}},{"type":"Feature","properties":{"zona_code":"ZH1","zona":"ZH1 Zona habitacional 1","comuna":"Yumbel"},"geometry":{"type":"Polygon","coordinates":[[[-72.62084249019904,-37.19359793001462],[-72.6209248196337,-37.193903522893834],[-72.62081410919289,-37.19397801414952],[-72.62058832289577,-37.19403571143762],[-72.62032140557142,-37.19411836866233],[-72.62011771886829,-37.19419570389457],[-72.61986964500338,-37.19431841334937],[-72.61973015786923,-37.19441071323142],[-72.61961843479162,-37.1940213711576],[-72.61972524403504,-37.193953772514384],[-72.61993641356003,-37.193855893153966],[-72.62017293846938,-37.19375723881029],[-72.62045301786746,-37.19368433697459],[-72.62066206044928,-37.19363053821981],[-72.62084249019904,-37.19359793001462]]]}},{"type":"Feature","properties":{"zona_code":"ZH1","zona":"ZH1 Zona habitacional 1","comuna":"Yumbel"},"geometry":{"type":"Polygon","coordinates":[[[-72.6210222730601,-37.19355179770621],[-72.62115589183442,-37.19351384972984],[-72.62134329653468,-37.19353858651928],[-72.6215783198415,-37.19358556594051],[-72.62179041194017,-37.193684035953304],[-72.62195585574601,-37.19378054676382],[-72.62212536412858,-37.193873547681434],[-72.62226154948954,-37.193977725507864],[-72.62246013592457,-37.19414771023637],[-72.62260558261443,-37.194268533206596],[-72.62265089689153,-37.194419509509345],[-72.62243633306669,-37.19444639462487],[-72.62217495892351,-37.19446793963904],[-72.621987595103,-37.19426713880463],[-72.62184799235425,-37.19417999414901],[-72.62154862657589,-37.19402663626304],[-72.62133133688769,-37.19390801054159],[-72.6210816722667,-37.19390888049824],[-72.6210222730601,-37.19355179770621]]]}},{"type":"Feature","properties":{"zona_code":"ZH1","zona":"ZH1 Zona habitacional 1","comuna":"Yumbel"},"geometry":{"type":"Polygon","coordinates":[[[-72.62236442558492,-37.19471269260835],[-72.6228145237485,-37.1946548949555],[-72.62286847280981,-37.194720960184455],[-72.62297180133196,-37.194934490990256],[-72.62307709231291,-37.19510055961068],[-72.62310794983584,-37.19521473420216],[-72.62312123474513,-37.19540393532496],[-72.62291140144542,-37.19535280087877],[-72.62264320863471,-37.19532038296092],[-72.62263900344188,-37.195232479038296],[-72.6225709193623,-37.19513637398539],[-72.62243980825657,-37.194872906286044],[-72.62236442558492,-37.19471269260835]]]}},{"type":"Feature","properties":{"zona_code":"ZH1","zona":"ZH1 Zona habitacional 1","comuna":"Yumbel"},"geometry":{"type":"Polygon","coordinates":[[[-72.6194326957682,-37.197139389877414],[-72.61943260407934,-37.19712850331866],[-72.61939745965917,-37.19665894375762],[-72.61935855104001,-37.1962876899854],[-72.61930777103817,-37.19593372767428],[-72.6192725797679,-37.19564023490367],[-72.6192272716986,-37.195489257545916],[-72.61917709113133,-37.19532488496108],[-72.61916884956851,-37.1951524580877],[-72.6191718081052,-37.195037247531666],[-72.61920612655722,-37.19495832359777],[-72.61930677194654,-37.19485028345067],[-72.61941813157377,-37.19478931753071],[-72.61958558775483,-37.19466230367447],[-72.6197211719967,-37.19457689541428],[-72.62001331102158,-37.1944020497905],[-72.62019489798317,-37.19430507586711],[-72.62053659333283,-37.194193044699496],[-72.6207622182113,-37.19413196566765],[-72.62086999616814,-37.19408465168393],[-72.62103613204182,-37.19401862148087],[-72.62121866494633,-37.19402996426012],[-72.62149934669674,-37.19414664991931],[-72.62179513239829,-37.194313660440386],[-72.62205547342596,-37.19453592939362],[-72.62205651558965,-37.1945371813662],[-72.62200466169392,-37.194601816008095],[-72.62193619167675,-37.194763047548484],[-72.62186836827685,-37.19493780195513],[-72.62183534637776,-37.19504377349904],[-72.62179176910908,-37.19510605450909],[-72.62167911706446,-37.195139975069836],[-72.62155411010511,-37.19518104621538],[-72.62141642423441,-37.195222505082654],[-72.6212740260109,-37.19525395048365],[-72.62114479241801,-37.19529514986213],[-72.6210457881638,-37.195348968587474],[-72.62098595289979,-37.195425288697884],[-72.62091131343935,-37.195546077637545],[-72.62085309297476,-37.195656207180164],[-72.62079909975972,-37.19576620714596],[-72.62076346583282,-37.195906117408654],[-72.62075676921819,-37.19603159871278],[-72.62076242756788,-37.19614993121206],[-72.62074986505968,-37.19632976600028],[-72.62071016633446,-37.19647318674201],[-72.62068527190146,-37.19657213864711],[-72.62063631157149,-37.19669891368784],[-72.620541508981,-37.196840634915574],[-72.62046573593499,-37.19693775770317],[-72.62039157985748,-37.19706868908411],[-72.62026425854309,-37.19723849223822],[-72.620181995797,-37.197288411912986],[-72.62013679881309,-37.197316881750254],[-72.6200477232349,-37.19731283560318],[-72.61990989400913,-37.19726287904497],[-72.6197506104293,-37.19720680625035],[-72.61960058821369,-37.197167379889486],[-72.61945560089963,-37.19714472860569],[-72.6194326957682,-37.197139389877414]]]}},{"type":"Feature","properties":{"zona_code":"ZH1","zona":"ZH1 Zona habitacional 1","comuna":"Yumbel"},"geometry":{"type":"Polygon","coordinates":[[[-72.62002064033415,-37.200101606912185],[-72.6200189465212,-37.200096890221104],[-72.6198634681521,-37.199766447496316],[-72.6197421268754,-37.19944173217654],[-72.61957346314311,-37.19918956732622],[-72.61952228455672,-37.19909294341588],[-72.61950152363791,-37.19892428519243],[-72.61943991159056,-37.198343802705025],[-72.61941818182216,-37.198154859653634],[-72.61943114221287,-37.19771768774762],[-72.61943622463937,-37.197558396186125],[-72.61943612377652,-37.19754633157286],[-72.61964063045127,-37.19756230028096],[-72.62002781399364,-37.197604628488236],[-72.62014647583143,-37.19760776883632],[-72.62033894681505,-37.197561248409855],[-72.62046721533024,-37.19749976436522],[-72.6205883466907,-37.197377552545994],[-72.62070120917535,-37.19717094719037],[-72.62082381714097,-37.19699113110927],[-72.62092349250595,-37.19686280389802],[-72.62099570836948,-37.19669130071246],[-72.62105263488384,-37.19655412348094],[-72.62109494186967,-37.19637676437811],[-72.6210660491362,-37.19621512732733],[-72.62109941843974,-37.19602788449166],[-72.62113717585905,-37.19584389212009],[-72.62120597260666,-37.19568942308332],[-72.62131654477952,-37.19552351797782],[-72.62154298196172,-37.195479342368166],[-72.62174844952047,-37.195439194366024],[-72.621955717491,-37.19534820297537],[-72.62211194688864,-37.195252001945896],[-72.62221277111529,-37.1950593075025],[-72.62224207273617,-37.19487557386994],[-72.62225237137598,-37.19486864405913],[-72.6222535328888,-37.194871836913485],[-72.62245337414323,-37.1952449346696],[-72.62248809159166,-37.19552828405474],[-72.62251690563798,-37.196042051495596],[-72.62248432642272,-37.19633423224118],[-72.62232004474454,-37.196792967226195],[-72.62200431848991,-37.19771342840419],[-72.62167087042444,-37.19861750194589],[-72.62140392675327,-37.199407806172616],[-72.62138244867162,-37.199476266160204],[-72.62089977391251,-37.19937583537642],[-72.6206910212586,-37.200144041601064],[-72.62025084214046,-37.20005593619698],[-72.62002064033415,-37.200101606912185]]]}},{"type":"Feature","properties":{"zona_code":"ZH1","zona":"ZH1 Zona habitacional 1","comuna":"Yumbel"},"geometry":{"type":"Polygon","coordinates":[[[-72.61940758820556,-37.194126011839025],[-72.61947815292076,-37.19434054773958],[-72.61952604684758,-37.194545620300055],[-72.61932836190735,-37.19466001507431],[-72.6191043247374,-37.19484293332185],[-72.61904090703975,-37.19493290479927],[-72.61900674915479,-37.195015210518186],[-72.61900427603106,-37.19514056304168],[-72.61905734022706,-37.195453825382195],[-72.61911592392813,-37.19579400492982],[-72.61914769660258,-37.196104532001016],[-72.61921045822231,-37.19662064880997],[-72.61927973509079,-37.197095935140794],[-72.61907102988582,-37.19706846137136],[-72.61895643464712,-37.19706180864393],[-72.61882735750804,-37.197106387165164],[-72.61870283032748,-37.19715759797315],[-72.61860756387111,-37.197201142157425],[-72.61846793282858,-37.197202026834674],[-72.61821761024835,-37.1971893674329],[-72.61817251589837,-37.19686570396819],[-72.61813783849816,-37.19649431962195],[-72.6180695655323,-37.195951284327],[-72.61798648758527,-37.19545271742128],[-72.61794567084658,-37.19524065638711],[-72.61808874166834,-37.195134705465215],[-72.6184852736788,-37.19484155232693],[-72.61878573254438,-37.19457503744693],[-72.61897725265632,-37.19442020164114],[-72.61923574489943,-37.19424977313395],[-72.61940758820556,-37.194126011839025]]]}},{"type":"Feature","properties":{"zona_code":"ZH1","zona":"ZH1 Zona habitacional 1","comuna":"Yumbel"},"geometry":{"type":"Polygon","coordinates":[[[-72.62312396593902,-37.19554944335946],[-72.62313365236585,-37.19584032972797],[-72.6231568269307,-37.19614773282658],[-72.62312588903244,-37.19638569073093],[-72.62302910986456,-37.19666290800282],[-72.62281716989511,-37.19727546663713],[-72.62241313757139,-37.198384854806804],[-72.62217451473667,-37.199059174470634],[-72.62180589560104,-37.20020133506959],[-72.62162012638385,-37.20074198705068],[-72.62112376979162,-37.200696234806976],[-72.62134303072816,-37.20014778701932],[-72.62153776069249,-37.199528986583246],[-72.62169181898543,-37.1990333209797],[-72.62188684686981,-37.1985093151054],[-72.62206057776625,-37.19798257493387],[-72.62223624696723,-37.19749640492863],[-72.62243126772043,-37.196972397785196],[-72.62258741944594,-37.19652068379793],[-72.62265411079439,-37.19632226233622],[-72.62267479732196,-37.19613540690869],[-72.62267566735869,-37.195888212812825],[-72.62268060159754,-37.195637508116086],[-72.62264618639605,-37.19544895423788],[-72.62279865304198,-37.195451057426915],[-72.62312396593902,-37.19554944335946]]]}},{"type":"Feature","properties":{"zona_code":"ZH1","zona":"ZH1 Zona habitacional 1","comuna":"Yumbel"},"geometry":{"type":"Polygon","coordinates":[[[-72.6215483946443,-37.200923633321175],[-72.62147846268958,-37.2010544365526],[-72.62142737845407,-37.201225292883606],[-72.62140181448774,-37.20139875357731],[-72.62136892987678,-37.201596140082685],[-72.62130967186182,-37.20195008244634],[-72.62125838167638,-37.202293624560255],[-72.62121083285817,-37.20262689330342],[-72.62117598461253,-37.20287174167651],[-72.62114388512747,-37.20317406530032],[-72.62112303221873,-37.203357540046554],[-72.62137790478616,-37.20346485707628],[-72.62174655317472,-37.20364995182469],[-72.62197768506115,-37.20379185283363],[-72.62203109431903,-37.20411187426657],[-72.62209087475422,-37.2042996515715],[-72.62192231714408,-37.20420492927148],[-72.6216268130659,-37.20404468338877],[-72.62128839599119,-37.20387220685601],[-72.62084708566316,-37.203672405606184],[-72.62062976798231,-37.203553779600014],[-72.62066482473344,-37.20313624654867],[-72.62072782668578,-37.20277203227009],[-72.62077736297383,-37.202303268420756],[-72.6208291412107,-37.20196986946482],[-72.62087246452977,-37.20163672953906],[-72.62091186350226,-37.20139851358262],[-72.62096100881645,-37.20118708699781],[-72.62106415089495,-37.200865659621115],[-72.6215483946443,-37.200923633321175]]]}},{"type":"Feature","properties":{"zona_code":"ZH1","zona":"ZH1 Zona habitacional 1","comuna":"Yumbel"},"geometry":{"type":"Polygon","coordinates":[[[-72.62081229394131,-37.201086676995196],[-72.6207563922167,-37.20133386259936],[-72.62071463771618,-37.20156707095037],[-72.62067618595513,-37.20191360503722],[-72.62062246710354,-37.202206432486875],[-72.62058840416121,-37.20255621882178],[-72.62054069023668,-37.20288610621632],[-72.6204742461383,-37.20335538802963],[-72.62046590977482,-37.203535093931315],[-72.6200676324866,-37.20352696601504],[-72.61971681852923,-37.20353770056693],[-72.61960172770624,-37.20352090615801],[-72.61964616594554,-37.20329946609929],[-72.61977550704795,-37.20290613546205],[-72.61993313917672,-37.20248485215161],[-72.62002896554847,-37.20218735075053],[-72.62017488513384,-37.201786740362735],[-72.62021946032385,-37.20165671340474],[-72.62025350234116,-37.20139496059045],[-72.6202291825345,-37.201151923320936],[-72.62023018654604,-37.20104015937634],[-72.62042883393994,-37.20103408105107],[-72.6205603406609,-37.20104021346474],[-72.62081229394131,-37.201086676995196]]]}},{"type":"Feature","properties":{"zona_code":"ZE","zona":"ZE Zona de equipamiento y servicios","comuna":"Yumbel"},"geometry":{"type":"Polygon","coordinates":[[[-72.5632704604073,-37.09627762442914],[-72.56310449358458,-37.09733564848621],[-72.56184355643725,-37.097217823834804],[-72.56198046903556,-37.096170833252124],[-72.5632704604073,-37.09627762442914]]]}},{"type":"Feature","properties":{"zona_code":"ZE","zona":"ZE Zona de equipamiento y servicios","comuna":"Yumbel"},"geometry":{"type":"Polygon","coordinates":[[[-72.5562484907618,-37.121204626677155],[-72.55628486234063,-37.12123298238704],[-72.55702241962872,-37.121813526385644],[-72.55661060099219,-37.12244957456149],[-72.55653795764894,-37.12239353226522],[-72.55645361322769,-37.12230803171218],[-72.55627373566864,-37.12225925920235],[-72.55618332251247,-37.12222472952074],[-72.55604830948455,-37.122140749319755],[-72.55594174496083,-37.12203221412599],[-72.55592152922699,-37.12196171532156],[-72.55592817872866,-37.12183285024303],[-72.55597161657104,-37.12176721247905],[-72.55601299636379,-37.12165761948218],[-72.55611443803093,-37.12156653771971],[-72.55619540294572,-37.121489615841725],[-72.55622052568052,-37.12139405438079],[-72.5561493408386,-37.121284205158915],[-72.5562484907618,-37.121204626677155]]]}},{"type":"Feature","properties":{"zona_code":"ZE","zona":"ZE Zona de equipamiento y servicios","comuna":"Yumbel"},"geometry":{"type":"Polygon","coordinates":[[[-72.56794295944891,-37.07657124512332],[-72.56803341632727,-37.077305811632954],[-72.56813488513224,-37.07802734898463],[-72.56816090358926,-37.078581861310404],[-72.56813774192447,-37.078988873367614],[-72.56806984255972,-37.079343057093496],[-72.56795764759012,-37.07983401385904],[-72.56778909913717,-37.080204773696316],[-72.56750378345649,-37.08078897884623],[-72.56726624803679,-37.08131079727203],[-72.56709928067507,-37.08171536743313],[-72.56691733325142,-37.08216102043951],[-72.5670680497623,-37.08267114652371],[-72.56716895142644,-37.08302024703429],[-72.56731922829914,-37.08334077241277],[-72.56754115516223,-37.08374717413978],[-72.56778586854634,-37.084098713461344],[-72.56794700125408,-37.08429024491516],[-72.56826146413795,-37.08468708607402],[-72.56870412738677,-37.08511392313565],[-72.56922276216932,-37.08553846939734],[-72.56968726548209,-37.085890153056745],[-72.57008760663332,-37.086135419031365],[-72.57029590074072,-37.08625103407804],[-72.57065404186763,-37.086497569869834],[-72.57109101103394,-37.086802675397486],[-72.57143449897099,-37.087097053785186],[-72.5717980496358,-37.08745854506177],[-72.57207002339489,-37.08784988367321],[-72.57245967793584,-37.08840697035749],[-72.57269789588985,-37.088799326698826],[-72.57294310818126,-37.08934045195648],[-72.5731714423272,-37.08988208637544],[-72.57335965756278,-37.0902894924093],[-72.5735613701968,-37.09116375181026],[-72.57316653643794,-37.091216295672716],[-72.5729641922423,-37.09032851094594],[-72.57265194275915,-37.089620110582],[-72.5721925656529,-37.08865881454779],[-72.57168587155611,-37.087949503540564],[-72.57130943075455,-37.08749359419623],[-72.5708930144398,-37.08708629202453],[-72.570263993911,-37.08665153781424],[-72.5693582083023,-37.086082911071614],[-72.5687701390375,-37.08561982675648],[-72.56807317146067,-37.084997493483606],[-72.56736733125965,-37.08418581087056],[-72.5669998846544,-37.083560317980094],[-72.56670587147066,-37.082878437999696],[-72.56646987109252,-37.0819916532082],[-72.56630508138453,-37.081001144779655],[-72.56610319166013,-37.07921944009401],[-72.56598916216062,-37.07780161870754],[-72.5662125991301,-37.07770008486816],[-72.56637663869104,-37.07759356770864],[-72.56654816642842,-37.077466509615874],[-72.56677464893058,-37.077249761071165],[-72.56693583324326,-37.077082381832184],[-72.56722329569463,-37.07690442742342],[-72.56751761001735,-37.07669240666294],[-72.56772416103176,-37.076591378604796],[-72.56794295944891,-37.07657124512332]]]}},{"type":"Feature","properties":{"zona_code":"ZE","zona":"ZE Zona de equipamiento y servicios","comuna":"Yumbel"},"geometry":{"type":"Polygon","coordinates":[[[-72.57321589149075,-37.0914120381102],[-72.57360133057827,-37.09133946170119],[-72.57385337988495,-37.09220542898422],[-72.57413645596004,-37.09355126365606],[-72.57434183346473,-37.09468274059026],[-72.57456008740873,-37.09626754500931],[-72.57421189170783,-37.09641349211559],[-72.57401544224955,-37.095112447596925],[-72.57384256230911,-37.09395290140539],[-72.57361409652799,-37.09286952239702],[-72.57321589149075,-37.0914120381102]]]}},{"type":"Feature","properties":{"zona_code":"ZE","zona":"ZE Zona de equipamiento y servicios","comuna":"Yumbel"},"geometry":{"type":"Polygon","coordinates":[[[-72.57424606932122,-37.09731989224167],[-72.57422733087456,-37.096562006996706],[-72.57460993046695,-37.09642856612952],[-72.57465270163607,-37.09751754712572],[-72.57465326581763,-37.0986078018699],[-72.57460606389658,-37.09940153650905],[-72.574541830195,-37.10001294374631],[-72.57447872135927,-37.100468564424524],[-72.5743227456402,-37.1009269876497],[-72.57415164708625,-37.10124365772133],[-72.57381901300332,-37.101720956192246],[-72.57301229279314,-37.102544379295004],[-72.57223105826823,-37.10319096057886],[-72.57163445611144,-37.103628812232216],[-72.57110189203944,-37.10399023896156],[-72.57045144186164,-37.10436198944897],[-72.56976993811458,-37.10461277871151],[-72.5691887896193,-37.10484022388351],[-72.56861671539876,-37.1050809369022],[-72.5675904407316,-37.10555203094886],[-72.56684549837496,-37.10589274954432],[-72.56620935650042,-37.10620987119842],[-72.56521618804688,-37.106666405411076],[-72.5648196128742,-37.10704402662297],[-72.56408860362056,-37.10768227191826],[-72.56357952245838,-37.10818516833349],[-72.56341077923605,-37.10837308724964],[-72.56322273175589,-37.108690253275405],[-72.56319942645185,-37.10891442675886],[-72.56330733565973,-37.10941230000828],[-72.56336477878182,-37.10973562239709],[-72.56339130536972,-37.11012082186189],[-72.5633758097269,-37.11033121611955],[-72.56314663995236,-37.10995211431324],[-72.56294660979948,-37.10965339843693],[-72.56281325250751,-37.108973449739565],[-72.56284615071539,-37.108593233935956],[-72.5630504507625,-37.108262035782225],[-72.56347700724204,-37.10780225545529],[-72.564952740183,-37.106457635733875],[-72.56601840370456,-37.105924430428836],[-72.56796280278732,-37.10501937726229],[-72.56990316034029,-37.10420922152915],[-72.57033423947011,-37.10402692850625],[-72.57105908224639,-37.103619076296376],[-72.57160662088987,-37.103216566915385],[-72.57233321495926,-37.10266644401982],[-72.57294909115963,-37.10209934224378],[-72.57348802176354,-37.10151424435724],[-72.57371232363425,-37.10125014413773],[-72.57397805347544,-37.10078840909222],[-72.57416606385893,-37.10011231955244],[-72.57422584695682,-37.099406239914806],[-72.57426732759836,-37.09849078504744],[-72.57428778829764,-37.097487929803385],[-72.57424606932122,-37.09731989224167]]]}},{"type":"Feature","properties":{"zona_code":"ZE","zona":"ZE Zona de equipamiento y servicios","comuna":"Yumbel"},"geometry":{"type":"Polygon","coordinates":[[[-72.56044680370364,-37.11332446216344],[-72.561040692704,-37.112825799843954],[-72.56156924422977,-37.112376502322235],[-72.56201937837528,-37.112058227891985],[-72.56233377636367,-37.11173049055436],[-72.56263147985797,-37.11122718636509],[-72.5628635352879,-37.11076648822385],[-72.56297598882954,-37.11009945896316],[-72.56330691909588,-37.110665111776434],[-72.5632055228758,-37.11102707376758],[-72.56297220015992,-37.11146072306525],[-72.56258256907994,-37.11198710956213],[-72.56216062338645,-37.11236548600351],[-72.56179397451803,-37.112660934549844],[-72.5612494859032,-37.113131027417005],[-72.56076029332537,-37.11351819274308],[-72.56034804194846,-37.11392335908944],[-72.55999584582997,-37.1143470329985],[-72.55974719258897,-37.11481499728368],[-72.55952545358343,-37.115316011713375],[-72.55921906673667,-37.11599563942602],[-72.55883076761896,-37.116731902580355],[-72.55851834793455,-37.11728304403404],[-72.55823716766251,-37.11777907012778],[-72.55788589256798,-37.118223026755054],[-72.5576093476769,-37.11863765025004],[-72.55716390799782,-37.11905734618969],[-72.55654798970924,-37.119448302975336],[-72.55613589446911,-37.11967738021086],[-72.55660964209373,-37.12004237752126],[-72.55758565201847,-37.120839227759134],[-72.55710600654564,-37.12161209046594],[-72.5553683827003,-37.12026249634209],[-72.55550275966867,-37.120062077003894],[-72.55557738903433,-37.11984990699733],[-72.55555691122062,-37.11959318956522],[-72.55598684678134,-37.119383893301766],[-72.55640738478547,-37.11915456260484],[-72.55688196299745,-37.11881525637523],[-72.55731273054778,-37.11844340474968],[-72.55757397334268,-37.118063101469595],[-72.55786740598336,-37.11764797172255],[-72.55798868497801,-37.117529204811376],[-72.55830765087407,-37.116937237464455],[-72.55879622384488,-37.115994804242476],[-72.55897986917375,-37.11558297078943],[-72.55956984278899,-37.114278577085955],[-72.56044680370364,-37.11332446216344]]]}},{"type":"Feature","properties":{"zona_code":"ZE","zona":"ZE Zona de equipamiento y servicios","comuna":"Yumbel"},"geometry":{"type":"Polygon","coordinates":[[[-72.55134613610853,-37.12489329366548],[-72.55056678294815,-37.1260408033807],[-72.54977959724211,-37.12566486472169],[-72.55033123719421,-37.12480183613924],[-72.55050395422498,-37.12460704335227],[-72.55134613610853,-37.12489329366548]]]}},{"type":"Feature","properties":{"zona_code":"ZE","zona":"ZE Zona de equipamiento y servicios","comuna":"Yumbel"},"geometry":{"type":"Polygon","coordinates":[[[-72.5514268740415,-37.1252633262618],[-72.55157496969123,-37.1255365327576],[-72.5517765857649,-37.12586907955787],[-72.55181331191798,-37.126111766089565],[-72.55172430752775,-37.12637854084749],[-72.5516483957114,-37.126563659029344],[-72.5514818953731,-37.12698173932537],[-72.55114604277588,-37.12775703807122],[-72.550866773308,-37.12847646403478],[-72.55052995961879,-37.12923147466585],[-72.550298413027,-37.12970567929821],[-72.55024751634394,-37.12988327493929],[-72.54918077473835,-37.13040283517868],[-72.54899072298589,-37.13067940844052],[-72.5484484238169,-37.13156246682218],[-72.54814124828975,-37.13222854821442],[-72.5472886512245,-37.131901957212854],[-72.54772306616364,-37.13106276853718],[-72.54802969716282,-37.13056600189011],[-72.54876204723644,-37.12940637261238],[-72.54971788758978,-37.127962390589566],[-72.5508211878078,-37.12623633083487],[-72.55132720956978,-37.125483017217135],[-72.5514268740415,-37.1252633262618]]]}},{"type":"Feature","properties":{"zona_code":"ZE","zona":"ZE Zona de equipamiento y servicios","comuna":"Yumbel"},"geometry":{"type":"Polygon","coordinates":[[[-72.54968051211095,-37.12580665939927],[-72.55047614460939,-37.12618234529116],[-72.55021140957349,-37.126579668522744],[-72.5497460155524,-37.12729790085528],[-72.54905244918704,-37.128381881828766],[-72.54869082296264,-37.12896833365211],[-72.54832634494558,-37.12949392233239],[-72.5477912274912,-37.13034967510361],[-72.54733518440989,-37.13108793477019],[-72.54699642901917,-37.131802361912555],[-72.54614573670091,-37.13151633717129],[-72.54660762665482,-37.13054089123281],[-72.54714370739615,-37.12970543013311],[-72.54764694231123,-37.128891266654016],[-72.5489425624078,-37.12693598792187],[-72.54968051211095,-37.12580665939927]]]}},{"type":"Feature","properties":{"zona_code":"ZE","zona":"ZE Zona de equipamiento y servicios","comuna":"Yumbel"},"geometry":{"type":"Polygon","coordinates":[[[-72.54805748707801,-37.13238173317095],[-72.54606806357504,-37.13668732291375],[-72.54521076611546,-37.13644212239737],[-72.54560330952978,-37.13561096546411],[-72.54622395652963,-37.134231223301],[-72.54663179194274,-37.13336574609153],[-72.5472152316032,-37.13209546342643],[-72.54805748707801,-37.13238173317095]]]}},{"type":"Feature","properties":{"zona_code":"ZE","zona":"ZE Zona de equipamiento y servicios","comuna":"Yumbel"},"geometry":{"type":"Polygon","coordinates":[[[-72.5460716823406,-37.1316963178561],[-72.54692237632855,-37.131982343184426],[-72.5466057916475,-37.1326283865452],[-72.54597766454833,-37.13402867055793],[-72.54530949537263,-37.13547755424437],[-72.54488166611218,-37.13645874900299],[-72.54384715757435,-37.13658452736868],[-72.5460716823406,-37.1316963178561]]]}},{"type":"Feature","properties":{"zona_code":"ZE","zona":"ZE Zona de equipamiento y servicios","comuna":"Yumbel"},"geometry":{"type":"Polygon","coordinates":[[[-72.54600791684871,-37.13684826438021],[-72.54480752920566,-37.13957943220937],[-72.54312920702618,-37.14348966276858],[-72.54267913016875,-37.1423654520095],[-72.5436236211978,-37.140129541174666],[-72.54459245452824,-37.137872579094164],[-72.54511841105646,-37.13663788688991],[-72.5452028770397,-37.13663535738707],[-72.54600791684871,-37.13684826438021]]]}},{"type":"Feature","properties":{"zona_code":"ZE","zona":"ZE Zona de equipamiento y servicios","comuna":"Yumbel"},"geometry":{"type":"Polygon","coordinates":[[[-72.54480588713278,-37.13664724525912],[-72.54445927204061,-37.13737544514256],[-72.54396203521942,-37.138500925106236],[-72.54373452813078,-37.139063032162454],[-72.54332355526591,-37.14004371624397],[-72.54274157754125,-37.14134779608663],[-72.54234621342823,-37.142300923190035],[-72.54215911147357,-37.1422794337696],[-72.54108300378711,-37.14187822589751],[-72.54180625200331,-37.14015683937948],[-72.54240544904569,-37.13885902047973],[-72.54324958033573,-37.13682927277065],[-72.54480588713278,-37.13664724525912]]]}},{"type":"Feature","properties":{"zona_code":"ZE","zona":"ZE Zona de equipamiento y servicios","comuna":"Yumbel"},"geometry":{"type":"Polygon","coordinates":[[[-72.5386249024491,-37.14557978176077],[-72.53870930975124,-37.145394417158194],[-72.53887076077608,-37.14540990624577],[-72.5405014465593,-37.146092512228684],[-72.54091693866422,-37.146249382956306],[-72.54092775374727,-37.146299849036176],[-72.54083585063621,-37.146505754670926],[-72.53973525585727,-37.146034163244174],[-72.5386249024491,-37.14557978176077]]]}},{"type":"Feature","properties":{"zona_code":"ZE","zona":"ZE Zona de equipamiento y servicios","comuna":"Yumbel"},"geometry":{"type":"Polygon","coordinates":[[[-72.53869690796228,-37.145899295640305],[-72.54202622530926,-37.14726922851489],[-72.54201450083298,-37.14728989473246],[-72.54194458932915,-37.147332617847816],[-72.54183476780953,-37.14733590376222],[-72.54171006430596,-37.14729223132327],[-72.54047709089805,-37.14679413389564],[-72.5396750402753,-37.146465980346484],[-72.53861514729664,-37.14605072128282],[-72.53869690796228,-37.145899295640305]]]}},{"type":"Feature","properties":{"zona_code":"ZE","zona":"ZE Zona de equipamiento y servicios","comuna":"Yumbel"},"geometry":{"type":"Polygon","coordinates":[[[-72.53411747916016,-37.14288715547816],[-72.53383532236471,-37.14354906935174],[-72.5333580493653,-37.14333645655237],[-72.53278918084382,-37.143109644620026],[-72.53229697189619,-37.14289408685373],[-72.5314599456907,-37.142539830987005],[-72.53073557433476,-37.142243157114315],[-72.53000181828465,-37.1419264416463],[-72.52931969461854,-37.141628498912894],[-72.52853432173627,-37.14129299762075],[-72.5276619671785,-37.14090590755155],[-72.52670452170716,-37.14050780101538],[-72.52688556478383,-37.140035143921715],[-72.52729295454394,-37.14024648046083],[-72.528145888422,-37.1405799768288],[-72.52900008849383,-37.1409405176161],[-72.53021757490271,-37.1414730604335],[-72.53169322067723,-37.142099468419886],[-72.5321416110332,-37.14228247667852],[-72.53329932240743,-37.14262038486848],[-72.53411747916016,-37.14288715547816]]]}},{"type":"Feature","properties":{"zona_code":"ZE","zona":"ZE Zona de equipamiento y servicios","comuna":"Yumbel"},"geometry":{"type":"Polygon","coordinates":[[[-72.54409810345439,-37.14716319810367],[-72.54559835978056,-37.1477683739232],[-72.54711679799851,-37.148400073724105],[-72.54860896802542,-37.149012224367],[-72.54828980880188,-37.14960417460197],[-72.54748611542054,-37.149242265098096],[-72.54581866765064,-37.1484999124481],[-72.54442040238531,-37.14790522927382],[-72.54386055099788,-37.1476917464752],[-72.54409810345439,-37.14716319810367]]]}},{"type":"Feature","properties":{"zona_code":"ZE","zona":"ZE Zona de equipamiento y servicios","comuna":"Yumbel"},"geometry":{"type":"Polygon","coordinates":[[[-72.62845736373163,-36.983925546160265],[-72.62918790430231,-36.984377214583226],[-72.62889829213346,-36.98467726881629],[-72.62867257065034,-36.98490087714421],[-72.62836384450372,-36.98515411208709],[-72.62811111042798,-36.984809710783],[-72.62773534236325,-36.9848956999861],[-72.62770040967617,-36.98469361266447],[-72.62808892539297,-36.984343132115036],[-72.62845736373163,-36.983925546160265]]]}},{"type":"Feature","properties":{"zona_code":"ZE","zona":"ZE Zona de equipamiento y servicios","comuna":"Yumbel"},"geometry":{"type":"Polygon","coordinates":[[[-72.62813329409889,-36.98373400156161],[-72.62774456346258,-36.98412427366046],[-72.627351029161,-36.98445797726697],[-72.62709339248599,-36.984631769600824],[-72.62669958479037,-36.984826657141184],[-72.6263234559107,-36.98499391473544],[-72.62593883451443,-36.985115721594724],[-72.62566186149492,-36.98519360337929],[-72.62523319567352,-36.98529897849205],[-72.6249835548006,-36.985330312876926],[-72.62482898131283,-36.98536381935846],[-72.62472468038419,-36.985344999123065],[-72.62467976648306,-36.98537684613178],[-72.6245625618075,-36.985397359331444],[-72.62450502803331,-36.985439332168056],[-72.62449963389545,-36.985383200144646],[-72.62436103535715,-36.985397595345155],[-72.62422871822639,-36.985322070728955],[-72.62417093758492,-36.98530521431695],[-72.62392629207888,-36.985219579509206],[-72.62376997215895,-36.98517187590778],[-72.62358950966033,-36.98510459420728],[-72.62343270827868,-36.98504674710182],[-72.62321828799395,-36.98497542396867],[-72.62363342038789,-36.984873855955065],[-72.62421847488888,-36.9847510088877],[-72.62489560503452,-36.98461179996612],[-72.62543008165301,-36.98449049296468],[-72.6257554391252,-36.984409439643045],[-72.62596311099136,-36.984338755182335],[-72.6263103792771,-36.98418592497587],[-72.62664339563122,-36.98399967041894],[-72.62691676525012,-36.98380169646748],[-72.62721140182859,-36.98351842305124],[-72.62743696305638,-36.983291436451964],[-72.62813329409889,-36.98373400156161]]]}},{"type":"Feature","properties":{"zona_code":"ZE","zona":"ZE Zona de equipamiento y servicios","comuna":"Yumbel"},"geometry":{"type":"Polygon","coordinates":[[[-72.62294245660249,-36.98503294904391],[-72.62323928046935,-36.985150850589974],[-72.62345183495641,-36.98522730937476],[-72.6236568631229,-36.98527860432575],[-72.62386114921438,-36.98535870087134],[-72.6240902011323,-36.98542703628701],[-72.6241693249255,-36.98547117405212],[-72.62422720530127,-36.98553458366307],[-72.62387575114339,-36.985599501657305],[-72.62360834703217,-36.985656770740334],[-72.62317895215547,-36.98574692449726],[-72.62241506786732,-36.985926019911965],[-72.62171781030766,-36.98608614481505],[-72.62084124697034,-36.98629237383783],[-72.61980287358578,-36.98655771169012],[-72.61982173174424,-36.98579868696501],[-72.62163208858604,-36.98534724471939],[-72.62294245660249,-36.98503294904391]]]}},{"type":"Feature","properties":{"zona_code":"ZHMC","zona":"ZHMC Zona habitacional mixta comercial","comuna":"Yumbel"},"geometry":{"type":"Polygon","coordinates":[[[-72.56198046903556,-37.096170833252124],[-72.56215673513975,-37.0950617116914],[-72.56342528597908,-37.095162374182],[-72.5632704604073,-37.09627762442914],[-72.56198046903556,-37.096170833252124]]]}},{"type":"Feature","properties":{"zona_code":"ZHMC","zona":"ZHMC Zona habitacional mixta comercial","comuna":"Yumbel"},"geometry":{"type":"Polygon","coordinates":[[[-72.56362103252722,-37.09519034427988],[-72.5649579140847,-37.09530586448647],[-72.56454693906936,-37.09744799580341],[-72.56330415088433,-37.09735672878371],[-72.56362103252722,-37.09519034427988]]]}},{"type":"Feature","properties":{"zona_code":"ZHMC","zona":"ZHMC Zona habitacional mixta comercial","comuna":"Yumbel"},"geometry":{"type":"Polygon","coordinates":[[[-72.56326596372917,-37.09753394677782],[-72.56450812018757,-37.097611690402175],[-72.56435451582814,-37.09866257140699],[-72.56313935349247,-37.09852983977336],[-72.56326596372917,-37.09753394677782]]]}},{"type":"Feature","properties":{"zona_code":"ZHMC","zona":"ZHMC Zona habitacional mixta comercial","comuna":"Yumbel"},"geometry":{"type":"Polygon","coordinates":[[[-72.56435057664793,-37.09884891715831],[-72.56427979337688,-37.099142239079775],[-72.5641454609617,-37.09979299798624],[-72.56413250439242,-37.10005749190398],[-72.56407488372805,-37.10063145051844],[-72.56402045843022,-37.1015439083067],[-72.56265718816017,-37.10140885836247],[-72.56278477799353,-37.10070412856515],[-72.56286726035118,-37.10011926466209],[-72.56296793391988,-37.099381484442375],[-72.5631042769162,-37.09868326315696],[-72.56435057664793,-37.09884891715831]]]}},{"type":"Feature","properties":{"zona_code":"ZHMC","zona":"ZHMC Zona habitacional mixta comercial","comuna":"Yumbel"},"geometry":{"type":"Polygon","coordinates":[[[-72.56289585798099,-37.09865567404319],[-72.56269561111692,-37.099826292304996],[-72.56245736222742,-37.1013843965448],[-72.56120886309394,-37.10126280694134],[-72.56130190399045,-37.100542187180125],[-72.56142601818557,-37.09976307236728],[-72.56152819001072,-37.09914714277656],[-72.56163299630941,-37.09849727381796],[-72.56289585798099,-37.09865567404319]]]}},{"type":"Feature","properties":{"zona_code":"ZHMC","zona":"ZHMC Zona habitacional mixta comercial","comuna":"Yumbel"},"geometry":{"type":"Polygon","coordinates":[[[-72.56161008923804,-37.097377213576614],[-72.56147669987746,-37.09831913339902],[-72.55948744693491,-37.0980843602049],[-72.55952653776676,-37.09783601037963],[-72.55959982395514,-37.097776246677874],[-72.55966028953004,-37.097713481980726],[-72.5597800075658,-37.09765232210527],[-72.55989423834274,-37.097564240123305],[-72.55998330009224,-37.09748029995852],[-72.56006486899057,-37.097416900700665],[-72.56013619815623,-37.09722514302597],[-72.56161008923804,-37.097377213576614]]]}},{"type":"Feature","properties":{"zona_code":"ZHMC","zona":"ZHMC Zona habitacional mixta comercial","comuna":"Yumbel"},"geometry":{"type":"Polygon","coordinates":[[[-72.56022567859026,-37.097059927219476],[-72.56032940472252,-37.096928142752795],[-72.56037197946935,-37.09675417933728],[-72.56045934264812,-37.096453589576036],[-72.56061038342474,-37.095978400832],[-72.56074016989746,-37.09577134217235],[-72.56084072620122,-37.09557193319682],[-72.56084905448638,-37.09538884116586],[-72.5608553800209,-37.09525321307821],[-72.5608938899467,-37.09508275794372],[-72.5609028518613,-37.094913190686576],[-72.5613909494959,-37.094956075639075],[-72.56196895504677,-37.09502334185179],[-72.56187897705357,-37.09562874747218],[-72.56163967928558,-37.09719686784802],[-72.56022567859026,-37.097059927219476]]]}},{"type":"Feature","properties":{"zona_code":"ZHMC","zona":"ZHMC Zona habitacional mixta comercial","comuna":"Yumbel"},"geometry":{"type":"Polygon","coordinates":[[[-72.55943969970414,-37.09823816313119],[-72.56146773956512,-37.09848869976504],[-72.56131861636472,-37.099275338910736],[-72.56121074957971,-37.09986433036869],[-72.56100091257487,-37.1012453580708],[-72.56047900366507,-37.10120348900863],[-72.55897955428917,-37.101048788804945],[-72.55913357139806,-37.10081730137062],[-72.55919287499721,-37.10063945015097],[-72.55928969474819,-37.10045031254597],[-72.55938213381754,-37.10025792050867],[-72.55945251676071,-37.10004587674525],[-72.55949129171917,-37.099790764191184],[-72.5594824221797,-37.09960141808514],[-72.55940569775781,-37.099407338348264],[-72.55929536140843,-37.099217655434046],[-72.55918534294764,-37.09903473438703],[-72.559279999559,-37.09888967958358],[-72.55931492469212,-37.09873287572924],[-72.55941897218507,-37.09860785418955],[-72.55941733355594,-37.09848262347452],[-72.55943969970414,-37.09823816313119]]]}},{"type":"Feature","properties":{"zona_code":"ZHMC","zona":"ZHMC Zona habitacional mixta comercial","comuna":"Yumbel"},"geometry":{"type":"Polygon","coordinates":[[[-72.56099442800284,-37.101377605067036],[-72.56078935562537,-37.101962769427416],[-72.56063053036124,-37.1020014035197],[-72.56046890961011,-37.10207059642261],[-72.56024787435771,-37.10213480250933],[-72.56011342581589,-37.10215238817752],[-72.559823581481,-37.10219157516937],[-72.55958454983357,-37.10223261891898],[-72.55960195733645,-37.102062798734714],[-72.55957562387513,-37.10195185368841],[-72.55943795256078,-37.10181039552422],[-72.55925743465875,-37.10165668158406],[-72.55910900098286,-37.10155617735292],[-72.55896104308755,-37.101465817668036],[-72.55888094220087,-37.101380190034966],[-72.55883883266515,-37.101293420870626],[-72.55888004080629,-37.101180445980454],[-72.56099442800284,-37.101377605067036]]]}},{"type":"Feature","properties":{"zona_code":"ZHMC","zona":"ZHMC Zona habitacional mixta comercial","comuna":"Yumbel"},"geometry":{"type":"Polygon","coordinates":[[[-72.5607140408955,-37.1021597254398],[-72.56059744089612,-37.10246796736685],[-72.56035703516363,-37.1024345639399],[-72.56013327611639,-37.10239558004916],[-72.5598819200922,-37.10235403945568],[-72.55996547526136,-37.10233290535214],[-72.56008472779908,-37.10232932080061],[-72.5602580654662,-37.10230717994537],[-72.56042700895966,-37.10225892974375],[-72.56055774713325,-37.10218474028217],[-72.5607140408955,-37.1021597254398]]]}},{"type":"Feature","properties":{"zona_code":"ZHMC","zona":"ZHMC Zona habitacional mixta comercial","comuna":"Yumbel"},"geometry":{"type":"Polygon","coordinates":[[[-72.5611665777949,-37.101397823786414],[-72.5624271638265,-37.101529208027344],[-72.56238903644646,-37.101804643561564],[-72.5622701236161,-37.10178618498984],[-72.56198933372517,-37.101860656439314],[-72.56171406732877,-37.10189517696253],[-72.56147217511683,-37.10192022792213],[-72.56121749964575,-37.10194312279152],[-72.56098337607257,-37.10195354928011],[-72.5611665777949,-37.101397823786414]]]}},{"type":"Feature","properties":{"zona_code":"ZHMC","zona":"ZHMC Zona habitacional mixta comercial","comuna":"Yumbel"},"geometry":{"type":"Polygon","coordinates":[[[-72.56235070846931,-37.10194967260693],[-72.56223567850529,-37.10274205878354],[-72.56079969689509,-37.10249913145091],[-72.56091890412824,-37.102111241468506],[-72.56117468874662,-37.10211201494691],[-72.56142326999574,-37.102094382169746],[-72.56173179268912,-37.10204785763741],[-72.56206878309959,-37.10202248519481],[-72.56235070846931,-37.10194967260693]]]}},{"type":"Feature","properties":{"zona_code":"ZEH","zona":"ZEH-2(c) Zona de extensión habitacional 2 condicionada por riesgos naturales","comuna":"Yumbel"},"geometry":{"type":"Polygon","coordinates":[[[-72.5658546846428,-37.09901356677904],[-72.56636196371838,-37.09905923904689],[-72.56709212165764,-37.09912528381745],[-72.5674059128391,-37.099146305756285],[-72.56771325999877,-37.09912011747575],[-72.56804482156366,-37.099069497066665],[-72.56831960471631,-37.0989799556523],[-72.56875583235443,-37.09881782890472],[-72.56873404009127,-37.09916385190156],[-72.5686935233387,-37.09956122800928],[-72.56862009749388,-37.10006794619829],[-72.56850195941867,-37.10079271264423],[-72.56824924254596,-37.10135223566666],[-72.56804644917375,-37.101984744635025],[-72.56710735752965,-37.10188098339661],[-72.56548942269774,-37.1016791465913],[-72.56553760573686,-37.10126461011714],[-72.56558721590187,-37.100880505030254],[-72.56563301718833,-37.10041525112375],[-72.56567866047331,-37.0999466162016],[-72.56574883636272,-37.09946031324567],[-72.5658546846428,-37.09901356677904]]]}},{"type":"Feature","properties":{"zona_code":"ZEH","zona":"ZEH-2(c) Zona de extensión habitacional 2 condicionada por riesgos naturales","comuna":"Yumbel"},"geometry":{"type":"Polygon","coordinates":[[[-72.56641176815327,-37.086023531233586],[-72.5667863356736,-37.08607997109001],[-72.56925878970071,-37.086350857546606],[-72.56985213379332,-37.086746061536076],[-72.57072416698892,-37.087315701535836],[-72.5708940736947,-37.087513736313916],[-72.57121414739065,-37.08784945238464],[-72.5713412159757,-37.08803523367436],[-72.57160125454143,-37.0883524433227],[-72.57191239788169,-37.08885772411681],[-72.57211494286722,-37.08921052498665],[-72.57234263473191,-37.089738636868404],[-72.57255122388244,-37.09021992060049],[-72.57264485263941,-37.09041348159283],[-72.57286566562412,-37.091334568799915],[-72.5709984578475,-37.09207484249343],[-72.57055950409263,-37.092088076536626],[-72.57002642411209,-37.09207705898046],[-72.56908466305586,-37.09200386356455],[-72.56780302490182,-37.09189349693337],[-72.56715989036636,-37.09187900936522],[-72.56659990032227,-37.091834927451806],[-72.56571850192367,-37.09178697529852],[-72.56577982683503,-37.09093186980676],[-72.56582026760226,-37.09017219918838],[-72.5659264038389,-37.089011008965336],[-72.56613160937944,-37.08779943236329],[-72.56641176815327,-37.086023531233586]]]}},{"type":"Feature","properties":{"zona_code":"ZEH","zona":"ZEH-2(c) Zona de extensión habitacional 2 condicionada por riesgos naturales","comuna":"Yumbel"},"geometry":{"type":"Polygon","coordinates":[[[-72.5626034773049,-37.109714333217816],[-72.5625990126122,-37.10976882091244],[-72.56262858620616,-37.11003880674599],[-72.5626071821089,-37.11030355432816],[-72.56253733749043,-37.11061716272296],[-72.56241905046232,-37.110979631788005],[-72.56222381807595,-37.11132409876937],[-72.56196230448474,-37.111697647902766],[-72.56169507893345,-37.11194947426096],[-72.56122370559808,-37.112310710411876],[-72.56117197431436,-37.11210910845558],[-72.56122194421725,-37.11200264242665],[-72.56121934875866,-37.11185712509401],[-72.56110282262061,-37.11180645392856],[-72.56090887673015,-37.11172763788655],[-72.56074807114119,-37.11163428062419],[-72.56058954384571,-37.111679679444556],[-72.56037866757134,-37.11178082648119],[-72.56019232950135,-37.11186430563342],[-72.55996440659374,-37.111962578462986],[-72.55975257882544,-37.11204343763642],[-72.55956760925466,-37.112065927202565],[-72.55932575189885,-37.11213753092102],[-72.5591925369503,-37.11230812322357],[-72.55894325790652,-37.11236572810736],[-72.55874752180635,-37.11242917137676],[-72.55853099343065,-37.11250001195109],[-72.55835590988232,-37.11263677105151],[-72.55815192550754,-37.1127111740934],[-72.55800162393581,-37.112661514352936],[-72.55785322357598,-37.1126524296415],[-72.55771543025597,-37.11259900887457],[-72.55763811457406,-37.112482823068646],[-72.55746100322163,-37.112312075296416],[-72.55737740779895,-37.11215206063357],[-72.55729407478289,-37.11190738977159],[-72.55718894977802,-37.11182928473812],[-72.55707379723967,-37.111717621230284],[-72.55678528476548,-37.11142493861436],[-72.55654785869326,-37.11111717634289],[-72.55655833274778,-37.110641135385684],[-72.55659395377047,-37.110318399895284],[-72.55665933829204,-37.110089577654804],[-72.55674255849873,-37.10988053498863],[-72.55694689067613,-37.10954934585901],[-72.5575056285441,-37.1088418274744],[-72.55831543266666,-37.107808483493514],[-72.55873742296365,-37.107250664074144],[-72.55912220575772,-37.1067108919291],[-72.55929813188342,-37.10649567561047],[-72.56001546834457,-37.10619646526061],[-72.5612777223773,-37.106429387952254],[-72.56141710804441,-37.10678749242414],[-72.56163496185916,-37.10710599215524],[-72.56186126016033,-37.10742423626978],[-72.56203246227226,-37.107649330972606],[-72.56216989221957,-37.10787544205858],[-72.56241318736156,-37.10829893480656],[-72.56213351298565,-37.10831670921733],[-72.56179540469476,-37.108228687108124],[-72.56168263029431,-37.108167746154166],[-72.561391813036,-37.10818665035209],[-72.56130706233621,-37.108182427046096],[-72.56127043585384,-37.10812258143875],[-72.56105497408711,-37.10812567482407],[-72.56090900251944,-37.107987855024355],[-72.56069465064192,-37.10801461545092],[-72.56045940568673,-37.10813681166983],[-72.5601109678302,-37.10827933939368],[-72.56016190013614,-37.10846403505439],[-72.56009514632802,-37.10848297192062],[-72.55996068641534,-37.10850055789241],[-72.56001679098814,-37.10870541365947],[-72.55996180743323,-37.10879510195701],[-72.5598725185035,-37.108784242341216],[-72.55964349446077,-37.108858845415],[-72.55959843662829,-37.10907012895716],[-72.55942534688761,-37.109075331992685],[-72.5593851336973,-37.10902913726173],[-72.55916608044808,-37.10904587940275],[-72.55893288965022,-37.109212027658145],[-72.55891811747975,-37.10934790938083],[-72.55893089399663,-37.10953036675872],[-72.55890958041292,-37.10970707694979],[-72.55891000757771,-37.109896676987375],[-72.558890064001,-37.110012398616576],[-72.55883301847113,-37.110058130099844],[-72.55876415579714,-37.110212567991745],[-72.55875677411099,-37.11041594692559],[-72.5588595778948,-37.110534751494974],[-72.55903040614548,-37.11066166940101],[-72.55924619236941,-37.110665341007234],[-72.55950429968473,-37.110579705979596],[-72.55970002924629,-37.110516261223594],[-72.5598853124019,-37.110500533253585],[-72.56013956964753,-37.11051320536261],[-72.56033993904538,-37.11036835756822],[-72.56049941490772,-37.110343246596436],[-72.56061984358865,-37.11038702876562],[-72.56073868615704,-37.110396999307326],[-72.56093393978077,-37.11032340866971],[-72.56104047633745,-37.11016106538827],[-72.56114685422467,-37.10999534102864],[-72.56137562195737,-37.11000539055527],[-72.56150074676032,-37.110059188906845],[-72.56158750158275,-37.11001594826857],[-72.56172015958383,-37.109869748872725],[-72.5617921871447,-37.109782933812006],[-72.56193566632703,-37.10968719704238],[-72.56206790711083,-37.1096222726012],[-72.56228416669103,-37.109636082383325],[-72.56243573261999,-37.10971278612032],[-72.5625008032364,-37.10974807382319],[-72.5626034773049,-37.109714333217816]]]}},{"type":"Feature","properties":{"zona_code":"ZEH","zona":"ZEH-2(c) Zona de extensión habitacional 2 condicionada por riesgos naturales","comuna":"Yumbel"},"geometry":{"type":"Polygon","coordinates":[[[-72.56263884120618,-37.1082744197232],[-72.5625304851079,-37.108037277168606],[-72.56230992913194,-37.10766130060712],[-72.56200773922278,-37.10725730473605],[-72.56178270877807,-37.10696611044381],[-72.56157672635028,-37.10663032505718],[-72.56118332518727,-37.10563314321716],[-72.56113334443656,-37.10546873464771],[-72.56128701392501,-37.10468873111687],[-72.56139488084027,-37.10459999154537],[-72.56198124358103,-37.10466361953092],[-72.56209306657588,-37.10398306581473],[-72.56226005002144,-37.103802820354886],[-72.56230963753002,-37.10359817139359],[-72.56234900862538,-37.103310874683416],[-72.56324596092142,-37.1035073631059],[-72.56445902698522,-37.103773899366985],[-72.56537335083704,-37.10398000492625],[-72.56543558658637,-37.10251370997455],[-72.56548954837788,-37.101861983647964],[-72.56666115750392,-37.10201123780105],[-72.56757962015485,-37.102125782953294],[-72.56836985924457,-37.10221032413459],[-72.56882064981941,-37.10226784501166],[-72.56951030593146,-37.10228091876043],[-72.5706743345669,-37.10231354674442],[-72.57158803528766,-37.10232662549809],[-72.57223579676806,-37.10234771887797],[-72.57190268732504,-37.102635413569956],[-72.57133906344481,-37.10305533862147],[-72.57112248543152,-37.10321423701359],[-72.57090981034503,-37.10336624597471],[-72.57074229775338,-37.1034898046542],[-72.57050644789241,-37.103598494528306],[-72.570161071022,-37.10380529099285],[-72.56973716420181,-37.10396027979874],[-72.5689409564023,-37.104289012885346],[-72.56836434639966,-37.10452308896287],[-72.56779712965887,-37.104777194963404],[-72.56722663878473,-37.10505171352619],[-72.56615893295844,-37.10554097339968],[-72.56526239036882,-37.1059844398414],[-72.5647123535203,-37.10624478562393],[-72.56368681847162,-37.107183085440646],[-72.56304708685404,-37.10778471842939],[-72.56263884120618,-37.1082744197232]]]}},{"type":"Feature","properties":{"zona_code":"ZEH","zona":"ZEH-2(c) Zona de extensión habitacional 2 condicionada por riesgos naturales","comuna":"Yumbel"},"geometry":{"type":"Polygon","coordinates":[[[-72.54613677399054,-37.12782365808201],[-72.54597679896821,-37.12808126644934],[-72.54593177793929,-37.128153089367565],[-72.54574965480644,-37.12825108721784],[-72.54557693367664,-37.12825625979562],[-72.54522295783416,-37.128260264095964],[-72.54501487727514,-37.12821373602285],[-72.54493016843954,-37.12816351344822],[-72.54489296410159,-37.128072301072],[-72.5448469193045,-37.1279681607597],[-72.54470340669278,-37.12789331986755],[-72.54463422650448,-37.127822847275425],[-72.54460555392305,-37.127737973110975],[-72.54462776832581,-37.127684549123146],[-72.5446155451294,-37.12759918225502],[-72.54453629523357,-37.127489442139954],[-72.54442506823837,-37.12740044445046],[-72.54434335879043,-37.127238019725276],[-72.54429485517831,-37.12708119563452],[-72.54423174724268,-37.12696437755186],[-72.544183859267,-37.12682072455412],[-72.54412897684585,-37.12670365966183],[-72.54416610389059,-37.126616815766404],[-72.54434827582534,-37.12663774147769],[-72.54444212897955,-37.126707475635655],[-72.54472730349526,-37.12681764524186],[-72.54501340027328,-37.12694757130171],[-72.5451230893741,-37.12700364017883],[-72.54537997965292,-37.12721357770078],[-72.54574079849974,-37.12753251444103],[-72.54592059291714,-37.12767881174182],[-72.54613677399054,-37.12782365808201]]]}},{"type":"Feature","properties":{"zona_code":"ZEH","zona":"ZEH-2(c) Zona de extensión habitacional 2 condicionada por riesgos naturales","comuna":"Yumbel"},"geometry":{"type":"Polygon","coordinates":[[[-72.5495136608833,-37.13024070404471],[-72.54970583289344,-37.13014710603328],[-72.54971961927642,-37.13018971590767],[-72.54977723985105,-37.13027701792692],[-72.54985968977128,-37.130366873721385],[-72.55001328331242,-37.130480975757116],[-72.55009649783122,-37.13052816017492],[-72.55007303823923,-37.13062833703026],[-72.55004527167458,-37.13075871406521],[-72.54981052145148,-37.130724468626724],[-72.54967357556373,-37.1307021957104],[-72.54955261848498,-37.130669550718345],[-72.54950841429888,-37.130604927162025],[-72.54952635912346,-37.13054833363084],[-72.54953211995513,-37.13049540199004],[-72.54949444664348,-37.13039431137179],[-72.54954940348524,-37.13033660798548],[-72.54955562669154,-37.13029355491947],[-72.5495136608833,-37.13024070404471]]]}},{"type":"Feature","properties":{"zona_code":"ZEH","zona":"ZEH-2(c) Zona de extensión habitacional 2 condicionada por riesgos naturales","comuna":"Yumbel"},"geometry":{"type":"Polygon","coordinates":[[[-72.44468426522859,-37.210551673557056],[-72.44485202518156,-37.21155284542783],[-72.44421921385313,-37.21141551174361],[-72.44299833766922,-37.21119370903376],[-72.44276034353604,-37.2111735463816],[-72.44169090874763,-37.210744161887504],[-72.44091389944087,-37.21041461490649],[-72.44062086994977,-37.210301240918014],[-72.43960879646653,-37.210201998697684],[-72.43968505533248,-37.21001693616627],[-72.43982649939879,-37.20977580151868],[-72.4400897045601,-37.20960561912246],[-72.4404008753949,-37.20937309325315],[-72.44071419631301,-37.20918790808247],[-72.44081880498055,-37.20913909146429],[-72.44095464218198,-37.209262180683055],[-72.44109039320172,-37.20945462174045],[-72.44119447544861,-37.20969538900657],[-72.44132623159327,-37.210172372699304],[-72.44144230543243,-37.210304437884886],[-72.44160665523033,-37.21038092146756],[-72.44182020202788,-37.21042211401105],[-72.44214275026613,-37.2104398187233],[-72.4424211740396,-37.21041817318561],[-72.4428765539408,-37.21037783488316],[-72.44330057078186,-37.2103925835099],[-72.44376778923456,-37.21042638871428],[-72.4443905969202,-37.21053015559387],[-72.44468426522859,-37.210551673557056]]]}},{"type":"Feature","properties":{"zona_code":"ZEH","zona":"ZEH-2(c) Zona de extensión habitacional 2 condicionada por riesgos naturales","comuna":"Yumbel"},"geometry":{"type":"Polygon","coordinates":[[[-72.4395554451145,-37.21033221868482],[-72.44065238593505,-37.21043576458286],[-72.4408267280289,-37.21054581928387],[-72.44105149774299,-37.2106476358602],[-72.44201792088249,-37.21104616283205],[-72.44271576111186,-37.21131028528597],[-72.44324340743611,-37.21136942229332],[-72.44377197763217,-37.21144884687438],[-72.44486540591805,-37.21166080850523],[-72.44499612221723,-37.21230034746439],[-72.44513823260614,-37.21319011974371],[-72.4445733627909,-37.21305758213652],[-72.44450386782509,-37.21301897268634],[-72.44439469966275,-37.21285285026603],[-72.4440785889452,-37.21260471506503],[-72.44372296957458,-37.21241867693313],[-72.44332599534451,-37.212254158412065],[-72.4429937527967,-37.21220965124252],[-72.44282155695825,-37.212146941090815],[-72.44215276713634,-37.211963239856786],[-72.4417507253375,-37.21187335485268],[-72.44122246150214,-37.21180068479484],[-72.44131362937789,-37.21138493735478],[-72.44069958070587,-37.21128767159136],[-72.44012842688345,-37.21120269939468],[-72.43984538823403,-37.21112289261151],[-72.43973838559033,-37.21100410613564],[-72.43957357915556,-37.21073124308539],[-72.43946857912792,-37.21047018558266],[-72.4395554451145,-37.21033221868482]]]}},{"type":"Feature","properties":{"zona_code":"ZEH","zona":"ZEH-2(c) Zona de extensión habitacional 2 condicionada por riesgos naturales","comuna":"Yumbel"},"geometry":{"type":"Polygon","coordinates":[[[-72.4388909425357,-37.210871291021775],[-72.43845514794498,-37.21124964812403],[-72.43788905832126,-37.211462489564674],[-72.43715861671966,-37.21159883688295],[-72.43649551168134,-37.21172645290904],[-72.43561708550317,-37.21186708979286],[-72.43515177024076,-37.211968637850525],[-72.43501470222067,-37.212026793973905],[-72.43490576408516,-37.21214508241176],[-72.43470302818335,-37.212435394674195],[-72.43446470807646,-37.212594685323666],[-72.4339998477229,-37.21270637310806],[-72.4334868737706,-37.21269078779488],[-72.4332823945732,-37.21266286081189],[-72.43311143260084,-37.21262718933542],[-72.43299451408377,-37.21256963417342],[-72.43283524941717,-37.21241849729315],[-72.43267613888561,-37.21227074201794],[-72.43261111756738,-37.21214395894163],[-72.43243325633955,-37.21195611564566],[-72.4321520829291,-37.2117306359467],[-72.43185914734885,-37.21152581286536],[-72.43163570086908,-37.21135960678979],[-72.43159834991481,-37.211282811011614],[-72.43154978479343,-37.21114539201173],[-72.43153672903216,-37.211044189911554],[-72.43139784304533,-37.21087552949475],[-72.43136290587272,-37.210571799548845],[-72.43162218922242,-37.2105947539763],[-72.43182966473674,-37.21059550831225],[-72.43243693537818,-37.2105203294547],[-72.43266016106556,-37.2105883454206],[-72.4328149730681,-37.210641416604915],[-72.43309055595428,-37.21065034951093],[-72.43332823985128,-37.21066376970859],[-72.43350611956284,-37.21066537983258],[-72.43368739165062,-37.210555151937484],[-72.4337271484313,-37.21040501175518],[-72.43371623850355,-37.210351152256365],[-72.43382940382347,-37.210232742936036],[-72.43399330330881,-37.21011286043021],[-72.43423683236854,-37.21006854520717],[-72.43447528164786,-37.21009887021959],[-72.43469305230826,-37.21013995263582],[-72.43493042789942,-37.21014660506318],[-72.43516926871725,-37.21009226628413],[-72.43538574160775,-37.21001148882836],[-72.4355577872542,-37.209884595586985],[-72.43570315973082,-37.209729695484874],[-72.43588658247724,-37.20957369089115],[-72.43618669468108,-37.20968009984195],[-72.43654328687663,-37.209795026076755],[-72.4369832720018,-37.21016148094819],[-72.43730872717877,-37.210429680666515],[-72.43760736343059,-37.21057337595007],[-72.4379147636216,-37.21072358726987],[-72.43814307027938,-37.210716952950136],[-72.43849506752127,-37.21054419358714],[-72.43867356151749,-37.2105593222192],[-72.43880062517881,-37.21065382376428],[-72.4388909425357,-37.210871291021775]]]}},{"type":"Feature","properties":{"zona_code":"ZEH","zona":"ZEH-2(c) Zona de extensión habitacional 2 condicionada por riesgos naturales","comuna":"Yumbel"},"geometry":{"type":"Polygon","coordinates":[[[-72.4385818078237,-37.21140511051391],[-72.43878927911325,-37.21159208410712],[-72.43906401226621,-37.211861753612006],[-72.43915633300927,-37.211936948135495],[-72.43925103872205,-37.211971442515505],[-72.43917649124387,-37.212031171362234],[-72.43874039495452,-37.212030303773254],[-72.43845942564037,-37.212089260425174],[-72.43826877827594,-37.21217945179541],[-72.43799902879874,-37.21229902920681],[-72.43763595540679,-37.21241454656116],[-72.4373068576776,-37.21253246098191],[-72.43694662717068,-37.21261741969793],[-72.4365691764854,-37.212696104456924],[-72.43611562117262,-37.21277699844247],[-72.43576699662708,-37.21283791396357],[-72.43552784121864,-37.212885490941794],[-72.43527746583337,-37.21287244531189],[-72.43503677500561,-37.212886206014275],[-72.43478094375982,-37.21284622872422],[-72.43470407178839,-37.21283153017663],[-72.43456993349466,-37.21276770434394],[-72.43481355523507,-37.212631962298204],[-72.43512476872371,-37.2122132159271],[-72.43524023702835,-37.21214552866458],[-72.43557102485782,-37.212064817120066],[-72.43615187732154,-37.21199038612638],[-72.43647451449439,-37.21191668048978],[-72.4369025432995,-37.21183314071286],[-72.43741482320465,-37.21174037857737],[-72.43775829086785,-37.21165929280083],[-72.43796046440154,-37.21163648771846],[-72.43817678540707,-37.21155232252649],[-72.4385818078237,-37.21140511051391]]]}},{"type":"Feature","properties":{"zona_code":"ZEH","zona":"ZEH-2(c) Zona de extensión habitacional 2 condicionada por riesgos naturales","comuna":"Yumbel"},"geometry":{"type":"Polygon","coordinates":[[[-72.43171308832464,-37.20905146941942],[-72.43154778408717,-37.20932714785711],[-72.43149818748783,-37.20944709739151],[-72.43148208378173,-37.209745535765244],[-72.43141995690402,-37.20986923527502],[-72.43131662361228,-37.21001783196266],[-72.43123488994308,-37.2101759593858],[-72.43117205994893,-37.21037755825951],[-72.43105710026751,-37.210082920967935],[-72.43100709224899,-37.20982025979287],[-72.43094354645508,-37.20963248452963],[-72.430907359786,-37.209487934441405],[-72.43077647495961,-37.209308883509976],[-72.43065205357863,-37.2090856263688],[-72.43053039215087,-37.20892323785933],[-72.43046069098718,-37.208786431134534],[-72.43030974185035,-37.208631664055424],[-72.43018976700469,-37.20850647318452],[-72.4300814041006,-37.208357242466356],[-72.43001479602626,-37.20810183445277],[-72.43029941092342,-37.20831028871263],[-72.43050470717104,-37.20844993698256],[-72.43079747399018,-37.20865138292733],[-72.43104796267492,-37.20885405365352],[-72.43134897006004,-37.208957063436706],[-72.43171308832464,-37.20905146941942]]]}},{"type":"Feature","properties":{"zona_code":"ZEH","zona":"ZEH-2(c) Zona de extensión habitacional 2 condicionada por riesgos naturales","comuna":"Yumbel"},"geometry":{"type":"Polygon","coordinates":[[[-72.62154898195726,-36.98830908548618],[-72.6217777783356,-36.9885052514834],[-72.62197321992099,-36.98862117453822],[-72.62215409199175,-36.98869691059305],[-72.62228525041448,-36.98874792434241],[-72.62248972145747,-36.98967619306858],[-72.6224791233728,-36.9898085676248],[-72.62255350328388,-36.99021937807712],[-72.6225999867683,-36.99030937794996],[-72.6226841618757,-36.99057090774495],[-72.62272402285126,-36.99061032049721],[-72.6229215987851,-36.99068215887721],[-72.62313523176938,-36.99073657703672],[-72.62335436467485,-36.99081791383554],[-72.62360717864809,-36.990986254457844],[-72.62368674098374,-36.9910616992445],[-72.62358067025176,-36.99145009049317],[-72.6234502112253,-36.9917249519955],[-72.6234130411651,-36.991831051649115],[-72.6232236917643,-36.991843610361364],[-72.62300323126075,-36.991823260750046],[-72.62283692200276,-36.99178771236359],[-72.62269489929359,-36.99181913941791],[-72.6224886901733,-36.991832212581784],[-72.6223385992422,-36.99178262383138],[-72.62221608586663,-36.99169156153133],[-72.62209586184964,-36.99155979776293],[-72.62197419305886,-36.99139760468798],[-72.62182378145036,-36.99134125326642],[-72.62166815226588,-36.9913527803073],[-72.62124922972188,-36.99141975223794],[-72.62146620491413,-36.99092216429584],[-72.62154918291101,-36.990625053548584],[-72.62177410684723,-36.98976154261521],[-72.6213659961947,-36.98961148534773],[-72.62097121541818,-36.98938652884626],[-72.62056528022484,-36.989104350975374],[-72.6202417170956,-36.98877902574739],[-72.62055252865818,-36.98865779799203],[-72.62081549096285,-36.98859559203923],[-72.62154898195726,-36.98830908548618]]]}},{"type":"Feature","properties":{"zona_code":"ZEH","zona":"ZEH-2(c) Zona de extensión habitacional 2 condicionada por riesgos naturales","comuna":"Yumbel"},"geometry":{"type":"Polygon","coordinates":[[[-72.62586415590302,-36.98838457553731],[-72.62598654307804,-36.988384218075936],[-72.62617131133385,-36.98845305860829],[-72.6263567223843,-36.98853541934244],[-72.62650207569817,-36.988663024948416],[-72.62647112045092,-36.98894415700787],[-72.62641205920194,-36.98947755310863],[-72.62636467673286,-36.98999027696774],[-72.62629268303029,-36.99042926366788],[-72.62617130874695,-36.99071739328662],[-72.62607959874241,-36.99100800168894],[-72.62598652987812,-36.9914476325533],[-72.6258692947468,-36.99191170409327],[-72.62574402350539,-36.992206724372906],[-72.6256722083726,-36.99220553500436],[-72.62556101439259,-36.99217507684653],[-72.62544496116988,-36.99213122279769],[-72.62540834968694,-36.99207139555164],[-72.62537157713068,-36.99200818816662],[-72.62531665952044,-36.991918447703455],[-72.62522686069946,-36.99189410603485],[-72.62511562955687,-36.99195168234811],[-72.62496449737152,-36.99205788136605],[-72.62485406894196,-36.992132362519555],[-72.62475387464,-36.99215574151581],[-72.6246603428838,-36.99214167168671],[-72.6246149800007,-36.99207534056209],[-72.6246524706856,-36.99197600254013],[-72.6246823345326,-36.99189382711104],[-72.62466049402327,-36.991789531347756],[-72.62460348915616,-36.99165583731251],[-72.624555981861,-36.991537114463874],[-72.62466472087031,-36.99147874345833],[-72.62470401560469,-36.99132856085688],[-72.62475607768977,-36.99126940830607],[-72.62487120301898,-36.99120494197272],[-72.62506949932698,-36.99111423029552],[-72.62516422850757,-36.990975896220085],[-72.625215685488,-36.99081518448056],[-72.62525044277088,-36.99065836971905],[-72.6252551773698,-36.99058034867072],[-72.62519929764142,-36.99047032205977],[-72.62497675190953,-36.990406022055055],[-72.62474674107104,-36.990362266200236],[-72.62460443899671,-36.99029889876423],[-72.62453762124954,-36.99018074097056],[-72.62459869459158,-36.990089147112634],[-72.62462745153687,-36.9899392870431],[-72.62467794463726,-36.98975828938707],[-72.62470208546405,-36.989600105946145],[-72.6247176366535,-36.989438799002855],[-72.62473176050824,-36.98920304539629],[-72.62496084361382,-36.98922736027544],[-72.62523512400489,-36.98922574529544],[-72.6254369510525,-36.98920941621198],[-72.62563981542908,-36.989037302146016],[-72.62576275965266,-36.98887101725467],[-72.62581782191081,-36.988608616814545],[-72.62586415590302,-36.98838457553731]]]}},{"type":"Feature","properties":{"zona_code":"ZEH","zona":"ZEH-2(c) Zona de extensión habitacional 2 condicionada por riesgos naturales","comuna":"Yumbel"},"geometry":{"type":"Polygon","coordinates":[[[-72.62548413292076,-36.992755574155105],[-72.62533012156543,-36.99315643666485],[-72.62540411222649,-36.99338103119186],[-72.62551925389546,-36.993672084869154],[-72.62499337940713,-36.99362044816641],[-72.62470631434333,-36.99353103375014],[-72.62442944714839,-36.9934785524088],[-72.62424848367381,-36.99357889082214],[-72.62418092246693,-36.99348953653647],[-72.6241415803343,-36.99337223246857],[-72.62408100230594,-36.99325219055633],[-72.62405185740523,-36.99317181933373],[-72.62400211848772,-36.993102235230914],[-72.6239283757754,-36.99306047254289],[-72.62382918218975,-36.993016102007715],[-72.62378089059676,-36.992976947037015],[-72.62374443995493,-36.99292050122401],[-72.62377819812,-36.99283143485597],[-72.62382849512869,-36.992735091556376],[-72.62393065652269,-36.99266424990989],[-72.62405032060916,-36.992606417347744],[-72.62414176480725,-36.99257653440494],[-72.62442271997499,-36.99253747122808],[-72.62460055135035,-36.992548964514384],[-72.62472455251819,-36.992582417919955],[-72.62490057858005,-36.99264475437436],[-72.62503754600465,-36.99268458277063],[-72.62527619157872,-36.99264342599719],[-72.62539665682623,-36.99260249712004],[-72.62556445208605,-36.99258043541573],[-72.62548413292076,-36.992755574155105]]]}},{"type":"Feature","properties":{"zona_code":"ZEH","zona":"ZEH-2(c) Zona de extensión habitacional 2 condicionada por riesgos naturales","comuna":"Yumbel"},"geometry":{"type":"Polygon","coordinates":[[[-72.6210682415173,-36.995572149556146],[-72.62107097912033,-36.995111624908816],[-72.6210690165333,-36.99480356489147],[-72.62104831099242,-36.99436741334837],[-72.62100784928442,-36.994226440360656],[-72.62095783354715,-36.99406205744303],[-72.62080131923479,-36.99387722584807],[-72.62067105776178,-36.99371190853271],[-72.62064195833543,-36.99354350101472],[-72.62066295753868,-36.993363405354735],[-72.62076356849705,-36.99281519831886],[-72.62087646034827,-36.992347877475844],[-72.62102166640078,-36.992004099493506],[-72.62123995756228,-36.99191353392032],[-72.62142589588876,-36.99191801170284],[-72.62166124947626,-36.99198531217273],[-72.62182233851986,-36.99208874080588],[-72.62211661951459,-36.99233030875823],[-72.62221091340587,-36.992449320448905],[-72.62227863232494,-36.99254205768669],[-72.62230970333631,-36.99266300155731],[-72.62227140668618,-36.99274543360902],[-72.62218562184637,-36.99280561605528],[-72.62212303882863,-36.99282107139229],[-72.622047169235,-36.9928233908494],[-72.62194600986733,-36.992826480380906],[-72.6218524779353,-36.99281240832767],[-72.62175766188925,-36.99277128803979],[-72.62169528045075,-36.99270208943948],[-72.62156449747637,-36.99261466477253],[-72.62148296819002,-36.992586681974736],[-72.6213944540007,-36.99258938558299],[-72.62131938702714,-36.99260860877912],[-72.6212670006759,-36.99266099764733],[-72.62127021118431,-36.99272861806238],[-72.62127390220529,-36.99280638151759],[-72.62132038556085,-36.99289638185848],[-72.62135566899774,-36.99301719772057],[-72.62141250917189,-36.993147512117666],[-72.6214458673509,-36.993227755728434],[-72.62143237782811,-36.99329927168387],[-72.6214265169935,-36.993353626194605],[-72.6214016664206,-36.99345257665414],[-72.62141475201528,-36.99355036898349],[-72.62146753853337,-36.99368419347273],[-72.62147219306516,-36.99378224304322],[-72.62144361008636,-36.99389146657206],[-72.62141065109907,-36.99399743634251],[-72.62138937382998,-36.99408273453272],[-72.62139370753316,-36.99417402206409],[-72.62143079949334,-36.99424399353848],[-72.62150843616509,-36.99427886754606],[-72.62160196980163,-36.9942929399289],[-72.62171673972264,-36.99430974870541],[-72.62187755454491,-36.994318379767236],[-72.62206835548106,-36.994336250818485],[-72.6221795543294,-36.994366713271695],[-72.622308573731,-36.99441694522594],[-72.62235831185599,-36.9944865300007],[-72.62235762904936,-36.99456104155295],[-72.62229729359805,-36.99462383122877],[-72.62225381722102,-36.994686106204846],[-72.62222507398086,-36.9947919489066],[-72.62218629541593,-36.99486423782427],[-72.62214229783737,-36.99500440533792],[-72.62210917826104,-36.99510699517466],[-72.62203603588671,-36.99516679007616],[-72.62188573721707,-36.995201856043295],[-72.62184828295634,-36.99521315826961],[-72.62175619322893,-36.995229515222455],[-72.62169846583608,-36.99525836615177],[-72.6215695631721,-36.99529954918542],[-72.62145507138455,-36.995377537843666],[-72.62132825586873,-36.99546267386655],[-72.6212387336683,-36.995533126703094],[-72.62117647001706,-36.99555534440315],[-72.6210682415173,-36.995572149556146]]]}},{"type":"Feature","properties":{"zona_code":"ZEH","zona":"ZEH-2(c) Zona de extensión habitacional 2 condicionada por riesgos naturales","comuna":"Yumbel"},"geometry":{"type":"Polygon","coordinates":[[[-72.62265288739094,-36.99553393729622],[-72.62263446139268,-36.995412607062235],[-72.62255280762935,-36.99529320912655],[-72.62254457828357,-36.995208811855],[-72.62258090898857,-36.99517384227793],[-72.622772394666,-36.99511720251642],[-72.62319426491271,-36.9950230467672],[-72.62341104040176,-36.994965631976356],[-72.62349502025495,-36.99495629315692],[-72.62366623220771,-36.99491720097567],[-72.62385334154105,-36.994857306669445],[-72.62398533242175,-36.99479232475474],[-72.62408845942619,-36.994741769190355],[-72.62423554316007,-36.994639080851364],[-72.62433658283261,-36.99454457182013],[-72.62450165018922,-36.994465034412194],[-72.62467675577182,-36.99441904950709],[-72.62463809075781,-36.99422723478512],[-72.62457754877552,-36.99401915825187],[-72.62444964287928,-36.993637073712385],[-72.6245676634627,-36.99363346529817],[-72.62476444588083,-36.99368839491074],[-72.62495701356114,-36.99374345341571],[-72.62505540446898,-36.99377091793682],[-72.62529337360067,-36.99380427203295],[-72.62552600354275,-36.993814087752504],[-72.62552071393664,-36.99405803546873],[-72.6255354623909,-36.99445712335404],[-72.62556675015739,-36.99484893317004],[-72.62558475061216,-36.99522760568313],[-72.62528840864533,-36.99520958157636],[-72.6250968013331,-36.995174809607775],[-72.62484650375401,-36.99514860461879],[-72.62470154657721,-36.99520721215082],[-72.62465225047569,-36.995235806163365],[-72.62437614245239,-36.99528826530319],[-72.62382701664538,-36.995369385318284],[-72.62362874623585,-36.9953720605338],[-72.62339691366621,-36.995379146907595],[-72.62285051646082,-36.995517739662844],[-72.62266713919574,-36.995567361033906],[-72.62265288739094,-36.99553393729622]]]}},{"type":"Feature","properties":{"zona_code":"ZEH","zona":"ZEH-2(c) Zona de extensión habitacional 2 condicionada por riesgos naturales","comuna":"Yumbel"},"geometry":{"type":"Polygon","coordinates":[[[-72.54613793785676,-37.12818031116179],[-72.54630991793972,-37.12791417804734],[-72.54652527783564,-37.12801682164275],[-72.54706962411171,-37.12829728239404],[-72.5473976245182,-37.12844243365362],[-72.54758899227102,-37.128571893977245],[-72.54775872206098,-37.12867892052321],[-72.5477766086823,-37.12869558709452],[-72.54764694231123,-37.128891266654016],[-72.547542695286,-37.129059926241446],[-72.54746095102927,-37.129004394774135],[-72.54735455732177,-37.12884271191642],[-72.54706337177674,-37.12860412959745],[-72.54688238354233,-37.12852052178348],[-72.54650637872633,-37.12831745268859],[-72.54637612400127,-37.12826200093677],[-72.54630421354237,-37.12822128796168],[-72.54613793785676,-37.12818031116179]]]}},{"type":"Feature","properties":{"zona_code":"ZECET","zona":"ZECET Zona de equipamiento de culto, educación y turismo.","comuna":"Yumbel"},"geometry":{"type":"Polygon","coordinates":[[[-72.56950307964907,-37.09852781968279],[-72.57018294458356,-37.09824322284489],[-72.57077981152233,-37.09799159827966],[-72.57300643973936,-37.09707118512861],[-72.57387303856443,-37.096713215694],[-72.57391306611783,-37.09711493396641],[-72.57394472511676,-37.097608326420946],[-72.57396587534475,-37.09805801782371],[-72.57393579525292,-37.09876658631007],[-72.57391258190538,-37.099261633784494],[-72.5738492965154,-37.099893328105466],[-72.57379328195869,-37.10023022636055],[-72.5737428454103,-37.10050600994668],[-72.5735886294164,-37.1008221695908],[-72.57342406063476,-37.101098010667826],[-72.57329661534816,-37.101264380710425],[-72.57293220100354,-37.10169523288529],[-72.57244241742112,-37.102156952341474],[-72.57045349857565,-37.102111969323865],[-72.56948038376345,-37.102093901698886],[-72.56883278237758,-37.10207617337484],[-72.56804644917375,-37.101984744635025],[-72.56824924254596,-37.10135223566666],[-72.56850195941867,-37.10079271264423],[-72.56862009749388,-37.10006794619829],[-72.5686935233387,-37.09956122800928],[-72.56873404009127,-37.09916385190156],[-72.56875583235443,-37.09881782890472],[-72.56950307964907,-37.09852781968279]]]}},{"type":"Feature","properties":{"zona_code":"ZEH","zona":"ZEH-2 Zona de extensión habitacional 2","comuna":"Yumbel"},"geometry":{"type":"Polygon","coordinates":[[[-72.57295849368526,-37.09160095137901],[-72.57344794196968,-37.09369562635647],[-72.57351696085264,-37.093994892688734],[-72.57359361290652,-37.094456452205],[-72.5736960364663,-37.095286304460615],[-72.5738691509377,-37.096540649744746],[-72.5733135611954,-37.09677072878261],[-72.5722359794061,-37.09722647889858],[-72.57112429914825,-37.09767647609914],[-72.5704865405223,-37.097912406026225],[-72.57051358999838,-37.097498505148394],[-72.57057606454855,-37.09720881630833],[-72.57071873618834,-37.096916710470225],[-72.57085854795764,-37.096563742368104],[-72.57099198256809,-37.09625498448709],[-72.5711125247215,-37.09585180872832],[-72.5716214472052,-37.09489855552144],[-72.57192558497592,-37.09417494954751],[-72.57224103773518,-37.093332493510054],[-72.57245787161479,-37.09273002742468],[-72.57295849368526,-37.09160095137901]]]}},{"type":"Feature","properties":{"zona_code":"ZEH","zona":"ZEH-2 Zona de extensión habitacional 2","comuna":"Yumbel"},"geometry":{"type":"Polygon","coordinates":[[[-72.5643292444779,-37.09044055227418],[-72.56562678780743,-37.09053016303352],[-72.56561395820871,-37.09097749492034],[-72.56554101912198,-37.09176523094831],[-72.56412178635121,-37.09160479132473],[-72.5643292444779,-37.09044055227418]]]}},{"type":"Feature","properties":{"zona_code":"ZEH","zona":"ZEH-2 Zona de extensión habitacional 2","comuna":"Yumbel"},"geometry":{"type":"Polygon","coordinates":[[[-72.55973351166622,-37.0827157288279],[-72.55926938820731,-37.08237076480351],[-72.55883660422212,-37.082153523408856],[-72.55822752365083,-37.0819618920479],[-72.55759375793703,-37.08178454312834],[-72.55697033362691,-37.08164751122814],[-72.55627938791027,-37.08151250320313],[-72.55525832176427,-37.08136708522469],[-72.55530835641284,-37.08081028496377],[-72.5553810607493,-37.08055754104748],[-72.55573839824723,-37.08060776343666],[-72.55636772114143,-37.08069044814517],[-72.55694893679262,-37.08082875081012],[-72.55763987664982,-37.080963754739344],[-72.55828239274507,-37.081147612747024],[-72.55865788080635,-37.08122436768103],[-72.55878132132246,-37.080611186688046],[-72.55903073029336,-37.07998067577519],[-72.55927960814829,-37.07951947901671],[-72.55962881369133,-37.07903495125101],[-72.56016127120523,-37.078673581672554],[-72.56032215646458,-37.07849944834993],[-72.5605426451671,-37.078154224534636],[-72.56090059405477,-37.07767620271042],[-72.56117445616421,-37.07720747865943],[-72.56147078449814,-37.076677131953204],[-72.56175993632678,-37.07617408843968],[-72.56208411119087,-37.075697078422905],[-72.56227304242205,-37.07540020418866],[-72.56344476824174,-37.07515503293578],[-72.56454908708336,-37.075094720267785],[-72.56498077346141,-37.07510881658679],[-72.56515431989538,-37.07520517242968],[-72.56436792599584,-37.076278483535965],[-72.56364439085687,-37.07743116235516],[-72.56339289549165,-37.07765542936442],[-72.56278493306358,-37.07820869822125],[-72.56216356656321,-37.07883685772039],[-72.56175276365683,-37.07926907017334],[-72.56134817835665,-37.07965369015937],[-72.56116271823583,-37.080024949187084],[-72.5606740539949,-37.08096062016584],[-72.56026840666513,-37.08168386483009],[-72.55973351166622,-37.0827157288279]]]}},{"type":"Feature","properties":{"zona_code":"ZEH","zona":"ZEH-2 Zona de extensión habitacional 2","comuna":"Yumbel"},"geometry":{"type":"Polygon","coordinates":[[[-72.56599859366867,-37.081269397046036],[-72.56604156516447,-37.08159992822524],[-72.56610476583431,-37.08191122485166],[-72.56617975477384,-37.08220354525854],[-72.56625625102892,-37.08252798672842],[-72.56634139543027,-37.08281153592176],[-72.5664082334023,-37.08306516314089],[-72.56648817643173,-37.08328284259053],[-72.56656916757412,-37.08343277187213],[-72.56666535765396,-37.08363641772265],[-72.56678273032064,-37.08384112017554],[-72.56702018823816,-37.08421827397244],[-72.56715130226542,-37.08440055313581],[-72.56730916587011,-37.084612499155135],[-72.56745636911582,-37.08477736345103],[-72.56764082614563,-37.08501559597588],[-72.56788906467858,-37.08526206546856],[-72.5681627862955,-37.085511151701375],[-72.5684013185567,-37.08573082369889],[-72.5685985360252,-37.0858806360306],[-72.56892024065064,-37.08611642432927],[-72.5686369434664,-37.08609110042234],[-72.56816046738756,-37.086047048045934],[-72.56729129060938,-37.085942869929326],[-72.56671944526002,-37.085870363374326],[-72.56639297006055,-37.08584802738971],[-72.56568455404003,-37.08561202395271],[-72.56508769521524,-37.08541159595301],[-72.56524953429488,-37.08467197340969],[-72.56599859366867,-37.081269397046036]]]}},{"type":"Feature","properties":{"zona_code":"ZEH","zona":"ZEH-2 Zona de extensión habitacional 2","comuna":"Yumbel"},"geometry":{"type":"Polygon","coordinates":[[[-72.56506790426924,-37.085620427790275],[-72.56621401348731,-37.08599731913438],[-72.56619127380542,-37.08623332689115],[-72.56615790371197,-37.08646796280361],[-72.56607951564354,-37.08704931989362],[-72.56597301024011,-37.08766199763578],[-72.56588497141789,-37.08830797910301],[-72.56575015459619,-37.08912805169571],[-72.56571279528634,-37.0895930518053],[-72.56563204994791,-37.09039456669168],[-72.56434263299337,-37.090297939516454],[-72.56456983703089,-37.08874372221403],[-72.56506790426924,-37.085620427790275]]]}},{"type":"Feature","properties":{"zona_code":"ZEH","zona":"ZEH-2 Zona de extensión habitacional 2","comuna":"Yumbel"},"geometry":{"type":"Polygon","coordinates":[[[-72.44081880498055,-37.20913909146429],[-72.44094634144382,-37.20907957609539],[-72.44122230134494,-37.20900382981102],[-72.44152362706484,-37.20892734423278],[-72.4417802153201,-37.20879798292011],[-72.44200359377093,-37.20868313225472],[-72.44237179046931,-37.20840153726367],[-72.44251061247017,-37.20828914554713],[-72.44279948050873,-37.20812498321748],[-72.44298565043272,-37.20793671974227],[-72.4431044834021,-37.20775718835825],[-72.44315351960103,-37.2075322831823],[-72.44320009392001,-37.207253273635544],[-72.44316365249169,-37.20701054002094],[-72.44308278253973,-37.20672169464973],[-72.44282204064439,-37.20620106205955],[-72.44269320895467,-37.205974560451494],[-72.44241725250046,-37.20530538408697],[-72.44222589838262,-37.204852535623516],[-72.44215982398742,-37.204578106276415],[-72.44202477121829,-37.20430776558985],[-72.44190624653885,-37.204121595964594],[-72.44278571482236,-37.203540699616845],[-72.4432381255735,-37.203249880135246],[-72.44328654505141,-37.20301144927052],[-72.44356647889559,-37.20302361890212],[-72.44345349809545,-37.20333164976734],[-72.44303429182932,-37.203607959312436],[-72.44336129383598,-37.20465488468718],[-72.4437373507625,-37.20584936597459],[-72.44402731595734,-37.206640028316066],[-72.44417432239486,-37.20763801375455],[-72.4444568002724,-37.20919413420004],[-72.44468426522859,-37.210551673557056],[-72.4443905969202,-37.21053015559387],[-72.44376778923456,-37.21042638871428],[-72.44330057078186,-37.2103925835099],[-72.4428765539408,-37.21037783488316],[-72.4424211740396,-37.21041817318561],[-72.44214275026613,-37.2104398187233],[-72.44182020202788,-37.21042211401105],[-72.44160665523033,-37.21038092146756],[-72.44144230543243,-37.210304437884886],[-72.44132623159327,-37.210172372699304],[-72.44119447544861,-37.20969538900657],[-72.44109039320172,-37.20945462174045],[-72.44095464218198,-37.209262180683055],[-72.44081880498055,-37.20913909146429]]]}},{"type":"Feature","properties":{"zona_code":"ZEH","zona":"ZEH-2 Zona de extensión habitacional 2","comuna":"Yumbel"},"geometry":{"type":"Polygon","coordinates":[[[-72.440770465925,-37.2089357054808],[-72.44084826431968,-37.20748083646011],[-72.44092014049697,-37.20654758729551],[-72.44076264121598,-37.20652846520512],[-72.44065964047542,-37.206497600208536],[-72.44060959952927,-37.206421177102996],[-72.44119678431012,-37.205835247215745],[-72.44115819805891,-37.20573140246309],[-72.44091353845803,-37.20528479026828],[-72.44071576759234,-37.20493839364662],[-72.4417165460584,-37.204232081116736],[-72.44193376600754,-37.204540662538186],[-72.44194783308933,-37.20475695941633],[-72.44216175198505,-37.2052721853864],[-72.44232171358887,-37.20571787359447],[-72.44255247083541,-37.20613779916263],[-72.44283634760403,-37.20670177720214],[-72.44291698492933,-37.2068924354299],[-72.4429504271041,-37.207162343936055],[-72.44295566137001,-37.2074635489875],[-72.44281353951106,-37.20778258442887],[-72.44264835469338,-37.20796685101225],[-72.44239254048041,-37.20811312160731],[-72.44189413140248,-37.20851024249779],[-72.44163362522019,-37.20864648994069],[-72.44140993737948,-37.208754578060095],[-72.44098254693097,-37.2088516595631],[-72.440770465925,-37.2089357054808]]]}},{"type":"Feature","properties":{"zona_code":"ZEH","zona":"ZEH-2 Zona de extensión habitacional 2","comuna":"Yumbel"},"geometry":{"type":"Polygon","coordinates":[[[-72.43864131023365,-37.208894332008725],[-72.43865444863685,-37.20909033986957],[-72.43872184269208,-37.209735113298],[-72.43873675114585,-37.209876893856624],[-72.43875619425765,-37.21002531409653],[-72.43881038321999,-37.210193040223544],[-72.43877786265425,-37.21031588299428],[-72.43869353303148,-37.21041652827867],[-72.43848121621224,-37.21040238272245],[-72.43826474624531,-37.21048316684465],[-72.43809931705384,-37.210569239317586],[-72.43797278804047,-37.21057968767614],[-72.43768698813196,-37.21043900709703],[-72.43747021795785,-37.21032679389208],[-72.43725083859302,-37.21015709425972],[-72.43682491872688,-37.20982070594456],[-72.43662821650022,-37.20968420585457],[-72.43639046427494,-37.20957598632436],[-72.43611135575868,-37.20948928442626],[-72.4359972456387,-37.20944688671686],[-72.43611244273399,-37.209326723099004],[-72.43638333136266,-37.20932562744373],[-72.43666528563388,-37.20938177227911],[-72.4368622224777,-37.20943022798647],[-72.43713595737691,-37.20939857419733],[-72.4376220852192,-37.20928964186782],[-72.43804917652957,-37.20918580921036],[-72.43828363054087,-37.20912820510691],[-72.43840108695463,-37.20910447510496],[-72.43864131023365,-37.208894332008725]]]}},{"type":"Feature","properties":{"zona_code":"ZEH","zona":"ZEH-2 Zona de extensión habitacional 2","comuna":"Yumbel"},"geometry":{"type":"Polygon","coordinates":[[[-72.62402053858881,-36.98991382498473],[-72.62398887011484,-36.99004684389964],[-72.62381767356102,-36.990441458246806],[-72.62368674098374,-36.9910616992445],[-72.62360717864809,-36.990986254457844],[-72.62335436467485,-36.99081791383554],[-72.62313523176938,-36.99073657703672],[-72.6229215987851,-36.99068215887721],[-72.62272402285126,-36.99061032049721],[-72.6226841618757,-36.99057090774495],[-72.6225999867683,-36.99030937794996],[-72.62255350328388,-36.99021937807712],[-72.6224791233728,-36.9898085676248],[-72.62248972145747,-36.98967619306858],[-72.6237537215416,-36.98989489348205],[-72.62402053858881,-36.98991382498473]]]}},{"type":"Feature","properties":{"zona_code":"ZEH","zona":"ZEH-2 Zona de extensión habitacional 2","comuna":"Yumbel"},"geometry":{"type":"Polygon","coordinates":[[[-72.62236022423468,-36.986304379718625],[-72.62234575322549,-36.986399628098205],[-72.62229124055135,-36.98667386108163],[-72.6222814250297,-36.98686715820639],[-72.62226285816968,-36.987053951513666],[-72.62223553924974,-36.987412002048636],[-72.62223192531653,-36.987513690062805],[-72.62221897716887,-36.98781881912769],[-72.62220703133745,-36.98823396051688],[-72.62221264016567,-36.98837430500146],[-72.62224398735934,-36.98859004659331],[-72.6221086145121,-36.98853916102529],[-72.62196567543907,-36.988462266503326],[-72.62183473934387,-36.98837146041495],[-72.62171985998737,-36.988263234466146],[-72.62159105160146,-36.988128345716014],[-72.62152707018211,-36.98802533692314],[-72.62147541233593,-36.98791517877108],[-72.62141761438939,-36.987764578338066],[-72.62138851600149,-36.98759616999259],[-72.62140417548493,-36.9873925359056],[-72.62143686054209,-36.98683624538801],[-72.62144300894876,-36.98652116661549],[-72.62236022423468,-36.986304379718625]]]}},{"type":"Feature","properties":{"zona_code":"ZEH","zona":"ZEH-2 Zona de extensión habitacional 2","comuna":"Yumbel"},"geometry":{"type":"Polygon","coordinates":[[[-72.62126759940385,-36.98656038353258],[-72.62123415185127,-36.98701173408052],[-72.6212176813461,-36.98755398581977],[-72.62122911827049,-36.98770600273849],[-72.62125645070942,-36.98783721986056],[-72.62132219614335,-36.98797742000973],[-72.62138858547955,-36.988131145151414],[-72.62154898195726,-36.98830908548618],[-72.62081549096285,-36.98859559203923],[-72.62055252865818,-36.98865779799203],[-72.6202417170956,-36.98877902574739],[-72.62009332474182,-36.98858717249355],[-72.61993638636379,-36.98830416052356],[-72.61983552491401,-36.988046523591564],[-72.61976240206585,-36.98775079479423],[-72.61973575826383,-36.987545066813],[-72.61973669155152,-36.98729786509748],[-72.61975292418651,-36.986928303214995],[-72.62126759940385,-36.98656038353258]]]}},{"type":"Feature","properties":{"zona_code":"ZEH","zona":"ZEH-2 Zona de extensión habitacional 2","comuna":"Yumbel"},"geometry":{"type":"Polygon","coordinates":[[[-72.62556445208605,-36.99258043541573],[-72.62539665682623,-36.99260249712004],[-72.62527619157872,-36.99264342599719],[-72.62503754600465,-36.99268458277063],[-72.62490057858005,-36.99264475437436],[-72.62472455251819,-36.992582417919955],[-72.62460055135035,-36.992548964514384],[-72.62442271997499,-36.99253747122808],[-72.62414176480725,-36.99257653440494],[-72.62405032060916,-36.992606417347744],[-72.62393065652269,-36.99266424990989],[-72.62382849512869,-36.992735091556376],[-72.62377819812,-36.99283143485597],[-72.62374443995493,-36.99292050122401],[-72.62378089059676,-36.992976947037015],[-72.62382918218975,-36.993016102007715],[-72.6239283757754,-36.99306047254289],[-72.62400211848772,-36.993102235230914],[-72.62405185740523,-36.99317181933373],[-72.62408100230594,-36.99325219055633],[-72.6241415803343,-36.99337223246857],[-72.62418092246693,-36.99348953653647],[-72.62424848367381,-36.99357889082214],[-72.62407254107178,-36.99369600583008],[-72.62387455773582,-36.99379347755951],[-72.62358954255492,-36.993836049423095],[-72.62334555262181,-36.99385366462722],[-72.62325374270213,-36.993609298577304],[-72.62320223883775,-36.99350252295714],[-72.62310147877672,-36.99333630592717],[-72.62308044288744,-36.993248915056654],[-72.62311472405834,-36.99308195720975],[-72.62324899664122,-36.99262075351569],[-72.62341939768127,-36.99220923437469],[-72.62358799043271,-36.991848559369835],[-72.62367936052163,-36.991617216476115],[-72.62381066570151,-36.99162674619749],[-72.62402594589308,-36.99162693732059],[-72.62417314673785,-36.99161566558691],[-72.62435812067453,-36.99159985261691],[-72.62450419624909,-36.99156491330349],[-72.624555981861,-36.991537114463874],[-72.62460348915616,-36.99165583731251],[-72.62466049402327,-36.991789531347756],[-72.6246823345326,-36.99189382711104],[-72.6246524706856,-36.99197600254013],[-72.6246149800007,-36.99207534056209],[-72.6246603428838,-36.99214167168671],[-72.62475387464,-36.99215574151581],[-72.62485406894196,-36.992132362519555],[-72.62496449737152,-36.99205788136605],[-72.62511562955687,-36.99195168234811],[-72.62522686069946,-36.99189410603485],[-72.62531665952044,-36.991918447703455],[-72.62537157713068,-36.99200818816662],[-72.62540834968694,-36.99207139555164],[-72.62544496116988,-36.99213122279769],[-72.62556101439259,-36.99217507684653],[-72.6256722083726,-36.99220553500436],[-72.62574402350539,-36.992206724372906],[-72.62556445208605,-36.99258043541573]]]}},{"type":"Feature","properties":{"zona_code":"ZEH","zona":"ZEH-2 Zona de extensión habitacional 2","comuna":"Yumbel"},"geometry":{"type":"Polygon","coordinates":[[[-72.62102166640078,-36.992004099493506],[-72.62103583426948,-36.99197055779928],[-72.6211490023393,-36.99159803510176],[-72.62124922972188,-36.99141975223794],[-72.62166815226588,-36.9913527803073],[-72.62182378145036,-36.99134125326642],[-72.62197419305886,-36.99139760468798],[-72.62209586184964,-36.99155979776293],[-72.62221608586663,-36.99169156153133],[-72.6223385992422,-36.99178262383138],[-72.6224886901733,-36.991832212581784],[-72.62269489929359,-36.99181913941791],[-72.62283692200276,-36.99178771236359],[-72.62300323126075,-36.991823260750046],[-72.6232236917643,-36.991843610361364],[-72.6234130411651,-36.991831051649115],[-72.62323927999998,-36.992238440763124],[-72.62310376146034,-36.99258456151017],[-72.6230133621335,-36.9928141812595],[-72.62291641924044,-36.9931726653047],[-72.62288848032925,-36.99329541244239],[-72.62297936427484,-36.99343145782436],[-72.62318730890857,-36.99389913282889],[-72.62322942025317,-36.99398587974878],[-72.62322697444309,-36.99437872112892],[-72.62325010308054,-36.99486558716247],[-72.62246537491123,-36.99505209355485],[-72.62239676875546,-36.99511852250667],[-72.62236236509871,-36.99519406426862],[-72.62238095159515,-36.99531877555949],[-72.62244056591412,-36.99541853216695],[-72.62250375275154,-36.99550463554194],[-72.62250728518906,-36.99557901706893],[-72.62219046864332,-36.99566318867125],[-72.62169059268895,-36.995803741227384],[-72.62108437309165,-36.99592722410947],[-72.62106816062524,-36.99558574024733],[-72.6210682415173,-36.995572149556146],[-72.62117647001706,-36.99555534440315],[-72.6212387336683,-36.995533126703094],[-72.62132825586873,-36.99546267386655],[-72.62145507138455,-36.995377537843666],[-72.6215695631721,-36.99529954918542],[-72.62169846583608,-36.99525836615177],[-72.62175619322893,-36.995229515222455],[-72.62184828295634,-36.99521315826961],[-72.62188573721707,-36.995201856043295],[-72.62203603588671,-36.99516679007616],[-72.62210917826104,-36.99510699517466],[-72.62214229783737,-36.99500440533792],[-72.62218629541593,-36.99486423782427],[-72.62222507398086,-36.9947919489066],[-72.62225381722102,-36.994686106204846],[-72.62229729359805,-36.99462383122877],[-72.62235762904936,-36.99456104155295],[-72.62235831185599,-36.9944865300007],[-72.622308573731,-36.99441694522594],[-72.6221795543294,-36.994366713271695],[-72.62206835548106,-36.994336250818485],[-72.62187755454491,-36.994318379767236],[-72.62171673972264,-36.99430974870541],[-72.62160196980163,-36.9942929399289],[-72.62150843616509,-36.99427886754606],[-72.62143079949334,-36.99424399353848],[-72.62139370753316,-36.99417402206409],[-72.62138937382998,-36.99408273453272],[-72.62141065109907,-36.99399743634251],[-72.62144361008636,-36.99389146657206],[-72.62147219306516,-36.99378224304322],[-72.62146753853337,-36.99368419347273],[-72.62141475201528,-36.99355036898349],[-72.6214016664206,-36.99345257665414],[-72.6214265169935,-36.993353626194605],[-72.62143237782811,-36.99329927168387],[-72.6214458673509,-36.993227755728434],[-72.62141250917189,-36.993147512117666],[-72.62135566899774,-36.99301719772057],[-72.62132038556085,-36.99289638185848],[-72.62127390220529,-36.99280638151759],[-72.62127021118431,-36.99272861806238],[-72.6212670006759,-36.99266099764733],[-72.62131938702714,-36.99260860877912],[-72.6213944540007,-36.99258938558299],[-72.62148296819002,-36.992586681974736],[-72.62156449747637,-36.99261466477253],[-72.62169528045075,-36.99270208943948],[-72.62175766188925,-36.99277128803979],[-72.6218524779353,-36.99281240832767],[-72.62194600986733,-36.992826480380906],[-72.622047169235,-36.9928233908494],[-72.62212303882863,-36.99282107139229],[-72.62218562184637,-36.99280561605528],[-72.62227140668618,-36.99274543360902],[-72.62230970333631,-36.99266300155731],[-72.62227863232494,-36.99254205768669],[-72.62221091340587,-36.992449320448905],[-72.62211661951459,-36.99233030875823],[-72.62182233851986,-36.99208874080588],[-72.62166124947626,-36.99198531217273],[-72.62142589588876,-36.99191801170284],[-72.62123995756228,-36.99191353392032],[-72.62102166640078,-36.992004099493506]]]}},{"type":"Feature","properties":{"zona_code":"ZESE","zona":"ZESE Zona de equipamiento de seguridad","comuna":"Yumbel"},"geometry":{"type":"Polygon","coordinates":[[[-72.56234580793803,-37.09012269165369],[-72.56167984091357,-37.090071615294576],[-72.56180905824351,-37.089221240795794],[-72.56246657616114,-37.089272571529705],[-72.56234580793803,-37.09012269165369]]]}},{"type":"Feature","properties":{"zona_code":"ZESA","zona":"ZESA Zona de equipamiento de salud","comuna":"Yumbel"},"geometry":{"type":"Polygon","coordinates":[[[-72.5582121823484,-37.095945511930836],[-72.55800892001685,-37.09684043194938],[-72.55667950875294,-37.0967042935771],[-72.55685049676727,-37.09579680134233],[-72.5582121823484,-37.095945511930836]]]}},{"type":"Feature","properties":{"zona_code":"ZH4","zona":"ZH4 Zona habitacional 4","comuna":"Yumbel"},"geometry":{"type":"Polygon","coordinates":[[[-72.56223567850529,-37.10274205878354],[-72.56208401137815,-37.10369976565514],[-72.56199843320137,-37.10385809303206],[-72.56122616298907,-37.104517877869995],[-72.56016050314392,-37.10432983267931],[-72.56079969689509,-37.10249913145091],[-72.56223567850529,-37.10274205878354]]]}},{"type":"Feature","properties":{"zona_code":"ZH4","zona":"ZH4 Zona habitacional 4","comuna":"Yumbel"},"geometry":{"type":"Polygon","coordinates":[[[-72.56059744089612,-37.10246796736685],[-72.56040022767014,-37.10313077086768],[-72.55997333411119,-37.104304985497926],[-72.55870563069581,-37.10404512368917],[-72.5588776486661,-37.103836797229334],[-72.55897494687305,-37.10365780392012],[-72.55905821162463,-37.103540179046846],[-72.55911624969669,-37.10333527753674],[-72.55918025219147,-37.10316744273792],[-72.559247841925,-37.102985955559475],[-72.55936424164588,-37.1028537906637],[-72.55951298638794,-37.10269018099057],[-72.55959292289327,-37.102501550773916],[-72.55957972799278,-37.10240036866258],[-72.5598819200922,-37.10235403945568],[-72.56013327611639,-37.10239558004916],[-72.56035703516363,-37.1024345639399],[-72.56059744089612,-37.10246796736685]]]}},{"type":"Feature","properties":{"zona_code":"ZH4","zona":"ZH4 Zona habitacional 4","comuna":"Yumbel"},"geometry":{"type":"Polygon","coordinates":[[[-72.5610900536907,-37.10463540083958],[-72.5610510451602,-37.10488543971821],[-72.56001720108432,-37.10469982333764],[-72.56011431138933,-37.1044717376084],[-72.5610900536907,-37.10463540083958]]]}},{"type":"Feature","properties":{"zona_code":"ZH3","zona":"ZH3 Zona habitacional 3","comuna":"Yumbel"},"geometry":{"type":"Polygon","coordinates":[[[-72.56001720108432,-37.10469982333764],[-72.5610510451602,-37.10488543971821],[-72.56093105883764,-37.10546096924142],[-72.55977535910216,-37.105267467764925],[-72.55986775094404,-37.10511909471798],[-72.56001720108432,-37.10469982333764]]]}},{"type":"Feature","properties":{"zona_code":"ZH3","zona":"ZH3 Zona habitacional 3","comuna":"Yumbel"},"geometry":{"type":"Polygon","coordinates":[[[-72.5612777223773,-37.106429387952254],[-72.56001546834457,-37.10619646526061],[-72.55929813188342,-37.10649567561047],[-72.55912220575772,-37.1067108919291],[-72.55873742296365,-37.107250664074144],[-72.55831543266666,-37.107808483493514],[-72.5575056285441,-37.1088418274744],[-72.55694689067613,-37.10954934585901],[-72.55674255849873,-37.10988053498863],[-72.55665933829204,-37.110089577654804],[-72.55659395377047,-37.110318399895284],[-72.55655833274778,-37.110641135385684],[-72.55654785869326,-37.11111717634289],[-72.55656474622613,-37.11138754518309],[-72.55653371605192,-37.11180833493784],[-72.55649735937142,-37.11301821098992],[-72.55649672661862,-37.11354643868759],[-72.55647134367642,-37.113997532259546],[-72.55646401032733,-37.11456320628428],[-72.5564394197672,-37.11503120642214],[-72.55643572818241,-37.115674647968454],[-72.55543805028793,-37.11567752051179],[-72.55547601091541,-37.11395970333242],[-72.55548045805354,-37.113427724367256],[-72.5554969757329,-37.11260130710352],[-72.55552389812962,-37.11182172981227],[-72.55555272375283,-37.110811850995404],[-72.55557753137998,-37.1104386508567],[-72.55559241578406,-37.110214730936605],[-72.55565701234148,-37.109969002724725],[-72.55574039532395,-37.10976334186077],[-72.55585501650064,-37.109502567918696],[-72.55603465349448,-37.10918566605487],[-72.55643308002986,-37.10866580740237],[-72.55699371727972,-37.10799886654215],[-72.55759867003897,-37.10719515236574],[-72.55805891987814,-37.10655153819802],[-72.5584685579979,-37.106000862994826],[-72.5586326679486,-37.10589435324589],[-72.55887102192801,-37.10574836617372],[-72.5591839920033,-37.10566108326534],[-72.55947933530031,-37.1055133821741],[-72.55969103921754,-37.10538512454573],[-72.56093803250755,-37.1056097409331],[-72.5612777223773,-37.106429387952254]]]}},{"type":"Feature","properties":{"zona_code":"ZH3","zona":"ZH3 Zona habitacional 3","comuna":"Yumbel"},"geometry":{"type":"Polygon","coordinates":[[[-72.55541883809113,-37.11585416678236],[-72.55638274163411,-37.11585230840363],[-72.55635040798553,-37.118863389431844],[-72.55591018540501,-37.119123784729204],[-72.55531975168293,-37.11938191733397],[-72.55536466665023,-37.11916725445553],[-72.55539349019975,-37.11802193716745],[-72.5554252732726,-37.11623339130422],[-72.55541883809113,-37.11585416678236]]]}},{"type":"Feature","properties":{"zona_code":"ZH3","zona":"ZH3 Zona habitacional 3","comuna":"Yumbel"},"geometry":{"type":"Polygon","coordinates":[[[-72.55523243349617,-37.11584622049647],[-72.55516744759177,-37.117619024004384],[-72.55517519950367,-37.118326454828285],[-72.55514914837292,-37.11892147174958],[-72.55514038444426,-37.11918583817471],[-72.5551238642725,-37.119284527459875],[-72.55481859262419,-37.11926660441797],[-72.55454905094639,-37.119379661225814],[-72.55441990573115,-37.119149907805706],[-72.55428986272696,-37.118991285446185],[-72.55407817297481,-37.118804639999716],[-72.55412609852964,-37.11865421961927],[-72.55416104113088,-37.11849741748036],[-72.55414341789731,-37.11830156091454],[-72.55406029617339,-37.11815168871849],[-72.55394730221553,-37.117995940394486],[-72.55394620195675,-37.117701395633034],[-72.55395776731214,-37.11740647066816],[-72.55391544489352,-37.11722489917283],[-72.55389191014079,-37.11708339535052],[-72.55380266944873,-37.116893074264645],[-72.55359341830696,-37.11657768875775],[-72.55371681776818,-37.116323425070405],[-72.55369734751928,-37.1161784138321],[-72.55371133839266,-37.116025625731346],[-72.55378802703117,-37.11585741294615],[-72.55523243349617,-37.11584622049647]]]}},{"type":"Feature","properties":{"zona_code":"ZH3","zona":"ZH3 Zona habitacional 3","comuna":"Yumbel"},"geometry":{"type":"Polygon","coordinates":[[[-72.56570998124269,-37.07840820453512],[-72.5657154494399,-37.07845318973089],[-72.56571969292467,-37.078723938172566],[-72.56562182745103,-37.07916028619748],[-72.56532786032675,-37.07992081686327],[-72.56478472584017,-37.081135790900774],[-72.56422100925943,-37.0824529602724],[-72.56373917505908,-37.08360810809572],[-72.5634407564905,-37.083478680029785],[-72.56324555721902,-37.0832813955272],[-72.56318445524357,-37.083059760268945],[-72.56332719289713,-37.08285908069255],[-72.56334427420367,-37.08268249715752],[-72.56328761032886,-37.082555535647714],[-72.56329161332337,-37.082460608291974],[-72.56341314921305,-37.08234860127068],[-72.56342706061645,-37.08210439452857],[-72.56349573473418,-37.08194657478831],[-72.56346312407014,-37.08179180179842],[-72.56338399181793,-37.08172646255779],[-72.56338641040736,-37.08159772360538],[-72.5634469609263,-37.08144692039762],[-72.56338154021189,-37.081313449745195],[-72.56333490218769,-37.08122004618523],[-72.56347458410363,-37.08113458130253],[-72.56366427307746,-37.081034067492894],[-72.56376016798417,-37.0809160599924],[-72.56381944943706,-37.080738206902296],[-72.56382186716435,-37.080609467893716],[-72.564014923966,-37.0804005021294],[-72.56417738795895,-37.080260175894104],[-72.56439112589277,-37.08013184995857],[-72.56446138069786,-37.080007841060684],[-72.56446253042164,-37.079852052373916],[-72.56467594997777,-37.079716963904566],[-72.56488936878384,-37.0795818750206],[-72.56494179172797,-37.079438087484675],[-72.56508673822154,-37.079284742611115],[-72.56525795412337,-37.07915092285645],[-72.56533442851031,-37.078979324038215],[-72.56535118811833,-37.07879597797834],[-72.56548769190968,-37.07864288723303],[-72.5656407583464,-37.078482525772706],[-72.56570998124269,-37.07840820453512]]]}},{"type":"Feature","properties":{"zona_code":"ZH3","zona":"ZH3 Zona habitacional 3","comuna":"Yumbel"},"geometry":{"type":"Polygon","coordinates":[[[-72.55894087471783,-37.093792158477044],[-72.55899294558562,-37.09355019068574],[-72.5591449947258,-37.09318671064937],[-72.55933798481665,-37.09279491232318],[-72.56031610072495,-37.09274181161634],[-72.56052919849041,-37.09277942269352],[-72.56049538536209,-37.092959894901],[-72.56053221735412,-37.093114541752456],[-72.56062080888537,-37.093291334001734],[-72.56062819748351,-37.09335883036299],[-72.56056715831465,-37.09349948934926],[-72.56053033619267,-37.0936157194566],[-72.56053825606529,-37.09378477894375],[-72.55894087471783,-37.093792158477044]]]}},{"type":"Feature","properties":{"zona_code":"ZH3","zona":"ZH3 Zona habitacional 3","comuna":"Yumbel"},"geometry":{"type":"Polygon","coordinates":[[[-72.55889427346335,-37.098030918938],[-72.55798043536036,-37.097924793656176],[-72.55819564980071,-37.09701427787483],[-72.55953836492809,-37.09716354337592],[-72.55954603155986,-37.09716433299249],[-72.55952776055442,-37.09720787870752],[-72.55945590021646,-37.09729807383954],[-72.5593039974966,-37.09739405997147],[-72.55912645124738,-37.097484044746864],[-72.55908176184128,-37.09752263308215],[-72.5590210333942,-37.09767005381482],[-72.55897122684473,-37.09777990119952],[-72.55889427346335,-37.098030918938]]]}},{"type":"Feature","properties":{"zona_code":"ZH3","zona":"ZH3 Zona habitacional 3","comuna":"Yumbel"},"geometry":{"type":"Polygon","coordinates":[[[-72.55838358139655,-37.10099510313915],[-72.55837356315755,-37.10099420100666],[-72.55736257328462,-37.100889135606],[-72.55794065268685,-37.09806819884988],[-72.55885006751164,-37.09817131164998],[-72.55886201801661,-37.09842651452095],[-72.55877517170589,-37.09855779006896],[-72.55877147951902,-37.09865947968245],[-72.55871586788626,-37.09873564203716],[-72.55860654356545,-37.098928540094626],[-72.55861256087368,-37.09905702602078],[-72.55869023372755,-37.09927139293889],[-72.55876315637146,-37.09938432437021],[-72.55888430820043,-37.099624471712026],[-72.55893095405072,-37.09971787703979],[-72.55889697728381,-37.099894967430664],[-72.5588480160201,-37.10011313959851],[-72.55867252666502,-37.10051795611958],[-72.55851539556117,-37.100773238144264],[-72.55838358139655,-37.10099510313915]]]}},{"type":"Feature","properties":{"zona_code":"ZH3","zona":"ZH3 Zona habitacional 3","comuna":"Yumbel"},"geometry":{"type":"Polygon","coordinates":[[[-72.55815315190631,-37.10395560762231],[-72.55776831386969,-37.10393446295884],[-72.5575416231279,-37.103968360629],[-72.55736495718405,-37.10398721153358],[-72.55664129961794,-37.10388027966749],[-72.55707874459297,-37.10220802495062],[-72.55732431804991,-37.10104265192564],[-72.55827964337199,-37.10113246066809],[-72.55831133624581,-37.10113499356262],[-72.55829109428086,-37.101196449486984],[-72.55832338990275,-37.10134446154536],[-72.55831030522143,-37.10142611759733],[-72.55835072573022,-37.10156711265808],[-72.55844148576516,-37.101699823691405],[-72.55857414241578,-37.10182450382079],[-72.55875618825097,-37.1019206120331],[-72.55897517154742,-37.10208332900015],[-72.55903026207258,-37.10217648015396],[-72.55903723092152,-37.102325252764935],[-72.55896916707884,-37.102496596050166],[-72.55882543423232,-37.10267698502986],[-72.55869636955956,-37.10280952923994],[-72.5586536309665,-37.10298011161293],[-72.55860962640475,-37.10312364352009],[-72.55855907865494,-37.103308003866914],[-72.55844974896173,-37.103500901438586],[-72.55836352901512,-37.10364570292769],[-72.55821884291693,-37.10380580430334],[-72.55815315190631,-37.10395560762231]]]}},{"type":"Feature","properties":{"zona_code":"ZH3","zona":"ZH3 Zona habitacional 3","comuna":"Yumbel"},"geometry":{"type":"Polygon","coordinates":[[[-72.55866614532525,-37.10419825366921],[-72.55990074388882,-37.104424829675246],[-72.55974752469619,-37.10494410005734],[-72.55958479771225,-37.10526049843282],[-72.55921151661069,-37.105413928563394],[-72.55884636035535,-37.105560340474675],[-72.55859064550663,-37.10569669106375],[-72.55839339828447,-37.10581774022583],[-72.55822242854954,-37.10595831612771],[-72.55792122845804,-37.10638722337438],[-72.55716694702389,-37.10743244109952],[-72.5565044683642,-37.108271739395406],[-72.55595511538495,-37.108999287440305],[-72.55569980404306,-37.10932523361066],[-72.55551457098025,-37.10970324980856],[-72.55541809880098,-37.10999056687892],[-72.55535128701601,-37.11018895781599],[-72.55531265336893,-37.11044744986658],[-72.55530916386579,-37.11091481645026],[-72.55528782931935,-37.111904155415694],[-72.555248650818,-37.11341546654375],[-72.55524547112455,-37.11443134786641],[-72.55520988663379,-37.1156581307793],[-72.55422941240289,-37.11566724914435],[-72.55377879917214,-37.11566913025305],[-72.55376218851757,-37.115576307071194],[-72.55365886029107,-37.115355935603375],[-72.5535349465956,-37.11523775959573],[-72.55337973789818,-37.11508327770153],[-72.55329556381568,-37.11500115530499],[-72.55326205433074,-37.11491751150737],[-72.5532612140007,-37.11480918611677],[-72.55337009770906,-37.11460614728864],[-72.55341723229371,-37.11443882136304],[-72.55353645713099,-37.11427610379276],[-72.55364238265007,-37.11410024147886],[-72.5536489863183,-37.113879955924624],[-72.55369722700894,-37.11373629838592],[-72.55381803320286,-37.1136073928323],[-72.55397825937285,-37.113507777012664],[-72.55406249061447,-37.113410442250746],[-72.55410434376624,-37.11331099353782],[-72.55414398200891,-37.11316420768944],[-72.55412857518976,-37.11301568814647],[-72.55405691062673,-37.112929804245354],[-72.55391173285241,-37.112808881741195],[-72.55372375297203,-37.112767119173],[-72.55335576240421,-37.112673198328515],[-72.55322203517763,-37.11261626414597],[-72.55321338400687,-37.112521716305324],[-72.55328052052361,-37.11233008886208],[-72.55330485399396,-37.112217622213656],[-72.55320015739495,-37.11205823786081],[-72.55306453290305,-37.11196072833958],[-72.55307028843782,-37.1119029946247],[-72.55322301903621,-37.111823921051894],[-72.55340514251021,-37.11174057865918],[-72.55362874377376,-37.11173048304198],[-72.55385012925862,-37.1116730498539],[-72.55401879652602,-37.11157318097063],[-72.55411991278662,-37.11147533940347],[-72.55418741197943,-37.111381892963294],[-72.55425596924647,-37.111220695315225],[-72.55431513243674,-37.111039463797326],[-72.55433117869346,-37.110930631617485],[-72.55431049428431,-37.11084998972289],[-72.55424115384082,-37.110723404304544],[-72.5541042660792,-37.11059884649129],[-72.55398115062921,-37.11049757686439],[-72.55392795763613,-37.110444998652426],[-72.55386442285163,-37.1103520980892],[-72.55385735298394,-37.11029136351287],[-72.55387947013782,-37.11013155952319],[-72.55388908059919,-37.10997551761222],[-72.55384354053479,-37.10990577896324],[-72.55379689322436,-37.10981237263222],[-72.55388175405155,-37.1097285625915],[-72.55403933344199,-37.10966288607277],[-72.55436198473791,-37.10951099184475],[-72.55478500750995,-37.109335768454265],[-72.55510654829453,-37.10916020351114],[-72.55523346550052,-37.10907174481104],[-72.55532270328037,-37.10899118810912],[-72.55540988427258,-37.10886667697062],[-72.55558666894585,-37.10875979056728],[-72.55570102643897,-37.10858367284735],[-72.5557992875895,-37.108424968558325],[-72.55598293269185,-37.108284016130526],[-72.55603902843842,-37.10821799840609],[-72.55608150991823,-37.1081320735109],[-72.55616225003814,-37.10796035196711],[-72.55622267292385,-37.10780616871319],[-72.55626858427196,-37.107703211466905],[-72.5562258405274,-37.1076029166458],[-72.55616009005483,-37.10746268102457],[-72.55607138359152,-37.10737392440654],[-72.5559500124629,-37.10730985024152],[-72.55584193962544,-37.10725891939799],[-72.5558652118627,-37.107214203235934],[-72.5559744475445,-37.10710934388455],[-72.55613761319104,-37.10698255110428],[-72.55630721694915,-37.10690296692643],[-72.55654499763115,-37.1068348781462],[-72.55672979809874,-37.10680901281688],[-72.55696726214983,-37.10673416033796],[-72.55712214083702,-37.10661100018632],[-72.55719865556385,-37.106439404317854],[-72.55723295497612,-37.10626907674268],[-72.55729664615862,-37.10609447950394],[-72.5573048241741,-37.10590800643547],[-72.5572739003135,-37.10569900658496],[-72.55723395413938,-37.105568154127425],[-72.55722524617744,-37.10538218821513],[-72.55724909696437,-37.10525957745609],[-72.55745030415402,-37.10522305986763],[-72.55787319071366,-37.10513586499448],[-72.55811566216546,-37.10507779003469],[-72.55828008663649,-37.104978043532824],[-72.55840868172365,-37.104835355288174],[-72.55857072959677,-37.10468489019473],[-72.55859568675622,-37.10458594765813],[-72.55861299303153,-37.10450416500041],[-72.5586644912566,-37.10434009139467],[-72.55866614532525,-37.10419825366921]]]}},{"type":"Feature","properties":{"zona_code":"ZH3","zona":"ZH3 Zona habitacional 3","comuna":"Yumbel"},"geometry":{"type":"Polygon","coordinates":[[[-72.55564679196563,-37.093016674242506],[-72.55768745319521,-37.092907989580944],[-72.5590774686826,-37.092805280432266],[-72.55891840303069,-37.09319944517592],[-72.55547926600639,-37.093411088551804],[-72.55552264020974,-37.09325403287843],[-72.55564679196563,-37.093016674242506]]]}},{"type":"Feature","properties":{"zona_code":"ZH3","zona":"ZH3 Zona habitacional 3","comuna":"Yumbel"},"geometry":{"type":"Polygon","coordinates":[[[-72.55542586763389,-37.093534586614666],[-72.5588237534718,-37.093344499147584],[-72.5582121823484,-37.095945511930836],[-72.55685049676727,-37.09579680134233],[-72.55667950875294,-37.0967042935771],[-72.55493033596358,-37.09649524503002],[-72.55521182390197,-37.094922483428405],[-72.55552670396541,-37.09496720569556],[-72.55598098238738,-37.094919707810995],[-72.55616512070469,-37.09488031928267],[-72.55611331725507,-37.09449587561968],[-72.55614138938978,-37.094373138335634],[-72.55648781973063,-37.09436950746837],[-72.55679731726309,-37.094299266000846],[-72.55673337531917,-37.0940167660658],[-72.55634695251521,-37.094069001395845],[-72.5563476978555,-37.093723610753],[-72.55539441564339,-37.09376577600328],[-72.55542586763389,-37.093534586614666]]]}},{"type":"Feature","properties":{"zona_code":"ZH3","zona":"ZH3 Zona habitacional 3","comuna":"Yumbel"},"geometry":{"type":"Polygon","coordinates":[[[-72.55498152048861,-37.09487860669951],[-72.55469237610382,-37.09646852812848],[-72.55380200907018,-37.09641060001948],[-72.55402595580397,-37.095956932713655],[-72.55437896098431,-37.09537072612113],[-72.55461820434108,-37.09488273995077],[-72.55498152048861,-37.09487860669951]]]}},{"type":"Feature","properties":{"zona_code":"ZH3","zona":"ZH3 Zona habitacional 3","comuna":"Yumbel"},"geometry":{"type":"Polygon","coordinates":[[[-72.55796387522399,-37.09700685092737],[-72.5577686557461,-37.097893063695935],[-72.55560915218399,-37.097632865640364],[-72.55477485994987,-37.097508927357936],[-72.55488759221875,-37.09666582600919],[-72.55796387522399,-37.09700685092737]]]}},{"type":"Feature","properties":{"zona_code":"ZH3","zona":"ZH3 Zona habitacional 3","comuna":"Yumbel"},"geometry":{"type":"Polygon","coordinates":[[[-72.55465807442195,-37.09663885603266],[-72.5545125208738,-37.09750325749897],[-72.55385709689382,-37.09740780464921],[-72.5533867706686,-37.09729325016166],[-72.5530953120065,-37.09720718806931],[-72.55320815674658,-37.09654692594293],[-72.55465807442195,-37.09663885603266]]]}},{"type":"Feature","properties":{"zona_code":"ZH3","zona":"ZH3 Zona habitacional 3","comuna":"Yumbel"},"geometry":{"type":"Polygon","coordinates":[[[-72.55307725695667,-37.09736348390819],[-72.55377931640676,-37.097552349012595],[-72.55449383589144,-37.09764602886359],[-72.55439810320732,-37.098129707804404],[-72.55399720693309,-37.098053704418824],[-72.55331170979457,-37.097857571816604],[-72.55302869067413,-37.097771256598435],[-72.55307725695667,-37.09736348390819]]]}},{"type":"Feature","properties":{"zona_code":"ZH3","zona":"ZH3 Zona habitacional 3","comuna":"Yumbel"},"geometry":{"type":"Polygon","coordinates":[[[-72.55470552374669,-37.09765321941082],[-72.55724935562021,-37.09799669769001],[-72.55773372680748,-37.09804986699013],[-72.55745956606523,-37.09923641555683],[-72.55711374293641,-37.100878832804774],[-72.55666375743273,-37.10083817270765],[-72.55554829398481,-37.10066850977677],[-72.55578787064833,-37.0996455297533],[-72.55596771305935,-37.09861079919652],[-72.5562240429635,-37.098487980064554],[-72.5562358642351,-37.09837927471878],[-72.55541032235311,-37.09826185036842],[-72.55461918258433,-37.09815693230135],[-72.55470552374669,-37.09765321941082]]]}},{"type":"Feature","properties":{"zona_code":"ZH3","zona":"ZH3 Zona habitacional 3","comuna":"Yumbel"},"geometry":{"type":"Polygon","coordinates":[[[-72.55711099857581,-37.10100080988219],[-72.55674796082793,-37.102636972188385],[-72.5561466049761,-37.10478141050944],[-72.55507393110983,-37.104624003307784],[-72.5533779678676,-37.10433630857023],[-72.55376346879824,-37.102455692408206],[-72.55413554891358,-37.100649969190144],[-72.55711099857581,-37.10100080988219]]]}},{"type":"Feature","properties":{"zona_code":"ZH3","zona":"ZH3 Zona habitacional 3","comuna":"Yumbel"},"geometry":{"type":"Polygon","coordinates":[[[-72.55255913814528,-37.10038575905736],[-72.55387942632696,-37.100596707412535],[-72.55371359180157,-37.101570068325515],[-72.55332999066344,-37.10349125897583],[-72.55314842772808,-37.10430933578195],[-72.55186247932326,-37.10411089535815],[-72.55255913814528,-37.10038575905736]]]}},{"type":"Feature","properties":{"zona_code":"ZH3","zona":"ZH3 Zona habitacional 3","comuna":"Yumbel"},"geometry":{"type":"Polygon","coordinates":[[[-72.55335321046314,-37.1045300514132],[-72.55433722930542,-37.10469013432741],[-72.55403107695574,-37.10582684647367],[-72.55314012428435,-37.10575877467897],[-72.55335321046314,-37.1045300514132]]]}},{"type":"Feature","properties":{"zona_code":"ZH3","zona":"ZH3 Zona habitacional 3","comuna":"Yumbel"},"geometry":{"type":"Polygon","coordinates":[[[-72.55556752234511,-37.10487328905913],[-72.5560460252226,-37.10498081617985],[-72.5559206990218,-37.10510308758469],[-72.55516302610035,-37.10598586926786],[-72.55556752234511,-37.10487328905913]]]}},{"type":"Feature","properties":{"zona_code":"ZH3","zona":"ZH3 Zona habitacional 3","comuna":"Yumbel"},"geometry":{"type":"Polygon","coordinates":[[[-72.56581304741978,-37.07961078732746],[-72.56592677052934,-37.08068409702589],[-72.56583617321834,-37.08100510380124],[-72.56571479066466,-37.08157082634917],[-72.5656324361135,-37.0820676545455],[-72.56546875101658,-37.082722684415124],[-72.56537531940793,-37.08325370546796],[-72.56514244552007,-37.08423586897397],[-72.56490372356043,-37.08536380428335],[-72.56376034304814,-37.084954651925294],[-72.56392319549293,-37.08419129817649],[-72.56414813936358,-37.08349040929046],[-72.56449661549597,-37.08263004923848],[-72.56581304741978,-37.07961078732746]]]}},{"type":"Feature","properties":{"zona_code":"ZH3","zona":"ZH3 Zona habitacional 3","comuna":"Yumbel"},"geometry":{"type":"Polygon","coordinates":[[[-72.56373935955675,-37.08513812519083],[-72.56487430130139,-37.08554753158112],[-72.56478194334194,-37.086056511476365],[-72.56472128664781,-37.08652051904927],[-72.56466263105241,-37.086937064210126],[-72.56440753301816,-37.0886174013625],[-72.56428559182089,-37.0883603526965],[-72.56404070033447,-37.087734548759315],[-72.56354033070768,-37.086527275569544],[-72.56361047466952,-37.086220429423705],[-72.56373935955675,-37.08513812519083]]]}},{"type":"Feature","properties":{"zona_code":"ZH3","zona":"ZH3 Zona habitacional 3","comuna":"Yumbel"},"geometry":{"type":"Polygon","coordinates":[[[-72.5633870271219,-37.08659283473192],[-72.56369168835452,-37.087321806633156],[-72.5639977823256,-37.08808120757824],[-72.5641957134992,-37.088606845413715],[-72.56430013903196,-37.088850877684045],[-72.5643340237829,-37.08903269919264],[-72.56432691048978,-37.08915142200818],[-72.56427939622296,-37.089400026292786],[-72.56415664761977,-37.09029761129208],[-72.56285314609792,-37.090170917980544],[-72.56301514583672,-37.08902836493964],[-72.56310384331492,-37.08839590957355],[-72.56325218413757,-37.087412906468664],[-72.5633870271219,-37.08659283473192]]]}},{"type":"Feature","properties":{"zona_code":"ZH3","zona":"ZH3 Zona habitacional 3","comuna":"Yumbel"},"geometry":{"type":"Polygon","coordinates":[[[-72.54240544904569,-37.13885902047973],[-72.54180625200331,-37.14015683937948],[-72.54108300378711,-37.14187822589751],[-72.54053512373906,-37.14173885912971],[-72.54043628191492,-37.14179599019686],[-72.5398157209656,-37.14299963253203],[-72.53911697396241,-37.14270901636308],[-72.53977322696801,-37.141544941598525],[-72.5398494955837,-37.14136659126165],[-72.54111979832852,-37.13849794023432],[-72.54240544904569,-37.13885902047973]]]}},{"type":"Feature","properties":{"zona_code":"ZH3","zona":"ZH3 Zona habitacional 3","comuna":"Yumbel"},"geometry":{"type":"Polygon","coordinates":[[[-72.54099088649672,-37.13845439254837],[-72.54046418293498,-37.13958412594064],[-72.53961458767233,-37.14149889598267],[-72.53896224051516,-37.14265608115284],[-72.53778146422623,-37.14218686550339],[-72.53842802527778,-37.14099599997722],[-72.53795476147744,-37.140823916581994],[-72.5373717052478,-37.1420162681724],[-72.53645252841139,-37.141623870958405],[-72.5372802692086,-37.13960142489202],[-72.5381073389577,-37.137565448930374],[-72.54099088649672,-37.13845439254837]]]}},{"type":"Feature","properties":{"zona_code":"ZH3","zona":"ZH3 Zona habitacional 3","comuna":"Yumbel"},"geometry":{"type":"Polygon","coordinates":[[[-72.53888829984805,-37.14279372990757],[-72.53807291854733,-37.144355326864755],[-72.53701148857128,-37.143906239814804],[-72.53657562878345,-37.144718347666725],[-72.53416153854495,-37.1436967780871],[-72.53423369200726,-37.14356595783593],[-72.53411282865771,-37.143513697896616],[-72.53401924098598,-37.14363838624612],[-72.53383532236471,-37.14354906935174],[-72.53411747916016,-37.14288715547816],[-72.53491474576585,-37.14120761641148],[-72.5363561257125,-37.14173340955141],[-72.53888829984805,-37.14279372990757]]]}},{"type":"Feature","properties":{"zona_code":"ZH3","zona":"ZH3 Zona habitacional 3","comuna":"Yumbel"},"geometry":{"type":"Polygon","coordinates":[[[-72.53973621667386,-37.1431086678199],[-72.53896510341356,-37.14462154371212],[-72.5387549848782,-37.1445601055732],[-72.53834562235622,-37.145486550853484],[-72.53805225269272,-37.145363267251916],[-72.53850341627574,-37.144516836268785],[-72.53823602347549,-37.144406320340835],[-72.53904733596852,-37.142848229858174],[-72.53973621667386,-37.1431086678199]]]}},{"type":"Feature","properties":{"zona_code":"ZH3","zona":"ZH3 Zona habitacional 3","comuna":"Yumbel"},"geometry":{"type":"Polygon","coordinates":[[[-72.54616426582572,-37.14001283250575],[-72.54607124192081,-37.14028480328847],[-72.54605601479228,-37.14050195899236],[-72.54607299457935,-37.14068429186516],[-72.54615068552354,-37.14089866626965],[-72.54634459688997,-37.14142783744873],[-72.54667194581775,-37.14227806243388],[-72.54728402477159,-37.143790172338086],[-72.54546746343642,-37.144379572505166],[-72.54369089793124,-37.14492034490862],[-72.54312920702618,-37.14348966276858],[-72.54480752920566,-37.13957943220937],[-72.54616426582572,-37.14001283250575]]]}},{"type":"Feature","properties":{"zona_code":"ZH3","zona":"ZH3 Zona habitacional 3","comuna":"Yumbel"},"geometry":{"type":"Polygon","coordinates":[[[-72.54735866261649,-37.14398432029808],[-72.54791755549347,-37.145443844981926],[-72.54834735668005,-37.14649414992555],[-72.54856759394708,-37.147042843343534],[-72.54864434960861,-37.14723692799219],[-72.54870231209618,-37.14739094315985],[-72.54881127850791,-37.14755020249109],[-72.5489020843973,-37.14768291793697],[-72.54904389343587,-37.14782087559133],[-72.54921822831739,-37.14793077142172],[-72.54860896802542,-37.149012224367],[-72.54711679799851,-37.148400073724105],[-72.54559835978056,-37.1477683739232],[-72.54409810345439,-37.14716319810367],[-72.54424281342956,-37.14682027023642],[-72.54432278396528,-37.1465402282149],[-72.54427793458927,-37.14630455437799],[-72.54416984460931,-37.1459827390862],[-72.54378084259935,-37.14508017765658],[-72.54735866261649,-37.14398432029808]]]}},{"type":"Feature","properties":{"zona_code":"ZH3","zona":"ZH3 Zona habitacional 3","comuna":"Yumbel"},"geometry":{"type":"Polygon","coordinates":[[[-72.53869690796228,-37.145899295640305],[-72.53861514729664,-37.14605072128282],[-72.53816202315532,-37.14585772196286],[-72.53737641339497,-37.14551890291614],[-72.53676042497052,-37.14527997514927],[-72.53625895668716,-37.14504778160811],[-72.53589876687036,-37.144851997003485],[-72.53552464683868,-37.14462953998209],[-72.53484370946967,-37.14426726113908],[-72.53456708716183,-37.14414008194228],[-72.5342136796831,-37.14408968596408],[-72.53380945872101,-37.14412884150103],[-72.5335572925534,-37.14416345652159],[-72.53381246490528,-37.143739366130546],[-72.5339335644005,-37.143796697800774],[-72.53388744715906,-37.14389626760317],[-72.5339999421257,-37.14395047047113],[-72.53405825842746,-37.14384037900693],[-72.53444252061144,-37.14400836275984],[-72.53501641182721,-37.14425194618602],[-72.53608316434966,-37.14472459455132],[-72.53726507551997,-37.14521749384904],[-72.53837815861323,-37.14568534989493],[-72.53873520322604,-37.145813501951594],[-72.53869690796228,-37.145899295640305]]]}},{"type":"Feature","properties":{"zona_code":"ZH3","zona":"ZH3 Zona habitacional 3","comuna":"Yumbel"},"geometry":{"type":"Polygon","coordinates":[[[-72.54291692545571,-37.148679909127324],[-72.54269486969888,-37.1485443457925],[-72.5425964157542,-37.14842878442805],[-72.54240835010668,-37.14838700914179],[-72.54218317837828,-37.1482752384292],[-72.54177692751122,-37.14836188521403],[-72.54159028388834,-37.14835053992128],[-72.54136981015186,-37.14824878552417],[-72.54101196073374,-37.148103736140534],[-72.5406282948678,-37.14794930086595],[-72.54003000259813,-37.14899652516159],[-72.53965542483232,-37.14967137335996],[-72.53915482161423,-37.15054637413077],[-72.53880446900746,-37.151196794635005],[-72.53810075138256,-37.15243338832156],[-72.53718629575347,-37.152054403198484],[-72.53754558642223,-37.15141387860071],[-72.53806279483581,-37.15053161607637],[-72.53884261740284,-37.14911329071376],[-72.5392875528373,-37.14831444707452],[-72.53995979294343,-37.14712957740731],[-72.54008999361358,-37.14683787753512],[-72.54096950065228,-37.14719418457254],[-72.54176264357538,-37.147512438798124],[-72.54190736186563,-37.1475318103754],[-72.542137466858,-37.14747752178763],[-72.54233350411407,-37.14750890087126],[-72.54324429308022,-37.14781007977707],[-72.54310660400267,-37.14812232294859],[-72.54294921527311,-37.1484656288056],[-72.54291692545571,-37.148679909127324]]]}},{"type":"Feature","properties":{"zona_code":"ZH3","zona":"ZH3 Zona habitacional 3","comuna":"Yumbel"},"geometry":{"type":"Polygon","coordinates":[[[-72.5330206602528,-37.14523749912369],[-72.5334942284275,-37.14435325940142],[-72.5336376801993,-37.14434559144056],[-72.53390220206147,-37.144303835591685],[-72.53412073623475,-37.14427360968258],[-72.53437009651083,-37.1442695512906],[-72.5345722367051,-37.1443413930877],[-72.53526663317012,-37.144720201134774],[-72.53601392789358,-37.14514482813934],[-72.53676589556363,-37.14548804828033],[-72.5385514651887,-37.146227001645336],[-72.53996592207312,-37.14680772800362],[-72.5387587326272,-37.149037922075074],[-72.53788510144551,-37.15062157554698],[-72.5370776939851,-37.15199331523004],[-72.53620095337476,-37.1516207555022],[-72.53651266601733,-37.15112476993443],[-72.53867908175258,-37.14714924657211],[-72.53555603475688,-37.14584754810239],[-72.53466134281699,-37.14534605642643],[-72.53426985627816,-37.14511395535143],[-72.5330206602528,-37.14523749912369]]]}},{"type":"Feature","properties":{"zona_code":"ZEH","zona":"ZEH-1 Zona de extensión habitacional 1","comuna":"Yumbel"},"geometry":{"type":"Polygon","coordinates":[[[-72.55635040798553,-37.118863389431844],[-72.55638274163411,-37.11585230840363],[-72.55855321128581,-37.11586159071807],[-72.55827641578968,-37.116360871549674],[-72.55760742174819,-37.11751357282325],[-72.55739399642214,-37.117831492262766],[-72.55704366652314,-37.118295734689546],[-72.55671043051571,-37.11858339220286],[-72.55635040798553,-37.118863389431844]]]}},{"type":"Feature","properties":{"zona_code":"ZEH","zona":"ZEH-1 Zona de extensión habitacional 1","comuna":"Yumbel"},"geometry":{"type":"Polygon","coordinates":[[[-72.55654785869326,-37.11111717634289],[-72.55678528476548,-37.11142493861436],[-72.55707379723967,-37.111717621230284],[-72.55718894977802,-37.11182928473812],[-72.55729407478289,-37.11190738977159],[-72.55737740779895,-37.11215206063357],[-72.55746100322163,-37.112312075296416],[-72.55763811457406,-37.112482823068646],[-72.55771543025597,-37.11259900887457],[-72.55785322357598,-37.1126524296415],[-72.55800162393581,-37.112661514352936],[-72.55815192550754,-37.1127111740934],[-72.55835590988232,-37.11263677105151],[-72.55853099343065,-37.11250001195109],[-72.55874752180635,-37.11242917137676],[-72.55894325790652,-37.11236572810736],[-72.5591925369503,-37.11230812322357],[-72.55932575189885,-37.11213753092102],[-72.55956760925466,-37.112065927202565],[-72.55975257882544,-37.11204343763642],[-72.55996440659374,-37.111962578462986],[-72.56019232950135,-37.11186430563342],[-72.56037866757134,-37.11178082648119],[-72.56058954384571,-37.111679679444556],[-72.56074807114119,-37.11163428062419],[-72.56090887673015,-37.11172763788655],[-72.56110282262061,-37.11180645392856],[-72.56121934875866,-37.11185712509401],[-72.56122194421725,-37.11200264242665],[-72.56117197431436,-37.11210910845558],[-72.56122370559808,-37.112310710411876],[-72.56080000706136,-37.11265188922385],[-72.56037646403539,-37.112996446447774],[-72.56016405618297,-37.11315520144636],[-72.55998780075622,-37.113363657366875],[-72.55957122305897,-37.11385698563491],[-72.55940309149821,-37.11405842445096],[-72.55927105606462,-37.114218146418224],[-72.55909833763076,-37.11459240648038],[-72.55884957557022,-37.11514840756873],[-72.55861643112927,-37.11567685026185],[-72.55643572818241,-37.115674647968454],[-72.5564394197672,-37.11503120642214],[-72.55646401032733,-37.11456320628428],[-72.55647134367642,-37.113997532259546],[-72.55649672661862,-37.11354643868759],[-72.55649735937142,-37.11301821098992],[-72.55653371605192,-37.11180833493784],[-72.55656474622613,-37.11138754518309],[-72.55654785869326,-37.11111717634289]]]}},{"type":"Feature","properties":{"zona_code":"ZEH","zona":"ZEH-1 Zona de extensión habitacional 1","comuna":"Yumbel"},"geometry":{"type":"Polygon","coordinates":[[[-72.56292724149414,-37.08461802627494],[-72.56289345047928,-37.084605737478455],[-72.5623424748223,-37.08439206418657],[-72.56244848872554,-37.08394870184608],[-72.56253755940853,-37.08326747725224],[-72.56265166623508,-37.08341438162359],[-72.56319716436619,-37.083872007176076],[-72.56305284033104,-37.0840388740193],[-72.56301539086962,-37.084141579604555],[-72.56292724149414,-37.08461802627494]]]}},{"type":"Feature","properties":{"zona_code":"ZEH","zona":"ZEH-1 Zona de extensión habitacional 1","comuna":"Yumbel"},"geometry":{"type":"Polygon","coordinates":[[[-72.56078021528882,-37.08996919926972],[-72.56072694900442,-37.08996313558135],[-72.56091338293557,-37.08961216268649],[-72.56103755871905,-37.08919534330781],[-72.56121195091946,-37.08858740032788],[-72.56147516391033,-37.087529839274794],[-72.56167064024059,-37.08665038506272],[-72.56202162194863,-37.085481833873004],[-72.56229178722094,-37.08457304454259],[-72.56290336257894,-37.084817243380805],[-72.56290628480262,-37.08487961372796],[-72.56289637449522,-37.08502889384445],[-72.56278517738325,-37.08518122006075],[-72.56262924081184,-37.08528071761958],[-72.56255275547265,-37.08545231592387],[-72.56253155307927,-37.085540988406834],[-72.56250634627327,-37.08572458812492],[-72.56243544837376,-37.08583507063317],[-72.5622879502456,-37.085934314074535],[-72.56216640785924,-37.08604631963621],[-72.56207050472933,-37.08616432635454],[-72.56201648861692,-37.086274301480756],[-72.56198969556559,-37.08642408944155],[-72.56201228077829,-37.086545304701225],[-72.56210144278806,-37.086644202077444],[-72.56221466011583,-37.086715288191826],[-72.56229379632804,-37.0867806265133],[-72.56231479841887,-37.08686803018057],[-72.56227671335422,-37.08695721061125],[-72.56212457368372,-37.08713785522654],[-72.56204745212142,-37.08729592915863],[-72.56199565382724,-37.08745324060628],[-72.56191948220278,-37.087631601181535],[-72.56189363888352,-37.08780167582049],[-72.56189280269075,-37.08796422701146],[-72.56187857000451,-37.088201671239645],[-72.56186834152616,-37.088344189185236],[-72.56178868414024,-37.08844816366303],[-72.5616462498612,-37.08865560447856],[-72.56151098853343,-37.08883574107708],[-72.56132888100856,-37.08909854904975],[-72.56124953848342,-37.08920928503991],[-72.56114118252286,-37.089422472224626],[-72.56108157389974,-37.08959356229467],[-72.5609788066863,-37.089745634656204],[-72.56089883017532,-37.089842845574374],[-72.56078021528882,-37.08996919926972]]]}},{"type":"Feature","properties":{"zona_code":"ZEH","zona":"ZEH-1 Zona de extensión habitacional 1","comuna":"Yumbel"},"geometry":{"type":"Polygon","coordinates":[[[-72.56081591240181,-37.091357420376795],[-72.56007558131842,-37.091306624821904],[-72.56052057356038,-37.09033778418721],[-72.5605388259326,-37.090368333997795],[-72.5605432615786,-37.09046300671234],[-72.56061068899382,-37.09054901491599],[-72.56071077361976,-37.090610338914395],[-72.56075583162442,-37.090669931959326],[-72.56076417043143,-37.09075771598089],[-72.5607643847959,-37.09085251629676],[-72.56076006239137,-37.09094068049684],[-72.56075853445012,-37.09099828828996],[-72.56076966781073,-37.09105551410177],[-72.56078882475298,-37.0911937629127],[-72.56081591240181,-37.091357420376795]]]}},{"type":"Feature","properties":{"zona_code":"ZEH","zona":"ZEH-1 Zona de extensión habitacional 1","comuna":"Yumbel"},"geometry":{"type":"Polygon","coordinates":[[[-72.55933798481665,-37.09279491232318],[-72.55998204353767,-37.09147534761453],[-72.56088955379202,-37.09153948772847],[-72.5609834170842,-37.09164840225575],[-72.56100083103586,-37.0917494566976],[-72.5610070095896,-37.09188132371618],[-72.56102474110831,-37.091989141017464],[-72.56081734669347,-37.09207325315461],[-72.560740795773,-37.09215343223808],[-72.56066303299475,-37.092297980080794],[-72.56061935362413,-37.092448275223],[-72.56057910259047,-37.09258153695092],[-72.56052919849041,-37.09277942269352],[-72.56031610072495,-37.09274181161634],[-72.55933798481665,-37.09279491232318]]]}},{"type":"Feature","properties":{"zona_code":"ZEH","zona":"ZEH-1 Zona de extensión habitacional 1","comuna":"Yumbel"},"geometry":{"type":"Polygon","coordinates":[[[-72.55320514683514,-37.11567152318276],[-72.55265689546903,-37.11567380712708],[-72.5526118517796,-37.11507245859874],[-72.55255267165111,-37.114349639962136],[-72.55249032940864,-37.11355919745548],[-72.55245120353376,-37.11290349610997],[-72.55243677756891,-37.11223350898141],[-72.55242984779899,-37.11154298236317],[-72.55241972595633,-37.111326584320125],[-72.55252613930143,-37.11088999044451],[-72.5525921343862,-37.11031239792192],[-72.55266837462793,-37.109592287428036],[-72.5527497706356,-37.10916321521949],[-72.55288128995078,-37.108901937119995],[-72.55318442612145,-37.10851361403858],[-72.553367868771,-37.10827786513807],[-72.55377200456404,-37.107879738846535],[-72.55449023427602,-37.10714713203568],[-72.55542650246123,-37.10601520461964],[-72.55632527523453,-37.104985974712775],[-72.5565845857168,-37.10402334772534],[-72.55741800233896,-37.104126981894225],[-72.55772067877008,-37.10409080144773],[-72.55804150849043,-37.10408116250918],[-72.5580935281058,-37.10408552832334],[-72.55808319747241,-37.10424920721682],[-72.5580154456383,-37.1044273125909],[-72.55796236206778,-37.10455757345379],[-72.55785640469433,-37.104642019810896],[-72.5576644340453,-37.10469518984175],[-72.55714445567922,-37.104785302260034],[-72.55693496519568,-37.10482545345518],[-72.55680241066185,-37.1048836103837],[-72.55670616021325,-37.104994851179555],[-72.55667587101605,-37.10507025208334],[-72.55665877300078,-37.10524683524796],[-72.55668927244876,-37.10553711130537],[-72.55669222703789,-37.1057808112684],[-72.55673201550839,-37.105908282034775],[-72.55673929688659,-37.10606381739419],[-72.55668779429787,-37.10622788995022],[-72.55663249176149,-37.106310813810886],[-72.55656779523551,-37.10637370398834],[-72.55635049052769,-37.10642763363421],[-72.5561575642568,-37.10646051518955],[-72.55603249992505,-37.10649812955914],[-72.55585149887928,-37.10660514337445],[-72.5555557747477,-37.10679009294275],[-72.55539482306278,-37.106964222941244],[-72.55528263126395,-37.10709625687717],[-72.55526426469365,-37.10724579103634],[-72.55527967095789,-37.10739431055477],[-72.55533507847267,-37.10749422529616],[-72.55544051159539,-37.10757909456511],[-72.55557032648137,-37.10764291625807],[-72.55565956044093,-37.10769779804739],[-72.55562288296994,-37.10781740776396],[-72.55555137648284,-37.108005782547224],[-72.55541712543766,-37.10811816323533],[-72.55531147715159,-37.10820936983356],[-72.55517696001634,-37.1084064081045],[-72.55502006844557,-37.10857702996626],[-72.55488644834362,-37.10870293564484],[-72.55470623211217,-37.10882685407516],[-72.55453303367918,-37.10892008785566],[-72.55421835336695,-37.109061585048416],[-72.55375015807451,-37.10926525035654],[-72.55348909203433,-37.10937804872301],[-72.55334090502103,-37.109463758375504],[-72.55327182371995,-37.10952339289121],[-72.5531714994662,-37.10963813954129],[-72.5531046331884,-37.1097451102014],[-72.55311249270144,-37.10982275142748],[-72.55316900597238,-37.1099463365729],[-72.55319296117226,-37.11000656460166],[-72.55328462466251,-37.11006814740626],[-72.55330857998834,-37.110128375415215],[-72.55328562207957,-37.11017985381134],[-72.55328192445853,-37.11028154375628],[-72.55327400420636,-37.11038336009601],[-72.5532860854158,-37.11046087489171],[-72.55336682356618,-37.11056003021507],[-72.55348106884759,-37.110742830106204],[-72.55363843312543,-37.11085322993472],[-72.55374323726879,-37.11092457603185],[-72.55374798324614,-37.11102601222878],[-72.55367942511667,-37.11118720955497],[-72.55363957979385,-37.111239194615926],[-72.55355281933906,-37.11128242921006],[-72.55338067281846,-37.111307910790565],[-72.55321712712582,-37.11133652024396],[-72.55305015119059,-37.111382161619375],[-72.55286707794222,-37.111445215862986],[-72.55270622141963,-37.111531304632194],[-72.55264215054625,-37.11160771801919],[-72.55256604719116,-37.111698036202384],[-72.55251870566391,-37.11177056120508],[-72.55250139187764,-37.11185234350773],[-72.55248491744103,-37.11204245210878],[-72.55248823811647,-37.11211345688178],[-72.55254565273891,-37.11216591024344],[-72.5526244944649,-37.112224491801925],[-72.55269990489685,-37.112300106324724],[-72.5526986874025,-37.112364475551765],[-72.55265245357583,-37.11246067007048],[-72.55263482299888,-37.11253568954283],[-72.55262595346679,-37.112617219089955],[-72.55264273043913,-37.11270475041977],[-72.55266858534735,-37.112805552863804],[-72.55272367725829,-37.112898706845634],[-72.55284896014709,-37.112955895269785],[-72.55300960141852,-37.11304588205388],[-72.55326233469998,-37.11311617565706],[-72.55354071637329,-37.113192470358904],[-72.55352493693572,-37.11321664641049],[-72.55338661064432,-37.11333253347104],[-72.55324844174739,-37.11345180221151],[-72.55319344778053,-37.113541486010995],[-72.55312018957196,-37.113692667240294],[-72.55310651501192,-37.11385221723772],[-72.55309004139815,-37.11404232500304],[-72.55293234265699,-37.114196038549935],[-72.55285940113949,-37.11435398152274],[-72.55280540348204,-37.11455537322392],[-72.55272121756613,-37.114744126605146],[-72.55270691059926,-37.11489015176334],[-72.55269413349994,-37.11497856956078],[-72.55270151939682,-37.11504606698348],[-72.55275724520972,-37.11515274573124],[-72.55280811701229,-37.11524602609729],[-72.55292828236989,-37.11537447301811],[-72.55313135751702,-37.11555799380058],[-72.55318956656305,-37.115627350864855],[-72.55320514683514,-37.11567152318276]]]}},{"type":"Feature","properties":{"zona_code":"ZEH","zona":"ZEH-1 Zona de extensión habitacional 1","comuna":"Yumbel"},"geometry":{"type":"Polygon","coordinates":[[[-72.55432667134939,-37.12023165540769],[-72.55422567117824,-37.1203298164752],[-72.55392070045991,-37.12086040698399],[-72.55375023607088,-37.12028991153651],[-72.55358104019928,-37.11974646540107],[-72.55347918827853,-37.11937706768741],[-72.55344066233674,-37.11927664458027],[-72.55314047357034,-37.11882516400496],[-72.55296895282555,-37.11859329392481],[-72.55285157967002,-37.118434290036745],[-72.55281242367825,-37.1183203429345],[-72.5527793981943,-37.11797596672032],[-72.55272035582031,-37.116352480419366],[-72.5526709789001,-37.11583929696968],[-72.55317577181081,-37.11584748421848],[-72.55315925959631,-37.11597362756807],[-72.55313181075566,-37.11610988994419],[-72.55313845546763,-37.11625190036816],[-72.55310287849176,-37.11639517744604],[-72.55305326051321,-37.11659982374652],[-72.55308555520547,-37.11674783684355],[-72.55322139561787,-37.116940146283746],[-72.55331438213211,-37.117120196653765],[-72.55339765913368,-37.117273452060886],[-72.55340588725082,-37.11744927482566],[-72.55342012696777,-37.11775358321306],[-72.5533964750438,-37.117970993244896],[-72.55343974695953,-37.11817285248291],[-72.55351553074813,-37.11834664733683],[-72.55359880939797,-37.11849990173629],[-72.55356513179653,-37.11868375408649],[-72.5535145650076,-37.11886811294008],[-72.55357314369392,-37.11903565235503],[-72.55368302354564,-37.119215195994094],[-72.55380599534212,-37.119313084458526],[-72.55394775551713,-37.119451039589336],[-72.55409331417754,-37.119670143092016],[-72.55420446252568,-37.1198767358243],[-72.55425491622375,-37.12005129066113],[-72.55432667134939,-37.12023165540769]]]}},{"type":"Feature","properties":{"zona_code":"ZEH","zona":"ZEH-1 Zona de extensión habitacional 1","comuna":"Yumbel"},"geometry":{"type":"Polygon","coordinates":[[[-72.55812832827237,-37.08881590510356],[-72.55902812585872,-37.087192846938535],[-72.55953963409475,-37.08620231998033],[-72.5599180873878,-37.08543926332582],[-72.5602124431897,-37.08468550587941],[-72.56077583212573,-37.08372050204363],[-72.56118489153606,-37.083972308874344],[-72.5615420429232,-37.08419858772903],[-72.56173248955916,-37.084294439359084],[-72.56206959452486,-37.084453599746915],[-72.56195291977215,-37.08484987969872],[-72.56172642424637,-37.08560837307947],[-72.56156048236512,-37.08621606301416],[-72.56142945590246,-37.08666694843107],[-72.56131130362749,-37.08721225374653],[-72.56122902019348,-37.087621042495435],[-72.56113648588476,-37.0876305972913],[-72.56025882741629,-37.0874809118423],[-72.55927861368063,-37.08730721424586],[-72.55907245026675,-37.08813958304203],[-72.55885699950548,-37.08913475636473],[-72.55927505126446,-37.08921700159671],[-72.5599232324059,-37.08933973143844],[-72.56072209023084,-37.08943083997485],[-72.56065625561949,-37.089649520467816],[-72.56047541069574,-37.089939377429744],[-72.56047104704729,-37.08994842672911],[-72.5603234130443,-37.089852525976866],[-72.56019483883836,-37.08972433791594],[-72.56006051518835,-37.08965388508844],[-72.55989949833838,-37.08964518013006],[-72.55972244469832,-37.08974530857186],[-72.55960632615088,-37.08979281651751],[-72.55939983171726,-37.08980579380487],[-72.55919238740947,-37.089798483983934],[-72.5591756097846,-37.08971095325354],[-72.55913836180648,-37.08963758153939],[-72.55904466279974,-37.08953204669514],[-72.55897834476971,-37.08946970627744],[-72.5588516201155,-37.08929067198691],[-72.5586821086729,-37.08919080122947],[-72.558540929966,-37.08915441071939],[-72.5584499231355,-37.08910635561589],[-72.55839674338156,-37.08905377791229],[-72.55829761229721,-37.089012738832],[-72.55826226461107,-37.08897994127052],[-72.55820175209061,-37.088951285386074],[-72.55812832827237,-37.08881590510356]]]}},{"type":"Feature","properties":{"zona_code":"ZEH","zona":"ZEH-1 Zona de extensión habitacional 1","comuna":"Yumbel"},"geometry":{"type":"Polygon","coordinates":[[[-72.56036838930747,-37.0901613230757],[-72.55983590946563,-37.09126557841016],[-72.5567448724963,-37.09096567188863],[-72.55790567658994,-37.08921751300269],[-72.55800691402719,-37.089034906100515],[-72.55809555132136,-37.089120388398875],[-72.55818655792883,-37.089168443767036],[-72.55826553600649,-37.089230403774884],[-72.55835200524734,-37.08927182370054],[-72.55843003394747,-37.08931349686003],[-72.55852916549259,-37.089354535844365],[-72.55861046503271,-37.08937579549426],[-72.55871197155032,-37.08946755166046],[-72.55888137835957,-37.089655461583156],[-72.55893957084517,-37.08972481820291],[-72.55895244519758,-37.08981923758498],[-72.55896373511972,-37.08987984629304],[-72.5590602306915,-37.08995482308221],[-72.55909135880857,-37.08998774709851],[-72.55924440985575,-37.09000685033832],[-72.5594304344392,-37.0900080315088],[-72.55961113061188,-37.08998567135865],[-72.55973695864483,-37.089964959670375],[-72.55986072736536,-37.089900292458566],[-72.55991934128706,-37.08988837314726],[-72.55997262555778,-37.08985291186589],[-72.56001889354587,-37.089848135423516],[-72.56009333718526,-37.08990345904656],[-72.56018967466157,-37.08997505396292],[-72.56022111959764,-37.09001474054194],[-72.56027103104424,-37.09008773094634],[-72.56031545462754,-37.090133799333984],[-72.56036838930747,-37.0901613230757]]]}},{"type":"Feature","properties":{"zona_code":"ZEH","zona":"ZEH-1 Zona de extensión habitacional 1","comuna":"Yumbel"},"geometry":{"type":"Polygon","coordinates":[[[-72.55378538342964,-37.08777998266755],[-72.55384316539558,-37.087663426646266],[-72.5544331110428,-37.08527555049574],[-72.55477259819696,-37.08403964443135],[-72.55512557496475,-37.08291168215773],[-72.5551789924384,-37.08224643062409],[-72.55521299983312,-37.08152758504059],[-72.55544468484761,-37.08160189411147],[-72.55578356471251,-37.081618809350246],[-72.55652452054763,-37.08173877462475],[-72.55718265660592,-37.081895081866314],[-72.55822599309143,-37.08215493741787],[-72.55874159746458,-37.08233583342525],[-72.5590958854286,-37.08250125889075],[-72.55949712632736,-37.0827668502467],[-72.56059177075339,-37.083580439211225],[-72.56033571577963,-37.084068942277014],[-72.55998375310482,-37.08467544964068],[-72.55981083141454,-37.08513436478539],[-72.55946170998446,-37.08580173315676],[-72.55913136355171,-37.08650916703288],[-72.55869824244071,-37.08736867097927],[-72.55822027000512,-37.08826338017302],[-72.55798154511217,-37.08867806796352],[-72.55779863541945,-37.088601097989915],[-72.55772546139595,-37.08857282263159],[-72.55764907057822,-37.08838550310194],[-72.55754693350457,-37.088280220401636],[-72.55729797575488,-37.08810824174714],[-72.55715004775017,-37.088017877981414],[-72.55685872798601,-37.08784378435393],[-72.55663219204726,-37.0877896402451],[-72.55633907725247,-37.08775781029387],[-72.55617933121157,-37.08777615004601],[-72.55591612483212,-37.08784161418518],[-72.55576028059396,-37.0878530648154],[-72.55562770436215,-37.08781979882699],[-72.55541024290554,-37.08777892321822],[-72.55525798723151,-37.08777672186707],[-72.55510821345678,-37.087737199492196],[-72.55484764633458,-37.08776872227592],[-72.55476170371395,-37.08782886285401],[-72.55465935146023,-37.08789965409034],[-72.55456386045786,-37.087936378906434],[-72.55438659774539,-37.087941699208756],[-72.55416570596329,-37.08791785358096],[-72.55399498695824,-37.087882345019736],[-72.55378538342964,-37.08777998266755]]]}},{"type":"Feature","properties":{"zona_code":"ZEH","zona":"ZEH-1 Zona de extensión habitacional 1","comuna":"Yumbel"},"geometry":{"type":"Polygon","coordinates":[[[-72.55787662318983,-37.088851975318526],[-72.55762854111295,-37.08925631112959],[-72.5570428126541,-37.09010684874309],[-72.55657050686398,-37.09085239988409],[-72.55635840907,-37.091197364275914],[-72.55603825257907,-37.09176227466492],[-72.5556116137732,-37.092580941458934],[-72.55524342692549,-37.09338430849255],[-72.55352416443483,-37.09349685224104],[-72.55342103023952,-37.0941839109138],[-72.55300724682608,-37.09636334035511],[-72.55192065885603,-37.096267265777016],[-72.55165222713667,-37.09595026424987],[-72.55114638463716,-37.09543722172297],[-72.55070501416319,-37.09503736764175],[-72.5498083308927,-37.094481861674566],[-72.54850889711633,-37.09380974856005],[-72.54868260054556,-37.092822614027085],[-72.54878261967336,-37.09206793334135],[-72.54914369280877,-37.09129188444243],[-72.54941388334447,-37.09074203327616],[-72.54965946281767,-37.090389305398034],[-72.55013353210477,-37.09058502632184],[-72.55055821754284,-37.09080931306808],[-72.55099197957144,-37.091046871337326],[-72.55200522745533,-37.091565013802644],[-72.5523312363676,-37.090762920944705],[-72.55276444763207,-37.08990343678084],[-72.5530929704586,-37.08915544208048],[-72.55349556038024,-37.088364592700586],[-72.55369710664488,-37.087958049947616],[-72.55373742194267,-37.08797810831558],[-72.55392786947924,-37.08807397247026],[-72.5541071872397,-37.0881126100224],[-72.55434089937405,-37.08813945636184],[-72.55459898577281,-37.08814525555436],[-72.55470714008507,-37.088108149416875],[-72.55484309778412,-37.088032964136886],[-72.55496998193208,-37.087944506038205],[-72.55507955825018,-37.087937831900014],[-72.55517742146371,-37.08795182398175],[-72.55525449821606,-37.087973212384654],[-72.55534734929736,-37.087970425066665],[-72.55540363965541,-37.08799920888791],[-72.5554458455305,-37.08799794173465],[-72.55551696246386,-37.08798226309306],[-72.55564078137647,-37.088009020349546],[-72.5556923766405,-37.08802778675368],[-72.55588778767044,-37.088049007900736],[-72.55596328280086,-37.08803658340139],[-72.55596813605685,-37.08804998164475],[-72.55613880571929,-37.08799406822289],[-72.55623086691038,-37.08797437445921],[-72.55628794868842,-37.08802006364829],[-72.55641219197048,-37.087965543847396],[-72.55645439780137,-37.08796427723412],[-72.55670266963088,-37.08803131268726],[-72.55692171387706,-37.088105998402874],[-72.55699193326444,-37.088161450441845],[-72.5570588794482,-37.08823731754391],[-72.55711095043203,-37.0882662271831],[-72.557209605797,-37.08829712339083],[-72.55729000554902,-37.08838951545591],[-72.55735537191279,-37.08843156999864],[-72.55746457721435,-37.08859758828578],[-72.55757082815322,-37.088790782689664],[-72.55787662318983,-37.088851975318526]]]}},{"type":"Feature","properties":{"zona_code":"ZEH","zona":"ZEH-1 Zona de extensión habitacional 1","comuna":"Yumbel"},"geometry":{"type":"Polygon","coordinates":[[[-72.55661687514049,-37.09116590138042],[-72.55974917739208,-37.09144425524644],[-72.5590774686826,-37.092805280432266],[-72.55768745319521,-37.092907989580944],[-72.55564679196563,-37.093016674242506],[-72.55661687514049,-37.09116590138042]]]}},{"type":"Feature","properties":{"zona_code":"ZEH","zona":"ZEH-1 Zona de extensión habitacional 1","comuna":"Yumbel"},"geometry":{"type":"Polygon","coordinates":[[[-72.55519060616895,-37.093565350268925],[-72.55498152048861,-37.09487860669951],[-72.55461820434108,-37.09488273995077],[-72.55437896098431,-37.09537072612113],[-72.55402595580397,-37.095956932713655],[-72.55380200907018,-37.09641060001948],[-72.55325106312276,-37.09637972668966],[-72.55373240220258,-37.093656517047364],[-72.55519060616895,-37.093565350268925]]]}},{"type":"Feature","properties":{"zona_code":"ZEH","zona":"ZEH-1 Zona de extensión habitacional 1","comuna":"Yumbel"},"geometry":{"type":"Polygon","coordinates":[[[-72.55297911473528,-37.09653009566636],[-72.55290483993056,-37.09711132365167],[-72.55267137175619,-37.09699981838075],[-72.55227977955428,-37.09676100366933],[-72.5521046157818,-37.09663081915538],[-72.55191816652595,-37.096440025228866],[-72.55297911473528,-37.09653009566636]]]}},{"type":"Feature","properties":{"zona_code":"ZEH","zona":"ZEH-1 Zona de extensión habitacional 1","comuna":"Yumbel"},"geometry":{"type":"Polygon","coordinates":[[[-72.54846908050537,-37.09408859043378],[-72.54932850839621,-37.094570733363255],[-72.55011007330452,-37.09501457093258],[-72.55061802907159,-37.0953921161413],[-72.55100622215296,-37.09573938963105],[-72.55162000706724,-37.09639140488908],[-72.55194911608666,-37.09674044764455],[-72.55217777697828,-37.096929974836904],[-72.55246426936313,-37.097090679607255],[-72.55286145994087,-37.09726837894499],[-72.5527642302763,-37.09790108436812],[-72.5526202335382,-37.09879929759123],[-72.55249270956405,-37.099507402375714],[-72.55233647073045,-37.10032471898485],[-72.55211256027425,-37.101502977289314],[-72.55194015523882,-37.10251716450498],[-72.55163420385782,-37.104110969195666],[-72.5513223283568,-37.10575912682856],[-72.5528421810719,-37.10589638017988],[-72.55273501749778,-37.10667836533915],[-72.55259271866653,-37.1072514751498],[-72.55254202926415,-37.10779474912183],[-72.55247423226831,-37.10851460604117],[-72.55244337128167,-37.10930107376766],[-72.5524130462646,-37.109918227679245],[-72.55233775217229,-37.11065862457554],[-72.55220208761222,-37.11137374465482],[-72.55221514928985,-37.111833842953715],[-72.55224782238047,-37.11271321160856],[-72.55227521494942,-37.11366045761873],[-72.55235495205274,-37.114822834196886],[-72.55242858617737,-37.115673884864336],[-72.5524932421823,-37.11669450356378],[-72.55256856013146,-37.11776220562131],[-72.552566005543,-37.11824985957601],[-72.55262616428624,-37.11845121173608],[-72.55268379161281,-37.11859846393656],[-72.55281087446468,-37.118784264727495],[-72.55317988347224,-37.11926076881146],[-72.55327319032769,-37.11944758210717],[-72.55341103627731,-37.11986330408344],[-72.55373760252351,-37.12105890201035],[-72.55318011233857,-37.12197629561855],[-72.55248690031814,-37.121800711213915],[-72.55236867154125,-37.121804258298766],[-72.55233046273736,-37.12171059770875],[-72.55221002056783,-37.121666807587374],[-72.55087310526312,-37.12146989217441],[-72.55079805128231,-37.12149245864343],[-72.55070325969062,-37.121454669304825],[-72.55010754808968,-37.120470289687944],[-72.54989001389896,-37.120158531467126],[-72.54947351239929,-37.119751159296094],[-72.54871250490764,-37.11902905912936],[-72.54811236128747,-37.11849174757622],[-72.54721672933475,-37.117421530882126],[-72.54639145282438,-37.11695190033305],[-72.54385089226962,-37.11542301651917],[-72.54539752484638,-37.11413745732458],[-72.54681373799572,-37.112957363138364],[-72.54672603065342,-37.11126023820291],[-72.54682607914928,-37.110505557875776],[-72.5469467193521,-37.10964868222208],[-72.54696705270918,-37.108273372167474],[-72.54714267602776,-37.106602218444735],[-72.54750490472328,-37.10476294812289],[-72.54773173556703,-37.10364555665353],[-72.5465737139405,-37.10347031311571],[-72.54690888763037,-37.101956906668704],[-72.54747900334908,-37.09931909405871],[-72.54846908050537,-37.09408859043378]],[[-72.55087752170944,-37.10013145527983],[-72.54941932424336,-37.099863658983196],[-72.54975686180612,-37.101478803964454],[-72.55115671313855,-37.101311556122624],[-72.55087752170944,-37.10013145527983]]]}},{"type":"Feature","properties":{"zona_code":"ZEH","zona":"ZEH-1 Zona de extensión habitacional 1","comuna":"Yumbel"},"geometry":{"type":"Polygon","coordinates":[[[-72.55461918258433,-37.09815693230135],[-72.55541032235311,-37.09826185036842],[-72.5562358642351,-37.09837927471878],[-72.5562240429635,-37.098487980064554],[-72.55596771305935,-37.09861079919652],[-72.55437030055269,-37.099342715728945],[-72.55461918258433,-37.09815693230135]]]}},{"type":"Feature","properties":{"zona_code":"ZEH","zona":"ZEH-1 Zona de extensión habitacional 1","comuna":"Yumbel"},"geometry":{"type":"Polygon","coordinates":[[[-72.55439810320732,-37.098129707804404],[-72.55417043248039,-37.09922681940152],[-72.55394971543775,-37.10047270367177],[-72.55297060638654,-37.100326012409404],[-72.55258658407882,-37.100249497286775],[-72.55288735368515,-37.098364652955354],[-72.55302869067413,-37.097771256598435],[-72.55331170979457,-37.097857571816604],[-72.55399720693309,-37.098053704418824],[-72.55439810320732,-37.098129707804404]]]}},{"type":"Feature","properties":{"zona_code":"ZEH","zona":"ZEH-1 Zona de extensión habitacional 1","comuna":"Yumbel"},"geometry":{"type":"Polygon","coordinates":[[[-72.55516302610035,-37.10598586926786],[-72.55451145857704,-37.10678758334259],[-72.55413345336221,-37.10720185780939],[-72.55347538090898,-37.10786493847394],[-72.553163440225,-37.10815533273755],[-72.55293593052804,-37.10844319348663],[-72.55269812658965,-37.10878215193025],[-72.55271292381441,-37.108375393213294],[-72.55275907337058,-37.10782548362568],[-72.55283224503611,-37.10722058737797],[-72.55293253260064,-37.10674354471977],[-72.55306448667882,-37.10613011374071],[-72.55314012428435,-37.10575877467897],[-72.55403107695574,-37.10582684647367],[-72.55516302610035,-37.10598586926786]]]}},{"type":"Feature","properties":{"zona_code":"ZEH","zona":"ZEH-1 Zona de extensión habitacional 1","comuna":"Yumbel"},"geometry":{"type":"Polygon","coordinates":[[[-72.56732455707132,-37.071022514984435],[-72.56746228743872,-37.07269780067182],[-72.56766732435392,-37.07393850315978],[-72.5673465582241,-37.07430707485473],[-72.567336656935,-37.074456355002205],[-72.56736146591501,-37.07462490603322],[-72.56688961155311,-37.07483549956177],[-72.5667975348485,-37.0750346582012],[-72.56660132756429,-37.07517600348909],[-72.56639414310536,-37.07526350483471],[-72.56635016531652,-37.075407038493],[-72.56611144150591,-37.07554289225966],[-72.56598116382338,-37.075648392808326],[-72.56596377206694,-37.07581821338799],[-72.56602170236212,-37.07597222333409],[-72.56607773172784,-37.076085659716156],[-72.56608248794296,-37.0761870945369],[-72.56603565500517,-37.0762697676635],[-72.56577160800471,-37.076406382225976],[-72.56564049493922,-37.075840642420836],[-72.56541539015532,-37.07482485932498],[-72.56508509727954,-37.073548137038514],[-72.56479820070486,-37.072656106143256],[-72.56461555161043,-37.07200472718318],[-72.56732455707132,-37.071022514984435]]]}},{"type":"Feature","properties":{"zona_code":"ZEH","zona":"ZEH-1 Zona de extensión habitacional 1","comuna":"Yumbel"},"geometry":{"type":"Polygon","coordinates":[[[-72.56434117628088,-37.07210101839445],[-72.56469740055694,-37.073390506643555],[-72.56487751903522,-37.073987786219426],[-72.56515431989538,-37.07520517242968],[-72.56498077346141,-37.07510881658679],[-72.56454908708336,-37.075094720267785],[-72.56344476824174,-37.07515503293578],[-72.56227304242205,-37.07540020418866],[-72.56266841481413,-37.07481947309017],[-72.56309373778181,-37.074156576773426],[-72.56296994626973,-37.07313774061234],[-72.56287772260227,-37.072612304516575],[-72.56434117628088,-37.07210101839445]]]}},{"type":"Feature","properties":{"zona_code":"ZEH","zona":"ZEH-1 Zona de extensión habitacional 1","comuna":"Yumbel"},"geometry":{"type":"Polygon","coordinates":[[[-72.56515431989538,-37.07520517242968],[-72.56555599112211,-37.07710276089173],[-72.56518500075069,-37.077662452775],[-72.56476221488181,-37.07837945556442],[-72.56454301449645,-37.07875173487072],[-72.56397273399223,-37.07956798009563],[-72.56373727897578,-37.07995429161417],[-72.56341742049858,-37.08034314115181],[-72.56310283025135,-37.080664112865485],[-72.56284720340969,-37.08080046823984],[-72.56270942300758,-37.080926506834864],[-72.56250043143673,-37.08115626516411],[-72.56210554941943,-37.08156768437182],[-72.56181500204146,-37.08186084186793],[-72.56157699581979,-37.08219304999529],[-72.56123433038339,-37.0826367553284],[-72.56094726019674,-37.08300429819236],[-72.56070333848957,-37.083390857835816],[-72.55973351166622,-37.0827157288279],[-72.56026840666513,-37.08168386483009],[-72.5606740539949,-37.08096062016584],[-72.56116271823583,-37.080024949187084],[-72.56134817835665,-37.07965369015937],[-72.56175276365683,-37.07926907017334],[-72.56216356656321,-37.07883685772039],[-72.56278493306358,-37.07820869822125],[-72.56339289549165,-37.07765542936442],[-72.56364439085687,-37.07743116235516],[-72.56436792599584,-37.076278483535965],[-72.56515431989538,-37.07520517242968]]]}},{"type":"Feature","properties":{"zona_code":"ZEH","zona":"ZEH-1 Zona de extensión habitacional 1","comuna":"Yumbel"},"geometry":{"type":"Polygon","coordinates":[[[-72.56250529833054,-37.081440539848764],[-72.56243768766073,-37.08180148386216],[-72.56239940206662,-37.08206674063511],[-72.56236681914064,-37.08245371887666],[-72.56235301807939,-37.08288076433887],[-72.56231726690638,-37.08320012026803],[-72.56228404973567,-37.083573573590606],[-72.56225547182562,-37.08386562536228],[-72.56214755681863,-37.08426841399186],[-72.56180232774274,-37.08411627022526],[-72.5613682606088,-37.08387198883341],[-72.56087067781601,-37.08353480934736],[-72.56144914208035,-37.08271155994833],[-72.56211822162345,-37.08183817971585],[-72.56250529833054,-37.081440539848764]]]}},{"type":"Feature","properties":{"zona_code":"ZEH","zona":"ZEH-1 Zona de extensión habitacional 1","comuna":"Yumbel"},"geometry":{"type":"Polygon","coordinates":[[[-72.61940004630108,-37.20390629244449],[-72.6199415029821,-37.2040759484554],[-72.62035421929758,-37.204208911240215],[-72.62068240392618,-37.20434445904584],[-72.6212987721014,-37.204664179180575],[-72.62170627608874,-37.20486501290531],[-72.6221867688613,-37.20508731244283],[-72.62249528270375,-37.205253930183034],[-72.6228346787719,-37.205446688331165],[-72.62322137998255,-37.20565492617421],[-72.62313261844588,-37.20565764391831],[-72.62285660285954,-37.20555097847126],[-72.62235365605281,-37.20539031532083],[-72.62190711602258,-37.205258394985165],[-72.6217305829582,-37.205196082509865],[-72.62113924549013,-37.204868826983244],[-72.62071418925109,-37.20465498482604],[-72.62038503387765,-37.204499151373746],[-72.62013066640898,-37.204313941624655],[-72.61994667649871,-37.204184137098665],[-72.61967376565023,-37.20405366746199],[-72.61940004630108,-37.20390629244449]]]}},{"type":"Feature","properties":{"zona_code":"ZEH","zona":"ZEH-1 Zona de extensión habitacional 1","comuna":"Yumbel"},"geometry":{"type":"Polygon","coordinates":[[[-72.62897305433502,-37.20881368800431],[-72.62754952565605,-37.21117326678255],[-72.62614463942556,-37.21047822483097],[-72.62674388745693,-37.20955583385961],[-72.62698018301131,-37.20909827119207],[-72.62737370905323,-37.208476752878845],[-72.62761063234305,-37.20812074517644],[-72.62897305433502,-37.20881368800431]]]}},{"type":"Feature","properties":{"zona_code":"ZEH","zona":"ZEH-1 Zona de extensión habitacional 1","comuna":"Yumbel"},"geometry":{"type":"Polygon","coordinates":[[[-72.55171129067105,-37.12506094941733],[-72.5544206151277,-37.12602928949607],[-72.55360940296303,-37.12726327005936],[-72.55234736938736,-37.12921081791279],[-72.55168729354996,-37.130287037696284],[-72.55068838312937,-37.131894852253126],[-72.55015337237819,-37.132933453605446],[-72.54942711664475,-37.13440441636032],[-72.54853461916672,-37.136300215990836],[-72.5477521134022,-37.13801664397619],[-72.54703272454925,-37.13963636861828],[-72.54682055102906,-37.14016416276688],[-72.54677777249086,-37.140334742006374],[-72.54678567526624,-37.140503802371455],[-72.54681426521506,-37.14075350656996],[-72.54687411580687,-37.14094809842352],[-72.54732297917377,-37.14204524048311],[-72.54781418567919,-37.1433239534405],[-72.54838247804467,-37.144803509616594],[-72.54902691888955,-37.14646362063506],[-72.54926405526786,-37.1470118054557],[-72.54933204919186,-37.14719938021865],[-72.54944851456946,-37.14733809727172],[-72.54961503364001,-37.14746177051669],[-72.54977089090343,-37.14753835902942],[-72.55046158851567,-37.147835924038176],[-72.55170561691203,-37.148387759188175],[-72.55231776463685,-37.14863349339479],[-72.55212831685492,-37.14892359818526],[-72.55128174231868,-37.148549457733985],[-72.5502546062818,-37.14811300769255],[-72.54965060074821,-37.147860245253256],[-72.54941554850726,-37.14771831181988],[-72.54923181625615,-37.147588382939595],[-72.54904460426442,-37.14738406741192],[-72.54895031928994,-37.14717696571262],[-72.54867211685976,-37.146474256850105],[-72.54827989817043,-37.14550408923952],[-72.54769470532379,-37.14402503983221],[-72.54737641632433,-37.14318809052857],[-72.5466474852589,-37.14134765807757],[-72.54638717313945,-37.14066472258972],[-72.54639544488418,-37.14029879216736],[-72.54644161520282,-37.1400197613322],[-72.54668852553826,-37.139511242892446],[-72.5471860438959,-37.13839251679947],[-72.54805822525846,-37.13642284457451],[-72.54906667920913,-37.13429332785753],[-72.55006008619186,-37.13220488548026],[-72.55037869527254,-37.1306987414691],[-72.55054596648579,-37.129935272523525],[-72.550690619353,-37.12959233921697],[-72.55090875199464,-37.1291930263019],[-72.55134111702101,-37.12813041341967],[-72.55163040869077,-37.12744454577105],[-72.55189752366803,-37.1268270615876],[-72.55200152094932,-37.126519206252304],[-72.55210899864991,-37.126285737341796],[-72.55212579020807,-37.12610239116634],[-72.55211629845745,-37.12589952000723],[-72.55202984762118,-37.12567864074722],[-72.55187393868593,-37.125419213994675],[-72.55178220874623,-37.125266211900815],[-72.55173523675369,-37.12516604185329],[-72.55171129067105,-37.12506094941733]]]}},{"type":"Feature","properties":{"zona_code":"ZEH","zona":"ZEH-1 Zona de extensión habitacional 1","comuna":"Yumbel"},"geometry":{"type":"Polygon","coordinates":[[[-72.54630991793972,-37.12791417804734],[-72.5468043577669,-37.12714904114039],[-72.54746859100293,-37.1261607592693],[-72.54783211193602,-37.12561488598761],[-72.54822849884147,-37.12577230513777],[-72.54859205540052,-37.12595102302541],[-72.5488076155484,-37.12603936909207],[-72.54894274151658,-37.12603531909874],[-72.54968051211095,-37.12580665939927],[-72.5489425624078,-37.12693598792187],[-72.5477766086823,-37.12869558709452],[-72.54775872206098,-37.12867892052321],[-72.54758899227102,-37.128571893977245],[-72.5473976245182,-37.12844243365362],[-72.54706962411171,-37.12829728239404],[-72.54652527783564,-37.12801682164275],[-72.54630991793972,-37.12791417804734]]]}},{"type":"Feature","properties":{"zona_code":"ZEH","zona":"ZEH-1 Zona de extensión habitacional 1","comuna":"Yumbel"},"geometry":{"type":"Polygon","coordinates":[[[-72.54805748707801,-37.13238173317095],[-72.54938411722817,-37.13289726424085],[-72.54900630674153,-37.133680587839095],[-72.54841317743474,-37.134924080900014],[-72.54791538066878,-37.136036048586995],[-72.5474234877697,-37.13709366139366],[-72.54606806357504,-37.13668732291375],[-72.54805748707801,-37.13238173317095]]]}},{"type":"Feature","properties":{"zona_code":"ZEH","zona":"ZEH-1 Zona de extensión habitacional 1","comuna":"Yumbel"},"geometry":{"type":"Polygon","coordinates":[[[-72.5460716823406,-37.1316963178561],[-72.54384715757435,-37.13658452736868],[-72.54272691668037,-37.136685774906596],[-72.54191888092421,-37.13677089900949],[-72.54254805050924,-37.135390919100224],[-72.54314530866989,-37.13405252331234],[-72.54381224747232,-37.13257659963093],[-72.5445435712916,-37.13103102679103],[-72.54479481172979,-37.1304343487745],[-72.54497453855527,-37.13011745895784],[-72.54508883921547,-37.13039168514831],[-72.54526289297362,-37.13067766537137],[-72.54533614670657,-37.13079736607732],[-72.54545289366774,-37.13094285258793],[-72.54556403731728,-37.131149452912105],[-72.54559506193235,-37.131270418930434],[-72.54568710405124,-37.131430188354095],[-72.54583889968943,-37.131601711578085],[-72.5460716823406,-37.1316963178561]]]}},{"type":"Feature","properties":{"zona_code":"ZEH","zona":"ZEH-1 Zona de extensión habitacional 1","comuna":"Yumbel"},"geometry":{"type":"Polygon","coordinates":[[[-72.54345812328776,-37.1277994542692],[-72.5436605799748,-37.12796946488854],[-72.5438894811205,-37.12816238568382],[-72.54410962024369,-37.12834879531719],[-72.54432526360483,-37.12861998878848],[-72.54460006810363,-37.1289808316309],[-72.54467911967066,-37.129134218866135],[-72.54471842989372,-37.12925155017094],[-72.54476543570858,-37.129443142750524],[-72.54482136264477,-37.12964462517205],[-72.54488526149484,-37.1298357116406],[-72.54479212283174,-37.13001457060244],[-72.54457442831581,-37.130424016494565],[-72.54424969964134,-37.13107706992934],[-72.54392970099741,-37.13183155991467],[-72.5435283933489,-37.13265620092178],[-72.54323119525453,-37.13335583157054],[-72.54293959762427,-37.13399434571892],[-72.54245735347676,-37.13507873890811],[-72.54191320598905,-37.13628687718936],[-72.54170755721017,-37.13677383535426],[-72.54073682477767,-37.136816415500704],[-72.5399256290939,-37.136833902248064],[-72.5392333188763,-37.136861372521814],[-72.53876125080869,-37.13689580011218],[-72.53802393281087,-37.13704650381363],[-72.53666067218771,-37.1373784296275],[-72.53605817712504,-37.13751832169019],[-72.53574722251963,-37.13756146814458],[-72.5354190580955,-37.13759835652397],[-72.5348565891958,-37.1376896437162],[-72.53418462323714,-37.13779096843536],[-72.53402413377138,-37.13779575926173],[-72.53363993263133,-37.137719192870414],[-72.53265160122893,-37.13756584677718],[-72.53184254412918,-37.13744777486689],[-72.5315966418403,-37.13743479478077],[-72.53125121694704,-37.137282572305395],[-72.53067458337247,-37.137069524148664],[-72.5299868870462,-37.13683269750985],[-72.52910770630083,-37.136479680106625],[-72.52844284398411,-37.13618798853727],[-72.52911161895028,-37.13456310413863],[-72.52960219075031,-37.13474486626615],[-72.53023950187651,-37.13498997005368],[-72.53074854584106,-37.13520503589883],[-72.53163647996506,-37.13556455252053],[-72.5320491552738,-37.13570799581467],[-72.53249215582436,-37.13577604191926],[-72.53312350215434,-37.13589264102363],[-72.53372011875888,-37.13598995729476],[-72.53406113349102,-37.13604749685843],[-72.53427261391313,-37.13604795598824],[-72.53496927253475,-37.13593234939739],[-72.53597561797137,-37.135746542722536],[-72.53701353705945,-37.135512380475454],[-72.53815904611484,-37.13522759066585],[-72.53861358026806,-37.13518014643914],[-72.53915257821271,-37.13513017520585],[-72.53989555268033,-37.13510119064731],[-72.54059603314082,-37.13361750900678],[-72.54133769909802,-37.13192943437554],[-72.54212156511458,-37.130240093845515],[-72.54274665927117,-37.12895504203876],[-72.54345812328776,-37.1277994542692]]]}},{"type":"Feature","properties":{"zona_code":"ZEH","zona":"ZEH-1 Zona de extensión habitacional 1","comuna":"Yumbel"},"geometry":{"type":"Polygon","coordinates":[[[-72.54600791684871,-37.13684826438021],[-72.54732924103153,-37.13724885360058],[-72.54697270913118,-37.13812633991322],[-72.54616426582572,-37.14001283250575],[-72.54480752920566,-37.13957943220937],[-72.54600791684871,-37.13684826438021]]]}},{"type":"Feature","properties":{"zona_code":"ZEH","zona":"ZEH-1 Zona de extensión habitacional 1","comuna":"Yumbel"},"geometry":{"type":"Polygon","coordinates":[[[-72.54111979832852,-37.13849794023432],[-72.54183464834863,-37.13695964679845],[-72.54324958033573,-37.13682927277065],[-72.54240544904569,-37.13885902047973],[-72.54111979832852,-37.13849794023432]]]}},{"type":"Feature","properties":{"zona_code":"ZEH","zona":"ZEH-1 Zona de extensión habitacional 1","comuna":"Yumbel"},"geometry":{"type":"Polygon","coordinates":[[[-72.54099088649672,-37.13845439254837],[-72.5381073389577,-37.137565448930374],[-72.5372802692086,-37.13960142489202],[-72.53645252841139,-37.141623870958405],[-72.53538693749202,-37.141220603687984],[-72.53460469518141,-37.1409527681464],[-72.53314064903931,-37.14039377050825],[-72.53317627171778,-37.140250496214215],[-72.53415292564344,-37.13797306444663],[-72.53433875706232,-37.13796751670528],[-72.53487588925641,-37.13787698809635],[-72.5356739256451,-37.137758350333655],[-72.53626923599454,-37.137645763031315],[-72.53782614801294,-37.137294510555485],[-72.53858817800685,-37.13712952577319],[-72.53914250649615,-37.13704523682007],[-72.54042640309028,-37.137006847893794],[-72.54163522374888,-37.136991007582644],[-72.54099088649672,-37.13845439254837]]]}},{"type":"Feature","properties":{"zona_code":"ZEH","zona":"ZEH-1 Zona de extensión habitacional 1","comuna":"Yumbel"},"geometry":{"type":"Polygon","coordinates":[[[-72.53491474576585,-37.14120761641148],[-72.53411747916016,-37.14288715547816],[-72.53329932240743,-37.14262038486848],[-72.5321416110332,-37.14228247667852],[-72.53169322067723,-37.142099468419886],[-72.53021757490271,-37.1414730604335],[-72.52900008849383,-37.1409405176161],[-72.528145888422,-37.1405799768288],[-72.52729295454394,-37.14024648046083],[-72.52688556478383,-37.140035143921715],[-72.52735146235962,-37.138866647010886],[-72.52773950078715,-37.137934100826904],[-72.52810344823355,-37.13702935869054],[-72.52837766122471,-37.136377852743266],[-72.52949837991686,-37.13683202594384],[-72.53032499793932,-37.137145975674585],[-72.53117790772275,-37.13747945218183],[-72.53143634770827,-37.137580093929756],[-72.53230516308588,-37.13770992946791],[-72.5334123825848,-37.13787327438741],[-72.53389794596842,-37.137946815736434],[-72.53340400864826,-37.139146646952355],[-72.53286378271105,-37.14044266478582],[-72.53491474576585,-37.14120761641148]]]}},{"type":"Feature","properties":{"zona_code":"ZEH","zona":"ZEH-1 Zona de extensión habitacional 1","comuna":"Yumbel"},"geometry":{"type":"Polygon","coordinates":[[[-72.54461802766117,-37.15521126930855],[-72.54056000440065,-37.15346367575239],[-72.53930861829794,-37.15293564531099],[-72.53810075138256,-37.15243338832156],[-72.53880446900746,-37.151196794635005],[-72.53915482161423,-37.15054637413077],[-72.53965542483232,-37.14967137335996],[-72.54003000259813,-37.14899652516159],[-72.5406282948678,-37.14794930086595],[-72.54101196073374,-37.148103736140534],[-72.54136981015186,-37.14824878552417],[-72.54159028388834,-37.14835053992128],[-72.54177692751122,-37.14836188521403],[-72.54218317837828,-37.1482752384292],[-72.54240835010668,-37.14838700914179],[-72.5425964157542,-37.14842878442805],[-72.54269486969888,-37.1485443457925],[-72.54291692545571,-37.148679909127324],[-72.54294850977922,-37.14899385807901],[-72.5430449932833,-37.14924830275482],[-72.54318355908643,-37.14949810127639],[-72.5436980721336,-37.15009894292279],[-72.54449277485783,-37.15099274218602],[-72.54533807135248,-37.15197305401346],[-72.54605625925475,-37.15276755450413],[-72.54461802766117,-37.15521126930855]]]}},{"type":"Feature","properties":{"zona_code":"ZEH","zona":"ZEH-1 Zona de extensión habitacional 1","comuna":"Yumbel"},"geometry":{"type":"Polygon","coordinates":[[[-72.53620095337476,-37.1516207555022],[-72.53076850228258,-37.149312070353126],[-72.53298836233944,-37.145297804781755],[-72.5330206602528,-37.14523749912369],[-72.53426985627816,-37.14511395535143],[-72.53466134281699,-37.14534605642643],[-72.53555603475688,-37.14584754810239],[-72.53867908175258,-37.14714924657211],[-72.53651266601733,-37.15112476993443],[-72.53620095337476,-37.1516207555022]]]}},{"type":"Feature","properties":{"zona_code":"ZEH","zona":"ZEH-1 Zona de extensión habitacional 1","comuna":"Yumbel"},"geometry":{"type":"Polygon","coordinates":[[[-72.44274311121839,-37.202045313685446],[-72.44375831105535,-37.20240177779051],[-72.44359537729633,-37.20291442470648],[-72.44250669165945,-37.20280389110872],[-72.44274311121839,-37.202045313685446]]]}},{"type":"Feature","properties":{"zona_code":"ZEH","zona":"ZEH-1 Zona de extensión habitacional 1","comuna":"Yumbel"},"geometry":{"type":"Polygon","coordinates":[[[-72.44255341499472,-37.20196956848745],[-72.44236956858317,-37.202767248463694],[-72.44171792811802,-37.20314512442939],[-72.44086351253279,-37.203718512351536],[-72.43955157796067,-37.20465734201099],[-72.4376483399691,-37.20599934712527],[-72.43758008379774,-37.205987786545926],[-72.43731291317282,-37.205697576799714],[-72.43708476368008,-37.20589382324918],[-72.43662262876063,-37.206157813531775],[-72.43618462783759,-37.206394013566374],[-72.43585009765768,-37.206484993435716],[-72.43527189492617,-37.206616907030075],[-72.43510789735033,-37.20617471186772],[-72.43554088650974,-37.206064261546445],[-72.43572814858082,-37.20601165623936],[-72.43572959964642,-37.20608123973377],[-72.43575606077533,-37.206231328214926],[-72.4357985406827,-37.206310167759504],[-72.43586179863432,-37.206340110347426],[-72.43593405164167,-37.20634326679332],[-72.43599876232454,-37.20629835019769],[-72.43602752024536,-37.206253145116136],[-72.43601729910358,-37.20620925499126],[-72.43597399115883,-37.206151075763835],[-72.43593092044844,-37.206086023953354],[-72.43592761769638,-37.20595451992017],[-72.43674504062861,-37.20549736732621],[-72.43796678291767,-37.204622137208666],[-72.43918696119462,-37.20371307979407],[-72.44075207383608,-37.2025705022039],[-72.44135990424795,-37.20216004466193],[-72.44140725081733,-37.202084174839186],[-72.44154852387518,-37.20165342618555],[-72.44255341499472,-37.20196956848745]]]}},{"type":"Feature","properties":{"zona_code":"ZEH","zona":"ZEH-1 Zona de extensión habitacional 1","comuna":"Yumbel"},"geometry":{"type":"Polygon","coordinates":[[[-72.62966555156048,-37.19414526914966],[-72.63004886938172,-37.19417048127166],[-72.6300156093635,-37.19456114627489],[-72.62995254180973,-37.19456985303011],[-72.62981128324179,-37.19462497468601],[-72.62967864156522,-37.19468321740775],[-72.62950503272454,-37.194769803674816],[-72.62958720079214,-37.19418830303291],[-72.62961516293402,-37.19415358698599],[-72.62966555156048,-37.19414526914966]]]}},{"type":"Feature","properties":{"zona_code":"ZEH","zona":"ZEH-1 Zona de extensión habitacional 1","comuna":"Yumbel"},"geometry":{"type":"Polygon","coordinates":[[[-72.62998029393673,-37.19488388601289],[-72.62991033329716,-37.19536682236671],[-72.62971063279997,-37.19605689053359],[-72.6298112141769,-37.196300971827704],[-72.6300713625847,-37.196960002465566],[-72.6303297335254,-37.19758184213876],[-72.6289138972123,-37.1978013428875],[-72.628212180289,-37.19773144625887],[-72.62768129909593,-37.19769355195298],[-72.62712425119834,-37.197639528341966],[-72.62663189344126,-37.19761060592733],[-72.62624096744933,-37.19757857187832],[-72.62593505404406,-37.19755408905297],[-72.62559516753572,-37.19752726143697],[-72.6252427643384,-37.19750420116868],[-72.62488158546468,-37.19747463737225],[-72.62457729099204,-37.19748396059683],[-72.62447541049745,-37.197300859572145],[-72.62437905153986,-37.19714467642084],[-72.6242436852812,-37.19696937284441],[-72.62408621749637,-37.19677443090757],[-72.62404413446941,-37.196691074134165],[-72.624026439232,-37.19658665447202],[-72.62406222967678,-37.19645012400268],[-72.62412111067881,-37.196265483829585],[-72.62414292607576,-37.19610229469706],[-72.62416474248555,-37.1959391055757],[-72.62416965360401,-37.19577643427805],[-72.62436780083229,-37.1957602068594],[-72.62457065954665,-37.195753992268365],[-72.624860973265,-37.195718011199254],[-72.62529627336748,-37.195704673680545],[-72.62551310477832,-37.19572511681761],[-72.62586370183901,-37.1957990191727],[-72.6263639988405,-37.19590557570415],[-72.62675928850608,-37.19602889395172],[-72.62690557087048,-37.19607858301471],[-72.62721308321679,-37.1962249046331],[-72.62733562860217,-37.19630917970125],[-72.62762348452529,-37.19639854415575],[-72.6279407621252,-37.19648361913296],[-72.62815385615079,-37.19651432931041],[-72.62843409815866,-37.19644478959884],[-72.62861567783125,-37.19634780253459],[-72.62900191191194,-37.196193750613105],[-72.62911781499659,-37.19613940739767],[-72.62928478282136,-37.195914205337196],[-72.62931699758333,-37.195703294575246],[-72.62937895730234,-37.195494857442036],[-72.62946968992071,-37.195268608155175],[-72.6294830409117,-37.19510567735008],[-72.62958675023445,-37.19506186610808],[-72.62971923254993,-37.195000242601125],[-72.62998029393673,-37.19488388601289]]]}},{"type":"Feature","properties":{"zona_code":"ZEH","zona":"ZEH-1 Zona de extensión habitacional 1","comuna":"Yumbel"},"geometry":{"type":"Polygon","coordinates":[[[-72.62896100930146,-37.19798950502638],[-72.62961553416011,-37.19963526370523],[-72.6292072674583,-37.19972735550872],[-72.62884656384023,-37.19970794810269],[-72.62811979488616,-37.199645591308276],[-72.6275726422403,-37.199621739142025],[-72.62708921108026,-37.19960270236537],[-72.62641234991472,-37.199521876555124],[-72.62634659169787,-37.20000468254917],[-72.62626446093215,-37.200234052058754],[-72.62625741729215,-37.20052883660156],[-72.62623526639274,-37.20077329700038],[-72.62625374420583,-37.201070685787414],[-72.62623939746683,-37.201301362830584],[-72.62619203242396,-37.201638014448605],[-72.62611315376176,-37.20184696824508],[-72.62581883338999,-37.20233000860151],[-72.62548760411772,-37.202837879520956],[-72.62513813333925,-37.20349528584804],[-72.62472880247799,-37.20431704625775],[-72.62472081722296,-37.20441548113804],[-72.62468821268851,-37.204883727698004],[-72.62449752458593,-37.20487941245042],[-72.62435153180016,-37.20492451534526],[-72.62430419250613,-37.205085100431845],[-72.62427179965076,-37.20529262980891],[-72.62420620503194,-37.20569078376078],[-72.62420030638638,-37.20592120175919],[-72.62351466931622,-37.20556976081566],[-72.62359143637097,-37.20540488946659],[-72.6236617093628,-37.20519281345143],[-72.623675397673,-37.2050366450165],[-72.62367395936181,-37.20491818474509],[-72.62369326192108,-37.20434877033691],[-72.62374874939886,-37.20409313166615],[-72.62379348103391,-37.20396648507652],[-72.62393869968184,-37.20372841280235],[-72.6241036119352,-37.203371232564194],[-72.62425274939994,-37.203038236493036],[-72.62446024844799,-37.20268652257252],[-72.62455945650078,-37.202460016907224],[-72.62471734960188,-37.202221555282364],[-72.62482353466567,-37.20205239584185],[-72.62502255845531,-37.201788972791384],[-72.6251232206212,-37.20159289510457],[-72.62520228006709,-37.201299289384906],[-72.62520655750994,-37.20103506155596],[-72.62521750766383,-37.20073338561416],[-72.62521351123162,-37.200384764531506],[-72.62523077509692,-37.20021494305552],[-72.62527258839424,-37.20002744031215],[-72.62535572784137,-37.19964229096428],[-72.62537966369085,-37.1994350213067],[-72.62535759340315,-37.199239317808335],[-72.62530739729107,-37.199074949168065],[-72.6252302232463,-37.198877548353025],[-72.62485131938519,-37.198035923798464],[-72.62468282318234,-37.19769911487221],[-72.6246721039163,-37.19765204089416],[-72.62482034991201,-37.19765427135507],[-72.62533448637723,-37.19769607740559],[-72.6257810033074,-37.1977399535026],[-72.62711422218368,-37.197827749990324],[-72.62857617723527,-37.19795221329751],[-72.62896100930146,-37.19798950502638]]]}},{"type":"Feature","properties":{"zona_code":"ZEH","zona":"ZEH-1 Zona de extensión habitacional 1","comuna":"Yumbel"},"geometry":{"type":"Polygon","coordinates":[[[-72.62349188589369,-37.204916989513656],[-72.62323797768941,-37.20482996252589],[-72.62287660073083,-37.204797014051636],[-72.62248224066637,-37.20469397087533],[-72.62233157494705,-37.20455299289504],[-72.62215670209514,-37.20434842372829],[-72.62209087475422,-37.2042996515715],[-72.62203109431903,-37.20411187426657],[-72.62197768506115,-37.20379185283363],[-72.62174655317472,-37.20364995182469],[-72.62137790478616,-37.20346485707628],[-72.62112303221873,-37.203357540046554],[-72.62114388512747,-37.20317406530032],[-72.62117598461253,-37.20287174167651],[-72.62121083285817,-37.20262689330342],[-72.62125838167638,-37.202293624560255],[-72.62130967186182,-37.20195008244634],[-72.62136892987678,-37.201596140082685],[-72.62140181448774,-37.20139875357731],[-72.62142737845407,-37.201225292883606],[-72.62147846268958,-37.2010544365526],[-72.6215483946443,-37.200923633321175],[-72.6226955402357,-37.201013788425655],[-72.62320482631547,-37.201042208513705],[-72.6242802854231,-37.20113792955563],[-72.62501974740684,-37.201199920363244],[-72.6250242632232,-37.20138261795644],[-72.6249582225257,-37.20159456451619],[-72.62482146475448,-37.20183237898504],[-72.6246043998132,-37.20207265283041],[-72.62451382611235,-37.202214247505715],[-72.62442406039936,-37.202372746841526],[-72.62432891777183,-37.20259574177512],[-72.6242461489284,-37.202723553935265],[-72.62405345051512,-37.203030798178055],[-72.62384039037136,-37.20353165945798],[-72.62376540556133,-37.20373372156362],[-72.62365808326399,-37.2038792140915],[-72.62360051022533,-37.20400286863296],[-72.62355414138197,-37.20418373912597],[-72.62349188589369,-37.204916989513656]]]}},{"type":"Feature","properties":{"zona_code":"ZEH","zona":"ZEH-1 Zona de extensión habitacional 1","comuna":"Yumbel"},"geometry":{"type":"Polygon","coordinates":[[[-72.62162012638385,-37.20074198705068],[-72.62180589560104,-37.20020133506959],[-72.62217451473667,-37.199059174470634],[-72.62241313757139,-37.198384854806804],[-72.62281716989511,-37.19727546663713],[-72.62302910986456,-37.19666290800282],[-72.62312588903244,-37.19638569073093],[-72.6231568269307,-37.19614773282658],[-72.62313365236585,-37.19584032972797],[-72.62312396593902,-37.19554944335946],[-72.62400134270955,-37.19575281050355],[-72.62399513668113,-37.195888434140976],[-72.62398745550045,-37.1960816636932],[-72.62394337460627,-37.19622183355873],[-72.62387715441822,-37.19651843146142],[-72.62385713657054,-37.1966307774014],[-72.6238966105854,-37.1967480734421],[-72.6240066175134,-37.19692415363443],[-72.62413239788926,-37.19707605014414],[-72.62430903814231,-37.19731780667087],[-72.62452644854174,-37.197703905541815],[-72.62472174183932,-37.19815839869196],[-72.62487901682564,-37.19852602348389],[-72.6250463839061,-37.19883916553241],[-72.62513914999569,-37.199097033574986],[-72.62519145151641,-37.19930535380171],[-72.62519792756736,-37.199440590176195],[-72.62519285696115,-37.19959988055636],[-72.62516388546352,-37.199790376012004],[-72.62509881745291,-37.2000226075732],[-72.62506106926062,-37.20020659959718],[-72.62505968710269,-37.20061971638699],[-72.62504904316434,-37.20101618691074],[-72.62354931656425,-37.20089960959962],[-72.6221469632177,-37.20078341799686],[-72.62162012638385,-37.20074198705068]]]}},{"type":"Feature","properties":{"zona_code":"ZEH","zona":"ZEH-1 Zona de extensión habitacional 1","comuna":"Yumbel"},"geometry":{"type":"Polygon","coordinates":[[[-72.62931325959742,-37.195139665480866],[-72.6291922688139,-37.195529363922624],[-72.62915503045322,-37.195635467711234],[-72.62912184355424,-37.19582609269093],[-72.62898722726388,-37.19601982976732],[-72.6288014225517,-37.19611694639869],[-72.62860229029044,-37.19620092842148],[-72.62837503288011,-37.196316245756734],[-72.62822889669685,-37.19635797138851],[-72.6280640732824,-37.196363025615106],[-72.62788934006514,-37.19633791155918],[-72.62751566399425,-37.196224092624014],[-72.62737376836297,-37.196177655433864],[-72.62728129296661,-37.19610261561504],[-72.62712542309136,-37.19602951987775],[-72.62693477306695,-37.195937174705925],[-72.62673728978822,-37.195878897437815],[-72.62640246332082,-37.19578081369354],[-72.62612435921803,-37.195718234530815],[-72.62575621061417,-37.1956313272146],[-72.6254490090654,-37.195579795741615],[-72.62514797783876,-37.19556870525538],[-72.6248142692473,-37.19558231474804],[-72.6246762610481,-37.195617016443755],[-72.62425786551368,-37.195629832926116],[-72.6241102719556,-37.195641125742625],[-72.62355780964698,-37.19550568452692],[-72.62312123474513,-37.19540393532496],[-72.62310794983584,-37.19521473420216],[-72.62307709231291,-37.19510055961068],[-72.62297180133196,-37.194934490990256],[-72.62286847280981,-37.194720960184455],[-72.6228145237485,-37.1946548949555],[-72.6230479537287,-37.19458003025653],[-72.62323960612491,-37.1945166017756],[-72.62344864932555,-37.19446279811658],[-72.6236411104196,-37.19441627374793],[-72.62402925016258,-37.194478874104256],[-72.62447119666922,-37.19451612403442],[-72.6247400339447,-37.19456206154252],[-72.62490760533636,-37.19461448717071],[-72.62506233613095,-37.194663919861064],[-72.62523641792075,-37.19467551593017],[-72.62543504746661,-37.194669430377026],[-72.62557289144455,-37.194631346757255],[-72.62575916545534,-37.194632409962836],[-72.62605629126149,-37.19465039134679],[-72.62619771456578,-37.19459865523197],[-72.62631036290531,-37.1945647293451],[-72.62649338274149,-37.194586206902386],[-72.62665038122691,-37.19468297002883],[-72.62681225527206,-37.19479312702684],[-72.62706483696078,-37.19485310135766],[-72.62727873613434,-37.19490071683386],[-72.62750125033797,-37.194951454186416],[-72.62761226413738,-37.19497175216735],[-72.62795586476628,-37.195076335592205],[-72.62816276991313,-37.19515463684255],[-72.62833034525507,-37.19520705684713],[-72.62858846516838,-37.19520591291488],[-72.62878709504719,-37.195199820852004],[-72.62900181943903,-37.19517630603865],[-72.62931325959742,-37.195139665480866]]]}},{"type":"Feature","properties":{"zona_code":"ZEH","zona":"ZEH-1 Zona de extensión habitacional 1","comuna":"Yumbel"},"geometry":{"type":"Polygon","coordinates":[[[-72.63007720381032,-37.19403614355328],[-72.62961932667724,-37.194019718084014],[-72.62951106792893,-37.19405689736485],[-72.62944701587092,-37.19413335107884],[-72.62937383671131,-37.19437260564957],[-72.62933413013798,-37.19469209312082],[-72.62932939266518,-37.19485814511092],[-72.62916522071252,-37.19487672481414],[-72.62895520930556,-37.194910252963965],[-72.62878632510088,-37.194918819127494],[-72.62855843684068,-37.19493258023774],[-72.62842758881892,-37.19493997910073],[-72.62829902173901,-37.194906677386335],[-72.62815745260264,-37.194867002218786],[-72.62789902422183,-37.19477335135533],[-72.62766643846685,-37.194689064827635],[-72.62743579692886,-37.19464534933637],[-72.62727845737305,-37.194629857244614],[-72.62712372504244,-37.19458042740347],[-72.62696086495303,-37.19453801796217],[-72.62680825363924,-37.19444450730158],[-72.62662199638321,-37.19435541203613],[-72.62647100463526,-37.19429570961497],[-72.62627595569049,-37.194288144280485],[-72.62615030472634,-37.19431569659815],[-72.62600043063902,-37.19436769130194],[-72.62588306969309,-37.194391603762426],[-72.62576311942601,-37.194361420827676],[-72.62555181314168,-37.1943678961917],[-72.62531660561997,-37.194405576330695],[-72.62519404756121,-37.194409331200724],[-72.62507425857434,-37.19438252941602],[-72.62489417106539,-37.19433387323474],[-72.6246966936841,-37.194275591847074],[-72.62447873406818,-37.19423148157651],[-72.62420793703399,-37.19423300477793],[-72.6240171137408,-37.19422530692389],[-72.6238030578853,-37.19417430384616],[-72.62359906998823,-37.19415684965994],[-72.62340254427522,-37.19420688458244],[-72.62325527644252,-37.194224938327366],[-72.62299746171445,-37.19432086529907],[-72.62287635889045,-37.19435504635199],[-72.62265089689153,-37.194419509509345],[-72.62260558261443,-37.194268533206596],[-72.62246013592457,-37.19414771023637],[-72.62226154948954,-37.193977725507864],[-72.62212536412858,-37.193873547681434],[-72.62195585574601,-37.19378054676382],[-72.62179041194017,-37.193684035953304],[-72.6215783198415,-37.19358556594051],[-72.62134329653468,-37.19353858651928],[-72.62115589183442,-37.19351384972984],[-72.6210222730601,-37.19355179770621],[-72.62086803007323,-37.19289288991685],[-72.62074350989452,-37.19232449033623],[-72.62071249607985,-37.192206934303854],[-72.6207996266997,-37.1921704091938],[-72.62090950395555,-37.19216704659938],[-72.621203362941,-37.19220545512142],[-72.62146747985759,-37.19224138736729],[-72.62171810874027,-37.19226080303157],[-72.62188292427949,-37.19225575736559],[-72.62213145160015,-37.19223122063939],[-72.62235674646894,-37.19216337729802],[-72.62262187566577,-37.19204352732408],[-72.62307215929243,-37.19181304451645],[-72.62338637936129,-37.19165782999576],[-72.62341832865063,-37.19197173668693],[-72.62343224032722,-37.19226249440711],[-72.62344030966364,-37.19251957224867],[-72.62350721948185,-37.1927680764298],[-72.62350311563542,-37.192947652497736],[-72.62365021881152,-37.192926218290566],[-72.6239291392011,-37.19291767491692],[-72.62427759954464,-37.19303566452266],[-72.6245912988667,-37.19304636956087],[-72.62494010236215,-37.19308308549753],[-72.6252492348444,-37.19317518940275],[-72.62540511360393,-37.193160255460434],[-72.62563299785343,-37.19314650117568],[-72.62586900998213,-37.193125725025425],[-72.62614208523821,-37.193083497520306],[-72.6264094610073,-37.19309900428461],[-72.62683320096093,-37.19310971657618],[-72.62704855186577,-37.19318776090277],[-72.62749209688415,-37.193346841789236],[-72.6275150080593,-37.19338338324939],[-72.62764389563011,-37.19342344672317],[-72.62824916833608,-37.19360126751923],[-72.62865761167966,-37.1937343333786],[-72.62881431540235,-37.19364826683086],[-72.62913762949741,-37.19350630189377],[-72.62967013979845,-37.1933139020455],[-72.62997378038835,-37.19320301188593],[-72.63001521771949,-37.19327284288068],[-72.63004980078927,-37.1935528074238],[-72.63008958224361,-37.19385292778658],[-72.63007720381032,-37.19403614355328]]]}},{"type":"Feature","properties":{"zona_code":"ZEH","zona":"ZEH-1 Zona de extensión habitacional 1","comuna":"Yumbel"},"geometry":{"type":"Polygon","coordinates":[[[-72.62337000126504,-37.19149242517259],[-72.62254014605173,-37.19192752458511],[-72.62228769652745,-37.192046986440694],[-72.62209052867709,-37.19208349553693],[-72.62178348345992,-37.19212336780964],[-72.62154195291366,-37.19211721690821],[-72.62128677451304,-37.192091168552494],[-72.62100917235578,-37.19203871989378],[-72.62081461390326,-37.19204128771697],[-72.62062199436207,-37.19208442667188],[-72.61984357183863,-37.19217934775376],[-72.61935822330528,-37.19220773940732],[-72.61915001602279,-37.19219040728673],[-72.6190427494189,-37.192159829189045],[-72.61889437809394,-37.19206617746682],[-72.61876258772675,-37.19196524655784],[-72.61862950613698,-37.19183726968933],[-72.61853803941703,-37.191694473965704],[-72.6184769624191,-37.19156767923093],[-72.61843572330173,-37.191413190287555],[-72.61842000129288,-37.19126130715396],[-72.61841257065443,-37.191105785004794],[-72.61843555489219,-37.190878229565804],[-72.61843156892546,-37.19061763881126],[-72.61843936771108,-37.19007227798218],[-72.61845198841836,-37.189716376577074],[-72.61842458544703,-37.18949713330509],[-72.61836434401299,-37.18929920986934],[-72.61832959342514,-37.18919192478384],[-72.61826103670015,-37.18908567379986],[-72.61809921460983,-37.18888747063831],[-72.61774502194035,-37.188471681546766],[-72.61758287883004,-37.18826671582814],[-72.61752000391381,-37.188190762722975],[-72.61748670901345,-37.188113906052955],[-72.61734365225078,-37.18768827526475],[-72.61716146236758,-37.18715210657015],[-72.61706599593819,-37.186836753482574],[-72.61701353942047,-37.18671308021192],[-72.61690211114515,-37.186506563045896],[-72.6168451057839,-37.18637625632594],[-72.6166871962672,-37.18617115923773],[-72.61651190042728,-37.185956435910505],[-72.61642466999672,-37.1858135102837],[-72.61637853934016,-37.18573365888539],[-72.61630953306734,-37.18552923064782],[-72.61618500634327,-37.18513688971264],[-72.61608386803846,-37.18479123677677],[-72.6159823789823,-37.18452685436624],[-72.6159419567377,-37.184389270420866],[-72.61573827751899,-37.1840230483141],[-72.61566779253808,-37.183876223650884],[-72.61558950235245,-37.18374318158904],[-72.61541715020653,-37.183501278916765],[-72.615235057607,-37.183232587150854],[-72.6150489012575,-37.1829674054639],[-72.61492774433466,-37.18273409606033],[-72.61474729932968,-37.18241117893514],[-72.61458243593358,-37.182148731607626],[-72.61449992380969,-37.182015817386215],[-72.61433812710912,-37.1818176079619],[-72.61415262389713,-37.181565947098385],[-72.6139472854555,-37.18134197948899],[-72.6138265843389,-37.18120684529908],[-72.613801424711,-37.181122967154955],[-72.61382706759662,-37.1807734395563],[-72.6138496778538,-37.1807151889929],[-72.61431673378875,-37.18074832601619],[-72.61461819139072,-37.180769591227964],[-72.61495329114229,-37.18078644144947],[-72.61486304297503,-37.18093479033627],[-72.61492168405343,-37.18101087401554],[-72.61526363104137,-37.18143720483596],[-72.6154519111576,-37.181658305159715],[-72.61563967879698,-37.18195729576674],[-72.61591335021552,-37.182460199585314],[-72.6162284754893,-37.18294490566167],[-72.616555311939,-37.18340893873193],[-72.61664318382681,-37.18356538801879],[-72.616765962904,-37.183832504570425],[-72.6168811275249,-37.18402875035945],[-72.61702742960395,-37.184433968154764],[-72.61718118805769,-37.184906675496265],[-72.61726739369796,-37.18520538173259],[-72.61736937240289,-37.18547990517184],[-72.61767106316347,-37.18586005631647],[-72.61780119855356,-37.18601521287726],[-72.61797986189812,-37.18638896707077],[-72.6180549029938,-37.18654242208301],[-72.6181887011539,-37.18695140630709],[-72.61837512272855,-37.18748744325886],[-72.61842478396595,-37.187729706688195],[-72.61893964271914,-37.18840806283938],[-72.61912372652895,-37.18862928492056],[-72.61936817958639,-37.188608264101624],[-72.61989527803794,-37.18856843865605],[-72.62048089183153,-37.188513276705464],[-72.62062521640125,-37.18852240416608],[-72.62114287017788,-37.18855057830333],[-72.62115598677762,-37.188736399543664],[-72.62116596321773,-37.189122082398505],[-72.62118351445591,-37.18975470104885],[-72.62118471724165,-37.19013388024541],[-72.62116626794938,-37.19045610151544],[-72.62114714799445,-37.190852832463236],[-72.6212340475881,-37.19107702486227],[-72.62133932862035,-37.19124309568509],[-72.62159986196548,-37.191292680922835],[-72.62177751436457,-37.19129062926844],[-72.62194054902756,-37.19124839382609],[-72.62224680283812,-37.19110358443188],[-72.62277820588243,-37.19079951624001],[-72.6233014756998,-37.19050246762911],[-72.62332703376906,-37.1910366497784],[-72.62337000126504,-37.19149242517259]]]}},{"type":"Feature","properties":{"zona_code":"ZEH","zona":"ZEH-1 Zona de extensión habitacional 1","comuna":"Yumbel"},"geometry":{"type":"Polygon","coordinates":[[[-72.61541955240187,-37.179827538870654],[-72.61502941064856,-37.18060805111293],[-72.61392173719973,-37.18054030888786],[-72.6139537658534,-37.180502086252524],[-72.61432862969039,-37.17975590315946],[-72.61541955240187,-37.179827538870654]]]}},{"type":"Feature","properties":{"zona_code":"ZEH","zona":"ZEH-1 Zona de extensión habitacional 1","comuna":"Yumbel"},"geometry":{"type":"Polygon","coordinates":[[[-72.61415816340036,-37.17973063725684],[-72.61372298107898,-37.18054299268477],[-72.61338530239739,-37.18047204369012],[-72.61262653344315,-37.18044442353911],[-72.61263956584209,-37.1803627642434],[-72.6130581477997,-37.17964572390384],[-72.61355054783806,-37.17967809048076],[-72.61415816340036,-37.17973063725684]]]}},{"type":"Feature","properties":{"zona_code":"ZEH","zona":"ZEH-1 Zona de extensión habitacional 1","comuna":"Yumbel"},"geometry":{"type":"Polygon","coordinates":[[[-72.61262207946773,-37.18061723849287],[-72.61337272137379,-37.180651879295795],[-72.61361144194869,-37.18068860627988],[-72.61366488851831,-37.18074453322033],[-72.61365508326124,-37.18089381093426],[-72.61363521282901,-37.181009537705826],[-72.61364508340054,-37.18112774191006],[-72.6136721780745,-37.18125219157489],[-72.61374494604371,-37.18135831731052],[-72.6138927727441,-37.18152986782737],[-72.61402550545772,-37.181651090982236],[-72.61410314532687,-37.18177061101192],[-72.61425194137996,-37.18196244687269],[-72.61443144639713,-37.18217704464659],[-72.61454853822278,-37.182413864847035],[-72.61475514194335,-37.1827529125931],[-72.61488994413637,-37.18300612069181],[-72.61504148785977,-37.18325543106841],[-72.6153090299968,-37.18362985985772],[-72.61551712440108,-37.183911300812724],[-72.615665736734,-37.184187786636606],[-72.61579322407697,-37.1844649175778],[-72.61584338791441,-37.18462929219645],[-72.61598075097258,-37.185024627060145],[-72.61611679446752,-37.18548094662051],[-72.6162114478237,-37.18577939644555],[-72.61630696751759,-37.185918683308245],[-72.61644861841394,-37.18613782149596],[-72.61667769064763,-37.18641523259585],[-72.61678911817894,-37.186621749949914],[-72.61688396556666,-37.186835545981374],[-72.61698204249872,-37.187116961080534],[-72.61712428842051,-37.18752568834157],[-72.61722901539584,-37.18785768727864],[-72.61732287002157,-37.1881392307146],[-72.61741123505676,-37.1883058215759],[-72.61760473442506,-37.18854707448017],[-72.61805219212287,-37.18905481532107],[-72.6181756584968,-37.18924742019113],[-72.61826058296032,-37.189519078225956],[-72.61827382742736,-37.18979631390538],[-72.61827539091985,-37.19000618945541],[-72.61826589153252,-37.190250262103504],[-72.6182721125198,-37.190646217873116],[-72.61824681362832,-37.19100250673912],[-72.6182370172239,-37.19115178401064],[-72.61824315609131,-37.19128025943175],[-72.618263426369,-37.19143877499602],[-72.6182820805006,-37.19156348098481],[-72.61834364271117,-37.19170041869351],[-72.61841236357265,-37.19181005063521],[-72.61851212164862,-37.19194920563318],[-72.61859222858473,-37.19203140226941],[-72.61877325193231,-37.19218838783149],[-72.61886848656972,-37.19223287669653],[-72.61896703961575,-37.192612464986745],[-72.61911773579668,-37.19310896203966],[-72.61940758820556,-37.194126011839025],[-72.61923574489943,-37.19424977313395],[-72.61897725265632,-37.19442020164114],[-72.61878573254438,-37.19457503744693],[-72.6184852736788,-37.19484155232693],[-72.61808874166834,-37.195134705465215],[-72.61794567084658,-37.19524065638711],[-72.61794284083314,-37.194915699985565],[-72.61801035063253,-37.19473418534614],[-72.61808354062444,-37.194582968880006],[-72.61821605693775,-37.19443332426085],[-72.61829492675423,-37.19431240765876],[-72.61833933928153,-37.19417900118046],[-72.61830299666684,-37.19394987403915],[-72.61822506482525,-37.19364752936843],[-72.61811838582565,-37.19327496147033],[-72.61797595898386,-37.192862855950814],[-72.61788416870608,-37.19271329872302],[-72.6176324871934,-37.192406108940666],[-72.61741087458387,-37.19210815720229],[-72.61725155150503,-37.191696566990814],[-72.61720433951496,-37.1914169841619],[-72.61717015558033,-37.19105574150254],[-72.61719930776651,-37.190868627561855],[-72.61723669863605,-37.19032236104843],[-72.61721941975198,-37.18996060148773],[-72.61720275996554,-37.18970039914347],[-72.61720459045424,-37.18956152284645],[-72.61695747221411,-37.18926096354116],[-72.61679352603109,-37.18910683966279],[-72.61657289527678,-37.188829171507344],[-72.61644585375562,-37.18865021746806],[-72.61632209836064,-37.188362815673514],[-72.61623376380584,-37.18810818979388],[-72.616122041659,-37.18780687665062],[-72.61603274125338,-37.187531964035436],[-72.61592979574169,-37.18723715474909],[-72.61587427342914,-37.18704924285072],[-72.61559648778805,-37.186637884132615],[-72.61544783914609,-37.18644943147789],[-72.61533835281611,-37.18628348358525],[-72.61523244698965,-37.18610388238965],[-72.61512040916467,-37.185795804745396],[-72.61507627661499,-37.185580458557936],[-72.61498714393005,-37.18530892624807],[-72.61489378726074,-37.18503752327789],[-72.61479426859214,-37.18472567811624],[-72.61467033383977,-37.18452292637384],[-72.61442491909335,-37.18408010269928],[-72.61419750769039,-37.18374846213187],[-72.61404157753636,-37.18349589821442],[-72.61382962031233,-37.183133312835714],[-72.61362382470536,-37.182811168358114],[-72.61348105981928,-37.182568359596395],[-72.6133888085067,-37.18240865476597],[-72.61333584482844,-37.18236286965221],[-72.61315569726716,-37.18213474557899],[-72.61294484313254,-37.181883857922095],[-72.61275347241204,-37.181686548043736],[-72.61265567466835,-37.18158795764932],[-72.6126204867749,-37.18138249413181],[-72.61256401121533,-37.18117429434901],[-72.61258814068592,-37.18097040428502],[-72.61262207946773,-37.18061723849287]]]}},{"type":"Feature","properties":{"zona_code":"ZEH","zona":"ZEH-1 Zona de extensión habitacional 1","comuna":"Yumbel"},"geometry":{"type":"Polygon","coordinates":[[[-72.62057710139179,-37.192207691348266],[-72.6206730067586,-37.19279728194144],[-72.62084249019904,-37.19359793001462],[-72.62066206044928,-37.19363053821981],[-72.62045301786746,-37.19368433697459],[-72.62017293846938,-37.19375723881029],[-72.61993641356003,-37.193855893153966],[-72.61972524403504,-37.193953772514384],[-72.61961843479162,-37.1940213711576],[-72.61946985864239,-37.1934807935893],[-72.61911063841056,-37.19234058943111],[-72.61928877995966,-37.19234868360854],[-72.61955908515449,-37.19233702856851],[-72.6200385924832,-37.192274957012835],[-72.62057710139179,-37.192207691348266]]]}},{"type":"Feature","properties":{"zona_code":"ZEH","zona":"ZEH-1 Zona de extensión habitacional 1","comuna":"Yumbel"},"geometry":{"type":"Polygon","coordinates":[[[-72.62442050225107,-37.20965751299762],[-72.6233797996739,-37.20914088584851],[-72.62305274187719,-37.2089409806644],[-72.62221365555479,-37.20839108060793],[-72.6212281389743,-37.20770006595673],[-72.62078488528915,-37.207371661711214],[-72.62001882188335,-37.20684321155919],[-72.61960142445953,-37.20652416985114],[-72.61944230596427,-37.206383446367155],[-72.61933813748617,-37.20624104202947],[-72.61918405525752,-37.20611709259167],[-72.61907695354284,-37.20600186422877],[-72.61890469587392,-37.205763352382334],[-72.6188002043658,-37.20561418568938],[-72.61869977939385,-37.20546150761285],[-72.6186073240086,-37.20529842858685],[-72.61857549777095,-37.20516396823776],[-72.61852156870745,-37.20500986861065],[-72.61848470780473,-37.20485863204786],[-72.61846639586697,-37.20465265476555],[-72.61845570400715,-37.204517547975996],[-72.61846240372375,-37.20439206618047],[-72.61848762789758,-37.20429987606557],[-72.61855659709734,-37.20414878921654],[-72.61862898460264,-37.20398066808687],[-72.6187187643252,-37.203822172776796],[-72.61890942634051,-37.20391453058376],[-72.61916187246057,-37.20397113895268],[-72.61938651139464,-37.204065841967875],[-72.61984147157806,-37.204285546700824],[-72.62001164889999,-37.20439207237341],[-72.62008283403561,-37.20446438279285],[-72.62026666291445,-37.20459080617728],[-72.62064409123317,-37.204782407285236],[-72.6211226186986,-37.205052172107614],[-72.6217464784003,-37.20535134533322],[-72.62236532597719,-37.20554570680115],[-72.62280828879315,-37.20569127800593],[-72.62304058110003,-37.205768810383425],[-72.62314283254635,-37.20578260769003],[-72.62328654336225,-37.20577820653698],[-72.62369128849119,-37.20600959108184],[-72.6242859006135,-37.20631641728814],[-72.6250162448294,-37.20671727141888],[-72.62573798089029,-37.207114998865215],[-72.62673672503259,-37.20763966349843],[-72.62746709442104,-37.208040499692615],[-72.62699437813664,-37.208776180574326],[-72.62681890986835,-37.20908967272815],[-72.62639560880908,-37.20979674781936],[-72.62598077189537,-37.21041553082466],[-72.62530873826776,-37.210083999831824],[-72.62442050225107,-37.20965751299762]],[[-72.61946969159662,-37.204566096670156],[-72.61912442631375,-37.204781504523005],[-72.61937316885465,-37.20502614023664],[-72.61970357182439,-37.20476547826202],[-72.61946969159662,-37.204566096670156]]]}},{"type":"Feature","properties":{"zona_code":"ZEH","zona":"ZEH-1 Zona de extensión habitacional 1","comuna":"Yumbel"},"geometry":{"type":"Polygon","coordinates":[[[-72.547542695286,-37.129059926241446],[-72.54714370739615,-37.12970543013311],[-72.54660762665482,-37.13054089123281],[-72.54614573670091,-37.13151633717129],[-72.54598640550792,-37.13145508368525],[-72.54593172194208,-37.13141608989798],[-72.54588931324463,-37.1313682635871],[-72.5458290433597,-37.13125494589035],[-72.54575389284122,-37.13109467125618],[-72.54566121984854,-37.13092137716869],[-72.54559514861687,-37.130774373199046],[-72.54552284276845,-37.13067496020038],[-72.54542488305553,-37.130569542691404],[-72.54535912859751,-37.13042930233101],[-72.54529400543164,-37.13030258575717],[-72.54519849203241,-37.13006842872105],[-72.54513992045237,-37.129900884814454],[-72.54513644599893,-37.12982649833101],[-72.54527023344502,-37.129612562297055],[-72.5455359116103,-37.1291441163894],[-72.54612606089835,-37.12819869021147],[-72.54613793785676,-37.12818031116179],[-72.54630421354237,-37.12822128796168],[-72.54637612400127,-37.12826200093677],[-72.54650637872633,-37.12831745268859],[-72.54688238354233,-37.12852052178348],[-72.54706337177674,-37.12860412959745],[-72.54735455732177,-37.12884271191642],[-72.54746095102927,-37.129004394774135],[-72.547542695286,-37.129059926241446]]]}},{"type":"Feature","properties":{"zona_code":"ZEH","zona":"ZEH-1 Zona de extensión habitacional 1","comuna":"Yumbel"},"geometry":{"type":"Polygon","coordinates":[[[-72.54970583289344,-37.13014710603328],[-72.55024751634394,-37.12988327493929],[-72.55009649783122,-37.13052816017492],[-72.55001328331242,-37.130480975757116],[-72.54985968977128,-37.130366873721385],[-72.54977723985105,-37.13027701792692],[-72.54971961927642,-37.13018971590767],[-72.54970583289344,-37.13014710603328]]]}},{"type":"Feature","properties":{"zona_code":"ZEH","zona":"ZEH-1 Zona de extensión habitacional 1","comuna":"Yumbel"},"geometry":{"type":"Polygon","coordinates":[[[-72.55004527167458,-37.13075871406521],[-72.54976097230723,-37.132093653343894],[-72.54943470189743,-37.132712906378224],[-72.54814124828975,-37.13222854821442],[-72.5484484238169,-37.13156246682218],[-72.54899072298589,-37.13067940844052],[-72.54918077473835,-37.13040283517868],[-72.5495136608833,-37.13024070404471],[-72.54955562669154,-37.13029355491947],[-72.54954940348524,-37.13033660798548],[-72.54949444664348,-37.13039431137179],[-72.54953211995513,-37.13049540199004],[-72.54952635912346,-37.13054833363084],[-72.54950841429888,-37.130604927162025],[-72.54955261848498,-37.130669550718345],[-72.54967357556373,-37.1307021957104],[-72.54981052145148,-37.130724468626724],[-72.55004527167458,-37.13075871406521]]]}},{"type":"Feature","properties":{"zona_code":"ZEH","zona":"ZEH-1 Zona de extensión habitacional 1","comuna":"Yumbel"},"geometry":{"type":"Polygon","coordinates":[[[-72.54593177793929,-37.128153089367565],[-72.54541008980115,-37.12898535837487],[-72.54503982797998,-37.12956867267773],[-72.54498173173947,-37.129411271599444],[-72.5449536681698,-37.129263129902526],[-72.54490512295396,-37.129129145137256],[-72.54480463998914,-37.128969627369834],[-72.54473529633735,-37.12884303751976],[-72.54461227996568,-37.12865372136288],[-72.54451649417352,-37.128504220180616],[-72.54434639604818,-37.12830276933628],[-72.54419603033666,-37.12816167398612],[-72.5439591578895,-37.12797915145453],[-72.54357973724771,-37.12764175381112],[-72.54344768623385,-37.12753058299656],[-72.54334330178834,-37.12737795299424],[-72.54322766915361,-37.12725613318534],[-72.54310564359955,-37.12717852137989],[-72.54290133396856,-37.1270593547869],[-72.54271233877863,-37.12690587068529],[-72.54230321153628,-37.126565971238804],[-72.54220104016841,-37.12646067736947],[-72.54201721653968,-37.12632735199858],[-72.54169290173877,-37.126083106586954],[-72.54124735752573,-37.125778153385085],[-72.54083544059566,-37.12546880656143],[-72.54058998054688,-37.12528314690651],[-72.54031089819776,-37.125101877807325],[-72.53999384750125,-37.12501316476469],[-72.53978989852868,-37.12499217405182],[-72.5406446827125,-37.12355466973482],[-72.54153608488113,-37.123446747686984],[-72.5421791788161,-37.12345459801868],[-72.54243537380013,-37.123507880323615],[-72.54282858468844,-37.12359769405137],[-72.54312108450796,-37.12370406482417],[-72.54355557650456,-37.123772324803376],[-72.54397159942751,-37.12380727690876],[-72.54434942202242,-37.12374856382602],[-72.54498272871413,-37.12354676320437],[-72.54546875694265,-37.1234509467566],[-72.54600640244782,-37.12337389961994],[-72.54653315793315,-37.1234258418739],[-72.54769875679264,-37.123756606217405],[-72.54968901146613,-37.12436060215627],[-72.55050395422498,-37.12460704335227],[-72.55033123719421,-37.12480183613924],[-72.54977959724211,-37.12566486472169],[-72.54969387873548,-37.125640346654215],[-72.5489676711577,-37.125844958390196],[-72.54883254552861,-37.125849008424396],[-72.54772878360048,-37.12539450879681],[-72.54655099268005,-37.12715663228049],[-72.54613677399054,-37.12782365808201],[-72.54592059291714,-37.12767881174182],[-72.54574079849974,-37.12753251444103],[-72.54537997965292,-37.12721357770078],[-72.5451230893741,-37.12700364017883],[-72.54501340027328,-37.12694757130171],[-72.54472730349526,-37.12681764524186],[-72.54444212897955,-37.126707475635655],[-72.54434827582534,-37.12663774147769],[-72.54416610389059,-37.126616815766404],[-72.54412897684585,-37.12670365966183],[-72.544183859267,-37.12682072455412],[-72.54423174724268,-37.12696437755186],[-72.54429485517831,-37.12708119563452],[-72.54434335879043,-37.127238019725276],[-72.54442506823837,-37.12740044445046],[-72.54453629523357,-37.127489442139954],[-72.5446155451294,-37.12759918225502],[-72.54462776832581,-37.127684549123146],[-72.54460555392305,-37.127737973110975],[-72.54463422650448,-37.127822847275425],[-72.54470340669278,-37.12789331986755],[-72.5448469193045,-37.1279681607597],[-72.54489296410159,-37.128072301072],[-72.54493016843954,-37.12816351344822],[-72.54501487727514,-37.12821373602285],[-72.54522295783416,-37.128260264095964],[-72.54557693367664,-37.12825625979562],[-72.54574965480644,-37.12825108721784],[-72.54593177793929,-37.128153089367565]]]}},{"type":"Feature","properties":{"zona_code":"AV","zona":"AV Área verde","comuna":"Yumbel"},"geometry":{"type":"Polygon","coordinates":[[[-72.5656351160948,-37.07779227456957],[-72.56570998124269,-37.07840820453512],[-72.5656407583464,-37.078482525772706],[-72.56548769190968,-37.07864288723303],[-72.56535118811833,-37.07879597797834],[-72.56533442851031,-37.078979324038215],[-72.56525795412337,-37.07915092285645],[-72.56508673822154,-37.079284742611115],[-72.56494179172797,-37.079438087484675],[-72.56488936878384,-37.0795818750206],[-72.56467594997777,-37.079716963904566],[-72.56446253042164,-37.079852052373916],[-72.56446138069786,-37.080007841060684],[-72.56439112589277,-37.08013184995857],[-72.56417738795895,-37.080260175894104],[-72.564014923966,-37.0804005021294],[-72.56382186716435,-37.080609467893716],[-72.56381944943706,-37.080738206902296],[-72.56376016798417,-37.0809160599924],[-72.56366427307746,-37.081034067492894],[-72.56347458410363,-37.08113458130253],[-72.56333490218769,-37.08122004618523],[-72.56338154021189,-37.081313449745195],[-72.5634469609263,-37.08144692039762],[-72.56338641040736,-37.08159772360538],[-72.56338399181793,-37.08172646255779],[-72.56346312407014,-37.08179180179842],[-72.56349573473418,-37.08194657478831],[-72.56342706061645,-37.08210439452857],[-72.56341314921305,-37.08234860127068],[-72.56329161332337,-37.082460608291974],[-72.56328761032886,-37.082555535647714],[-72.56334427420367,-37.08268249715752],[-72.56332719289713,-37.08285908069255],[-72.56318445524357,-37.083059760268945],[-72.56324555721902,-37.0832813955272],[-72.5634407564905,-37.083478680029785],[-72.56373917505908,-37.08360810809572],[-72.5637347084053,-37.08361881814293],[-72.56362584949237,-37.08400131983792],[-72.56344379390107,-37.08480588257016],[-72.56323664155211,-37.084730547710926],[-72.56325449651891,-37.08455424510417],[-72.56329226360396,-37.0844583023169],[-72.5633142985538,-37.08420707826146],[-72.56342485987891,-37.08404122663931],[-72.56355452054747,-37.083922203039855],[-72.56358448009047,-37.083840039504366],[-72.56357128506751,-37.08373885754205],[-72.56330297193128,-37.08360471912366],[-72.56307337622991,-37.083394925033005],[-72.56298548614646,-37.08332307809531],[-72.56296912289785,-37.083154272031905],[-72.56293873114174,-37.083046836235496],[-72.56300962437543,-37.08293635323539],[-72.56309086020508,-37.08286619009594],[-72.56313052604557,-37.08281082170916],[-72.56311606539539,-37.082682590110835],[-72.56304252097686,-37.082556136684396],[-72.56304652540102,-37.08246120937109],[-72.56316552555664,-37.08229510334679],[-72.56319643456317,-37.08223322663049],[-72.5631991712645,-37.08211124967675],[-72.5632535001074,-37.08200803664604],[-72.56326752811822,-37.08194666811308],[-72.56321181577064,-37.08183999335013],[-72.56312456046479,-37.08178167045796],[-72.56312793036705,-37.08167321920227],[-72.56320631195375,-37.081542194692275],[-72.56321126696778,-37.08146755412383],[-72.56315587158791,-37.08136764219299],[-72.56307515486218,-37.08126849116916],[-72.5630716702053,-37.081194105165615],[-72.56315068561845,-37.08107660639434],[-72.56329226821497,-37.08103171525346],[-72.56345790445728,-37.080959013299996],[-72.56356414127183,-37.080881326733476],[-72.56359378168425,-37.08079240023881],[-72.56361771817615,-37.08058175041338],[-72.56369578105472,-37.08044396353489],[-72.56389664406608,-37.080221219443914],[-72.56401131903174,-37.08014327779257],[-72.56413538564098,-37.08008536998648],[-72.56422442351958,-37.08000142734781],[-72.56422652379753,-37.079865925437986],[-72.5642717764818,-37.07974944253768],[-72.5644108200854,-37.079650451566906],[-72.56451800534381,-37.0795930508108],[-72.56463362999767,-37.07953539617588],[-72.56468110121457,-37.07946624860184],[-72.56471727772856,-37.07933649351661],[-72.5648466123585,-37.07921070702494],[-72.5650178296134,-37.079076887648114],[-72.56508027747559,-37.078966657828026],[-72.5650976712458,-37.07879683573301],[-72.5651750959139,-37.078645523771165],[-72.56529693946396,-37.078540278187276],[-72.56541097682683,-37.078448811109006],[-72.56550401327587,-37.07826994071832],[-72.56555928753842,-37.078187014045554],[-72.56557667993812,-37.078017192715485],[-72.56561348998005,-37.07790096210414],[-72.56560124436886,-37.077820067903936],[-72.5656351160948,-37.07779227456957]]]}},{"type":"Feature","properties":{"zona_code":"AV","zona":"AV Área verde","comuna":"Yumbel"},"geometry":{"type":"Polygon","coordinates":[[[-72.56389762736664,-37.080079941295025],[-72.56389842828563,-37.080078955613914],[-72.56422882411859,-37.07955434899345],[-72.56459234092061,-37.079015201366104],[-72.5647928806319,-37.07878569352184],[-72.5655916120373,-37.077434358927256],[-72.56561608325062,-37.077635692791596],[-72.56555397298436,-37.07771314035941],[-72.56552433511469,-37.07780206748943],[-72.56553067569318,-37.077937314781025],[-72.56548891428976,-37.078128185275126],[-72.56544429923275,-37.078258194504286],[-72.56535716670179,-37.078382710853035],[-72.56527784085333,-37.07849344941448],[-72.5651540944662,-37.07855812141069],[-72.56510567400272,-37.07860698155723],[-72.56504290972798,-37.0787104494551],[-72.5649960739754,-37.078793122041894],[-72.56499397523359,-37.0789286231376],[-72.56496370153639,-37.079004025239776],[-72.56490030322304,-37.079093968230204],[-72.56482687928153,-37.07915035335825],[-72.56472845226989,-37.07921426262125],[-72.56465597827176,-37.07929093439247],[-72.56458508994639,-37.0794014186254],[-72.56451325016569,-37.07949161512421],[-72.5644410934921,-37.079575049619464],[-72.56430827168006,-37.079626449588716],[-72.56423579688544,-37.07970312016798],[-72.56414834388715,-37.07982087531818],[-72.56411965572298,-37.079930088781985],[-72.564072183695,-37.07999923609726],[-72.56397407159375,-37.080069907514904],[-72.56390686789976,-37.08007870189248],[-72.56389762736664,-37.080079941295025]]]}},{"type":"Feature","properties":{"zona_code":"AV","zona":"AV Área verde","comuna":"Yumbel"},"geometry":{"type":"Polygon","coordinates":[[[-72.56316002280894,-37.08470268344672],[-72.56292724149414,-37.08461802627494],[-72.56301539086962,-37.084141579604555],[-72.56305284033104,-37.0840388740193],[-72.56319716436619,-37.083872007176076],[-72.56265166623508,-37.08341438162359],[-72.56253755940853,-37.08326747725224],[-72.56257293851982,-37.08299689136178],[-72.5626323981522,-37.08210121049441],[-72.56274229724374,-37.081380082128476],[-72.5628481035205,-37.08111279523627],[-72.56295180633661,-37.08098100999583],[-72.5631827454665,-37.080858940174075],[-72.56332928238696,-37.08073941019169],[-72.5635097355732,-37.08055618058539],[-72.5635274113249,-37.08063864291098],[-72.56349028106182,-37.080748110734504],[-72.5634287802835,-37.08087862722741],[-72.56328814789366,-37.080943804398],[-72.56313063577721,-37.081009490519854],[-72.56303188836202,-37.081066635365914],[-72.56298441457308,-37.081135783072554],[-72.5629563584168,-37.08125852097855],[-72.56299423852089,-37.0813454163495],[-72.5630474153257,-37.081397992849126],[-72.563085295596,-37.08148488819535],[-72.56308846481967,-37.08155251136853],[-72.56304289249869,-37.08166223263106],[-72.56303108264616,-37.08177093843345],[-72.56305113253272,-37.08183805522163],[-72.56311370043888,-37.0819106639207],[-72.56316656115685,-37.08195647662838],[-72.56310505870972,-37.08208699377429],[-72.56308480787261,-37.08219595320831],[-72.56302172220587,-37.082292657846075],[-72.56295990268312,-37.08241641114078],[-72.562931844746,-37.08253914987584],[-72.56293533037763,-37.082613535888534],[-72.56298038466281,-37.08267312802937],[-72.56300138558532,-37.082760530693896],[-72.56300613870279,-37.08286196632482],[-72.56294863976507,-37.08289755603454],[-72.56288270087224,-37.082933398451],[-72.56286835459765,-37.08298800584008],[-72.56284620262942,-37.08305639078095],[-72.56286530183282,-37.08310321992335],[-72.56288566843403,-37.0831770986818],[-72.56289822823278,-37.0832647558721],[-72.56289422464917,-37.08335968318358],[-72.56289549205655,-37.08338673190085],[-72.56298560147981,-37.08350591621435],[-72.56307380948289,-37.08358452512897],[-72.56328113672183,-37.08367986699587],[-72.5633849588521,-37.083730918773945],[-72.56345596969481,-37.08380327369218],[-72.56341883752889,-37.08391274138061],[-72.5633723142402,-37.08400217595177],[-72.56326670698756,-37.08409338786487],[-72.56322894120196,-37.08418933067787],[-72.56321090930601,-37.08434562738984],[-72.56320785576547,-37.08446084145154],[-72.5631688211015,-37.08452973459368],[-72.56315542780891,-37.084604628812826],[-72.56316002280894,-37.08470268344672]]]}},{"type":"Feature","properties":{"zona_code":"AV","zona":"AV Área verde","comuna":"Yumbel"},"geometry":{"type":"Polygon","coordinates":[[[-72.56766732435392,-37.07393850315978],[-72.56773242130997,-37.074965873034124],[-72.56739337772937,-37.07512506612483],[-72.56729908320442,-37.075276887874004],[-72.56716100128301,-37.075396167674334],[-72.56694664654154,-37.07551097360923],[-72.56680329595115,-37.075698131028176],[-72.56659020854934,-37.07583998591299],[-72.56661152800169,-37.07593415004481],[-72.56666197122998,-37.07610870132837],[-72.5666799254893,-37.07631131886694],[-72.56660155461715,-37.07644234346561],[-72.56651759734581,-37.076634484956124],[-72.56633446011007,-37.07669417376256],[-72.56633490014575,-37.07688377428738],[-72.56649862081566,-37.07677049491934],[-72.5667042236858,-37.07664918194868],[-72.56695951161045,-37.0765060563336],[-72.56712227860638,-37.07637248833813],[-72.56726848356674,-37.07624619180937],[-72.56753538147721,-37.07617043503154],[-72.56788445496784,-37.07604479840713],[-72.56794295944891,-37.07657124512332],[-72.56772416103176,-37.076591378604796],[-72.56751761001735,-37.07669240666294],[-72.56722329569463,-37.07690442742342],[-72.56693583324326,-37.077082381832184],[-72.56677464893058,-37.077249761071165],[-72.56654816642842,-37.077466509615874],[-72.56637663869104,-37.07759356770864],[-72.5662125991301,-37.07770008486816],[-72.56598916216062,-37.07780161870754],[-72.56590059244476,-37.07717449741135],[-72.56585941930918,-37.076837141163615],[-72.56577160800471,-37.076406382225976],[-72.56603565500517,-37.0762697676635],[-72.56608248794296,-37.0761870945369],[-72.56607773172784,-37.076085659716156],[-72.56602170236212,-37.07597222333409],[-72.56596377206694,-37.07581821338799],[-72.56598116382338,-37.075648392808326],[-72.56611144150591,-37.07554289225966],[-72.56635016531652,-37.075407038493],[-72.56639414310536,-37.07526350483471],[-72.56660132756429,-37.07517600348909],[-72.5667975348485,-37.0750346582012],[-72.56688961155311,-37.07483549956177],[-72.56736146591501,-37.07462490603322],[-72.567336656935,-37.074456355002205],[-72.5673465582241,-37.07430707485473],[-72.56766732435392,-37.07393850315978]]]}},{"type":"Feature","properties":{"zona_code":"AV","zona":"AV Área verde","comuna":"Yumbel"},"geometry":{"type":"Polygon","coordinates":[[[-72.56103468925811,-37.08999817027525],[-72.56078021528882,-37.08996919926972],[-72.56089883017532,-37.089842845574374],[-72.5609788066863,-37.089745634656204],[-72.56108157389974,-37.08959356229467],[-72.56114118252286,-37.089422472224626],[-72.56124953848342,-37.08920928503991],[-72.56132888100856,-37.08909854904975],[-72.56151098853343,-37.08883574107708],[-72.5616462498612,-37.08865560447856],[-72.56178868414024,-37.08844816366303],[-72.56186834152616,-37.088344189185236],[-72.56187857000451,-37.088201671239645],[-72.56189280269075,-37.08796422701146],[-72.56189363888352,-37.08780167582049],[-72.56191948220278,-37.087631601181535],[-72.56199565382724,-37.08745324060628],[-72.56204745212142,-37.08729592915863],[-72.56212457368372,-37.08713785522654],[-72.56227671335422,-37.08695721061125],[-72.56231479841887,-37.08686803018057],[-72.56229379632804,-37.0867806265133],[-72.56221466011583,-37.086715288191826],[-72.56210144278806,-37.086644202077444],[-72.56201228077829,-37.086545304701225],[-72.56198969556559,-37.08642408944155],[-72.56201648861692,-37.086274301480756],[-72.56207050472933,-37.08616432635454],[-72.56216640785924,-37.08604631963621],[-72.5622879502456,-37.085934314074535],[-72.56243544837376,-37.08583507063317],[-72.56250634627327,-37.08572458812492],[-72.56253155307927,-37.085540988406834],[-72.56255275547265,-37.08545231592387],[-72.56262924081184,-37.08528071761958],[-72.56278517738325,-37.08518122006075],[-72.56289637449522,-37.08502889384445],[-72.56290628480262,-37.08487961372796],[-72.56290336257894,-37.084817243380805],[-72.56312859405978,-37.084907176952974],[-72.56311710216664,-37.08504934200193],[-72.56305401284459,-37.085146046507454],[-72.56298997365975,-37.08522246333057],[-72.5629103201805,-37.085326437862086],[-72.5628121998729,-37.08539710887329],[-72.56275671718377,-37.08565611001413],[-72.56267432603238,-37.08588206121541],[-72.56259467136287,-37.08598603638425],[-72.56243060909992,-37.08609254914954],[-72.56232753205339,-37.08623785926147],[-72.56222572285625,-37.086410218895075],[-72.56224830847377,-37.08653143322283],[-72.56237745690248,-37.08658172528926],[-72.56248318362728,-37.08667335237719],[-72.56256675709804,-37.08683336417881],[-72.56249027098536,-37.08700496236349],[-72.56242718024647,-37.087101666441924],[-72.56231661194315,-37.08726751771644],[-72.5622954086227,-37.087356191004815],[-72.56219740133746,-37.08760969847458],[-72.56210783380521,-37.08786295316885],[-72.56210014114853,-37.08805956948055],[-72.56208685849289,-37.08831730228542],[-72.56205257580307,-37.088487630526885],[-72.5619579362361,-37.08863268658851],[-72.56171991217087,-37.08896489670912],[-72.56156808560624,-37.089152303250245],[-72.56139378522596,-37.08940133388887],[-72.56129703983953,-37.08968189084518],[-72.56103468925811,-37.08999817027525]]]}},{"type":"Feature","properties":{"zona_code":"AV","zona":"AV Área verde","comuna":"Yumbel"},"geometry":{"type":"Polygon","coordinates":[[[-72.56323821901168,-37.08495094837797],[-72.56341157533889,-37.085020166844856],[-72.56329462399833,-37.085951436925555],[-72.56304150007112,-37.087584308994785],[-72.56266264779218,-37.09014194263778],[-72.56234580793803,-37.09012269165369],[-72.56246657616114,-37.089272571529705],[-72.56180905824351,-37.089221240795794],[-72.56167984091357,-37.090071615294576],[-72.56115762560772,-37.090012166043124],[-72.56122625091504,-37.089975211145614],[-72.56131593581743,-37.08990479521533],[-72.5613774461137,-37.08977427944794],[-72.56143768934938,-37.08961671404583],[-72.56147387492638,-37.08948695958068],[-72.56152757677823,-37.08937022290145],[-72.56159879491426,-37.08926650218186],[-72.5617353238094,-37.089113415110205],[-72.56186995224456,-37.08891975257484],[-72.56199708767018,-37.08874663191478],[-72.56205954633214,-37.08863640334861],[-72.56214352636084,-37.08844426348538],[-72.56219437451314,-37.08826666525565],[-72.5622554501471,-37.08794654807963],[-72.56229278744847,-37.087661004915155],[-72.56235734815765,-37.08741527451216],[-72.56244290960437,-37.08725694767504],[-72.56259409696052,-37.087056014953234],[-72.56266246018018,-37.08689143317081],[-72.562631115819,-37.086763709636045],[-72.56259133120926,-37.08663623969591],[-72.56245996458773,-37.08653861238994],[-72.56237956018654,-37.086446223651414],[-72.56235760855554,-37.08633853325451],[-72.5624366297428,-37.08622103436141],[-72.5625575378537,-37.0860955037059],[-72.56268688698191,-37.08596971842212],[-72.56279154686682,-37.08585821950865],[-72.56286169305662,-37.08555137386137],[-72.56290695060876,-37.08543488995737],[-72.56308135384005,-37.08536869635613],[-72.56311036256778,-37.0852662453097],[-72.56323348640606,-37.08518805023012],[-72.56323821901168,-37.08495094837797]]]}},{"type":"Feature","properties":{"zona_code":"AV","zona":"AV Área verde","comuna":"Yumbel"},"geometry":{"type":"Polygon","coordinates":[[[-72.56104339157105,-37.09013202414342],[-72.5613312203889,-37.0901633616428],[-72.56122465145009,-37.090234284504774],[-72.56116762168034,-37.09028001691386],[-72.561175644528,-37.09036103898606],[-72.56125072235373,-37.09042988670938],[-72.56130533121899,-37.09051289290886],[-72.56132680757288,-37.09061044050971],[-72.56134875977938,-37.09071813014126],[-72.56137303163482,-37.09078511952724],[-72.56135636397678,-37.09088042773975],[-72.56136581207942,-37.09099188035922],[-72.56137304301494,-37.091055995743275],[-72.5613832833368,-37.09118435413542],[-72.56140866510479,-37.091275011254865],[-72.56146533372004,-37.09140197366084],[-72.56118180790044,-37.09138252263204],[-72.5611480594648,-37.091193119549054],[-72.56112388929081,-37.091038092637426],[-72.56110225487453,-37.090937164941494],[-72.56110673511758,-37.090852380784334],[-72.5611255646233,-37.09071299051369],[-72.56111849212056,-37.09065225609033],[-72.5610946962409,-37.090595410495716],[-72.56105855448713,-37.09054570793046],[-72.56097767215215,-37.090443175271396],[-72.56094137237349,-37.0903900908035],[-72.56092554288534,-37.0903228478992],[-72.56095582344742,-37.090247446320504],[-72.56104339157105,-37.09013202414342]]]}},{"type":"Feature","properties":{"zona_code":"AV","zona":"AV Área verde","comuna":"Yumbel"},"geometry":{"type":"Polygon","coordinates":[[[-72.56062113792895,-37.09015974557656],[-72.56066105776566,-37.090090396692474],[-72.56092801932347,-37.09011946272637],[-72.5609052773453,-37.09016093137262],[-72.56085684750735,-37.090209791154464],[-72.56081981213498,-37.090231220234465],[-72.56078198468649,-37.09023574352546],[-72.56070506207834,-37.09021774045877],[-72.56062113792895,-37.09015974557656]]]}},{"type":"Feature","properties":{"zona_code":"AV","zona":"AV Área verde","comuna":"Yumbel"},"geometry":{"type":"Polygon","coordinates":[[[-72.56052057356038,-37.09033778418721],[-72.56052816736054,-37.090321251079565],[-72.56057359481473,-37.09024233575111],[-72.56066649872379,-37.09029677638512],[-72.56071530235997,-37.090346098903545],[-72.56074817252994,-37.09041621501439],[-72.56075476902787,-37.09046680651607],[-72.56082309181122,-37.090481682025576],[-72.56088550710025,-37.090550911037624],[-72.56094465352318,-37.09064055352358],[-72.5609788482484,-37.09082913854569],[-72.56100386550685,-37.09109249058338],[-72.56103247437203,-37.09137227788685],[-72.56081591240181,-37.091357420376795],[-72.56078882475298,-37.0911937629127],[-72.56076966781073,-37.09105551410177],[-72.56075853445012,-37.09099828828996],[-72.56076006239137,-37.09094068049684],[-72.5607643847959,-37.09085251629676],[-72.56076417043143,-37.09075771598089],[-72.56075583162442,-37.090669931959326],[-72.56071077361976,-37.090610338914395],[-72.56061068899382,-37.09054901491599],[-72.5605432615786,-37.09046300671234],[-72.5605388259326,-37.090368333997795],[-72.56052057356038,-37.09033778418721]]]}},{"type":"Feature","properties":{"zona_code":"AV","zona":"AV Área verde","comuna":"Yumbel"},"geometry":{"type":"Polygon","coordinates":[[[-72.56131061039129,-37.09158067126253],[-72.56159122688204,-37.09160811710499],[-72.5616179258624,-37.09168180546286],[-72.5616104925528,-37.0917937650873],[-72.56162089153479,-37.09192550443247],[-72.56160111316977,-37.092044608057265],[-72.56157368487955,-37.092180870931195],[-72.5614326128562,-37.0923273232427],[-72.56122521790881,-37.09241143607258],[-72.5611656067504,-37.092582526028565],[-72.5611236705974,-37.09277001479263],[-72.56107418705388,-37.092886625308644],[-72.56112225689492,-37.09301046036794],[-72.56118705085927,-37.09313040569196],[-72.56121090516842,-37.09327867063082],[-72.56118505986207,-37.09344874578798],[-72.56114344069628,-37.09364299647991],[-72.56110909641625,-37.093721905727755],[-72.5608998937734,-37.093744948455004],[-72.56089697116263,-37.09368257364112],[-72.5609206553859,-37.093556580653214],[-72.56094154488349,-37.093461146754805],[-72.56094301659405,-37.09331212056107],[-72.560964222406,-37.09322344768969],[-72.56091557502809,-37.093177507093046],[-72.56088064385457,-37.09306343473652],[-72.56085199198166,-37.09299319099583],[-72.56084692323373,-37.092884993532195],[-72.56085282993533,-37.09283063999701],[-72.56089983670753,-37.09275134974714],[-72.56092478716553,-37.092652407211304],[-72.56096735761658,-37.09247844333191],[-72.56099246720267,-37.09238288176411],[-72.56102823692822,-37.092334403091314],[-72.56108041399058,-37.092275272755096],[-72.56130796074748,-37.092170238809445],[-72.56136546766561,-37.09213465022762],[-72.56131061039129,-37.09158067126253]]]}},{"type":"Feature","properties":{"zona_code":"AV","zona":"AV Área verde","comuna":"Yumbel"},"geometry":{"type":"Polygon","coordinates":[[[-72.56075380492348,-37.0937610383651],[-72.56053825606529,-37.09378477894375],[-72.56053033619267,-37.0936157194566],[-72.56056715831465,-37.09349948934926],[-72.56062819748351,-37.09335883036299],[-72.56062080888537,-37.093291334001734],[-72.56053221735412,-37.093114541752456],[-72.56049538536209,-37.092959894901],[-72.56052919849041,-37.09277942269352],[-72.56057910259047,-37.09258153695092],[-72.56061935362413,-37.092448275223],[-72.56066303299475,-37.092297980080794],[-72.560740795773,-37.09215343223808],[-72.56081734669347,-37.09207325315461],[-72.56102474110831,-37.091989141017464],[-72.5610070095896,-37.09188132371618],[-72.56100083103586,-37.0917494566976],[-72.5609834170842,-37.09164840225575],[-72.56088955379202,-37.09153948772847],[-72.561183745072,-37.09156826289925],[-72.56125734561624,-37.091721428465156],[-72.56126631899849,-37.09182273726604],[-72.5612634220088,-37.09194133294484],[-72.56123815472557,-37.092033513624216],[-72.56118365815537,-37.092133345168214],[-72.56108067391234,-37.09219061625613],[-72.56098987636335,-37.09223736414332],[-72.56089301396244,-37.09233508273045],[-72.56084210448499,-37.09242126168072],[-72.56083013186391,-37.092526586864224],[-72.56081013663264,-37.092550889980586],[-72.56079737078764,-37.09263930846139],[-72.56072446417562,-37.09279725444261],[-72.56073080044958,-37.09293250150888],[-72.5607514845553,-37.09301314250468],[-72.56074573594923,-37.09307087699946],[-72.56083759825306,-37.093227254741755],[-72.5608308534647,-37.09344415835634],[-72.56076327388344,-37.093625646176754],[-72.56075380492348,-37.0937610383651]]]}},{"type":"Feature","properties":{"zona_code":"AV","zona":"AV Área verde","comuna":"Yumbel"},"geometry":{"type":"Polygon","coordinates":[[[-72.55985430878772,-37.09702486594909],[-72.55964082619643,-37.09700470999896],[-72.55962719971313,-37.09700319926768],[-72.55971511053677,-37.096785775450805],[-72.55974940211934,-37.09661544750348],[-72.55982685296686,-37.09646413769664],[-72.55990335352335,-37.09629254019429],[-72.5599942027767,-37.096066336715175],[-72.56002226829477,-37.09594359831252],[-72.56011882034312,-37.09583911786159],[-72.5602144209449,-37.09571434966531],[-72.56030157986012,-37.095589835680734],[-72.56035465347601,-37.09545957324239],[-72.56035897690168,-37.09537140914458],[-72.56028911244488,-37.09514326411288],[-72.56022146593891,-37.09496245627565],[-72.56021576439035,-37.094840733147585],[-72.56024319520084,-37.09470447074315],[-72.5603466026421,-37.094565924182405],[-72.56049126790978,-37.09440582103128],[-72.56060470080274,-37.09430083234629],[-72.56073438192436,-37.094181810964784],[-72.560644262136,-37.094062625659355],[-72.56055477641137,-37.09395696599319],[-72.56054313568185,-37.09391636055771],[-72.560767251671,-37.09389946430815],[-72.5608971968297,-37.094048249997044],[-72.56090194924234,-37.094149685506835],[-72.5608160607951,-37.09430124965358],[-72.56069545465866,-37.09443354158331],[-72.56052609760604,-37.09460793091685],[-72.5603938802584,-37.094672852833725],[-72.56033331732499,-37.094823655492405],[-72.56033901793809,-37.094945378598744],[-72.56043072326165,-37.09509837569465],[-72.56046080007059,-37.095199050068075],[-72.56060790924626,-37.09545195940712],[-72.56052550397665,-37.0956779100537],[-72.5604598700098,-37.09572051437003],[-72.56033957716492,-37.09585956954171],[-72.56020556873771,-37.09606675531193],[-72.5601859448887,-37.096189239473446],[-72.56005478662752,-37.09645728613557],[-72.55996488700288,-37.09670377726646],[-72.55985430878772,-37.09702486594909]]]}},{"type":"Feature","properties":{"zona_code":"AV","zona":"AV Área verde","comuna":"Yumbel"},"geometry":{"type":"Polygon","coordinates":[[[-72.56092904593815,-37.09388726456798],[-72.56117093815571,-37.09386902830309],[-72.5612330411117,-37.09393149439202],[-72.56129282321321,-37.09403466064368],[-72.56130554268923,-37.09412569977091],[-72.56130137872513,-37.094217244931265],[-72.56130254499844,-37.09433233288117],[-72.56126070968796,-37.09443178237346],[-72.56114822889003,-37.09455705937023],[-72.56098852539365,-37.0946668262177],[-72.56085493951818,-37.094792737413094],[-72.56078993812652,-37.0948488667036],[-72.56079390058592,-37.09493339648194],[-72.5608938899467,-37.09508275794372],[-72.5608553800209,-37.09525321307821],[-72.56084905448638,-37.09538884116586],[-72.56084072620122,-37.09557193319682],[-72.56074016989746,-37.09577134217235],[-72.56061038342474,-37.095978400832],[-72.56045934264812,-37.096453589576036],[-72.56037197946935,-37.09675417933728],[-72.56032940472252,-37.096928142752795],[-72.56022567859026,-37.097059927219476],[-72.56002711707194,-37.09704118130587],[-72.56006598612053,-37.09687680803222],[-72.56010903478324,-37.09671298761014],[-72.56017645977859,-37.0965281194138],[-72.56026794231359,-37.096315440508945],[-72.56036881694725,-37.09612279485798],[-72.56046283361681,-37.09596421403596],[-72.56051749116936,-37.095867764861126],[-72.56057900711902,-37.095737248927826],[-72.56062744085075,-37.09568838943461],[-72.56068642107225,-37.09550377514303],[-72.56070667772167,-37.095394815647005],[-72.56069653851935,-37.09517841894154],[-72.5606961094117,-37.09498881841632],[-72.56069663046374,-37.09481950552111],[-72.56075814516139,-37.094688989432036],[-72.56086250189581,-37.09457073002318],[-72.56097910179109,-37.09453336402224],[-72.5610106508827,-37.094485012111626],[-72.56112851951094,-37.09447469647854],[-72.56115373037379,-37.09429109655533],[-72.5611480272908,-37.09416937430814],[-72.56109199019888,-37.0940559365255],[-72.5609509031976,-37.09393151290871],[-72.56092904593815,-37.09388726456798]]]}},{"type":"Feature","properties":{"zona_code":"AV","zona":"AV Área verde","comuna":"Yumbel"},"geometry":{"type":"Polygon","coordinates":[[[-72.55908205638251,-37.09804806774885],[-72.55890696637867,-37.09803239250265],[-72.55889427346335,-37.098030918938],[-72.55897122684473,-37.09777990119952],[-72.5590210333942,-37.09767005381482],[-72.55908176184128,-37.09752263308215],[-72.55912645124738,-37.097484044746864],[-72.5593039974966,-37.09739405997147],[-72.55945590021646,-37.09729807383954],[-72.55952776055442,-37.09720787870752],[-72.55954603155986,-37.09716433299249],[-72.55976163444397,-37.0971865487698],[-72.55968230837429,-37.09734882989618],[-72.55962669753886,-37.097424992738276],[-72.5594618150487,-37.097514597130456],[-72.5593253708551,-37.09757964517764],[-72.559213777952,-37.097633788435424],[-72.5591709880627,-37.09771295115122],[-72.55908205638251,-37.09804806774885]]]}},{"type":"Feature","properties":{"zona_code":"AV","zona":"AV Área verde","comuna":"Yumbel"},"geometry":{"type":"Polygon","coordinates":[[[-72.55996357614343,-37.09720735638687],[-72.56013619815623,-37.09722514302597],[-72.56006486899057,-37.097416900700665],[-72.55998330009224,-37.09748029995852],[-72.55989423834274,-37.097564240123305],[-72.5597800075658,-37.09765232210527],[-72.55966028953004,-37.097713481980726],[-72.55959982395514,-37.097776246677874],[-72.55952653776676,-37.09783601037963],[-72.55948744693491,-37.0980843602049],[-72.55929369827362,-37.098067015274815],[-72.55933213211156,-37.09790449341923],[-72.55935165383539,-37.097870046816126],[-72.5593661629948,-37.09781882201475],[-72.55940019270102,-37.09773314967283],[-72.55945532848658,-37.09764684403308],[-72.55952677013428,-37.097637925237606],[-72.55959741889599,-37.09761209971604],[-72.55962912837158,-37.09756712924119],[-72.55966943862349,-37.09752528639795],[-72.55974773809768,-37.09748230169519],[-72.55980804403725,-37.097416155916584],[-72.55991989777077,-37.097277355687346],[-72.55996357614343,-37.09720735638687]]]}},{"type":"Feature","properties":{"zona_code":"AV","zona":"AV Área verde","comuna":"Yumbel"},"geometry":{"type":"Polygon","coordinates":[[[-72.55861282725895,-37.10101575387677],[-72.55838358139655,-37.10099510313915],[-72.55851539556117,-37.100773238144264],[-72.55867252666502,-37.10051795611958],[-72.5588480160201,-37.10011313959851],[-72.55889697728381,-37.099894967430664],[-72.55893095405072,-37.09971787703979],[-72.55888430820043,-37.099624471712026],[-72.55876315637146,-37.09938432437021],[-72.55869023372755,-37.09927139293889],[-72.55861256087368,-37.09905702602078],[-72.55860654356545,-37.098928540094626],[-72.55871586788626,-37.09873564203716],[-72.55877147951902,-37.09865947968245],[-72.55877517170589,-37.09855779006896],[-72.55886201801661,-37.09842651452095],[-72.55885006751164,-37.09817131164998],[-72.55908713247369,-37.09819819020809],[-72.55910209207923,-37.09831772120911],[-72.55909840035898,-37.098419410852756],[-72.55906843271339,-37.098501574557666],[-72.55901967992966,-37.09854367045794],[-72.55897060972288,-37.09857900528064],[-72.558973143859,-37.09863310353693],[-72.55899287867005,-37.09869345805914],[-72.55899572901006,-37.09875431914795],[-72.55894951004882,-37.098850515965836],[-72.55889980614917,-37.09887232415958],[-72.55886952075495,-37.098947725838805],[-72.5588723721184,-37.09900858694814],[-72.55887712173289,-37.099110023276076],[-72.55890593297063,-37.099183648435066],[-72.5589610203827,-37.09927679956047],[-72.55905367961897,-37.09945008447613],[-72.55913567833319,-37.09957628629135],[-72.5591416965272,-37.099704772211986],[-72.55911806274938,-37.099922182842874],[-72.5590440916056,-37.100147878716015],[-72.55899196288924,-37.10029842791525],[-72.55889857198044,-37.10047053196881],[-72.55885984397177,-37.100546186885126],[-72.55881457334813,-37.10066266939361],[-72.55875273488715,-37.10078642215092],[-72.55862683966959,-37.10098659033187],[-72.55861282725895,-37.10101575387677]]]}},{"type":"Feature","properties":{"zona_code":"AV","zona":"AV Área verde","comuna":"Yumbel"},"geometry":{"type":"Polygon","coordinates":[[[-72.55926359931293,-37.0982181976966],[-72.55943969970414,-37.09823816313119],[-72.55941733355594,-37.09848262347452],[-72.55941897218507,-37.09860785418955],[-72.55931492469212,-37.09873287572924],[-72.559279999559,-37.09888967958358],[-72.55918534294764,-37.09903473438703],[-72.55929536140843,-37.099217655434046],[-72.55940569775781,-37.099407338348264],[-72.5594824221797,-37.09960141808514],[-72.55949129171917,-37.099790764191184],[-72.55945251676071,-37.10004587674525],[-72.55938213381754,-37.10025792050867],[-72.55928969474819,-37.10045031254597],[-72.55919287499721,-37.10063945015097],[-72.55913357139806,-37.10081730137062],[-72.55897955428917,-37.101048788804945],[-72.55878612368137,-37.10103136477348],[-72.55885066971149,-37.10089183003746],[-72.55892443495755,-37.100842208926146],[-72.55902436873967,-37.10062927725285],[-72.55916608679851,-37.10022547602675],[-72.55928184308637,-37.0998089105798],[-72.55930336814981,-37.0997270010391],[-72.55922917724203,-37.09958702032999],[-72.55918316465278,-37.09950713989533],[-72.55915023658498,-37.09934560415618],[-72.55904976904358,-37.09918609739628],[-72.55896523675942,-37.09900579638051],[-72.55901863153758,-37.09888229761126],[-72.55910706229301,-37.09878483342349],[-72.55912763743576,-37.0986826362754],[-72.55920382469965,-37.09850427746465],[-72.5592112067376,-37.09830089813834],[-72.55926359931293,-37.0982181976966]]]}},{"type":"Feature","properties":{"zona_code":"AV","zona":"AV Área verde","comuna":"Yumbel"},"geometry":{"type":"Polygon","coordinates":[[[-72.56095618990676,-37.102020042880646],[-72.56098337607257,-37.10195354928011],[-72.56121749964575,-37.10194312279152],[-72.56147217511683,-37.10192022792213],[-72.56171406732877,-37.10189517696253],[-72.56198933372517,-37.101860656439314],[-72.5622701236161,-37.10178618498984],[-72.56238903644646,-37.101804643561564],[-72.56237256214617,-37.1018669788942],[-72.56229975638814,-37.101854705622706],[-72.56219744449477,-37.10188148460748],[-72.56205729925824,-37.101912787885055],[-72.56197187245351,-37.10193905878752],[-72.56191074271486,-37.10194259016609],[-72.56179748186632,-37.101961233683745],[-72.5616187108182,-37.101980154065735],[-72.56155773926186,-37.10198706622579],[-72.56138944214685,-37.10200397850376],[-72.5612168442783,-37.102019326766126],[-72.56108996755026,-37.102018062995796],[-72.56095618990676,-37.102020042880646]]]}},{"type":"Feature","properties":{"zona_code":"AV","zona":"AV Área verde","comuna":"Yumbel"},"geometry":{"type":"Polygon","coordinates":[[[-72.56236694338716,-37.10188824257016],[-72.56235070846931,-37.10194967260693],[-72.56206878309959,-37.10202248519481],[-72.56173179268912,-37.10204785763741],[-72.56142326999574,-37.102094382169746],[-72.56117468874662,-37.10211201494691],[-72.56091890412824,-37.102111241468506],[-72.56094446775522,-37.102048716727694],[-72.56107247741764,-37.10205075557438],[-72.56127509947032,-37.1020446625141],[-72.56147262975091,-37.1020200996132],[-72.56169978683165,-37.10199633791049],[-72.56187605125525,-37.10196902790291],[-72.5619453851712,-37.101960170689445],[-72.5620502836004,-37.10194347192514],[-72.56211906308145,-37.10192278031582],[-72.56219863300036,-37.101906843686706],[-72.56228851978597,-37.10188551734086],[-72.56236694338716,-37.10188824257016]]]}},{"type":"Feature","properties":{"zona_code":"AV","zona":"AV Área verde","comuna":"Yumbel"},"geometry":{"type":"Polygon","coordinates":[[[-72.55836907657542,-37.10398968725657],[-72.55816671079319,-37.103956352928286],[-72.55815315190631,-37.10395560762231],[-72.55821884291693,-37.10380580430334],[-72.55836352901512,-37.10364570292769],[-72.55844974896173,-37.103500901438586],[-72.55855907865494,-37.103308003866914],[-72.55860962640475,-37.10312364352009],[-72.5586536309665,-37.10298011161293],[-72.55869636955956,-37.10280952923994],[-72.55882543423232,-37.10267698502986],[-72.55896916707884,-37.102496596050166],[-72.55903723092152,-37.102325252764935],[-72.55903026207258,-37.10217648015396],[-72.55897517154742,-37.10208332900015],[-72.55875618825097,-37.1019206120331],[-72.55857414241578,-37.10182450382079],[-72.55844148576516,-37.101699823691405],[-72.55835072573022,-37.10156711265808],[-72.55831030522143,-37.10142611759733],[-72.55832338990275,-37.10134446154536],[-72.55829109428086,-37.101196449486984],[-72.55831133624581,-37.10113499356262],[-72.55850274478163,-37.10115029223203],[-72.5585150342567,-37.101284528143566],[-72.55851070906878,-37.10137269292835],[-72.558514509739,-37.101453840730215],[-72.55857023272468,-37.10156051685398],[-72.55864157411065,-37.10163963599498],[-72.55865413421598,-37.10172729338947],[-72.55889401058172,-37.10179457635871],[-72.55905917155252,-37.10189119154543],[-72.55925251189134,-37.10204790682565],[-72.5592641218387,-37.102115276540914],[-72.5592263441537,-37.102211219177086],[-72.55923331341546,-37.102359990889084],[-72.55922498063077,-37.10254308336597],[-72.55913527940271,-37.102613497891745],[-72.55899998996415,-37.10279363381991],[-72.55887567609209,-37.103027613619936],[-72.55880634419266,-37.10317190719615],[-72.55875357911951,-37.10330893134828],[-72.55875242248139,-37.10346472004541],[-72.55858462622408,-37.10367291882956],[-72.55849059749659,-37.10383149843401],[-72.55838654198152,-37.10395651966823],[-72.55836907657542,-37.10398968725657]]]}},{"type":"Feature","properties":{"zona_code":"AV","zona":"AV Área verde","comuna":"Yumbel"},"geometry":{"type":"Polygon","coordinates":[[[-72.55869657747398,-37.101165782921015],[-72.55888004080629,-37.101180445980454],[-72.55883883266515,-37.101293420870626],[-72.55888094220087,-37.101380190034966],[-72.55896104308755,-37.101465817668036],[-72.55910900098286,-37.10155617735292],[-72.55925743465875,-37.10165668158406],[-72.55943795256078,-37.10181039552422],[-72.55957562387513,-37.10195185368841],[-72.55960195733645,-37.102062798734714],[-72.55958454983357,-37.10223261891898],[-72.559823581481,-37.10219157516937],[-72.56011342581589,-37.10215238817752],[-72.56024787435771,-37.10213480250933],[-72.56046890961011,-37.10207059642261],[-72.56063053036124,-37.1020014035197],[-72.56078935562537,-37.101962769427416],[-72.56076104282153,-37.10203680989758],[-72.5606758589484,-37.10204405865442],[-72.5605781771376,-37.10210201672788],[-72.56040455228388,-37.102163105750876],[-72.5602692607188,-37.102207804057706],[-72.56009397202978,-37.10223338971648],[-72.55995279468107,-37.10224271231712],[-72.55979739881535,-37.10226431285484],[-72.55964970594478,-37.102292454128936],[-72.55950862265716,-37.10232632239435],[-72.5593901752864,-37.10236966689402],[-72.55939277366879,-37.10233488260767],[-72.55940332298462,-37.10219912817875],[-72.55938073533996,-37.102077912626065],[-72.55934347952207,-37.102004540843566],[-72.55924649242259,-37.1019194209203],[-72.5591323040976,-37.101828046458934],[-72.55905220265257,-37.1017424189257],[-72.55894645686475,-37.10165079011187],[-72.55881475065543,-37.1015463980227],[-72.55874245839583,-37.10144699134377],[-72.55868546941987,-37.10131326574844],[-72.55867976818271,-37.10119154269052],[-72.55869657747398,-37.101165782921015]]]}},{"type":"Feature","properties":{"zona_code":"AV","zona":"AV Área verde","comuna":"Yumbel"},"geometry":{"type":"Polygon","coordinates":[[[-72.56074938144296,-37.10206730450408],[-72.5607140408955,-37.1021597254398],[-72.56055774713325,-37.10218474028217],[-72.56042700895966,-37.10225892974375],[-72.5602580654662,-37.10230717994537],[-72.56008472779908,-37.10232932080061],[-72.55996547526136,-37.10233290535214],[-72.5598819200922,-37.10235403945568],[-72.55957972799278,-37.10240036866258],[-72.55959292289327,-37.102501550773916],[-72.55951298638794,-37.10269018099057],[-72.55936424164588,-37.1028537906637],[-72.559247841925,-37.102985955559475],[-72.55918025219147,-37.10316744273792],[-72.55911624969669,-37.10333527753674],[-72.55905821162463,-37.103540179046846],[-72.55897494687305,-37.10365780392012],[-72.5588776486661,-37.103836797229334],[-72.55870563069581,-37.10404512368917],[-72.5585291949368,-37.104016061435956],[-72.55853691719359,-37.10396300542466],[-72.5585471264593,-37.10391021603701],[-72.55858055304991,-37.10385672979801],[-72.55863018082485,-37.103833229581184],[-72.55867854163802,-37.10378267978298],[-72.55870555789697,-37.10372769342161],[-72.5588208784699,-37.10361757011711],[-72.55886501677924,-37.103567146840156],[-72.55888783600734,-37.103422558421165],[-72.55892588017633,-37.10337739787502],[-72.55899130827804,-37.10323999372301],[-72.55900109353729,-37.103133042281534],[-72.55904404398349,-37.10305725985024],[-72.55904475341447,-37.10293703779937],[-72.5590750671165,-37.1029073457245],[-72.55923679315899,-37.10275011754954],[-72.5592559204344,-37.10270721861117],[-72.55931005773547,-37.102644643792466],[-72.55936427341659,-37.10258376031659],[-72.55939751381054,-37.102481183268104],[-72.55938933193892,-37.10239678023753],[-72.55954955589205,-37.102342867906316],[-72.55966120957451,-37.102312424655125],[-72.55981714719205,-37.10227980292729],[-72.55994757234845,-37.102266571382216],[-72.56009824600625,-37.102256962160425],[-72.56020236806899,-37.10224621412647],[-72.5602734966134,-37.102230531284974],[-72.56031605223903,-37.10221401685709],[-72.56044501115824,-37.10216950716134],[-72.56054993560778,-37.10213080018987],[-72.5606623911222,-37.10207239733999],[-72.56074938144296,-37.10206730450408]]]}},{"type":"Feature","properties":{"zona_code":"AV","zona":"AV Área verde","comuna":"Yumbel"},"geometry":{"type":"Polygon","coordinates":[[[-72.55344156859589,-37.1156705372183],[-72.55320514683514,-37.11567152318276],[-72.55318956656305,-37.115627350864855],[-72.55313135751702,-37.11555799380058],[-72.55292828236989,-37.11537447301811],[-72.55280811701229,-37.11524602609729],[-72.55275724520972,-37.11515274573124],[-72.55270151939682,-37.11504606698348],[-72.55269413349994,-37.11497856956078],[-72.55270691059926,-37.11489015176334],[-72.55272121756613,-37.114744126605146],[-72.55280540348204,-37.11455537322392],[-72.55285940113949,-37.11435398152274],[-72.55293234265699,-37.114196038549935],[-72.55309004139815,-37.11404232500304],[-72.55310651501192,-37.11385221723772],[-72.55312018957196,-37.113692667240294],[-72.55319344778053,-37.113541486010995],[-72.55324844174739,-37.11345180221151],[-72.55338661064432,-37.11333253347104],[-72.55352493693572,-37.11321664641049],[-72.55354071637329,-37.113192470358904],[-72.55326233469998,-37.11311617565706],[-72.55300960141852,-37.11304588205388],[-72.55284896014709,-37.112955895269785],[-72.55272367725829,-37.112898706845634],[-72.55266858534735,-37.112805552863804],[-72.55264273043913,-37.11270475041977],[-72.55262595346679,-37.112617219089955],[-72.55263482299888,-37.11253568954283],[-72.55265245357583,-37.11246067007048],[-72.5526986874025,-37.112364475551765],[-72.55269990489685,-37.112300106324724],[-72.5526244944649,-37.112224491801925],[-72.55254565273891,-37.11216591024344],[-72.55248823811647,-37.11211345688178],[-72.55248491744103,-37.11204245210878],[-72.55250139187764,-37.11185234350773],[-72.55251870566391,-37.11177056120508],[-72.55256604719116,-37.111698036202384],[-72.55264215054625,-37.11160771801919],[-72.55270622141963,-37.111531304632194],[-72.55286707794222,-37.111445215862986],[-72.55305015119059,-37.111382161619375],[-72.55321712712582,-37.11133652024396],[-72.55338067281846,-37.111307910790565],[-72.55355281933906,-37.11128242921006],[-72.55363957979385,-37.111239194615926],[-72.55367942511667,-37.11118720955497],[-72.55374798324614,-37.11102601222878],[-72.55374323726879,-37.11092457603185],[-72.55363843312543,-37.11085322993472],[-72.55348106884759,-37.110742830106204],[-72.55336682356618,-37.11056003021507],[-72.5532860854158,-37.11046087489171],[-72.55327400420636,-37.11038336009601],[-72.55328192445853,-37.11028154375628],[-72.55328562207957,-37.11017985381134],[-72.55330857998834,-37.110128375415215],[-72.55328462466251,-37.11006814740626],[-72.55319296117226,-37.11000656460166],[-72.55316900597238,-37.1099463365729],[-72.55311249270144,-37.10982275142748],[-72.5531046331884,-37.1097451102014],[-72.5531714994662,-37.10963813954129],[-72.55327182371995,-37.10952339289121],[-72.55334090502103,-37.109463758375504],[-72.55348909203433,-37.10937804872301],[-72.55375015807451,-37.10926525035654],[-72.55421835336695,-37.109061585048416],[-72.55453303367918,-37.10892008785566],[-72.55470623211217,-37.10882685407516],[-72.55488644834362,-37.10870293564484],[-72.55502006844557,-37.10857702996626],[-72.55517696001634,-37.1084064081045],[-72.55531147715159,-37.10820936983356],[-72.55541712543766,-37.10811816323533],[-72.55555137648284,-37.108005782547224],[-72.55562288296994,-37.10781740776396],[-72.55565956044093,-37.10769779804739],[-72.55557032648137,-37.10764291625807],[-72.55544051159539,-37.10757909456511],[-72.55533507847267,-37.10749422529616],[-72.55527967095789,-37.10739431055477],[-72.55526426469365,-37.10724579103634],[-72.55528263126395,-37.10709625687717],[-72.55539482306278,-37.106964222941244],[-72.5555557747477,-37.10679009294275],[-72.55585149887928,-37.10660514337445],[-72.55603249992505,-37.10649812955914],[-72.5561575642568,-37.10646051518955],[-72.55635049052769,-37.10642763363421],[-72.55656779523551,-37.10637370398834],[-72.55663249176149,-37.106310813810886],[-72.55668779429787,-37.10622788995022],[-72.55673929688659,-37.10606381739419],[-72.55673201550839,-37.105908282034775],[-72.55669222703789,-37.1057808112684],[-72.55668927244876,-37.10553711130537],[-72.55665877300078,-37.10524683524796],[-72.55667587101605,-37.10507025208334],[-72.55670616021325,-37.104994851179555],[-72.55680241066185,-37.1048836103837],[-72.55693496519568,-37.10482545345518],[-72.55714445567922,-37.104785302260034],[-72.5576644340453,-37.10469518984175],[-72.55785640469433,-37.104642019810896],[-72.55796236206778,-37.10455757345379],[-72.5580154456383,-37.1044273125909],[-72.55808319747241,-37.10424920721682],[-72.5580935281058,-37.10408552832334],[-72.5582197585781,-37.10409612210555],[-72.55831732315896,-37.10411846439012],[-72.55827010064807,-37.10422327635292],[-72.55826092457144,-37.104568919197725],[-72.55814509922284,-37.10462318850276],[-72.55808230661583,-37.104726653975305],[-72.55804948550639,-37.1047479552776],[-72.55801386792506,-37.10479981458907],[-72.55790099658422,-37.10482690748114],[-72.55760380498882,-37.10489001124915],[-72.55720028620875,-37.10493937812868],[-72.55705395747913,-37.10497424731729],[-72.55695533374924,-37.10503477110957],[-72.55687939930634,-37.10512847261772],[-72.55688319816458,-37.10520962126955],[-72.55689406908569,-37.10535150443337],[-72.556901350807,-37.10550703980617],[-72.55690114038018,-37.10568311501717],[-72.55693559845561,-37.10578704547834],[-72.55694145596304,-37.105912149431546],[-72.55693264390544,-37.106085097668874],[-72.55692055967032,-37.10627846005687],[-72.55687449215009,-37.1063780366791],[-72.55681618205472,-37.10639671772574],[-72.5567865254518,-37.106485643398045],[-72.55675855760502,-37.10652034251556],[-72.55660410015676,-37.10656222697436],[-72.55626310249986,-37.1065927837025],[-72.55609661379268,-37.106648572757656],[-72.55580447842136,-37.10681987076292],[-72.55569228753987,-37.10695190512327],[-72.55550083553406,-37.107106635909666],[-72.55549603232404,-37.107184656581744],[-72.55549750813815,-37.10730650694227],[-72.55554104158408,-37.107423708622015],[-72.55558969537753,-37.107469650660214],[-72.55579159338583,-37.107538079857775],[-72.55586214727708,-37.10760029408924],[-72.55589581373498,-37.10768731817031],[-72.55587148477493,-37.10779978559719],[-72.55581528260507,-37.107953840329735],[-72.55576530817791,-37.10806030576748],[-72.55561606942123,-37.10821376882209],[-72.55555137150041,-37.10827665836016],[-72.55543638129083,-37.108439251180144],[-72.55540012722435,-37.10847758478159],[-72.55532904261317,-37.10858468334324],[-72.55510302135465,-37.1087235212692],[-72.55508460350562,-37.108781635540524],[-72.55497742154824,-37.10893044919663],[-72.55489799968855,-37.10894976337538],[-72.55472026394358,-37.10903636198623],[-72.55440590035339,-37.10918462251379],[-72.5538675155481,-37.10942425394161],[-72.55344137605314,-37.10962326985381],[-72.55335524989768,-37.109680029139604],[-72.55323693141459,-37.10977161474699],[-72.55323244235194,-37.109856398048564],[-72.55326484162916,-37.109916373248424],[-72.55332193843616,-37.10996206336728],[-72.55340357605846,-37.10999008743358],[-72.55348832804023,-37.10999431555049],[-72.55356136383983,-37.110019211384675],[-72.55357545344826,-37.1100492626234],[-72.55353328371135,-37.11014194837264],[-72.55351707868813,-37.110247399462565],[-72.5534927463251,-37.11035986622281],[-72.55353812844797,-37.110426224040395],[-72.5536467283908,-37.110578718802934],[-72.5537664124438,-37.11069702092356],[-72.55382773276018,-37.1107425844115],[-72.5538990782546,-37.1108217064539],[-72.55395401143065,-37.110911478010905],[-72.55395891669372,-37.11101629519243],[-72.55392144419557,-37.11111899844574],[-72.55387537061269,-37.11121857450294],[-72.55381726374031,-37.11133205458723],[-72.55373097684765,-37.11138543308911],[-72.55339296135145,-37.111480226242165],[-72.55328524938689,-37.11152747546828],[-72.55305541969959,-37.11158516129876],[-72.55292659841481,-37.111633044009245],[-72.55281154869981,-37.11170421413014],[-72.55272061410123,-37.11183899505184],[-72.5527230342638,-37.11198113280204],[-72.55275812359987,-37.11209858817924],[-72.55281443142093,-37.112127372858204],[-72.55289422137919,-37.11220624182055],[-72.55295337697044,-37.11229588743646],[-72.55294857161691,-37.11237390876038],[-72.55286856185101,-37.11247111543369],[-72.55283156164957,-37.11258396203902],[-72.5528441183345,-37.112671620672344],[-72.55286933996442,-37.112758898301536],[-72.55293082026832,-37.11280784326188],[-72.55304312149838,-37.1128586487487],[-72.5532224989389,-37.11289728423606],[-72.5533086780679,-37.11293194399516],[-72.55357175333044,-37.1130425575033],[-72.55367012417364,-37.11306669305714],[-72.55374627730399,-37.11306779388792],[-72.55377366503866,-37.11311098877407],[-72.55371455854409,-37.11311276324473],[-72.55367782658242,-37.11314095238034],[-72.55368178201928,-37.1132254828313],[-72.55366103779443,-37.11332429836321],[-72.55359306142932,-37.11340760059094],[-72.55349173466716,-37.11341064181877],[-72.55343874717185,-37.11345286309041],[-72.5533929870843,-37.11355920076649],[-72.5533450627533,-37.113709621008475],[-72.55332827296168,-37.11389296689456],[-72.5533025650336,-37.11406642179988],[-72.5532064572627,-37.11418104179408],[-72.5530458513667,-37.11445335198087],[-72.55297718126046,-37.11470258648452],[-72.55290324051026,-37.11474882310207],[-72.55284370544881,-37.11483187200958],[-72.5527793172421,-37.1149015225443],[-72.5527842207997,-37.11500634056154],[-72.55284274472191,-37.115082461491504],[-72.55304033117466,-37.11523905836482],[-72.55321554235063,-37.115369239223334],[-72.55330847709234,-37.11545787080008],[-72.55336014121188,-37.115568057590956],[-72.55344156859589,-37.1156705372183]]]}},{"type":"Feature","properties":{"zona_code":"AV","zona":"AV Área verde","comuna":"Yumbel"},"geometry":{"type":"Polygon","coordinates":[[[-72.55846401750888,-37.10415205737344],[-72.55866417106435,-37.10419789126811],[-72.55866614532525,-37.10419825366921],[-72.5586644912566,-37.10434009139467],[-72.55861299303153,-37.10450416500041],[-72.55859568675622,-37.10458594765813],[-72.55857072959677,-37.10468489019473],[-72.55840868172365,-37.104835355288174],[-72.55828008663649,-37.104978043532824],[-72.55811566216546,-37.10507779003469],[-72.55787319071366,-37.10513586499448],[-72.55745030415402,-37.10522305986763],[-72.55724909696437,-37.10525957745609],[-72.55722524617744,-37.10538218821513],[-72.55723395413938,-37.105568154127425],[-72.5572739003135,-37.10569900658496],[-72.5573048241741,-37.10590800643547],[-72.55729664615862,-37.10609447950394],[-72.55723295497612,-37.10626907674268],[-72.55719865556385,-37.106439404317854],[-72.55712214083702,-37.10661100018632],[-72.55696726214983,-37.10673416033796],[-72.55672979809874,-37.10680901281688],[-72.55654499763115,-37.1068348781462],[-72.55630721694915,-37.10690296692643],[-72.55613761319104,-37.10698255110428],[-72.5559744475445,-37.10710934388455],[-72.5558652118627,-37.107214203235934],[-72.55584193962544,-37.10725891939799],[-72.5559500124629,-37.10730985024152],[-72.55607138359152,-37.10737392440654],[-72.55616009005483,-37.10746268102457],[-72.5562258405274,-37.1076029166458],[-72.55626858427196,-37.107703211466905],[-72.55622267292385,-37.10780616871319],[-72.55616225003814,-37.10796035196711],[-72.55608150991823,-37.1081320735109],[-72.55603902843842,-37.10821799840609],[-72.55598293269185,-37.108284016130526],[-72.5557992875895,-37.108424968558325],[-72.55570102643897,-37.10858367284735],[-72.55558666894585,-37.10875979056728],[-72.55540988427258,-37.10886667697062],[-72.55532270328037,-37.10899118810912],[-72.55523346550052,-37.10907174481104],[-72.55510654829453,-37.10916020351114],[-72.55478500750995,-37.109335768454265],[-72.55436198473791,-37.10951099184475],[-72.55403933344199,-37.10966288607277],[-72.55388175405155,-37.1097285625915],[-72.55379689322436,-37.10981237263222],[-72.55384354053479,-37.10990577896324],[-72.55388908059919,-37.10997551761222],[-72.55387947013782,-37.11013155952319],[-72.55385735298394,-37.11029136351287],[-72.55386442285163,-37.1103520980892],[-72.55392795763613,-37.110444998652426],[-72.55398115062921,-37.11049757686439],[-72.5541042660792,-37.11059884649129],[-72.55424115384082,-37.110723404304544],[-72.55431049428431,-37.11084998972289],[-72.55433117869346,-37.110930631617485],[-72.55431513243674,-37.111039463797326],[-72.55425596924647,-37.111220695315225],[-72.55418741197943,-37.111381892963294],[-72.55411991278662,-37.11147533940347],[-72.55401879652602,-37.11157318097063],[-72.55385012925862,-37.1116730498539],[-72.55362874377376,-37.11173048304198],[-72.55340514251021,-37.11174057865918],[-72.55322301903621,-37.111823921051894],[-72.55307028843782,-37.1119029946247],[-72.55306453290305,-37.11196072833958],[-72.55320015739495,-37.11205823786081],[-72.55330485399396,-37.112217622213656],[-72.55328052052361,-37.11233008886208],[-72.55321338400687,-37.112521716305324],[-72.55322203517763,-37.11261626414597],[-72.55335576240421,-37.112673198328515],[-72.55372375297203,-37.112767119173],[-72.55391173285241,-37.112808881741195],[-72.55405691062673,-37.112929804245354],[-72.55412857518976,-37.11301568814647],[-72.55414398200891,-37.11316420768944],[-72.55410434376624,-37.11331099353782],[-72.55406249061447,-37.113410442250746],[-72.55397825937285,-37.113507777012664],[-72.55381803320286,-37.1136073928323],[-72.55369722700894,-37.11373629838592],[-72.5536489863183,-37.113879955924624],[-72.55364238265007,-37.11410024147886],[-72.55353645713099,-37.11427610379276],[-72.55341723229371,-37.11443882136304],[-72.55337009770906,-37.11460614728864],[-72.5532612140007,-37.11480918611677],[-72.55326205433074,-37.11491751150737],[-72.55329556381568,-37.11500115530499],[-72.55337973789818,-37.11508327770153],[-72.5535349465956,-37.11523775959573],[-72.55365886029107,-37.115355935603375],[-72.55376218851757,-37.115576307071194],[-72.55377879917214,-37.11566913025305],[-72.55358104532968,-37.11566995546926],[-72.55357377644201,-37.11561582170325],[-72.55353588677906,-37.11552892343298],[-72.55333481815039,-37.11529794070053],[-72.55319934574102,-37.11520381302467],[-72.5531263655654,-37.11499946027645],[-72.55307137980681,-37.11481826862651],[-72.55309101712288,-37.11469578468897],[-72.55315366644737,-37.11458894068339],[-72.55317124718677,-37.11442250147565],[-72.55323547679882,-37.11434946883663],[-72.55335037134009,-37.114274916581635],[-72.5534208308739,-37.11415429301461],[-72.55340838205548,-37.11397859751491],[-72.55340284511347,-37.11386025472217],[-72.55346454389759,-37.11373312380132],[-72.55364488260578,-37.11352116821516],[-72.55381466053517,-37.11344496834364],[-72.55390063182251,-37.113384827016276],[-72.55400412450989,-37.11333770286485],[-72.55400861313761,-37.11325291955567],[-72.5539947886603,-37.11313821236301],[-72.55392687105719,-37.1130420581465],[-72.55372839060274,-37.11295659408976],[-72.55346768763977,-37.1128966981031],[-72.55321901864208,-37.112822897583854],[-72.55314503107905,-37.11277771385741],[-72.55304539590392,-37.11272652837054],[-72.55297483988957,-37.11266431242131],[-72.55297526580514,-37.11258303654591],[-72.55305965503796,-37.11248908345151],[-72.553107313324,-37.11242332107915],[-72.55307111628534,-37.11228219632741],[-72.55298378220478,-37.11213244908352],[-72.5528397146867,-37.112035193024035],[-72.55282684241416,-37.111940772468145],[-72.55287228539409,-37.11182767303694],[-72.55299857619251,-37.111725690438824],[-72.55328060231521,-37.11160887778798],[-72.55342662643922,-37.111567250032586],[-72.55360895867939,-37.11157870891666],[-72.55375155257305,-37.1115541138259],[-72.55383783855487,-37.111500734393005],[-72.55392755548209,-37.11143032273106],[-72.55400302433317,-37.11132647974042],[-72.55409618049163,-37.11096815842039],[-72.55408831879248,-37.11089051720941],[-72.55405043167954,-37.11080362002842],[-72.5539443610483,-37.1107052246497],[-72.55379654804818,-37.110618240031705],[-72.5537245691476,-37.11052559315028],[-72.55365570578303,-37.110409151254615],[-72.55363486434342,-37.11032512830693],[-72.5536395108802,-37.11024372594072],[-72.55366147060424,-37.1100805410468],[-72.5536583067072,-37.11001291630733],[-72.55358068296812,-37.10988996528243],[-72.55354342941942,-37.10981659272815],[-72.55357277447223,-37.109720905253965],[-72.55365262243171,-37.109620316065914],[-72.5538103596174,-37.109558021710704],[-72.55411644085446,-37.109413397635514],[-72.55452943839568,-37.10920461567917],[-72.5548889741945,-37.1090279113554],[-72.55507578649907,-37.10895458429927],[-72.55518360113956,-37.10881929531596],[-72.55531315640373,-37.10869689672795],[-72.55537489920734,-37.10866118427827],[-72.55543052195466,-37.10858502309132],[-72.55547178943522,-37.10856346783177],[-72.55552551216988,-37.10844673316556],[-72.5555840890705,-37.108343394927445],[-72.55566693951224,-37.10830704799531],[-72.55571285194226,-37.10820409101053],[-72.55581211380728,-37.10815709323557],[-72.55591433213786,-37.1080829184383],[-72.55599206564108,-37.10784695413273],[-72.55602230408951,-37.107680133625905],[-72.55596030026692,-37.10752962757436],[-72.55587159509614,-37.107440870836406],[-72.55573412849441,-37.10739420913539],[-72.55566827233379,-37.107342011255966],[-72.55562911799795,-37.10722806406736],[-72.55564188985822,-37.10713964657807],[-72.55575877745885,-37.10701762777485],[-72.55594225999018,-37.10687329427415],[-72.55609608427203,-37.1068178859218],[-72.55635449960282,-37.106739021136555],[-72.55639011930121,-37.1066871615127],[-72.55647280954526,-37.10664743296618],[-72.55658304492044,-37.10665428047425],[-72.55673407240735,-37.106629428336646],[-72.55694446444186,-37.10651814448142],[-72.55695612631948,-37.10640605819706],[-72.55702609928885,-37.10627528990517],[-72.55705438295877,-37.1062473526404],[-72.5570785515057,-37.10613150480063],[-72.55708398617331,-37.10606700786398],[-72.5570876792846,-37.10596531846706],[-72.55704113514163,-37.10578387524197],[-72.55700651999953,-37.105676564767386],[-72.55699950118932,-37.10543637229794],[-72.55701427674796,-37.105300490852485],[-72.55698657256552,-37.10525053384953],[-72.5570260962533,-37.10519178549273],[-72.5570471504522,-37.10509973185937],[-72.55718065554302,-37.105061862291365],[-72.55747768894737,-37.10499537863748],[-72.55767092707741,-37.104969257596345],[-72.55790574707525,-37.104928343770005],[-72.55802299781584,-37.104904505241954],[-72.55812257116534,-37.104864268150294],[-72.55820647091437,-37.10476016784711],[-72.55826055822212,-37.10474161356375],[-72.55831258725992,-37.104679103057535],[-72.55836852012804,-37.10460970306043],[-72.55842096851075,-37.10446591719136],[-72.5584395915463,-37.10423172690204],[-72.55846401750888,-37.10415205737344]]]}},{"type":"Feature","properties":{"zona_code":"AV","zona":"AV Área verde","comuna":"Yumbel"},"geometry":{"type":"Polygon","coordinates":[[[-72.55452271678986,-37.12007633814661],[-72.55435508852298,-37.12020403711367],[-72.55432667134939,-37.12023165540769],[-72.55425491622375,-37.12005129066113],[-72.55420446252568,-37.1198767358243],[-72.55409331417754,-37.119670143092016],[-72.55394775551713,-37.119451039589336],[-72.55380599534212,-37.119313084458526],[-72.55368302354564,-37.119215195994094],[-72.55357314369392,-37.11903565235503],[-72.5535145650076,-37.11886811294008],[-72.55356513179653,-37.11868375408649],[-72.55359880939797,-37.11849990173629],[-72.55351553074813,-37.11834664733683],[-72.55343974695953,-37.11817285248291],[-72.5533964750438,-37.117970993244896],[-72.55342012696777,-37.11775358321306],[-72.55340588725082,-37.11744927482566],[-72.55339765913368,-37.117273452060886],[-72.55331438213211,-37.117120196653765],[-72.55322139561787,-37.116940146283746],[-72.55308555520547,-37.11674783684355],[-72.55305326051321,-37.11659982374652],[-72.55310287849176,-37.11639517744604],[-72.55313845546763,-37.11625190036816],[-72.55313181075566,-37.11610988994419],[-72.55315925959631,-37.11597362756807],[-72.55317577181081,-37.11584748421848],[-72.55343758745802,-37.11585173051465],[-72.55337321372795,-37.11602815493766],[-72.55338175639366,-37.11621073962166],[-72.55333150681754,-37.11640186132484],[-72.55332031410643,-37.116524091572785],[-72.55327850783759,-37.116714959512706],[-72.55342311038517,-37.11691377698351],[-72.55355145643671,-37.11712662647034],[-72.55364412822671,-37.117299914699366],[-72.55365014133098,-37.11742840035703],[-72.55362870578439,-37.117693147581676],[-72.55362172690391,-37.1180861275992],[-72.5537015247671,-37.11816499622522],[-72.55374912817841,-37.118278689385775],[-72.55379831257338,-37.118426194840126],[-72.5537933494746,-37.1185008351861],[-72.5537584060893,-37.118657638089545],[-72.55368968456536,-37.1188154540751],[-72.55372916005435,-37.11893616379423],[-72.55380146324434,-37.11903557187581],[-72.55389878503937,-37.11912745770746],[-72.55404086079112,-37.11927217553696],[-72.55412910544234,-37.119350789284596],[-72.55425619197739,-37.11953658775247],[-72.554410513762,-37.119762199986276],[-72.55452271678986,-37.12007633814661]]]}},{"type":"Feature","properties":{"zona_code":"AV","zona":"AV Área verde","comuna":"Yumbel"},"geometry":{"type":"Polygon","coordinates":[[[-72.55352338145437,-37.115853121612794],[-72.55378802703117,-37.11585741294615],[-72.55371133839266,-37.116025625731346],[-72.55369734751928,-37.1161784138321],[-72.55371681776818,-37.116323425070405],[-72.55359341830696,-37.11657768875775],[-72.55380266944873,-37.116893074264645],[-72.55389191014079,-37.11708339535052],[-72.55391544489352,-37.11722489917283],[-72.55395776731214,-37.11740647066816],[-72.55394620195675,-37.117701395633034],[-72.55394730221553,-37.117995940394486],[-72.55406029617339,-37.11815168871849],[-72.55414341789731,-37.11830156091454],[-72.55416104113088,-37.11849741748036],[-72.55412609852964,-37.11865421961927],[-72.55407817297481,-37.118804639999716],[-72.55428986272696,-37.118991285446185],[-72.55441990573115,-37.119149907805706],[-72.55454905094639,-37.119379661225814],[-72.55481859262419,-37.11926660441797],[-72.5551238642725,-37.119284527459875],[-72.55504027396137,-37.119485961931986],[-72.55492373694639,-37.11970616074527],[-72.5548105767462,-37.119817909333264],[-72.55463270927919,-37.11999254638056],[-72.55459092203904,-37.120024380385274],[-72.55453601933682,-37.11991418586193],[-72.55452425050281,-37.1198434348953],[-72.55444065173866,-37.11968341822225],[-72.55441072736984,-37.11958612437718],[-72.55435652746651,-37.11942183984746],[-72.55423946701718,-37.11926960003929],[-72.55419080576124,-37.11922365816342],[-72.55415808419303,-37.11915692027385],[-72.55402666818988,-37.11905928592486],[-72.55395014158506,-37.11896000437327],[-72.5539022217812,-37.11883954846653],[-72.5538998481763,-37.11878883040806],[-72.55392560640499,-37.11870679423778],[-72.55395088982225,-37.118614615167346],[-72.55395506118138,-37.11852306908302],[-72.55393215868298,-37.11839509002821],[-72.55385452553475,-37.11827213989287],[-72.55380190960372,-37.118141667487016],[-72.5537468117767,-37.11804851387333],[-72.5537340944856,-37.11795747525938],[-72.55372681612941,-37.11780194011097],[-72.55371874626599,-37.1176294983295],[-72.55371526440207,-37.117555111697314],[-72.55371642983634,-37.11739932369814],[-72.55371727957449,-37.11723677198053],[-72.5537273645639,-37.11709087314453],[-72.55362144384964,-37.11699586002718],[-72.55356792887866,-37.116936518690125],[-72.55353658364184,-37.11680879330368],[-72.55349964170742,-37.116742182582776],[-72.55344486310537,-37.116655791719225],[-72.55339008349924,-37.11656940081048],[-72.5534122520316,-37.1165010167804],[-72.55343378691606,-37.116419107068644],[-72.55345563964926,-37.116343961111866],[-72.55345247486456,-37.116276336405946],[-72.55344741251686,-37.11616813834408],[-72.55344298271518,-37.11607346413231],[-72.55345607378783,-37.11599180813513],[-72.55352338145437,-37.115853121612794]]]}},{"type":"Feature","properties":{"zona_code":"AV","zona":"AV Área verde","comuna":"Yumbel"},"geometry":{"type":"Polygon","coordinates":[[[-72.5565889008,-37.12248309057488],[-72.55658868057424,-37.12248342939047],[-72.5564533954392,-37.12270534548609],[-72.5561686521137,-37.122543448947155],[-72.55592586047992,-37.12241530279685],[-72.55569415223974,-37.12225296348472],[-72.55558489639081,-37.12208694710958],[-72.55557856193983,-37.12195169955405],[-72.55558457916592,-37.12180930887064],[-72.55567768386122,-37.121630443561365],[-72.55574846201426,-37.12151658164691],[-72.55585301795843,-37.12140170598943],[-72.55569219800218,-37.121308342363086],[-72.55532194711245,-37.1211670935857],[-72.55513062052071,-37.12105432958501],[-72.55498806346385,-37.12089946999462],[-72.55488150218034,-37.120790933043054],[-72.55457797012352,-37.12053932806243],[-72.55449029740542,-37.12041638561083],[-72.55466223697537,-37.12028170372234],[-72.55478027434465,-37.120435061851396],[-72.55493106474063,-37.1204948672123],[-72.55499429398859,-37.12058100372315],[-72.55509051036319,-37.12064922011698],[-72.5551833486331,-37.12082588830859],[-72.55533213354713,-37.12093315673599],[-72.55560901664083,-37.12106705227927],[-72.55589307794338,-37.12117364380937],[-72.55606656532775,-37.121266626793805],[-72.55611274899236,-37.121349887776866],[-72.55612029621149,-37.12142076600783],[-72.55611691917696,-37.12152921794018],[-72.55596475472655,-37.1215304023466],[-72.55590411039603,-37.12158978412405],[-72.55590775233156,-37.12166755168512],[-72.55584821684084,-37.12175060288461],[-72.55580799951683,-37.12197528318089],[-72.55589989097832,-37.12213166331476],[-72.55604039304774,-37.122242565794664],[-72.55632166229466,-37.12237971342244],[-72.5565889008,-37.12248309057488]]]}},{"type":"Feature","properties":{"zona_code":"AV","zona":"AV Área verde","comuna":"Yumbel"},"geometry":{"type":"Polygon","coordinates":[[[-72.5561493408386,-37.121284205158915],[-72.55614304389344,-37.12127448741395],[-72.55604930579729,-37.12116895201654],[-72.55578477299805,-37.12102791521142],[-72.55565055446162,-37.12096084035796],[-72.55554747461933,-37.12092669055394],[-72.55548144828592,-37.12087111218196],[-72.5552233031645,-37.120685864199515],[-72.55520013306267,-37.12064254217875],[-72.55507151057965,-37.12051435283342],[-72.55492272686845,-37.12040708321399],[-72.55479331349396,-37.12026198696842],[-72.55475380350887,-37.12020997894192],[-72.55486298398114,-37.120124456122475],[-72.5562484907618,-37.121204626677155],[-72.5561493408386,-37.121284205158915]]]}},{"type":"Feature","properties":{"zona_code":"AV","zona":"AV Área verde","comuna":"Yumbel"},"geometry":{"type":"Polygon","coordinates":[[[-72.55809487647957,-37.08887624366208],[-72.55812832827237,-37.08881590510356],[-72.55820175209061,-37.088951285386074],[-72.55826226461107,-37.08897994127052],[-72.55829761229721,-37.089012738832],[-72.55839674338156,-37.08905377791229],[-72.5584499231355,-37.08910635561589],[-72.558540929966,-37.08915441071939],[-72.5586821086729,-37.08919080122947],[-72.5588516201155,-37.08929067198691],[-72.55897834476971,-37.08946970627744],[-72.55904466279974,-37.08953204669514],[-72.55913836180648,-37.08963758153939],[-72.5591756097846,-37.08971095325354],[-72.55919238740947,-37.089798483983934],[-72.55939983171726,-37.08980579380487],[-72.55960632615088,-37.08979281651751],[-72.55972244469832,-37.08974530857186],[-72.55989949833838,-37.08964518013006],[-72.56006051518835,-37.08965388508844],[-72.56019483883836,-37.08972433791594],[-72.5603234130443,-37.089852525976866],[-72.56047104704729,-37.08994842672911],[-72.56042547980766,-37.090042927280905],[-72.5603259470791,-37.08990662427788],[-72.56019816355551,-37.08979534287162],[-72.56011870881002,-37.08972324026713],[-72.55994502959618,-37.08971491726116],[-72.55983703679287,-37.08975540832098],[-72.5596882601937,-37.08982759935949],[-72.55960041782447,-37.089847169068484],[-72.55936923360522,-37.089874432100245],[-72.55919961641871,-37.089862600342755],[-72.55912564897908,-37.089817419116734],[-72.55909383423608,-37.0896795510397],[-72.55901939269368,-37.089624226843966],[-72.55899512325246,-37.089557237052055],[-72.55891646044671,-37.0895020394408],[-72.55885294000495,-37.08940914085868],[-72.55878161030729,-37.08933002122543],[-72.55865884308189,-37.089235517404184],[-72.55856503967527,-37.089218019595805],[-72.55848326604563,-37.08918661700952],[-72.55839225921663,-37.08913856186189],[-72.55832657549497,-37.08908974591236],[-72.55826558862206,-37.08905094714595],[-72.55816192006968,-37.089003271731855],[-72.55809487647957,-37.08887624366208]]]}},{"type":"Feature","properties":{"zona_code":"AV","zona":"AV Área verde","comuna":"Yumbel"},"geometry":{"type":"Polygon","coordinates":[[[-72.55800691402719,-37.089034906100515],[-72.55804001968426,-37.08897519218304],[-72.55814429938232,-37.08907829264133],[-72.5582396843612,-37.089129602301774],[-72.55835290256506,-37.0892006921063],[-72.55846954866156,-37.08925474846188],[-72.55860244609777,-37.08929477336172],[-72.55870706390604,-37.08936273513553],[-72.558765573348,-37.089438853794114],[-72.55887225018074,-37.08955077082091],[-72.55896188670651,-37.08965981432948],[-72.55899992618029,-37.089750091868424],[-72.55903516945749,-37.08987092752189],[-72.5591180530734,-37.089925998398094],[-72.55920700358801,-37.08993009677061],[-72.55923327666521,-37.089949623497176],[-72.55936849641907,-37.08994894562295],[-72.5596125012182,-37.089924682631626],[-72.55975864023317,-37.08988643082147],[-72.5598867873046,-37.089825017853855],[-72.55994803889376,-37.08977916029756],[-72.5601054683386,-37.08980151578821],[-72.56016851621281,-37.089884269047275],[-72.56028833360047,-37.09000594772371],[-72.56039188397223,-37.09011260001297],[-72.56036838930747,-37.0901613230757],[-72.56031545462754,-37.090133799333984],[-72.56027103104424,-37.09008773094634],[-72.56022111959764,-37.09001474054194],[-72.56018967466157,-37.08997505396292],[-72.56009333718526,-37.08990345904656],[-72.56001889354587,-37.089848135423516],[-72.55997262555778,-37.08985291186589],[-72.55991934128706,-37.08988837314726],[-72.55986072736536,-37.089900292458566],[-72.55973695864483,-37.089964959670375],[-72.55961113061188,-37.08998567135865],[-72.5594304344392,-37.0900080315088],[-72.55924440985575,-37.09000685033832],[-72.55909135880857,-37.08998774709851],[-72.5590602306915,-37.08995482308221],[-72.55896373511972,-37.08987984629304],[-72.55895244519758,-37.08981923758498],[-72.55893957084517,-37.08972481820291],[-72.55888137835957,-37.089655461583156],[-72.55871197155032,-37.08946755166046],[-72.55861046503271,-37.08937579549426],[-72.55852916549259,-37.089354535844365],[-72.55843003394747,-37.08931349686003],[-72.55835200524734,-37.08927182370054],[-72.55826553600649,-37.089230403774884],[-72.55818655792883,-37.089168443767036],[-72.55809555132136,-37.089120388398875],[-72.55800691402719,-37.089034906100515]]]}},{"type":"Feature","properties":{"zona_code":"AV","zona":"AV Área verde","comuna":"Yumbel"},"geometry":{"type":"Polygon","coordinates":[[[-72.55375011075309,-37.08785113377154],[-72.55378538342964,-37.08777998266755],[-72.55399498695824,-37.087882345019736],[-72.55416570596329,-37.08791785358096],[-72.55438659774539,-37.087941699208756],[-72.55456386045786,-37.087936378906434],[-72.55465935146023,-37.08789965409034],[-72.55476170371395,-37.08782886285401],[-72.55484764633458,-37.08776872227592],[-72.55510821345678,-37.087737199492196],[-72.55525798723151,-37.08777672186707],[-72.55541024290554,-37.08777892321822],[-72.55562770436215,-37.08781979882699],[-72.55576028059396,-37.0878530648154],[-72.55591612483212,-37.08784161418518],[-72.55617933121157,-37.08777615004601],[-72.55633907725247,-37.08775781029387],[-72.55663219204726,-37.0877896402451],[-72.55685872798601,-37.08784378435393],[-72.55715004775017,-37.088017877981414],[-72.55729797575488,-37.08810824174714],[-72.55754693350457,-37.088280220401636],[-72.55764907057822,-37.08838550310194],[-72.55772546139595,-37.08857282263159],[-72.55779863541945,-37.088601097989915],[-72.55798154511217,-37.08867806796352],[-72.55795447860507,-37.08872508306289],[-72.55793921922252,-37.08874995461495],[-72.5577544238927,-37.08864982892945],[-72.55767265122734,-37.08861842581502],[-72.55759314762523,-37.08845490239292],[-72.55749333211946,-37.08830891773454],[-72.55735336991494,-37.088208157160004],[-72.55718871643039,-37.08812168080028],[-72.55694946688524,-37.08797649785578],[-72.55679747621944,-37.087889641216044],[-72.55660486349072,-37.08783786445454],[-72.55635912247828,-37.08782492709585],[-72.55616967322796,-37.08784077361833],[-72.55598539312354,-37.0878767800183],[-72.55587724085798,-37.087913886481225],[-72.5557076277872,-37.08790204807344],[-72.55560881564415,-37.08786776968334],[-72.55533759429883,-37.0878522094071],[-72.55511981708376,-37.087804570427416],[-72.5548876870765,-37.08781153809938],[-72.55475378497711,-37.087930679707355],[-72.55462922372922,-37.08797843486457],[-72.55452059588679,-37.08800539622617],[-72.55426203627019,-37.08798945397077],[-72.55402816673845,-37.087959226523076],[-72.55375011075309,-37.08785113377154]]]}},{"type":"Feature","properties":{"zona_code":"AV","zona":"AV Área verde","comuna":"Yumbel"},"geometry":{"type":"Polygon","coordinates":[[[-72.55789835428527,-37.088816557851004],[-72.55787662318983,-37.088851975318526],[-72.55757082815322,-37.088790782689664],[-72.55746457721435,-37.08859758828578],[-72.55735537191279,-37.08843156999864],[-72.55729000554902,-37.08838951545591],[-72.557209605797,-37.08829712339083],[-72.55711095043203,-37.0882662271831],[-72.5570588794482,-37.08823731754391],[-72.55699193326444,-37.088161450441845],[-72.55692171387706,-37.088105998402874],[-72.55670266963088,-37.08803131268726],[-72.55645439780137,-37.08796427723412],[-72.55641219197048,-37.087965543847396],[-72.55628794868842,-37.08802006364829],[-72.55623086691038,-37.08797437445921],[-72.55613880571929,-37.08799406822289],[-72.55596813605685,-37.08804998164475],[-72.55596328280086,-37.08803658340139],[-72.55588778767044,-37.088049007900736],[-72.5556923766405,-37.08802778675368],[-72.55564078137647,-37.088009020349546],[-72.55551696246386,-37.08798226309306],[-72.5554458455305,-37.08799794173465],[-72.55540363965541,-37.08799920888791],[-72.55534734929736,-37.087970425066665],[-72.55525449821606,-37.087973212384654],[-72.55517742146371,-37.08795182398175],[-72.55507955825018,-37.087937831900014],[-72.55496998193208,-37.087944506038205],[-72.55484309778412,-37.088032964136886],[-72.55470714008507,-37.088108149416875],[-72.55459898577281,-37.08814525555436],[-72.55434089937405,-37.08813945636184],[-72.5541071872397,-37.0881126100224],[-72.55392786947924,-37.08807397247026],[-72.55373742194267,-37.08797810831558],[-72.55369710664488,-37.087958049947616],[-72.55371857321386,-37.08791474858677],[-72.55380352840389,-37.08794565142396],[-72.55397176614807,-37.08801848016803],[-72.55409558448402,-37.08804523902196],[-72.55430349895664,-37.088062701436016],[-72.55448593189205,-37.08807754152604],[-72.55462067314357,-37.08806672691971],[-72.55474961274265,-37.08802222532894],[-72.55482336975065,-37.08797260816627],[-72.55490008014046,-37.087895814799424],[-72.55509765652295,-37.08787295536714],[-72.55523835722505,-37.08789920513092],[-72.55538280441611,-37.08791518527984],[-72.55548488791126,-37.08792905056769],[-72.5555569536003,-37.08793365954534],[-72.5556973386699,-37.087953146832746],[-72.55577847789097,-37.087971026477106],[-72.55591854714794,-37.087983751565915],[-72.55606890534476,-37.08794537769184],[-72.55619003539246,-37.087914653308],[-72.55632883852356,-37.08790032739767],[-72.55651907898597,-37.087901387301606],[-72.55667666241396,-37.087927129073066],[-72.55689132810159,-37.08799855954964],[-72.55690525631309,-37.08802522940027],[-72.5570139330619,-37.08808968499913],[-72.55709243498303,-37.08814150281252],[-72.55720485936993,-37.08819568785608],[-72.55724864678122,-37.08822823159349],[-72.55733200139727,-37.08829344743423],[-72.55745835352836,-37.088374302033806],[-72.55754614038683,-37.08853419135433],[-72.55755162611861,-37.08856111432544],[-72.55761530345654,-37.08865739452798],[-72.55765924933151,-37.08869331999834],[-72.55778338753942,-37.0887268361452],[-72.55789835428527,-37.088816557851004]]]}},{"type":"Feature","properties":{"zona_code":"AV","zona":"AV Área verde","comuna":"Yumbel"},"geometry":{"type":"Polygon","coordinates":[[[-72.55555691122062,-37.11959318956522],[-72.55557738903433,-37.11984990699733],[-72.55550275966867,-37.120062077003894],[-72.5553683827003,-37.12026249634209],[-72.55518956753401,-37.12014597214292],[-72.55503466169739,-37.11999825486205],[-72.55500647801101,-37.119938154448384],[-72.5551358934065,-37.11981237415517],[-72.55535788248926,-37.11967704317685],[-72.55555691122062,-37.11959318956522]]]}},{"type":"Feature","properties":{"zona_code":"AV","zona":"AV Área verde","comuna":"Yumbel"},"geometry":{"type":"Polygon","coordinates":[[[-72.54852346739943,-37.1497604681273],[-72.54825392828293,-37.149650960066204],[-72.54828980880188,-37.14960417460197],[-72.54860896802542,-37.149012224367],[-72.54921822831739,-37.14793077142172],[-72.5495827665012,-37.14812807593342],[-72.55026502133715,-37.14842589465096],[-72.55118825345862,-37.148811286984674],[-72.55201244425952,-37.14915901200919],[-72.55192142784881,-37.14931948860738],[-72.55169522287672,-37.149249793033654],[-72.55061158153916,-37.14878118232051],[-72.54938539804836,-37.148249116643],[-72.5489471232532,-37.149007165824685],[-72.54852346739943,-37.1497604681273]]]}},{"type":"Feature","properties":{"zona_code":"AV","zona":"AV Área verde","comuna":"Yumbel"},"geometry":{"type":"Polygon","coordinates":[[[-72.54868539306185,-37.155016963050564],[-72.54856955448926,-37.155221536632254],[-72.54722697571302,-37.153650068750316],[-72.54609394098672,-37.15239735768935],[-72.54534191974302,-37.15151244963887],[-72.54429817139233,-37.15035862450948],[-72.5436623358757,-37.14960566417059],[-72.54347418592997,-37.149381051829614],[-72.54336270037186,-37.149167688195384],[-72.54328342745612,-37.148919500827894],[-72.543224210578,-37.14873843126202],[-72.54323352521074,-37.14857562727414],[-72.5433726356298,-37.1482938152424],[-72.54352145690405,-37.148038799545866],[-72.54380529282957,-37.1481386537757],[-72.54664313665273,-37.14930646313981],[-72.54836129731184,-37.15004728300247],[-72.55089820889275,-37.151108885516415],[-72.55080048234198,-37.15128149216861],[-72.55025361722672,-37.15107404549995],[-72.54824216980232,-37.150213379511186],[-72.54688735911441,-37.14964451258535],[-72.5453497881146,-37.14896598087003],[-72.5443671273,-37.14857554981591],[-72.54359978209986,-37.14826670017163],[-72.5434919366408,-37.14849340128039],[-72.54344196235101,-37.14869128187746],[-72.54349683914523,-37.148960515278894],[-72.54357263669534,-37.14913431617349],[-72.54367441067306,-37.149320883093004],[-72.5438973017514,-37.149564770170834],[-72.54412990656385,-37.14983545427947],[-72.54492571638751,-37.15075291828665],[-72.54580169082509,-37.151756010474884],[-72.54677662970595,-37.152884796271884],[-72.54764104319221,-37.153820500482944],[-72.54868539306185,-37.155016963050564]]]}},{"type":"Feature","properties":{"zona_code":"AV","zona":"AV Área verde","comuna":"Yumbel"},"geometry":{"type":"Polygon","coordinates":[[[-72.4358533142095,-37.20879417582964],[-72.4360174310469,-37.208772479007834],[-72.43625333724691,-37.20884012118998],[-72.43635864315567,-37.20892171346591],[-72.43648547688868,-37.20891802943848],[-72.43630881847993,-37.20912970870138],[-72.43612725856644,-37.209046944283834],[-72.43593009860948,-37.20890029863625],[-72.4358533142095,-37.20879417582964]]]}},{"type":"Feature","properties":{"zona_code":"AV","zona":"AV Área verde","comuna":"Yumbel"},"geometry":{"type":"Polygon","coordinates":[[[-72.62041629844224,-37.20364834479321],[-72.62038618264954,-37.20381517365917],[-72.62031026319188,-37.20382088257262],[-72.62000580368243,-37.20373878149288],[-72.61971889721183,-37.20366968539839],[-72.62041629844224,-37.20364834479321]]]}},{"type":"Feature","properties":{"zona_code":"ZEE","zona":"ZEE Zona de equipamiento de esparcimiento","comuna":"Yumbel"},"geometry":{"type":"Polygon","coordinates":[[[-72.56773242130997,-37.074965873034124],[-72.56788445496784,-37.07604479840713],[-72.56753538147721,-37.07617043503154],[-72.56726848356674,-37.07624619180937],[-72.56712227860638,-37.07637248833813],[-72.56695951161045,-37.0765060563336],[-72.5667042236858,-37.07664918194868],[-72.56649862081566,-37.07677049491934],[-72.56633490014575,-37.07688377428738],[-72.56633446011007,-37.07669417376256],[-72.56651759734581,-37.076634484956124],[-72.56660155461715,-37.07644234346561],[-72.5666799254893,-37.07631131886694],[-72.56666197122998,-37.07610870132837],[-72.56661152800169,-37.07593415004481],[-72.56659020854934,-37.07583998591299],[-72.56680329595115,-37.075698131028176],[-72.56694664654154,-37.07551097360923],[-72.56716100128301,-37.075396167674334],[-72.56729908320442,-37.075276887874004],[-72.56739337772937,-37.07512506612483],[-72.56773242130997,-37.074965873034124]]]}},{"type":"Feature","properties":{"zona_code":"ZEE","zona":"ZEE Zona de equipamiento de esparcimiento","comuna":"Yumbel"},"geometry":{"type":"Polygon","coordinates":[[[-72.55254806950151,-37.123600852795406],[-72.55338320334421,-37.12229525224317],[-72.55381095561617,-37.121496873652056],[-72.55442248313912,-37.120469504009165],[-72.55449029740542,-37.12041638561083],[-72.55457797012352,-37.12053932806243],[-72.55488150218034,-37.120790933043054],[-72.55498806346385,-37.12089946999462],[-72.55513062052071,-37.12105432958501],[-72.55532194711245,-37.1211670935857],[-72.55569219800218,-37.121308342363086],[-72.55585301795843,-37.12140170598943],[-72.55574846201426,-37.12151658164691],[-72.55567768386122,-37.121630443561365],[-72.55558457916592,-37.12180930887064],[-72.55557856193983,-37.12195169955405],[-72.55558489639081,-37.12208694710958],[-72.55569415223974,-37.12225296348472],[-72.55592586047992,-37.12241530279685],[-72.5561686521137,-37.122543448947155],[-72.5564533954392,-37.12270534548609],[-72.55556258400611,-37.124166548200954],[-72.55551227239188,-37.12414778450665],[-72.5553911904193,-37.124090473569375],[-72.55529528541153,-37.12402902009749],[-72.55523426966613,-37.123990221653095],[-72.55520576756118,-37.123923358432606],[-72.55509017628839,-37.123892969369884],[-72.55465509596198,-37.123902646327636],[-72.55451047266638,-37.1239747069433],[-72.55445156753811,-37.12407128205264],[-72.55439857387522,-37.12411350435897],[-72.55431755355335,-37.12409900701763],[-72.55425965203688,-37.124036412210586],[-72.5541090143468,-37.12397998676934],[-72.55393462313339,-37.12395813370663],[-72.5537688355121,-37.123939408547535],[-72.55359866791387,-37.12391742770918],[-72.55344100817702,-37.12389168645798],[-72.55335888121881,-37.12385351905264],[-72.55330520405526,-37.1237907974392],[-72.55322761516344,-37.1237592663622],[-72.55296967441224,-37.12366881391298],[-72.55278087604988,-37.123610145929824],[-72.5525819417727,-37.1236059575378],[-72.55254806950151,-37.123600852795406]]]}},{"type":"Feature","properties":{"zona_code":"ZEE","zona":"ZEE Zona de equipamiento de esparcimiento","comuna":"Yumbel"},"geometry":{"type":"Polygon","coordinates":[[[-72.55551471065756,-37.124245073328346],[-72.55530125402352,-37.124595198288155],[-72.5551476010416,-37.12448717233996],[-72.55502604397984,-37.12441971723794],[-72.5548605195104,-37.124316336755726],[-72.55469441502714,-37.124290850049306],[-72.55468343622039,-37.124237004809025],[-72.55461740667974,-37.124181425879236],[-72.55462189372662,-37.12409664173945],[-72.55464955254192,-37.124055180657756],[-72.554693150749,-37.12399292442493],[-72.55507692719861,-37.12397124450882],[-72.55514702126783,-37.12402331487597],[-72.55524746538124,-37.12409140393207],[-72.5553790504946,-37.124192416397946],[-72.55550387995474,-37.12423945709495],[-72.55551471065756,-37.124245073328346]]]}},{"type":"Feature","properties":{"zona_code":"ZEE","zona":"ZEE Zona de equipamiento de esparcimiento","comuna":"Yumbel"},"geometry":{"type":"Polygon","coordinates":[[[-72.55487966818637,-37.12528184600943],[-72.5544206151277,-37.12602928949607],[-72.55171129067105,-37.12506094941733],[-72.55173399857361,-37.1248232516788],[-72.55217750433941,-37.12418016011426],[-72.55225606404176,-37.12405734738933],[-72.55241486886045,-37.12410193360933],[-72.5526681135237,-37.12418236987711],[-72.5529653253889,-37.124298731570256],[-72.55312440957856,-37.12435490482933],[-72.55331774914127,-37.124420207871474],[-72.55340130177983,-37.12448880489704],[-72.55345497945719,-37.124551527381485],[-72.55353209233498,-37.12457291450804],[-72.55370358085706,-37.12471336371956],[-72.55373097351854,-37.12475655871242],[-72.5538010673145,-37.124808629862834],[-72.55388224723293,-37.1248265094569],[-72.55396796526323,-37.12485102358739],[-72.55406904192401,-37.12493263837344],[-72.5541347559354,-37.124981454804455],[-72.55421514338884,-37.12498242754124],[-72.55443366271125,-37.12504358666857],[-72.55468205668886,-37.125110620477734],[-72.55475980549647,-37.12514553162029],[-72.55481221815943,-37.12518120404172],[-72.55486262600341,-37.12526433907697],[-72.55487966818637,-37.12528184600943]]]}},{"type":"Feature","properties":{"zona_code":"ZEE","zona":"ZEE Zona de equipamiento de esparcimiento","comuna":"Yumbel"},"geometry":{"type":"Polygon","coordinates":[[[-72.61775528039846,-37.20296752494899],[-72.61710660504548,-37.20277107048137],[-72.61724829014962,-37.202458625238705],[-72.61729731020091,-37.202155784549085],[-72.6172486606938,-37.201757740911255],[-72.61718329364416,-37.201275561725346],[-72.61709030611938,-37.20074682478795],[-72.61701756640512,-37.20046463669684],[-72.61687752498702,-37.20019127750195],[-72.61674300414056,-37.19994483639366],[-72.61650548830096,-37.19949161939596],[-72.61623238745342,-37.19900224577119],[-72.61613668866009,-37.19885957935431],[-72.61587247321818,-37.19855615559262],[-72.61574654479428,-37.198400868050435],[-72.61616365872554,-37.19804068638543],[-72.616255762072,-37.19807380518881],[-72.61647208769212,-37.19817215461149],[-72.61664760324194,-37.198302224538466],[-72.61672332848764,-37.19838117011923],[-72.61678815074248,-37.198497693471644],[-72.61694961586339,-37.1988652016935],[-72.61705632772298,-37.19914973811806],[-72.61711415200604,-37.199296947839834],[-72.61718646004043,-37.199392927355554],[-72.61723957396315,-37.199530123601],[-72.6172606800003,-37.19961751065493],[-72.61729527238677,-37.19972141416019],[-72.6173636781124,-37.19982428492896],[-72.61738707149364,-37.19987097108422],[-72.61742818112599,-37.19993404611225],[-72.61752778657704,-37.200069820240905],[-72.6175766749865,-37.2002071457962],[-72.61764930696194,-37.20030988605869],[-72.61772110625584,-37.20048375574373],[-72.61779061779698,-37.20069832535895],[-72.61783625029365,-37.200856065091486],[-72.6178053211881,-37.20100598842616],[-72.61778822706054,-37.201091157647895],[-72.61778346532412,-37.20125720995842],[-72.61779251273865,-37.20144654146405],[-72.6178389795077,-37.201533153563645],[-72.61787809893153,-37.201731722710626],[-72.61788588012443,-37.201805973303834],[-72.61792095969558,-37.20192001952705],[-72.6179734314234,-37.20204369171562],[-72.61801971116202,-37.20221495519124],[-72.61800458243576,-37.202252662572775],[-72.61797968105935,-37.202351613607405],[-72.61794681400062,-37.202460966444406],[-72.61797914728655,-37.20251753737968],[-72.6179690273438,-37.20266005244748],[-72.61785587796014,-37.202683827830434],[-72.61783164950457,-37.202708270265305],[-72.61776693086898,-37.202771194862166],[-72.61773667292799,-37.20284660863422],[-72.61775029667541,-37.2029545393025],[-72.61775528039846,-37.20296752494899]]]}},{"type":"Feature","properties":{"zona_code":"ZEE","zona":"ZEE Zona de equipamiento de esparcimiento","comuna":"Yumbel"},"geometry":{"type":"Polygon","coordinates":[[[-72.6172998670988,-37.19795724035154],[-72.61741677775034,-37.197835161425694],[-72.6176814502916,-37.19770517713671],[-72.61781346199062,-37.19763342372895],[-72.61796676727394,-37.19756440383408],[-72.61787228225677,-37.19771288550972],[-72.6178314467192,-37.19783263927401],[-72.61782313001994,-37.19792431158039],[-72.61787217849965,-37.19806501796546],[-72.6179303273349,-37.19821898925699],[-72.61808205109234,-37.19855970738544],[-72.61832770322128,-37.199005899758546],[-72.61845100165404,-37.19928315529597],[-72.61859120811434,-37.19955989284203],[-72.61870005162464,-37.19980034611685],[-72.61883926622258,-37.200144831062865],[-72.61895605535425,-37.20046291477211],[-72.61906536238571,-37.20080154309071],[-72.61915097723487,-37.200998689332614],[-72.61917351617858,-37.201204537142786],[-72.61918189742433,-37.201468378230835],[-72.61918265699114,-37.20166134879084],[-72.61917935290404,-37.20185782981828],[-72.61915782382336,-37.202115813613695],[-72.61911955090575,-37.202377695429796],[-72.61904958988511,-37.202596530354754],[-72.61896256093279,-37.202812501317204],[-72.6188742375959,-37.20300142546127],[-72.6187782697199,-37.203207512353046],[-72.61874281579901,-37.20326277016624],[-72.61854497808724,-37.2032063843009],[-72.6185936133668,-37.20315221537687],[-72.61866191095261,-37.20307563702056],[-72.61881751336594,-37.20296591553087],[-72.6188775190275,-37.202892976946885],[-72.61889770715327,-37.20278401230784],[-72.6188748201863,-37.20265943591292],[-72.61891433851719,-37.202600667602844],[-72.6189540422059,-37.202457247785524],[-72.61897215262665,-37.20221629739274],[-72.61896504140608,-37.20206753640986],[-72.61892201608956,-37.20187585892496],[-72.61887541071631,-37.20169783381465],[-72.61886991496931,-37.20158288322791],[-72.6188658985688,-37.201410326972564],[-72.6188565246986,-37.20121423443993],[-72.6188180256137,-37.20111722178959],[-72.61878668594856,-37.200992904331244],[-72.61877193011055,-37.20086130705248],[-72.61875329515753,-37.200648567801146],[-72.61872135910352,-37.20033465982893],[-72.6186944094167,-37.20021359294777],[-72.6186656566743,-37.200143369817226],[-72.61858815061845,-37.20002723489926],[-72.61849228311372,-37.19988118922874],[-72.61847330250382,-37.19974972141087],[-72.61842441154383,-37.1996123970477],[-72.61834642195075,-37.199486119142485],[-72.61828275242607,-37.19930522986794],[-72.61820021316306,-37.19917232033035],[-72.61810060647032,-37.19903654582469],[-72.61799026042274,-37.198941731068814],[-72.61790381925877,-37.19881571182119],[-72.61782663816797,-37.19870633836296],[-72.61778797969794,-37.198605944472384],[-72.61776622823194,-37.19850503369897],[-72.6177252819392,-37.1984453406735],[-72.61764191064454,-37.1983835584552],[-72.61755221399449,-37.198277953254646],[-72.6174916171157,-37.198161301742886],[-72.61740988724041,-37.19804529466859],[-72.6172998670988,-37.19795724035154]]]}},{"type":"Feature","properties":{"zona_code":"ZEE","zona":"ZEE Zona de equipamiento de esparcimiento","comuna":"Yumbel"},"geometry":{"type":"Polygon","coordinates":[[[-72.61728470783665,-37.2070453500695],[-72.61726255584038,-37.207008782334825],[-72.61707961017315,-37.20663516116457],[-72.61696279559374,-37.20641937237597],[-72.6169658869748,-37.20638131203021],[-72.61698265884739,-37.20628938113885],[-72.61701682355958,-37.20620707547946],[-72.61701636423783,-37.20610890029571],[-72.61698602050532,-37.205916834049766],[-72.6169436173658,-37.205826712154284],[-72.61688495291571,-37.20575063075732],[-72.61677457056068,-37.2057438478477],[-72.61668623181419,-37.205737382421546],[-72.6166798037179,-37.20570950055869],[-72.6166241275113,-37.20543017652866],[-72.61658616663392,-37.2051672405548],[-72.61655978167921,-37.20479221650392],[-72.6165590545979,-37.20451121210723],[-72.61657439921186,-37.20430082036927],[-72.6166533607111,-37.20391580397262],[-72.61678987882176,-37.203495169890736],[-72.61688084512164,-37.20318427534108],[-72.61692136192988,-37.20305776024511],[-72.61703569518039,-37.20288158593013],[-72.61776593168001,-37.20310886009247],[-72.61778874523519,-37.20322761884247],[-72.61776790921715,-37.20332305942238],[-72.61770609930477,-37.20344684110228],[-72.61763389734968,-37.203530309303275],[-72.61764264814936,-37.2036248456041],[-72.61753189457416,-37.20378736724104],[-72.6174897635945,-37.20388007396273],[-72.61750193304738,-37.203957576978894],[-72.61749897316146,-37.20407278637787],[-72.6174270673724,-37.204251049567716],[-72.61732638276447,-37.2044471225307],[-72.61731642293871,-37.20459301840374],[-72.61728839986374,-37.204803798558174],[-72.61725746761249,-37.20495372246438],[-72.61730420801919,-37.20522316138162],[-72.61740624560001,-37.205409650046114],[-72.61743368117286,-37.20554085910375],[-72.61750123309285,-37.20580289072803],[-72.61766662427758,-37.2061635061008],[-72.61783430424715,-37.20648342042854],[-72.61799826797768,-37.206725573583604],[-72.61803967921634,-37.2068834418186],[-72.61808518055284,-37.20694976729142],[-72.61820041325538,-37.20705797664774],[-72.61829580414211,-37.207193878949084],[-72.61849277822998,-37.20741809293874],[-72.61840870145744,-37.20751885460284],[-72.61831390698207,-37.2075725417825],[-72.61819396205591,-37.2074543182176],[-72.61806863388321,-37.207400592373354],[-72.61788038836829,-37.20735894814035],[-72.61778822884156,-37.207290663602954],[-72.61766745184235,-37.20724356892723],[-72.61756797147281,-37.207199208865525],[-72.61749191223326,-37.20711350256217],[-72.61734041687569,-37.207043645985365],[-72.61728470783665,-37.2070453500695]]]}},{"type":"Feature","properties":{"zona_code":"ZEE","zona":"ZEE Zona de equipamiento de esparcimiento","comuna":"Yumbel"},"geometry":{"type":"Polygon","coordinates":[[[-72.56241318736156,-37.10829893480656],[-72.56241847335491,-37.10830813667527],[-72.56251190672896,-37.1086777808053],[-72.5625268130803,-37.10899561084315],[-72.56250909423383,-37.10915866955262],[-72.5625320868397,-37.109288337096814],[-72.56261514438545,-37.109571950684625],[-72.5626034773049,-37.109714333217816],[-72.5625008032364,-37.10974807382319],[-72.56243573261999,-37.10971278612032],[-72.56228416669103,-37.109636082383325],[-72.56206790711083,-37.1096222726012],[-72.56193566632703,-37.10968719704238],[-72.5617921871447,-37.109782933812006],[-72.56172015958383,-37.109869748872725],[-72.56158750158275,-37.11001594826857],[-72.56150074676032,-37.110059188906845],[-72.56137562195737,-37.11000539055527],[-72.56114685422467,-37.10999534102864],[-72.56104047633745,-37.11016106538827],[-72.56093393978077,-37.11032340866971],[-72.56073868615704,-37.110396999307326],[-72.56061984358865,-37.11038702876562],[-72.56049941490772,-37.110343246596436],[-72.56033993904538,-37.11036835756822],[-72.56013956964753,-37.11051320536261],[-72.5598853124019,-37.110500533253585],[-72.55970002924629,-37.110516261223594],[-72.55950429968473,-37.110579705979596],[-72.55924619236941,-37.110665341007234],[-72.55903040614548,-37.11066166940101],[-72.5588595778948,-37.110534751494974],[-72.55875677411099,-37.11041594692559],[-72.55876415579714,-37.110212567991745],[-72.55883301847113,-37.110058130099844],[-72.558890064001,-37.110012398616576],[-72.55891000757771,-37.109896676987375],[-72.55890958041292,-37.10970707694979],[-72.55893089399663,-37.10953036675872],[-72.55891811747975,-37.10934790938083],[-72.55893288965022,-37.109212027658145],[-72.55916608044808,-37.10904587940275],[-72.5593851336973,-37.10902913726173],[-72.55942534688761,-37.109075331992685],[-72.55959843662829,-37.10907012895716],[-72.55964349446077,-37.108858845415],[-72.5598725185035,-37.108784242341216],[-72.55996180743323,-37.10879510195701],[-72.56001679098814,-37.10870541365947],[-72.55996068641534,-37.10850055789241],[-72.56009514632802,-37.10848297192062],[-72.56016190013614,-37.10846403505439],[-72.5601109678302,-37.10827933939368],[-72.56045940568673,-37.10813681166983],[-72.56069465064192,-37.10801461545092],[-72.56090900251944,-37.107987855024355],[-72.56105497408711,-37.10812567482407],[-72.56127043585384,-37.10812258143875],[-72.56130706233621,-37.108182427046096],[-72.561391813036,-37.10818665035209],[-72.56168263029431,-37.108167746154166],[-72.56179540469476,-37.108228687108124],[-72.56213351298565,-37.10831670921733],[-72.56241318736156,-37.10829893480656]]]}},{"type":"Feature","properties":{"zona_code":"ZEE","zona":"ZEE Zona de equipamiento de esparcimiento","comuna":"Yumbel"},"geometry":{"type":"Polygon","coordinates":[[[-72.54107333510541,-37.11767167442672],[-72.54114566384831,-37.117614250594634],[-72.54252854624048,-37.1164419745886],[-72.54348211466645,-37.11712449502299],[-72.5453783329449,-37.11843566324513],[-72.54667297920822,-37.119358503652904],[-72.54774051035078,-37.12012560893274],[-72.54878209680996,-37.12087993792687],[-72.54963032743423,-37.1214775278343],[-72.55021795235271,-37.12192717220468],[-72.55039349094848,-37.122064118541566],[-72.55083082298864,-37.122193214367],[-72.55136981301627,-37.122326031694634],[-72.55227076971366,-37.12260374065034],[-72.55236867154125,-37.121804258298766],[-72.55248690031814,-37.121800711213915],[-72.55318011233857,-37.12197629561855],[-72.55224687364111,-37.12353897988857],[-72.55222795000996,-37.12356812663584],[-72.55209860980071,-37.12353326996885],[-72.5519886661062,-37.12353318294228],[-72.55177315879028,-37.12353626139544],[-72.5516469561248,-37.1235502049995],[-72.55149663700675,-37.12350053914256],[-72.55141873373067,-37.12346224410993],[-72.55125807081976,-37.12337225633778],[-72.5511796934265,-37.1233238182736],[-72.55093959431606,-37.12325314202406],[-72.55070778237827,-37.123178830844886],[-72.55060971621306,-37.12316145615879],[-72.55032316943571,-37.12309217148504],[-72.5502256896148,-37.12299690179035],[-72.54986672902346,-37.12291624343244],[-72.54964304829313,-37.12283491488795],[-72.5495696853449,-37.1228032543574],[-72.5493938750526,-37.12275096337895],[-72.54934209842293,-37.12272881433515],[-72.54925247758678,-37.122711185146215],[-72.54901506913785,-37.12269798505924],[-72.54888195871655,-37.12265457205498],[-72.54882110517352,-37.122619150508626],[-72.548486262779,-37.122602097879316],[-72.54829731214369,-37.12254004198369],[-72.54806941221658,-37.12245883588005],[-72.5479103349186,-37.122402656069426],[-72.54784166924446,-37.1223810111845],[-72.54777907843211,-37.122308395852606],[-72.54767895995481,-37.12224706269946],[-72.54759478251317,-37.12216493623034],[-72.54751360712879,-37.122147052475185],[-72.54749138884729,-37.12212401576236],[-72.54734983610479,-37.12208085347916],[-72.54728570815611,-37.12206584490816],[-72.54718590664982,-37.12201127419091],[-72.5470773425469,-37.12195019286916],[-72.54702166130794,-37.12193493095601],[-72.54693515789208,-37.121893506252825],[-72.54676605963618,-37.121803764116976],[-72.54667939902403,-37.12175895648283],[-72.54660682838262,-37.1217441999039],[-72.54637845680432,-37.12165284776116],[-72.54628240384262,-37.12158800546597],[-72.54618228646711,-37.12152667019499],[-72.54593154209753,-37.121408899360055],[-72.54588225251383,-37.12134942855949],[-72.54567420609638,-37.12124053609224],[-72.54564354443366,-37.12121775221279],[-72.54545017893207,-37.12106101606486],[-72.54529090808882,-37.1209100308737],[-72.54527682001283,-37.12087997964582],[-72.54517587491945,-37.12071031772315],[-72.54511186741209,-37.1206072697596],[-72.54503270737693,-37.12054192034021],[-72.54495713741142,-37.120462920011505],[-72.54484056727807,-37.12032081351864],[-72.54480268347338,-37.12023391274742],[-72.5445977604639,-37.12010122304669],[-72.54457428069192,-37.12005113633955],[-72.5444010847055,-37.11987347884509],[-72.54435554698398,-37.11980373763156],[-72.54417891832095,-37.11964311251498],[-72.54398228461403,-37.11950678692706],[-72.5438194681148,-37.1194608708804],[-72.54359406745176,-37.11934233637291],[-72.5432862339019,-37.11917886455515],[-72.54301233827984,-37.11901776201904],[-72.5428630998429,-37.11890033231737],[-72.54275750453151,-37.11881207089232],[-72.54249927599669,-37.1187148319524],[-72.54232205987886,-37.118632098693006],[-72.54201438938996,-37.118472004707556],[-72.54187501792339,-37.1183847523101],[-72.54174642019865,-37.11825654665328],[-72.54162223903886,-37.11822301498718],[-72.54152808792455,-37.1181987433568],[-72.54145769197224,-37.11813990166203],[-72.54141764175907,-37.118097082046134],[-72.54141385739372,-37.118015931787106],[-72.54135707576891,-37.11797699880677],[-72.54124789193693,-37.1179023868471],[-72.54115997740114,-37.117830525033185],[-72.54107333510541,-37.11767167442672]]]}},{"type":"Feature","properties":{"zona_code":"ZEE","zona":"ZEE Zona de equipamiento de esparcimiento","comuna":"Yumbel"},"geometry":{"type":"Polygon","coordinates":[[[-72.55196124575608,-37.12397891709066],[-72.5518208948891,-37.124195090432444],[-72.55134613610853,-37.12489329366548],[-72.55050395422498,-37.12460704335227],[-72.54968901146613,-37.12436060215627],[-72.54769875679264,-37.123756606217405],[-72.54653315793315,-37.1234258418739],[-72.54600640244782,-37.12337389961994],[-72.54546875694265,-37.1234509467566],[-72.54498272871413,-37.12354676320437],[-72.54434942202242,-37.12374856382602],[-72.54397159942751,-37.12380727690876],[-72.54355557650456,-37.123772324803376],[-72.54312108450796,-37.12370406482417],[-72.54282858468844,-37.12359769405137],[-72.54243537380013,-37.123507880323615],[-72.5421791788161,-37.12345459801868],[-72.54153608488113,-37.123446747686984],[-72.5406446827125,-37.12355466973482],[-72.54125765301848,-37.12255547370492],[-72.5413378975139,-37.12255200928375],[-72.54139026664915,-37.12249626740818],[-72.54146828668144,-37.12244653073686],[-72.54166189172275,-37.122427196067974],[-72.54167597859616,-37.12245724767726],[-72.54179420941185,-37.122453711346715],[-72.5419119682416,-37.12244003114408],[-72.54201251807727,-37.12242009367924],[-72.54209148505844,-37.12239064325687],[-72.54216997656131,-37.12235104985611],[-72.54237751102663,-37.1223583846089],[-72.54243773063729,-37.122380284622686],[-72.54252703448459,-37.1223911569961],[-72.54261148566772,-37.12238862968852],[-72.54268607060361,-37.12235592477725],[-72.54276472028148,-37.12231971194424],[-72.54286041813616,-37.122286375059026],[-72.5429745839334,-37.1222863445136],[-72.54305311320613,-37.12233817056357],[-72.54312915614703,-37.12242731585848],[-72.54319269011556,-37.12252022196897],[-72.54324762138089,-37.1226099991495],[-72.54326861344602,-37.12269740537074],[-72.54330306354574,-37.122801339223614],[-72.54338348793127,-37.12289373931242],[-72.54346249144531,-37.12295570799633],[-72.54346766138298,-37.1229758695307],[-72.54352819660738,-37.12300453182024],[-72.54361312181402,-37.1230121476001],[-72.54371446248089,-37.12300911443076],[-72.54380688537908,-37.12299619040999],[-72.54391165998933,-37.122976125333146],[-72.54396872320346,-37.1229303990804],[-72.54401951200194,-37.12284084457523],[-72.54404701859679,-37.122796003402485],[-72.54418932144394,-37.122764655237944],[-72.54425609259044,-37.122745728000766],[-72.54440336806142,-37.12263974091949],[-72.54451453516903,-37.12257546525699],[-72.54457893878919,-37.12250581803075],[-72.54467353063306,-37.122448811126276],[-72.54465944258361,-37.12241875892997],[-72.54458000300846,-37.122438067320516],[-72.54453292487689,-37.1224259330481],[-72.5445357266902,-37.12239537472634],[-72.54460107706177,-37.1223460150392],[-72.54457728064081,-37.12228916639774],[-72.54472234478372,-37.122135841815094],[-72.54480679457322,-37.12213331290552],[-72.54486042397745,-37.122104619777225],[-72.54490434486254,-37.122049129307435],[-72.54495809211669,-37.12193239786276],[-72.54496744501681,-37.1218610131247],[-72.5451092722084,-37.121819520892345],[-72.54518437006313,-37.12188837738172],[-72.54528918276345,-37.12195973024971],[-72.54537817059955,-37.12196383674136],[-72.54550441151143,-37.12204132080605],[-72.5455055173085,-37.122064989342626],[-72.54561893349884,-37.122139469773934],[-72.5456955700773,-37.12215071900923],[-72.54583073073789,-37.12223809249908],[-72.54592646795652,-37.12229617234166],[-72.54612808342966,-37.12235785353298],[-72.54645531072289,-37.12248349096558],[-72.54649224998752,-37.1225501037259],[-72.54660223562051,-37.12264161693454],[-72.54665559009537,-37.122697579439766],[-72.54678120231213,-37.122761535691225],[-72.54697141586921,-37.12285064526946],[-72.54697283837136,-37.1228810757342],[-72.54717883607923,-37.122946010001044],[-72.54735807832945,-37.122981271458514],[-72.5476009745675,-37.12302139730969],[-72.54792863711265,-37.12306575437535],[-72.54816261449896,-37.12309598859589],[-72.54835890520692,-37.12313412379495],[-72.54849138447634,-37.123164013570076],[-72.54857192847675,-37.12316837104179],[-72.54859868598015,-37.123198043272616],[-72.54885361869225,-37.12322426138346],[-72.54898968887169,-37.123240498741524],[-72.54911123836334,-37.12330796069057],[-72.54921869803884,-37.1233453708008],[-72.5494181063349,-37.12335970951761],[-72.54951226666049,-37.12338397427811],[-72.54960331078468,-37.12343203374535],[-72.5498359129481,-37.123523252783656],[-72.55020162848773,-37.12365788403408],[-72.55045988322041,-37.12375510524519],[-72.55053636349344,-37.12376296955296],[-72.55064224403107,-37.12376656611556],[-72.55092393711809,-37.123822451639334],[-72.55094584040019,-37.12383872402742],[-72.55107035079166,-37.12387900737406],[-72.55140567307268,-37.12390619577686],[-72.55154142742524,-37.12391566741137],[-72.55160196668861,-37.12394432480616],[-72.55171771647336,-37.12397809822559],[-72.55196124575608,-37.12397891709066]]]}},{"type":"Feature","properties":{"zona_code":"ZEE","zona":"ZEE Zona de equipamiento de esparcimiento","comuna":"Yumbel"},"geometry":{"type":"Polygon","coordinates":[[[-72.54137232945772,-37.12236853893379],[-72.5414699135107,-37.122209464051224],[-72.54297181254867,-37.119765236584634],[-72.54310619844668,-37.119851285793246],[-72.54334055593726,-37.120071132138506],[-72.54334682969362,-37.1201149621939],[-72.54346087266427,-37.1202029701902],[-72.54369570559669,-37.12043295967946],[-72.54374968826548,-37.120502449036714],[-72.54380177758391,-37.12053136324782],[-72.54389265704316,-37.12057604772033],[-72.54393271105224,-37.12061886660427],[-72.54400654390726,-37.12066067428041],[-72.54413578030005,-37.12080240155451],[-72.54428707666827,-37.120963785023996],[-72.54436888077339,-37.12099519655472],[-72.54445711800162,-37.12107381812254],[-72.54451110180922,-37.12114330716765],[-72.54453166173062,-37.12131198957762],[-72.54457333342485,-37.12148003977329],[-72.54460620588765,-37.121550160994005],[-72.54469132626208,-37.12165257791482],[-72.54473718133397,-37.121729081859016],[-72.54476504125655,-37.1217824234029],[-72.54475928047813,-37.12184015731776],[-72.54471192586892,-37.12191268041173],[-72.54465020630862,-37.122039808565916],[-72.54453201624179,-37.12213476700011],[-72.5444355697794,-37.122242618782046],[-72.54431394635694,-37.12235461056077],[-72.54423498131686,-37.12238406252131],[-72.54418809929004,-37.12246672824738],[-72.54410759491934,-37.12255378700564],[-72.54396998801987,-37.12259515190119],[-72.54382642278325,-37.122599448527],[-72.54373415779236,-37.12261575353289],[-72.54358763177753,-37.122647227180394],[-72.54346000964931,-37.12263073072766],[-72.54338274117347,-37.12260595528816],[-72.54330389547422,-37.12254736751465],[-72.54329371535333,-37.122510426332646],[-72.5432672749834,-37.12248751578729],[-72.5431921783741,-37.12241865813004],[-72.54310832169121,-37.12234329056884],[-72.54308093490914,-37.12230009242938],[-72.54303306800911,-37.12227105096766],[-72.54292608533572,-37.12224377825782],[-72.54277423267756,-37.122251708411554],[-72.5426048585956,-37.1222466176543],[-72.54239452175803,-37.1222698406504],[-72.54223438205783,-37.12228140397374],[-72.54206642849527,-37.12230674379848],[-72.54191019510156,-37.12231141695693],[-72.54174129519359,-37.12231646966205],[-72.54167452273019,-37.12233539635068],[-72.54154441328808,-37.12235621797916],[-72.54137232945772,-37.12236853893379]]]}},{"type":"Feature","properties":{"zona_code":"ZEE","zona":"ZEE Zona de equipamiento de esparcimiento","comuna":"Yumbel"},"geometry":{"type":"Polygon","coordinates":[[[-72.43520130051587,-37.20795305495031],[-72.43513526046193,-37.208083642304715],[-72.43512840840823,-37.20821251025351],[-72.43521894965167,-37.208341936549175],[-72.43465903983065,-37.20831756009603],[-72.43463184869768,-37.20809148457935],[-72.43467475594255,-37.20791755116436],[-72.43520130051587,-37.20795305495031]]]}},{"type":"Feature","properties":{"zona_code":"ZEE","zona":"ZEE Zona de equipamiento de esparcimiento","comuna":"Yumbel"},"geometry":{"type":"Polygon","coordinates":[[[-72.42926069233874,-37.206547491773506],[-72.42944000300322,-37.20667434959672],[-72.42953901889098,-37.2068509400715],[-72.42960790478986,-37.207016552500185],[-72.42967706724664,-37.207141523819026],[-72.4298494117589,-37.20734815597405],[-72.42984347001892,-37.207497314069506],[-72.42989632043546,-37.20772941853769],[-72.43001479602626,-37.20810183445277],[-72.4300814041006,-37.208357242466356],[-72.43018976700469,-37.20850647318452],[-72.43030974185035,-37.208631664055424],[-72.43046069098718,-37.208786431134534],[-72.43053039215087,-37.20892323785933],[-72.43065205357863,-37.2090856263688],[-72.43077647495961,-37.209308883509976],[-72.430907359786,-37.209487934441405],[-72.43094354645508,-37.20963248452963],[-72.43100709224899,-37.20982025979287],[-72.43105710026751,-37.210082920967935],[-72.43117205994893,-37.21037755825951],[-72.43114314251177,-37.2104867503634],[-72.43116625111107,-37.210716330809454],[-72.43118751961528,-37.21090533148576],[-72.43107501083927,-37.2106648002108],[-72.43074064622616,-37.2099194088216],[-72.43071331201375,-37.20968995105543],[-72.43066459595677,-37.20954914995869],[-72.43053701921934,-37.209349687079666],[-72.43041713341329,-37.20913307061214],[-72.43017705585714,-37.20869307374531],[-72.43007144933519,-37.20860471260396],[-72.42995147609443,-37.208479520631315],[-72.42987086942955,-37.208288852954745],[-72.42981994829321,-37.208005902458105],[-72.42968802399461,-37.20761694543865],[-72.4296596841123,-37.20745862342354],[-72.42961081901883,-37.207314439297306],[-72.42958802347987,-37.207091621369905],[-72.42954196115858,-37.20696259439798],[-72.42945703025948,-37.20679321450437],[-72.42937829602104,-37.20669052920609],[-72.42926069233874,-37.206547491773506]]]}},{"type":"Feature","properties":{"zona_code":"ZEE","zona":"ZEE Zona de equipamiento de esparcimiento","comuna":"Yumbel"},"geometry":{"type":"Polygon","coordinates":[[[-72.4312153358323,-37.21103045184537],[-72.43128065341699,-37.21102198886562],[-72.43132864951566,-37.21110016832444],[-72.43134835366108,-37.21120794993043],[-72.43139661264591,-37.21133860632658],[-72.43144575883952,-37.21144214786306],[-72.43161716626349,-37.21158108329928],[-72.43199153976863,-37.21185465103554],[-72.43228677711755,-37.21211019717316],[-72.43239937886366,-37.21225930251328],[-72.43257708829903,-37.21244376410076],[-72.43280253347451,-37.212653929204436],[-72.43297794413824,-37.212787667815604],[-72.43320117809647,-37.21285568213149],[-72.43343448710755,-37.212865842463856],[-72.43407068854516,-37.21289139598078],[-72.43425880236258,-37.212838530636944],[-72.43457950365314,-37.21300190938085],[-72.43487838320482,-37.213057566648345],[-72.43514175016533,-37.21307700813896],[-72.43544601555952,-37.213064787704596],[-72.43565649747765,-37.213038359214536],[-72.43605193734595,-37.21298285665239],[-72.43646275316473,-37.21289304581728],[-72.43684896894314,-37.21282087919935],[-72.43715500336687,-37.21275442531016],[-72.43744835347134,-37.212688340363634],[-72.43782319201462,-37.21255216580034],[-72.43813114880305,-37.21243486388337],[-72.43839743916112,-37.21233231636635],[-72.4385467277747,-37.21226364277211],[-72.43871884572673,-37.21223155197246],[-72.43895953311034,-37.21221778364943],[-72.43919645466826,-37.212214283269184],[-72.43935043093695,-37.212155630997444],[-72.43947596525717,-37.212076642167936],[-72.43982542532929,-37.2121274306048],[-72.4401106981805,-37.212163154750826],[-72.4404178786502,-37.21221517100432],[-72.44082668547263,-37.212267616414564],[-72.44125678711413,-37.21232282771153],[-72.44150493157457,-37.21237994440297],[-72.44200137452911,-37.21249755714269],[-72.44236490681212,-37.21257840326847],[-72.44273881541862,-37.2126081554697],[-72.4433321984287,-37.21271616960769],[-72.44425898747606,-37.212987162694326],[-72.44432010531423,-37.21307426709673],[-72.44441289392041,-37.21315960224052],[-72.44468718191132,-37.21323288045817],[-72.44518740111344,-37.21334021247161],[-72.4452045598237,-37.2134687333709],[-72.44457356835224,-37.213341155219794],[-72.44441889688248,-37.213291482556045],[-72.4441730561821,-37.21328509520758],[-72.44412531675002,-37.21325939678295],[-72.44387324794118,-37.21320917221532],[-72.44347673764649,-37.21324102946974],[-72.44336526997715,-37.21321041369184],[-72.44307684181311,-37.21319849207908],[-72.44286390229082,-37.2131708287114],[-72.44269547084637,-37.21309785156535],[-72.44242787593205,-37.2130785500094],[-72.44221432129777,-37.21303735918604],[-72.4420760270365,-37.213068471046036],[-72.44191113468997,-37.21307326791202],[-72.44183879699042,-37.21306521444217],[-72.44158311684154,-37.21302863355587],[-72.44141338062329,-37.21302002741454],[-72.44116269753252,-37.21300023063125],[-72.44077156688128,-37.21296420204492],[-72.44046153838775,-37.21294274403274],[-72.44025513352003,-37.21296567632518],[-72.44001836449023,-37.21297256056449],[-72.43977267842828,-37.21296954590097],[-72.43934856746826,-37.213046211137915],[-72.43887856267733,-37.21313775233424],[-72.43860258537318,-37.21321349424979],[-72.43827087369642,-37.213273926111405],[-72.43778318550936,-37.213349045759166],[-72.43748514464528,-37.21340510991094],[-72.437177182887,-37.21352241084321],[-72.43707978390545,-37.213521853877985],[-72.43697907765677,-37.213541709632956],[-72.43669641202357,-37.21356346565222],[-72.43639952559332,-37.21355177262847],[-72.43619734543886,-37.21357457570243],[-72.43591275383234,-37.2136471751702],[-72.43563492832875,-37.21368233198749],[-72.43521573449684,-37.2136809603949],[-72.4348486590297,-37.21370854834705],[-72.4346109650907,-37.21369513264095],[-72.43446160037146,-37.21366899415784],[-72.4342279814269,-37.21365207395695],[-72.43407138882351,-37.213653233229536],[-72.43383378082042,-37.21354839096923],[-72.43377274684534,-37.213509529758504],[-72.43371379258849,-37.21342320415282],[-72.43347125734662,-37.213396382711984],[-72.43335103033284,-37.21335923874355],[-72.43317737262126,-37.21335750626018],[-72.43291761970457,-37.21332441130589],[-72.43262165413695,-37.21333299869745],[-72.43240225458953,-37.21334952276819],[-72.4321432684722,-37.21333333329187],[-72.43190588231974,-37.213326675783726],[-72.43175621362678,-37.213293771274934],[-72.43160669743452,-37.213264247454745],[-72.43145718136938,-37.213234723449844],[-72.43133180666355,-37.213177411216456],[-72.43125625023036,-37.21309833810867],[-72.43121028995711,-37.21301840587818],[-72.43116479011552,-37.212948618126326],[-72.43114873280753,-37.21287459129613],[-72.43114535933094,-37.21280019628838],[-72.43115059590387,-37.21272893764311],[-72.43119327224431,-37.2126430491119],[-72.4312561681362,-37.21253625793991],[-72.43132543818083,-37.21247668642858],[-72.4314022439811,-37.21239657952752],[-72.43142908089882,-37.21233485258683],[-72.43151072852767,-37.21226815006987],[-72.43152426666553,-37.212193264101224],[-72.4315201277692,-37.21210196104003],[-72.4315179152338,-37.21195981186756],[-72.43151239633595,-37.21183807444066],[-72.4314724387718,-37.21170379169702],[-72.43143716992448,-37.21157953160861],[-72.43134993930475,-37.211429689960276],[-72.43131889898835,-37.21130530711593],[-72.43127894312286,-37.21117102434404],[-72.4312153358323,-37.21103045184537]]]}},{"type":"Feature","properties":{"zona_code":"ZEE","zona":"ZEE Zona de equipamiento de esparcimiento","comuna":"Yumbel"},"geometry":{"type":"Polygon","coordinates":[[[-72.6206910212586,-37.200144041601064],[-72.62114218827,-37.200230451995964],[-72.62096942625186,-37.200677258044564],[-72.62038993239332,-37.20059680315205],[-72.62015276241453,-37.200593902579996],[-72.62010195026272,-37.20032797485046],[-72.62002064033415,-37.200101606912185],[-72.62025084214046,-37.20005593619698],[-72.6206910212586,-37.200144041601064]]]}},{"type":"Feature","properties":{"zona_code":"ZEE","zona":"ZEE Zona de equipamiento de esparcimiento","comuna":"Yumbel"},"geometry":{"type":"Polygon","coordinates":[[[-72.62090241052292,-37.20084690904414],[-72.6208332862135,-37.20099461662581],[-72.62081229394131,-37.201086676995196],[-72.6205603406609,-37.20104021346474],[-72.62042883393994,-37.20103408105107],[-72.62023018654604,-37.20104015937634],[-72.62016669532059,-37.200774619392845],[-72.62090241052292,-37.20084690904414]]]}},{"type":"Feature","properties":{"zona_code":"ZEE","zona":"ZEE Zona de equipamiento de esparcimiento","comuna":"Yumbel"},"geometry":{"type":"Polygon","coordinates":[[[-72.61669995746537,-37.2057969171477],[-72.61668623181419,-37.205737382421546],[-72.61677457056068,-37.2057438478477],[-72.61688495291571,-37.20575063075732],[-72.6169436173658,-37.205826712154284],[-72.61698602050532,-37.205916834049766],[-72.61701636423783,-37.20610890029571],[-72.61701682355958,-37.20620707547946],[-72.61698265884739,-37.20628938113885],[-72.6169658869748,-37.20638131203021],[-72.61696279559374,-37.20641937237597],[-72.6169076995255,-37.20631759479838],[-72.61691764005862,-37.20625751000403],[-72.61688856343993,-37.20618052457504],[-72.6169118237754,-37.20613579759016],[-72.61695460398833,-37.20605661499488],[-72.61694049462028,-37.205938540518765],[-72.61690654522283,-37.20584816070183],[-72.61681503551466,-37.20579339840448],[-72.61669995746537,-37.2057969171477]]]}},{"type":"Feature","properties":{"zona_code":"ZEE","zona":"ZEE Zona de equipamiento de esparcimiento","comuna":"Yumbel"},"geometry":{"type":"Polygon","coordinates":[[[-72.6169076995255,-37.20631759479838],[-72.6168938954433,-37.206292095047],[-72.61672786178691,-37.20591795492337],[-72.61669995746537,-37.2057969171477],[-72.61681503551466,-37.20579339840448],[-72.61690654522283,-37.20584816070183],[-72.61694049462028,-37.205938540518765],[-72.61695460398833,-37.20605661499488],[-72.6169118237754,-37.20613579759016],[-72.61688856343993,-37.20618052457504],[-72.61691764005862,-37.20625751000403],[-72.6169076995255,-37.20631759479838]]]}},{"type":"Feature","properties":{"zona_code":"ZEE","zona":"ZEE Zona de equipamiento de esparcimiento","comuna":"Yumbel"},"geometry":{"type":"Polygon","coordinates":[[[-72.61841818471507,-37.203311858096114],[-72.618689945416,-37.2033964363158],[-72.61844141769473,-37.203864514602586],[-72.61825109391624,-37.20431049690416],[-72.6182399784835,-37.204520759522744],[-72.61824965093484,-37.20481164808641],[-72.61833715858081,-37.20522543197768],[-72.61853652709152,-37.205588391522284],[-72.61887794542343,-37.20608921300831],[-72.61928669824269,-37.20649316842909],[-72.61942939473406,-37.20664455205435],[-72.61991197352445,-37.20699884487975],[-72.62039390910434,-37.207339612055584],[-72.62091583300361,-37.20771978292896],[-72.62151578838387,-37.20813819271903],[-72.622158989275,-37.20857559037582],[-72.6227493711533,-37.208970586837815],[-72.62322451561461,-37.20925737495242],[-72.62387962622668,-37.20958943768235],[-72.62424408434799,-37.20977465089445],[-72.62456091364547,-37.209937622780224],[-72.62512874214497,-37.21021479166593],[-72.62579118766405,-37.210522917354034],[-72.62653670863345,-37.21088605066065],[-72.62700099324137,-37.21112236961579],[-72.6274713058853,-37.21130771307161],[-72.62718533957846,-37.21176816335423],[-72.62681963145539,-37.21166627975396],[-72.62664032494104,-37.21154650055415],[-72.6264724050997,-37.211399285206255],[-72.62624433356538,-37.211233598333735],[-72.62595237255933,-37.211059712232675],[-72.62567195912624,-37.21086177055067],[-72.62543673289859,-37.21072338835081],[-72.62524782814194,-37.21066823255939],[-72.6250493344362,-37.21058966826618],[-72.62478157307834,-37.21056740072038],[-72.62463056639216,-37.21041966510824],[-72.62451044590462,-37.210298069266614],[-72.62436332656114,-37.21023147345453],[-72.62402208723556,-37.21017759717807],[-72.62384732286807,-37.210152477920026],[-72.62366701741523,-37.21018847387003],[-72.62349647912094,-37.21016322533773],[-72.6233665935109,-37.21010287260752],[-72.62331621032868,-37.21002315477787],[-72.62323981868896,-37.20993069089491],[-72.6228693356674,-37.209796446319444],[-72.62265345357788,-37.20970825376019],[-72.62254650366013,-37.20959640919393],[-72.62240931760387,-37.20947194790452],[-72.62234967269345,-37.20937558504411],[-72.62231247835756,-37.209217588426],[-72.62220472062893,-37.20908883973537],[-72.6219764831462,-37.20900779577528],[-72.62175360718267,-37.20895028850157],[-72.6213701267336,-37.208809665376464],[-72.62104695754094,-37.20869089495645],[-72.62074005075846,-37.20855808265048],[-72.62059328194523,-37.2084102117963],[-72.62045074185276,-37.20826221037282],[-72.62018497424077,-37.208104437468414],[-72.62005086795396,-37.20804420991126],[-72.61995286168381,-37.20794224698179],[-72.61967866540998,-37.20769669781803],[-72.6195814695805,-37.20761163938164],[-72.619521346245,-37.20750513242619],[-72.61942366515552,-37.20740993100853],[-72.6192951040006,-37.20728858745587],[-72.61921936642787,-37.20720964410197],[-72.61900333432118,-37.20711806339938],[-72.61892191571243,-37.207008820798734],[-72.61883449213133,-37.20686251716086],[-72.61876330609938,-37.20679020598007],[-72.61873683679175,-37.20667928284412],[-72.61867639277209,-37.20656601272363],[-72.618579708199,-37.20640306310189],[-72.61852316667346,-37.206282901518556],[-72.61846533276884,-37.20613569231634],[-72.6184388652038,-37.206024769148435],[-72.6184011715372,-37.20594466109835],[-72.61829926807562,-37.205849588329215],[-72.61820972176481,-37.205747365217725],[-72.61818616328618,-37.20569729820826],[-72.61817269934626,-37.20559274852957],[-72.6181724261507,-37.205409920089394],[-72.61816302722697,-37.205301860902225],[-72.61814272584198,-37.20523137872631],[-72.61809609481837,-37.205141386649004],[-72.61807385491265,-37.2050303330647],[-72.61806335033351,-37.20481057394546],[-72.61807134428938,-37.204712139824636],[-72.6181016027772,-37.20463672510255],[-72.61809627010015,-37.204525154620924],[-72.61807715005827,-37.20430227342882],[-72.61807200395413,-37.20410605060805],[-72.61808015960787,-37.20401099742896],[-72.6181214818779,-37.203901386619044],[-72.61812037591223,-37.20378968667506],[-72.61815617879932,-37.2036531576898],[-72.61821473022847,-37.203549790906585],[-72.618243347395,-37.20352860080221],[-72.61831945286278,-37.203438240856556],[-72.61835864836164,-37.20337271085558],[-72.61841818471507,-37.203311858096114]]]}},{"type":"Feature","properties":{"zona_code":"ZEE","zona":"ZEE Zona de equipamiento de esparcimiento","comuna":"Yumbel"},"geometry":{"type":"Polygon","coordinates":[[[-72.62692748912018,-37.2121783198707],[-72.62678699705862,-37.21239862297127],[-72.62656256303697,-37.21283889161317],[-72.62620508144416,-37.21262299873451],[-72.62578777314577,-37.21239539518438],[-72.62534039043057,-37.212158554336696],[-72.62500030975214,-37.21195228209043],[-72.62481468973591,-37.21186847290382],[-72.62477581869666,-37.21177293805912],[-72.62473941040811,-37.21171988115188],[-72.6246812200195,-37.21165394701849],[-72.62460514821919,-37.21156824671035],[-72.62449054795073,-37.211473567823774],[-72.6243668451414,-37.21136562524],[-72.62425289278065,-37.21128446993401],[-72.6241594302688,-37.21118914429359],[-72.62400435750953,-37.211044917579315],[-72.6238492853373,-37.210900690679196],[-72.62375695504709,-37.210829030458676],[-72.62355830163379,-37.21074708367488],[-72.62334338732649,-37.210679177064065],[-72.62317626600216,-37.21063689456668],[-72.62297142489176,-37.210602537555935],[-72.62279226965853,-37.210574166254965],[-72.62264157131153,-37.210521221736876],[-72.62252827023549,-37.210453588683755],[-72.62243610382923,-37.210385307543575],[-72.62237872433904,-37.21033627709465],[-72.62218464300939,-37.21017292699113],[-72.62207004791372,-37.21007824591927],[-72.62198439469054,-37.20996913569112],[-72.62191352566742,-37.20990358811849],[-72.62176088757097,-37.20981007204006],[-72.62165246228015,-37.20975583242889],[-72.62154923392612,-37.20972174794006],[-72.6214237386564,-37.2096646445225],[-72.62126735941861,-37.20958139933865],[-72.62118981782923,-37.20955330003964],[-72.62097329069627,-37.2094515806888],[-72.62085983079056,-37.20938056518089],[-72.62078928720754,-37.20932177889043],[-72.62076491737704,-37.20925480757527],[-72.62071453751092,-37.20917508874282],[-72.62069862185174,-37.20910785924928],[-72.62077939849824,-37.2092035769662],[-72.62086569583117,-37.20932621178275],[-72.62093623947997,-37.20938499802984],[-72.62107961283226,-37.209461869457],[-72.62119275022879,-37.20952612377966],[-72.62127826113583,-37.20954382113021],[-72.62137839480219,-37.209601701156224],[-72.62151689398198,-37.2096651787205],[-72.62161037444677,-37.20967247387555],[-72.62151675304685,-37.209573764409754],[-72.62148912620722,-37.209527208485184],[-72.62156114717143,-37.20952838956581],[-72.62158064388844,-37.209581966511486],[-72.62167752050556,-37.209660260637655],[-72.62177407442653,-37.209731793705465],[-72.62195369267802,-37.20985834270315],[-72.62208307247415,-37.20999658749045],[-72.62225081955546,-37.2101404286619],[-72.62244099679654,-37.210310669237884],[-72.62257739515033,-37.2103301932929],[-72.62285245737559,-37.210416573327265],[-72.6229813729878,-37.21045664184472],[-72.62307873835208,-37.21054507776537],[-72.62319058379097,-37.210582281770996],[-72.62341233346412,-37.21061612079657],[-72.62360985406927,-37.21067440117604],[-72.6237459107776,-37.210775194539366],[-72.62390945396348,-37.21083113061485],[-72.62431733988814,-37.2109506814115],[-72.62454184282295,-37.211041993608035],[-72.6246650589817,-37.21113979404286],[-72.62479494859329,-37.2112001445582],[-72.62495329465958,-37.21123592321839],[-72.62523713952577,-37.211328800407884],[-72.62554487558879,-37.21147850370595],[-72.62570759687625,-37.2116055643624],[-72.6259737107152,-37.21177008656991],[-72.62655310430284,-37.212023193368296],[-72.62692748912018,-37.2121783198707]]]}},{"type":"Feature","properties":{"zona_code":"ZEE","zona":"ZEE Zona de equipamiento de esparcimiento","comuna":"Yumbel"},"geometry":{"type":"Polygon","coordinates":[[[-72.62473027097434,-37.211830357138275],[-72.62457194633639,-37.21175887121507],[-72.62427932106573,-37.21165948979095],[-72.62381746808009,-37.21147387275037],[-72.62313386575367,-37.211254417486465],[-72.62282694480922,-37.211121611956514],[-72.622377132228,-37.21092207778763],[-72.62199056591788,-37.210717220084284],[-72.621572471415,-37.2104726958422],[-72.62121826989325,-37.21023637159916],[-72.62064883714044,-37.20992537400367],[-72.62017693078829,-37.209706192010785],[-72.6197577157053,-37.20943799416659],[-72.61921058389825,-37.209061975866675],[-72.61870168688425,-37.208600137747425],[-72.61816549431435,-37.20809850288839],[-72.617707009976,-37.20762834650957],[-72.61744178505508,-37.2073046431815],[-72.61733222732367,-37.207123791620276],[-72.61742280287065,-37.20717317529936],[-72.6174803373854,-37.20722558981181],[-72.61757965704916,-37.2072665690146],[-72.61769555984634,-37.20730026848996],[-72.6177350575173,-37.20732953398916],[-72.61781860022084,-37.207394695557106],[-72.61797319312083,-37.20744075638368],[-72.61807122094466,-37.207454687600084],[-72.61811136283096,-37.20749747583043],[-72.61816938361274,-37.20756003199352],[-72.61826138194523,-37.207624936200894],[-72.6183501469218,-37.20762222132048],[-72.61843193689015,-37.20756215966987],[-72.6185686770706,-37.2075004176905],[-72.61859613954972,-37.20754359326829],[-72.6186663571568,-37.207595619779106],[-72.61876484457824,-37.207707725620935],[-72.61888705477058,-37.207873280163795],[-72.61897611989032,-37.207965360008394],[-72.61910826220637,-37.208073050644],[-72.61921278110337,-37.20813418386605],[-72.61929664973121,-37.20820610726754],[-72.61949610107195,-37.20830496651656],[-72.61958969505402,-37.208491710747346],[-72.61974669362334,-37.20867651421093],[-72.61990175220582,-37.20882074698294],[-72.62010363258273,-37.20897031865419],[-72.62019692636771,-37.20906226812643],[-72.62035720649025,-37.20913862322383],[-72.62042287588824,-37.20918401548508],[-72.62043343292119,-37.2092277087973],[-72.62052869067524,-37.20927219521415],[-72.62061207712465,-37.20933397401764],[-72.62074796648764,-37.20943139059438],[-72.62079672810843,-37.20947730079885],[-72.6209331027487,-37.20958485911768],[-72.62098057001239,-37.20960372164209],[-72.62112509794554,-37.20961622724552],[-72.62114281496304,-37.20963261380247],[-72.62125221040796,-37.20970713956472],[-72.62126553841902,-37.209720274702356],[-72.62133608274188,-37.20977906073117],[-72.621385006953,-37.20982835076454],[-72.62148888217916,-37.209875959192246],[-72.62160121175182,-37.20992330750488],[-72.62171728255215,-37.209960384186004],[-72.62202059835325,-37.21019487917308],[-72.62223842298755,-37.2103236434054],[-72.62228295900212,-37.21036968172781],[-72.62238325543927,-37.21043094189256],[-72.62241072224036,-37.21047411670123],[-72.62248875021173,-37.21051235808423],[-72.62252808830297,-37.21053824021501],[-72.62263196528092,-37.2105858467925],[-72.62274900988217,-37.2106432082356],[-72.62300734520404,-37.21064545389359],[-72.62312667377321,-37.210662113935484],[-72.6232603033122,-37.21071219451216],[-72.6234402671597,-37.210757470747055],[-72.62359567995917,-37.21082042751064],[-72.62371743686901,-37.210887800315184],[-72.62387121315693,-37.211004979769235],[-72.62402774107449,-37.211179635165145],[-72.6241342113369,-37.21128133480237],[-72.6242650711264,-37.211361971571236],[-72.62439674176753,-37.21145951297366],[-72.62443672948316,-37.21149891832186],[-72.62449313849166,-37.21152766211788],[-72.62462984640054,-37.211641978362294],[-72.62471160239201,-37.21175797752503],[-72.62473027097434,-37.211830357138275]]]}},{"type":"Feature","properties":{"zona_code":"BNUP","zona":"BNUP Bien nacional de uso público","comuna":"Yumbel"},"geometry":{"type":"Polygon","coordinates":[[[-72.56180118447023,-37.09739601412905],[-72.56306602869093,-37.09750694970041],[-72.56289345927983,-37.09851438262252],[-72.5616504383269,-37.09832829829835],[-72.56180118447023,-37.09739601412905]]]}},{"type":"Feature","properties":{"zona_code":"BNUP","zona":"BNUP Bien nacional de uso público","comuna":"Yumbel"},"geometry":{"type":"Polygon","coordinates":[[[-72.56209306657588,-37.10398306581473],[-72.56198124358103,-37.10466361953092],[-72.56139488084027,-37.10459999154537],[-72.56209306657588,-37.10398306581473]]]}},{"type":"Feature","properties":{"zona_code":"BNUP","zona":"BNUP Bien nacional de uso público","comuna":"Yumbel"},"geometry":{"type":"Polygon","coordinates":[[[-72.53842802527778,-37.14099599997722],[-72.53778146422623,-37.14218686550339],[-72.5373717052478,-37.1420162681724],[-72.53795476147744,-37.140823916581994],[-72.53842802527778,-37.14099599997722]]]}},{"type":"Feature","properties":{"zona_code":"BNUP","zona":"BNUP Bien nacional de uso público","comuna":"Yumbel"},"geometry":{"type":"Polygon","coordinates":[[[-72.54059269244036,-37.14387875437662],[-72.54059732928106,-37.14393279072442],[-72.54031862529314,-37.14448626527651],[-72.5402662230893,-37.14449629791103],[-72.53960330058254,-37.14424863032366],[-72.53959773692961,-37.14422001630768],[-72.53988238638944,-37.14365790105941],[-72.53994112419502,-37.14364767933342],[-72.54059269244036,-37.14387875437662]]]}},{"type":"Feature","properties":{"zona_code":"BNUP","zona":"BNUP Bien nacional de uso público","comuna":"Yumbel"},"geometry":{"type":"Polygon","coordinates":[[[-72.62465463264857,-36.98800170675269],[-72.62432585686766,-36.98863307607572],[-72.62441935237204,-36.98798011964172],[-72.62465463264857,-36.98800170675269]]]}},{"type":"Feature","properties":{"zona_code":"BNUP","zona":"BNUP Bien nacional de uso público","comuna":"Yumbel"},"geometry":{"type":"Polygon","coordinates":[[[-72.62138244867162,-37.199476266160204],[-72.62116152983917,-37.2001804291819],[-72.62114218827,-37.200230451995964],[-72.6206910212586,-37.200144041601064],[-72.62089977391251,-37.19937583537642],[-72.62138244867162,-37.199476266160204]]]}},{"type":"Feature","properties":{"zona_code":"BNUP","zona":"BNUP Bien nacional de uso público","comuna":"Yumbel"},"geometry":{"type":"Polygon","coordinates":[[[-72.6193560178807,-37.199001533226635],[-72.61935647844567,-37.199099708568504],[-72.61938084311109,-37.199166680098344],[-72.61902321190064,-37.199211479124536],[-72.61899025825842,-37.19905335220605],[-72.61900619403106,-37.19903254940991],[-72.6193560178807,-37.199001533226635]]]}},{"type":"Feature","properties":{"zona_code":"ZESC","zona":"ZESC Zona de equipamiento de salud de cementerio","comuna":"Yumbel"},"geometry":{"type":"Polygon","coordinates":[[[-72.55087752170944,-37.10013145527983],[-72.55115671313855,-37.101311556122624],[-72.54975686180612,-37.101478803964454],[-72.54941932424336,-37.099863658983196],[-72.55087752170944,-37.10013145527983]]]}},{"type":"Feature","properties":{"zona_code":"ZESC","zona":"ZESC Zona de equipamiento de salud de cementerio","comuna":"Yumbel"},"geometry":{"type":"Polygon","coordinates":[[[-72.62341104040176,-36.994965631976356],[-72.62337774947225,-36.99399827540457],[-72.62370555758446,-36.993967940112746],[-72.6239941463211,-36.99391171564266],[-72.6242649483097,-36.993747683534714],[-72.62444964287928,-36.993637073712385],[-72.62457754877552,-36.99401915825187],[-72.62463809075781,-36.99422723478512],[-72.62467675577182,-36.99441904950709],[-72.62450165018922,-36.994465034412194],[-72.62433658283261,-36.99454457182013],[-72.62423554316007,-36.994639080851364],[-72.62408845942619,-36.994741769190355],[-72.62398533242175,-36.99479232475474],[-72.62385334154105,-36.994857306669445],[-72.62366623220771,-36.99491720097567],[-72.62349502025495,-36.99495629315692],[-72.62341104040176,-36.994965631976356]]]}},{"type":"Feature","properties":{"zona_code":"ZESC","zona":"ZESC Zona de equipamiento de salud de cementerio","comuna":"Yumbel"},"geometry":{"type":"Polygon","coordinates":[[[-72.63041423602806,-37.19775531355082],[-72.63108764176428,-37.19944111432096],[-72.62961553416011,-37.19963526370523],[-72.62896100930146,-37.19798950502638],[-72.63041423602806,-37.19775531355082]]]}},{"type":"Feature","properties":{"zona_code":"ZPD","zona":"ZPD Zona de protección de drenajes","comuna":"Yumbel"},"geometry":{"type":"Polygon","coordinates":[[[-72.61817251589837,-37.19686570396819],[-72.61821761024835,-37.1971893674329],[-72.61846793282858,-37.197202026834674],[-72.61860756387111,-37.197201142157425],[-72.61870283032748,-37.19715759797315],[-72.61882735750804,-37.197106387165164],[-72.61895643464712,-37.19706180864393],[-72.61907102988582,-37.19706846137136],[-72.61927973509079,-37.197095935140794],[-72.61926543631057,-37.197372320176825],[-72.61895756010767,-37.1973952813128],[-72.61861555008788,-37.19741251380301],[-72.61837042200276,-37.19742001092479],[-72.61815697914498,-37.197470554583816],[-72.61796676727394,-37.19756440383408],[-72.61781346199062,-37.19763342372895],[-72.6176814502916,-37.19770517713671],[-72.61741677775034,-37.197835161425694],[-72.6172998670988,-37.19795724035154],[-72.61718107078855,-37.19786268288207],[-72.61707285408154,-37.197723785531565],[-72.61695537718877,-37.19756824126593],[-72.61685464452368,-37.19740879916498],[-72.61726400697432,-37.197206675913456],[-72.61747860719629,-37.19709176720911],[-72.61772553775401,-37.19703342905468],[-72.61796678736522,-37.19694479124342],[-72.61817251589837,-37.19686570396819]]]}},{"type":"Feature","properties":{"zona_code":"ZPD","zona":"ZPD Zona de protección de drenajes","comuna":"Yumbel"},"geometry":{"type":"Polygon","coordinates":[[[-72.62950503272454,-37.194769803674816],[-72.62967864156522,-37.19468321740775],[-72.62981128324179,-37.19462497468601],[-72.62995254180973,-37.19456985303011],[-72.6300156093635,-37.19456114627489],[-72.62998029393673,-37.19488388601289],[-72.62971923254993,-37.195000242601125],[-72.62958675023445,-37.19506186610808],[-72.6294830409117,-37.19510567735008],[-72.62950503272454,-37.194769803674816]]]}},{"type":"Feature","properties":{"zona_code":"ZPD","zona":"ZPD Zona de protección de drenajes","comuna":"Yumbel"},"geometry":{"type":"Polygon","coordinates":[[[-72.62932939266518,-37.19485814511092],[-72.62931325959742,-37.195139665480866],[-72.62900181943903,-37.19517630603865],[-72.62878709504719,-37.195199820852004],[-72.62858846516838,-37.19520591291488],[-72.62833034525507,-37.19520705684713],[-72.62816276991313,-37.19515463684255],[-72.62795586476628,-37.195076335592205],[-72.62761226413738,-37.19497175216735],[-72.62750125033797,-37.194951454186416],[-72.62727873613434,-37.19490071683386],[-72.62706483696078,-37.19485310135766],[-72.62681225527206,-37.19479312702684],[-72.62665038122691,-37.19468297002883],[-72.62649338274149,-37.194586206902386],[-72.62631036290531,-37.1945647293451],[-72.62619771456578,-37.19459865523197],[-72.62605629126149,-37.19465039134679],[-72.62575916545534,-37.194632409962836],[-72.62557289144455,-37.194631346757255],[-72.62543504746661,-37.194669430377026],[-72.62523641792075,-37.19467551593017],[-72.62506233613095,-37.194663919861064],[-72.62490760533636,-37.19461448717071],[-72.6247400339447,-37.19456206154252],[-72.62447119666922,-37.19451612403442],[-72.62402925016258,-37.194478874104256],[-72.6236411104196,-37.19441627374793],[-72.62344864932555,-37.19446279811658],[-72.62323960612491,-37.1945166017756],[-72.6230479537287,-37.19458003025653],[-72.6228145237485,-37.1946548949555],[-72.62236442558492,-37.19471269260835],[-72.62231389418801,-37.194629593663656],[-72.62217495892351,-37.19446793963904],[-72.62243633306669,-37.19444639462487],[-72.62265089689153,-37.194419509509345],[-72.62287635889045,-37.19435504635199],[-72.62299746171445,-37.19432086529907],[-72.62325527644252,-37.194224938327366],[-72.62340254427522,-37.19420688458244],[-72.62359906998823,-37.19415684965994],[-72.6238030578853,-37.19417430384616],[-72.6240171137408,-37.19422530692389],[-72.62420793703399,-37.19423300477793],[-72.62447873406818,-37.19423148157651],[-72.6246966936841,-37.194275591847074],[-72.62489417106539,-37.19433387323474],[-72.62507425857434,-37.19438252941602],[-72.62519404756121,-37.194409331200724],[-72.62531660561997,-37.194405576330695],[-72.62555181314168,-37.1943678961917],[-72.62576311942601,-37.194361420827676],[-72.62588306969309,-37.194391603762426],[-72.62600043063902,-37.19436769130194],[-72.62615030472634,-37.19431569659815],[-72.62627595569049,-37.194288144280485],[-72.62647100463526,-37.19429570961497],[-72.62662199638321,-37.19435541203613],[-72.62680825363924,-37.19444450730158],[-72.62696086495303,-37.19453801796217],[-72.62712372504244,-37.19458042740347],[-72.62727845737305,-37.194629857244614],[-72.62743579692886,-37.19464534933637],[-72.62766643846685,-37.194689064827635],[-72.62789902422183,-37.19477335135533],[-72.62815745260264,-37.194867002218786],[-72.62829902173901,-37.194906677386335],[-72.62842758881892,-37.19493997910073],[-72.62855843684068,-37.19493258023774],[-72.62878632510088,-37.194918819127494],[-72.62895520930556,-37.194910252963965],[-72.62916522071252,-37.19487672481414],[-72.62932939266518,-37.19485814511092]]]}},{"type":"Feature","properties":{"zona_code":"ZPD","zona":"ZPD Zona de protección de drenajes","comuna":"Yumbel"},"geometry":{"type":"Polygon","coordinates":[[[-72.61943612377652,-37.19754633157286],[-72.6194326957682,-37.197139389877414],[-72.61945560089963,-37.19714472860569],[-72.61960058821369,-37.197167379889486],[-72.6197506104293,-37.19720680625035],[-72.61990989400913,-37.19726287904497],[-72.6200477232349,-37.19731283560318],[-72.62013679881309,-37.197316881750254],[-72.620181995797,-37.197288411912986],[-72.62026425854309,-37.19723849223822],[-72.62039157985748,-37.19706868908411],[-72.62046573593499,-37.19693775770317],[-72.620541508981,-37.196840634915574],[-72.62063631157149,-37.19669891368784],[-72.62068527190146,-37.19657213864711],[-72.62071016633446,-37.19647318674201],[-72.62074986505968,-37.19632976600028],[-72.62076242756788,-37.19614993121206],[-72.62075676921819,-37.19603159871278],[-72.62076346583282,-37.195906117408654],[-72.62079909975972,-37.19576620714596],[-72.62085309297476,-37.195656207180164],[-72.62091131343935,-37.195546077637545],[-72.62098595289979,-37.195425288697884],[-72.6210457881638,-37.195348968587474],[-72.62114479241801,-37.19529514986213],[-72.6212740260109,-37.19525395048365],[-72.62141642423441,-37.195222505082654],[-72.62155411010511,-37.19518104621538],[-72.62167911706446,-37.195139975069836],[-72.62179176910908,-37.19510605450909],[-72.62183534637776,-37.19504377349904],[-72.62186836827685,-37.19493780195513],[-72.62193619167675,-37.194763047548484],[-72.62200466169392,-37.194601816008095],[-72.62205651558965,-37.1945371813662],[-72.62219018233193,-37.19469771226666],[-72.62225237137598,-37.19486864405913],[-72.62224207273617,-37.19487557386994],[-72.62221277111529,-37.1950593075025],[-72.62211194688864,-37.195252001945896],[-72.621955717491,-37.19534820297537],[-72.62174844952047,-37.195439194366024],[-72.62154298196172,-37.195479342368166],[-72.62131654477952,-37.19552351797782],[-72.62120597260666,-37.19568942308332],[-72.62113717585905,-37.19584389212009],[-72.62109941843974,-37.19602788449166],[-72.6210660491362,-37.19621512732733],[-72.62109494186967,-37.19637676437811],[-72.62105263488384,-37.19655412348094],[-72.62099570836948,-37.19669130071246],[-72.62092349250595,-37.19686280389802],[-72.62082381714097,-37.19699113110927],[-72.62070120917535,-37.19717094719037],[-72.6205883466907,-37.197377552545994],[-72.62046721533024,-37.19749976436522],[-72.62033894681505,-37.197561248409855],[-72.62014647583143,-37.19760776883632],[-72.62002781399364,-37.197604628488236],[-72.61964063045127,-37.19756230028096],[-72.61943612377652,-37.19754633157286]]]}},{"type":"Feature","properties":{"zona_code":"Agua","zona":"Río Claro","comuna":"Yumbel"},"geometry":{"type":"Polygon","coordinates":[[[-72.61616365872554,-37.19804068638543],[-72.61617336180025,-37.19803230771536],[-72.61677009104895,-37.1974994163345],[-72.61685464452368,-37.19740879916498],[-72.61695537718877,-37.19756824126593],[-72.61707285408154,-37.197723785531565],[-72.61718107078855,-37.19786268288207],[-72.6172998670988,-37.19795724035154],[-72.61740988724041,-37.19804529466859],[-72.6174916171157,-37.198161301742886],[-72.61755221399449,-37.198277953254646],[-72.61764191064454,-37.1983835584552],[-72.6177252819392,-37.1984453406735],[-72.61776622823194,-37.19850503369897],[-72.61778797969794,-37.198605944472384],[-72.61782663816797,-37.19870633836296],[-72.61790381925877,-37.19881571182119],[-72.61799026042274,-37.198941731068814],[-72.61810060647032,-37.19903654582469],[-72.61820021316306,-37.19917232033035],[-72.61828275242607,-37.19930522986794],[-72.61834642195075,-37.199486119142485],[-72.61842441154383,-37.1996123970477],[-72.61847330250382,-37.19974972141087],[-72.61849228311372,-37.19988118922874],[-72.61858815061845,-37.20002723489926],[-72.6186656566743,-37.200143369817226],[-72.6186944094167,-37.20021359294777],[-72.61872135910352,-37.20033465982893],[-72.61875329515753,-37.200648567801146],[-72.61877193011055,-37.20086130705248],[-72.61878668594856,-37.200992904331244],[-72.6188180256137,-37.20111722178959],[-72.6188565246986,-37.20121423443993],[-72.6188658985688,-37.201410326972564],[-72.61886991496931,-37.20158288322791],[-72.61887541071631,-37.20169783381465],[-72.61892201608956,-37.20187585892496],[-72.61896504140608,-37.20206753640986],[-72.61897215262665,-37.20221629739274],[-72.6189540422059,-37.202457247785524],[-72.61891433851719,-37.202600667602844],[-72.6188748201863,-37.20265943591292],[-72.61889770715327,-37.20278401230784],[-72.6188775190275,-37.202892976946885],[-72.61881751336594,-37.20296591553087],[-72.61866191095261,-37.20307563702056],[-72.6185936133668,-37.20315221537687],[-72.61854497808724,-37.2032063843009],[-72.61852824977831,-37.20320161661439],[-72.61775528039846,-37.20296752494899],[-72.61775029667541,-37.2029545393025],[-72.61773667292799,-37.20284660863422],[-72.61776693086898,-37.202771194862166],[-72.61783164950457,-37.202708270265305],[-72.61785587796014,-37.202683827830434],[-72.6179690273438,-37.20266005244748],[-72.61797914728655,-37.20251753737968],[-72.61794681400062,-37.202460966444406],[-72.61797968105935,-37.202351613607405],[-72.61800458243576,-37.202252662572775],[-72.61801971116202,-37.20221495519124],[-72.6179734314234,-37.20204369171562],[-72.61792095969558,-37.20192001952705],[-72.61788588012443,-37.201805973303834],[-72.61787809893153,-37.201731722710626],[-72.6178389795077,-37.201533153563645],[-72.61779251273865,-37.20144654146405],[-72.61778346532412,-37.20125720995842],[-72.61778822706054,-37.201091157647895],[-72.6178053211881,-37.20100598842616],[-72.61783625029365,-37.200856065091486],[-72.61779061779698,-37.20069832535895],[-72.61772110625584,-37.20048375574373],[-72.61764930696194,-37.20030988605869],[-72.6175766749865,-37.2002071457962],[-72.61752778657704,-37.200069820240905],[-72.61742818112599,-37.19993404611225],[-72.61738707149364,-37.19987097108422],[-72.6173636781124,-37.19982428492896],[-72.61729527238677,-37.19972141416019],[-72.6172606800003,-37.19961751065493],[-72.61723957396315,-37.199530123601],[-72.61718646004043,-37.199392927355554],[-72.61711415200604,-37.199296947839834],[-72.61705632772298,-37.19914973811806],[-72.61694961586339,-37.1988652016935],[-72.61678815074248,-37.198497693471644],[-72.61672332848764,-37.19838117011923],[-72.61664760324194,-37.198302224538466],[-72.61647208769212,-37.19817215461149],[-72.616255762072,-37.19807380518881],[-72.61616365872554,-37.19804068638543]]]}},{"type":"Feature","properties":{"zona_code":"Agua","zona":"Río Claro","comuna":"Yumbel"},"geometry":{"type":"Polygon","coordinates":[[[-72.61733222732367,-37.207123791620276],[-72.61728470783665,-37.2070453500695],[-72.61734041687569,-37.207043645985365],[-72.61749191223326,-37.20711350256217],[-72.61756797147281,-37.207199208865525],[-72.61766745184235,-37.20724356892723],[-72.61778822884156,-37.207290663602954],[-72.61788038836829,-37.20735894814035],[-72.61806863388321,-37.207400592373354],[-72.61819396205591,-37.2074543182176],[-72.61831390698207,-37.2075725417825],[-72.61840870145744,-37.20751885460284],[-72.61849277822998,-37.20741809293874],[-72.61829580414211,-37.207193878949084],[-72.61820041325538,-37.20705797664774],[-72.61808518055284,-37.20694976729142],[-72.61803967921634,-37.2068834418186],[-72.61799826797768,-37.206725573583604],[-72.61783430424715,-37.20648342042854],[-72.61766662427758,-37.2061635061008],[-72.61750123309285,-37.20580289072803],[-72.61743368117286,-37.20554085910375],[-72.61740624560001,-37.205409650046114],[-72.61730420801919,-37.20522316138162],[-72.61725746761249,-37.20495372246438],[-72.61728839986374,-37.204803798558174],[-72.61731642293871,-37.20459301840374],[-72.61732638276447,-37.2044471225307],[-72.6174270673724,-37.204251049567716],[-72.61749897316146,-37.20407278637787],[-72.61750193304738,-37.203957576978894],[-72.6174897635945,-37.20388007396273],[-72.61753189457416,-37.20378736724104],[-72.61764264814936,-37.2036248456041],[-72.61763389734968,-37.203530309303275],[-72.61770609930477,-37.20344684110228],[-72.61776790921715,-37.20332305942238],[-72.61778874523519,-37.20322761884247],[-72.61776593168001,-37.20310886009247],[-72.61841818471507,-37.203311858096114],[-72.61835864836164,-37.20337271085558],[-72.61831945286278,-37.203438240856556],[-72.618243347395,-37.20352860080221],[-72.61821473022847,-37.203549790906585],[-72.61815617879932,-37.2036531576898],[-72.61812037591223,-37.20378968667506],[-72.6181214818779,-37.203901386619044],[-72.61808015960787,-37.20401099742896],[-72.61807200395413,-37.20410605060805],[-72.61807715005827,-37.20430227342882],[-72.61809627010015,-37.204525154620924],[-72.6181016027772,-37.20463672510255],[-72.61807134428938,-37.204712139824636],[-72.61806335033351,-37.20481057394546],[-72.61807385491265,-37.2050303330647],[-72.61809609481837,-37.205141386649004],[-72.61814272584198,-37.20523137872631],[-72.61816302722697,-37.205301860902225],[-72.6181724261507,-37.205409920089394],[-72.61817269934626,-37.20559274852957],[-72.61818616328618,-37.20569729820826],[-72.61820972176481,-37.205747365217725],[-72.61829926807562,-37.205849588329215],[-72.6184011715372,-37.20594466109835],[-72.6184388652038,-37.206024769148435],[-72.61846533276884,-37.20613569231634],[-72.61852316667346,-37.206282901518556],[-72.618579708199,-37.20640306310189],[-72.61867639277209,-37.20656601272363],[-72.61873683679175,-37.20667928284412],[-72.61876330609938,-37.20679020598007],[-72.61883449213133,-37.20686251716086],[-72.61892191571243,-37.207008820798734],[-72.61900333432118,-37.20711806339938],[-72.61921936642787,-37.20720964410197],[-72.6192951040006,-37.20728858745587],[-72.61942366515552,-37.20740993100853],[-72.619521346245,-37.20750513242619],[-72.6195814695805,-37.20761163938164],[-72.61967866540998,-37.20769669781803],[-72.61995286168381,-37.20794224698179],[-72.62005086795396,-37.20804420991126],[-72.62018497424077,-37.208104437468414],[-72.62045074185276,-37.20826221037282],[-72.62059328194523,-37.2084102117963],[-72.62074005075846,-37.20855808265048],[-72.62104695754094,-37.20869089495645],[-72.6213701267336,-37.208809665376464],[-72.62175360718267,-37.20895028850157],[-72.6219764831462,-37.20900779577528],[-72.62220472062893,-37.20908883973537],[-72.62231247835756,-37.209217588426],[-72.62234967269345,-37.20937558504411],[-72.62240931760387,-37.20947194790452],[-72.62254650366013,-37.20959640919393],[-72.62265345357788,-37.20970825376019],[-72.6228693356674,-37.209796446319444],[-72.62323981868896,-37.20993069089491],[-72.62331621032868,-37.21002315477787],[-72.6233665935109,-37.21010287260752],[-72.62349647912094,-37.21016322533773],[-72.62366701741523,-37.21018847387003],[-72.62384732286807,-37.210152477920026],[-72.62402208723556,-37.21017759717807],[-72.62436332656114,-37.21023147345453],[-72.62451044590462,-37.210298069266614],[-72.62463056639216,-37.21041966510824],[-72.62478157307834,-37.21056740072038],[-72.6250493344362,-37.21058966826618],[-72.62524782814194,-37.21066823255939],[-72.62543673289859,-37.21072338835081],[-72.62567195912624,-37.21086177055067],[-72.62595237255933,-37.211059712232675],[-72.62624433356538,-37.211233598333735],[-72.6264724050997,-37.211399285206255],[-72.62664032494104,-37.21154650055415],[-72.62681963145539,-37.21166627975396],[-72.62718533957846,-37.21176816335423],[-72.62704686608146,-37.21199112524666],[-72.62692748912018,-37.2121783198707],[-72.62655310430284,-37.212023193368296],[-72.6259737107152,-37.21177008656991],[-72.62570759687625,-37.2116055643624],[-72.62554487558879,-37.21147850370595],[-72.62523713952577,-37.211328800407884],[-72.62495329465958,-37.21123592321839],[-72.62479494859329,-37.2112001445582],[-72.6246650589817,-37.21113979404286],[-72.62454184282295,-37.211041993608035],[-72.62431733988814,-37.2109506814115],[-72.62390945396348,-37.21083113061485],[-72.6237459107776,-37.210775194539366],[-72.62360985406927,-37.21067440117604],[-72.62341233346412,-37.21061612079657],[-72.62319058379097,-37.210582281770996],[-72.62307873835208,-37.21054507776537],[-72.6229813729878,-37.21045664184472],[-72.62285245737559,-37.210416573327265],[-72.62257739515033,-37.2103301932929],[-72.62244099679654,-37.210310669237884],[-72.62225081955546,-37.2101404286619],[-72.62208307247415,-37.20999658749045],[-72.62195369267802,-37.20985834270315],[-72.62177407442653,-37.209731793705465],[-72.62167752050556,-37.209660260637655],[-72.62158064388844,-37.209581966511486],[-72.62156114717143,-37.20952838956581],[-72.62148912620722,-37.209527208485184],[-72.62151675304685,-37.209573764409754],[-72.62161037444677,-37.20967247387555],[-72.62151689398198,-37.2096651787205],[-72.62137839480219,-37.209601701156224],[-72.62127826113583,-37.20954382113021],[-72.62119275022879,-37.20952612377966],[-72.62107961283226,-37.209461869457],[-72.62093623947997,-37.20938499802984],[-72.62086569583117,-37.20932621178275],[-72.62077939849824,-37.2092035769662],[-72.62069862185174,-37.20910785924928],[-72.62071453751092,-37.20917508874282],[-72.62076491737704,-37.20925480757527],[-72.62078928720754,-37.20932177889043],[-72.62085983079056,-37.20938056518089],[-72.62097329069627,-37.2094515806888],[-72.62118981782923,-37.20955330003964],[-72.62126735941861,-37.20958139933865],[-72.6214237386564,-37.2096646445225],[-72.62154923392612,-37.20972174794006],[-72.62165246228015,-37.20975583242889],[-72.62176088757097,-37.20981007204006],[-72.62191352566742,-37.20990358811849],[-72.62198439469054,-37.20996913569112],[-72.62207004791372,-37.21007824591927],[-72.62218464300939,-37.21017292699113],[-72.62237872433904,-37.21033627709465],[-72.62243610382923,-37.210385307543575],[-72.62252827023549,-37.210453588683755],[-72.62264157131153,-37.210521221736876],[-72.62279226965853,-37.210574166254965],[-72.62297142489176,-37.210602537555935],[-72.62317626600216,-37.21063689456668],[-72.62334338732649,-37.210679177064065],[-72.62355830163379,-37.21074708367488],[-72.62375695504709,-37.210829030458676],[-72.6238492853373,-37.210900690679196],[-72.62400435750953,-37.211044917579315],[-72.6241594302688,-37.21118914429359],[-72.62425289278065,-37.21128446993401],[-72.6243668451414,-37.21136562524],[-72.62449054795073,-37.211473567823774],[-72.62460514821919,-37.21156824671035],[-72.6246812200195,-37.21165394701849],[-72.62473941040811,-37.21171988115188],[-72.62477581869666,-37.21177293805912],[-72.62481468973591,-37.21186847290382],[-72.62473027097434,-37.211830357138275],[-72.62471160239201,-37.21175797752503],[-72.62462984640054,-37.211641978362294],[-72.62449313849166,-37.21152766211788],[-72.62443672948316,-37.21149891832186],[-72.62439674176753,-37.21145951297366],[-72.6242650711264,-37.211361971571236],[-72.6241342113369,-37.21128133480237],[-72.62402774107449,-37.211179635165145],[-72.62387121315693,-37.211004979769235],[-72.62371743686901,-37.210887800315184],[-72.62359567995917,-37.21082042751064],[-72.6234402671597,-37.210757470747055],[-72.6232603033122,-37.21071219451216],[-72.62312667377321,-37.210662113935484],[-72.62300734520404,-37.21064545389359],[-72.62274900988217,-37.2106432082356],[-72.62263196528092,-37.2105858467925],[-72.62252808830297,-37.21053824021501],[-72.62248875021173,-37.21051235808423],[-72.62241072224036,-37.21047411670123],[-72.62238325543927,-37.21043094189256],[-72.62228295900212,-37.21036968172781],[-72.62223842298755,-37.2103236434054],[-72.62202059835325,-37.21019487917308],[-72.62171728255215,-37.209960384186004],[-72.62160121175182,-37.20992330750488],[-72.62148888217916,-37.209875959192246],[-72.621385006953,-37.20982835076454],[-72.62133608274188,-37.20977906073117],[-72.62126553841902,-37.209720274702356],[-72.62125221040796,-37.20970713956472],[-72.62114281496304,-37.20963261380247],[-72.62112509794554,-37.20961622724552],[-72.62098057001239,-37.20960372164209],[-72.6209331027487,-37.20958485911768],[-72.62079672810843,-37.20947730079885],[-72.62074796648764,-37.20943139059438],[-72.62061207712465,-37.20933397401764],[-72.62052869067524,-37.20927219521415],[-72.62043343292119,-37.2092277087973],[-72.62042287588824,-37.20918401548508],[-72.62035720649025,-37.20913862322383],[-72.62019692636771,-37.20906226812643],[-72.62010363258273,-37.20897031865419],[-72.61990175220582,-37.20882074698294],[-72.61974669362334,-37.20867651421093],[-72.61958969505402,-37.208491710747346],[-72.61949610107195,-37.20830496651656],[-72.61929664973121,-37.20820610726754],[-72.61921278110337,-37.20813418386605],[-72.61910826220637,-37.208073050644],[-72.61897611989032,-37.207965360008394],[-72.61888705477058,-37.207873280163795],[-72.61876484457824,-37.207707725620935],[-72.6186663571568,-37.207595619779106],[-72.61859613954972,-37.20754359326829],[-72.6185686770706,-37.2075004176905],[-72.61843193689015,-37.20756215966987],[-72.6183501469218,-37.20762222132048],[-72.61826138194523,-37.207624936200894],[-72.61816938361274,-37.20756003199352],[-72.61811136283096,-37.20749747583043],[-72.61807122094466,-37.207454687600084],[-72.61797319312083,-37.20744075638368],[-72.61781860022084,-37.207394695557106],[-72.6177350575173,-37.20732953398916],[-72.61769555984634,-37.20730026848996],[-72.61757965704916,-37.2072665690146],[-72.6174803373854,-37.20722558981181],[-72.61742280287065,-37.20717317529936],[-72.61733222732367,-37.207123791620276]]]}},{"type":"Feature","properties":{"zona_code":"ZIS","zona":"ZIS Zona de infraestructura sanitaria","comuna":"Yumbel"},"geometry":{"type":"Polygon","coordinates":[[[-72.55233046273736,-37.12171059770875],[-72.55236867154125,-37.121804258298766],[-72.55227076971366,-37.12260374065034],[-72.55136981301627,-37.122326031694634],[-72.55083082298864,-37.122193214367],[-72.55079805128231,-37.12149245864343],[-72.55087310526312,-37.12146989217441],[-72.55221002056783,-37.121666807587374],[-72.55233046273736,-37.12171059770875]]]}},{"type":"Feature","properties":{"zona_code":"ZIS","zona":"ZIS Zona de infraestructura sanitaria","comuna":"Yumbel"},"geometry":{"type":"Polygon","coordinates":[[[-72.62277311147413,-36.9873109281755],[-72.62274186196208,-36.98740838187843],[-72.62274501226489,-36.987608055469465],[-72.62272195144428,-36.987877941315176],[-72.6226852817502,-36.98830568855816],[-72.62220703133745,-36.98823396051688],[-72.62221897716887,-36.98781881912769],[-72.62223192531653,-36.987513690062805],[-72.62223553924974,-36.987412002048636],[-72.6225945497826,-36.98732823448663],[-72.62277311147413,-36.9873109281755]]]}},{"type":"Feature","properties":{"zona_code":"ZIS","zona":"ZIS Zona de infraestructura sanitaria","comuna":"Yumbel"},"geometry":{"type":"Polygon","coordinates":[[[-72.61946969159662,-37.204566096670156],[-72.61970357182439,-37.20476547826202],[-72.61937316885465,-37.20502614023664],[-72.61912442631375,-37.204781504523005],[-72.61946969159662,-37.204566096670156]]]}},{"type":"Feature","properties":{"zona_code":"ZP","zona":"ZP Zona productiva","comuna":"Yumbel"},"geometry":{"type":"Polygon","coordinates":[[[-72.55192142784881,-37.14931948860738],[-72.55105514120004,-37.15084684621051],[-72.5499419100728,-37.150379117901664],[-72.54852557762422,-37.149761326480494],[-72.54852346739943,-37.1497604681273],[-72.5489471232532,-37.149007165824685],[-72.54938539804836,-37.148249116643],[-72.55061158153916,-37.14878118232051],[-72.55169522287672,-37.149249793033654],[-72.55192142784881,-37.14931948860738]]]}},{"type":"Feature","properties":{"zona_code":"ZP","zona":"ZP Zona productiva","comuna":"Yumbel"},"geometry":{"type":"Polygon","coordinates":[[[-72.55080048234198,-37.15128149216861],[-72.54868539306185,-37.155016963050564],[-72.54764104319221,-37.153820500482944],[-72.54677662970595,-37.152884796271884],[-72.54580169082509,-37.151756010474884],[-72.54492571638751,-37.15075291828665],[-72.54412990656385,-37.14983545427947],[-72.5438973017514,-37.149564770170834],[-72.54367441067306,-37.149320883093004],[-72.54357263669534,-37.14913431617349],[-72.54349683914523,-37.148960515278894],[-72.54344196235101,-37.14869128187746],[-72.5434919366408,-37.14849340128039],[-72.54359978209986,-37.14826670017163],[-72.5443671273,-37.14857554981591],[-72.5453497881146,-37.14896598087003],[-72.54688735911441,-37.14964451258535],[-72.54824216980232,-37.150213379511186],[-72.55025361722672,-37.15107404549995],[-72.55080048234198,-37.15128149216861]]]}},{"type":"Feature","properties":{"zona_code":"Agua","zona":"Río Laja","comuna":"Yumbel"},"geometry":{"type":"Polygon","coordinates":[[[-72.4452045598237,-37.2134687333709],[-72.44528376579305,-37.21406201530834],[-72.44494313036094,-37.213926335140165],[-72.44461110581841,-37.21379379031887],[-72.44432759130255,-37.213703849267304],[-72.44399118652373,-37.21356804416398],[-72.44368415161229,-37.21351941870389],[-72.44334552132591,-37.213427693900385],[-72.44303456707792,-37.21338595354722],[-72.44270954479923,-37.213314147409264],[-72.44236507491532,-37.21328015221546],[-72.44201591526357,-37.21323613462987],[-72.44171042014426,-37.21322132030957],[-72.4413242858093,-37.21320207851071],[-72.44100141834498,-37.213177609336746],[-72.44062420057429,-37.213168263582894],[-72.44035722050944,-37.213162483633766],[-72.4399593239892,-37.21316389552212],[-72.43964452677379,-37.21322383825517],[-72.43925846709561,-37.21329939586801],[-72.43892691039356,-37.2133632104982],[-72.4385574540944,-37.21343151196488],[-72.43822435875306,-37.21346150838024],[-72.4378428314006,-37.21354370187785],[-72.43751880699075,-37.21358697756502],[-72.43712036604492,-37.21366966047618],[-72.43678503785245,-37.21374373637371],[-72.43640666035621,-37.21380213231332],[-72.43606510613826,-37.21383236836042],[-72.4356648199454,-37.21387446829725],[-72.43535224816728,-37.213890316702496],[-72.43496795099584,-37.21391163285121],[-72.43465130424283,-37.213930984043344],[-72.43424871445227,-37.213922354889526],[-72.43392146316954,-37.21389460734485],[-72.4335621590583,-37.21381361249137],[-72.43324605832719,-37.21375167941946],[-72.43289429243538,-37.2136501480444],[-72.43259479832501,-37.21358095854252],[-72.43220866172665,-37.21356168691177],[-72.43190724133976,-37.21354334269928],[-72.43154270509943,-37.213533600535065],[-72.43137780965235,-37.213538383507284],[-72.43114114863275,-37.21326759156228],[-72.43107061101783,-37.21301907032413],[-72.43109863326933,-37.212703355956464],[-72.4311842269277,-37.21244353489051],[-72.43129956903834,-37.212186237314974],[-72.43134664889214,-37.21191737523187],[-72.43129449186202,-37.211607371712645],[-72.43120689085953,-37.21135595968417],[-72.43113843558379,-37.211059973292535],[-72.43121331239544,-37.211030713431086],[-72.4312153358323,-37.21103045184537],[-72.43127894312286,-37.21117102434404],[-72.43131889898835,-37.21130530711593],[-72.43134993930475,-37.211429689960276],[-72.43143716992448,-37.21157953160861],[-72.4314724387718,-37.21170379169702],[-72.43151239633595,-37.21183807444066],[-72.4315179152338,-37.21195981186756],[-72.4315201277692,-37.21210196104003],[-72.43152426666553,-37.212193264101224],[-72.43151072852767,-37.21226815006987],[-72.43142908089882,-37.21233485258683],[-72.4314022439811,-37.21239657952752],[-72.43132543818083,-37.21247668642858],[-72.4312561681362,-37.21253625793991],[-72.43119327224431,-37.2126430491119],[-72.43115059590387,-37.21272893764311],[-72.43114535933094,-37.21280019628838],[-72.43114873280753,-37.21287459129613],[-72.43116479011552,-37.212948618126326],[-72.43121028995711,-37.21301840587818],[-72.43125625023036,-37.21309833810867],[-72.43133180666355,-37.213177411216456],[-72.43145718136938,-37.213234723449844],[-72.43160669743452,-37.213264247454745],[-72.43175621362678,-37.213293771274934],[-72.43190588231974,-37.213326675783726],[-72.4321432684722,-37.21333333329187],[-72.43240225458953,-37.21334952276819],[-72.43262165413695,-37.21333299869745],[-72.43291761970457,-37.21332441130589],[-72.43317737262126,-37.21335750626018],[-72.43335103033284,-37.21335923874355],[-72.43347125734662,-37.213396382711984],[-72.43371379258849,-37.21342320415282],[-72.43377274684534,-37.213509529758504],[-72.43383378082042,-37.21354839096923],[-72.43407138882351,-37.213653233229536],[-72.4342279814269,-37.21365207395695],[-72.43446160037146,-37.21366899415784],[-72.4346109650907,-37.21369513264095],[-72.4348486590297,-37.21370854834705],[-72.43521573449684,-37.2136809603949],[-72.43563492832875,-37.21368233198749],[-72.43591275383234,-37.2136471751702],[-72.43619734543886,-37.21357457570243],[-72.43639952559332,-37.21355177262847],[-72.43669641202357,-37.21356346565222],[-72.43697907765677,-37.213541709632956],[-72.43707978390545,-37.213521853877985],[-72.437177182887,-37.21352241084321],[-72.43748514464528,-37.21340510991094],[-72.43778318550936,-37.213349045759166],[-72.43827087369642,-37.213273926111405],[-72.43860258537318,-37.21321349424979],[-72.43887856267733,-37.21313775233424],[-72.43934856746826,-37.213046211137915],[-72.43977267842828,-37.21296954590097],[-72.44001836449023,-37.21297256056449],[-72.44025513352003,-37.21296567632518],[-72.44046153838775,-37.21294274403274],[-72.44077156688128,-37.21296420204492],[-72.44116269753252,-37.21300023063125],[-72.44141338062329,-37.21302002741454],[-72.44158311684154,-37.21302863355587],[-72.44183879699042,-37.21306521444217],[-72.44191113468997,-37.21307326791202],[-72.4420760270365,-37.213068471046036],[-72.44221432129777,-37.21303735918604],[-72.44242787593205,-37.2130785500094],[-72.44269547084637,-37.21309785156535],[-72.44286390229082,-37.2131708287114],[-72.44307684181311,-37.21319849207908],[-72.44336526997715,-37.21321041369184],[-72.44347673764649,-37.21324102946974],[-72.44387324794118,-37.21320917221532],[-72.44412531675002,-37.21325939678295],[-72.4441730561821,-37.21328509520758],[-72.44441889688248,-37.213291482556045],[-72.44457356835224,-37.213341155219794],[-72.4452045598237,-37.2134687333709]]]}},{"type":"Feature","properties":{"zona_code":"Agua","zona":"Estero Batuco","comuna":"Yumbel"},"geometry":{"type":"Polygon","coordinates":[[[-72.43118751961528,-37.21090533148576],[-72.43106527054903,-37.21094019766749],[-72.43084717871919,-37.210425072359726],[-72.43078093675477,-37.21027123587488],[-72.43068273682042,-37.20997272561248],[-72.43062519440028,-37.20973059963264],[-72.43051507840607,-37.20944936456832],[-72.43036529007394,-37.20922684338652],[-72.43018345604511,-37.20895107398922],[-72.43003713187949,-37.208711520785286],[-72.42981801685254,-37.2084537614166],[-72.42971020392552,-37.20822324997349],[-72.42962846357743,-37.20791410382241],[-72.42955416817132,-37.207675849050275],[-72.42950202383604,-37.20736584410094],[-72.4294863053821,-37.207112346451574],[-72.42940563932102,-37.20682687184913],[-72.42918006710342,-37.206613316595245],[-72.42897585051522,-37.206497337943595],[-72.42896656769904,-37.2063858676192],[-72.42926069233874,-37.206547491773506],[-72.42937829602104,-37.20669052920609],[-72.42945703025948,-37.20679321450437],[-72.42954196115858,-37.20696259439798],[-72.42958802347987,-37.207091621369905],[-72.42961081901883,-37.207314439297306],[-72.4296596841123,-37.20745862342354],[-72.42968802399461,-37.20761694543865],[-72.42981994829321,-37.208005902458105],[-72.42987086942955,-37.208288852954745],[-72.42995147609443,-37.208479520631315],[-72.43007144933519,-37.20860471260396],[-72.43017705585714,-37.20869307374531],[-72.43041713341329,-37.20913307061214],[-72.43053701921934,-37.209349687079666],[-72.43066459595677,-37.20954914995869],[-72.43071331201375,-37.20968995105543],[-72.43074064622616,-37.2099194088216],[-72.43107501083927,-37.2106648002108],[-72.43118751961528,-37.21090533148576]]]}},{"type":"Feature","properties":{"zona_code":"ZRI","zona":"ZRI Zona de restriccion por inundación","comuna":"Yumbel"},"geometry":{"type":"Polygon","coordinates":[[[-72.62770040967617,-36.98469361266447],[-72.62773534236325,-36.9848956999861],[-72.62811111042798,-36.984809710783],[-72.62836384450372,-36.98515411208709],[-72.62797997792357,-36.98542488248084],[-72.6276397352869,-36.98563675607942],[-72.6273384218289,-36.98577971956061],[-72.62692993981496,-36.98597674942512],[-72.62685459599967,-36.98590117848267],[-72.62672227427989,-36.985825656514066],[-72.62652802102585,-36.985779117352656],[-72.62656827436048,-36.98564922084385],[-72.62647325172293,-36.98533723655093],[-72.62708105630854,-36.985071470901396],[-72.62770040967617,-36.98469361266447]]]}},{"type":"Feature","properties":{"zona_code":"ZRI","zona":"ZRI Zona de restriccion por inundación","comuna":"Yumbel"},"geometry":{"type":"Polygon","coordinates":[[[-72.62651130482045,-36.9858270311886],[-72.62662742819201,-36.9858725753026],[-72.62677361627505,-36.98592904966748],[-72.6268556842652,-36.98601288064283],[-72.6268182620777,-36.98615792677036],[-72.62678247358383,-36.98647052703694],[-72.62668025134423,-36.98631790124426],[-72.62658726336986,-36.986181922851515],[-72.62643252165127,-36.98603428988886],[-72.62651130482045,-36.9858270311886]]]}},{"type":"Feature","properties":{"zona_code":"ZRI","zona":"ZRI Zona de restriccion por inundación","comuna":"Yumbel"},"geometry":{"type":"Polygon","coordinates":[[[-72.62632255097596,-36.98580741058485],[-72.6262967946845,-36.98588332408152],[-72.62627543096384,-36.98588164936736],[-72.62619697985758,-36.98587389106184],[-72.62618750608532,-36.985852172042414],[-72.62620121251697,-36.985829745195986],[-72.62625738602713,-36.98581278948649],[-72.62632255097596,-36.98580741058485]]]}},{"type":"Feature","properties":{"zona_code":"ZRI","zona":"ZRI Zona de restriccion por inundación","comuna":"Yumbel"},"geometry":{"type":"Polygon","coordinates":[[[-72.62422720530127,-36.98553458366307],[-72.6241693249255,-36.98547117405212],[-72.6240902011323,-36.98542703628701],[-72.62386114921438,-36.98535870087134],[-72.6236568631229,-36.98527860432575],[-72.62345183495641,-36.98522730937476],[-72.62323928046935,-36.985150850589974],[-72.62294245660249,-36.98503294904391],[-72.62303717387279,-36.985005506201446],[-72.623387482464,-36.985138702964264],[-72.6237344002058,-36.98524491378073],[-72.62385473656765,-36.98529033226453],[-72.6239970277083,-36.98535370117485],[-72.62412515049144,-36.98538533690332],[-72.6241924032027,-36.98542391247565],[-72.62427675528932,-36.98546704364549],[-72.6242654766362,-36.985496168145374],[-72.62422720530127,-36.98553458366307]]]}},{"type":"Feature","properties":{"zona_code":"ZRI","zona":"ZRI Zona de restriccion por inundación","comuna":"Yumbel"},"geometry":{"type":"Polygon","coordinates":[[[-72.62314432379195,-36.98499546003169],[-72.62321828799395,-36.98497542396867],[-72.62343270827868,-36.98504674710182],[-72.62358950966033,-36.98510459420728],[-72.62376997215895,-36.98517187590778],[-72.62392629207888,-36.985219579509206],[-72.62417093758492,-36.98530521431695],[-72.62422871822639,-36.985322070728955],[-72.62436103535715,-36.985397595345155],[-72.62449963389545,-36.985383200144646],[-72.62450502803331,-36.985439332168056],[-72.62448505538391,-36.98545390350894],[-72.62439849570862,-36.98545316357187],[-72.62430862474686,-36.985427130958165],[-72.62418732491624,-36.98536142769169],[-72.62412362559182,-36.985353217195645],[-72.62399485981793,-36.98530805735976],[-72.62388068523254,-36.9852590655738],[-72.62366407667912,-36.98518611685185],[-72.62351343699945,-36.98512469551582],[-72.62335962570134,-36.98508537889783],[-72.62314432379195,-36.98499546003169]]]}},{"type":"Feature","properties":{"zona_code":"Agua","zona":"Estero Nahuelcura","comuna":"Yumbel"},"geometry":{"type":"Polygon","coordinates":[[[-72.62692993981496,-36.98597674942512],[-72.6268556842652,-36.98601288064283],[-72.62677361627505,-36.98592904966748],[-72.62662742819201,-36.9858725753026],[-72.62651130482045,-36.9858270311886],[-72.62641721801887,-36.98580112941366],[-72.62632255097596,-36.98580741058485],[-72.62625738602713,-36.98581278948649],[-72.62620121251697,-36.985829745195986],[-72.62618750608532,-36.985852172042414],[-72.62619697985758,-36.98587389106184],[-72.62627543096384,-36.98588164936736],[-72.6262967946845,-36.98588332408152],[-72.62632203263279,-36.98588530250894],[-72.62636863427919,-36.98588895653303],[-72.62641367189279,-36.985948525786746],[-72.62643252165127,-36.98603428988886],[-72.62658726336986,-36.986181922851515],[-72.62668025134423,-36.98631790124426],[-72.62678247358383,-36.98647052703694],[-72.62677635615832,-36.986563827044044],[-72.6266867788063,-36.98641081431188],[-72.62660043382965,-36.98628140449118],[-72.6265242054061,-36.98618723769799],[-72.62641564417297,-36.98607882267269],[-72.62636404339881,-36.986014376242906],[-72.62629265442114,-36.98597762162589],[-72.62627788436964,-36.98597373202527],[-72.62616015500909,-36.98594273643266],[-72.62606330048565,-36.9859473910682],[-72.62592787116851,-36.98593968305474],[-72.62583410560539,-36.98592054196155],[-72.62561745739363,-36.98593563257617],[-72.62539376281754,-36.98593570156713],[-72.62524990447754,-36.98592824946153],[-72.6250125042668,-36.98595074538047],[-72.62475695921162,-36.98594670767536],[-72.6246598635872,-36.98594629052497],[-72.62467350949824,-36.98587815500061],[-72.62488909569605,-36.98588510694931],[-72.62505151740518,-36.98588352674412],[-72.6251411668007,-36.98586046980803],[-72.62528666874833,-36.985813696418255],[-72.62530824245972,-36.98577917762978],[-72.62530356540942,-36.985725146334815],[-72.62526517062958,-36.98567214530915],[-72.62522822240142,-36.98564957349869],[-72.62514493252677,-36.98558440215912],[-72.62528393349479,-36.98557845862001],[-72.62535485797197,-36.9855610532588],[-72.62544223852075,-36.98553467921399],[-72.62566320078767,-36.98547713359085],[-72.62578957502983,-36.985427558787606],[-72.62614467819816,-36.98535067306248],[-72.62618852995132,-36.98534086634175],[-72.62605695768515,-36.98541430217276],[-72.62591494924679,-36.9854457327028],[-72.62581127180512,-36.985484455888496],[-72.62571449782888,-36.98549080166505],[-72.6255977754425,-36.985521458065804],[-72.6253672420465,-36.98559961238415],[-72.6253326224879,-36.985626065432896],[-72.62533414901907,-36.98565818516433],[-72.62533471116106,-36.985670019645504],[-72.62536889032944,-36.98572314806645],[-72.6254260711839,-36.985816206176025],[-72.6256966869876,-36.985826552517075],[-72.62586097589899,-36.98581983550718],[-72.62608322334219,-36.985789336395726],[-72.62633043582828,-36.98575130185631],[-72.62645055146429,-36.98574762784331],[-72.62652802102585,-36.985779117352656],[-72.62672227427989,-36.985825656514066],[-72.62685459599967,-36.98590117848267],[-72.62692993981496,-36.98597674942512]]]}},{"type":"Feature","properties":{"zona_code":"Agua","zona":"Estero Nahuelcura","comuna":"Yumbel"},"geometry":{"type":"Polygon","coordinates":[[[-72.62450947635415,-36.985856928358494],[-72.62449767745709,-36.98596394653047],[-72.6240996596371,-36.985937175479364],[-72.62396423068769,-36.98592946433031],[-72.62381322828672,-36.985949317054256],[-72.62364301918078,-36.98596467709663],[-72.62348609561516,-36.985993175260795],[-72.62326683686649,-36.986042200033516],[-72.62309572374878,-36.98608298197077],[-72.62296091760322,-36.98613281120407],[-72.6228316293463,-36.98616554276883],[-72.6226076721827,-36.98620455234295],[-72.62240486890954,-36.986244608149626],[-72.6222036920985,-36.98627445643891],[-72.6220679204398,-36.98630399935732],[-72.62189048428382,-36.98634497184077],[-72.62173550688323,-36.98637002251992],[-72.6215645532858,-36.986414182321255],[-72.62133142221987,-36.986482250427116],[-72.62134003329281,-36.98644135677646],[-72.62152907056353,-36.98637802118229],[-72.62164352857916,-36.986344051988326],[-72.6219953085464,-36.98628590194614],[-72.62206575370946,-36.986258355553545],[-72.62249478168319,-36.986182607399186],[-72.62264247404502,-36.98613746374453],[-72.622804575314,-36.98612912459591],[-72.62301996193293,-36.98604297268553],[-72.6232940905209,-36.98599396424498],[-72.62355485320991,-36.98593012719406],[-72.62374232264968,-36.98592270402095],[-72.62385491168565,-36.98589386828639],[-72.62398897563168,-36.98587284086228],[-72.62414329018766,-36.985878281445714],[-72.6243061128241,-36.98588515390846],[-72.62450947635415,-36.985856928358494]]]}},{"type":"Feature","properties":{"zona_code":"Agua","zona":"Estero Nahuelcura","comuna":"Yumbel"},"geometry":{"type":"Polygon","coordinates":[[[-72.62124443142638,-36.986450202556014],[-72.62127372245347,-36.98646708312493],[-72.6212833557935,-36.986492183519445],[-72.62119451635522,-36.98651013386364],[-72.62096795913207,-36.98656107091302],[-72.62075380361638,-36.986606549640285],[-72.62041566718541,-36.98668544099868],[-72.62008615905627,-36.986768300429326],[-72.61975251546802,-36.986852978459865],[-72.6197627533357,-36.98680187691801],[-72.62052828097907,-36.98661259025696],[-72.62124443142638,-36.986450202556014]]]}},{"type":"Feature","properties":{"zona_code":"Agua","zona":"Estero Tomeco","comuna":"Yumbel"},"geometry":{"type":"Polygon","coordinates":[[[-72.62523319567352,-36.98529897849205],[-72.62516793134395,-36.985346683760284],[-72.6251238197088,-36.98539543603952],[-72.62516869611153,-36.98545162381499],[-72.62517833064022,-36.98547672393782],[-72.62512410338226,-36.98549023303853],[-72.6250554048053,-36.98542122877209],[-72.6250145632363,-36.98540554817272],[-72.62491495886817,-36.98539674284896],[-72.62475916217683,-36.98544890903959],[-72.62467276353736,-36.98545155123596],[-72.62456503203192,-36.98549378265666],[-72.62446556960879,-36.98553237544979],[-72.62426373189547,-36.98559272066297],[-72.62414263433368,-36.98562012379566],[-72.62390344740356,-36.98564944458533],[-72.62368434978545,-36.98570185118655],[-72.62360834703217,-36.985656770740334],[-72.62387575114339,-36.985599501657305],[-72.62422720530127,-36.98553458366307],[-72.6242654766362,-36.985496168145374],[-72.62427675528932,-36.98546704364549],[-72.6241924032027,-36.98542391247565],[-72.62412515049144,-36.98538533690332],[-72.6239970277083,-36.98535370117485],[-72.62385473656765,-36.98529033226453],[-72.6237344002058,-36.98524491378073],[-72.623387482464,-36.985138702964264],[-72.62303717387279,-36.985005506201446],[-72.62314432379195,-36.98499546003169],[-72.62335962570134,-36.98508537889783],[-72.62351343699945,-36.98512469551582],[-72.62366407667912,-36.98518611685185],[-72.62388068523254,-36.9852590655738],[-72.62399485981793,-36.98530805735976],[-72.62412362559182,-36.985353217195645],[-72.62418732491624,-36.98536142769169],[-72.62430862474686,-36.985427130958165],[-72.62439849570862,-36.98545316357187],[-72.62448505538391,-36.98545390350894],[-72.62450502803331,-36.985439332168056],[-72.6245625618075,-36.985397359331444],[-72.62467976648306,-36.98537684613178],[-72.62472468038419,-36.985344999123065],[-72.62482898131283,-36.98536381935846],[-72.6249835548006,-36.985330312876926],[-72.62523319567352,-36.98529897849205]]]}}]}