{"type":"FeatureCollection","name":"PRC_SanPedroDeLaPaz","crs":{"type":"name","properties":{"name":"urn:ogc:def:crs:OGC:1.3:CRS84"}},"features":[{"type":"Feature","properties":{"comuna":"SanPedroDeLaPaz","zona":"ZH-6","zona_code":"ZH-6","nombre":"ZH-6 Zona residencial","decreto":"Publicacion PRC San Pedro de la Paz. Decreto Alc. N°310. Fecha de promulgacion 10.03.2011. Fecha de publicacion D.O. 24.03.2011."},"geometry":{"type":"Polygon","coordinates":[[[-73.14544782201588,-36.824557166002926],[-73.14979062633162,-36.82612711256014],[-73.15051045985344,-36.826766313739036],[-73.15073035453332,-36.8271760861303],[-73.15082173465068,-36.82847044521071],[-73.14868680611089,-36.828451456797076],[-73.14871283309654,-36.82655953064851],[-73.14858130387725,-36.82656623850359],[-73.14855016724421,-36.828441340882804],[-73.145477599129,-36.82839949730407],[-73.14544771130244,-36.827734092687905],[-73.14528239764978,-36.82696806529832],[-73.14539849358938,-36.82660046634872],[-73.14544782201588,-36.824557166002926]],[[-73.1465672647438,-36.82553833794061],[-73.14705651161071,-36.826028031454804],[-73.14720989960921,-36.82603438925534],[-73.14712040167056,-36.825794376402904],[-73.1473326171183,-36.825675644315034],[-73.1472749028957,-36.8254843213701],[-73.14707233828697,-36.82544452817757],[-73.14685142512177,-36.82560457482755],[-73.1465672647438,-36.82553833794061]],[[-73.1467695082787,-36.82577441263409],[-73.14634713421495,-36.82591513186676],[-73.14633416176152,-36.82607963149233],[-73.14603291280021,-36.82630400036718],[-73.14659982231848,-36.82614065649977],[-73.14667984289878,-36.8259357327198],[-73.14685315849262,-36.825838866173804],[-73.1467695082787,-36.82577441263409]]]}},{"type":"Feature","properties":{"comuna":"SanPedroDeLaPaz","zona":"ZH-6","zona_code":"ZH-6","nombre":"ZH-6 Zona residencial","decreto":"Publicacion PRC San Pedro de la Paz. Decreto Alc. N°310. Fecha de promulgacion 10.03.2011. Fecha de publicacion D.O. 24.03.2011."},"geometry":{"type":"Polygon","coordinates":[[[-73.14520433149774,-36.82449179838398],[-73.14509360642306,-36.8271744516658],[-73.14526352998804,-36.82838384308446],[-73.14074654980674,-36.82831327344294],[-73.13968705691252,-36.828419832588004],[-73.13917520749618,-36.828682720919915],[-73.13897208078647,-36.829479928861744],[-73.13921131634825,-36.83098594013777],[-73.13906923521749,-36.83242441366032],[-73.13838940819939,-36.83392834656271],[-73.13791268692476,-36.836531371583796],[-73.13649033546267,-36.83643519634294],[-73.13607388728626,-36.836551802433654],[-73.13497378233073,-36.83706403134035],[-73.13354100979662,-36.838026629466405],[-73.13198804420371,-36.83826081757402],[-73.1316586693535,-36.83857579405815],[-73.13128840855951,-36.83805280050446],[-73.13100190958521,-36.83723559623362],[-73.1335879815942,-36.836094126949945],[-73.1346307146238,-36.83542093367675],[-73.13547585436682,-36.83468306221778],[-73.13666823217208,-36.8328916561879],[-73.13707493438436,-36.831912940041114],[-73.13711144368646,-36.83103924234057],[-73.13685992379362,-36.82940989820365],[-73.13731185244097,-36.82782851938212],[-73.13789539151816,-36.82713578389564],[-73.13929212534987,-36.82765020455466],[-73.13962987545906,-36.82761854924368],[-73.13949573267686,-36.82620037858629],[-73.13992135872837,-36.82570217989091],[-73.13918840120726,-36.82497651465022],[-73.1418889831638,-36.82414449038922],[-73.14217879286225,-36.823561042453846],[-73.14396458686265,-36.823819821476256],[-73.14520433149774,-36.82449179838398]]]}},{"type":"Feature","properties":{"comuna":"SanPedroDeLaPaz","zona":"ZRI-1","zona_code":"ZRI-1","nombre":"ZRI-1 Zona de riesgo de inundacion","decreto":"Publicacion PRC San Pedro de la Paz. Decreto Alc. N°310. Fecha de promulgacion 10.03.2011. Fecha de publicacion D.O. 24.03.2011."},"geometry":{"type":"Polygon","coordinates":[[[-73.14201089521576,-36.82353686907675],[-73.14196049709116,-36.823720786504474],[-73.14163739385168,-36.82409745906315],[-73.1390924563824,-36.82482724873123],[-73.13731452474391,-36.825507436804045],[-73.13645161664296,-36.826035712249336],[-73.13698251648287,-36.82467106099781],[-73.1370340768947,-36.824123911023214],[-73.1369805504377,-36.82348891846328],[-73.1366979198417,-36.82251170878303],[-73.13824667558968,-36.82243746642074],[-73.13887321637117,-36.82249653309261],[-73.14114257086143,-36.823341667078786],[-73.14201089521576,-36.82353686907675]]]}},{"type":"Feature","properties":{"comuna":"SanPedroDeLaPaz","zona":"ZE-1","zona_code":"ZE-1","nombre":"ZE-1 Zona de equipamiento mixto","decreto":"Publicacion PRC San Pedro de la Paz. Decreto Alc. N°310. Fecha de promulgacion 10.03.2011. Fecha de publicacion D.O. 24.03.2011."},"geometry":{"type":"Polygon","coordinates":[[[-73.13918840120726,-36.82497651465022],[-73.13992135872837,-36.82570217989091],[-73.13949573267686,-36.82620037858629],[-73.13962987545906,-36.82761854924368],[-73.13929212534987,-36.82765020455466],[-73.13789539151816,-36.82713578389564],[-73.13760820348689,-36.82697736364219],[-73.13665682551688,-36.82610049766156],[-73.13703131131318,-36.825816996104294],[-73.13785971333802,-36.82544825365507],[-73.13918840120726,-36.82497651465022]]]}},{"type":"Feature","properties":{"comuna":"SanPedroDeLaPaz","zona":"ZE-3","zona_code":"ZE-3","nombre":"ZE-3 Zona de equipamiento de esparcimiento","decreto":"Publicacion PRC San Pedro de la Paz. Decreto Alc. N°310. Fecha de promulgacion 10.03.2011. Fecha de publicacion D.O. 24.03.2011."},"geometry":{"type":"Polygon","coordinates":[[[-73.15341743468358,-36.828508072659545],[-73.15115049562577,-36.828494029595234],[-73.1511169501374,-36.82734217831108],[-73.15069217365038,-36.826535180338624],[-73.15100986314533,-36.826700200767554],[-73.15366056059639,-36.82708088445871],[-73.15369657091357,-36.82745413016194],[-73.15341743468358,-36.828508072659545]]]}},{"type":"Feature","properties":{"comuna":"SanPedroDeLaPaz","zona":"ZE-2","zona_code":"ZE-2","nombre":"ZE-2 Zona de equipamiento de esparcimiento","decreto":"Publicacion PRC San Pedro de la Paz. Decreto Alc. N°310. Fecha de promulgacion 10.03.2011. Fecha de publicacion D.O. 24.03.2011."},"geometry":{"type":"Polygon","coordinates":[[[-73.13644312134193,-36.82196591325452],[-73.13844021865187,-36.82187714710561],[-73.13908823193273,-36.82199811725119],[-73.14227505715907,-36.823063842694154],[-73.14392482631482,-36.823246614680116],[-73.14540894279055,-36.82394703213762],[-73.14881131072656,-36.825132927513046],[-73.14960719630581,-36.82515763296177],[-73.15013656851986,-36.82543677364291],[-73.15132403671313,-36.825738463072554],[-73.15304009222073,-36.825715885615864],[-73.15341222468832,-36.82616495993618],[-73.15373132637264,-36.82690873869874],[-73.15264893938374,-36.82669490193551],[-73.15124294309005,-36.826562219115885],[-73.14989622729006,-36.82587632631583],[-73.14556079325538,-36.82431881093714],[-73.14416087939503,-36.82361971087351],[-73.141242104525,-36.82302614558428],[-73.13904023904298,-36.82224056048729],[-73.13819994856796,-36.8221535198503],[-73.13654432361119,-36.82221377234508],[-73.13644312134193,-36.82196591325452]]]}},{"type":"Feature","properties":{"comuna":"SanPedroDeLaPaz","zona":"ZRC","zona_code":"ZRC","nombre":"ZRC Zona de riesgo costero","decreto":"Publicacion PRC San Pedro de la Paz. Decreto Alc. N°310. Fecha de promulgacion 10.03.2011. Fecha de publicacion D.O. 24.03.2011."},"geometry":{"type":"Polygon","coordinates":[[[-73.15304009222073,-36.825715885615864],[-73.15496932524142,-36.825745846936606],[-73.15554110998632,-36.82617338635931],[-73.15567888519195,-36.82649568079465],[-73.15548081110306,-36.82708982122376],[-73.15464264859986,-36.82850520004861],[-73.15403767954933,-36.828501963247945],[-73.15428640074022,-36.828031748062344],[-73.15434608906165,-36.82746008835411],[-73.1541694472409,-36.827161817029435],[-73.15373132637264,-36.82690873869874],[-73.15341222468832,-36.82616495993618],[-73.15304009222073,-36.825715885615864]]]}},{"type":"Feature","properties":{"comuna":"SanPedroDeLaPaz","zona":"ZRC","zona_code":"ZRC","nombre":"ZRC Zona de riesgo costero","decreto":"Publicacion PRC San Pedro de la Paz. Decreto Alc. N°310. Fecha de promulgacion 10.03.2011. Fecha de publicacion D.O. 24.03.2011."},"geometry":{"type":"Polygon","coordinates":[[[-73.15456017435496,-36.82875019350046],[-73.15397451397932,-36.82985548762823],[-73.15380330790866,-36.830924119416125],[-73.15373273796835,-36.832585370259075],[-73.15317515541201,-36.83252129631503],[-73.15326223285987,-36.83081104711982],[-73.15344332291149,-36.8296502179517],[-73.15391721929063,-36.82873405223218],[-73.15456017435496,-36.82875019350046]]]}},{"type":"Feature","properties":{"comuna":"SanPedroDeLaPaz","zona":"ZRC","zona_code":"ZRC","nombre":"ZRC Zona de riesgo costero","decreto":"Publicacion PRC San Pedro de la Paz. Decreto Alc. N°310. Fecha de promulgacion 10.03.2011. Fecha de publicacion D.O. 24.03.2011."},"geometry":{"type":"Polygon","coordinates":[[[-73.15370240717716,-36.82874918588933],[-73.15320450452697,-36.82970807600026],[-73.15303536019144,-36.830690542069924],[-73.15295312002849,-36.83251784607206],[-73.15265452220925,-36.83251320545904],[-73.15272397302236,-36.83058103717177],[-73.15291712594147,-36.829555845490475],[-73.1533349202212,-36.828743477075655],[-73.15370240717716,-36.82874918588933]]]}},{"type":"Feature","properties":{"comuna":"SanPedroDeLaPaz","zona":"ZE-3","zona_code":"ZE-3","nombre":"ZE-3 Zona de equipamiento de esparcimiento","decreto":"Publicacion PRC San Pedro de la Paz. Decreto Alc. N°310. Fecha de promulgacion 10.03.2011. Fecha de publicacion D.O. 24.03.2011."},"geometry":{"type":"Polygon","coordinates":[[[-73.1533349202212,-36.828743477075655],[-73.15306381397231,-36.82918871508378],[-73.15284141210863,-36.82983788393515],[-73.15268960590198,-36.83105457948548],[-73.15265452220925,-36.83251320545904],[-73.15119438163465,-36.83239814948251],[-73.1511754900639,-36.82872837900399],[-73.1533349202212,-36.828743477075655]]]}},{"type":"Feature","properties":{"comuna":"SanPedroDeLaPaz","zona":"ZE-3","zona_code":"ZE-3","nombre":"ZE-3 Zona de equipamiento de esparcimiento","decreto":"Publicacion PRC San Pedro de la Paz. Decreto Alc. N°310. Fecha de promulgacion 10.03.2011. Fecha de publicacion D.O. 24.03.2011."},"geometry":{"type":"Polygon","coordinates":[[[-73.152688066883,-36.83271074523782],[-73.1525479860705,-36.83757862661201],[-73.15051244872066,-36.837497713847824],[-73.15084994615934,-36.834615409717266],[-73.15121142972454,-36.83359899765067],[-73.15118964069057,-36.83259509410578],[-73.152688066883,-36.83271074523782]]]}},{"type":"Feature","properties":{"comuna":"SanPedroDeLaPaz","zona":"ZRC","zona_code":"ZRC","nombre":"ZRC Zona de riesgo costero","decreto":"Publicacion PRC San Pedro de la Paz. Decreto Alc. N°310. Fecha de promulgacion 10.03.2011. Fecha de publicacion D.O. 24.03.2011."},"geometry":{"type":"Polygon","coordinates":[[[-73.152688066883,-36.83271074523782],[-73.15300551039743,-36.832727992678905],[-73.1530389967486,-36.83340576568272],[-73.1528008108936,-36.83980517366402],[-73.15263918582659,-36.84047375635205],[-73.15233364028936,-36.84043822239029],[-73.15249302947844,-36.83890764837428],[-73.152688066883,-36.83271074523782]]]}},{"type":"Feature","properties":{"comuna":"SanPedroDeLaPaz","zona":"ZPL","zona_code":"ZPL","nombre":"ZPL Zona de playa","decreto":"Publicacion PRC San Pedro de la Paz. Decreto Alc. N°310. Fecha de promulgacion 10.03.2011. Fecha de publicacion D.O. 24.03.2011."},"geometry":{"type":"Polygon","coordinates":[[[-73.14960719630581,-36.82515763296177],[-73.15050616353074,-36.82503617378116],[-73.15151255660423,-36.82522421989362],[-73.1519568787526,-36.825218815593026],[-73.15212855995885,-36.825086033622604],[-73.15237442717681,-36.825052914312764],[-73.15237916378608,-36.824855969307436],[-73.15290122367557,-36.82480251441579],[-73.15311291767263,-36.824916626744766],[-73.15419823877075,-36.82500736759151],[-73.1543398838769,-36.8248494887257],[-73.1549399768605,-36.824735667946],[-73.15536750818369,-36.824791558737076],[-73.15601441955656,-36.82464151774819],[-73.15624704141153,-36.82452198913756],[-73.15659392882816,-36.82410870353861],[-73.15722876852449,-36.823823018343916],[-73.15706566287255,-36.82359884269408],[-73.15716048066163,-36.823477175615565],[-73.15702534000059,-36.82336425738823],[-73.15722763006734,-36.82323194241694],[-73.15748525849807,-36.82334675910143],[-73.15800343389888,-36.82409361263843],[-73.15821867396947,-36.824060006543476],[-73.15842893047436,-36.823595343821886],[-73.1585935153543,-36.823757971098914],[-73.15859791067798,-36.82421364635892],[-73.15835998189077,-36.82455474439093],[-73.15788913555016,-36.825027682787095],[-73.15697012004175,-36.8256660635431],[-73.15684083606436,-36.82594727340158],[-73.15663794727352,-36.8261042055075],[-73.15447715509298,-36.82997411690016],[-73.15431465695745,-36.83227425274657],[-73.15438678232113,-36.83246007805497],[-73.15440855355082,-36.835378758496205],[-73.15426363275965,-36.835672036048685],[-73.154288945508,-36.83844300610853],[-73.15416392054333,-36.8398201949862],[-73.15396387345325,-36.84049433989291],[-73.15386421613566,-36.84145325753025],[-73.15370278288952,-36.841795532678475],[-73.15370684846901,-36.84226351544114],[-73.1533554185349,-36.842861424698995],[-73.1533673951537,-36.84363737103722],[-73.15322977514049,-36.84426322981994],[-73.15330013239678,-36.84452290952279],[-73.1531266314537,-36.84472954544665],[-73.15313818310376,-36.848707035257114],[-73.15303266214711,-36.84927182377975],[-73.1531306927745,-36.84965507007151],[-73.15303900585832,-36.85028164086221],[-73.1531868372302,-36.85050558431303],[-73.15307251441608,-36.85079933485387],[-73.15316631473577,-36.8519952165781],[-73.15300298857748,-36.85305165135262],[-73.15308650761777,-36.854038041160834],[-73.15292279089452,-36.85574709169659],[-73.15302281232465,-36.856684483484585],[-73.15290791184879,-36.85891146455197],[-73.15301039666669,-36.8591100761323],[-73.15288370369015,-36.859280497312284],[-73.15291602721797,-36.85984742643484],[-73.15277282867004,-36.86006684595988],[-73.15286968408738,-36.86049932879766],[-73.15275504716016,-36.86080538750221],[-73.15275436219926,-36.861470312599025],[-73.15261254823953,-36.862268493777385],[-73.15271177612583,-36.862602504299616],[-73.15260909843039,-36.8636845064463],[-73.15265694088464,-36.86487967178326],[-73.15248112115714,-36.86645308104231],[-73.15259982342862,-36.86661500398766],[-73.1525161106587,-36.866909228892226],[-73.15257353567253,-36.86707019903436],[-73.15244327003457,-36.86738832707014],[-73.15241401481917,-36.867966612053216],[-73.15251947423813,-36.86804213399156],[-73.15237536988917,-36.86829847861189],[-73.1525073184376,-36.868546802765],[-73.15240858009031,-36.868828480760136],[-73.15254201202056,-36.86901525985213],[-73.15236568364992,-36.86997297921253],[-73.15248725636282,-36.87446933572438],[-73.15239028770061,-36.87467715888386],[-73.15244682674603,-36.87487505618448],[-73.15236863748078,-36.875575715520334],[-73.15245581952666,-36.87577408844569],[-73.15234263847694,-36.876018600372234],[-73.15241479671691,-36.87620442660518],[-73.1523472829294,-36.87646196175877],[-73.15245008437306,-36.876648264525734],[-73.15231287638132,-36.87788980382103],[-73.15244721269917,-36.87803965603982],[-73.1523861199163,-36.87866669984098],[-73.15260111398463,-36.88119432959858],[-73.15253714458755,-36.883212762632176],[-73.15262077534462,-36.88355884388802],[-73.15255533120323,-36.88373021604495],[-73.15262838632499,-36.88387911502665],[-73.15264825173641,-36.88496301987777],[-73.1525527522979,-36.885109297599286],[-73.15268650787331,-36.885283767504546],[-73.15261097599657,-36.885873645213394],[-73.15272733375832,-36.88613403942465],[-73.1526309429338,-36.886317244239656],[-73.15273553711638,-36.88642969356468],[-73.15274630873172,-36.88725487009507],[-73.1528320216626,-36.887514788536734],[-73.15276568427083,-36.88772308770878],[-73.15292771894384,-36.88799650591755],[-73.15281392635873,-36.88826563511397],[-73.15286305889197,-36.888771256289566],[-73.1529658768587,-36.88895755783467],[-73.15283497951506,-36.88930030287246],[-73.1528811460172,-36.88992901273147],[-73.1531670625936,-36.89142340062836],[-73.15309557766547,-36.89248125699533],[-73.15316834483849,-36.892642464117586],[-73.15305573212322,-36.892862357695826],[-73.15315855560753,-36.89304866001822],[-73.15312345643261,-36.8932328178876],[-73.15322479734387,-36.89348066496065],[-73.15315815850842,-36.89370127245876],[-73.15333602572669,-36.894590614748026],[-73.15329874855664,-36.895501238994285],[-73.15341156226259,-36.895909340802184],[-73.15333048561261,-36.896092783861235],[-73.15349748266264,-36.89679725318207],[-73.15341195545759,-36.89716533056631],[-73.15355957587816,-36.89740158282466],[-73.1534926363309,-36.89763449960115],[-73.15362522935554,-36.897858205137354],[-73.15351320180503,-36.89805348014569],[-73.15365874776192,-36.89837589569441],[-73.15367278839405,-36.89906567295839],[-73.15379272723534,-36.8991783598882],[-73.15374051990067,-36.89943613266509],[-73.15392107378626,-36.90021469362272],[-73.15388735736347,-36.90097760923906],[-73.15414009974748,-36.90194199513005],[-73.1541279396522,-36.90244666148044],[-73.154238690408,-36.90294092490707],[-73.15414257687573,-36.90311182066421],[-73.15427162056507,-36.90348323275989],[-73.15425679135099,-36.90409868006741],[-73.15437140035694,-36.904432926862135],[-73.15373972693821,-36.904558557894916],[-73.1535014268827,-36.90172273752747],[-73.15292677173714,-36.89757644756998],[-73.1520299009281,-36.883906747488275],[-73.15182160606618,-36.876650803200775],[-73.151843818076,-36.86873350112554],[-73.1520014730875,-36.86664263921757],[-73.15202895685037,-36.862320987020546],[-73.15234677847691,-36.85866878191557],[-73.15255099481685,-36.84573031834746],[-73.15283116240673,-36.84300104128446],[-73.15362792407012,-36.83981186919146],[-73.15380330790866,-36.830924119416125],[-73.15397451397932,-36.82985548762823],[-73.15548081110306,-36.82708982122376],[-73.15567888519195,-36.82649568079465],[-73.15554110998632,-36.82617338635931],[-73.15496932524142,-36.825745846936606],[-73.15132403671313,-36.825738463072554],[-73.15013656851986,-36.82543677364291],[-73.14960719630581,-36.82515763296177]]]}},{"type":"Feature","properties":{"comuna":"SanPedroDeLaPaz","zona":"ZH-5","zona_code":"ZH-5","nombre":"ZH-5 Zona residencial","decreto":"Publicacion PRC San Pedro de la Paz. Decreto Alc. N°310. Fecha de promulgacion 10.03.2011. Fecha de publicacion D.O. 24.03.2011."},"geometry":{"type":"Polygon","coordinates":[[[-73.15081565992946,-36.82872278149472],[-73.15083453430957,-36.83239255155512],[-73.14531142685107,-36.832109476074606],[-73.14554332563787,-36.83011828049621],[-73.145518035988,-36.828627931612814],[-73.15081565992946,-36.82872278149472]]]}},{"type":"Feature","properties":{"comuna":"SanPedroDeLaPaz","zona":"ZH-5","zona_code":"ZH-5","nombre":"ZH-5 Zona residencial","decreto":"Publicacion PRC San Pedro de la Paz. Decreto Alc. N°310. Fecha de promulgacion 10.03.2011. Fecha de publicacion D.O. 24.03.2011."},"geometry":{"type":"Polygon","coordinates":[[[-73.14519559550256,-36.828659840744315],[-73.14519144258638,-36.83010047582564],[-73.14499134999595,-36.8320429126949],[-73.13948570106587,-36.83167364382326],[-73.13941976905973,-36.83060132341185],[-73.13922984987035,-36.82958863015685],[-73.13943178163018,-36.82884065825526],[-73.13965002407596,-36.8286839964427],[-73.14086353273065,-36.8285429064926],[-73.14519559550256,-36.828659840744315]]]}},{"type":"Feature","properties":{"comuna":"SanPedroDeLaPaz","zona":"ZH-5","zona_code":"ZH-5","nombre":"ZH-5 Zona residencial","decreto":"Publicacion PRC San Pedro de la Paz. Decreto Alc. N°310. Fecha de promulgacion 10.03.2011. Fecha de publicacion D.O. 24.03.2011."},"geometry":{"type":"Polygon","coordinates":[[[-73.1508454008427,-36.8325774258325],[-73.15086762995072,-36.83356286517502],[-73.15052530821373,-36.83441949634438],[-73.14978663203468,-36.84028161825446],[-73.14441878285805,-36.839890088179516],[-73.14475050636274,-36.83567168343574],[-73.14491196492426,-36.83532942177104],[-73.1453075626101,-36.832269493676094],[-73.1508454008427,-36.8325774258325]],[[-73.14733917144815,-36.8361584338527],[-73.14685694842167,-36.836144759901735],[-73.14681778833646,-36.8368152430159],[-73.147085775059,-36.83681942127686],[-73.147067870931,-36.83724396341841],[-73.14724353266205,-36.83726517296171],[-73.14733917144815,-36.8361584338527]],[[-73.14573304999497,-36.83605950543734],[-73.1452509768328,-36.836039669399575],[-73.1451975294894,-36.83666683157919],[-73.14567945905729,-36.836692822651806],[-73.14573304999497,-36.83605950543734]],[[-73.14545512117316,-36.83900428978813],[-73.14501116583637,-36.83899120436171],[-73.14494886776455,-36.83966748222178],[-73.14539252966193,-36.83969287736622],[-73.14545512117316,-36.83900428978813]],[[-73.14559397810953,-36.8376950520452],[-73.1451194020253,-36.83768148933832],[-73.14506409539027,-36.83806850608384],[-73.14554573528638,-36.838106806399836],[-73.14559397810953,-36.8376950520452]],[[-73.14732047761099,-36.83502836409509],[-73.14696084151109,-36.835013522503544],[-73.14694880370925,-36.835194960893546],[-73.14730048797433,-36.83522199260739],[-73.14732047761099,-36.83502836409509]],[[-73.14990198233282,-36.83517632096778],[-73.14962649349994,-36.83516587531695],[-73.1496029030668,-36.83535021314983],[-73.14989355798627,-36.835367051961235],[-73.14990198233282,-36.83517632096778]],[[-73.1486610042732,-36.834864547459986],[-73.14837778472152,-36.834857057467445],[-73.14835426563855,-36.83503831717809],[-73.1486413136805,-36.835045867771704],[-73.1486610042732,-36.834864547459986]],[[-73.14925237842954,-36.83749964687466],[-73.14893123687966,-36.83747617547146],[-73.14892901143193,-36.837568493320795],[-73.14922703491831,-36.8375977617506],[-73.14925237842954,-36.83749964687466]],[[-73.14880136695115,-36.83746183868229],[-73.14848728921697,-36.83746310326063],[-73.14847770297673,-36.837542992397296],[-73.14880665004007,-36.837560430493276],[-73.14880136695115,-36.83746183868229]],[[-73.14804393550757,-36.83742541149418],[-73.147707628023,-36.83739554345679],[-73.14769023658333,-36.83748146788936],[-73.14800357324965,-36.8375109780384],[-73.14804393550757,-36.83742541149418]]]}},{"type":"Feature","properties":{"comuna":"SanPedroDeLaPaz","zona":"AV","zona_code":"AV","nombre":"AV Area verde","decreto":"Publicacion PRC San Pedro de la Paz. Decreto Alc. N°310. Fecha de promulgacion 10.03.2011. Fecha de publicacion D.O. 24.03.2011."},"geometry":{"type":"Polygon","coordinates":[[[-73.14990198233282,-36.83517632096778],[-73.14989355798627,-36.835367051961235],[-73.1496029030668,-36.83535021314983],[-73.14962649349994,-36.83516587531695],[-73.14990198233282,-36.83517632096778]]]}},{"type":"Feature","properties":{"comuna":"SanPedroDeLaPaz","zona":"AV","zona_code":"AV","nombre":"AV Area verde","decreto":"Publicacion PRC San Pedro de la Paz. Decreto Alc. N°310. Fecha de promulgacion 10.03.2011. Fecha de publicacion D.O. 24.03.2011."},"geometry":{"type":"Polygon","coordinates":[[[-73.1486610042732,-36.834864547459986],[-73.1486413136805,-36.835045867771704],[-73.14835426563855,-36.83503831717809],[-73.14837778472152,-36.834857057467445],[-73.1486610042732,-36.834864547459986]]]}},{"type":"Feature","properties":{"comuna":"SanPedroDeLaPaz","zona":"AV","zona_code":"AV","nombre":"AV Area verde","decreto":"Publicacion PRC San Pedro de la Paz. Decreto Alc. N°310. Fecha de promulgacion 10.03.2011. Fecha de publicacion D.O. 24.03.2011."},"geometry":{"type":"Polygon","coordinates":[[[-73.14732047761099,-36.83502836409509],[-73.14730048797433,-36.83522199260739],[-73.14694880370925,-36.835194960893546],[-73.14696084151109,-36.835013522503544],[-73.14732047761099,-36.83502836409509]]]}},{"type":"Feature","properties":{"comuna":"SanPedroDeLaPaz","zona":"AV","zona_code":"AV","nombre":"AV Area verde","decreto":"Publicacion PRC San Pedro de la Paz. Decreto Alc. N°310. Fecha de promulgacion 10.03.2011. Fecha de publicacion D.O. 24.03.2011."},"geometry":{"type":"Polygon","coordinates":[[[-73.14733917144815,-36.8361584338527],[-73.14724353266205,-36.83726517296171],[-73.147067870931,-36.83724396341841],[-73.147085775059,-36.83681942127686],[-73.14681778833646,-36.8368152430159],[-73.14685694842167,-36.836144759901735],[-73.14733917144815,-36.8361584338527]]]}},{"type":"Feature","properties":{"comuna":"SanPedroDeLaPaz","zona":"AV","zona_code":"AV","nombre":"AV Area verde","decreto":"Publicacion PRC San Pedro de la Paz. Decreto Alc. N°310. Fecha de promulgacion 10.03.2011. Fecha de publicacion D.O. 24.03.2011."},"geometry":{"type":"Polygon","coordinates":[[[-73.14573304999497,-36.83605950543734],[-73.14567945905729,-36.836692822651806],[-73.1451975294894,-36.83666683157919],[-73.1452509768328,-36.836039669399575],[-73.14573304999497,-36.83605950543734]]]}},{"type":"Feature","properties":{"comuna":"SanPedroDeLaPaz","zona":"AV","zona_code":"AV","nombre":"AV Area verde","decreto":"Publicacion PRC San Pedro de la Paz. Decreto Alc. N°310. Fecha de promulgacion 10.03.2011. Fecha de publicacion D.O. 24.03.2011."},"geometry":{"type":"Polygon","coordinates":[[[-73.14925237842954,-36.83749964687466],[-73.14922703491831,-36.8375977617506],[-73.14892901143193,-36.837568493320795],[-73.14893123687966,-36.83747617547146],[-73.14925237842954,-36.83749964687466]]]}},{"type":"Feature","properties":{"comuna":"SanPedroDeLaPaz","zona":"AV","zona_code":"AV","nombre":"AV Area verde","decreto":"Publicacion PRC San Pedro de la Paz. Decreto Alc. N°310. Fecha de promulgacion 10.03.2011. Fecha de publicacion D.O. 24.03.2011."},"geometry":{"type":"Polygon","coordinates":[[[-73.14880136695115,-36.83746183868229],[-73.14880665004007,-36.837560430493276],[-73.14847770297673,-36.837542992397296],[-73.14848728921697,-36.83746310326063],[-73.14880136695115,-36.83746183868229]]]}},{"type":"Feature","properties":{"comuna":"SanPedroDeLaPaz","zona":"AV","zona_code":"AV","nombre":"AV Area verde","decreto":"Publicacion PRC San Pedro de la Paz. Decreto Alc. N°310. Fecha de promulgacion 10.03.2011. Fecha de publicacion D.O. 24.03.2011."},"geometry":{"type":"Polygon","coordinates":[[[-73.14804393550757,-36.83742541149418],[-73.14800357324965,-36.8375109780384],[-73.14769023658333,-36.83748146788936],[-73.147707628023,-36.83739554345679],[-73.14804393550757,-36.83742541149418]]]}},{"type":"Feature","properties":{"comuna":"SanPedroDeLaPaz","zona":"AV","zona_code":"AV","nombre":"AV Area verde","decreto":"Publicacion PRC San Pedro de la Paz. Decreto Alc. N°310. Fecha de promulgacion 10.03.2011. Fecha de publicacion D.O. 24.03.2011."},"geometry":{"type":"Polygon","coordinates":[[[-73.14559397810953,-36.8376950520452],[-73.14554573528638,-36.838106806399836],[-73.14506409539027,-36.83806850608384],[-73.1451194020253,-36.83768148933832],[-73.14559397810953,-36.8376950520452]]]}},{"type":"Feature","properties":{"comuna":"SanPedroDeLaPaz","zona":"AV","zona_code":"AV","nombre":"AV Area verde","decreto":"Publicacion PRC San Pedro de la Paz. Decreto Alc. N°310. Fecha de promulgacion 10.03.2011. Fecha de publicacion D.O. 24.03.2011."},"geometry":{"type":"Polygon","coordinates":[[[-73.14545512117316,-36.83900428978813],[-73.14539252966193,-36.83969287736622],[-73.14494886776455,-36.83966748222178],[-73.14501116583637,-36.83899120436171],[-73.14545512117316,-36.83900428978813]]]}},{"type":"Feature","properties":{"comuna":"SanPedroDeLaPaz","zona":"ZE-1","zona_code":"ZE-1","nombre":"ZE-1 Zona de equipamiento mixto","decreto":"Publicacion PRC San Pedro de la Paz. Decreto Alc. N°310. Fecha de promulgacion 10.03.2011. Fecha de publicacion D.O. 24.03.2011."},"geometry":{"type":"Polygon","coordinates":[[[-73.1525479860705,-36.83757862661201],[-73.15233364028936,-36.84043822239029],[-73.15015130917708,-36.84024727484597],[-73.15051244872066,-36.837497713847824],[-73.1525479860705,-36.83757862661201]]]}},{"type":"Feature","properties":{"comuna":"SanPedroDeLaPaz","zona":"ZRC","zona_code":"ZRC","nombre":"ZRC Zona de riesgo costero","decreto":"Publicacion PRC San Pedro de la Paz. Decreto Alc. N°310. Fecha de promulgacion 10.03.2011. Fecha de publicacion D.O. 24.03.2011."},"geometry":{"type":"Polygon","coordinates":[[[-73.15379720667514,-36.83277107696775],[-73.15362792407012,-36.83981186919146],[-73.15345909280161,-36.84046187098297],[-73.1528651463199,-36.84047419040695],[-73.15303472284667,-36.83979341692525],[-73.15326167949345,-36.83354159777802],[-73.15320450258343,-36.83273416284888],[-73.15379720667514,-36.83277107696775]]]}},{"type":"Feature","properties":{"comuna":"SanPedroDeLaPaz","zona":"ZE-3","zona_code":"ZE-3","nombre":"ZE-3 Zona de equipamiento de esparcimiento","decreto":"Publicacion PRC San Pedro de la Paz. Decreto Alc. N°310. Fecha de promulgacion 10.03.2011. Fecha de publicacion D.O. 24.03.2011."},"geometry":{"type":"Polygon","coordinates":[[[-73.15232440623033,-36.84066280401352],[-73.15163369483763,-36.84326255876067],[-73.15143095077735,-36.845956095555735],[-73.15131236137206,-36.85278832424742],[-73.1493762197593,-36.85301677454014],[-73.14978222993126,-36.84570879226936],[-73.14980184788594,-36.84298778093422],[-73.1501073887789,-36.840480551398024],[-73.15232440623033,-36.84066280401352]]]}},{"type":"Feature","properties":{"comuna":"SanPedroDeLaPaz","zona":"ZRC","zona_code":"ZRC","nombre":"ZRC Zona de riesgo costero","decreto":"Publicacion PRC San Pedro de la Paz. Decreto Alc. N°310. Fecha de promulgacion 10.03.2011. Fecha de publicacion D.O. 24.03.2011."},"geometry":{"type":"Polygon","coordinates":[[[-73.15232440623033,-36.84066280401352],[-73.15264585867662,-36.840673957206285],[-73.15210573229197,-36.84274656864756],[-73.15183126608514,-36.84460166316438],[-73.15166014841085,-36.85043567212294],[-73.15168159342844,-36.85272634352413],[-73.15131236137206,-36.85278832424742],[-73.15143095077735,-36.845956095555735],[-73.15163369483763,-36.84326255876067],[-73.15232440623033,-36.84066280401352]]]}},{"type":"Feature","properties":{"comuna":"SanPedroDeLaPaz","zona":"ZRC","zona_code":"ZRC","nombre":"ZRC Zona de riesgo costero","decreto":"Publicacion PRC San Pedro de la Paz. Decreto Alc. N°310. Fecha de promulgacion 10.03.2011. Fecha de publicacion D.O. 24.03.2011."},"geometry":{"type":"Polygon","coordinates":[[[-73.15342254362787,-36.840707576532886],[-73.15283116240673,-36.84300104128446],[-73.15255099481685,-36.84573031834746],[-73.15246165902714,-36.85262457267001],[-73.15192695817007,-36.85271784566136],[-73.15202977029506,-36.84462937716596],[-73.1522511772912,-36.84306898569705],[-73.15286055633878,-36.840664980234095],[-73.15342254362787,-36.840707576532886]]]}},{"type":"Feature","properties":{"comuna":"SanPedroDeLaPaz","zona":"ZH-5","zona_code":"ZH-5","nombre":"ZH-5 Zona residencial","decreto":"Publicacion PRC San Pedro de la Paz. Decreto Alc. N°310. Fecha de promulgacion 10.03.2011. Fecha de publicacion D.O. 24.03.2011."},"geometry":{"type":"Polygon","coordinates":[[[-73.14977180958327,-36.84041991622263],[-73.14949729683747,-36.84227500378109],[-73.1494818245202,-36.844823688967246],[-73.14911206730571,-36.851898275831154],[-73.14898923778044,-36.851908676640505],[-73.14826507577075,-36.85271009415813],[-73.14767234429274,-36.853144147586434],[-73.14456913356548,-36.85347745680917],[-73.1428543016799,-36.84772483210286],[-73.14339243305811,-36.84764704525606],[-73.14435672593292,-36.84768673356756],[-73.14425635975469,-36.84740195331795],[-73.14458649877501,-36.84388540645353],[-73.14450368964073,-36.84287439549332],[-73.14463157196965,-36.841386440806424],[-73.14579338668027,-36.8414907682612],[-73.1458709942883,-36.84081472801509],[-73.14432752258038,-36.84065518859954],[-73.14440484330954,-36.83999145800921],[-73.14977180958327,-36.84041991622263]],[[-73.14677115970538,-36.84287283441971],[-73.14597628035348,-36.84279886833002],[-73.14587681656273,-36.84374546757897],[-73.14550584211753,-36.84451543842897],[-73.1462391803903,-36.84460076193792],[-73.14611102385216,-36.846101026779436],[-73.14583475345515,-36.84612134469691],[-73.14559432187153,-36.8490974927488],[-73.14478257692699,-36.8490848229681],[-73.14538881522299,-36.851261485370415],[-73.14619151128348,-36.85101542428095],[-73.14643917078378,-36.8505944671505],[-73.14648991316807,-36.84754147617704],[-73.14677115970538,-36.84287283441971]],[[-73.14808420167324,-36.84464799734053],[-73.14755612812745,-36.84462745408707],[-73.14755933054703,-36.84481220878357],[-73.14675513810089,-36.84480582686208],[-73.14675216655708,-36.84492891702388],[-73.14804570261835,-36.84497370974159],[-73.14808420167324,-36.84464799734053]],[[-73.14805053942176,-36.845090764631976],[-73.14673417764713,-36.84503945988799],[-73.14674652056105,-36.845162788864265],[-73.14752759589634,-36.84517496665226],[-73.14754507317357,-36.845403041082584],[-73.14805047655123,-36.845410918061205],[-73.14805053942176,-36.845090764631976]],[[-73.1478659864766,-36.848929744816324],[-73.14739134130718,-36.84891619018098],[-73.14737477013963,-36.84928534024497],[-73.1478414622896,-36.849311085925905],[-73.1478659864766,-36.848929744816324]],[[-73.14843988933455,-36.84895715900725],[-73.14796539120258,-36.84893745105063],[-73.1479486742529,-36.84931275685904],[-73.14841581339726,-36.84932003624442],[-73.14843988933455,-36.84895715900725]],[[-73.14730635045117,-36.85180241200544],[-73.14709623380345,-36.85193766438412],[-73.14736714364363,-36.85229898426386],[-73.14774503329053,-36.85203705323635],[-73.14730635045117,-36.85180241200544]],[[-73.14484011496602,-36.8498737945647],[-73.14432449640485,-36.84997040941776],[-73.14440218841311,-36.85024252239667],[-73.14491751124176,-36.85015821571068],[-73.14484011496602,-36.8498737945647]],[[-73.14567915759783,-36.85161079829326],[-73.14550565766406,-36.85165734499325],[-73.14568651832325,-36.85225737898112],[-73.14596738412958,-36.85220634930954],[-73.14567915759783,-36.85161079829326]],[[-73.14549981985692,-36.85205744701418],[-73.14497240247952,-36.852166194340924],[-73.14504325829856,-36.852404338020236],[-73.14557067724077,-36.85229559042589],[-73.14549981985692,-36.85205744701418]],[[-73.1482120929697,-36.85141325832525],[-73.14769025240311,-36.85129122489785],[-73.14761776371616,-36.85143785846456],[-73.14804826840029,-36.8516939192412],[-73.1482120929697,-36.85141325832525]],[[-73.14662733541994,-36.85216123286158],[-73.14646164188555,-36.85220174660169],[-73.14656566614917,-36.85265281645146],[-73.14691341226865,-36.85252894639553],[-73.14662733541994,-36.85216123286158]],[[-73.14558376362288,-36.85238814689701],[-73.14507586061276,-36.85248180713649],[-73.14512786865986,-36.85270734256095],[-73.14566633190631,-36.85261723615077],[-73.14558376362288,-36.85238814689701]],[[-73.14835184882008,-36.85070124555845],[-73.14785038878506,-36.85068727480271],[-73.14784660152353,-36.85084421343886],[-73.1483305185233,-36.850950264086265],[-73.14835184882008,-36.85070124555845]],[[-73.14859810594105,-36.84716183199132],[-73.14804674386511,-36.84715324100604],[-73.14803492933237,-36.8473254476053],[-73.14855506668786,-36.847358179318114],[-73.14859810594105,-36.84716183199132]],[[-73.14791783463981,-36.84741597512126],[-73.14739754762114,-36.847389395285894],[-73.14739309142514,-36.8475740305143],[-73.14791352817214,-36.84759445661472],[-73.14791783463981,-36.84741597512126]],[[-73.14793187686708,-36.847151451798226],[-73.14741910227204,-36.84713114435777],[-73.14741479471141,-36.847309624908405],[-73.14792006209922,-36.84732365747795],[-73.14793187686708,-36.847151451798226]],[[-73.14493089407114,-36.85023846380152],[-73.14443058866492,-36.85033531812554],[-73.14448724056723,-36.85052706423905],[-73.14483364115159,-36.85045859033059],[-73.14479713573543,-36.850384139153974],[-73.14498992715201,-36.850331737592604],[-73.14493089407114,-36.85023846380152]],[[-73.14855313686982,-36.84743818851128],[-73.14804801698854,-36.84741800392016],[-73.14804400780878,-36.847584176046794],[-73.14855663842035,-36.847610633784605],[-73.14855313686982,-36.84743818851128]],[[-73.14666237923173,-36.8511859243853],[-73.14629047253993,-36.85104159512426],[-73.1462361227008,-36.85107153139669],[-73.14639717004711,-36.85138188449558],[-73.14658230458623,-36.8513293609393],[-73.14666237923173,-36.8511859243853]],[[-73.14461469607116,-36.84905757488205],[-73.14405596217173,-36.84903653701139],[-73.14411320757809,-36.84920366459222],[-73.14458934221885,-36.849155688315726],[-73.14461469607116,-36.84905757488205]],[[-73.14602497171381,-36.85251816759483],[-73.14575957062047,-36.85256328079782],[-73.14580827132627,-36.85276721530055],[-73.14608516152177,-36.85272228124158],[-73.14602497171381,-36.85251816759483]],[[-73.14692624511332,-36.85072827787847],[-73.14657501038545,-36.85067970221193],[-73.14654649744905,-36.850750061646195],[-73.14684624578211,-36.85086863685617],[-73.14692624511332,-36.85072827787847]]]}},{"type":"Feature","properties":{"comuna":"SanPedroDeLaPaz","zona":"AV","zona_code":"AV","nombre":"AV Area verde","decreto":"Publicacion PRC San Pedro de la Paz. Decreto Alc. N°310. Fecha de promulgacion 10.03.2011. Fecha de publicacion D.O. 24.03.2011."},"geometry":{"type":"Polygon","coordinates":[[[-73.14911206730571,-36.851898275831154],[-73.1490195854061,-36.85303276813124],[-73.14767234429274,-36.853144147586434],[-73.14826507577075,-36.85271009415813],[-73.14898923778044,-36.851908676640505],[-73.14911206730571,-36.851898275831154]]]}},{"type":"Feature","properties":{"comuna":"SanPedroDeLaPaz","zona":"AV","zona_code":"AV","nombre":"AV Area verde","decreto":"Publicacion PRC San Pedro de la Paz. Decreto Alc. N°310. Fecha de promulgacion 10.03.2011. Fecha de publicacion D.O. 24.03.2011."},"geometry":{"type":"Polygon","coordinates":[[[-73.1482120929697,-36.85141325832525],[-73.14804826840029,-36.8516939192412],[-73.14761776371616,-36.85143785846456],[-73.14769025240311,-36.85129122489785],[-73.1482120929697,-36.85141325832525]]]}},{"type":"Feature","properties":{"comuna":"SanPedroDeLaPaz","zona":"AV","zona_code":"AV","nombre":"AV Area verde","decreto":"Publicacion PRC San Pedro de la Paz. Decreto Alc. N°310. Fecha de promulgacion 10.03.2011. Fecha de publicacion D.O. 24.03.2011."},"geometry":{"type":"Polygon","coordinates":[[[-73.14835184882008,-36.85070124555845],[-73.1483305185233,-36.850950264086265],[-73.14784660152353,-36.85084421343886],[-73.14785038878506,-36.85068727480271],[-73.14835184882008,-36.85070124555845]]]}},{"type":"Feature","properties":{"comuna":"SanPedroDeLaPaz","zona":"AV","zona_code":"AV","nombre":"AV Area verde","decreto":"Publicacion PRC San Pedro de la Paz. Decreto Alc. N°310. Fecha de promulgacion 10.03.2011. Fecha de publicacion D.O. 24.03.2011."},"geometry":{"type":"Polygon","coordinates":[[[-73.14730635045117,-36.85180241200544],[-73.14774503329053,-36.85203705323635],[-73.14736714364363,-36.85229898426386],[-73.14709623380345,-36.85193766438412],[-73.14730635045117,-36.85180241200544]]]}},{"type":"Feature","properties":{"comuna":"SanPedroDeLaPaz","zona":"AV","zona_code":"AV","nombre":"AV Area verde","decreto":"Publicacion PRC San Pedro de la Paz. Decreto Alc. N°310. Fecha de promulgacion 10.03.2011. Fecha de publicacion D.O. 24.03.2011."},"geometry":{"type":"Polygon","coordinates":[[[-73.14662733541994,-36.85216123286158],[-73.14691341226865,-36.85252894639553],[-73.14656566614917,-36.85265281645146],[-73.14646164188555,-36.85220174660169],[-73.14662733541994,-36.85216123286158]]]}},{"type":"Feature","properties":{"comuna":"SanPedroDeLaPaz","zona":"AV","zona_code":"AV","nombre":"AV Area verde","decreto":"Publicacion PRC San Pedro de la Paz. Decreto Alc. N°310. Fecha de promulgacion 10.03.2011. Fecha de publicacion D.O. 24.03.2011."},"geometry":{"type":"Polygon","coordinates":[[[-73.14602497171381,-36.85251816759483],[-73.14608516152177,-36.85272228124158],[-73.14580827132627,-36.85276721530055],[-73.14575957062047,-36.85256328079782],[-73.14602497171381,-36.85251816759483]]]}},{"type":"Feature","properties":{"comuna":"SanPedroDeLaPaz","zona":"AV","zona_code":"AV","nombre":"AV Area verde","decreto":"Publicacion PRC San Pedro de la Paz. Decreto Alc. N°310. Fecha de promulgacion 10.03.2011. Fecha de publicacion D.O. 24.03.2011."},"geometry":{"type":"Polygon","coordinates":[[[-73.14549981985692,-36.85205744701418],[-73.14557067724077,-36.85229559042589],[-73.14504325829856,-36.852404338020236],[-73.14497240247952,-36.852166194340924],[-73.14549981985692,-36.85205744701418]]]}},{"type":"Feature","properties":{"comuna":"SanPedroDeLaPaz","zona":"AV","zona_code":"AV","nombre":"AV Area verde","decreto":"Publicacion PRC San Pedro de la Paz. Decreto Alc. N°310. Fecha de promulgacion 10.03.2011. Fecha de publicacion D.O. 24.03.2011."},"geometry":{"type":"Polygon","coordinates":[[[-73.14558376362288,-36.85238814689701],[-73.14566633190631,-36.85261723615077],[-73.14512786865986,-36.85270734256095],[-73.14507586061276,-36.85248180713649],[-73.14558376362288,-36.85238814689701]]]}},{"type":"Feature","properties":{"comuna":"SanPedroDeLaPaz","zona":"AV","zona_code":"AV","nombre":"AV Area verde","decreto":"Publicacion PRC San Pedro de la Paz. Decreto Alc. N°310. Fecha de promulgacion 10.03.2011. Fecha de publicacion D.O. 24.03.2011."},"geometry":{"type":"Polygon","coordinates":[[[-73.14567915759783,-36.85161079829326],[-73.14596738412958,-36.85220634930954],[-73.14568651832325,-36.85225737898112],[-73.14550565766406,-36.85165734499325],[-73.14567915759783,-36.85161079829326]]]}},{"type":"Feature","properties":{"comuna":"SanPedroDeLaPaz","zona":"AV","zona_code":"AV","nombre":"AV Area verde","decreto":"Publicacion PRC San Pedro de la Paz. Decreto Alc. N°310. Fecha de promulgacion 10.03.2011. Fecha de publicacion D.O. 24.03.2011."},"geometry":{"type":"Polygon","coordinates":[[[-73.1462361227008,-36.85107153139669],[-73.14666237923173,-36.8511859243853],[-73.14658230458623,-36.8513293609393],[-73.14639717004711,-36.85138188449558],[-73.1462361227008,-36.85107153139669]]]}},{"type":"Feature","properties":{"comuna":"SanPedroDeLaPaz","zona":"AV","zona_code":"AV","nombre":"AV Area verde","decreto":"Publicacion PRC San Pedro de la Paz. Decreto Alc. N°310. Fecha de promulgacion 10.03.2011. Fecha de publicacion D.O. 24.03.2011."},"geometry":{"type":"Polygon","coordinates":[[[-73.14692624511332,-36.85072827787847],[-73.14684624578211,-36.85086863685617],[-73.14654649744905,-36.850750061646195],[-73.14657501038545,-36.85067970221193],[-73.14692624511332,-36.85072827787847]]]}},{"type":"Feature","properties":{"comuna":"SanPedroDeLaPaz","zona":"AV","zona_code":"AV","nombre":"AV Area verde","decreto":"Publicacion PRC San Pedro de la Paz. Decreto Alc. N°310. Fecha de promulgacion 10.03.2011. Fecha de publicacion D.O. 24.03.2011."},"geometry":{"type":"Polygon","coordinates":[[[-73.14484011496602,-36.8498737945647],[-73.14491751124176,-36.85015821571068],[-73.14440218841311,-36.85024252239667],[-73.14432449640485,-36.84997040941776],[-73.14484011496602,-36.8498737945647]]]}},{"type":"Feature","properties":{"comuna":"SanPedroDeLaPaz","zona":"AV","zona_code":"AV","nombre":"AV Area verde","decreto":"Publicacion PRC San Pedro de la Paz. Decreto Alc. N°310. Fecha de promulgacion 10.03.2011. Fecha de publicacion D.O. 24.03.2011."},"geometry":{"type":"Polygon","coordinates":[[[-73.14493089407114,-36.85023846380152],[-73.14498992715201,-36.850331737592604],[-73.14479713573543,-36.850384139153974],[-73.14483364115159,-36.85045859033059],[-73.14448724056723,-36.85052706423905],[-73.14443058866492,-36.85033531812554],[-73.14493089407114,-36.85023846380152]]]}},{"type":"Feature","properties":{"comuna":"SanPedroDeLaPaz","zona":"ZE-1","zona_code":"ZE-1","nombre":"ZE-1 Zona de equipamiento mixto","decreto":"Publicacion PRC San Pedro de la Paz. Decreto Alc. N°310. Fecha de promulgacion 10.03.2011. Fecha de publicacion D.O. 24.03.2011."},"geometry":{"type":"Polygon","coordinates":[[[-73.14538881522299,-36.851261485370415],[-73.14478257692699,-36.8490848229681],[-73.14559432187153,-36.8490974927488],[-73.14583475345515,-36.84612134469691],[-73.14611102385216,-36.846101026779436],[-73.1462391803903,-36.84460076193792],[-73.14550584211753,-36.84451543842897],[-73.14587681656273,-36.84374546757897],[-73.14597628035348,-36.84279886833002],[-73.14677115970538,-36.84287283441971],[-73.14648991316807,-36.84754147617704],[-73.14643917078378,-36.8505944671505],[-73.14619151128348,-36.85101542428095],[-73.14538881522299,-36.851261485370415]]]}},{"type":"Feature","properties":{"comuna":"SanPedroDeLaPaz","zona":"AV","zona_code":"AV","nombre":"AV Area verde","decreto":"Publicacion PRC San Pedro de la Paz. Decreto Alc. N°310. Fecha de promulgacion 10.03.2011. Fecha de publicacion D.O. 24.03.2011."},"geometry":{"type":"Polygon","coordinates":[[[-73.14461469607116,-36.84905757488205],[-73.14458934221885,-36.849155688315726],[-73.14411320757809,-36.84920366459222],[-73.14405596217173,-36.84903653701139],[-73.14461469607116,-36.84905757488205]]]}},{"type":"Feature","properties":{"comuna":"SanPedroDeLaPaz","zona":"AV","zona_code":"AV","nombre":"AV Area verde","decreto":"Publicacion PRC San Pedro de la Paz. Decreto Alc. N°310. Fecha de promulgacion 10.03.2011. Fecha de publicacion D.O. 24.03.2011."},"geometry":{"type":"Polygon","coordinates":[[[-73.14843988933455,-36.84895715900725],[-73.14841581339726,-36.84932003624442],[-73.1479486742529,-36.84931275685904],[-73.14796539120258,-36.84893745105063],[-73.14843988933455,-36.84895715900725]]]}},{"type":"Feature","properties":{"comuna":"SanPedroDeLaPaz","zona":"AV","zona_code":"AV","nombre":"AV Area verde","decreto":"Publicacion PRC San Pedro de la Paz. Decreto Alc. N°310. Fecha de promulgacion 10.03.2011. Fecha de publicacion D.O. 24.03.2011."},"geometry":{"type":"Polygon","coordinates":[[[-73.1478659864766,-36.848929744816324],[-73.1478414622896,-36.849311085925905],[-73.14737477013963,-36.84928534024497],[-73.14739134130718,-36.84891619018098],[-73.1478659864766,-36.848929744816324]]]}},{"type":"Feature","properties":{"comuna":"SanPedroDeLaPaz","zona":"AV","zona_code":"AV","nombre":"AV Area verde","decreto":"Publicacion PRC San Pedro de la Paz. Decreto Alc. N°310. Fecha de promulgacion 10.03.2011. Fecha de publicacion D.O. 24.03.2011."},"geometry":{"type":"Polygon","coordinates":[[[-73.14859810594105,-36.84716183199132],[-73.14855506668786,-36.847358179318114],[-73.14803492933237,-36.8473254476053],[-73.14804674386511,-36.84715324100604],[-73.14859810594105,-36.84716183199132]]]}},{"type":"Feature","properties":{"comuna":"SanPedroDeLaPaz","zona":"AV","zona_code":"AV","nombre":"AV Area verde","decreto":"Publicacion PRC San Pedro de la Paz. Decreto Alc. N°310. Fecha de promulgacion 10.03.2011. Fecha de publicacion D.O. 24.03.2011."},"geometry":{"type":"Polygon","coordinates":[[[-73.14793187686708,-36.847151451798226],[-73.14792006209922,-36.84732365747795],[-73.14741479471141,-36.847309624908405],[-73.14741910227204,-36.84713114435777],[-73.14793187686708,-36.847151451798226]]]}},{"type":"Feature","properties":{"comuna":"SanPedroDeLaPaz","zona":"AV","zona_code":"AV","nombre":"AV Area verde","decreto":"Publicacion PRC San Pedro de la Paz. Decreto Alc. N°310. Fecha de promulgacion 10.03.2011. Fecha de publicacion D.O. 24.03.2011."},"geometry":{"type":"Polygon","coordinates":[[[-73.14791783463981,-36.84741597512126],[-73.14791352817214,-36.84759445661472],[-73.14739309142514,-36.8475740305143],[-73.14739754762114,-36.847389395285894],[-73.14791783463981,-36.84741597512126]]]}},{"type":"Feature","properties":{"comuna":"SanPedroDeLaPaz","zona":"AV","zona_code":"AV","nombre":"AV Area verde","decreto":"Publicacion PRC San Pedro de la Paz. Decreto Alc. N°310. Fecha de promulgacion 10.03.2011. Fecha de publicacion D.O. 24.03.2011."},"geometry":{"type":"Polygon","coordinates":[[[-73.14855313686982,-36.84743818851128],[-73.14855663842035,-36.847610633784605],[-73.14804400780878,-36.847584176046794],[-73.14804801698854,-36.84741800392016],[-73.14855313686982,-36.84743818851128]]]}},{"type":"Feature","properties":{"comuna":"SanPedroDeLaPaz","zona":"AV","zona_code":"AV","nombre":"AV Area verde","decreto":"Publicacion PRC San Pedro de la Paz. Decreto Alc. N°310. Fecha de promulgacion 10.03.2011. Fecha de publicacion D.O. 24.03.2011."},"geometry":{"type":"Polygon","coordinates":[[[-73.14805053942176,-36.845090764631976],[-73.14805047655123,-36.845410918061205],[-73.14754507317357,-36.845403041082584],[-73.14752759589634,-36.84517496665226],[-73.14674652056105,-36.845162788864265],[-73.14673417764713,-36.84503945988799],[-73.14805053942176,-36.845090764631976]]]}},{"type":"Feature","properties":{"comuna":"SanPedroDeLaPaz","zona":"AV","zona_code":"AV","nombre":"AV Area verde","decreto":"Publicacion PRC San Pedro de la Paz. Decreto Alc. N°310. Fecha de promulgacion 10.03.2011. Fecha de publicacion D.O. 24.03.2011."},"geometry":{"type":"Polygon","coordinates":[[[-73.14808420167324,-36.84464799734053],[-73.14804570261835,-36.84497370974159],[-73.14675216655708,-36.84492891702388],[-73.14675513810089,-36.84480582686208],[-73.14755933054703,-36.84481220878357],[-73.14755612812745,-36.84462745408707],[-73.14808420167324,-36.84464799734053]]]}},{"type":"Feature","properties":{"comuna":"SanPedroDeLaPaz","zona":"ZE-1","zona_code":"ZE-1","nombre":"ZE-1 Zona de equipamiento mixto","decreto":"Publicacion PRC San Pedro de la Paz. Decreto Alc. N°310. Fecha de promulgacion 10.03.2011. Fecha de publicacion D.O. 24.03.2011."},"geometry":{"type":"Polygon","coordinates":[[[-73.1458709942883,-36.84081472801509],[-73.14579338668027,-36.8414907682612],[-73.14463157196965,-36.841386440806424],[-73.1442557391555,-36.84124820130109],[-73.14432752258038,-36.84065518859954],[-73.1458709942883,-36.84081472801509]]]}},{"type":"Feature","properties":{"comuna":"SanPedroDeLaPaz","zona":"AV","zona_code":"AV","nombre":"AV Area verde","decreto":"Publicacion PRC San Pedro de la Paz. Decreto Alc. N°310. Fecha de promulgacion 10.03.2011. Fecha de publicacion D.O. 24.03.2011."},"geometry":{"type":"Polygon","coordinates":[[[-73.14871283309654,-36.82655953064851],[-73.14873861700985,-36.82812261563011],[-73.14868680611089,-36.828451456797076],[-73.14855016724421,-36.828441340882804],[-73.14854216050057,-36.82789718810278],[-73.14858130387725,-36.82656623850359],[-73.14871283309654,-36.82655953064851]]]}},{"type":"Feature","properties":{"comuna":"SanPedroDeLaPaz","zona":"AV","zona_code":"AV","nombre":"AV Area verde","decreto":"Publicacion PRC San Pedro de la Paz. Decreto Alc. N°310. Fecha de promulgacion 10.03.2011. Fecha de publicacion D.O. 24.03.2011."},"geometry":{"type":"Polygon","coordinates":[[[-73.1472749028957,-36.8254843213701],[-73.1473326171183,-36.825675644315034],[-73.14712040167056,-36.825794376402904],[-73.14720989960921,-36.82603438925534],[-73.14705651161071,-36.826028031454804],[-73.1465672647438,-36.82553833794061],[-73.14685142512177,-36.82560457482755],[-73.14707233828697,-36.82544452817757],[-73.1472749028957,-36.8254843213701]]]}},{"type":"Feature","properties":{"comuna":"SanPedroDeLaPaz","zona":"AV","zona_code":"AV","nombre":"AV Area verde","decreto":"Publicacion PRC San Pedro de la Paz. Decreto Alc. N°310. Fecha de promulgacion 10.03.2011. Fecha de publicacion D.O. 24.03.2011."},"geometry":{"type":"Polygon","coordinates":[[[-73.1467695082787,-36.82577441263409],[-73.14685315849262,-36.825838866173804],[-73.14667984289878,-36.8259357327198],[-73.14659982231848,-36.82614065649977],[-73.14603291280021,-36.82630400036718],[-73.14633416176152,-36.82607963149233],[-73.14634713421495,-36.82591513186676],[-73.1467695082787,-36.82577441263409]]]}},{"type":"Feature","properties":{"comuna":"SanPedroDeLaPaz","zona":"ZH-5","zona_code":"ZH-5","nombre":"ZH-5 Zona residencial","decreto":"Publicacion PRC San Pedro de la Paz. Decreto Alc. N°310. Fecha de promulgacion 10.03.2011. Fecha de publicacion D.O. 24.03.2011."},"geometry":{"type":"Polygon","coordinates":[[[-73.14496033763318,-36.832282281877525],[-73.14471100682411,-36.83441187353956],[-73.14472299386341,-36.83517309932703],[-73.14453889012809,-36.83554277370743],[-73.14415849508974,-36.839832977827115],[-73.14015375328506,-36.83949229864834],[-73.14026836754175,-36.838471491364984],[-73.13916896966155,-36.838384911109166],[-73.13905641864872,-36.839400407274425],[-73.13497575971495,-36.83905181254793],[-73.13480822237642,-36.83837802717304],[-73.13565657945277,-36.838430491054176],[-73.13610197375239,-36.83830951121793],[-73.13789563165543,-36.83723927429802],[-73.13820630761741,-36.83678317372545],[-73.1383824068113,-36.83491393032617],[-73.13937334497372,-36.832477262657285],[-73.13939745597868,-36.831843670884105],[-73.14496033763318,-36.832282281877525]],[[-73.14369061701144,-36.83454710290045],[-73.14306244583217,-36.834522161324145],[-73.1430447194832,-36.83473369691282],[-73.1436662490902,-36.83477058750771],[-73.14369061701144,-36.83454710290045]],[[-73.14171877992975,-36.83879325415103],[-73.14140499227629,-36.83878662771256],[-73.1413758587982,-36.83919190173542],[-73.14164694338099,-36.83921759524418],[-73.14171877992975,-36.83879325415103]],[[-73.14059862514308,-36.836137289276884],[-73.14021779447627,-36.83610370482925],[-73.14019846861966,-36.836420754614764],[-73.14054260957015,-36.83644976050627],[-73.14059862514308,-36.836137289276884]],[[-73.1391344499865,-36.83601845654027],[-73.1387463439461,-36.83598512031946],[-73.1387551654732,-36.83628361139717],[-73.13909234736826,-36.83631872358353],[-73.1391344499865,-36.83601845654027]],[[-73.14190613440208,-36.83753879122339],[-73.14155439606333,-36.837504195725515],[-73.14152020965722,-36.83781590459274],[-73.14184316298572,-36.837857364491406],[-73.14190613440208,-36.83753879122339]],[[-73.14045204761753,-36.837472351756624],[-73.14005665987233,-36.83743927444304],[-73.14004935759176,-36.83770903457776],[-73.1404014118952,-36.83774948192066],[-73.14045204761753,-36.837472351756624]],[[-73.1419596892291,-36.83623626803547],[-73.14168893099419,-36.83621642290321],[-73.14168922537654,-36.83649177673726],[-73.14193879047474,-36.83652407867784],[-73.1419596892291,-36.83623626803547]],[[-73.14144378835684,-36.83626598921284],[-73.1413333986852,-36.836246405717525],[-73.14132515331421,-36.83649862215752],[-73.14144250313997,-36.83651210341695],[-73.14144378835684,-36.83626598921284]]]}},{"type":"Feature","properties":{"comuna":"SanPedroDeLaPaz","zona":"AV","zona_code":"AV","nombre":"AV Area verde","decreto":"Publicacion PRC San Pedro de la Paz. Decreto Alc. N°310. Fecha de promulgacion 10.03.2011. Fecha de publicacion D.O. 24.03.2011."},"geometry":{"type":"Polygon","coordinates":[[[-73.14369061701144,-36.83454710290045],[-73.1436662490902,-36.83477058750771],[-73.1430447194832,-36.83473369691282],[-73.14306244583217,-36.834522161324145],[-73.14369061701144,-36.83454710290045]]]}},{"type":"Feature","properties":{"comuna":"SanPedroDeLaPaz","zona":"AV","zona_code":"AV","nombre":"AV Area verde","decreto":"Publicacion PRC San Pedro de la Paz. Decreto Alc. N°310. Fecha de promulgacion 10.03.2011. Fecha de publicacion D.O. 24.03.2011."},"geometry":{"type":"Polygon","coordinates":[[[-73.1419596892291,-36.83623626803547],[-73.14193879047474,-36.83652407867784],[-73.14168922537654,-36.83649177673726],[-73.14168893099419,-36.83621642290321],[-73.1419596892291,-36.83623626803547]]]}},{"type":"Feature","properties":{"comuna":"SanPedroDeLaPaz","zona":"AV","zona_code":"AV","nombre":"AV Area verde","decreto":"Publicacion PRC San Pedro de la Paz. Decreto Alc. N°310. Fecha de promulgacion 10.03.2011. Fecha de publicacion D.O. 24.03.2011."},"geometry":{"type":"Polygon","coordinates":[[[-73.14144378835684,-36.83626598921284],[-73.14144250313997,-36.83651210341695],[-73.14132515331421,-36.83649862215752],[-73.1413333986852,-36.836246405717525],[-73.14144378835684,-36.83626598921284]]]}},{"type":"Feature","properties":{"comuna":"SanPedroDeLaPaz","zona":"AV","zona_code":"AV","nombre":"AV Area verde","decreto":"Publicacion PRC San Pedro de la Paz. Decreto Alc. N°310. Fecha de promulgacion 10.03.2011. Fecha de publicacion D.O. 24.03.2011."},"geometry":{"type":"Polygon","coordinates":[[[-73.14059862514308,-36.836137289276884],[-73.14054260957015,-36.83644976050627],[-73.14019846861966,-36.836420754614764],[-73.14021779447627,-36.83610370482925],[-73.14059862514308,-36.836137289276884]]]}},{"type":"Feature","properties":{"comuna":"SanPedroDeLaPaz","zona":"AV","zona_code":"AV","nombre":"AV Area verde","decreto":"Publicacion PRC San Pedro de la Paz. Decreto Alc. N°310. Fecha de promulgacion 10.03.2011. Fecha de publicacion D.O. 24.03.2011."},"geometry":{"type":"Polygon","coordinates":[[[-73.1391344499865,-36.83601845654027],[-73.13909234736826,-36.83631872358353],[-73.1387551654732,-36.83628361139717],[-73.1387463439461,-36.83598512031946],[-73.1391344499865,-36.83601845654027]]]}},{"type":"Feature","properties":{"comuna":"SanPedroDeLaPaz","zona":"AV","zona_code":"AV","nombre":"AV Area verde","decreto":"Publicacion PRC San Pedro de la Paz. Decreto Alc. N°310. Fecha de promulgacion 10.03.2011. Fecha de publicacion D.O. 24.03.2011."},"geometry":{"type":"Polygon","coordinates":[[[-73.14190613440208,-36.83753879122339],[-73.14184316298572,-36.837857364491406],[-73.14152020965722,-36.83781590459274],[-73.14155439606333,-36.837504195725515],[-73.14190613440208,-36.83753879122339]]]}},{"type":"Feature","properties":{"comuna":"SanPedroDeLaPaz","zona":"AV","zona_code":"AV","nombre":"AV Area verde","decreto":"Publicacion PRC San Pedro de la Paz. Decreto Alc. N°310. Fecha de promulgacion 10.03.2011. Fecha de publicacion D.O. 24.03.2011."},"geometry":{"type":"Polygon","coordinates":[[[-73.14045204761753,-36.837472351756624],[-73.1404014118952,-36.83774948192066],[-73.14004935759176,-36.83770903457776],[-73.14005665987233,-36.83743927444304],[-73.14045204761753,-36.837472351756624]]]}},{"type":"Feature","properties":{"comuna":"SanPedroDeLaPaz","zona":"AV","zona_code":"AV","nombre":"AV Area verde","decreto":"Publicacion PRC San Pedro de la Paz. Decreto Alc. N°310. Fecha de promulgacion 10.03.2011. Fecha de publicacion D.O. 24.03.2011."},"geometry":{"type":"Polygon","coordinates":[[[-73.14171877992975,-36.83879325415103],[-73.14164694338099,-36.83921759524418],[-73.1413758587982,-36.83919190173542],[-73.14140499227629,-36.83878662771256],[-73.14171877992975,-36.83879325415103]]]}},{"type":"Feature","properties":{"comuna":"SanPedroDeLaPaz","zona":"ZE-1","zona_code":"ZE-1","nombre":"ZE-1 Zona de equipamiento mixto","decreto":"Publicacion PRC San Pedro de la Paz. Decreto Alc. N°310. Fecha de promulgacion 10.03.2011. Fecha de publicacion D.O. 24.03.2011."},"geometry":{"type":"Polygon","coordinates":[[[-73.14026836754175,-36.838471491364984],[-73.14015375328506,-36.83949229864834],[-73.13905641864872,-36.839400407274425],[-73.13916896966155,-36.838384911109166],[-73.14026836754175,-36.838471491364984]]]}},{"type":"Feature","properties":{"comuna":"SanPedroDeLaPaz","zona":"ZH-6","zona_code":"ZH-6","nombre":"ZH-6 Zona residencial","decreto":"Publicacion PRC San Pedro de la Paz. Decreto Alc. N°310. Fecha de promulgacion 10.03.2011. Fecha de publicacion D.O. 24.03.2011."},"geometry":{"type":"Polygon","coordinates":[[[-73.13786153388496,-36.83674246355996],[-73.13766063310732,-36.83707170287842],[-73.1373262514488,-36.83735872349798],[-73.13583818912358,-36.838148798184626],[-73.13509705084711,-36.83819219918786],[-73.13395043101508,-36.838015367133565],[-73.13516995818354,-36.83724639001206],[-73.13634198476821,-36.836678256199924],[-73.13786153388496,-36.83674246355996]]]}},{"type":"Feature","properties":{"comuna":"SanPedroDeLaPaz","zona":"ZH-5","zona_code":"ZH-5","nombre":"ZH-5 Zona residencial","decreto":"Publicacion PRC San Pedro de la Paz. Decreto Alc. N°310. Fecha de promulgacion 10.03.2011. Fecha de publicacion D.O. 24.03.2011."},"geometry":{"type":"Polygon","coordinates":[[[-73.14415880622931,-36.839973578052394],[-73.14399679063767,-36.84129160558939],[-73.1444757023154,-36.84152095137719],[-73.14427003748473,-36.84284050305965],[-73.14443132994835,-36.843936323775296],[-73.14426236155144,-36.84512570054383],[-73.14413004502731,-36.84753242702363],[-73.14266848519145,-36.847601033350806],[-73.14342762452523,-36.85031644510892],[-73.13810565195512,-36.85085367620282],[-73.13789370097784,-36.85070873806125],[-73.13504626254439,-36.839277849903084],[-73.14415880622931,-36.839973578052394]],[[-73.14169525201504,-36.8403818100374],[-73.13896613600379,-36.840222980934726],[-73.13890185515842,-36.84116181163018],[-73.1403474673719,-36.84127250457362],[-73.14075206410064,-36.84091945012031],[-73.14161053401403,-36.84099856707903],[-73.14169525201504,-36.8403818100374]]]}},{"type":"Feature","properties":{"comuna":"SanPedroDeLaPaz","zona":"AV","zona_code":"AV","nombre":"AV Area verde","decreto":"Publicacion PRC San Pedro de la Paz. Decreto Alc. N°310. Fecha de promulgacion 10.03.2011. Fecha de publicacion D.O. 24.03.2011."},"geometry":{"type":"Polygon","coordinates":[[[-73.14169525201504,-36.8403818100374],[-73.14161053401403,-36.84099856707903],[-73.14075206410064,-36.84091945012031],[-73.14062237930462,-36.84103149118914],[-73.14068712893963,-36.84034082333741],[-73.14169525201504,-36.8403818100374]]]}},{"type":"Feature","properties":{"comuna":"SanPedroDeLaPaz","zona":"ZE-1","zona_code":"ZE-1","nombre":"ZE-1 Zona de equipamiento mixto","decreto":"Publicacion PRC San Pedro de la Paz. Decreto Alc. N°310. Fecha de promulgacion 10.03.2011. Fecha de publicacion D.O. 24.03.2011."},"geometry":{"type":"Polygon","coordinates":[[[-73.14068712893963,-36.84034082333741],[-73.14062237930462,-36.84103149118914],[-73.1403474673719,-36.84127250457362],[-73.13890185515842,-36.84116181163018],[-73.13896613600379,-36.840222980934726],[-73.14068712893963,-36.84034082333741]]]}},{"type":"Feature","properties":{"comuna":"SanPedroDeLaPaz","zona":"ZH-5","zona_code":"ZH-5","nombre":"ZH-5 Zona residencial","decreto":"Publicacion PRC San Pedro de la Paz. Decreto Alc. N°310. Fecha de promulgacion 10.03.2011. Fecha de publicacion D.O. 24.03.2011."},"geometry":{"type":"Polygon","coordinates":[[[-73.14348187477871,-36.850477132116],[-73.14439736286268,-36.8535210273828],[-73.13890622219503,-36.8541696671038],[-73.1386920491871,-36.85398379675355],[-73.13859401702001,-36.85351851128859],[-73.13881200442187,-36.85350505009804],[-73.13874213060672,-36.85302120659517],[-73.1384453648631,-36.8530608502752],[-73.13843240396457,-36.852955844115336],[-73.13874435438507,-36.852927387665154],[-73.13867162712286,-36.85252566741098],[-73.13830842499908,-36.85255005163814],[-73.13799662160133,-36.851230976579366],[-73.13810958839167,-36.85102783804727],[-73.14348187477871,-36.850477132116]],[[-73.14031062487953,-36.85236596442336],[-73.13975902141065,-36.85241157372362],[-73.13980818057826,-36.852849268819206],[-73.14035915538707,-36.852791963738184],[-73.14031062487953,-36.85236596442336]],[[-73.14035361143087,-36.85289175616321],[-73.13982762991873,-36.85293940081078],[-73.13987536941895,-36.853350780908826],[-73.14042998592258,-36.85329334868074],[-73.14035361143087,-36.85289175616321]]]}},{"type":"Feature","properties":{"comuna":"SanPedroDeLaPaz","zona":"AV","zona_code":"AV","nombre":"AV Area verde","decreto":"Publicacion PRC San Pedro de la Paz. Decreto Alc. N°310. Fecha de promulgacion 10.03.2011. Fecha de publicacion D.O. 24.03.2011."},"geometry":{"type":"Polygon","coordinates":[[[-73.14031062487953,-36.85236596442336],[-73.14035915538707,-36.852791963738184],[-73.13980818057826,-36.852849268819206],[-73.13975902141065,-36.85241157372362],[-73.14031062487953,-36.85236596442336]]]}},{"type":"Feature","properties":{"comuna":"SanPedroDeLaPaz","zona":"AV","zona_code":"AV","nombre":"AV Area verde","decreto":"Publicacion PRC San Pedro de la Paz. Decreto Alc. N°310. Fecha de promulgacion 10.03.2011. Fecha de publicacion D.O. 24.03.2011."},"geometry":{"type":"Polygon","coordinates":[[[-73.14035361143087,-36.85289175616321],[-73.14042998592258,-36.85329334868074],[-73.13987536941895,-36.853350780908826],[-73.13982762991873,-36.85293940081078],[-73.14035361143087,-36.85289175616321]]]}},{"type":"Feature","properties":{"comuna":"SanPedroDeLaPaz","zona":"AV","zona_code":"AV","nombre":"AV Area verde","decreto":"Publicacion PRC San Pedro de la Paz. Decreto Alc. N°310. Fecha de promulgacion 10.03.2011. Fecha de publicacion D.O. 24.03.2011."},"geometry":{"type":"Polygon","coordinates":[[[-73.13867162712286,-36.85252566741098],[-73.13874435438507,-36.852927387665154],[-73.13843240396457,-36.852955844115336],[-73.13830842499908,-36.85255005163814],[-73.13867162712286,-36.85252566741098]]]}},{"type":"Feature","properties":{"comuna":"SanPedroDeLaPaz","zona":"AV","zona_code":"AV","nombre":"AV Area verde","decreto":"Publicacion PRC San Pedro de la Paz. Decreto Alc. N°310. Fecha de promulgacion 10.03.2011. Fecha de publicacion D.O. 24.03.2011."},"geometry":{"type":"Polygon","coordinates":[[[-73.13874213060672,-36.85302120659517],[-73.13881200442187,-36.85350505009804],[-73.13859401702001,-36.85351851128859],[-73.1384453648631,-36.8530608502752],[-73.13874213060672,-36.85302120659517]]]}},{"type":"Feature","properties":{"comuna":"SanPedroDeLaPaz","zona":"ZRC","zona_code":"ZRC","nombre":"ZRC Zona de riesgo costero","decreto":"Publicacion PRC San Pedro de la Paz. Decreto Alc. N°310. Fecha de promulgacion 10.03.2011. Fecha de publicacion D.O. 24.03.2011."},"geometry":{"type":"Polygon","coordinates":[[[-73.15131238861571,-36.852916071428844],[-73.15168349528153,-36.852903088368336],[-73.1515612635062,-36.85576058735489],[-73.1512347552517,-36.855789587285564],[-73.15131238861571,-36.852916071428844]]]}},{"type":"Feature","properties":{"comuna":"SanPedroDeLaPaz","zona":"ZRC","zona_code":"ZRC","nombre":"ZRC Zona de riesgo costero","decreto":"Publicacion PRC San Pedro de la Paz. Decreto Alc. N°310. Fecha de promulgacion 10.03.2011. Fecha de publicacion D.O. 24.03.2011."},"geometry":{"type":"Polygon","coordinates":[[[-73.15247342034867,-36.852772519107944],[-73.15237373787741,-36.855640047543204],[-73.15182164653102,-36.85572218380079],[-73.15192172204651,-36.852859600632016],[-73.15247342034867,-36.852772519107944]]]}},{"type":"Feature","properties":{"comuna":"SanPedroDeLaPaz","zona":"ZRC","zona_code":"ZRC","nombre":"ZRC Zona de riesgo costero","decreto":"Publicacion PRC San Pedro de la Paz. Decreto Alc. N°310. Fecha de promulgacion 10.03.2011. Fecha de publicacion D.O. 24.03.2011."},"geometry":{"type":"Polygon","coordinates":[[[-73.15161158785344,-36.85601661300257],[-73.1515997530854,-36.858489428702924],[-73.15123779755065,-36.85853724489638],[-73.15127052445614,-36.85604612119569],[-73.15161158785344,-36.85601661300257]]]}},{"type":"Feature","properties":{"comuna":"SanPedroDeLaPaz","zona":"ZRC","zona_code":"ZRC","nombre":"ZRC Zona de riesgo costero","decreto":"Publicacion PRC San Pedro de la Paz. Decreto Alc. N°310. Fecha de promulgacion 10.03.2011. Fecha de publicacion D.O. 24.03.2011."},"geometry":{"type":"Polygon","coordinates":[[[-73.15241257623187,-36.855936178439485],[-73.15233827745618,-36.85838543593045],[-73.15180256195431,-36.85846475651981],[-73.15182198338945,-36.855997534300926],[-73.15241257623187,-36.855936178439485]]]}},{"type":"Feature","properties":{"comuna":"SanPedroDeLaPaz","zona":"ZRC","zona_code":"ZRC","nombre":"ZRC Zona de riesgo costero","decreto":"Publicacion PRC San Pedro de la Paz. Decreto Alc. N°310. Fecha de promulgacion 10.03.2011. Fecha de publicacion D.O. 24.03.2011."},"geometry":{"type":"Polygon","coordinates":[[[-73.1515425072118,-36.85877851104331],[-73.15135569457183,-36.86111683875277],[-73.15100005322587,-36.86114685725305],[-73.151230540644,-36.858807002417855],[-73.1515425072118,-36.85877851104331]]]}},{"type":"Feature","properties":{"comuna":"SanPedroDeLaPaz","zona":"ZRC","zona_code":"ZRC","nombre":"ZRC Zona de riesgo costero","decreto":"Publicacion PRC San Pedro de la Paz. Decreto Alc. N°310. Fecha de promulgacion 10.03.2011. Fecha de publicacion D.O. 24.03.2011."},"geometry":{"type":"Polygon","coordinates":[[[-73.15234677847691,-36.85866878191557],[-73.1521375705346,-36.860992804033984],[-73.15157116273181,-36.86105657034001],[-73.15178866276825,-36.858746463397644],[-73.15234677847691,-36.85866878191557]]]}},{"type":"Feature","properties":{"comuna":"SanPedroDeLaPaz","zona":"ZRC","zona_code":"ZRC","nombre":"ZRC Zona de riesgo costero","decreto":"Publicacion PRC San Pedro de la Paz. Decreto Alc. N°310. Fecha de promulgacion 10.03.2011. Fecha de publicacion D.O. 24.03.2011."},"geometry":{"type":"Polygon","coordinates":[[[-73.15136077418511,-36.861345152911746],[-73.15116123469896,-36.866812507095155],[-73.15085873192906,-36.86688167805446],[-73.1510139946193,-36.861404155518365],[-73.15136077418511,-36.861345152911746]]]}},{"type":"Feature","properties":{"comuna":"SanPedroDeLaPaz","zona":"ZRC","zona_code":"ZRC","nombre":"ZRC Zona de riesgo costero","decreto":"Publicacion PRC San Pedro de la Paz. Decreto Alc. N°310. Fecha de promulgacion 10.03.2011. Fecha de publicacion D.O. 24.03.2011."},"geometry":{"type":"Polygon","coordinates":[[[-73.15211543288974,-36.861275673438094],[-73.15202895685037,-36.862320987020546],[-73.1520014730875,-36.86664263921757],[-73.15140804988758,-36.86679215390612],[-73.151565174547,-36.8613497190501],[-73.15211543288974,-36.861275673438094]]]}},{"type":"Feature","properties":{"comuna":"SanPedroDeLaPaz","zona":"ZRC","zona_code":"ZRC","nombre":"ZRC Zona de riesgo costero","decreto":"Publicacion PRC San Pedro de la Paz. Decreto Alc. N°310. Fecha de promulgacion 10.03.2011. Fecha de publicacion D.O. 24.03.2011."},"geometry":{"type":"Polygon","coordinates":[[[-73.15114796938421,-36.86710591001063],[-73.15103546244616,-36.876062041062966],[-73.15121197669839,-36.8817388646538],[-73.15082079572183,-36.88178770502651],[-73.15068295748029,-36.876554793049266],[-73.1507252977351,-36.868186992823176],[-73.15078724061405,-36.86717711756088],[-73.15114796938421,-36.86710591001063]]]}},{"type":"Feature","properties":{"comuna":"SanPedroDeLaPaz","zona":"ZRC","zona_code":"ZRC","nombre":"ZRC Zona de riesgo costero","decreto":"Publicacion PRC San Pedro de la Paz. Decreto Alc. N°310. Fecha de promulgacion 10.03.2011. Fecha de publicacion D.O. 24.03.2011."},"geometry":{"type":"Polygon","coordinates":[[[-73.1519628272913,-36.86697450568122],[-73.151843818076,-36.86873350112554],[-73.15182160606618,-36.876650803200775],[-73.15196775726517,-36.88168898039498],[-73.15140060541562,-36.88172054670572],[-73.15127852836368,-36.87624101685133],[-73.15130059249844,-36.86830747620264],[-73.1513786444446,-36.86705682730106],[-73.1519628272913,-36.86697450568122]]]}},{"type":"Feature","properties":{"comuna":"SanPedroDeLaPaz","zona":"ZRC","zona_code":"ZRC","nombre":"ZRC Zona de riesgo costero","decreto":"Publicacion PRC San Pedro de la Paz. Decreto Alc. N°310. Fecha de promulgacion 10.03.2011. Fecha de publicacion D.O. 24.03.2011."},"geometry":{"type":"Polygon","coordinates":[[[-73.15197506747894,-36.8819582272445],[-73.15224360740494,-36.88724514550911],[-73.15167704903338,-36.8872884102669],[-73.1514159845073,-36.882004158311595],[-73.15197506747894,-36.8819582272445]]]}},{"type":"Feature","properties":{"comuna":"SanPedroDeLaPaz","zona":"ZRC","zona_code":"ZRC","nombre":"ZRC Zona de riesgo costero","decreto":"Publicacion PRC San Pedro de la Paz. Decreto Alc. N°310. Fecha de promulgacion 10.03.2011. Fecha de publicacion D.O. 24.03.2011."},"geometry":{"type":"Polygon","coordinates":[[[-73.15121627828377,-36.882019934289204],[-73.15119427518111,-36.883497112497984],[-73.15150169834507,-36.88728282998012],[-73.15111112361458,-36.88734336877924],[-73.15082136866113,-36.88280711008546],[-73.15085231021385,-36.88203267010508],[-73.15121627828377,-36.882019934289204]]]}},{"type":"Feature","properties":{"comuna":"SanPedroDeLaPaz","zona":"ZRC","zona_code":"ZRC","nombre":"ZRC Zona de riesgo costero","decreto":"Publicacion PRC San Pedro de la Paz. Decreto Alc. N°310. Fecha de promulgacion 10.03.2011. Fecha de publicacion D.O. 24.03.2011."},"geometry":{"type":"Polygon","coordinates":[[[-73.15372353831688,-36.90420914073081],[-73.15289460398137,-36.90431453046927],[-73.1526511395822,-36.90211430747619],[-73.15289735184764,-36.901543246594045],[-73.15224067188261,-36.89616446943406],[-73.15280917805279,-36.896059702248714],[-73.15372353831688,-36.90420914073081]]]}},{"type":"Feature","properties":{"comuna":"SanPedroDeLaPaz","zona":"ZRC","zona_code":"ZRC","nombre":"ZRC Zona de riesgo costero","decreto":"Publicacion PRC San Pedro de la Paz. Decreto Alc. N°310. Fecha de promulgacion 10.03.2011. Fecha de publicacion D.O. 24.03.2011."},"geometry":{"type":"Polygon","coordinates":[[[-73.15254630727671,-36.90179574636168],[-73.15235822633866,-36.901556264117175],[-73.15170079884518,-36.89623023737396],[-73.15203808281542,-36.896194995845235],[-73.15240989961953,-36.89982026472206],[-73.15271784205149,-36.901461650994435],[-73.15254630727671,-36.90179574636168]]]}},{"type":"Feature","properties":{"comuna":"SanPedroDeLaPaz","zona":"ZRC","zona_code":"ZRC","nombre":"ZRC Zona de riesgo costero","decreto":"Publicacion PRC San Pedro de la Paz. Decreto Alc. N°310. Fecha de promulgacion 10.03.2011. Fecha de publicacion D.O. 24.03.2011."},"geometry":{"type":"Polygon","coordinates":[[[-73.15279784090414,-36.895913465926256],[-73.15224603157507,-36.89599437781223],[-73.15198471525213,-36.89225392277851],[-73.1525474728919,-36.89221948951015],[-73.15279784090414,-36.895913465926256]]]}},{"type":"Feature","properties":{"comuna":"SanPedroDeLaPaz","zona":"ZRC","zona_code":"ZRC","nombre":"ZRC Zona de riesgo costero","decreto":"Publicacion PRC San Pedro de la Paz. Decreto Alc. N°310. Fecha de promulgacion 10.03.2011. Fecha de publicacion D.O. 24.03.2011."},"geometry":{"type":"Polygon","coordinates":[[[-73.1520143184236,-36.89602592389925],[-73.15166738420585,-36.896084938216795],[-73.15140609613738,-36.89234448003508],[-73.15178277014236,-36.892296143720465],[-73.1520143184236,-36.89602592389925]]]}},{"type":"Feature","properties":{"comuna":"SanPedroDeLaPaz","zona":"ZRC","zona_code":"ZRC","nombre":"ZRC Zona de riesgo costero","decreto":"Publicacion PRC San Pedro de la Paz. Decreto Alc. N°310. Fecha de promulgacion 10.03.2011. Fecha de publicacion D.O. 24.03.2011."},"geometry":{"type":"Polygon","coordinates":[[[-73.15253622232323,-36.89204427766461],[-73.15196063611988,-36.89207900343744],[-73.15169483133394,-36.88744817150486],[-73.15225362707729,-36.8874198534323],[-73.15253622232323,-36.89204427766461]]]}},{"type":"Feature","properties":{"comuna":"SanPedroDeLaPaz","zona":"ZRC","zona_code":"ZRC","nombre":"ZRC Zona de riesgo costero","decreto":"Publicacion PRC San Pedro de la Paz. Decreto Alc. N°310. Fecha de promulgacion 10.03.2011. Fecha de publicacion D.O. 24.03.2011."},"geometry":{"type":"Polygon","coordinates":[[[-73.15175805673572,-36.892109528768536],[-73.15139594461418,-36.89215735525373],[-73.15113080751179,-36.88753821592493],[-73.1514777041257,-36.88747920565482],[-73.15175805673572,-36.892109528768536]]]}},{"type":"Feature","properties":{"comuna":"SanPedroDeLaPaz","zona":"ZM-5","zona_code":"ZM-5","nombre":"ZM-5 Zona mixta","decreto":"Publicacion PRC San Pedro de la Paz. Decreto Alc. N°310. Fecha de promulgacion 10.03.2011. Fecha de publicacion D.O. 24.03.2011."},"geometry":{"type":"Polygon","coordinates":[[[-73.15131238861571,-36.852916071428844],[-73.1512347552517,-36.855789587285564],[-73.14914554640318,-36.856017182589326],[-73.14923276742002,-36.853588598852674],[-73.14934095110937,-36.8531629837937],[-73.15131238861571,-36.852916071428844]]]}},{"type":"Feature","properties":{"comuna":"SanPedroDeLaPaz","zona":"ZM-5","zona_code":"ZM-5","nombre":"ZM-5 Zona mixta","decreto":"Publicacion PRC San Pedro de la Paz. Decreto Alc. N°310. Fecha de promulgacion 10.03.2011. Fecha de publicacion D.O. 24.03.2011."},"geometry":{"type":"Polygon","coordinates":[[[-73.15127052445614,-36.85604612119569],[-73.15123779755065,-36.85853724489638],[-73.14901847606185,-36.85878696908794],[-73.14914682444115,-36.85631007672649],[-73.15127052445614,-36.85604612119569]]]}},{"type":"Feature","properties":{"comuna":"SanPedroDeLaPaz","zona":"ZM-5","zona_code":"ZM-5","nombre":"ZM-5 Zona mixta","decreto":"Publicacion PRC San Pedro de la Paz. Decreto Alc. N°310. Fecha de promulgacion 10.03.2011. Fecha de publicacion D.O. 24.03.2011."},"geometry":{"type":"Polygon","coordinates":[[[-73.151230540644,-36.858807002417855],[-73.15100005322587,-36.86114685725305],[-73.14896986816818,-36.86138996480562],[-73.14903430898976,-36.85907935433845],[-73.151230540644,-36.858807002417855]]]}},{"type":"Feature","properties":{"comuna":"SanPedroDeLaPaz","zona":"ZM-5","zona_code":"ZM-5","nombre":"ZM-5 Zona mixta","decreto":"Publicacion PRC San Pedro de la Paz. Decreto Alc. N°310. Fecha de promulgacion 10.03.2011. Fecha de publicacion D.O. 24.03.2011."},"geometry":{"type":"Polygon","coordinates":[[[-73.1510139946193,-36.861404155518365],[-73.15085873192906,-36.86688167805446],[-73.14889358729634,-36.867251406530535],[-73.14875558724405,-36.866588331723264],[-73.14895595867752,-36.86167167273584],[-73.1510139946193,-36.861404155518365]]]}},{"type":"Feature","properties":{"comuna":"SanPedroDeLaPaz","zona":"ZM-5","zona_code":"ZM-5","nombre":"ZM-5 Zona mixta","decreto":"Publicacion PRC San Pedro de la Paz. Decreto Alc. N°310. Fecha de promulgacion 10.03.2011. Fecha de publicacion D.O. 24.03.2011."},"geometry":{"type":"Polygon","coordinates":[[[-73.15078724061405,-36.86717711756088],[-73.1507252977351,-36.868186992823176],[-73.15075073640784,-36.86973281768865],[-73.14903789399905,-36.86749242879094],[-73.15078724061405,-36.86717711756088]]]}},{"type":"Feature","properties":{"comuna":"SanPedroDeLaPaz","zona":"ZM-5","zona_code":"ZM-5","nombre":"ZM-5 Zona mixta","decreto":"Publicacion PRC San Pedro de la Paz. Decreto Alc. N°310. Fecha de promulgacion 10.03.2011. Fecha de publicacion D.O. 24.03.2011."},"geometry":{"type":"Polygon","coordinates":[[[-73.15068025706071,-36.87462149516387],[-73.15082079572183,-36.88178770502651],[-73.14959965169015,-36.88189706958624],[-73.14930492952863,-36.87672822887067],[-73.15068025706071,-36.87462149516387]]]}},{"type":"Feature","properties":{"comuna":"SanPedroDeLaPaz","zona":"ZM-5","zona_code":"ZM-5","nombre":"ZM-5 Zona mixta","decreto":"Publicacion PRC San Pedro de la Paz. Decreto Alc. N°310. Fecha de promulgacion 10.03.2011. Fecha de publicacion D.O. 24.03.2011."},"geometry":{"type":"Polygon","coordinates":[[[-73.15085231021385,-36.88203267010508],[-73.15082136866113,-36.88280711008546],[-73.15111112361458,-36.88734336877924],[-73.14990144557912,-36.88746405504914],[-73.14961296372208,-36.882142672575284],[-73.15085231021385,-36.88203267010508]]]}},{"type":"Feature","properties":{"comuna":"SanPedroDeLaPaz","zona":"ZM-5","zona_code":"ZM-5","nombre":"ZM-5 Zona mixta","decreto":"Publicacion PRC San Pedro de la Paz. Decreto Alc. N°310. Fecha de promulgacion 10.03.2011. Fecha de publicacion D.O. 24.03.2011."},"geometry":{"type":"Polygon","coordinates":[[[-73.15113080751179,-36.88753821592493],[-73.15139594461418,-36.89215735525373],[-73.15025642268213,-36.8922616772205],[-73.14993976017332,-36.887632618672235],[-73.15113080751179,-36.88753821592493]]]}},{"type":"Feature","properties":{"comuna":"SanPedroDeLaPaz","zona":"ZM-5","zona_code":"ZM-5","nombre":"ZM-5 Zona mixta","decreto":"Publicacion PRC San Pedro de la Paz. Decreto Alc. N°310. Fecha de promulgacion 10.03.2011. Fecha de publicacion D.O. 24.03.2011."},"geometry":{"type":"Polygon","coordinates":[[[-73.15140609613738,-36.89234448003508],[-73.15166738420585,-36.896084938216795],[-73.15067026276051,-36.89626044508303],[-73.15028113242892,-36.89244829328135],[-73.15140609613738,-36.89234448003508]]]}},{"type":"Feature","properties":{"comuna":"SanPedroDeLaPaz","zona":"ZM-5","zona_code":"ZM-5","nombre":"ZM-5 Zona mixta","decreto":"Publicacion PRC San Pedro de la Paz. Decreto Alc. N°310. Fecha de promulgacion 10.03.2011. Fecha de publicacion D.O. 24.03.2011."},"geometry":{"type":"Polygon","coordinates":[[[-73.15170079884518,-36.89623023737396],[-73.15190889820533,-36.89838483272897],[-73.15235822633866,-36.901556264117175],[-73.15141376957969,-36.900687077223466],[-73.15103979400963,-36.899844788685876],[-73.15068420445147,-36.896382991078056],[-73.15170079884518,-36.89623023737396]]]}},{"type":"Feature","properties":{"comuna":"SanPedroDeLaPaz","zona":"ZH-15","zona_code":"ZH-15","nombre":"ZH-15 Zona residencial","decreto":"Publicacion PRC San Pedro de la Paz. Decreto Alc. N°310. Fecha de promulgacion 10.03.2011. Fecha de publicacion D.O. 24.03.2011."},"geometry":{"type":"Polygon","coordinates":[[[-73.1489715830409,-36.853208122688045],[-73.1488217259899,-36.856095881100075],[-73.1459666373142,-36.85641830500961],[-73.14463468385071,-36.85362918200969],[-73.1489715830409,-36.853208122688045]]]}},{"type":"Feature","properties":{"comuna":"SanPedroDeLaPaz","zona":"ZH-15","zona_code":"ZH-15","nombre":"ZH-15 Zona residencial","decreto":"Publicacion PRC San Pedro de la Paz. Decreto Alc. N°310. Fecha de promulgacion 10.03.2011. Fecha de publicacion D.O. 24.03.2011."},"geometry":{"type":"Polygon","coordinates":[[[-73.14443283357829,-36.85367138525372],[-73.14571985249255,-36.85643864507679],[-73.13961977408161,-36.85715546615573],[-73.13948246851638,-36.857043080094506],[-73.13882080678438,-36.85451172452036],[-73.13895623721578,-36.85431951877139],[-73.14443283357829,-36.85367138525372]]]}},{"type":"Feature","properties":{"comuna":"SanPedroDeLaPaz","zona":"ZH-15","zona_code":"ZH-15","nombre":"ZH-15 Zona residencial","decreto":"Publicacion PRC San Pedro de la Paz. Decreto Alc. N°310. Fecha de promulgacion 10.03.2011. Fecha de publicacion D.O. 24.03.2011."},"geometry":{"type":"Polygon","coordinates":[[[-73.14879262938933,-36.85636640236776],[-73.14868009019415,-36.85886617653018],[-73.14589640424353,-36.85916266987149],[-73.14593689670384,-36.85667713053323],[-73.14879262938933,-36.85636640236776]]]}},{"type":"Feature","properties":{"comuna":"SanPedroDeLaPaz","zona":"ZH-15","zona_code":"ZH-15","nombre":"ZH-15 Zona residencial","decreto":"Publicacion PRC San Pedro de la Paz. Decreto Alc. N°310. Fecha de promulgacion 10.03.2011. Fecha de publicacion D.O. 24.03.2011."},"geometry":{"type":"Polygon","coordinates":[[[-73.1457919894446,-36.8566939109836],[-73.14567998628812,-36.85920538410739],[-73.14037703841026,-36.859835809460144],[-73.14016695305934,-36.859725963445115],[-73.13960075380244,-36.857613116217905],[-73.13969378733644,-36.857445823916976],[-73.1457919894446,-36.8566939109836]]]}},{"type":"Feature","properties":{"comuna":"SanPedroDeLaPaz","zona":"ZH-15","zona_code":"ZH-15","nombre":"ZH-15 Zona residencial","decreto":"Publicacion PRC San Pedro de la Paz. Decreto Alc. N°310. Fecha de promulgacion 10.03.2011. Fecha de publicacion D.O. 24.03.2011."},"geometry":{"type":"Polygon","coordinates":[[[-73.14870794303162,-36.859111271452825],[-73.14861374898199,-36.861411205043574],[-73.14578883828418,-36.861756009845266],[-73.14588311688969,-36.85945607286507],[-73.14870794303162,-36.859111271452825]]]}},{"type":"Feature","properties":{"comuna":"SanPedroDeLaPaz","zona":"ZH-15","zona_code":"ZH-15","nombre":"ZH-15 Zona residencial","decreto":"Publicacion PRC San Pedro de la Paz. Decreto Alc. N°310. Fecha de promulgacion 10.03.2011. Fecha de publicacion D.O. 24.03.2011."},"geometry":{"type":"Polygon","coordinates":[[[-73.14566606435145,-36.85948709140781],[-73.14560088953095,-36.861786011368224],[-73.14093692795261,-36.862370704424734],[-73.1407110147899,-36.86223797748567],[-73.14028272068101,-36.86024921549426],[-73.1404061295631,-36.8601042986423],[-73.14566606435145,-36.85948709140781]]]}},{"type":"Feature","properties":{"comuna":"SanPedroDeLaPaz","zona":"ZH-15","zona_code":"ZH-15","nombre":"ZH-15 Zona residencial","decreto":"Publicacion PRC San Pedro de la Paz. Decreto Alc. N°310. Fecha de promulgacion 10.03.2011. Fecha de publicacion D.O. 24.03.2011."},"geometry":{"type":"Polygon","coordinates":[[[-73.14857009591037,-36.86168223468351],[-73.1484500547112,-36.86619768887717],[-73.14558446512687,-36.86660250386458],[-73.14581731739456,-36.86201280076155],[-73.14857009591037,-36.86168223468351]]]}},{"type":"Feature","properties":{"comuna":"SanPedroDeLaPaz","zona":"ZH-15","zona_code":"ZH-15","nombre":"ZH-15 Zona residencial","decreto":"Publicacion PRC San Pedro de la Paz. Decreto Alc. N°310. Fecha de promulgacion 10.03.2011. Fecha de publicacion D.O. 24.03.2011."},"geometry":{"type":"Polygon","coordinates":[[[-73.14560025753288,-36.8620438198701],[-73.14544207157338,-36.86666606672874],[-73.13821020182452,-36.8677739034986],[-73.14107734823945,-36.86361958537932],[-73.14088627789066,-36.86278258754223],[-73.14103500576856,-36.862566480870015],[-73.14560025753288,-36.8620438198701]]]}},{"type":"Feature","properties":{"comuna":"SanPedroDeLaPaz","zona":"ZPH","zona_code":"ZPH","nombre":"ZPH Zona productiva horticola","decreto":"Publicacion PRC San Pedro de la Paz. Decreto Alc. N°310. Fecha de promulgacion 10.03.2011. Fecha de publicacion D.O. 24.03.2011."},"geometry":{"type":"Polygon","coordinates":[[[-73.13100190958521,-36.83723559623362],[-73.13014344616037,-36.835878346521724],[-73.1300550100551,-36.83531897670055],[-73.12893225464627,-36.83477215831314],[-73.12969233384155,-36.83345677150719],[-73.13289532050207,-36.829595636927294],[-73.13665682551688,-36.82610049766156],[-73.13760820348689,-36.82697736364219],[-73.13789539151816,-36.82713578389564],[-73.13731185244097,-36.82782851938212],[-73.13685992379362,-36.82940989820365],[-73.13711144368646,-36.83103924234057],[-73.13707493438436,-36.831912940041114],[-73.13666823217208,-36.8328916561879],[-73.13547585436682,-36.83468306221778],[-73.1346307146238,-36.83542093367675],[-73.1335879815942,-36.836094126949945],[-73.13100190958521,-36.83723559623362]]]}},{"type":"Feature","properties":{"comuna":"SanPedroDeLaPaz","zona":"ZM-3","zona_code":"ZM-3","nombre":"ZM-3 Zona mixta","decreto":"Publicacion PRC San Pedro de la Paz. Decreto Alc. N°310. Fecha de promulgacion 10.03.2011. Fecha de publicacion D.O. 24.03.2011."},"geometry":{"type":"Polygon","coordinates":[[[-73.1484500547112,-36.86619768887717],[-73.14854772513796,-36.86726057046334],[-73.14552894203625,-36.867799635168915],[-73.14558446512687,-36.86660250386458],[-73.1484500547112,-36.86619768887717]]]}},{"type":"Feature","properties":{"comuna":"SanPedroDeLaPaz","zona":"ZM-3","zona_code":"ZM-3","nombre":"ZM-3 Zona mixta","decreto":"Publicacion PRC San Pedro de la Paz. Decreto Alc. N°310. Fecha de promulgacion 10.03.2011. Fecha de publicacion D.O. 24.03.2011."},"geometry":{"type":"Polygon","coordinates":[[[-73.14544207157338,-36.86666606672874],[-73.14534097936209,-36.867829637655795],[-73.13739760102101,-36.86926694102962],[-73.1373128152637,-36.8690472641483],[-73.13821020182452,-36.8677739034986],[-73.14544207157338,-36.86666606672874]]]}},{"type":"Feature","properties":{"comuna":"SanPedroDeLaPaz","zona":"ZM-3","zona_code":"ZM-3","nombre":"ZM-3 Zona mixta","decreto":"Publicacion PRC San Pedro de la Paz. Decreto Alc. N°310. Fecha de promulgacion 10.03.2011. Fecha de publicacion D.O. 24.03.2011."},"geometry":{"type":"Polygon","coordinates":[[[-73.13682550161872,-36.86893536211969],[-73.13548132046093,-36.86321716152267],[-73.1402213312348,-36.86268861574386],[-73.14043205756919,-36.86281015658251],[-73.14059085261613,-36.863589693198726],[-73.13682550161872,-36.86893536211969]]]}},{"type":"Feature","properties":{"comuna":"SanPedroDeLaPaz","zona":"ZM-3","zona_code":"ZM-3","nombre":"ZM-3 Zona mixta","decreto":"Publicacion PRC San Pedro de la Paz. Decreto Alc. N°310. Fecha de promulgacion 10.03.2011. Fecha de publicacion D.O. 24.03.2011."},"geometry":{"type":"Polygon","coordinates":[[[-73.13459911930082,-36.86335336428658],[-73.13602483337345,-36.8695022854766],[-73.13515838217062,-36.869661380740425],[-73.13367135518702,-36.86345599496886],[-73.13459911930082,-36.86335336428658]]]}},{"type":"Feature","properties":{"comuna":"SanPedroDeLaPaz","zona":"ZM-3","zona_code":"ZM-3","nombre":"ZM-3 Zona mixta","decreto":"Publicacion PRC San Pedro de la Paz. Decreto Alc. N°310. Fecha de promulgacion 10.03.2011. Fecha de publicacion D.O. 24.03.2011."},"geometry":{"type":"Polygon","coordinates":[[[-73.13539339094719,-36.86293900344316],[-73.13491651300355,-36.860858171327244],[-73.13514876125849,-36.86083835948211],[-73.13531269040732,-36.86063344708845],[-73.13963361618578,-36.86017812278798],[-73.13984433481814,-36.86029966449927],[-73.14030236009116,-36.862299108025304],[-73.14015110134241,-36.86246843210341],[-73.13539339094719,-36.86293900344316]]]}},{"type":"Feature","properties":{"comuna":"SanPedroDeLaPaz","zona":"ZM-3","zona_code":"ZM-3","nombre":"ZM-3 Zona mixta","decreto":"Publicacion PRC San Pedro de la Paz. Decreto Alc. N°310. Fecha de promulgacion 10.03.2011. Fecha de publicacion D.O. 24.03.2011."},"geometry":{"type":"Polygon","coordinates":[[[-73.13332287714512,-36.8580780312917],[-73.1345440904712,-36.863144364629115],[-73.1336340393831,-36.863304966284076],[-73.13236669529948,-36.85819335838749],[-73.13332287714512,-36.8580780312917]]]}},{"type":"Feature","properties":{"comuna":"SanPedroDeLaPaz","zona":"ZM-3","zona_code":"ZM-3","nombre":"ZM-3 Zona mixta","decreto":"Publicacion PRC San Pedro de la Paz. Decreto Alc. N°310. Fecha de promulgacion 10.03.2011. Fecha de publicacion D.O. 24.03.2011."},"geometry":{"type":"Polygon","coordinates":[[[-73.13894977647254,-36.85750693076605],[-73.13915985516824,-36.85761677877168],[-73.13971148624753,-36.85973013716286],[-73.13963553253886,-36.85994370337901],[-73.13528424697685,-36.86037665099124],[-73.13504379378405,-36.86024441982099],[-73.13476788259388,-36.860265752542716],[-73.13433782375282,-36.85851137769029],[-73.1347403413605,-36.858134106456674],[-73.13510041570362,-36.858051253031626],[-73.13529597282768,-36.85789210976182],[-73.13894977647254,-36.85750693076605]]]}},{"type":"Feature","properties":{"comuna":"SanPedroDeLaPaz","zona":"ZM-3","zona_code":"ZM-3","nombre":"ZM-3 Zona mixta","decreto":"Publicacion PRC San Pedro de la Paz. Decreto Alc. N°310. Fecha de promulgacion 10.03.2011. Fecha de publicacion D.O. 24.03.2011."},"geometry":{"type":"Polygon","coordinates":[[[-73.13892069216752,-36.857238440402426],[-73.13523905452479,-36.857648023415976],[-73.1349087595776,-36.85747205114534],[-73.1345347643232,-36.85756710670288],[-73.13408235771796,-36.857289929106635],[-73.13357965549467,-36.8549990701839],[-73.13538563696723,-36.85469007643316],[-73.13815530312772,-36.85440604026059],[-73.13841282165997,-36.85458454084318],[-73.13905739067735,-36.85706962602535],[-73.13892069216752,-36.857238440402426]]]}},{"type":"Feature","properties":{"comuna":"SanPedroDeLaPaz","zona":"ZM-3","zona_code":"ZM-3","nombre":"ZM-3 Zona mixta","decreto":"Publicacion PRC San Pedro de la Paz. Decreto Alc. N°310. Fecha de promulgacion 10.03.2011. Fecha de publicacion D.O. 24.03.2011."},"geometry":{"type":"Polygon","coordinates":[[[-73.13328178094957,-36.85785682862663],[-73.13231104737547,-36.857972661289544],[-73.12985226027428,-36.84779361116091],[-73.1308981565603,-36.84772205545438],[-73.13328178094957,-36.85785682862663]]]}},{"type":"Feature","properties":{"comuna":"SanPedroDeLaPaz","zona":"ZM-3","zona_code":"ZM-3","nombre":"ZM-3 Zona mixta","decreto":"Publicacion PRC San Pedro de la Paz. Decreto Alc. N°310. Fecha de promulgacion 10.03.2011. Fecha de publicacion D.O. 24.03.2011."},"geometry":{"type":"Polygon","coordinates":[[[-73.13355816205615,-36.854870924944585],[-73.13276646292849,-36.85181676507672],[-73.13187249514758,-36.84794592407235],[-73.13384659943777,-36.84778343306903],[-73.1338754357346,-36.84939946055103],[-73.13504229770565,-36.85292096311438],[-73.13548135091067,-36.85349154385016],[-73.13577038315758,-36.85452433848579],[-73.13355816205615,-36.854870924944585]]]}},{"type":"Feature","properties":{"comuna":"SanPedroDeLaPaz","zona":"ZM-3","zona_code":"ZM-3","nombre":"ZM-3 Zona mixta","decreto":"Publicacion PRC San Pedro de la Paz. Decreto Alc. N°310. Fecha de promulgacion 10.03.2011. Fecha de publicacion D.O. 24.03.2011."},"geometry":{"type":"Polygon","coordinates":[[[-73.12980929236679,-36.847537317748355],[-73.12923089752954,-36.84519047977444],[-73.12920758888613,-36.844757738356876],[-73.12944123698946,-36.84395280918],[-73.12928954388833,-36.843301897878135],[-73.12848259717451,-36.84185354725764],[-73.12791529323638,-36.841064762897524],[-73.12697596457596,-36.84040608808224],[-73.12624344020797,-36.84006831089284],[-73.12660429314215,-36.839188656690936],[-73.12722103067605,-36.8395421767598],[-73.1281071838793,-36.84029644006964],[-73.12902491142056,-36.84136597476442],[-73.12963960168901,-36.84249291742101],[-73.13084126300724,-36.8474779654782],[-73.12980929236679,-36.847537317748355]]]}},{"type":"Feature","properties":{"comuna":"SanPedroDeLaPaz","zona":"ZH-5","zona_code":"ZH-5","nombre":"ZH-5 Zona residencial","decreto":"Publicacion PRC San Pedro de la Paz. Decreto Alc. N°310. Fecha de promulgacion 10.03.2011. Fecha de publicacion D.O. 24.03.2011."},"geometry":{"type":"Polygon","coordinates":[[[-73.13428192380046,-36.838282846432655],[-73.1374198130531,-36.85077579377492],[-73.1372685674823,-36.85094511307956],[-73.13470213284023,-36.851210326191364],[-73.13408106804478,-36.849427449948365],[-73.13398627002893,-36.84875113075743],[-73.1341119219282,-36.84648525103423],[-73.1337535312913,-36.844435432705026],[-73.1326268173268,-36.84057270085156],[-73.13187306048567,-36.83875927456215],[-73.13214674535075,-36.838427511059706],[-73.13372237642203,-36.838179301490506],[-73.13428192380046,-36.838282846432655]]]}},{"type":"Feature","properties":{"comuna":"SanPedroDeLaPaz","zona":"ZH-5","zona_code":"ZH-5","nombre":"ZH-5 Zona residencial","decreto":"Publicacion PRC San Pedro de la Paz. Decreto Alc. N°310. Fecha de promulgacion 10.03.2011. Fecha de publicacion D.O. 24.03.2011."},"geometry":{"type":"Polygon","coordinates":[[[-73.13733435603933,-36.851083430493325],[-73.1375488335106,-36.85127515223446],[-73.13790746265546,-36.852516431000325],[-73.13767587162158,-36.85254794193367],[-73.13775934255547,-36.85301373543488],[-73.13797701287064,-36.85299442836686],[-73.13826481339976,-36.85400382299248],[-73.1381198798053,-36.85429009962336],[-73.13597097980119,-36.85445875890863],[-73.13565031348149,-36.85338019730481],[-73.13528083310794,-36.85301810952357],[-73.13478184028283,-36.85133644310836],[-73.13733435603933,-36.851083430493325]]]}},{"type":"Feature","properties":{"comuna":"SanPedroDeLaPaz","zona":"AV","zona_code":"AV","nombre":"AV Area verde","decreto":"Publicacion PRC San Pedro de la Paz. Decreto Alc. N°310. Fecha de promulgacion 10.03.2011. Fecha de publicacion D.O. 24.03.2011."},"geometry":{"type":"Polygon","coordinates":[[[-73.13790746265546,-36.852516431000325],[-73.13797701287064,-36.85299442836686],[-73.13775934255547,-36.85301373543488],[-73.13767587162158,-36.85254794193367],[-73.13790746265546,-36.852516431000325]]]}},{"type":"Feature","properties":{"comuna":"SanPedroDeLaPaz","zona":"AV","zona_code":"AV","nombre":"AV Area verde","decreto":"Publicacion PRC San Pedro de la Paz. Decreto Alc. N°310. Fecha de promulgacion 10.03.2011. Fecha de publicacion D.O. 24.03.2011."},"geometry":{"type":"Polygon","coordinates":[[[-73.13463468891781,-36.83833646975585],[-73.1377492292426,-36.850800925495065],[-73.1379244822106,-36.850941284244065],[-73.13783302855394,-36.85113781406324],[-73.13858253198015,-36.854082089302096],[-73.1387657027567,-36.854233888886434],[-73.13866032694919,-36.854442621493796],[-73.13933145981491,-36.857149412414216],[-73.13951148082185,-36.85724273193258],[-73.13942983073056,-36.85748579148852],[-73.1400149921784,-36.8598147534713],[-73.14021969719107,-36.859959939612665],[-73.14008615684253,-36.860187233367355],[-73.1406258125101,-36.862347873712785],[-73.140809008807,-36.8624996679425],[-73.14069414080745,-36.862667723408066],[-73.14093614455348,-36.86363769573811],[-73.13708251641128,-36.869103629586554],[-73.1369031003116,-36.86902200325426],[-73.14072224624229,-36.86359243162251],[-73.14052896729379,-36.86271449816035],[-73.14035526066456,-36.86260338391717],[-73.14044545362297,-36.8623834613757],[-73.1399197248922,-36.86021061707032],[-73.13977576732354,-36.86011018067986],[-73.13985678660566,-36.85985542628709],[-73.1392412577257,-36.857504086638286],[-73.1390726316311,-36.8573517818558],[-73.1391944587865,-36.85717762658492],[-73.13852269906343,-36.85445913938891],[-73.13832655321097,-36.854337086467375],[-73.13842465234941,-36.85412860700899],[-73.13766598446405,-36.85114949772286],[-73.13749041585831,-36.85100329032221],[-73.13757617040838,-36.850836253129934],[-73.13442814079646,-36.8382909354501],[-73.13463468891781,-36.83833646975585]]]}},{"type":"Feature","properties":{"comuna":"SanPedroDeLaPaz","zona":"ZI-1","zona_code":"ZI-1","nombre":"ZI-1 Zona productiva industrial","decreto":"Publicacion PRC San Pedro de la Paz. Decreto Alc. N°310. Fecha de promulgacion 10.03.2011. Fecha de publicacion D.O. 24.03.2011."},"geometry":{"type":"Polygon","coordinates":[[[-73.14869432684895,-36.86754398960401],[-73.15038678411189,-36.869711130359036],[-73.15037007401106,-36.874515904179745],[-73.14895498470618,-36.87666283952844],[-73.13901378113744,-36.8783927606822],[-73.13696443139435,-36.86961746212391],[-73.14869432684895,-36.86754398960401]]]}},{"type":"Feature","properties":{"comuna":"SanPedroDeLaPaz","zona":"ZH-15","zona_code":"ZH-15","nombre":"ZH-15 Zona residencial","decreto":"Publicacion PRC San Pedro de la Paz. Decreto Alc. N°310. Fecha de promulgacion 10.03.2011. Fecha de publicacion D.O. 24.03.2011."},"geometry":{"type":"Polygon","coordinates":[[[-73.14895498470618,-36.87666283952844],[-73.14928924840117,-36.88188888587903],[-73.14539509864353,-36.882165637678305],[-73.14484431711023,-36.877380686723235],[-73.14895498470618,-36.87666283952844]]]}},{"type":"Feature","properties":{"comuna":"SanPedroDeLaPaz","zona":"ZH-15","zona_code":"ZH-15","nombre":"ZH-15 Zona residencial","decreto":"Publicacion PRC San Pedro de la Paz. Decreto Alc. N°310. Fecha de promulgacion 10.03.2011. Fecha de publicacion D.O. 24.03.2011."},"geometry":{"type":"Polygon","coordinates":[[[-73.14462833774981,-36.87741817653182],[-73.14518652862418,-36.88221979596584],[-73.14223739999657,-36.88243998287235],[-73.14119597351686,-36.87801397177128],[-73.14462833774981,-36.87741817653182]],[[-73.1429517522771,-36.88041133528976],[-73.14239820958261,-36.880492182922204],[-73.1424327049977,-36.88065795365495],[-73.14296140346332,-36.88065706726436],[-73.1429517522771,-36.88041133528976]],[[-73.14300982142706,-36.88175389778651],[-73.14270424277798,-36.88176749878379],[-73.14276073474886,-36.882070182414296],[-73.14300791920745,-36.882055691037806],[-73.14300982142706,-36.88175389778651]]]}},{"type":"Feature","properties":{"comuna":"SanPedroDeLaPaz","zona":"AV","zona_code":"AV","nombre":"AV Area verde","decreto":"Publicacion PRC San Pedro de la Paz. Decreto Alc. N°310. Fecha de promulgacion 10.03.2011. Fecha de publicacion D.O. 24.03.2011."},"geometry":{"type":"Polygon","coordinates":[[[-73.1429517522771,-36.88041133528976],[-73.14296140346332,-36.88065706726436],[-73.1424327049977,-36.88065795365495],[-73.14239820958261,-36.880492182922204],[-73.1429517522771,-36.88041133528976]]]}},{"type":"Feature","properties":{"comuna":"SanPedroDeLaPaz","zona":"AV","zona_code":"AV","nombre":"AV Area verde","decreto":"Publicacion PRC San Pedro de la Paz. Decreto Alc. N°310. Fecha de promulgacion 10.03.2011. Fecha de publicacion D.O. 24.03.2011."},"geometry":{"type":"Polygon","coordinates":[[[-73.14300982142706,-36.88175389778651],[-73.14300791920745,-36.882055691037806],[-73.14276073474886,-36.882070182414296],[-73.14270424277798,-36.88176749878379],[-73.14300982142706,-36.88175389778651]]]}},{"type":"Feature","properties":{"comuna":"SanPedroDeLaPaz","zona":"ZH-15","zona_code":"ZH-15","nombre":"ZH-15 Zona residencial","decreto":"Publicacion PRC San Pedro de la Paz. Decreto Alc. N°310. Fecha de promulgacion 10.03.2011. Fecha de publicacion D.O. 24.03.2011."},"geometry":{"type":"Polygon","coordinates":[[[-73.14928230670806,-36.8821644904404],[-73.14957931378706,-36.88750901170485],[-73.14587764489919,-36.887843499654714],[-73.14565000796344,-36.886199282412974],[-73.14607096885248,-36.88616113442914],[-73.1460576718313,-36.88605028268262],[-73.1456427233461,-36.88606478442517],[-73.14579745180764,-36.88474701295655],[-73.1454549247409,-36.882462344113335],[-73.14928230670806,-36.8821644904404]],[[-73.1473788587898,-36.88714655841239],[-73.14632327886888,-36.887250834889045],[-73.14633895267667,-36.887405544401815],[-73.14740909477685,-36.88730075853316],[-73.1473788587898,-36.88714655841239]],[[-73.1467012628891,-36.88527493555069],[-73.14622238596641,-36.88532096730693],[-73.14614152756593,-36.885578650510155],[-73.14673355950207,-36.88553452146605],[-73.1467012628891,-36.88527493555069]],[[-73.14667616160565,-36.886561812437364],[-73.1461969601905,-36.88660199741984],[-73.14623732490911,-36.88680857337138],[-73.14670608313392,-36.88677754053351],[-73.14667616160565,-36.886561812437364]],[[-73.14832396841001,-36.88702270070237],[-73.14788860293957,-36.88706428872888],[-73.1479152047977,-36.887285991965484],[-73.14834693181987,-36.88724453011326],[-73.14832396841001,-36.88702270070237]],[[-73.14856270821534,-36.886044725653356],[-73.14848578146362,-36.885836500753726],[-73.14808982721014,-36.88586499377584],[-73.14811595348972,-36.886077925086795],[-73.14856270821534,-36.886044725653356]],[[-73.14767064475122,-36.88647431543979],[-73.14723195890905,-36.88652187649553],[-73.14725713356736,-36.88671726499362],[-73.14770753196375,-36.88668394179061],[-73.14767064475122,-36.88647431543979]],[[-73.14772627495947,-36.885212735804735],[-73.14724992977268,-36.88523817800636],[-73.14730089925766,-36.88543852414203],[-73.14772945113417,-36.88540596416357],[-73.14772627495947,-36.885212735804735]],[[-73.14858796079125,-36.88509765169919],[-73.14823537274731,-36.88511877045749],[-73.1482570710216,-36.88538458573785],[-73.1485732627719,-36.88536474020139],[-73.14858796079125,-36.88509765169919]],[[-73.14659542431959,-36.886013910416935],[-73.14610910516585,-36.886057272980885],[-73.14612540920152,-36.886156302071754],[-73.14660049355068,-36.88610747337296],[-73.14659542431959,-36.886013910416935]],[[-73.14709566992583,-36.88595834098197],[-73.1466313486479,-36.886003866788165],[-73.14664749516581,-36.88609997125551],[-73.14709741540878,-36.88605787925786],[-73.14709566992583,-36.88595834098197]],[[-73.14760002927127,-36.885911414214455],[-73.14714662750691,-36.88595655980404],[-73.1471591349765,-36.88605279222261],[-73.14760557334502,-36.88601374815525],[-73.14760002927127,-36.885911414214455]],[[-73.1479807899754,-36.88587173573202],[-73.14763990846576,-36.885907090482284],[-73.14766761045075,-36.886014509112165],[-73.14802653251394,-36.88597559408376],[-73.1479807899754,-36.88587173573202]],[[-73.14883583792036,-36.88576859989168],[-73.14876194082694,-36.88588543030804],[-73.14862758725836,-36.88596336357442],[-73.14882493305807,-36.885971108804874],[-73.14883583792036,-36.88576859989168]]]}},{"type":"Feature","properties":{"comuna":"SanPedroDeLaPaz","zona":"ZH-15","zona_code":"ZH-15","nombre":"ZH-15 Zona residencial","decreto":"Publicacion PRC San Pedro de la Paz. Decreto Alc. N°310. Fecha de promulgacion 10.03.2011. Fecha de publicacion D.O. 24.03.2011."},"geometry":{"type":"Polygon","coordinates":[[[-73.14522198204327,-36.882470484143234],[-73.1456012304801,-36.88516398391454],[-73.1453682955588,-36.885711131444964],[-73.14562031719903,-36.887940374742],[-73.14495689385988,-36.88808073365026],[-73.1413858882881,-36.88840465683148],[-73.14030860099777,-36.883860695285975],[-73.1404041892268,-36.88374018355597],[-73.1406358721091,-36.88370866191594],[-73.14076501582909,-36.88339949740132],[-73.14196963841582,-36.88274813034842],[-73.14522198204327,-36.882470484143234]],[[-73.14480579653046,-36.882933221998854],[-73.14462713125091,-36.88293360528954],[-73.1447146526176,-36.88340510817119],[-73.14485486216888,-36.88336798641106],[-73.14480579653046,-36.882933221998854]],[[-73.1434013291476,-36.88454071973379],[-73.14300838557271,-36.8845573724425],[-73.14309051864446,-36.88479471385965],[-73.14334214300115,-36.88479471433609],[-73.1434013291476,-36.88454071973379]],[[-73.14411125105379,-36.88424934720321],[-73.1439866305367,-36.884574468422166],[-73.14420161928633,-36.88467241604286],[-73.14430012957037,-36.88453861614631],[-73.14411125105379,-36.88424934720321]],[[-73.14408101241139,-36.88308450687005],[-73.14387133003058,-36.88305082008447],[-73.14384854334855,-36.88330354323913],[-73.14401882158245,-36.883350324544686],[-73.14408101241139,-36.88308450687005]],[[-73.14496478830851,-36.88428690275087],[-73.14475771514029,-36.884335149228505],[-73.14484658079341,-36.88459568845303],[-73.14500673230602,-36.884590092735145],[-73.14496478830851,-36.88428690275087]],[[-73.14228249893411,-36.8827342774256],[-73.14236778828742,-36.88329960035561],[-73.14254139008638,-36.88327303256343],[-73.14255943083494,-36.88320209718227],[-73.14228249893411,-36.8827342774256]],[[-73.14330827425384,-36.882956241059446],[-73.143033710092,-36.88293653591484],[-73.14303022795215,-36.883006963469214],[-73.14331950998015,-36.88316383549871],[-73.14330827425384,-36.882956241059446]],[[-73.14224023237513,-36.88370538043724],[-73.14198655088806,-36.88393687205154],[-73.14201376956014,-36.88396814477605],[-73.14227124679843,-36.883941578680094],[-73.14224023237513,-36.88370538043724]],[[-73.14306345816276,-36.88402522997415],[-73.14289412825799,-36.8839286151246],[-73.14284048077141,-36.88394806531952],[-73.14290742106087,-36.88417421913327],[-73.14306345816276,-36.88402522997415]]]}},{"type":"Feature","properties":{"comuna":"SanPedroDeLaPaz","zona":"ZH-15","zona_code":"ZH-15","nombre":"ZH-15 Zona residencial","decreto":"Publicacion PRC San Pedro de la Paz. Decreto Alc. N°310. Fecha de promulgacion 10.03.2011. Fecha de publicacion D.O. 24.03.2011."},"geometry":{"type":"Polygon","coordinates":[[[-73.1496027509397,-36.88767223675634],[-73.14992667411606,-36.892301043076564],[-73.14648782173077,-36.89264393761704],[-73.14591595071741,-36.88801206522609],[-73.1496027509397,-36.88767223675634]]]}},{"type":"Feature","properties":{"comuna":"SanPedroDeLaPaz","zona":"ZH-15","zona_code":"ZH-15","nombre":"ZH-15 Zona residencial","decreto":"Publicacion PRC San Pedro de la Paz. Decreto Alc. N°310. Fecha de promulgacion 10.03.2011. Fecha de publicacion D.O. 24.03.2011."},"geometry":{"type":"Polygon","coordinates":[[[-73.14565893883125,-36.888114787718536],[-73.14628397125811,-36.892651063230524],[-73.1439035913966,-36.89287485640712],[-73.14284632657971,-36.88843568324343],[-73.14565893883125,-36.888114787718536]]]}},{"type":"Feature","properties":{"comuna":"SanPedroDeLaPaz","zona":"AV","zona_code":"AV","nombre":"AV Area verde","decreto":"Publicacion PRC San Pedro de la Paz. Decreto Alc. N°310. Fecha de promulgacion 10.03.2011. Fecha de publicacion D.O. 24.03.2011."},"geometry":{"type":"Polygon","coordinates":[[[-73.13012351990638,-36.82654153283206],[-73.13013281459597,-36.826037348954394],[-73.12926406121906,-36.824655595373365],[-73.12987830191868,-36.82442330788578],[-73.1302950307349,-36.82485407880638],[-73.13009891059625,-36.82500151549413],[-73.13048251112733,-36.82644115770036],[-73.13012351990638,-36.82654153283206]]]}},{"type":"Feature","properties":{"comuna":"SanPedroDeLaPaz","zona":"AV","zona_code":"AV","nombre":"AV Area verde","decreto":"Publicacion PRC San Pedro de la Paz. Decreto Alc. N°310. Fecha de promulgacion 10.03.2011. Fecha de publicacion D.O. 24.03.2011."},"geometry":{"type":"Polygon","coordinates":[[[-73.13463374258916,-36.82287214728525],[-73.13466819618264,-36.82297054760747],[-73.13361392387561,-36.82315080681794],[-73.1336392385842,-36.82307961944494],[-73.13463374258916,-36.82287214728525]]]}},{"type":"Feature","properties":{"comuna":"SanPedroDeLaPaz","zona":"ZM-4","zona_code":"ZM-4","nombre":"ZM-4 Zona mixta","decreto":"Publicacion PRC San Pedro de la Paz. Decreto Alc. N°310. Fecha de promulgacion 10.03.2011. Fecha de publicacion D.O. 24.03.2011."},"geometry":{"type":"Polygon","coordinates":[[[-73.12963641523704,-36.823585121562516],[-73.12987830191868,-36.82442330788578],[-73.12926406121906,-36.824655595373365],[-73.12700856683375,-36.824318058632485],[-73.12474312883154,-36.824472966441874],[-73.12459615982003,-36.82417927215598],[-73.12540358635619,-36.824151213377256],[-73.12704064932312,-36.823830659137435],[-73.12882880669048,-36.82374503985707],[-73.12963641523704,-36.823585121562516]]]}},{"type":"Feature","properties":{"comuna":"SanPedroDeLaPaz","zona":"ZE-1","zona_code":"ZE-1","nombre":"ZE-1 Zona de equipamiento mixto","decreto":"Publicacion PRC San Pedro de la Paz. Decreto Alc. N°310. Fecha de promulgacion 10.03.2011. Fecha de publicacion D.O. 24.03.2011."},"geometry":{"type":"Polygon","coordinates":[[[-73.12459615982003,-36.82417927215598],[-73.12474312883154,-36.824472966441874],[-73.12044304844358,-36.826163190545834],[-73.12004025494161,-36.825380367519365],[-73.12277879221016,-36.82453534993338],[-73.12459615982003,-36.82417927215598]]]}},{"type":"Feature","properties":{"comuna":"SanPedroDeLaPaz","zona":"ZM-4","zona_code":"ZM-4","nombre":"ZM-4 Zona mixta","decreto":"Publicacion PRC San Pedro de la Paz. Decreto Alc. N°310. Fecha de promulgacion 10.03.2011. Fecha de publicacion D.O. 24.03.2011."},"geometry":{"type":"Polygon","coordinates":[[[-73.12004025494161,-36.825380367519365],[-73.12044304844358,-36.826163190545834],[-73.11752326396685,-36.82723122111303],[-73.11620601318972,-36.827130436185584],[-73.11687491671204,-36.826421751691676],[-73.11912427158383,-36.82555862919826],[-73.11952435781515,-36.82554474434422],[-73.12004025494161,-36.825380367519365]]]}},{"type":"Feature","properties":{"comuna":"SanPedroDeLaPaz","zona":"ZH-11","zona_code":"ZH-11","nombre":"ZH-11 Zona residencial","decreto":"Publicacion PRC San Pedro de la Paz. Decreto Alc. N°310. Fecha de promulgacion 10.03.2011. Fecha de publicacion D.O. 24.03.2011."},"geometry":{"type":"Polygon","coordinates":[[[-73.09481128522546,-36.85929314920351],[-73.09518740417614,-36.858963789608914],[-73.09592057279168,-36.858903331942294],[-73.09648738007536,-36.858731434834596],[-73.09712855130788,-36.858791322385606],[-73.09771607899481,-36.85887063649567],[-73.09770377287133,-36.85932219561435],[-73.09776785303129,-36.859566055255954],[-73.097923927142,-36.85968956098872],[-73.09660983819919,-36.86020364645868],[-73.09607378281407,-36.86026902260425],[-73.09612611720344,-36.86056601892951],[-73.09680326649256,-36.86054850147305],[-73.09671138353355,-36.86073915763172],[-73.09616295705582,-36.860845973500865],[-73.09592099978163,-36.860684418003956],[-73.09560327639805,-36.860742256506974],[-73.09533658509827,-36.860663577568694],[-73.09562102129576,-36.86046041679214],[-73.09568772254842,-36.86007142730083],[-73.0955360024687,-36.85982473337951],[-73.09481128522546,-36.85929314920351]]]}},{"type":"Feature","properties":{"comuna":"SanPedroDeLaPaz","zona":"ZH-11","zona_code":"ZH-11","nombre":"ZH-11 Zona residencial","decreto":"Publicacion PRC San Pedro de la Paz. Decreto Alc. N°310. Fecha de promulgacion 10.03.2011. Fecha de publicacion D.O. 24.03.2011."},"geometry":{"type":"Polygon","coordinates":[[[-73.0962837794412,-36.858468954131574],[-73.09594226892482,-36.85862721480943],[-73.09511449261716,-36.85869093842106],[-73.09476663816005,-36.858866991546144],[-73.09460925107064,-36.859059906317256],[-73.0945625288311,-36.85866311467569],[-73.09407444293254,-36.857988605756134],[-73.09504522057222,-36.857462962422204],[-73.09608590719219,-36.85742704418032],[-73.09645412561112,-36.858041234394584],[-73.0962837794412,-36.858468954131574]]]}},{"type":"Feature","properties":{"comuna":"SanPedroDeLaPaz","zona":"ZH-11","zona_code":"ZH-11","nombre":"ZH-11 Zona residencial","decreto":"Publicacion PRC San Pedro de la Paz. Decreto Alc. N°310. Fecha de promulgacion 10.03.2011. Fecha de publicacion D.O. 24.03.2011."},"geometry":{"type":"Polygon","coordinates":[[[-73.09693390756398,-36.850854858455286],[-73.09711682042852,-36.85127624209657],[-73.09842496031649,-36.85092640978962],[-73.09862831615926,-36.851048281738095],[-73.09872007847527,-36.851537258641386],[-73.09862866635869,-36.85200912684467],[-73.09900408782394,-36.852212938916736],[-73.09855755642708,-36.85251984061563],[-73.09794995220865,-36.852745885125735],[-73.09684718922328,-36.85298316381175],[-73.09645530055056,-36.853289636434454],[-73.09619908648253,-36.853679308736154],[-73.09616522556003,-36.85393240971842],[-73.09564314284881,-36.8539855827365],[-73.09537754732533,-36.85419980966629],[-73.09495578030716,-36.85422022360185],[-73.09506603492207,-36.85375942527976],[-73.09463623658617,-36.85349302969928],[-73.09422623170258,-36.8525053057328],[-73.0936879711999,-36.851709487891455],[-73.09375555034585,-36.85085908188717],[-73.09598794509994,-36.85095635390564],[-73.09693390756398,-36.850854858455286]],[[-73.09555016762633,-36.85272327155275],[-73.09497072230708,-36.852930752050035],[-73.0951325137628,-36.8532298318313],[-73.09531913037446,-36.85331127446646],[-73.09562981424199,-36.85284941838018],[-73.09555016762633,-36.85272327155275]],[[-73.09828969294257,-36.8513280207214],[-73.09794446473697,-36.851416107910424],[-73.09810140328239,-36.85189697547916],[-73.09823020039364,-36.85185151626144],[-73.09828969294257,-36.8513280207214]]]}},{"type":"Feature","properties":{"comuna":"SanPedroDeLaPaz","zona":"AV","zona_code":"AV","nombre":"AV Area verde","decreto":"Publicacion PRC San Pedro de la Paz. Decreto Alc. N°310. Fecha de promulgacion 10.03.2011. Fecha de publicacion D.O. 24.03.2011."},"geometry":{"type":"Polygon","coordinates":[[[-73.09828969294257,-36.8513280207214],[-73.09823020039364,-36.85185151626144],[-73.09810140328239,-36.85189697547916],[-73.09794446473697,-36.851416107910424],[-73.09828969294257,-36.8513280207214]]]}},{"type":"Feature","properties":{"comuna":"SanPedroDeLaPaz","zona":"AV","zona_code":"AV","nombre":"AV Area verde","decreto":"Publicacion PRC San Pedro de la Paz. Decreto Alc. N°310. Fecha de promulgacion 10.03.2011. Fecha de publicacion D.O. 24.03.2011."},"geometry":{"type":"Polygon","coordinates":[[[-73.09555016762633,-36.85272327155275],[-73.09562981424199,-36.85284941838018],[-73.09531913037446,-36.85331127446646],[-73.0951325137628,-36.8532298318313],[-73.09497072230708,-36.852930752050035],[-73.09555016762633,-36.85272327155275]]]}},{"type":"Feature","properties":{"comuna":"SanPedroDeLaPaz","zona":"ZH-12","zona_code":"ZH-12","nombre":"ZH-12 Zona residencial","decreto":"Publicacion PRC San Pedro de la Paz. Decreto Alc. N°310. Fecha de promulgacion 10.03.2011. Fecha de publicacion D.O. 24.03.2011."},"geometry":{"type":"Polygon","coordinates":[[[-73.09864447117448,-36.88255822897727],[-73.09823804960394,-36.88259570508016],[-73.09758443406965,-36.8821027022907],[-73.09685206688842,-36.882045971462546],[-73.09705794355702,-36.8818045068788],[-73.09712309564998,-36.88084140138487],[-73.09748754572246,-36.881110040302914],[-73.09916736883274,-36.881426977607696],[-73.09936603601915,-36.881595879483356],[-73.09939374779417,-36.881840993653164],[-73.09921887644342,-36.88211654440682],[-73.09864447117448,-36.88255822897727]]]}},{"type":"Feature","properties":{"comuna":"SanPedroDeLaPaz","zona":"ZH-12","zona_code":"ZH-12","nombre":"ZH-12 Zona residencial","decreto":"Publicacion PRC San Pedro de la Paz. Decreto Alc. N°310. Fecha de promulgacion 10.03.2011. Fecha de publicacion D.O. 24.03.2011."},"geometry":{"type":"Polygon","coordinates":[[[-73.09813458545644,-36.88093536055255],[-73.0977237895552,-36.8808909610922],[-73.09752324865441,-36.88068696783171],[-73.09750446991796,-36.88033608480293],[-73.09851251480815,-36.879820836639404],[-73.09924329533858,-36.87930344310785],[-73.10031486661724,-36.878340712421064],[-73.10044198579604,-36.87853551974675],[-73.10021327326005,-36.87889495718573],[-73.09953369608667,-36.87955119893158],[-73.09855023947715,-36.88025308946321],[-73.09824808978016,-36.880603342763905],[-73.09813458545644,-36.88093536055255]]]}},{"type":"Feature","properties":{"comuna":"SanPedroDeLaPaz","zona":"ZH-12","zona_code":"ZH-12","nombre":"ZH-12 Zona residencial","decreto":"Publicacion PRC San Pedro de la Paz. Decreto Alc. N°310. Fecha de promulgacion 10.03.2011. Fecha de publicacion D.O. 24.03.2011."},"geometry":{"type":"Polygon","coordinates":[[[-73.09734635784385,-36.88010719033672],[-73.09713985939847,-36.88033695906466],[-73.09716756370854,-36.8805820753889],[-73.09695622086186,-36.88044876100124],[-73.09682488984774,-36.879902562134184],[-73.09699255256518,-36.880037385280005],[-73.09734635784385,-36.88010719033672]]]}},{"type":"Feature","properties":{"comuna":"SanPedroDeLaPaz","zona":"ZH-12","zona_code":"ZH-12","nombre":"ZH-12 Zona residencial","decreto":"Publicacion PRC San Pedro de la Paz. Decreto Alc. N°310. Fecha de promulgacion 10.03.2011. Fecha de publicacion D.O. 24.03.2011."},"geometry":{"type":"Polygon","coordinates":[[[-73.09776936620231,-36.879834790194366],[-73.09808310485516,-36.87915604150951],[-73.09907844938596,-36.87867638085675],[-73.09949017197654,-36.87819344514776],[-73.09993069715618,-36.878248529413064],[-73.09962918758127,-36.878610480582054],[-73.09855134284184,-36.87945624547287],[-73.09776936620231,-36.879834790194366]]]}},{"type":"Feature","properties":{"comuna":"SanPedroDeLaPaz","zona":"ZH-12","zona_code":"ZH-12","nombre":"ZH-12 Zona residencial","decreto":"Publicacion PRC San Pedro de la Paz. Decreto Alc. N°310. Fecha de promulgacion 10.03.2011. Fecha de publicacion D.O. 24.03.2011."},"geometry":{"type":"Polygon","coordinates":[[[-73.09809712168925,-36.88541283092809],[-73.09716526042813,-36.885445018816235],[-73.09896134359226,-36.88411745843049],[-73.09984652783702,-36.88375877316615],[-73.10060943484217,-36.883568357739485],[-73.10152906924473,-36.883852944422706],[-73.10180869606994,-36.88417137278057],[-73.10092790408295,-36.884611944110425],[-73.09944386789213,-36.88495617981905],[-73.09809712168925,-36.88541283092809]]]}},{"type":"Feature","properties":{"comuna":"SanPedroDeLaPaz","zona":"ZH-12","zona_code":"ZH-12","nombre":"ZH-12 Zona residencial","decreto":"Publicacion PRC San Pedro de la Paz. Decreto Alc. N°310. Fecha de promulgacion 10.03.2011. Fecha de publicacion D.O. 24.03.2011."},"geometry":{"type":"Polygon","coordinates":[[[-73.10200096552924,-36.88449282124972],[-73.1029322431949,-36.885538646166374],[-73.10351186667306,-36.88601074221456],[-73.10307380178047,-36.88600245882171],[-73.10306098191936,-36.88630756306672],[-73.10318937736203,-36.886525759101296],[-73.10325047345569,-36.88712124863454],[-73.10320477104698,-36.88735718410344],[-73.10264707934448,-36.88729444901709],[-73.10225847448294,-36.88712040376745],[-73.10201812802748,-36.886718594666206],[-73.10194122769636,-36.88610021448961],[-73.10172986130779,-36.88596691074761],[-73.10146309437842,-36.886433125225565],[-73.10120100644924,-36.88644218648249],[-73.100854210523,-36.8862315380892],[-73.10072424037851,-36.88543922542515],[-73.10036085992745,-36.885463503796636],[-73.10027460016047,-36.88575942856742],[-73.10006183295502,-36.8858722420355],[-73.09971191020023,-36.88560310953762],[-73.09899328788377,-36.88580370854091],[-73.098499643443,-36.88557469129773],[-73.10112971808607,-36.884839322438296],[-73.10200096552924,-36.88449282124972]]]}},{"type":"Feature","properties":{"comuna":"SanPedroDeLaPaz","zona":"ZH-12","zona_code":"ZH-12","nombre":"ZH-12 Zona residencial","decreto":"Publicacion PRC San Pedro de la Paz. Decreto Alc. N°310. Fecha de promulgacion 10.03.2011. Fecha de publicacion D.O. 24.03.2011."},"geometry":{"type":"Polygon","coordinates":[[[-73.10324190982898,-36.885328734147286],[-73.10368937567438,-36.88551245768765],[-73.10500091671084,-36.88576002434918],[-73.10524454391852,-36.88595079410779],[-73.10558543994298,-36.88659518854494],[-73.10580058001898,-36.886798661273126],[-73.10613408477329,-36.88703319023332],[-73.10665499610424,-36.88722607651134],[-73.1068675019439,-36.88765227504031],[-73.10688193577364,-36.88792128269328],[-73.10663741490067,-36.88825784341401],[-73.1059442767429,-36.888117788266285],[-73.10516077321886,-36.887652761187375],[-73.10456446462152,-36.88632585883629],[-73.1039018604074,-36.88593866283812],[-73.10324190982898,-36.885328734147286]]]}},{"type":"Feature","properties":{"comuna":"SanPedroDeLaPaz","zona":"ZH-12","zona_code":"ZH-12","nombre":"ZH-12 Zona residencial","decreto":"Publicacion PRC San Pedro de la Paz. Decreto Alc. N°310. Fecha de promulgacion 10.03.2011. Fecha de publicacion D.O. 24.03.2011."},"geometry":{"type":"Polygon","coordinates":[[[-73.10594191818095,-36.88841374180978],[-73.10531618586188,-36.888306504081704],[-73.10483361932639,-36.88801268355663],[-73.10450206214828,-36.88767848333127],[-73.10409905588376,-36.88655580911905],[-73.10368209716711,-36.88612496044675],[-73.10418648682828,-36.886418030602776],[-73.10461805478408,-36.8873932453864],[-73.1049593333776,-36.88790873345951],[-73.10594191818095,-36.88841374180978]]]}},{"type":"Feature","properties":{"comuna":"SanPedroDeLaPaz","zona":"ZH-12","zona_code":"ZH-12","nombre":"ZH-12 Zona residencial","decreto":"Publicacion PRC San Pedro de la Paz. Decreto Alc. N°310. Fecha de promulgacion 10.03.2011. Fecha de publicacion D.O. 24.03.2011."},"geometry":{"type":"Polygon","coordinates":[[[-73.10208889235223,-36.88402400144251],[-73.10183713177649,-36.88368117498445],[-73.10109159140494,-36.883378854228745],[-73.10262129018035,-36.882798665841115],[-73.10318800824506,-36.88248612278498],[-73.10409551229871,-36.88172823276482],[-73.10446590809133,-36.88156308881873],[-73.10464326614552,-36.881334315890705],[-73.10489683002179,-36.88062247898579],[-73.10546164098167,-36.88027483910876],[-73.10694693766254,-36.87968441610016],[-73.10717222521221,-36.87980551125697],[-73.10741244455977,-36.880476821803796],[-73.1076515412678,-36.880855227465894],[-73.10804526882394,-36.88085331189687],[-73.10856738611709,-36.879710332385024],[-73.10956894066351,-36.879347547450976],[-73.10991898383857,-36.8793471386566],[-73.11088341095126,-36.879923044840176],[-73.11135495348957,-36.88001216343746],[-73.11151961233067,-36.879818974032986],[-73.11154821535118,-36.87953675757035],[-73.11118835376558,-36.87881101460746],[-73.11139480340294,-36.87858122363418],[-73.11329692862168,-36.877741923246425],[-73.11421862340494,-36.877522480824524],[-73.11561842547451,-36.87670056350597],[-73.11582035640798,-36.876658405322765],[-73.11616274282315,-36.8767871388584],[-73.11552984766656,-36.878308957367544],[-73.1155379211744,-36.878730513815704],[-73.11591813905532,-36.87929148859439],[-73.1145400758732,-36.87943303261674],[-73.11212484598151,-36.880360445453626],[-73.10901961577757,-36.88120625343146],[-73.1063681654091,-36.88208314534376],[-73.10385771899077,-36.88314258501161],[-73.10208889235223,-36.88402400144251]]]}},{"type":"Feature","properties":{"comuna":"SanPedroDeLaPaz","zona":"ZH-12","zona_code":"ZH-12","nombre":"ZH-12 Zona residencial","decreto":"Publicacion PRC San Pedro de la Paz. Decreto Alc. N°310. Fecha de promulgacion 10.03.2011. Fecha de publicacion D.O. 24.03.2011."},"geometry":{"type":"Polygon","coordinates":[[[-73.10233689560427,-36.884296650881346],[-73.1036679181697,-36.88354755290946],[-73.10802393340369,-36.8818149029882],[-73.11243524414922,-36.8805723233367],[-73.11456118285095,-36.879690088888566],[-73.11670772693003,-36.87946329301448],[-73.11806718333872,-36.87816232162544],[-73.11972475746059,-36.880776398877984],[-73.11964415806958,-36.881447104430244],[-73.11982004331733,-36.88173393784219],[-73.1206289039717,-36.88212768059022],[-73.1213856769674,-36.88317941526097],[-73.12125582280021,-36.88347686804902],[-73.12057333315961,-36.88380523431666],[-73.11940864644487,-36.88357617729016],[-73.11880675598623,-36.88323382916962],[-73.11853695921198,-36.883641596534474],[-73.1184127564035,-36.884044308288026],[-73.11805316767772,-36.88413881500159],[-73.11696074367494,-36.88362600110514],[-73.11690259870294,-36.883358513032576],[-73.11725607871776,-36.88260803336652],[-73.11727899943355,-36.882220554392575],[-73.11716261681406,-36.88195508712821],[-73.1168195764493,-36.88181466294742],[-73.11651383094383,-36.88182527261229],[-73.11581469122105,-36.88265804895918],[-73.11540514041833,-36.88263710423797],[-73.11493953716474,-36.881844735536035],[-73.11433757516416,-36.881771873109166],[-73.11385910655365,-36.881554113137355],[-73.11318047386943,-36.88168310194673],[-73.1129973793059,-36.88207613322751],[-73.11269979946682,-36.88223877983161],[-73.11244474881038,-36.8821070092198],[-73.11240265562978,-36.881323383677284],[-73.11229257357533,-36.88117487027025],[-73.11199248253953,-36.88129073083359],[-73.11158293842942,-36.881269772226084],[-73.11124419270276,-36.88148071255444],[-73.11028378641186,-36.88179521589508],[-73.10997124940906,-36.88140764234556],[-73.1096680139534,-36.881465017807216],[-73.10988365699706,-36.88194969127154],[-73.1094614325392,-36.88196431777485],[-73.10758928112439,-36.882685344821724],[-73.1066214430311,-36.882589956937835],[-73.1062605893559,-36.88266103640475],[-73.10611172469964,-36.882877107589806],[-73.10623573056148,-36.8830134283262],[-73.10674531998527,-36.882995788392634],[-73.10801691076509,-36.88331501128659],[-73.10788449299888,-36.88356566810436],[-73.10739498102024,-36.88395758401852],[-73.10748033146126,-36.88418898276836],[-73.1084058890656,-36.88403975594853],[-73.10909095061392,-36.88375824024344],[-73.1099749377594,-36.88310658041017],[-73.11091126665342,-36.882886654910685],[-73.11239675541053,-36.883385900595975],[-73.11286717152494,-36.88318210978181],[-73.11355147340764,-36.88315838385696],[-73.11386916698967,-36.88337000259583],[-73.11401141462869,-36.88384549431275],[-73.11399863797082,-36.884150597465336],[-73.11375803442263,-36.88428783523949],[-73.11304208932503,-36.88426578976354],[-73.11285270415323,-36.884541862379066],[-73.11236646361705,-36.88472276662541],[-73.11179988283283,-36.884765840616026],[-73.11155750056957,-36.88459847700966],[-73.10922488807736,-36.88435120323437],[-73.10900009051919,-36.884511319524094],[-73.1091399201682,-36.88467052408062],[-73.11045910998426,-36.88478887018002],[-73.11061852688087,-36.88504113515573],[-73.11046995432808,-36.88607744034088],[-73.10993236494068,-36.88638900875169],[-73.10968421237348,-36.886385887563186],[-73.10849942034407,-36.88578245413441],[-73.10807353160162,-36.88545739001708],[-73.10756141513845,-36.88542825174354],[-73.10757020200042,-36.88559199513801],[-73.10864842531822,-36.886656119987826],[-73.10857612997764,-36.886939848741754],[-73.10830136575267,-36.88698451801651],[-73.10812086772383,-36.88715481620826],[-73.10668227286473,-36.886442976331814],[-73.10551922598407,-36.88542863933136],[-73.1051343889506,-36.88532477917098],[-73.10494022261067,-36.88496824937328],[-73.10473073636372,-36.88487003871815],[-73.10454257402895,-36.885169492032475],[-73.10428299918493,-36.88522534367894],[-73.10340827427656,-36.884962660807574],[-73.10302329985358,-36.885128306512165],[-73.10233689560427,-36.884296650881346]]]}},{"type":"Feature","properties":{"comuna":"SanPedroDeLaPaz","zona":"ZH-12","zona_code":"ZH-12","nombre":"ZH-12 Zona residencial","decreto":"Publicacion PRC San Pedro de la Paz. Decreto Alc. N°310. Fecha de promulgacion 10.03.2011. Fecha de publicacion D.O. 24.03.2011."},"geometry":{"type":"Polygon","coordinates":[[[-73.11625901396145,-36.87925622644178],[-73.11665994420524,-36.87809984273731],[-73.11709176456445,-36.87772161035717],[-73.1171665382121,-36.87748466198089],[-73.11710876030556,-36.877088266825645],[-73.11744625876872,-36.8767191646736],[-73.11745268768158,-36.87643185853682],[-73.11654736648377,-36.8751919074281],[-73.11635857254976,-36.874800057645935],[-73.1164706844114,-36.87457939094121],[-73.11670936627812,-36.87440706134972],[-73.11712808641691,-36.874328084919284],[-73.1173158150763,-36.87415752252283],[-73.1171938349205,-36.87365203647641],[-73.1173614387827,-36.87310720798729],[-73.11763916502373,-36.87257613325127],[-73.11807827643237,-36.8720628916926],[-73.11842765548401,-36.872050763891686],[-73.11931134677472,-36.87261768719032],[-73.11935223322205,-36.872428784812485],[-73.11847317404872,-36.87126995920552],[-73.1187888547988,-36.86981772764113],[-73.11899750604901,-36.869494106883515],[-73.11890028252724,-36.86877098706392],[-73.1184697839781,-36.868223483157614],[-73.11828428602892,-36.86748584963796],[-73.11827827841161,-36.866560361491445],[-73.11805944575029,-36.86615197939697],[-73.11682318790692,-36.864687693376474],[-73.11557565699188,-36.86345374357657],[-73.11573922465527,-36.86269813769899],[-73.11598101700015,-36.86258429202202],[-73.11572780896981,-36.861128363927165],[-73.11581125038907,-36.86058936995941],[-73.11595365848974,-36.860700890465054],[-73.1159272782478,-36.86121079229655],[-73.11614190174049,-36.862627046582794],[-73.116290285553,-36.86267462853768],[-73.11649354849106,-36.86320073171164],[-73.11681367620767,-36.86345913174535],[-73.117478186638,-36.86429146493251],[-73.11815040053654,-36.86485987842468],[-73.11980219945312,-36.86574581002383],[-73.11985261043476,-36.86641196671118],[-73.11976096305139,-36.86701274915201],[-73.1200357485054,-36.86812224556466],[-73.12010054939319,-36.86932691402351],[-73.12030471798649,-36.87014006119699],[-73.12063621458786,-36.87060897250722],[-73.12077012405702,-36.87147142848177],[-73.12070921124462,-36.87196568567778],[-73.12090009708622,-36.87280272661033],[-73.12150796436454,-36.874070553525364],[-73.12146484107211,-36.87435327538501],[-73.12115589926961,-36.87457492550456],[-73.1210691000778,-36.87485916380126],[-73.12060781802433,-36.87441819772262],[-73.12027235822842,-36.87441812997572],[-73.11990014692796,-36.8745482322083],[-73.11859721693544,-36.875542601403005],[-73.11814321802304,-36.87605050258608],[-73.11788988464134,-36.876492849704],[-73.11766557219728,-36.877203695474805],[-73.117835595057,-36.87792428955448],[-73.11650462702926,-36.879212551584224],[-73.11625901396145,-36.87925622644178]]]}},{"type":"Feature","properties":{"comuna":"SanPedroDeLaPaz","zona":"ZH-12","zona_code":"ZH-12","nombre":"ZH-12 Zona residencial","decreto":"Publicacion PRC San Pedro de la Paz. Decreto Alc. N°310. Fecha de promulgacion 10.03.2011. Fecha de publicacion D.O. 24.03.2011."},"geometry":{"type":"Polygon","coordinates":[[[-73.12092973486715,-36.875115201878536],[-73.12107712139,-36.87541474127015],[-73.12135813022012,-36.87548700358611],[-73.12192974776214,-36.87526794551283],[-73.12216897185091,-36.8753768097586],[-73.12221689889728,-36.87599618012107],[-73.12154211066115,-36.87619538796945],[-73.12134954847293,-36.87668250255763],[-73.12093617113314,-36.876860908759966],[-73.12064311719708,-36.87683593484783],[-73.12034368620364,-36.87696351128543],[-73.12046179347445,-36.877803080089336],[-73.12097188890333,-36.87806658637785],[-73.12138763216893,-36.878473979509494],[-73.12162214680698,-36.87957900908981],[-73.12128084180885,-36.88001270133873],[-73.1213820463193,-36.880266973671645],[-73.12178969549188,-36.880252811456586],[-73.12234237907279,-36.87995238478782],[-73.12270453464733,-36.879635141065414],[-73.1228186324954,-36.87904529369497],[-73.12274117176848,-36.87760671513586],[-73.122839376261,-36.87726349112857],[-73.12324330326574,-36.8769096419755],[-73.12350213104934,-36.877111563245975],[-73.1238175806553,-36.87863560994009],[-73.12395805767568,-36.87880649152646],[-73.12492396502176,-36.878866652039626],[-73.12516698399753,-36.8790456843565],[-73.12517448105037,-36.87945554057401],[-73.12538643108205,-36.879870005787204],[-73.12550088252833,-36.88036988397941],[-73.12556586136377,-36.881305034354206],[-73.12547592183905,-36.88153079685781],[-73.1243841244203,-36.88102974830531],[-73.12305428575095,-36.880712726458825],[-73.12292170491993,-36.88177192239808],[-73.12278808097447,-36.881999201634066],[-73.12239875954414,-36.88208303628056],[-73.12240631770358,-36.88222338558343],[-73.12298539533484,-36.88268368461949],[-73.12327854258294,-36.88243914316275],[-73.12435334251167,-36.882624416799366],[-73.12466790999906,-36.882777526560275],[-73.12487293690944,-36.88306333906539],[-73.1248855399791,-36.883297253261624],[-73.12439556072006,-36.88340803062984],[-73.12431765572228,-36.88358650305281],[-73.12519878775674,-36.8836964781321],[-73.12537595925644,-36.884006692473804],[-73.12533095770782,-36.884254327865385],[-73.12509289793944,-36.884438370792445],[-73.12412433212089,-36.88460094016494],[-73.12432999206807,-36.88489844923011],[-73.12471547739622,-36.88501394064273],[-73.1254453559109,-36.8850237127349],[-73.12512054996824,-36.885289866534464],[-73.124086712641,-36.88505337689984],[-73.12330977606577,-36.88525321936872],[-73.12294289458873,-36.884806054316236],[-73.12263147052445,-36.88471141887904],[-73.12233845948734,-36.88441694188611],[-73.12228218348834,-36.884184544584436],[-73.12152082539008,-36.883589963974046],[-73.1215286129696,-36.88292178776783],[-73.121021787479,-36.88217774754393],[-73.11994842375397,-36.88147681733849],[-73.11997393212671,-36.880866613588545],[-73.11988540208509,-36.88057674642727],[-73.11827339006715,-36.87799624267377],[-73.11804063578151,-36.87746530989022],[-73.11803317783449,-36.87705545058773],[-73.11845501124007,-36.8762205708974],[-73.11894953778574,-36.875652672691984],[-73.11994100064646,-36.87483316383105],[-73.12042715958091,-36.874652234102086],[-73.12092973486715,-36.875115201878536]]]}},{"type":"Feature","properties":{"comuna":"SanPedroDeLaPaz","zona":"ZH-10","zona_code":"ZH-10","nombre":"ZH-10 Zona residencial","decreto":"Publicacion PRC San Pedro de la Paz. Decreto Alc. N°310. Fecha de promulgacion 10.03.2011. Fecha de publicacion D.O. 24.03.2011."},"geometry":{"type":"Polygon","coordinates":[[[-73.07582205077745,-36.84847439172787],[-73.07572166761531,-36.84823176447306],[-73.07529525754524,-36.84816438287622],[-73.0748817896927,-36.84779189021015],[-73.07482507252459,-36.847547762260426],[-73.07496303110457,-36.846851671741746],[-73.0748059373268,-36.8463649149779],[-73.07526655165793,-36.84570461625895],[-73.07635207063967,-36.84528064656341],[-73.0764359061882,-36.844937948933435],[-73.07602742713553,-36.84465903156559],[-73.07586821576922,-36.844406706390835],[-73.07597095891157,-36.844145384656926],[-73.07622358269745,-36.84396094113646],[-73.07766953545129,-36.843735502194505],[-73.07914018290205,-36.845618410375245],[-73.0791557412818,-36.84591082206795],[-73.0790041308627,-36.846349594156884],[-73.07848408840977,-36.846988512882966],[-73.07830025297945,-36.8473698019771],[-73.07806155601689,-36.84754205476049],[-73.07716445974877,-36.8473971094673],[-73.07656124919255,-36.84777485939046],[-73.07657559635459,-36.846468191355505],[-73.07670806796793,-36.84621756582141],[-73.07747701327574,-36.8453240274894],[-73.07802567552268,-36.845223150928994],[-73.07817742838522,-36.845335114958026],[-73.0784254537988,-36.845338310014],[-73.07858764495897,-36.84509837928444],[-73.07839994124856,-36.844858755141566],[-73.07826896388327,-36.844863255602],[-73.07809495038148,-36.844880952918594],[-73.07794295573842,-36.84503850744609],[-73.07739553903659,-36.84516277689397],[-73.0765615385947,-36.845929652593725],[-73.07632010472558,-36.84632463477895],[-73.07628142270391,-36.84779069522379],[-73.07605354092067,-36.84789226602808],[-73.07582205077745,-36.84847439172787]]]}},{"type":"Feature","properties":{"comuna":"SanPedroDeLaPaz","zona":"ZH-1","zona_code":"ZH-1","nombre":"ZH-1 Zona residencial","decreto":"Publicacion PRC San Pedro de la Paz. Decreto Alc. N°310. Fecha de promulgacion 10.03.2011. Fecha de publicacion D.O. 24.03.2011."},"geometry":{"type":"Polygon","coordinates":[[[-73.06394330111969,-36.87405400675156],[-73.06410227399212,-36.87354542447749],[-73.06471548126883,-36.87245809128808],[-73.06564674805249,-36.87104347261308],[-73.065672008964,-36.86987081910203],[-73.06597614100501,-36.869555733137986],[-73.06620154789488,-36.868856652834225],[-73.06618540441531,-36.86855254140037],[-73.06655024269018,-36.86828224413171],[-73.06669485290004,-36.86798434128055],[-73.06649780753604,-36.86756925044008],[-73.06697164795003,-36.86715460207878],[-73.06700752161406,-36.86673152920775],[-73.06685077230999,-36.86652597949261],[-73.06720745284287,-36.86555288752758],[-73.06758275645933,-36.864930692936916],[-73.06788810400961,-36.86463899605824],[-73.06805960405909,-36.86402378659439],[-73.06803972884481,-36.863649496336386],[-73.06928948672362,-36.86191926900854],[-73.06983375326828,-36.86063507259779],[-73.06981138658185,-36.860213995837775],[-73.07055071722505,-36.85875905623514],[-73.07039770354282,-36.858623689884155],[-73.0710750594439,-36.857100565403684],[-73.07142792565708,-36.85605728701915],[-73.07150459553884,-36.855304712044024],[-73.07188956622497,-36.8537681796373],[-73.07229938447058,-36.852699507827495],[-73.07235286985227,-36.85137355250144],[-73.07225036981691,-36.851365352438336],[-73.07235888569625,-36.85038904411444],[-73.07266540468801,-36.85012073262016],[-73.07311150374423,-36.84946093960722],[-73.07322347959742,-36.848824331171],[-73.0730252168396,-36.848385856442086],[-73.07352366740274,-36.84788831553773],[-73.07371352913785,-36.84652252510746],[-73.07421309758355,-36.84549763908776],[-73.07429197058244,-36.845061370333404],[-73.07452196703913,-36.84472537337152],[-73.07455717811162,-36.84429060335968],[-73.07495346947036,-36.84406607578586],[-73.07564032846912,-36.84299959937851],[-73.07603051292338,-36.84320883981341],[-73.07584443651665,-36.84327381936431],[-73.07470841452763,-36.8449416118523],[-73.07403432524681,-36.84652323064784],[-73.07287962726747,-36.85305456698092],[-73.0724615794552,-36.8547914420479],[-73.07107729401868,-36.85837773797652],[-73.07000851961324,-36.8621406849511],[-73.06891782703391,-36.864943508697344],[-73.0684567842812,-36.865873311976614],[-73.06766840721413,-36.86942742265293],[-73.06625284540229,-36.87160859771618],[-73.0647705616301,-36.873358481333554],[-73.06417223519571,-36.87424536895536],[-73.06394330111969,-36.87405400675156]]]}},{"type":"Feature","properties":{"comuna":"SanPedroDeLaPaz","zona":"ZH-2","zona_code":"ZH-2","nombre":"ZH-2 Zona residencial","decreto":"Publicacion PRC San Pedro de la Paz. Decreto Alc. N°310. Fecha de promulgacion 10.03.2011. Fecha de publicacion D.O. 24.03.2011."},"geometry":{"type":"Polygon","coordinates":[[[-73.07034859876984,-36.86222862151812],[-73.07118250420437,-36.86310228983865],[-73.07236257312039,-36.86335474278878],[-73.07229326356067,-36.86369693991375],[-73.07187832087737,-36.86412130446637],[-73.07192085374471,-36.86464714927317],[-73.07213745017435,-36.865155301764844],[-73.0730122244703,-36.86569945297415],[-73.07360993666225,-36.865421141533574],[-73.07432210779939,-36.865923993656345],[-73.07428067633403,-36.86624179795683],[-73.07389273138295,-36.86689960067092],[-73.07415886735018,-36.86724199876589],[-73.07378037741438,-36.86725499364329],[-73.07319709311334,-36.86698207208424],[-73.07210555244595,-36.86675002620317],[-73.07165365461107,-36.86675381583833],[-73.06950867251513,-36.86618291824475],[-73.06903219386908,-36.86544931459344],[-73.07034859876984,-36.86222862151812]]]}},{"type":"Feature","properties":{"comuna":"SanPedroDeLaPaz","zona":"ZH-2","zona_code":"ZH-2","nombre":"ZH-2 Zona residencial","decreto":"Publicacion PRC San Pedro de la Paz. Decreto Alc. N°310. Fecha de promulgacion 10.03.2011. Fecha de publicacion D.O. 24.03.2011."},"geometry":{"type":"Polygon","coordinates":[[[-73.07493849356416,-36.86736755872653],[-73.07514789677278,-36.867465827011635],[-73.07518696685688,-36.86765197133065],[-73.07474041951718,-36.86803056028394],[-73.07444989179538,-36.86805225533648],[-73.07353551083567,-36.86786101106176],[-73.0730461543996,-36.86798327088713],[-73.07286572967,-36.86870425320353],[-73.07263379838687,-36.86900516106823],[-73.07230855389122,-36.868922580992724],[-73.07233232734701,-36.86854679411207],[-73.07216063543991,-36.86806053640267],[-73.07184648063595,-36.86763775649808],[-73.07123905693703,-36.86745939657709],[-73.07086357189667,-36.866980128800876],[-73.07063899620829,-36.86687065472986],[-73.07030915002603,-36.866975713118315],[-73.06959734890921,-36.866754052835944],[-73.06930806594137,-36.866799127665395],[-73.06864428970881,-36.86665783935186],[-73.06891298348435,-36.865676042570634],[-73.06945852063274,-36.86633697063699],[-73.06978437298194,-36.86643125565112],[-73.07150098481462,-36.8668996688305],[-73.07208389868913,-36.86689138381719],[-73.07380302171137,-36.86740654804037],[-73.07493849356416,-36.86736755872653]]]}},{"type":"Feature","properties":{"comuna":"SanPedroDeLaPaz","zona":"ZRR","zona_code":"ZRR","nombre":"ZRR Zona de riesgo de remocion en masa","decreto":"Publicacion PRC San Pedro de la Paz. Decreto Alc. N°310. Fecha de promulgacion 10.03.2011. Fecha de publicacion D.O. 24.03.2011."},"geometry":{"type":"Polygon","coordinates":[[[-73.10672105650225,-36.888933109720895],[-73.10603544139883,-36.88893340788364],[-73.10482903872266,-36.88847129721777],[-73.10457561414,-36.88823399459602],[-73.10429528099831,-36.88722278893069],[-73.10450206214828,-36.88767848333127],[-73.10483361932639,-36.88801268355663],[-73.10531618586188,-36.888306504081704],[-73.10670434802428,-36.88862170464549],[-73.10672105650225,-36.888933109720895]]]}},{"type":"Feature","properties":{"comuna":"SanPedroDeLaPaz","zona":"ZRR","zona_code":"ZRR","nombre":"ZRR Zona de riesgo de remocion en masa","decreto":"Publicacion PRC San Pedro de la Paz. Decreto Alc. N°310. Fecha de promulgacion 10.03.2011. Fecha de publicacion D.O. 24.03.2011."},"geometry":{"type":"Polygon","coordinates":[[[-73.10864842531822,-36.886656119987826],[-73.10946068461365,-36.88724902248808],[-73.1095897272412,-36.88747890594721],[-73.10940734830375,-36.8876141183622],[-73.10904333424257,-36.887626728400846],[-73.10864329382301,-36.88751168998711],[-73.10812086772383,-36.88715481620826],[-73.10830136575267,-36.88698451801651],[-73.10857612997764,-36.886939848741754],[-73.10864842531822,-36.886656119987826]]]}},{"type":"Feature","properties":{"comuna":"SanPedroDeLaPaz","zona":"ZRR","zona_code":"ZRR","nombre":"ZRR Zona de riesgo de remocion en masa","decreto":"Publicacion PRC San Pedro de la Paz. Decreto Alc. N°310. Fecha de promulgacion 10.03.2011. Fecha de publicacion D.O. 24.03.2011."},"geometry":{"type":"Polygon","coordinates":[[[-73.11045910998426,-36.88478887018002],[-73.11084557665592,-36.88478719601501],[-73.11098666655806,-36.88496978977196],[-73.11080869194244,-36.88518687583686],[-73.11081748577129,-36.88535061829227],[-73.11092820012506,-36.88551082961237],[-73.11139412339598,-36.88549468284865],[-73.1115504042246,-36.88568846672377],[-73.11153196344061,-36.88588830676733],[-73.11123059660024,-36.885980775314344],[-73.11088355100058,-36.88630917952341],[-73.1103897585621,-36.88634972584536],[-73.11027316058268,-36.88662327269187],[-73.10991794433963,-36.88679962707533],[-73.1094900410411,-36.88670899224178],[-73.10902297365152,-36.886432228699626],[-73.10807353160162,-36.88545739001708],[-73.10923610125508,-36.88619049230333],[-73.10968421237348,-36.886385887563186],[-73.10993236494068,-36.88638900875169],[-73.11046995432808,-36.88607744034088],[-73.11057073406026,-36.88578100585986],[-73.11051135234742,-36.88549012134056],[-73.11061852688087,-36.88504113515573],[-73.11045910998426,-36.88478887018002]]]}},{"type":"Feature","properties":{"comuna":"SanPedroDeLaPaz","zona":"ZRR","zona_code":"ZRR","nombre":"ZRR Zona de riesgo de remocion en masa","decreto":"Publicacion PRC San Pedro de la Paz. Decreto Alc. N°310. Fecha de promulgacion 10.03.2011. Fecha de publicacion D.O. 24.03.2011."},"geometry":{"type":"Polygon","coordinates":[[[-73.11081243128065,-36.884577426924345],[-73.11155750056957,-36.88459847700966],[-73.11179988283283,-36.884765840616026],[-73.11236646361705,-36.88472276662541],[-73.11285270415323,-36.884541862379066],[-73.11304208932503,-36.88426578976354],[-73.11375803442263,-36.88428783523949],[-73.11399863797082,-36.884150597465336],[-73.11401141462869,-36.88384549431275],[-73.11386916698967,-36.88337000259583],[-73.11355147340764,-36.88315838385696],[-73.11286717152494,-36.88318210978181],[-73.11239675541053,-36.883385900595975],[-73.11264097713821,-36.88290872695792],[-73.11362987490247,-36.882581498657046],[-73.11454619027376,-36.883346523127834],[-73.11479466028199,-36.884169860142435],[-73.11535978099276,-36.884642399114206],[-73.11530386006925,-36.885230222710916],[-73.11518413800113,-36.88544529324357],[-73.11469412692416,-36.88555603237566],[-73.11443529003319,-36.88535409194144],[-73.11437715066285,-36.88508660198166],[-73.11397010099063,-36.885112436259526],[-73.11380418063237,-36.885282237518354],[-73.11284447596351,-36.885338949680985],[-73.11222970265275,-36.88557118040772],[-73.11186957963488,-36.885384462436214],[-73.11138806479538,-36.88483870237655],[-73.11081243128065,-36.884577426924345]]]}},{"type":"Feature","properties":{"comuna":"SanPedroDeLaPaz","zona":"ZRR","zona_code":"ZRR","nombre":"ZRR Zona de riesgo de remocion en masa","decreto":"Publicacion PRC San Pedro de la Paz. Decreto Alc. N°310. Fecha de promulgacion 10.03.2011. Fecha de publicacion D.O. 24.03.2011."},"geometry":{"type":"Polygon","coordinates":[[[-73.10722591840769,-36.882709643796275],[-73.10758928112439,-36.882685344821724],[-73.1094614325392,-36.88196431777485],[-73.10988365699706,-36.88194969127154],[-73.11005034434218,-36.882201704959236],[-73.10989898126631,-36.88237099691902],[-73.10893667409233,-36.88265040283371],[-73.10864159287614,-36.8828598232619],[-73.10823894364222,-36.8829675093701],[-73.10722591840769,-36.882709643796275]]]}},{"type":"Feature","properties":{"comuna":"SanPedroDeLaPaz","zona":"ZH-15","zona_code":"ZH-15","nombre":"ZH-15 Zona residencial","decreto":"Publicacion PRC San Pedro de la Paz. Decreto Alc. N°310. Fecha de promulgacion 10.03.2011. Fecha de publicacion D.O. 24.03.2011."},"geometry":{"type":"Polygon","coordinates":[[[-73.14993618757704,-36.892476473196304],[-73.15036011880922,-36.89625811532915],[-73.1471490257678,-36.89676882716551],[-73.14650935378995,-36.89277207807778],[-73.14993618757704,-36.892476473196304]]]}},{"type":"Feature","properties":{"comuna":"SanPedroDeLaPaz","zona":"ZH-15","zona_code":"ZH-15","nombre":"ZH-15 Zona residencial","decreto":"Publicacion PRC San Pedro de la Paz. Decreto Alc. N°310. Fecha de promulgacion 10.03.2011. Fecha de publicacion D.O. 24.03.2011."},"geometry":{"type":"Polygon","coordinates":[[[-73.14629347635208,-36.89282649430279],[-73.14691730746684,-36.89680036316153],[-73.14486349570474,-36.897129936408824],[-73.14392828572265,-36.89306147424786],[-73.14629347635208,-36.89282649430279]]]}},{"type":"Feature","properties":{"comuna":"SanPedroDeLaPaz","zona":"AV","zona_code":"AV","nombre":"AV Area verde","decreto":"Publicacion PRC San Pedro de la Paz. Decreto Alc. N°310. Fecha de promulgacion 10.03.2011. Fecha de publicacion D.O. 24.03.2011."},"geometry":{"type":"Polygon","coordinates":[[[-73.14858796079125,-36.88509765169919],[-73.1485732627719,-36.88536474020139],[-73.1482570710216,-36.88538458573785],[-73.14823537274731,-36.88511877045749],[-73.14858796079125,-36.88509765169919]]]}},{"type":"Feature","properties":{"comuna":"SanPedroDeLaPaz","zona":"AV","zona_code":"AV","nombre":"AV Area verde","decreto":"Publicacion PRC San Pedro de la Paz. Decreto Alc. N°310. Fecha de promulgacion 10.03.2011. Fecha de publicacion D.O. 24.03.2011."},"geometry":{"type":"Polygon","coordinates":[[[-73.14772627495947,-36.885212735804735],[-73.14772945113417,-36.88540596416357],[-73.14730089925766,-36.88543852414203],[-73.14724992977268,-36.88523817800636],[-73.14772627495947,-36.885212735804735]]]}},{"type":"Feature","properties":{"comuna":"SanPedroDeLaPaz","zona":"AV","zona_code":"AV","nombre":"AV Area verde","decreto":"Publicacion PRC San Pedro de la Paz. Decreto Alc. N°310. Fecha de promulgacion 10.03.2011. Fecha de publicacion D.O. 24.03.2011."},"geometry":{"type":"Polygon","coordinates":[[[-73.1467012628891,-36.88527493555069],[-73.14673355950207,-36.88553452146605],[-73.14614152756593,-36.885578650510155],[-73.14622238596641,-36.88532096730693],[-73.1467012628891,-36.88527493555069]]]}},{"type":"Feature","properties":{"comuna":"SanPedroDeLaPaz","zona":"AV","zona_code":"AV","nombre":"AV Area verde","decreto":"Publicacion PRC San Pedro de la Paz. Decreto Alc. N°310. Fecha de promulgacion 10.03.2011. Fecha de publicacion D.O. 24.03.2011."},"geometry":{"type":"Polygon","coordinates":[[[-73.14883583792036,-36.88576859989168],[-73.14882493305807,-36.885971108804874],[-73.14862758725836,-36.88596336357442],[-73.14876194082694,-36.88588543030804],[-73.14883583792036,-36.88576859989168]]]}},{"type":"Feature","properties":{"comuna":"SanPedroDeLaPaz","zona":"AV","zona_code":"AV","nombre":"AV Area verde","decreto":"Publicacion PRC San Pedro de la Paz. Decreto Alc. N°310. Fecha de promulgacion 10.03.2011. Fecha de publicacion D.O. 24.03.2011."},"geometry":{"type":"Polygon","coordinates":[[[-73.14848578146362,-36.885836500753726],[-73.14856270821534,-36.886044725653356],[-73.14811595348972,-36.886077925086795],[-73.14808982721014,-36.88586499377584],[-73.14848578146362,-36.885836500753726]]]}},{"type":"Feature","properties":{"comuna":"SanPedroDeLaPaz","zona":"AV","zona_code":"AV","nombre":"AV Area verde","decreto":"Publicacion PRC San Pedro de la Paz. Decreto Alc. N°310. Fecha de promulgacion 10.03.2011. Fecha de publicacion D.O. 24.03.2011."},"geometry":{"type":"Polygon","coordinates":[[[-73.1479807899754,-36.88587173573202],[-73.14802653251394,-36.88597559408376],[-73.14766761045075,-36.886014509112165],[-73.14763990846576,-36.885907090482284],[-73.1479807899754,-36.88587173573202]]]}},{"type":"Feature","properties":{"comuna":"SanPedroDeLaPaz","zona":"AV","zona_code":"AV","nombre":"AV Area verde","decreto":"Publicacion PRC San Pedro de la Paz. Decreto Alc. N°310. Fecha de promulgacion 10.03.2011. Fecha de publicacion D.O. 24.03.2011."},"geometry":{"type":"Polygon","coordinates":[[[-73.14760002927127,-36.885911414214455],[-73.14760557334502,-36.88601374815525],[-73.1471591349765,-36.88605279222261],[-73.14714662750691,-36.88595655980404],[-73.14760002927127,-36.885911414214455]]]}},{"type":"Feature","properties":{"comuna":"SanPedroDeLaPaz","zona":"AV","zona_code":"AV","nombre":"AV Area verde","decreto":"Publicacion PRC San Pedro de la Paz. Decreto Alc. N°310. Fecha de promulgacion 10.03.2011. Fecha de publicacion D.O. 24.03.2011."},"geometry":{"type":"Polygon","coordinates":[[[-73.14709566992583,-36.88595834098197],[-73.14709741540878,-36.88605787925786],[-73.14664749516581,-36.88609997125551],[-73.1466313486479,-36.886003866788165],[-73.14709566992583,-36.88595834098197]]]}},{"type":"Feature","properties":{"comuna":"SanPedroDeLaPaz","zona":"AV","zona_code":"AV","nombre":"AV Area verde","decreto":"Publicacion PRC San Pedro de la Paz. Decreto Alc. N°310. Fecha de promulgacion 10.03.2011. Fecha de publicacion D.O. 24.03.2011."},"geometry":{"type":"Polygon","coordinates":[[[-73.14659542431959,-36.886013910416935],[-73.14660049355068,-36.88610747337296],[-73.14612540920152,-36.886156302071754],[-73.14610910516585,-36.886057272980885],[-73.14659542431959,-36.886013910416935]]]}},{"type":"Feature","properties":{"comuna":"SanPedroDeLaPaz","zona":"AV","zona_code":"AV","nombre":"AV Area verde","decreto":"Publicacion PRC San Pedro de la Paz. Decreto Alc. N°310. Fecha de promulgacion 10.03.2011. Fecha de publicacion D.O. 24.03.2011."},"geometry":{"type":"Polygon","coordinates":[[[-73.1460576718313,-36.88605028268262],[-73.14607096885248,-36.88616113442914],[-73.14565000796344,-36.886199282412974],[-73.1456427233461,-36.88606478442517],[-73.1460576718313,-36.88605028268262]]]}},{"type":"Feature","properties":{"comuna":"SanPedroDeLaPaz","zona":"AV","zona_code":"AV","nombre":"AV Area verde","decreto":"Publicacion PRC San Pedro de la Paz. Decreto Alc. N°310. Fecha de promulgacion 10.03.2011. Fecha de publicacion D.O. 24.03.2011."},"geometry":{"type":"Polygon","coordinates":[[[-73.14667616160565,-36.886561812437364],[-73.14670608313392,-36.88677754053351],[-73.14623732490911,-36.88680857337138],[-73.1461969601905,-36.88660199741984],[-73.14667616160565,-36.886561812437364]]]}},{"type":"Feature","properties":{"comuna":"SanPedroDeLaPaz","zona":"AV","zona_code":"AV","nombre":"AV Area verde","decreto":"Publicacion PRC San Pedro de la Paz. Decreto Alc. N°310. Fecha de promulgacion 10.03.2011. Fecha de publicacion D.O. 24.03.2011."},"geometry":{"type":"Polygon","coordinates":[[[-73.14767064475122,-36.88647431543979],[-73.14770753196375,-36.88668394179061],[-73.14725713356736,-36.88671726499362],[-73.14723195890905,-36.88652187649553],[-73.14767064475122,-36.88647431543979]]]}},{"type":"Feature","properties":{"comuna":"SanPedroDeLaPaz","zona":"AV","zona_code":"AV","nombre":"AV Area verde","decreto":"Publicacion PRC San Pedro de la Paz. Decreto Alc. N°310. Fecha de promulgacion 10.03.2011. Fecha de publicacion D.O. 24.03.2011."},"geometry":{"type":"Polygon","coordinates":[[[-73.14832396841001,-36.88702270070237],[-73.14834693181987,-36.88724453011326],[-73.1479152047977,-36.887285991965484],[-73.14788860293957,-36.88706428872888],[-73.14832396841001,-36.88702270070237]]]}},{"type":"Feature","properties":{"comuna":"SanPedroDeLaPaz","zona":"AV","zona_code":"AV","nombre":"AV Area verde","decreto":"Publicacion PRC San Pedro de la Paz. Decreto Alc. N°310. Fecha de promulgacion 10.03.2011. Fecha de publicacion D.O. 24.03.2011."},"geometry":{"type":"Polygon","coordinates":[[[-73.1473788587898,-36.88714655841239],[-73.14740909477685,-36.88730075853316],[-73.14633895267667,-36.887405544401815],[-73.14632327886888,-36.887250834889045],[-73.1473788587898,-36.88714655841239]]]}},{"type":"Feature","properties":{"comuna":"SanPedroDeLaPaz","zona":"AV","zona_code":"AV","nombre":"AV Area verde","decreto":"Publicacion PRC San Pedro de la Paz. Decreto Alc. N°310. Fecha de promulgacion 10.03.2011. Fecha de publicacion D.O. 24.03.2011."},"geometry":{"type":"Polygon","coordinates":[[[-73.14496478830851,-36.88428690275087],[-73.14500673230602,-36.884590092735145],[-73.14484658079341,-36.88459568845303],[-73.14475771514029,-36.884335149228505],[-73.14496478830851,-36.88428690275087]]]}},{"type":"Feature","properties":{"comuna":"SanPedroDeLaPaz","zona":"AV","zona_code":"AV","nombre":"AV Area verde","decreto":"Publicacion PRC San Pedro de la Paz. Decreto Alc. N°310. Fecha de promulgacion 10.03.2011. Fecha de publicacion D.O. 24.03.2011."},"geometry":{"type":"Polygon","coordinates":[[[-73.14411125105379,-36.88424934720321],[-73.14430012957037,-36.88453861614631],[-73.14420161928633,-36.88467241604286],[-73.1439866305367,-36.884574468422166],[-73.14411125105379,-36.88424934720321]]]}},{"type":"Feature","properties":{"comuna":"SanPedroDeLaPaz","zona":"AV","zona_code":"AV","nombre":"AV Area verde","decreto":"Publicacion PRC San Pedro de la Paz. Decreto Alc. N°310. Fecha de promulgacion 10.03.2011. Fecha de publicacion D.O. 24.03.2011."},"geometry":{"type":"Polygon","coordinates":[[[-73.1434013291476,-36.88454071973379],[-73.14334214300115,-36.88479471433609],[-73.14309051864446,-36.88479471385965],[-73.14300838557271,-36.8845573724425],[-73.1434013291476,-36.88454071973379]]]}},{"type":"Feature","properties":{"comuna":"SanPedroDeLaPaz","zona":"AV","zona_code":"AV","nombre":"AV Area verde","decreto":"Publicacion PRC San Pedro de la Paz. Decreto Alc. N°310. Fecha de promulgacion 10.03.2011. Fecha de publicacion D.O. 24.03.2011."},"geometry":{"type":"Polygon","coordinates":[[[-73.14306345816276,-36.88402522997415],[-73.14290742106087,-36.88417421913327],[-73.14284048077141,-36.88394806531952],[-73.14289412825799,-36.8839286151246],[-73.14306345816276,-36.88402522997415]]]}},{"type":"Feature","properties":{"comuna":"SanPedroDeLaPaz","zona":"AV","zona_code":"AV","nombre":"AV Area verde","decreto":"Publicacion PRC San Pedro de la Paz. Decreto Alc. N°310. Fecha de promulgacion 10.03.2011. Fecha de publicacion D.O. 24.03.2011."},"geometry":{"type":"Polygon","coordinates":[[[-73.14224023237513,-36.88370538043724],[-73.14227124679843,-36.883941578680094],[-73.14201376956014,-36.88396814477605],[-73.14198655088806,-36.88393687205154],[-73.14224023237513,-36.88370538043724]]]}},{"type":"Feature","properties":{"comuna":"SanPedroDeLaPaz","zona":"AV","zona_code":"AV","nombre":"AV Area verde","decreto":"Publicacion PRC San Pedro de la Paz. Decreto Alc. N°310. Fecha de promulgacion 10.03.2011. Fecha de publicacion D.O. 24.03.2011."},"geometry":{"type":"Polygon","coordinates":[[[-73.14480579653046,-36.882933221998854],[-73.14485486216888,-36.88336798641106],[-73.1447146526176,-36.88340510817119],[-73.14462713125091,-36.88293360528954],[-73.14480579653046,-36.882933221998854]]]}},{"type":"Feature","properties":{"comuna":"SanPedroDeLaPaz","zona":"AV","zona_code":"AV","nombre":"AV Area verde","decreto":"Publicacion PRC San Pedro de la Paz. Decreto Alc. N°310. Fecha de promulgacion 10.03.2011. Fecha de publicacion D.O. 24.03.2011."},"geometry":{"type":"Polygon","coordinates":[[[-73.14408101241139,-36.88308450687005],[-73.14401882158245,-36.883350324544686],[-73.14384854334855,-36.88330354323913],[-73.14387133003058,-36.88305082008447],[-73.14408101241139,-36.88308450687005]]]}},{"type":"Feature","properties":{"comuna":"SanPedroDeLaPaz","zona":"AV","zona_code":"AV","nombre":"AV Area verde","decreto":"Publicacion PRC San Pedro de la Paz. Decreto Alc. N°310. Fecha de promulgacion 10.03.2011. Fecha de publicacion D.O. 24.03.2011."},"geometry":{"type":"Polygon","coordinates":[[[-73.14330827425384,-36.882956241059446],[-73.14331950998015,-36.88316383549871],[-73.14303022795215,-36.883006963469214],[-73.143033710092,-36.88293653591484],[-73.14330827425384,-36.882956241059446]]]}},{"type":"Feature","properties":{"comuna":"SanPedroDeLaPaz","zona":"AV","zona_code":"AV","nombre":"AV Area verde","decreto":"Publicacion PRC San Pedro de la Paz. Decreto Alc. N°310. Fecha de promulgacion 10.03.2011. Fecha de publicacion D.O. 24.03.2011."},"geometry":{"type":"Polygon","coordinates":[[[-73.14228249893411,-36.8827342774256],[-73.14255943083494,-36.88320209718227],[-73.14254139008638,-36.88327303256343],[-73.14236778828742,-36.88329960035561],[-73.14228249893411,-36.8827342774256]]]}},{"type":"Feature","properties":{"comuna":"SanPedroDeLaPaz","zona":"ZH-5","zona_code":"ZH-5","nombre":"ZH-5 Zona residencial","decreto":"Publicacion PRC San Pedro de la Paz. Decreto Alc. N°310. Fecha de promulgacion 10.03.2011. Fecha de publicacion D.O. 24.03.2011."},"geometry":{"type":"Polygon","coordinates":[[[-73.15036235304379,-36.896433799717045],[-73.15074754196512,-36.9000044145422],[-73.15117629045587,-36.900915091997646],[-73.15218881735241,-36.901828767452976],[-73.1523275358013,-36.90223402367125],[-73.15254628916271,-36.904382384494525],[-73.14692343643686,-36.90522358273828],[-73.14662734097898,-36.9040680420632],[-73.14697495008006,-36.904020736542385],[-73.14692427776835,-36.90375886367451],[-73.1465617890917,-36.90380083086096],[-73.1463587966631,-36.902882244030664],[-73.14534433862183,-36.90031641290599],[-73.14478075882154,-36.898262105100784],[-73.14471742704603,-36.89776632339044],[-73.14513995546032,-36.897722263404134],[-73.14513385042157,-36.8974412564456],[-73.14471378432121,-36.89769907448254],[-73.14468908718672,-36.89754614479146],[-73.14490054438336,-36.89740986286716],[-73.14490686945105,-36.897257314061875],[-73.14673086757621,-36.8969943616152],[-73.14678090818867,-36.89737929103857],[-73.14696135342678,-36.89747843995627],[-73.14724017968868,-36.901007382745995],[-73.14750750250992,-36.90270879298242],[-73.14785573799966,-36.90267318024125],[-73.14758777449285,-36.90096007591279],[-73.14726398043197,-36.8974092709857],[-73.14745389596699,-36.89714484492784],[-73.14728040628572,-36.89690484328294],[-73.15036235304379,-36.896433799717045]],[[-73.14602766472552,-36.89757992203285],[-73.14587286250531,-36.89748280339624],[-73.1457001804609,-36.897526920768264],[-73.14564891763972,-36.89792710850894],[-73.14582904623263,-36.8980204118024],[-73.14602610262104,-36.89795493564092],[-73.14602766472552,-36.89757992203285]],[[-73.14624713597163,-36.89920684395002],[-73.14584794596367,-36.89924423274985],[-73.1458865841223,-36.89955339743759],[-73.14626456551386,-36.8995284673371],[-73.14624713597163,-36.89920684395002]],[[-73.14867066378062,-36.90313827861631],[-73.14830485486029,-36.903186225686085],[-73.14836344800936,-36.903459537662656],[-73.14873986200256,-36.90340536082543],[-73.14867066378062,-36.90313827861631]],[[-73.15047673632486,-36.9028788215906],[-73.15011093178632,-36.90292677432736],[-73.15016588965563,-36.90320021275091],[-73.15052045618668,-36.90314679408744],[-73.15047673632486,-36.9028788215906]],[[-73.14865083397221,-36.89927512080128],[-73.14835800793959,-36.89925606921218],[-73.14834884837109,-36.89949073980438],[-73.14866193316954,-36.899479789301],[-73.14865083397221,-36.89927512080128]],[[-73.14914677015032,-36.904350497618495],[-73.14887197490307,-36.90439526246402],[-73.14895439145339,-36.904636982647226],[-73.14919784311317,-36.90458599046164],[-73.14914677015032,-36.904350497618495]]]}},{"type":"Feature","properties":{"comuna":"SanPedroDeLaPaz","zona":"ZH-5","zona_code":"ZH-5","nombre":"ZH-5 Zona residencial","decreto":"Publicacion PRC San Pedro de la Paz. Decreto Alc. N°310. Fecha de promulgacion 10.03.2011. Fecha de publicacion D.O. 24.03.2011."},"geometry":{"type":"Polygon","coordinates":[[[-73.14425079889435,-36.8972319036288],[-73.14433564375925,-36.89745157256181],[-73.14453223250011,-36.89757945472025],[-73.14458923600188,-36.89822778613965],[-73.14513571406624,-36.90023582229124],[-73.14619259363057,-36.90291148934277],[-73.14646525549306,-36.90417330842045],[-73.14619141100378,-36.904235609948195],[-73.14623764475995,-36.90441561678303],[-73.14652763753452,-36.904382042715014],[-73.14671163606559,-36.90521927120142],[-73.14564283281638,-36.90542068041736],[-73.14359995460539,-36.89733666495113],[-73.14425079889435,-36.8972319036288]],[[-73.14584523911765,-36.90319899428269],[-73.14548718626752,-36.90325544865956],[-73.14555764209366,-36.90354592447536],[-73.14590525048044,-36.90349862115137],[-73.14584523911765,-36.90319899428269]]]}},{"type":"Feature","properties":{"comuna":"SanPedroDeLaPaz","zona":"AV","zona_code":"AV","nombre":"AV Area verde","decreto":"Publicacion PRC San Pedro de la Paz. Decreto Alc. N°310. Fecha de promulgacion 10.03.2011. Fecha de publicacion D.O. 24.03.2011."},"geometry":{"type":"Polygon","coordinates":[[[-73.14914677015032,-36.904350497618495],[-73.14919784311317,-36.90458599046164],[-73.14895439145339,-36.904636982647226],[-73.14887197490307,-36.90439526246402],[-73.14914677015032,-36.904350497618495]]]}},{"type":"Feature","properties":{"comuna":"SanPedroDeLaPaz","zona":"AV","zona_code":"AV","nombre":"AV Area verde","decreto":"Publicacion PRC San Pedro de la Paz. Decreto Alc. N°310. Fecha de promulgacion 10.03.2011. Fecha de publicacion D.O. 24.03.2011."},"geometry":{"type":"Polygon","coordinates":[[[-73.14867066378062,-36.90313827861631],[-73.14873986200256,-36.90340536082543],[-73.14836344800936,-36.903459537662656],[-73.14830485486029,-36.903186225686085],[-73.14867066378062,-36.90313827861631]]]}},{"type":"Feature","properties":{"comuna":"SanPedroDeLaPaz","zona":"AV","zona_code":"AV","nombre":"AV Area verde","decreto":"Publicacion PRC San Pedro de la Paz. Decreto Alc. N°310. Fecha de promulgacion 10.03.2011. Fecha de publicacion D.O. 24.03.2011."},"geometry":{"type":"Polygon","coordinates":[[[-73.15047673632486,-36.9028788215906],[-73.15052045618668,-36.90314679408744],[-73.15016588965563,-36.90320021275091],[-73.15011093178632,-36.90292677432736],[-73.15047673632486,-36.9028788215906]]]}},{"type":"Feature","properties":{"comuna":"SanPedroDeLaPaz","zona":"AV","zona_code":"AV","nombre":"AV Area verde","decreto":"Publicacion PRC San Pedro de la Paz. Decreto Alc. N°310. Fecha de promulgacion 10.03.2011. Fecha de publicacion D.O. 24.03.2011."},"geometry":{"type":"Polygon","coordinates":[[[-73.14692427776835,-36.90375886367451],[-73.14697495008006,-36.904020736542385],[-73.14662734097898,-36.9040680420632],[-73.1465617890917,-36.90380083086096],[-73.14692427776835,-36.90375886367451]]]}},{"type":"Feature","properties":{"comuna":"SanPedroDeLaPaz","zona":"AV","zona_code":"AV","nombre":"AV Area verde","decreto":"Publicacion PRC San Pedro de la Paz. Decreto Alc. N°310. Fecha de promulgacion 10.03.2011. Fecha de publicacion D.O. 24.03.2011."},"geometry":{"type":"Polygon","coordinates":[[[-73.14646525549306,-36.90417330842045],[-73.14652763753452,-36.904382042715014],[-73.14623764475995,-36.90441561678303],[-73.14619141100378,-36.904235609948195],[-73.14646525549306,-36.90417330842045]]]}},{"type":"Feature","properties":{"comuna":"SanPedroDeLaPaz","zona":"AV","zona_code":"AV","nombre":"AV Area verde","decreto":"Publicacion PRC San Pedro de la Paz. Decreto Alc. N°310. Fecha de promulgacion 10.03.2011. Fecha de publicacion D.O. 24.03.2011."},"geometry":{"type":"Polygon","coordinates":[[[-73.14584523911765,-36.90319899428269],[-73.14590525048044,-36.90349862115137],[-73.14555764209366,-36.90354592447536],[-73.14548718626752,-36.90325544865956],[-73.14584523911765,-36.90319899428269]]]}},{"type":"Feature","properties":{"comuna":"SanPedroDeLaPaz","zona":"AV","zona_code":"AV","nombre":"AV Area verde","decreto":"Publicacion PRC San Pedro de la Paz. Decreto Alc. N°310. Fecha de promulgacion 10.03.2011. Fecha de publicacion D.O. 24.03.2011."},"geometry":{"type":"Polygon","coordinates":[[[-73.14865083397221,-36.89927512080128],[-73.14866193316954,-36.899479789301],[-73.14834884837109,-36.89949073980438],[-73.14835800793959,-36.89925606921218],[-73.14865083397221,-36.89927512080128]]]}},{"type":"Feature","properties":{"comuna":"SanPedroDeLaPaz","zona":"AV","zona_code":"AV","nombre":"AV Area verde","decreto":"Publicacion PRC San Pedro de la Paz. Decreto Alc. N°310. Fecha de promulgacion 10.03.2011. Fecha de publicacion D.O. 24.03.2011."},"geometry":{"type":"Polygon","coordinates":[[[-73.14624713597163,-36.89920684395002],[-73.14626456551386,-36.8995284673371],[-73.1458865841223,-36.89955339743759],[-73.14584794596367,-36.89924423274985],[-73.14624713597163,-36.89920684395002]]]}},{"type":"Feature","properties":{"comuna":"SanPedroDeLaPaz","zona":"AV","zona_code":"AV","nombre":"AV Area verde","decreto":"Publicacion PRC San Pedro de la Paz. Decreto Alc. N°310. Fecha de promulgacion 10.03.2011. Fecha de publicacion D.O. 24.03.2011."},"geometry":{"type":"Polygon","coordinates":[[[-73.14602766472552,-36.89757992203285],[-73.14602610262104,-36.89795493564092],[-73.14582904623263,-36.8980204118024],[-73.14564891763972,-36.89792710850894],[-73.1457001804609,-36.897526920768264],[-73.14587286250531,-36.89748280339624],[-73.14602766472552,-36.89757992203285]]]}},{"type":"Feature","properties":{"comuna":"SanPedroDeLaPaz","zona":"AV","zona_code":"AV","nombre":"AV Area verde","decreto":"Publicacion PRC San Pedro de la Paz. Decreto Alc. N°310. Fecha de promulgacion 10.03.2011. Fecha de publicacion D.O. 24.03.2011."},"geometry":{"type":"Polygon","coordinates":[[[-73.14513385042157,-36.8974412564456],[-73.14513995546032,-36.897722263404134],[-73.14471742704603,-36.89776632339044],[-73.14471378432121,-36.89769907448254],[-73.14513385042157,-36.8974412564456]]]}},{"type":"Feature","properties":{"comuna":"SanPedroDeLaPaz","zona":"AV","zona_code":"AV","nombre":"AV Area verde","decreto":"Publicacion PRC San Pedro de la Paz. Decreto Alc. N°310. Fecha de promulgacion 10.03.2011. Fecha de publicacion D.O. 24.03.2011."},"geometry":{"type":"Polygon","coordinates":[[[-73.14712442759252,-36.896987926228576],[-73.1472662542977,-36.897114790110976],[-73.14725550148178,-36.897252846119656],[-73.14701903626398,-36.89733141874998],[-73.14685426300498,-36.89725222732733],[-73.14692230819904,-36.897027215669915],[-73.14712442759252,-36.896987926228576]]]}},{"type":"Feature","properties":{"comuna":"SanPedroDeLaPaz","zona":"AV","zona_code":"AV","nombre":"AV Area verde","decreto":"Publicacion PRC San Pedro de la Paz. Decreto Alc. N°310. Fecha de promulgacion 10.03.2011. Fecha de publicacion D.O. 24.03.2011."},"geometry":{"type":"Polygon","coordinates":[[[-73.14470941254233,-36.89718072601416],[-73.14477526211826,-36.897319035435224],[-73.14466763512533,-36.89741946641177],[-73.14442166489032,-36.8973226027929],[-73.14445046684862,-36.89718098671669],[-73.14470941254233,-36.89718072601416]]]}},{"type":"Feature","properties":{"comuna":"SanPedroDeLaPaz","zona":"ZM-3","zona_code":"ZM-3","nombre":"ZM-3 Zona mixta","decreto":"Publicacion PRC San Pedro de la Paz. Decreto Alc. N°310. Fecha de promulgacion 10.03.2011. Fecha de publicacion D.O. 24.03.2011."},"geometry":{"type":"Polygon","coordinates":[[[-73.14484099949912,-36.905803160418046],[-73.14392636242272,-36.90595522505086],[-73.14334565766484,-36.90358513680134],[-73.14422164807577,-36.903460791138926],[-73.14484099949912,-36.905803160418046]]]}},{"type":"Feature","properties":{"comuna":"SanPedroDeLaPaz","zona":"ZM-3","zona_code":"ZM-3","nombre":"ZM-3 Zona mixta","decreto":"Publicacion PRC San Pedro de la Paz. Decreto Alc. N°310. Fecha de promulgacion 10.03.2011. Fecha de publicacion D.O. 24.03.2011."},"geometry":{"type":"Polygon","coordinates":[[[-73.14419251701136,-36.90332705800145],[-73.1433396414388,-36.90347403022574],[-73.14176841419463,-36.897629126257286],[-73.14275102010102,-36.89745419960438],[-73.14419251701136,-36.90332705800145]]]}},{"type":"Feature","properties":{"comuna":"SanPedroDeLaPaz","zona":"ZM-3","zona_code":"ZM-3","nombre":"ZM-3 Zona mixta","decreto":"Publicacion PRC San Pedro de la Paz. Decreto Alc. N°310. Fecha de promulgacion 10.03.2011. Fecha de publicacion D.O. 24.03.2011."},"geometry":{"type":"Polygon","coordinates":[[[-73.14361269281646,-36.8972014678431],[-73.14261534690968,-36.893196681688416],[-73.14392828572265,-36.89306147424786],[-73.14486349570474,-36.897129936408824],[-73.14455176088032,-36.89703097784034],[-73.14361269281646,-36.8972014678431]]]}},{"type":"Feature","properties":{"comuna":"SanPedroDeLaPaz","zona":"ZM-3","zona_code":"ZM-3","nombre":"ZM-3 Zona mixta","decreto":"Publicacion PRC San Pedro de la Paz. Decreto Alc. N°310. Fecha de promulgacion 10.03.2011. Fecha de publicacion D.O. 24.03.2011."},"geometry":{"type":"Polygon","coordinates":[[[-73.14172235581778,-36.89745204161269],[-73.14064992214593,-36.89340591690015],[-73.14167742880093,-36.89325286886241],[-73.14269894467525,-36.89730076122888],[-73.14172235581778,-36.89745204161269]]]}},{"type":"Feature","properties":{"comuna":"SanPedroDeLaPaz","zona":"ZM-3","zona_code":"ZM-3","nombre":"ZM-3 Zona mixta","decreto":"Publicacion PRC San Pedro de la Paz. Decreto Alc. N°310. Fecha de promulgacion 10.03.2011. Fecha de publicacion D.O. 24.03.2011."},"geometry":{"type":"Polygon","coordinates":[[[-73.1439035913966,-36.89287485640712],[-73.14255425348921,-36.89301133404925],[-73.14145401599586,-36.88858536518938],[-73.14284632657971,-36.88843568324343],[-73.1439035913966,-36.89287485640712]]]}},{"type":"Feature","properties":{"comuna":"SanPedroDeLaPaz","zona":"ZM-3","zona_code":"ZM-3","nombre":"ZM-3 Zona mixta","decreto":"Publicacion PRC San Pedro de la Paz. Decreto Alc. N°310. Fecha de promulgacion 10.03.2011. Fecha de publicacion D.O. 24.03.2011."},"geometry":{"type":"Polygon","coordinates":[[[-73.13964154331427,-36.88986725670368],[-73.13811878031221,-36.88382725046663],[-73.13926263981507,-36.8836701685075],[-73.14078358872732,-36.88967506769607],[-73.13964154331427,-36.88986725670368]]]}},{"type":"Feature","properties":{"comuna":"SanPedroDeLaPaz","zona":"ZM-3","zona_code":"ZM-3","nombre":"ZM-3 Zona mixta","decreto":"Publicacion PRC San Pedro de la Paz. Decreto Alc. N°310. Fecha de promulgacion 10.03.2011. Fecha de publicacion D.O. 24.03.2011."},"geometry":{"type":"Polygon","coordinates":[[[-73.14014696833829,-36.88329949913724],[-73.13901378113744,-36.8783927606822],[-73.14119597351686,-36.87801397177128],[-73.14223739999657,-36.88243998287235],[-73.14169594890257,-36.88254237575559],[-73.14056475568619,-36.883202894113396],[-73.14014696833829,-36.88329949913724]]]}},{"type":"Feature","properties":{"comuna":"SanPedroDeLaPaz","zona":"ZM-3","zona_code":"ZM-3","nombre":"ZM-3 Zona mixta","decreto":"Publicacion PRC San Pedro de la Paz. Decreto Alc. N°310. Fecha de promulgacion 10.03.2011. Fecha de publicacion D.O. 24.03.2011."},"geometry":{"type":"Polygon","coordinates":[[[-73.13806119450349,-36.88357147262724],[-73.1368487737135,-36.878680656348834],[-73.13810902609603,-36.87851952774429],[-73.13926265361503,-36.88340066305759],[-73.13806119450349,-36.88357147262724]]]}},{"type":"Feature","properties":{"comuna":"SanPedroDeLaPaz","zona":"ZI-1","zona_code":"ZI-1","nombre":"ZI-1 Zona productiva industrial","decreto":"Publicacion PRC San Pedro de la Paz. Decreto Alc. N°310. Fecha de promulgacion 10.03.2011. Fecha de publicacion D.O. 24.03.2011."},"geometry":{"type":"Polygon","coordinates":[[[-73.13187249514758,-36.84794592407235],[-73.13124552035363,-36.84537522430182],[-73.13342222056583,-36.844104232425664],[-73.13383250099287,-36.846035067983856],[-73.13384659943777,-36.84778343306903],[-73.13187249514758,-36.84794592407235]]]}},{"type":"Feature","properties":{"comuna":"SanPedroDeLaPaz","zona":"ZI-1","zona_code":"ZI-1","nombre":"ZI-1 Zona productiva industrial","decreto":"Publicacion PRC San Pedro de la Paz. Decreto Alc. N°310. Fecha de promulgacion 10.03.2011. Fecha de publicacion D.O. 24.03.2011."},"geometry":{"type":"Polygon","coordinates":[[[-73.13118673706552,-36.845096047441146],[-73.1306064945522,-36.842444621736206],[-73.13025995689196,-36.84169503504457],[-73.12961043052594,-36.8407333551434],[-73.1316973193111,-36.83887964023602],[-73.13240237717538,-36.8406010217669],[-73.1333362186492,-36.843861157229114],[-73.13118673706552,-36.845096047441146]]]}},{"type":"Feature","properties":{"comuna":"SanPedroDeLaPaz","zona":"ZI-1","zona_code":"ZI-1","nombre":"ZI-1 Zona productiva industrial","decreto":"Publicacion PRC San Pedro de la Paz. Decreto Alc. N°310. Fecha de promulgacion 10.03.2011. Fecha de publicacion D.O. 24.03.2011."},"geometry":{"type":"Polygon","coordinates":[[[-73.12949975266935,-36.84057315925901],[-73.12874013591475,-36.83973248159586],[-73.12729797095496,-36.83866946501559],[-73.12893225464627,-36.83477215831314],[-73.1300550100551,-36.83531897670055],[-73.13014344616037,-36.835878346521724],[-73.13100190958521,-36.83723559623362],[-73.13128840855951,-36.83805280050446],[-73.1316586693535,-36.83857579405815],[-73.12949975266935,-36.84057315925901]]]}},{"type":"Feature","properties":{"comuna":"SanPedroDeLaPaz","zona":"ZM-3","zona_code":"ZM-3","nombre":"ZM-3 Zona mixta","decreto":"Publicacion PRC San Pedro de la Paz. Decreto Alc. N°310. Fecha de promulgacion 10.03.2011. Fecha de publicacion D.O. 24.03.2011."},"geometry":{"type":"Polygon","coordinates":[[[-73.1261658016001,-36.84228271930516],[-73.12599683227383,-36.84131016857898],[-73.12617870900174,-36.84021996129354],[-73.12680276548322,-36.8404384750707],[-73.12754599951052,-36.84097507719451],[-73.12784580763837,-36.84126345007499],[-73.12864332015594,-36.84240161576102],[-73.1261658016001,-36.84228271930516]]]}},{"type":"Feature","properties":{"comuna":"SanPedroDeLaPaz","zona":"ZH-14","zona_code":"ZH-14","nombre":"ZH-14 Zona residencial","decreto":"Publicacion PRC San Pedro de la Paz. Decreto Alc. N°310. Fecha de promulgacion 10.03.2011. Fecha de publicacion D.O. 24.03.2011."},"geometry":{"type":"Polygon","coordinates":[[[-73.12864332015594,-36.84240161576102],[-73.12925225142457,-36.843827559920705],[-73.1292613538837,-36.844131902258894],[-73.12900181256428,-36.844726815393436],[-73.12902452204911,-36.84501310736406],[-73.12911926948183,-36.84568943491187],[-73.12962058140131,-36.84755267363322],[-73.12600862765333,-36.84789508465176],[-73.12626817634836,-36.846216293847746],[-73.12632321384152,-36.845071908437426],[-73.12634914644224,-36.84392853489336],[-73.1261658016001,-36.84228271930516],[-73.12864332015594,-36.84240161576102]]]}},{"type":"Feature","properties":{"comuna":"SanPedroDeLaPaz","zona":"ZH-14","zona_code":"ZH-14","nombre":"ZH-14 Zona residencial","decreto":"Publicacion PRC San Pedro de la Paz. Decreto Alc. N°310. Fecha de promulgacion 10.03.2011. Fecha de publicacion D.O. 24.03.2011."},"geometry":{"type":"Polygon","coordinates":[[[-73.12967051046947,-36.84780286469777],[-73.1321283276534,-36.85796437669252],[-73.12711134944165,-36.85849050785226],[-73.12673820239155,-36.853863296436494],[-73.12621423379328,-36.851578997797844],[-73.12599069773128,-36.849864275113944],[-73.12593781303075,-36.848881830405226],[-73.12601583155205,-36.848164340650655],[-73.12967051046947,-36.84780286469777]]]}},{"type":"Feature","properties":{"comuna":"SanPedroDeLaPaz","zona":"ZH-14","zona_code":"ZH-14","nombre":"ZH-14 Zona residencial","decreto":"Publicacion PRC San Pedro de la Paz. Decreto Alc. N°310. Fecha de promulgacion 10.03.2011. Fecha de publicacion D.O. 24.03.2011."},"geometry":{"type":"Polygon","coordinates":[[[-73.13217922057945,-36.85823210979087],[-73.13344623829566,-36.863337873777354],[-73.12743529542766,-36.864097848550394],[-73.1271460958902,-36.85872951091091],[-73.13217922057945,-36.85823210979087]]]}},{"type":"Feature","properties":{"comuna":"SanPedroDeLaPaz","zona":"ZH-14","zona_code":"ZH-14","nombre":"ZH-14 Zona residencial","decreto":"Publicacion PRC San Pedro de la Paz. Decreto Alc. N°310. Fecha de promulgacion 10.03.2011. Fecha de publicacion D.O. 24.03.2011."},"geometry":{"type":"Polygon","coordinates":[[[-73.13345444155317,-36.86348991705503],[-73.13492500166979,-36.86966072695167],[-73.12781476858005,-36.870869157372105],[-73.12743145154003,-36.86429718234764],[-73.13345444155317,-36.86348991705503]]]}},{"type":"Feature","properties":{"comuna":"SanPedroDeLaPaz","zona":"ZH-14","zona_code":"ZH-14","nombre":"ZH-14 Zona residencial","decreto":"Publicacion PRC San Pedro de la Paz. Decreto Alc. N°310. Fecha de promulgacion 10.03.2011. Fecha de publicacion D.O. 24.03.2011."},"geometry":{"type":"Polygon","coordinates":[[[-73.14352032924474,-36.90600163441854],[-73.13889292983478,-36.90677252187461],[-73.13667540028656,-36.89760472924512],[-73.14052289829934,-36.897798574447165],[-73.14130544264637,-36.897700949317006],[-73.14352032924474,-36.90600163441854]]]}},{"type":"Feature","properties":{"comuna":"SanPedroDeLaPaz","zona":"ZH-14","zona_code":"ZH-14","nombre":"ZH-14 Zona residencial","decreto":"Publicacion PRC San Pedro de la Paz. Decreto Alc. N°310. Fecha de promulgacion 10.03.2011. Fecha de publicacion D.O. 24.03.2011."},"geometry":{"type":"Polygon","coordinates":[[[-73.13870550128856,-36.90681421461423],[-73.13490180508053,-36.90743902556623],[-73.13187334897171,-36.900806961078274],[-73.1321159946712,-36.89962674939755],[-73.13208570835747,-36.89879585588763],[-73.13194836714035,-36.898413960241356],[-73.13202949369898,-36.89775494900256],[-73.13386749641381,-36.89747998958417],[-73.1364702693207,-36.89758844819832],[-73.13870550128856,-36.90681421461423]]]}},{"type":"Feature","properties":{"comuna":"SanPedroDeLaPaz","zona":"ZH-14","zona_code":"ZH-14","nombre":"ZH-14 Zona residencial","decreto":"Publicacion PRC San Pedro de la Paz. Decreto Alc. N°310. Fecha de promulgacion 10.03.2011. Fecha de publicacion D.O. 24.03.2011."},"geometry":{"type":"Polygon","coordinates":[[[-73.13563926920634,-36.89409043589643],[-73.13644559004909,-36.89740182757074],[-73.13391626541025,-36.89730252618774],[-73.13200419355653,-36.89755663126128],[-73.1319651058245,-36.89629249406415],[-73.13164181050676,-36.894628140431394],[-73.13563926920634,-36.89409043589643]]]}},{"type":"Feature","properties":{"comuna":"SanPedroDeLaPaz","zona":"ZH-14","zona_code":"ZH-14","nombre":"ZH-14 Zona residencial","decreto":"Publicacion PRC San Pedro de la Paz. Decreto Alc. N°310. Fecha de promulgacion 10.03.2011. Fecha de publicacion D.O. 24.03.2011."},"geometry":{"type":"Polygon","coordinates":[[[-73.14025835773893,-36.89344887857597],[-73.14124972919888,-36.89748026144044],[-73.14046782007453,-36.89758958185461],[-73.13663742448674,-36.897442007784925],[-73.13582856574101,-36.894083835701856],[-73.14025835773893,-36.89344887857597]]]}},{"type":"Feature","properties":{"comuna":"SanPedroDeLaPaz","zona":"ZH-15","zona_code":"ZH-15","nombre":"ZH-15 Zona residencial","decreto":"Publicacion PRC San Pedro de la Paz. Decreto Alc. N°310. Fecha de promulgacion 10.03.2011. Fecha de publicacion D.O. 24.03.2011."},"geometry":{"type":"Polygon","coordinates":[[[-73.14085100620274,-36.8898426185051],[-73.14167742880093,-36.89325286886241],[-73.14064992214593,-36.89340591690015],[-73.13968047012304,-36.8900475203966],[-73.14085100620274,-36.8898426185051]]]}},{"type":"Feature","properties":{"comuna":"SanPedroDeLaPaz","zona":"ZH-15","zona_code":"ZH-15","nombre":"ZH-15 Zona residencial","decreto":"Publicacion PRC San Pedro de la Paz. Decreto Alc. N°310. Fecha de promulgacion 10.03.2011. Fecha de publicacion D.O. 24.03.2011."},"geometry":{"type":"Polygon","coordinates":[[[-73.13920313826326,-36.89012276494984],[-73.14025835773893,-36.89344887857597],[-73.13582856574101,-36.894083835701856],[-73.13525202848307,-36.89178385567613],[-73.13444431507801,-36.89087460448639],[-73.13920313826326,-36.89012276494984]]]}},{"type":"Feature","properties":{"comuna":"SanPedroDeLaPaz","zona":"ZH-15","zona_code":"ZH-15","nombre":"ZH-15 Zona residencial","decreto":"Publicacion PRC San Pedro de la Paz. Decreto Alc. N°310. Fecha de promulgacion 10.03.2011. Fecha de publicacion D.O. 24.03.2011."},"geometry":{"type":"Polygon","coordinates":[[[-73.13427021928878,-36.890892389718424],[-73.13507919396577,-36.891825034124814],[-73.13563926920634,-36.89409043589643],[-73.13164181050676,-36.894628140431394],[-73.13129442277247,-36.893327868786415],[-73.1312698770977,-36.89233272808467],[-73.13108832008399,-36.89140164375171],[-73.13427021928878,-36.890892389718424]]]}},{"type":"Feature","properties":{"comuna":"SanPedroDeLaPaz","zona":"ZH-15","zona_code":"ZH-15","nombre":"ZH-15 Zona residencial","decreto":"Publicacion PRC San Pedro de la Paz. Decreto Alc. N°310. Fecha de promulgacion 10.03.2011. Fecha de publicacion D.O. 24.03.2011."},"geometry":{"type":"Polygon","coordinates":[[[-73.1391638967042,-36.88993665379174],[-73.13449118496563,-36.89066205465099],[-73.13419061403799,-36.88941874841588],[-73.13888097684024,-36.888751333283714],[-73.1391638967042,-36.88993665379174]]]}},{"type":"Feature","properties":{"comuna":"SanPedroDeLaPaz","zona":"ZH-15","zona_code":"ZH-15","nombre":"ZH-15 Zona residencial","decreto":"Publicacion PRC San Pedro de la Paz. Decreto Alc. N°310. Fecha de promulgacion 10.03.2011. Fecha de publicacion D.O. 24.03.2011."},"geometry":{"type":"Polygon","coordinates":[[[-73.13390256459309,-36.88948737519256],[-73.134158816848,-36.89072050852997],[-73.13106365757695,-36.89121502137829],[-73.13079162948449,-36.88995899432726],[-73.13390256459309,-36.88948737519256]]]}},{"type":"Feature","properties":{"comuna":"SanPedroDeLaPaz","zona":"ZH-5","zona_code":"ZH-5","nombre":"ZH-5 Zona residencial","decreto":"Publicacion PRC San Pedro de la Paz. Decreto Alc. N°310. Fecha de promulgacion 10.03.2011. Fecha de publicacion D.O. 24.03.2011."},"geometry":{"type":"Polygon","coordinates":[[[-73.13888097684024,-36.888751333283714],[-73.13419061403799,-36.88941874841588],[-73.13376090921093,-36.88821509440152],[-73.1348491318441,-36.888106862056546],[-73.13499160159267,-36.8877738040883],[-73.13396203941129,-36.88437643363888],[-73.13764053688435,-36.883884943275596],[-73.13888097684024,-36.888751333283714]]]}},{"type":"Feature","properties":{"comuna":"SanPedroDeLaPaz","zona":"ZH-5","zona_code":"ZH-5","nombre":"ZH-5 Zona residencial","decreto":"Publicacion PRC San Pedro de la Paz. Decreto Alc. N°310. Fecha de promulgacion 10.03.2011. Fecha de publicacion D.O. 24.03.2011."},"geometry":{"type":"Polygon","coordinates":[[[-73.13390256459309,-36.88948737519256],[-73.13079162948449,-36.88995899432726],[-73.13027916027735,-36.88803171619588],[-73.13047560469032,-36.886806245541514],[-73.13046307031904,-36.8860333207763],[-73.13018219793338,-36.88488305640262],[-73.13377402971719,-36.884406420946306],[-73.13457513302343,-36.887085265199616],[-73.13350401023071,-36.88723976934874],[-73.1333381317362,-36.88740959539488],[-73.13390256459309,-36.88948737519256]]]}},{"type":"Feature","properties":{"comuna":"SanPedroDeLaPaz","zona":"ZH-5","zona_code":"ZH-5","nombre":"ZH-5 Zona residencial","decreto":"Publicacion PRC San Pedro de la Paz. Decreto Alc. N°310. Fecha de promulgacion 10.03.2011. Fecha de publicacion D.O. 24.03.2011."},"geometry":{"type":"Polygon","coordinates":[[[-73.13761017370898,-36.88359306305297],[-73.13394624965599,-36.88408404430609],[-73.13343449313219,-36.881359959829524],[-73.13286510263198,-36.87918860546237],[-73.1363832221289,-36.87870274826938],[-73.13761017370898,-36.88359306305297]]]}},{"type":"Feature","properties":{"comuna":"SanPedroDeLaPaz","zona":"ZH-5","zona_code":"ZH-5","nombre":"ZH-5 Zona residencial","decreto":"Publicacion PRC San Pedro de la Paz. Decreto Alc. N°310. Fecha de promulgacion 10.03.2011. Fecha de publicacion D.O. 24.03.2011."},"geometry":{"type":"Polygon","coordinates":[[[-73.13264798724867,-36.87921960467812],[-73.1331901483625,-36.88142706105886],[-73.13369873895014,-36.88409266918413],[-73.13012148114524,-36.8845687955804],[-73.13009871783333,-36.88441725890521],[-73.12913152736238,-36.88406424648529],[-73.12913245750292,-36.882458901856374],[-73.12890281854412,-36.88171696723238],[-73.1285503000009,-36.88140114217411],[-73.12831940834202,-36.88063581440816],[-73.12788154675324,-36.879819099392094],[-73.13264798724867,-36.87921960467812]]]}},{"type":"Feature","properties":{"comuna":"SanPedroDeLaPaz","zona":"ZH-15","zona_code":"ZH-15","nombre":"ZH-15 Zona residencial","decreto":"Publicacion PRC San Pedro de la Paz. Decreto Alc. N°310. Fecha de promulgacion 10.03.2011. Fecha de publicacion D.O. 24.03.2011."},"geometry":{"type":"Polygon","coordinates":[[[-73.13810902609603,-36.87851952774429],[-73.1368487737135,-36.878680656348834],[-73.13650047576772,-36.87709335023649],[-73.13771513384872,-36.87689866411144],[-73.13810902609603,-36.87851952774429]]]}},{"type":"Feature","properties":{"comuna":"SanPedroDeLaPaz","zona":"ZH-15","zona_code":"ZH-15","nombre":"ZH-15 Zona residencial","decreto":"Publicacion PRC San Pedro de la Paz. Decreto Alc. N°310. Fecha de promulgacion 10.03.2011. Fecha de publicacion D.O. 24.03.2011."},"geometry":{"type":"Polygon","coordinates":[[[-73.13602321826097,-36.87716857705282],[-73.1363832221289,-36.87870274826938],[-73.13286510263198,-36.87918860546237],[-73.13249123807121,-36.87766662331368],[-73.13342994558846,-36.87749331025025],[-73.13432494102533,-36.87759101901114],[-73.13497879516186,-36.877544794726134],[-73.13563015089963,-36.87718228084876],[-73.13602321826097,-36.87716857705282]]]}},{"type":"Feature","properties":{"comuna":"SanPedroDeLaPaz","zona":"ZH-15","zona_code":"ZH-15","nombre":"ZH-15 Zona residencial","decreto":"Publicacion PRC San Pedro de la Paz. Decreto Alc. N°310. Fecha de promulgacion 10.03.2011. Fecha de publicacion D.O. 24.03.2011."},"geometry":{"type":"Polygon","coordinates":[[[-73.13230071872165,-36.87764982447276],[-73.13264798724867,-36.87921960467812],[-73.12788154675324,-36.879819099392094],[-73.12751706203167,-36.87928105295163],[-73.12785906983365,-36.87832002645436],[-73.13230071872165,-36.87764982447276]]]}},{"type":"Feature","properties":{"comuna":"SanPedroDeLaPaz","zona":"ZH-15","zona_code":"ZH-15","nombre":"ZH-15 Zona residencial","decreto":"Publicacion PRC San Pedro de la Paz. Decreto Alc. N°310. Fecha de promulgacion 10.03.2011. Fecha de publicacion D.O. 24.03.2011."},"geometry":{"type":"Polygon","coordinates":[[[-73.13505019840221,-36.87319507812388],[-73.1359555103447,-36.876995174685234],[-73.13488197189737,-36.877372405674535],[-73.1342736876241,-36.877452193054744],[-73.13343629687806,-36.877340760466495],[-73.13246658071049,-36.877480000938554],[-73.13155002903224,-36.873738852906044],[-73.13505019840221,-36.87319507812388]]]}},{"type":"Feature","properties":{"comuna":"SanPedroDeLaPaz","zona":"ZH-15","zona_code":"ZH-15","nombre":"ZH-15 Zona residencial","decreto":"Publicacion PRC San Pedro de la Paz. Decreto Alc. N°310. Fecha de promulgacion 10.03.2011. Fecha de publicacion D.O. 24.03.2011."},"geometry":{"type":"Polygon","coordinates":[[[-73.13137597081761,-36.873756631393974],[-73.13225073241149,-36.8775343899036],[-73.1278945479225,-36.87816646245085],[-73.12804408176231,-36.87742304921005],[-73.12794915861839,-36.87430946405449],[-73.13137597081761,-36.873756631393974]]]}},{"type":"Feature","properties":{"comuna":"SanPedroDeLaPaz","zona":"ZH-15","zona_code":"ZH-15","nombre":"ZH-15 Zona residencial","decreto":"Publicacion PRC San Pedro de la Paz. Decreto Alc. N°310. Fecha de promulgacion 10.03.2011. Fecha de publicacion D.O. 24.03.2011."},"geometry":{"type":"Polygon","coordinates":[[[-73.13680026099047,-36.87292315323472],[-73.137721475376,-36.87674611472764],[-73.13640491314327,-36.8769443535658],[-73.13552806395897,-36.873131551938656],[-73.13680026099047,-36.87292315323472]],[[-73.13704157095246,-36.87624253451397],[-73.13674170711825,-36.87629400178932],[-73.13673298704987,-36.8764700699899],[-73.13706022460777,-36.87645280021804],[-73.13704157095246,-36.87624253451397]]]}},{"type":"Feature","properties":{"comuna":"SanPedroDeLaPaz","zona":"ZH-15","zona_code":"ZH-15","nombre":"ZH-15 Zona residencial","decreto":"Publicacion PRC San Pedro de la Paz. Decreto Alc. N°310. Fecha de promulgacion 10.03.2011. Fecha de publicacion D.O. 24.03.2011."},"geometry":{"type":"Polygon","coordinates":[[[-73.13665221541947,-36.87234243591234],[-73.13677559522532,-36.87273653228063],[-73.12799667097705,-36.87410861126726],[-73.12797334407323,-36.87367587118268],[-73.13665221541947,-36.87234243591234]]]}},{"type":"Feature","properties":{"comuna":"SanPedroDeLaPaz","zona":"AV","zona_code":"AV","nombre":"AV Area verde","decreto":"Publicacion PRC San Pedro de la Paz. Decreto Alc. N°310. Fecha de promulgacion 10.03.2011. Fecha de publicacion D.O. 24.03.2011."},"geometry":{"type":"Polygon","coordinates":[[[-73.13707653799244,-36.876282326615524],[-73.13706022460777,-36.87645280021804],[-73.13673298704987,-36.8764700699899],[-73.13674170711825,-36.87629400178932],[-73.13707653799244,-36.876282326615524]]]}},{"type":"Feature","properties":{"comuna":"SanPedroDeLaPaz","zona":"AV","zona_code":"AV","nombre":"AV Area verde","decreto":"Publicacion PRC San Pedro de la Paz. Decreto Alc. N°310. Fecha de promulgacion 10.03.2011. Fecha de publicacion D.O. 24.03.2011."},"geometry":{"type":"Polygon","coordinates":[[[-73.1346426842161,-36.887323121284396],[-73.13477272014133,-36.88784002095743],[-73.13468281763602,-36.88793103659072],[-73.13376298543177,-36.88805097587558],[-73.13367246662148,-36.8879955427391],[-73.13362506064838,-36.887387879771744],[-73.1346426842161,-36.887323121284396]]]}},{"type":"Feature","properties":{"comuna":"SanPedroDeLaPaz","zona":"ZH-3","zona_code":"ZH-3","nombre":"ZH-3 Zona residencial","decreto":"Publicacion PRC San Pedro de la Paz. Decreto Alc. N°310. Fecha de promulgacion 10.03.2011. Fecha de publicacion D.O. 24.03.2011."},"geometry":{"type":"Polygon","coordinates":[[[-73.13164335535035,-36.90080325509686],[-73.13124434890794,-36.899358313786244],[-73.13097547073446,-36.89789126233826],[-73.13172638250518,-36.89774793200612],[-73.1318964614555,-36.899546515748064],[-73.13164335535035,-36.90080325509686]]]}},{"type":"Feature","properties":{"comuna":"SanPedroDeLaPaz","zona":"ZH-3","zona_code":"ZH-3","nombre":"ZH-3 Zona residencial","decreto":"Publicacion PRC San Pedro de la Paz. Decreto Alc. N°310. Fecha de promulgacion 10.03.2011. Fecha de publicacion D.O. 24.03.2011."},"geometry":{"type":"Polygon","coordinates":[[[-73.13093434926192,-36.8976700605125],[-73.12972224656968,-36.891701139426935],[-73.12990784037059,-36.89108536280945],[-73.12987623901499,-36.89077008771639],[-73.1296559793327,-36.89047309817597],[-73.12942999680506,-36.89034035386444],[-73.12816125705639,-36.8841273086548],[-73.12877023429074,-36.8840592455018],[-73.12899935033847,-36.88425047050356],[-73.12983487623113,-36.88459634944782],[-73.12985001888518,-36.88487704504955],[-73.12997979370905,-36.884849091914475],[-73.13029357008712,-36.88606851593042],[-73.13006660510365,-36.88808012899774],[-73.13059741759956,-36.8900770742968],[-73.131061099783,-36.8924513168427],[-73.13106350491343,-36.89330661756047],[-73.13174428336471,-36.896458373432154],[-73.13180491351136,-36.89758114967047],[-73.13093434926192,-36.8976700605125]]]}},{"type":"Feature","properties":{"comuna":"SanPedroDeLaPaz","zona":"ZH-3","zona_code":"ZH-3","nombre":"ZH-3 Zona residencial","decreto":"Publicacion PRC San Pedro de la Paz. Decreto Alc. N°310. Fecha de promulgacion 10.03.2011. Fecha de publicacion D.O. 24.03.2011."},"geometry":{"type":"Polygon","coordinates":[[[-73.12883388407981,-36.88388712428066],[-73.12806443947463,-36.88395491348675],[-73.12731960328341,-36.87987966264463],[-73.12687745289833,-36.87993019746493],[-73.126853644337,-36.878811992035054],[-73.12671322239245,-36.87837160753419],[-73.126230364521,-36.8779372736869],[-73.12597871251937,-36.87678597999705],[-73.12582745853592,-36.876685781229845],[-73.12574779958018,-36.876290152229885],[-73.12577647864913,-36.875468921021564],[-73.1255196075238,-36.87503258267348],[-73.12560764969722,-36.874771733719314],[-73.12545155791038,-36.87376944459342],[-73.12592528625493,-36.87254605472109],[-73.12763698684675,-36.87129131866062],[-73.12785660128033,-36.8772596670624],[-73.1272757554029,-36.879201565910904],[-73.12746490345268,-36.8797339959156],[-73.12812298029115,-36.88084770812774],[-73.12812355649513,-36.88112891088222],[-73.12850766091421,-36.88176001363229],[-73.12867159493875,-36.88182461358215],[-73.1288948991535,-36.88258434555588],[-73.12883388407981,-36.88388712428066]]]}},{"type":"Feature","properties":{"comuna":"SanPedroDeLaPaz","zona":"ZH-3","zona_code":"ZH-3","nombre":"ZH-3 Zona residencial","decreto":"Publicacion PRC San Pedro de la Paz. Decreto Alc. N°310. Fecha de promulgacion 10.03.2011. Fecha de publicacion D.O. 24.03.2011."},"geometry":{"type":"Polygon","coordinates":[[[-73.12759592601167,-36.87093535869892],[-73.12610801253305,-36.87201240624982],[-73.12604613207384,-36.871405241428796],[-73.12587563985005,-36.87108307614264],[-73.12592689853349,-36.86851513110991],[-73.1257573264782,-36.86834526286772],[-73.12603409907196,-36.86752712009067],[-73.12561083808598,-36.8669793923558],[-73.12550921790803,-36.865904902773615],[-73.12533076542432,-36.86584080156054],[-73.12504468150627,-36.86594448898854],[-73.12487112559285,-36.86651296958874],[-73.12460974267672,-36.86653377396813],[-73.1246243704863,-36.86626376003791],[-73.12446565580684,-36.865753700514325],[-73.12462654734928,-36.865220814063456],[-73.12493236473222,-36.86467117036727],[-73.12504265586466,-36.86401114833131],[-73.12475168365751,-36.86348225167521],[-73.12470557029413,-36.86316747803961],[-73.12493594122009,-36.86311259864664],[-73.1253756875798,-36.86342540464338],[-73.12554027882405,-36.86323219966771],[-73.12558212441286,-36.86292608671825],[-73.12543474979435,-36.862626551723295],[-73.12543684974132,-36.861853113370984],[-73.12530970059177,-36.86165833411228],[-73.12517520941881,-36.86051467978578],[-73.12528486588852,-36.85984296218428],[-73.12522364058124,-36.85924749027318],[-73.125150308407,-36.85896881617883],[-73.12470814482002,-36.85833971608908],[-73.12440798424957,-36.85682685407206],[-73.12453904879963,-36.85655279188164],[-73.1247972492641,-36.85647351108842],[-73.12508763414817,-36.85672120494007],[-73.12536479660896,-36.856723287567135],[-73.12543960112048,-36.8562168278753],[-73.12541700671439,-36.85552627203811],[-73.12531519951705,-36.85526030450175],[-73.12521780161929,-36.85507620830758],[-73.12479266077865,-36.85476289242952],[-73.1246763039419,-36.854497431135066],[-73.12469549026113,-36.8537702690029],[-73.12450974307664,-36.852757288877896],[-73.12470805630075,-36.8518364187942],[-73.12463040676236,-36.85120636420038],[-73.12476342714923,-36.8506978812865],[-73.12487645715646,-36.84927611476037],[-73.12482343353176,-36.84883268669031],[-73.12449650331939,-36.84817614401881],[-73.12573663487304,-36.8481916237993],[-73.1257344523141,-36.84923457167087],[-73.12594580147851,-36.85153560203895],[-73.12611400256647,-36.85195158960162],[-73.12650331189253,-36.8537660056692],[-73.12675963055527,-36.856088904755275],[-73.12759592601167,-36.87093535869892]]]}},{"type":"Feature","properties":{"comuna":"SanPedroDeLaPaz","zona":"ZH-3","zona_code":"ZH-3","nombre":"ZH-3 Zona residencial","decreto":"Publicacion PRC San Pedro de la Paz. Decreto Alc. N°310. Fecha de promulgacion 10.03.2011. Fecha de publicacion D.O. 24.03.2011."},"geometry":{"type":"Polygon","coordinates":[[[-73.12609429440823,-36.84522047954507],[-73.12584616956237,-36.84792416835225],[-73.1244149674124,-36.84788017658447],[-73.12439231299004,-36.84745912807978],[-73.12553534550231,-36.84621247769963],[-73.12560762754357,-36.84565923511192],[-73.12609429440823,-36.84522047954507]]]}},{"type":"Feature","properties":{"comuna":"SanPedroDeLaPaz","zona":"ZE-4","zona_code":"ZE-4","nombre":"ZE-4 Zona de equipamiento de cementerio","decreto":"Publicacion PRC San Pedro de la Paz. Decreto Alc. N°310. Fecha de promulgacion 10.03.2011. Fecha de publicacion D.O. 24.03.2011."},"geometry":{"type":"Polygon","coordinates":[[[-73.1360643603272,-36.869761624587255],[-73.13665221541947,-36.87234243591234],[-73.12797334407323,-36.87367587118268],[-73.12787560234065,-36.871253722389056],[-73.12796993773583,-36.87110982844888],[-73.1360643603272,-36.869761624587255]]]}},{"type":"Feature","properties":{"comuna":"SanPedroDeLaPaz","zona":"ZRI-1","zona_code":"ZRI-1","nombre":"ZRI-1 Zona de riesgo de inundacion","decreto":"Publicacion PRC San Pedro de la Paz. Decreto Alc. N°310. Fecha de promulgacion 10.03.2011. Fecha de publicacion D.O. 24.03.2011."},"geometry":{"type":"Polygon","coordinates":[[[-73.13509504779523,-36.822608542726705],[-73.1359634981063,-36.822496263465666],[-73.1361986927528,-36.82307395004592],[-73.13639268141067,-36.824238953917536],[-73.13626607447911,-36.82486440112596],[-73.13590538678375,-36.82574407426292],[-73.13540177488598,-36.82640609166254],[-73.13196195643837,-36.829654497736854],[-73.12974353390318,-36.83230958924163],[-73.12831332976668,-36.83444508672529],[-73.12755937009466,-36.8364164412995],[-73.12675165226635,-36.838202178887855],[-73.12580418949459,-36.8373914466448],[-73.12486995861255,-36.836826318406494],[-73.12538599425466,-36.835308519874886],[-73.12597342982086,-36.834034309677314],[-73.12684877021331,-36.83242199163651],[-73.12814789791912,-36.830830082845935],[-73.1297999970584,-36.82902667946238],[-73.13244974848524,-36.82626283189068],[-73.13515925008498,-36.824340518078394],[-73.13535918815374,-36.82399374053689],[-73.13541112316722,-36.82360524916938],[-73.13509504779523,-36.822608542726705]]]}},{"type":"Feature","properties":{"comuna":"SanPedroDeLaPaz","zona":"ZRI-1","zona_code":"ZRI-1","nombre":"ZRI-1 Zona de riesgo de inundacion","decreto":"Publicacion PRC San Pedro de la Paz. Decreto Alc. N°310. Fecha de promulgacion 10.03.2011. Fecha de publicacion D.O. 24.03.2011."},"geometry":{"type":"Polygon","coordinates":[[[-73.12486327234546,-36.836973021683896],[-73.12586137108644,-36.8376413887874],[-73.1266380409296,-36.83839361185335],[-73.12462899964763,-36.83763149421178],[-73.12486327234546,-36.836973021683896]]]}},{"type":"Feature","properties":{"comuna":"SanPedroDeLaPaz","zona":"ZRI-1","zona_code":"ZRI-1","nombre":"ZRI-1 Zona de riesgo de inundacion","decreto":"Publicacion PRC San Pedro de la Paz. Decreto Alc. N°310. Fecha de promulgacion 10.03.2011. Fecha de publicacion D.O. 24.03.2011."},"geometry":{"type":"Polygon","coordinates":[[[-73.12648384941896,-36.838914550768536],[-73.12615818999703,-36.83950003792888],[-73.1257439314802,-36.84128380763289],[-73.126127192251,-36.84407100488083],[-73.12609429440823,-36.84522047954507],[-73.12560762754357,-36.84565923511192],[-73.12553534550231,-36.84621247769963],[-73.12439231299004,-36.84745912807978],[-73.1244149674124,-36.84788017658447],[-73.12028683395094,-36.847707198319625],[-73.12048249139438,-36.84727856821755],[-73.12050558742087,-36.84635206908513],[-73.12064240341219,-36.845913764163825],[-73.12156585037326,-36.84492084761296],[-73.12186865676769,-36.843773715588306],[-73.12243015613109,-36.84282851614995],[-73.12250506361481,-36.8420525469197],[-73.12221249647145,-36.84094952980304],[-73.12228740570545,-36.84017356142419],[-73.12343784076717,-36.839336794278736],[-73.12445108168951,-36.83811810197762],[-73.12551223354704,-36.83846790387331],[-73.12648384941896,-36.838914550768536]]]}},{"type":"Feature","properties":{"comuna":"SanPedroDeLaPaz","zona":"ZH-6","zona_code":"ZH-6","nombre":"ZH-6 Zona residencial","decreto":"Publicacion PRC San Pedro de la Paz. Decreto Alc. N°310. Fecha de promulgacion 10.03.2011. Fecha de publicacion D.O. 24.03.2011."},"geometry":{"type":"Polygon","coordinates":[[[-73.11962891174065,-36.847401943547375],[-73.11982771521211,-36.847031793857234],[-73.11996760147085,-36.84597234615296],[-73.12013980982817,-36.84564998984966],[-73.12049450332538,-36.84546776846411],[-73.12030460109213,-36.84573215138198],[-73.12013041264647,-36.84628893027729],[-73.12000157672611,-36.847418300479404],[-73.11986767978361,-36.84763972609889],[-73.11962891174065,-36.847401943547375]]]}},{"type":"Feature","properties":{"comuna":"SanPedroDeLaPaz","zona":"ZH-6","zona_code":"ZH-6","nombre":"ZH-6 Zona residencial","decreto":"Publicacion PRC San Pedro de la Paz. Decreto Alc. N°310. Fecha de promulgacion 10.03.2011. Fecha de publicacion D.O. 24.03.2011."},"geometry":{"type":"Polygon","coordinates":[[[-73.11939314273242,-36.84762690503436],[-73.11957495764679,-36.84789010024989],[-73.11894495463383,-36.84824006348309],[-73.11825238412877,-36.84837541774455],[-73.11762063906939,-36.8482860208163],[-73.11684012074674,-36.84841270085044],[-73.11542281363042,-36.849170779982785],[-73.11447323112951,-36.84804951295398],[-73.11466906855375,-36.84803100531703],[-73.11556431815465,-36.84895495402235],[-73.11705595360084,-36.84822358908511],[-73.1187415766811,-36.8481182274284],[-73.11939314273242,-36.84762690503436]]]}},{"type":"Feature","properties":{"comuna":"SanPedroDeLaPaz","zona":"ZRI-2","zona_code":"ZRI-2","nombre":"ZRI-2 Zona de riesgo de inundacion","decreto":"Publicacion PRC San Pedro de la Paz. Decreto Alc. N°310. Fecha de promulgacion 10.03.2011. Fecha de publicacion D.O. 24.03.2011."},"geometry":{"type":"Polygon","coordinates":[[[-73.13467305651184,-36.90745871786769],[-73.13207493739597,-36.90798281545427],[-73.13070762177564,-36.90481982687955],[-73.12916437168536,-36.90190901299737],[-73.12948732197385,-36.90167513538932],[-73.13019963795324,-36.90162689819587],[-73.13052637407668,-36.90146319120392],[-73.13060115855194,-36.90095673057455],[-73.13086648372348,-36.90073657417322],[-73.13069003094022,-36.89936004289701],[-73.1299898572895,-36.89882198081078],[-73.12977470623186,-36.89807954611988],[-73.13097547073446,-36.89789126233826],[-73.13124434890794,-36.899358313786244],[-73.13164335535035,-36.90080325509686],[-73.13467305651184,-36.90745871786769]]]}},{"type":"Feature","properties":{"comuna":"SanPedroDeLaPaz","zona":"ZRI-2","zona_code":"ZRI-2","nombre":"ZRI-2 Zona de riesgo de inundacion","decreto":"Publicacion PRC San Pedro de la Paz. Decreto Alc. N°310. Fecha de promulgacion 10.03.2011. Fecha de publicacion D.O. 24.03.2011."},"geometry":{"type":"Polygon","coordinates":[[[-73.13093434926192,-36.8976700605125],[-73.12970256991898,-36.89782427045557],[-73.12937005034443,-36.8966640873953],[-73.12949920910948,-36.8947320451576],[-73.12934699013981,-36.894479557725674],[-73.1292280880475,-36.893763064302476],[-73.12923395307003,-36.89279029928215],[-73.12972224656968,-36.891701139426935],[-73.13093434926192,-36.8976700605125]]]}},{"type":"Feature","properties":{"comuna":"SanPedroDeLaPaz","zona":"ZRI-2","zona_code":"ZRI-2","nombre":"ZRI-2 Zona de riesgo de inundacion","decreto":"Publicacion PRC San Pedro de la Paz. Decreto Alc. N°310. Fecha de promulgacion 10.03.2011. Fecha de publicacion D.O. 24.03.2011."},"geometry":{"type":"Polygon","coordinates":[[[-73.12942999680506,-36.89034035386444],[-73.12873246745274,-36.88971430667004],[-73.1283917066094,-36.88894108740253],[-73.12801986302931,-36.888538052361056],[-73.12798351372864,-36.88826981234908],[-73.12816149511136,-36.887783196112856],[-73.12802766714098,-36.88746561917599],[-73.1276529678986,-36.88714470544521],[-73.12739067993054,-36.886608962670024],[-73.12745284082156,-36.886003342140384],[-73.12688801359056,-36.88526720717348],[-73.12682134833352,-36.88470708055409],[-73.12709904090629,-36.88417598558914],[-73.12816125705639,-36.8841273086548],[-73.12942999680506,-36.89034035386444]]]}},{"type":"Feature","properties":{"comuna":"SanPedroDeLaPaz","zona":"ZRI-2","zona_code":"ZRI-2","nombre":"ZRI-2 Zona de riesgo de inundacion","decreto":"Publicacion PRC San Pedro de la Paz. Decreto Alc. N°310. Fecha de promulgacion 10.03.2011. Fecha de publicacion D.O. 24.03.2011."},"geometry":{"type":"Polygon","coordinates":[[[-73.12806443947463,-36.88395491348675],[-73.12694841475685,-36.884020107910324],[-73.12670495785142,-36.88430687142608],[-73.12669945868699,-36.883393088384686],[-73.12643246411038,-36.88276962348096],[-73.12652642134279,-36.88153600528494],[-73.12689183528856,-36.88073821355023],[-73.12687745289833,-36.87993019746493],[-73.12731960328341,-36.87987966264463],[-73.12806443947463,-36.88395491348675]]]}},{"type":"Feature","properties":{"comuna":"SanPedroDeLaPaz","zona":"ZE-3","zona_code":"ZE-3","nombre":"ZE-3 Zona de equipamiento de esparcimiento","decreto":"Publicacion PRC San Pedro de la Paz. Decreto Alc. N°310. Fecha de promulgacion 10.03.2011. Fecha de publicacion D.O. 24.03.2011."},"geometry":{"type":"Polygon","coordinates":[[[-73.12486327234546,-36.836973021683896],[-73.12462899964763,-36.83763149421178],[-73.12436164953101,-36.837573408164204],[-73.12449995183123,-36.8368101472932],[-73.12486327234546,-36.836973021683896]]]}},{"type":"Feature","properties":{"comuna":"SanPedroDeLaPaz","zona":"ZE-3","zona_code":"ZE-3","nombre":"ZE-3 Zona de equipamiento de esparcimiento","decreto":"Publicacion PRC San Pedro de la Paz. Decreto Alc. N°310. Fecha de promulgacion 10.03.2011. Fecha de publicacion D.O. 24.03.2011."},"geometry":{"type":"Polygon","coordinates":[[[-73.12453210230954,-36.83666255876981],[-73.12616691949387,-36.82967153844349],[-73.12645609455548,-36.82935682533151],[-73.12955532798019,-36.82817101422655],[-73.13091926800347,-36.8275142357771],[-73.1322377940983,-36.82615010489828],[-73.13481447374187,-36.82419726930932],[-73.13503970226553,-36.823914059153914],[-73.13508150416739,-36.82360794412925],[-73.13475214603359,-36.82263513461719],[-73.13509504779523,-36.822608542726705],[-73.13541112316722,-36.82360524916938],[-73.13535918815374,-36.82399374053689],[-73.13515925008498,-36.824340518078394],[-73.13244974848524,-36.82626283189068],[-73.12814789791912,-36.830830082845935],[-73.12684877021331,-36.83242199163651],[-73.12538599425466,-36.835308519874886],[-73.12486995861255,-36.836826318406494],[-73.12453210230954,-36.83666255876981]]]}},{"type":"Feature","properties":{"comuna":"SanPedroDeLaPaz","zona":"ZH-6","zona_code":"ZH-6","nombre":"ZH-6 Zona residencial","decreto":"Publicacion PRC San Pedro de la Paz. Decreto Alc. N°310. Fecha de promulgacion 10.03.2011. Fecha de publicacion D.O. 24.03.2011."},"geometry":{"type":"Polygon","coordinates":[[[-73.12290840722514,-36.839284881232885],[-73.12196586256887,-36.8399210810047],[-73.12187913869026,-36.84007056434524],[-73.1218104236583,-36.840283868770136],[-73.12187626402151,-36.841101819699276],[-73.12172513540271,-36.84086685665614],[-73.12166396677458,-36.84027137902914],[-73.12152478609067,-36.84025863547152],[-73.1216570938903,-36.840957102220834],[-73.12198845458293,-36.84142601901929],[-73.12208901825161,-36.842482976018715],[-73.12136818492432,-36.84382039068356],[-73.12134276356461,-36.84416108701006],[-73.12105589451289,-36.84492683860623],[-73.12070052933933,-36.845232120390165],[-73.1200740570009,-36.84551166019534],[-73.11993921971593,-36.84571554208271],[-73.11968844697616,-36.84633942671101],[-73.11966413142285,-36.84710777896425],[-73.11952866146866,-36.847299964551304],[-73.11792848302922,-36.845501175096786],[-73.11904993072835,-36.844258264923106],[-73.11954813639825,-36.84349103949167],[-73.12004270389265,-36.84224937283289],[-73.12013619745507,-36.84086929835856],[-73.1201894707223,-36.84050420117086],[-73.12029640679023,-36.84045947677926],[-73.12020506051641,-36.84025172933206],[-73.12141345102735,-36.84022149035374],[-73.12148197053865,-36.8391908840871],[-73.12290840722514,-36.839284881232885]]]}},{"type":"Feature","properties":{"comuna":"SanPedroDeLaPaz","zona":"ZH-6","zona_code":"ZH-6","nombre":"ZH-6 Zona residencial","decreto":"Publicacion PRC San Pedro de la Paz. Decreto Alc. N°310. Fecha de promulgacion 10.03.2011. Fecha de publicacion D.O. 24.03.2011."},"geometry":{"type":"Polygon","coordinates":[[[-73.1193302183078,-36.847541206880194],[-73.11859735467965,-36.84801191559328],[-73.11733539010685,-36.84799711682376],[-73.1167592415022,-36.8481284228552],[-73.11555615413401,-36.84880290755256],[-73.11477130924042,-36.847898565608034],[-73.11437141756544,-36.84791828924368],[-73.1133248226534,-36.84661875049839],[-73.11335112787927,-36.846327824701284],[-73.11316833898663,-36.84618183054353],[-73.11320383872761,-36.84602826981106],[-73.11237728578578,-36.84584013659771],[-73.11176670060175,-36.84519338262195],[-73.11136374800842,-36.84501985977871],[-73.11124111946908,-36.84477217647263],[-73.11130967872272,-36.84428351608743],[-73.11326287934317,-36.84413967119017],[-73.11329882750597,-36.84440207412623],[-73.11375591414466,-36.84439575138616],[-73.11537095245876,-36.84430094332972],[-73.11577815467552,-36.8441462093207],[-73.11631150676361,-36.84416872331918],[-73.11746914028713,-36.84549953647817],[-73.117222901564,-36.845801021906986],[-73.1173543182849,-36.8458726278529],[-73.11758930322588,-36.84563305011076],[-73.11768687837393,-36.845685324231944],[-73.1193302183078,-36.847541206880194]],[[-73.11729718146351,-36.84596249277114],[-73.11719945030319,-36.845907294653344],[-73.11673240807669,-36.8461695690199],[-73.11631749914432,-36.8465882209032],[-73.1151219646671,-36.84740305174322],[-73.11469867666956,-36.84739429300634],[-73.11463972484586,-36.84765412633261],[-73.1148829861894,-36.84770428035557],[-73.11507411321047,-36.84759805308642],[-73.11729718146351,-36.84596249277114]]]}},{"type":"Feature","properties":{"comuna":"SanPedroDeLaPaz","zona":"AV","zona_code":"AV","nombre":"AV Area verde","decreto":"Publicacion PRC San Pedro de la Paz. Decreto Alc. N°310. Fecha de promulgacion 10.03.2011. Fecha de publicacion D.O. 24.03.2011."},"geometry":{"type":"Polygon","coordinates":[[[-73.11729718146351,-36.84596249277114],[-73.11507411321047,-36.84759805308642],[-73.1148829861894,-36.84770428035557],[-73.11463972484586,-36.84765412633261],[-73.11469867666956,-36.84739429300634],[-73.1151219646671,-36.84740305174322],[-73.11631749914432,-36.8465882209032],[-73.11673240807669,-36.8461695690199],[-73.11719945030319,-36.845907294653344],[-73.11729718146351,-36.84596249277114]]]}},{"type":"Feature","properties":{"comuna":"SanPedroDeLaPaz","zona":"AV","zona_code":"AV","nombre":"AV Area verde","decreto":"Publicacion PRC San Pedro de la Paz. Decreto Alc. N°310. Fecha de promulgacion 10.03.2011. Fecha de publicacion D.O. 24.03.2011."},"geometry":{"type":"Polygon","coordinates":[[[-73.117222901564,-36.845801021906986],[-73.11746914028713,-36.84549953647817],[-73.11683103686835,-36.84474830560078],[-73.11645828507511,-36.84418706814543],[-73.11654340005657,-36.84414310372574],[-73.1176599441133,-36.84538745736564],[-73.1174169775672,-36.84581772459228],[-73.1173543182849,-36.8458726278529],[-73.117222901564,-36.845801021906986]]]}},{"type":"Feature","properties":{"comuna":"SanPedroDeLaPaz","zona":"ZE-3","zona_code":"ZE-3","nombre":"ZE-3 Zona de equipamiento de esparcimiento","decreto":"Publicacion PRC San Pedro de la Paz. Decreto Alc. N°310. Fecha de promulgacion 10.03.2011. Fecha de publicacion D.O. 24.03.2011."},"geometry":{"type":"Polygon","coordinates":[[[-73.12030460109213,-36.84573215138198],[-73.12105589451289,-36.84492683860623],[-73.12134276356461,-36.84416108701006],[-73.12136818492432,-36.84382039068356],[-73.12208901825161,-36.842482976018715],[-73.12198845458293,-36.84142601901929],[-73.1216570938903,-36.840957102220834],[-73.12152478609067,-36.84025863547152],[-73.12166396677458,-36.84027137902914],[-73.12172513540271,-36.84086685665614],[-73.12187626402151,-36.841101819699276],[-73.1218104236583,-36.840283868770136],[-73.12196586256887,-36.8399210810047],[-73.12290840722514,-36.839284881232885],[-73.124013722012,-36.83801612326392],[-73.12445108168951,-36.83811810197762],[-73.12343784076717,-36.839336794278736],[-73.12228740570545,-36.84017356142419],[-73.12221249647145,-36.84094952980304],[-73.12250506361481,-36.8420525469197],[-73.12243015613109,-36.84282851614995],[-73.12186865676769,-36.843773715588306],[-73.12156585037326,-36.84492084761296],[-73.12064240341219,-36.845913764163825],[-73.12050558742087,-36.84635206908513],[-73.12048249139438,-36.84727856821755],[-73.12028683395094,-36.847707198319625],[-73.11986767978361,-36.84763972609889],[-73.12008804451467,-36.847128215600016],[-73.12020358369948,-36.846022741849644],[-73.12030460109213,-36.84573215138198]]]}},{"type":"Feature","properties":{"comuna":"SanPedroDeLaPaz","zona":"AV","zona_code":"AV","nombre":"AV Area verde","decreto":"Publicacion PRC San Pedro de la Paz. Decreto Alc. N°310. Fecha de promulgacion 10.03.2011. Fecha de publicacion D.O. 24.03.2011."},"geometry":{"type":"Polygon","coordinates":[[[-73.11437141756544,-36.84791828924368],[-73.11477130924042,-36.847898565608034],[-73.11555615413401,-36.84880290755256],[-73.1170459030802,-36.84803645471258],[-73.11859735467965,-36.84801191559328],[-73.1193302183078,-36.847541206880194],[-73.11768687837393,-36.845685324231944],[-73.11791482178272,-36.84565397911028],[-73.1194177396763,-36.84740634438708],[-73.11966413142285,-36.84710777896425],[-73.11968844697616,-36.84633942671101],[-73.11993921971593,-36.84571554208271],[-73.1200740570009,-36.84551166019534],[-73.12070052933933,-36.845232120390165],[-73.12049450332538,-36.84546776846411],[-73.12013980982817,-36.84564998984966],[-73.11996760147085,-36.84597234615296],[-73.11973208497525,-36.84728704413378],[-73.11903870207944,-36.847949726050466],[-73.1187415766811,-36.8481182274284],[-73.11705595360084,-36.84822358908511],[-73.11556431815465,-36.84895495402235],[-73.11466906855375,-36.84803100531703],[-73.11447323112951,-36.84804951295398],[-73.11437141756544,-36.84791828924368]]]}},{"type":"Feature","properties":{"comuna":"SanPedroDeLaPaz","zona":"AV","zona_code":"AV","nombre":"AV Area verde","decreto":"Publicacion PRC San Pedro de la Paz. Decreto Alc. N°310. Fecha de promulgacion 10.03.2011. Fecha de publicacion D.O. 24.03.2011."},"geometry":{"type":"Polygon","coordinates":[[[-73.11702919479778,-36.84443384159907],[-73.11648338815424,-36.843907901800605],[-73.11724925846511,-36.84391648725784],[-73.1176052079986,-36.84375766579879],[-73.11781092478306,-36.8435161754201],[-73.11812342055963,-36.84281984699974],[-73.11789917369855,-36.84271630960859],[-73.11754453725088,-36.84276376750752],[-73.11733704221783,-36.843515040742254],[-73.11687514540141,-36.84360137066188],[-73.11501590113201,-36.84305067134726],[-73.11456955459035,-36.8430192757796],[-73.11455682794448,-36.84318962415097],[-73.11626196584942,-36.84385699320681],[-73.11573808937288,-36.84387516199614],[-73.11429597399405,-36.8436263638814],[-73.1145275255103,-36.84291527347169],[-73.11598340262003,-36.84274175471795],[-73.11600355079398,-36.84298126964827],[-73.11628532105334,-36.84320585057676],[-73.11673041332958,-36.84321384748195],[-73.11715278702503,-36.84307030019033],[-73.11729584647284,-36.84288371388055],[-73.11732536992992,-36.84261904125438],[-73.11830950466651,-36.84262004762535],[-73.11824664410817,-36.84321397275862],[-73.11797597170559,-36.84373894337196],[-73.11737153769403,-36.844293070725364],[-73.11702919479778,-36.84443384159907]]]}},{"type":"Feature","properties":{"comuna":"SanPedroDeLaPaz","zona":"AV","zona_code":"AV","nombre":"AV Area verde","decreto":"Publicacion PRC San Pedro de la Paz. Decreto Alc. N°310. Fecha de promulgacion 10.03.2011. Fecha de publicacion D.O. 24.03.2011."},"geometry":{"type":"Polygon","coordinates":[[[-73.1156566867758,-36.844124057578824],[-73.11551289175414,-36.84416126738739],[-73.11541835772432,-36.84402979223096],[-73.11565341749272,-36.843995276197965],[-73.1156566867758,-36.844124057578824]]]}},{"type":"Feature","properties":{"comuna":"SanPedroDeLaPaz","zona":"AV","zona_code":"AV","nombre":"AV Area verde","decreto":"Publicacion PRC San Pedro de la Paz. Decreto Alc. N°310. Fecha de promulgacion 10.03.2011. Fecha de publicacion D.O. 24.03.2011."},"geometry":{"type":"Polygon","coordinates":[[[-73.11537095245876,-36.84430094332972],[-73.11470387894379,-36.84433359404703],[-73.11472971615066,-36.844203803438766],[-73.11531340149547,-36.84414548256267],[-73.11537095245876,-36.84430094332972]]]}},{"type":"Feature","properties":{"comuna":"SanPedroDeLaPaz","zona":"AV","zona_code":"AV","nombre":"AV Area verde","decreto":"Publicacion PRC San Pedro de la Paz. Decreto Alc. N°310. Fecha de promulgacion 10.03.2011. Fecha de publicacion D.O. 24.03.2011."},"geometry":{"type":"Polygon","coordinates":[[[-73.11375591414466,-36.84439575138616],[-73.11376039535787,-36.84427548978745],[-73.11461028680088,-36.84421966133983],[-73.1145879323351,-36.844346402998205],[-73.11375591414466,-36.84439575138616]]]}},{"type":"Feature","properties":{"comuna":"SanPedroDeLaPaz","zona":"ZE-1","zona_code":"ZE-1","nombre":"ZE-1 Zona de equipamiento mixto","decreto":"Publicacion PRC San Pedro de la Paz. Decreto Alc. N°310. Fecha de promulgacion 10.03.2011. Fecha de publicacion D.O. 24.03.2011."},"geometry":{"type":"Polygon","coordinates":[[[-73.11326287934317,-36.84413967119017],[-73.11130967872272,-36.84428351608743],[-73.1113573031285,-36.844084129492174],[-73.11185847730407,-36.84391443602713],[-73.11161761155599,-36.843500942738984],[-73.11154911659953,-36.84317521942238],[-73.11197557957661,-36.84310771507527],[-73.11266166063552,-36.84325970755007],[-73.11300351373957,-36.84351736824444],[-73.11326287934317,-36.84413967119017]]]}},{"type":"Feature","properties":{"comuna":"SanPedroDeLaPaz","zona":"ZM-1","zona_code":"ZM-1","nombre":"ZM-1 Zona mixta","decreto":"Publicacion PRC San Pedro de la Paz. Decreto Alc. N°310. Fecha de promulgacion 10.03.2011. Fecha de publicacion D.O. 24.03.2011."},"geometry":{"type":"Polygon","coordinates":[[[-73.124013722012,-36.83801612326392],[-73.12290840722514,-36.839284881232885],[-73.12148197053865,-36.8391908840871],[-73.12141345102735,-36.84022149035374],[-73.12020506051641,-36.84025172933206],[-73.12030434852801,-36.83925081369763],[-73.12008729074604,-36.83765302518324],[-73.12192195462059,-36.83761275750443],[-73.12327320637628,-36.83780017448337],[-73.124013722012,-36.83801612326392]]]}},{"type":"Feature","properties":{"comuna":"SanPedroDeLaPaz","zona":"ZM-1","zona_code":"ZM-1","nombre":"ZM-1 Zona mixta","decreto":"Publicacion PRC San Pedro de la Paz. Decreto Alc. N°310. Fecha de promulgacion 10.03.2011. Fecha de publicacion D.O. 24.03.2011."},"geometry":{"type":"Polygon","coordinates":[[[-73.11993086898111,-36.83765845552317],[-73.12002909736157,-36.83894399172212],[-73.11998558780361,-36.8403047539633],[-73.11931371134727,-36.840281204953875],[-73.11936067154261,-36.83817039029875],[-73.11542095317648,-36.83837444261419],[-73.11559845983531,-36.83787907266385],[-73.11993086898111,-36.83765845552317]]]}},{"type":"Feature","properties":{"comuna":"SanPedroDeLaPaz","zona":"ZM-1","zona_code":"ZM-1","nombre":"ZM-1 Zona mixta","decreto":"Publicacion PRC San Pedro de la Paz. Decreto Alc. N°310. Fecha de promulgacion 10.03.2011. Fecha de publicacion D.O. 24.03.2011."},"geometry":{"type":"Polygon","coordinates":[[[-73.11539600068664,-36.83790952886111],[-73.115247124383,-36.83839511703254],[-73.1075085176447,-36.838780366921306],[-73.10749769506717,-36.838306172628755],[-73.11539600068664,-36.83790952886111]]]}},{"type":"Feature","properties":{"comuna":"SanPedroDeLaPaz","zona":"ZM-1","zona_code":"ZM-1","nombre":"ZM-1 Zona mixta","decreto":"Publicacion PRC San Pedro de la Paz. Decreto Alc. N°310. Fecha de promulgacion 10.03.2011. Fecha de publicacion D.O. 24.03.2011."},"geometry":{"type":"Polygon","coordinates":[[[-73.1071484654618,-36.838318258175875],[-73.10718901541638,-36.83880314157825],[-73.10185968628909,-36.83905775327768],[-73.10107340309398,-36.84043832781016],[-73.10057895676098,-36.840461270733336],[-73.10160246340811,-36.83860964923973],[-73.1071484654618,-36.838318258175875]]]}},{"type":"Feature","properties":{"comuna":"SanPedroDeLaPaz","zona":"ZM-1","zona_code":"ZM-1","nombre":"ZM-1 Zona mixta","decreto":"Publicacion PRC San Pedro de la Paz. Decreto Alc. N°310. Fecha de promulgacion 10.03.2011. Fecha de publicacion D.O. 24.03.2011."},"geometry":{"type":"Polygon","coordinates":[[[-73.10101542690387,-36.840580944053166],[-73.09915491509499,-36.843820734349876],[-73.09860192325452,-36.84383983363827],[-73.10049156325807,-36.84059904421007],[-73.10101542690387,-36.840580944053166]]]}},{"type":"Feature","properties":{"comuna":"SanPedroDeLaPaz","zona":"ZM-1","zona_code":"ZM-1","nombre":"ZM-1 Zona mixta","decreto":"Publicacion PRC San Pedro de la Paz. Decreto Alc. N°310. Fecha de promulgacion 10.03.2011. Fecha de publicacion D.O. 24.03.2011."},"geometry":{"type":"Polygon","coordinates":[[[-73.09899466973734,-36.844095778671075],[-73.09778386490564,-36.8462643678797],[-73.09730205606428,-36.846251708199965],[-73.09850622411926,-36.844095070410724],[-73.09899466973734,-36.844095778671075]]]}},{"type":"Feature","properties":{"comuna":"SanPedroDeLaPaz","zona":"ZM-1","zona_code":"ZM-1","nombre":"ZM-1 Zona mixta","decreto":"Publicacion PRC San Pedro de la Paz. Decreto Alc. N°310. Fecha de promulgacion 10.03.2011. Fecha de publicacion D.O. 24.03.2011."},"geometry":{"type":"Polygon","coordinates":[[[-73.10012568311116,-36.83989104146874],[-73.10050800844678,-36.84008875319029],[-73.09988607837302,-36.84113554384612],[-73.0994366173251,-36.84104560969745],[-73.10012568311116,-36.83989104146874]]]}},{"type":"Feature","properties":{"comuna":"SanPedroDeLaPaz","zona":"ZM-1","zona_code":"ZM-1","nombre":"ZM-1 Zona mixta","decreto":"Publicacion PRC San Pedro de la Paz. Decreto Alc. N°310. Fecha de promulgacion 10.03.2011. Fecha de publicacion D.O. 24.03.2011."},"geometry":{"type":"Polygon","coordinates":[[[-73.09940742973843,-36.84118137212097],[-73.09979172047791,-36.84127941736209],[-73.09828779531746,-36.84382724609638],[-73.09733585992738,-36.84388355017451],[-73.09597435633323,-36.8437782158617],[-73.09491801529657,-36.843381109520955],[-73.09506059858352,-36.8430480911726],[-73.09633709634454,-36.843472751454854],[-73.09803713792795,-36.84350194449886],[-73.09940742973843,-36.84118137212097]]]}},{"type":"Feature","properties":{"comuna":"SanPedroDeLaPaz","zona":"ZM-1","zona_code":"ZM-1","nombre":"ZM-1 Zona mixta","decreto":"Publicacion PRC San Pedro de la Paz. Decreto Alc. N°310. Fecha de promulgacion 10.03.2011. Fecha de publicacion D.O. 24.03.2011."},"geometry":{"type":"Polygon","coordinates":[[[-73.09823035143756,-36.84411631496786],[-73.09709237701651,-36.846147628645475],[-73.09680055703664,-36.845870617282365],[-73.0964010682513,-36.84576137033725],[-73.09615871382717,-36.84531860015057],[-73.09569092936107,-36.84515897854949],[-73.09526858740927,-36.845167693947],[-73.09485499188952,-36.84534015482407],[-73.09474999850538,-36.845285188848216],[-73.09482347837056,-36.84515961709822],[-73.0944131560166,-36.84471092110152],[-73.09483577086868,-36.84429793529935],[-73.09504652550956,-36.84373992680818],[-73.09609912203189,-36.84406685433809],[-73.09691303763123,-36.84415593766637],[-73.09823035143756,-36.84411631496786]]]}},{"type":"Feature","properties":{"comuna":"SanPedroDeLaPaz","zona":"ZM-1","zona_code":"ZM-1","nombre":"ZM-1 Zona mixta","decreto":"Publicacion PRC San Pedro de la Paz. Decreto Alc. N°310. Fecha de promulgacion 10.03.2011. Fecha de publicacion D.O. 24.03.2011."},"geometry":{"type":"Polygon","coordinates":[[[-73.09472583852279,-36.84360451916321],[-73.09455905230801,-36.844166868901624],[-73.09435013274903,-36.84434984366032],[-73.0902544382608,-36.84245802977033],[-73.0891215337286,-36.8421279570298],[-73.0895350056548,-36.84085990385073],[-73.08959226512309,-36.84002010694208],[-73.09047265257463,-36.8399897681056],[-73.09065250306763,-36.84103817253234],[-73.09088888152623,-36.841369842346445],[-73.09202782779275,-36.842086377159525],[-73.09296138074518,-36.842505320957926],[-73.09472583852279,-36.84360451916321]]]}},{"type":"Feature","properties":{"comuna":"SanPedroDeLaPaz","zona":"ZM-1","zona_code":"ZM-1","nombre":"ZM-1 Zona mixta","decreto":"Publicacion PRC San Pedro de la Paz. Decreto Alc. N°310. Fecha de promulgacion 10.03.2011. Fecha de publicacion D.O. 24.03.2011."},"geometry":{"type":"Polygon","coordinates":[[[-73.09488668735716,-36.8429310549521],[-73.09474628926237,-36.843305010277106],[-73.093147221277,-36.842299709217144],[-73.09173208294312,-36.8415985670314],[-73.09104852849897,-36.84108311115056],[-73.09093792794077,-36.84092287435776],[-73.09077207682127,-36.83890726829916],[-73.09557659681248,-36.83878844551738],[-73.09572726650643,-36.84051747988965],[-73.09410816729142,-36.84063779014048],[-73.0931832630877,-36.841882484392336],[-73.09488668735716,-36.8429310549521]]]}},{"type":"Feature","properties":{"comuna":"SanPedroDeLaPaz","zona":"ZM-1","zona_code":"ZM-1","nombre":"ZM-1 Zona mixta","decreto":"Publicacion PRC San Pedro de la Paz. Decreto Alc. N°310. Fecha de promulgacion 10.03.2011. Fecha de publicacion D.O. 24.03.2011."},"geometry":{"type":"Polygon","coordinates":[[[-73.09844355328492,-36.83869533818052],[-73.09935790976738,-36.83943713414015],[-73.09757752644158,-36.839539627046754],[-73.09739821850944,-36.83945793384344],[-73.09640205692693,-36.83950403756325],[-73.09622038295647,-36.83965092160357],[-73.095820524586,-36.839670580183636],[-73.09576514212927,-36.83877022149281],[-73.09844355328492,-36.83869533818052]]]}},{"type":"Feature","properties":{"comuna":"SanPedroDeLaPaz","zona":"ZM-4","zona_code":"ZM-4","nombre":"ZM-4 Zona mixta","decreto":"Publicacion PRC San Pedro de la Paz. Decreto Alc. N°310. Fecha de promulgacion 10.03.2011. Fecha de publicacion D.O. 24.03.2011."},"geometry":{"type":"Polygon","coordinates":[[[-73.10793144607928,-36.83878330617351],[-73.10805168691468,-36.83993920058227],[-73.1076069260089,-36.839937018167426],[-73.1075085176447,-36.838780366921306],[-73.10793144607928,-36.83878330617351]]]}},{"type":"Feature","properties":{"comuna":"SanPedroDeLaPaz","zona":"ZM-4","zona_code":"ZM-4","nombre":"ZM-4 Zona mixta","decreto":"Publicacion PRC San Pedro de la Paz. Decreto Alc. N°310. Fecha de promulgacion 10.03.2011. Fecha de publicacion D.O. 24.03.2011."},"geometry":{"type":"Polygon","coordinates":[[[-73.10718901541638,-36.83880314157825],[-73.10720058438842,-36.83935933431899],[-73.10672441699398,-36.839383134863816],[-73.10667971955256,-36.838820764843014],[-73.10718901541638,-36.83880314157825]]]}},{"type":"Feature","properties":{"comuna":"SanPedroDeLaPaz","zona":"ZM-4","zona_code":"ZM-4","nombre":"ZM-4 Zona mixta","decreto":"Publicacion PRC San Pedro de la Paz. Decreto Alc. N°310. Fecha de promulgacion 10.03.2011. Fecha de publicacion D.O. 24.03.2011."},"geometry":{"type":"Polygon","coordinates":[[[-73.10721244516276,-36.83951271921977],[-73.10726613903343,-36.83997078283696],[-73.10678308337918,-36.84000214596724],[-73.10675771222435,-36.83952845457146],[-73.10721244516276,-36.83951271921977]]]}},{"type":"Feature","properties":{"comuna":"SanPedroDeLaPaz","zona":"ZM-4","zona_code":"ZM-4","nombre":"ZM-4 Zona mixta","decreto":"Publicacion PRC San Pedro de la Paz. Decreto Alc. N°310. Fecha de promulgacion 10.03.2011. Fecha de publicacion D.O. 24.03.2011."},"geometry":{"type":"Polygon","coordinates":[[[-73.10804638695738,-36.840248439343874],[-73.10818557359377,-36.84148570224523],[-73.10772022853725,-36.841507668027255],[-73.10762470507143,-36.84026889348346],[-73.10804638695738,-36.840248439343874]]]}},{"type":"Feature","properties":{"comuna":"SanPedroDeLaPaz","zona":"ZM-4","zona_code":"ZM-4","nombre":"ZM-4 Zona mixta","decreto":"Publicacion PRC San Pedro de la Paz. Decreto Alc. N°310. Fecha de promulgacion 10.03.2011. Fecha de publicacion D.O. 24.03.2011."},"geometry":{"type":"Polygon","coordinates":[[[-73.10730519662587,-36.84029166917305],[-73.10737857393939,-36.84152535114201],[-73.10664746484693,-36.84162095835828],[-73.10279582482742,-36.843611434961915],[-73.10222194761124,-36.84364884904613],[-73.10220223354088,-36.843280420716496],[-73.10277485704896,-36.84321961437254],[-73.10617021650758,-36.84142069269657],[-73.10674985537644,-36.84121901200684],[-73.10686540118472,-36.84106268317417],[-73.1068534699111,-36.84029558312308],[-73.10730519662587,-36.84029166917305]]]}},{"type":"Feature","properties":{"comuna":"SanPedroDeLaPaz","zona":"ZM-4","zona_code":"ZM-4","nombre":"ZM-4 Zona mixta","decreto":"Publicacion PRC San Pedro de la Paz. Decreto Alc. N°310. Fecha de promulgacion 10.03.2011. Fecha de publicacion D.O. 24.03.2011."},"geometry":{"type":"Polygon","coordinates":[[[-73.10819641895566,-36.84162008078903],[-73.10828069301546,-36.84292076184128],[-73.10774992560013,-36.84281023841809],[-73.10773424055884,-36.8416331486421],[-73.10819641895566,-36.84162008078903]]]}},{"type":"Feature","properties":{"comuna":"SanPedroDeLaPaz","zona":"ZM-4","zona_code":"ZM-4","nombre":"ZM-4 Zona mixta","decreto":"Publicacion PRC San Pedro de la Paz. Decreto Alc. N°310. Fecha de promulgacion 10.03.2011. Fecha de publicacion D.O. 24.03.2011."},"geometry":{"type":"Polygon","coordinates":[[[-73.10759604913045,-36.84306749584857],[-73.10762564120374,-36.84334769764376],[-73.1060609670065,-36.84339598349368],[-73.1061053221554,-36.84327141218332],[-73.10759604913045,-36.84306749584857]]]}},{"type":"Feature","properties":{"comuna":"SanPedroDeLaPaz","zona":"ZM-4","zona_code":"ZM-4","nombre":"ZM-4 Zona mixta","decreto":"Publicacion PRC San Pedro de la Paz. Decreto Alc. N°310. Fecha de promulgacion 10.03.2011. Fecha de publicacion D.O. 24.03.2011."},"geometry":{"type":"Polygon","coordinates":[[[-73.10182070601363,-36.843302396552986],[-73.10184738064571,-36.84366472505614],[-73.09915491509499,-36.843820734349876],[-73.09937114425641,-36.84343390314952],[-73.10182070601363,-36.843302396552986]]]}},{"type":"Feature","properties":{"comuna":"SanPedroDeLaPaz","zona":"ZM-4","zona_code":"ZM-4","nombre":"ZM-4 Zona mixta","decreto":"Publicacion PRC San Pedro de la Paz. Decreto Alc. N°310. Fecha de promulgacion 10.03.2011. Fecha de publicacion D.O. 24.03.2011."},"geometry":{"type":"Polygon","coordinates":[[[-73.10070168948727,-36.8439826141743],[-73.10073273898503,-36.84442681621896],[-73.09873426797881,-36.84454272388847],[-73.09899466973734,-36.844095778671075],[-73.10070168948727,-36.8439826141743]]]}},{"type":"Feature","properties":{"comuna":"SanPedroDeLaPaz","zona":"ZM-4","zona_code":"ZM-4","nombre":"ZM-4 Zona mixta","decreto":"Publicacion PRC San Pedro de la Paz. Decreto Alc. N°310. Fecha de promulgacion 10.03.2011. Fecha de publicacion D.O. 24.03.2011."},"geometry":{"type":"Polygon","coordinates":[[[-73.10168763460511,-36.84391485403398],[-73.1049091011765,-36.84376832104155],[-73.10545030186391,-36.84448195990421],[-73.10573901318631,-36.844700467809716],[-73.10593609763977,-36.84470536757848],[-73.10616245594579,-36.844984620677835],[-73.10668095049984,-36.84500183338541],[-73.106663749098,-36.84522506501448],[-73.10607656405419,-36.84528639426918],[-73.10372962930911,-36.84679127864915],[-73.10363859858911,-36.84440986337077],[-73.10344378147411,-36.84431113993323],[-73.10171266615885,-36.84438269980665],[-73.10168763460511,-36.84391485403398]],[[-73.10464464056355,-36.846044852420604],[-73.10379154535109,-36.846109508217204],[-73.10379718736105,-36.846623429142355],[-73.10388131757777,-36.84666299676926],[-73.10447153905582,-36.84628372904633],[-73.10468738210258,-36.84612832725964],[-73.10464464056355,-36.846044852420604]]]}},{"type":"Feature","properties":{"comuna":"SanPedroDeLaPaz","zona":"AV","zona_code":"AV","nombre":"AV Area verde","decreto":"Publicacion PRC San Pedro de la Paz. Decreto Alc. N°310. Fecha de promulgacion 10.03.2011. Fecha de publicacion D.O. 24.03.2011."},"geometry":{"type":"Polygon","coordinates":[[[-73.10464464056355,-36.846044852420604],[-73.10468738210258,-36.84612832725964],[-73.10447153905582,-36.84628372904633],[-73.10388131757777,-36.84666299676926],[-73.10379718736105,-36.846623429142355],[-73.10379154535109,-36.846109508217204],[-73.10464464056355,-36.846044852420604]]]}},{"type":"Feature","properties":{"comuna":"SanPedroDeLaPaz","zona":"ZM-4","zona_code":"ZM-4","nombre":"ZM-4 Zona mixta","decreto":"Publicacion PRC San Pedro de la Paz. Decreto Alc. N°310. Fecha de promulgacion 10.03.2011. Fecha de publicacion D.O. 24.03.2011."},"geometry":{"type":"Polygon","coordinates":[[[-73.10739401302733,-36.84164345912284],[-73.10739926821495,-36.84187763201864],[-73.10751216739136,-36.841944031656794],[-73.1075266129875,-36.84275791442101],[-73.10592988321206,-36.84302408523516],[-73.1047876279162,-36.84347371943661],[-73.10316786771303,-36.8435824608499],[-73.1068147577904,-36.841716234863085],[-73.10739401302733,-36.84164345912284]]]}},{"type":"Feature","properties":{"comuna":"SanPedroDeLaPaz","zona":"ZH-7","zona_code":"ZH-7","nombre":"ZH-7 Zona residencial","decreto":"Publicacion PRC San Pedro de la Paz. Decreto Alc. N°310. Fecha de promulgacion 10.03.2011. Fecha de publicacion D.O. 24.03.2011."},"geometry":{"type":"Polygon","coordinates":[[[-73.10344378147411,-36.84431113993323],[-73.10363859858911,-36.84440986337077],[-73.10372962930911,-36.84679127864915],[-73.10312110643733,-36.846794742578375],[-73.10313206197705,-36.84699942478285],[-73.10246356577605,-36.847040111799494],[-73.1024262437094,-36.84647894953035],[-73.1011905000589,-36.84654509569893],[-73.10104626347105,-36.84439401221209],[-73.10344378147411,-36.84431113993323]]]}},{"type":"Feature","properties":{"comuna":"SanPedroDeLaPaz","zona":"ZH-7","zona_code":"ZH-7","nombre":"ZH-7 Zona residencial","decreto":"Publicacion PRC San Pedro de la Paz. Decreto Alc. N°310. Fecha de promulgacion 10.03.2011. Fecha de publicacion D.O. 24.03.2011."},"geometry":{"type":"Polygon","coordinates":[[[-73.10073273898503,-36.84442681621896],[-73.10081652775602,-36.84555029109775],[-73.0996627126289,-36.845648743652234],[-73.09975070010269,-36.84661241967844],[-73.10091399545901,-36.84655465149571],[-73.10103604955088,-36.8466558928968],[-73.1010624916919,-36.84687761710144],[-73.10176009502379,-36.846835931945165],[-73.10181642505832,-36.847343706860094],[-73.10204262300606,-36.84734760633465],[-73.1020572551985,-36.84721234637877],[-73.10233376212487,-36.84720278888652],[-73.10236670288145,-36.847682078604635],[-73.10159194104006,-36.84818928537988],[-73.10246208500858,-36.849055617243174],[-73.10230168430796,-36.849055302881816],[-73.10229370493742,-36.849723491444614],[-73.10254917527779,-36.850001745178446],[-73.10226131381042,-36.85048040596444],[-73.10207869041002,-36.8506097553001],[-73.1018894920658,-36.85061629555893],[-73.10112754791632,-36.84972864436697],[-73.10036731219608,-36.850235341970205],[-73.10003838834601,-36.84953778167072],[-73.09866384212617,-36.848372473854994],[-73.09772452822894,-36.8483931933215],[-73.09739881528903,-36.848164224972734],[-73.09724392605035,-36.84649392985749],[-73.09730205606428,-36.846251708199965],[-73.09778386490564,-36.8462643678797],[-73.09873426797881,-36.84454272388847],[-73.10073273898503,-36.84442681621896]]]}},{"type":"Feature","properties":{"comuna":"SanPedroDeLaPaz","zona":"AV","zona_code":"AV","nombre":"AV Area verde","decreto":"Publicacion PRC San Pedro de la Paz. Decreto Alc. N°310. Fecha de promulgacion 10.03.2011. Fecha de publicacion D.O. 24.03.2011."},"geometry":{"type":"Polygon","coordinates":[[[-73.10168763460511,-36.84391485403398],[-73.10171266615885,-36.84438269980665],[-73.10104626347105,-36.84439401221209],[-73.1011905000589,-36.84654509569893],[-73.1024262437094,-36.84647894953035],[-73.10246356577605,-36.847040111799494],[-73.10313206197705,-36.84699942478285],[-73.10312110643733,-36.846794742578375],[-73.10372962930911,-36.84679127864915],[-73.10236670288145,-36.847682078604635],[-73.10233376212487,-36.84720278888652],[-73.1020572551985,-36.84721234637877],[-73.10204262300606,-36.84734760633465],[-73.10181642505832,-36.847343706860094],[-73.10176009502379,-36.846835931945165],[-73.1010624916919,-36.84687761710144],[-73.10103604955088,-36.8466558928968],[-73.10091399545901,-36.84655465149571],[-73.10070168948727,-36.8439826141743],[-73.10168763460511,-36.84391485403398]]]}},{"type":"Feature","properties":{"comuna":"SanPedroDeLaPaz","zona":"ZE-1","zona_code":"ZE-1","nombre":"ZE-1 Zona de equipamiento mixto","decreto":"Publicacion PRC San Pedro de la Paz. Decreto Alc. N°310. Fecha de promulgacion 10.03.2011. Fecha de publicacion D.O. 24.03.2011."},"geometry":{"type":"Polygon","coordinates":[[[-73.10081652775602,-36.84555029109775],[-73.10091399545901,-36.84655465149571],[-73.09975070010269,-36.84661241967844],[-73.0996627126289,-36.845648743652234],[-73.10081652775602,-36.84555029109775]]]}},{"type":"Feature","properties":{"comuna":"SanPedroDeLaPaz","zona":"AV","zona_code":"AV","nombre":"AV Area verde","decreto":"Publicacion PRC San Pedro de la Paz. Decreto Alc. N°310. Fecha de promulgacion 10.03.2011. Fecha de publicacion D.O. 24.03.2011."},"geometry":{"type":"Polygon","coordinates":[[[-73.10184738064571,-36.84366472505614],[-73.10168948612832,-36.841599067188085],[-73.10206586120597,-36.84158312938658],[-73.10222194761124,-36.84364884904613],[-73.10184738064571,-36.84366472505614]]]}},{"type":"Feature","properties":{"comuna":"SanPedroDeLaPaz","zona":"AV","zona_code":"AV","nombre":"AV Area verde","decreto":"Publicacion PRC San Pedro de la Paz. Decreto Alc. N°310. Fecha de promulgacion 10.03.2011. Fecha de publicacion D.O. 24.03.2011."},"geometry":{"type":"Polygon","coordinates":[[[-73.10720058438842,-36.83935933431899],[-73.10721244516276,-36.83951271921977],[-73.10587085507557,-36.83957378586874],[-73.10588405413299,-36.84002446267436],[-73.10543690629106,-36.84004579027876],[-73.10541553985856,-36.83978287942087],[-73.10570973962864,-36.839763914602614],[-73.1057111016064,-36.8395851714894],[-73.1039759902042,-36.839648111536654],[-73.10397227189749,-36.83951055652116],[-73.10720058438842,-36.83935933431899]]]}},{"type":"Feature","properties":{"comuna":"SanPedroDeLaPaz","zona":"AV","zona_code":"AV","nombre":"AV Area verde","decreto":"Publicacion PRC San Pedro de la Paz. Decreto Alc. N°310. Fecha de promulgacion 10.03.2011. Fecha de publicacion D.O. 24.03.2011."},"geometry":{"type":"Polygon","coordinates":[[[-73.10976803451233,-36.83959415998532],[-73.10979622167021,-36.839848044674575],[-73.10923598968466,-36.839867442884845],[-73.10924418360251,-36.83961229817796],[-73.10976803451233,-36.83959415998532]]]}},{"type":"Feature","properties":{"comuna":"SanPedroDeLaPaz","zona":"AV","zona_code":"AV","nombre":"AV Area verde","decreto":"Publicacion PRC San Pedro de la Paz. Decreto Alc. N°310. Fecha de promulgacion 10.03.2011. Fecha de publicacion D.O. 24.03.2011."},"geometry":{"type":"Polygon","coordinates":[[[-73.11067501212169,-36.84012813095322],[-73.11069059583102,-36.84028285104273],[-73.11092056622417,-36.840289532458534],[-73.11095226669754,-36.840812803157945],[-73.11049768521241,-36.84083147725804],[-73.1104418740613,-36.84013034619046],[-73.11067501212169,-36.84012813095322]]]}},{"type":"Feature","properties":{"comuna":"SanPedroDeLaPaz","zona":"AV","zona_code":"AV","nombre":"AV Area verde","decreto":"Publicacion PRC San Pedro de la Paz. Decreto Alc. N°310. Fecha de promulgacion 10.03.2011. Fecha de publicacion D.O. 24.03.2011."},"geometry":{"type":"Polygon","coordinates":[[[-73.115247124383,-36.83839511703254],[-73.11522556974943,-36.83850278869826],[-73.11416942133944,-36.83855112163553],[-73.11417096998902,-36.83844414402754],[-73.115247124383,-36.83839511703254]]]}},{"type":"Feature","properties":{"comuna":"SanPedroDeLaPaz","zona":"AV","zona_code":"AV","nombre":"AV Area verde","decreto":"Publicacion PRC San Pedro de la Paz. Decreto Alc. N°310. Fecha de promulgacion 10.03.2011. Fecha de publicacion D.O. 24.03.2011."},"geometry":{"type":"Polygon","coordinates":[[[-73.11690058269875,-36.83830555022535],[-73.11691176937421,-36.83841208615486],[-73.11539227983197,-36.83848529038205],[-73.11542095317648,-36.83837444261419],[-73.11690058269875,-36.83830555022535]]]}},{"type":"Feature","properties":{"comuna":"SanPedroDeLaPaz","zona":"AV","zona_code":"AV","nombre":"AV Area verde","decreto":"Publicacion PRC San Pedro de la Paz. Decreto Alc. N°310. Fecha de promulgacion 10.03.2011. Fecha de publicacion D.O. 24.03.2011."},"geometry":{"type":"Polygon","coordinates":[[[-73.09770357399712,-36.84077296562451],[-73.09761296290806,-36.84098701422072],[-73.09666574866294,-36.84113103211109],[-73.09623034955924,-36.841304250422695],[-73.095981223053,-36.84155306329174],[-73.09555911031222,-36.842657384858114],[-73.09522606118693,-36.84256341722661],[-73.09567197215334,-36.84135867483159],[-73.0959037352586,-36.84105773113086],[-73.09770357399712,-36.84077296562451]]]}},{"type":"Feature","properties":{"comuna":"SanPedroDeLaPaz","zona":"AV","zona_code":"AV","nombre":"AV Area verde","decreto":"Publicacion PRC San Pedro de la Paz. Decreto Alc. N°310. Fecha de promulgacion 10.03.2011. Fecha de publicacion D.O. 24.03.2011."},"geometry":{"type":"Polygon","coordinates":[[[-73.10086121842657,-36.83875390573745],[-73.10073282331443,-36.83921533523537],[-73.10040877105335,-36.839425733734764],[-73.10000578852132,-36.8393869252872],[-73.09976710740533,-36.839149096863814],[-73.09978816433535,-36.838861283844274],[-73.10005682429077,-36.8387055313518],[-73.10086121842657,-36.83875390573745]]]}},{"type":"Feature","properties":{"comuna":"SanPedroDeLaPaz","zona":"AV","zona_code":"AV","nombre":"AV Area verde","decreto":"Publicacion PRC San Pedro de la Paz. Decreto Alc. N°310. Fecha de promulgacion 10.03.2011. Fecha de publicacion D.O. 24.03.2011."},"geometry":{"type":"Polygon","coordinates":[[[-73.10084210863847,-36.83948692724013],[-73.10066000773111,-36.83983010503788],[-73.10016451165669,-36.83976519881448],[-73.09954076471321,-36.83941470668193],[-73.09910224094014,-36.83905195422852],[-73.09913283653172,-36.838942507858455],[-73.0993832237617,-36.838922142282854],[-73.09972371134222,-36.83949627008589],[-73.10007837938736,-36.839653926721994],[-73.10045210377665,-36.8396908152643],[-73.10084210863847,-36.83948692724013]]]}},{"type":"Feature","properties":{"comuna":"SanPedroDeLaPaz","zona":"AV","zona_code":"AV","nombre":"AV Area verde","decreto":"Publicacion PRC San Pedro de la Paz. Decreto Alc. N°310. Fecha de promulgacion 10.03.2011. Fecha de publicacion D.O. 24.03.2011."},"geometry":{"type":"Polygon","coordinates":[[[-73.09937118716488,-36.83869699122954],[-73.09950094641671,-36.83890855539215],[-73.09917372993262,-36.83880414396941],[-73.09900157811222,-36.83897560340989],[-73.09869792011338,-36.83869827211652],[-73.09937118716488,-36.83869699122954]]]}},{"type":"Feature","properties":{"comuna":"SanPedroDeLaPaz","zona":"ZE-1","zona_code":"ZE-1","nombre":"ZE-1 Zona de equipamiento mixto","decreto":"Publicacion PRC San Pedro de la Paz. Decreto Alc. N°310. Fecha de promulgacion 10.03.2011. Fecha de publicacion D.O. 24.03.2011."},"geometry":{"type":"Polygon","coordinates":[[[-73.10893211961884,-36.84332737196291],[-73.10890993337871,-36.84468153846648],[-73.10833668005542,-36.84473067857892],[-73.10812274107862,-36.84427523386053],[-73.10798076471336,-36.843530213096386],[-73.10763534040419,-36.84347772165505],[-73.10759604913045,-36.84306749584857],[-73.10893211961884,-36.84332737196291]]]}},{"type":"Feature","properties":{"comuna":"SanPedroDeLaPaz","zona":"AV","zona_code":"AV","nombre":"AV Area verde","decreto":"Publicacion PRC San Pedro de la Paz. Decreto Alc. N°310. Fecha de promulgacion 10.03.2011. Fecha de publicacion D.O. 24.03.2011."},"geometry":{"type":"Polygon","coordinates":[[[-73.11770962603778,-36.84524365674415],[-73.11821678172343,-36.84491407501178],[-73.11932538256875,-36.84329664105198],[-73.11953581909083,-36.84266829964955],[-73.11969272257434,-36.84267164120824],[-73.1193955789921,-36.84338208745409],[-73.11845013921979,-36.844780011694056],[-73.11795271098146,-36.84532456938725],[-73.11780457115238,-36.84534875113504],[-73.11770962603778,-36.84524365674415]]]}},{"type":"Feature","properties":{"comuna":"SanPedroDeLaPaz","zona":"AV","zona_code":"AV","nombre":"AV Area verde","decreto":"Publicacion PRC San Pedro de la Paz. Decreto Alc. N°310. Fecha de promulgacion 10.03.2011. Fecha de publicacion D.O. 24.03.2011."},"geometry":{"type":"Polygon","coordinates":[[[-73.11957002274526,-36.84255872364856],[-73.1197640785642,-36.84216823303182],[-73.11976921619393,-36.84151772301322],[-73.11989014841377,-36.84125866526457],[-73.1199156747026,-36.8406484588577],[-73.11983600476931,-36.84052233008642],[-73.11994202194069,-36.84039268352305],[-73.12028473192653,-36.84037785788823],[-73.12029640679023,-36.84045947677926],[-73.11998136156886,-36.84051435441371],[-73.12000472389435,-36.841084781607364],[-73.11986546971552,-36.84215592508595],[-73.11980067598108,-36.842442328547016],[-73.11970541240682,-36.84256867132266],[-73.11957002274526,-36.84255872364856]]]}},{"type":"Feature","properties":{"comuna":"SanPedroDeLaPaz","zona":"ZH-7","zona_code":"ZH-7","nombre":"ZH-7 Zona residencial","decreto":"Publicacion PRC San Pedro de la Paz. Decreto Alc. N°310. Fecha de promulgacion 10.03.2011. Fecha de publicacion D.O. 24.03.2011."},"geometry":{"type":"Polygon","coordinates":[[[-73.11936067154261,-36.83817039029875],[-73.11931371134727,-36.840281204953875],[-73.11998558780361,-36.8403047539633],[-73.11983600476931,-36.84052233008642],[-73.1199156747026,-36.8406484588577],[-73.11989014841377,-36.84125866526457],[-73.11976921619393,-36.84151772301322],[-73.1197640785642,-36.84216823303182],[-73.11957002274526,-36.84255872364856],[-73.11970541240682,-36.84256867132266],[-73.11969272257434,-36.84267164120824],[-73.11953581909083,-36.84266829964955],[-73.11932538256875,-36.84329664105198],[-73.11886371225435,-36.84406552637738],[-73.11821678172343,-36.84491407501178],[-73.11783277166053,-36.845229130878664],[-73.11770962603778,-36.84524365674415],[-73.11702919479778,-36.84443384159907],[-73.11737153769403,-36.844293070725364],[-73.11797597170559,-36.84373894337196],[-73.11824664410817,-36.84321397275862],[-73.11830950466651,-36.84262004762535],[-73.11732536992992,-36.84261904125438],[-73.11729584647284,-36.84288371388055],[-73.11715278702503,-36.84307030019033],[-73.11673041332958,-36.84321384748195],[-73.11628532105334,-36.84320585057676],[-73.11600355079398,-36.84298126964827],[-73.11598340262003,-36.84274175471795],[-73.1145275255103,-36.84291527347169],[-73.11429597399405,-36.8436263638814],[-73.11541448995932,-36.8438219368182],[-73.11524978446737,-36.84402977870308],[-73.11361423285184,-36.84411577537247],[-73.1132453920919,-36.84335519023878],[-73.11284915576725,-36.84303496714621],[-73.11239020035526,-36.842904400042244],[-73.11193438377065,-36.842832310546775],[-73.10983430621256,-36.843227291978934],[-73.10828069301546,-36.84292076184128],[-73.10819641895566,-36.84162008078903],[-73.11159241226079,-36.84148490309198],[-73.11166052903015,-36.841939533813445],[-73.11436685042419,-36.84183988543028],[-73.11539227983197,-36.83848529038205],[-73.11936067154261,-36.83817039029875]],[[-73.11001033683817,-36.84195568063878],[-73.10973748998578,-36.84196512971048],[-73.10974567294863,-36.84204979901685],[-73.10874933827058,-36.84209308474069],[-73.10879240940561,-36.84262475044943],[-73.10963642581926,-36.842595527900876],[-73.10964242318144,-36.84229944696083],[-73.11002347193181,-36.84226867556925],[-73.11001033683817,-36.84195568063878]]]}},{"type":"Feature","properties":{"comuna":"SanPedroDeLaPaz","zona":"AV","zona_code":"AV","nombre":"AV Area verde","decreto":"Publicacion PRC San Pedro de la Paz. Decreto Alc. N°310. Fecha de promulgacion 10.03.2011. Fecha de publicacion D.O. 24.03.2011."},"geometry":{"type":"Polygon","coordinates":[[[-73.11001033683817,-36.84195568063878],[-73.11002347193181,-36.84226867556925],[-73.10964242318144,-36.84229944696083],[-73.10963642581926,-36.842595527900876],[-73.10879240940561,-36.84262475044943],[-73.10874933827058,-36.84209308474069],[-73.10974567294863,-36.84204979901685],[-73.10973748998578,-36.84196512971048],[-73.11001033683817,-36.84195568063878]]]}},{"type":"Feature","properties":{"comuna":"SanPedroDeLaPaz","zona":"ZH-7","zona_code":"ZH-7","nombre":"ZH-7 Zona residencial","decreto":"Publicacion PRC San Pedro de la Paz. Decreto Alc. N°310. Fecha de promulgacion 10.03.2011. Fecha de publicacion D.O. 24.03.2011."},"geometry":{"type":"Polygon","coordinates":[[[-73.11485475035676,-36.839725499163364],[-73.11426109450183,-36.84170293871277],[-73.11178917483917,-36.84182375890624],[-73.11175555408073,-36.84133277955689],[-73.10818557359377,-36.84148570224523],[-73.10804638695738,-36.840248439343874],[-73.1104418740613,-36.84013034619046],[-73.11049768521241,-36.84083147725804],[-73.11095226669754,-36.840812803157945],[-73.11092056622417,-36.840289532458534],[-73.11069059583102,-36.84028285104273],[-73.11067501212169,-36.84012813095322],[-73.11406572093097,-36.83996377209496],[-73.11418570119592,-36.83975455319453],[-73.11485475035676,-36.839725499163364]]]}},{"type":"Feature","properties":{"comuna":"SanPedroDeLaPaz","zona":"ZH-7","zona_code":"ZH-7","nombre":"ZH-7 Zona residencial","decreto":"Publicacion PRC San Pedro de la Paz. Decreto Alc. N°310. Fecha de promulgacion 10.03.2011. Fecha de publicacion D.O. 24.03.2011."},"geometry":{"type":"Polygon","coordinates":[[[-73.11522556974943,-36.83850278869826],[-73.11489814822173,-36.839583382766705],[-73.10979622167021,-36.839848044674575],[-73.10976803451233,-36.83959415998532],[-73.10924418360251,-36.83961229817796],[-73.10923598968466,-36.839867442884845],[-73.10805168691468,-36.83993920058227],[-73.10793144607928,-36.83878330617351],[-73.11154351391657,-36.838584994958204],[-73.11154893803878,-36.83873713709317],[-73.11217559748538,-36.83869931433389],[-73.1121613121815,-36.8385518733941],[-73.11223422533092,-36.83855227624793],[-73.11224463689842,-36.83869545816296],[-73.11283665790057,-36.83865736743074],[-73.11282307733944,-36.83852308452718],[-73.11417096998902,-36.83844414402754],[-73.11416942133944,-36.83855112163553],[-73.11522556974943,-36.83850278869826]],[[-73.1114574103259,-36.839137246236795],[-73.10816814463682,-36.83930680614383],[-73.10816744946744,-36.83942986601727],[-73.11145998056227,-36.83938908853603],[-73.1114574103259,-36.839137246236795]]]}},{"type":"Feature","properties":{"comuna":"SanPedroDeLaPaz","zona":"AV","zona_code":"AV","nombre":"AV Area verde","decreto":"Publicacion PRC San Pedro de la Paz. Decreto Alc. N°310. Fecha de promulgacion 10.03.2011. Fecha de publicacion D.O. 24.03.2011."},"geometry":{"type":"Polygon","coordinates":[[[-73.11282307733944,-36.83852308452718],[-73.11283665790057,-36.83865736743074],[-73.11224463689842,-36.83869545816296],[-73.11223422533092,-36.83855227624793],[-73.11282307733944,-36.83852308452718]]]}},{"type":"Feature","properties":{"comuna":"SanPedroDeLaPaz","zona":"AV","zona_code":"AV","nombre":"AV Area verde","decreto":"Publicacion PRC San Pedro de la Paz. Decreto Alc. N°310. Fecha de promulgacion 10.03.2011. Fecha de publicacion D.O. 24.03.2011."},"geometry":{"type":"Polygon","coordinates":[[[-73.1121613121815,-36.8385518733941],[-73.11217559748538,-36.83869931433389],[-73.11154893803878,-36.83873713709317],[-73.11154351391657,-36.838584994958204],[-73.1121613121815,-36.8385518733941]]]}},{"type":"Feature","properties":{"comuna":"SanPedroDeLaPaz","zona":"AV","zona_code":"AV","nombre":"AV Area verde","decreto":"Publicacion PRC San Pedro de la Paz. Decreto Alc. N°310. Fecha de promulgacion 10.03.2011. Fecha de publicacion D.O. 24.03.2011."},"geometry":{"type":"Polygon","coordinates":[[[-73.1114574103259,-36.839137246236795],[-73.11145998056227,-36.83938908853603],[-73.10816744946744,-36.83942986601727],[-73.10816814463682,-36.83930680614383],[-73.1114574103259,-36.839137246236795]]]}},{"type":"Feature","properties":{"comuna":"SanPedroDeLaPaz","zona":"ZH-7","zona_code":"ZH-7","nombre":"ZH-7 Zona residencial","decreto":"Publicacion PRC San Pedro de la Paz. Decreto Alc. N°310. Fecha de promulgacion 10.03.2011. Fecha de publicacion D.O. 24.03.2011."},"geometry":{"type":"Polygon","coordinates":[[[-73.1068534699111,-36.84029558312308],[-73.10686540118472,-36.84106268317417],[-73.10674985537644,-36.84121901200684],[-73.10617021650758,-36.84142069269657],[-73.10277485704896,-36.84321961437254],[-73.10220223354088,-36.843280420716496],[-73.10206586120597,-36.84158312938658],[-73.10168948612832,-36.841599067188085],[-73.10182070601363,-36.843302396552986],[-73.09937114425641,-36.84343390314952],[-73.10101542690387,-36.840580944053166],[-73.1068534699111,-36.84029558312308]],[[-73.10418565112495,-36.84109679318002],[-73.10395344867626,-36.84111654047395],[-73.10394930603468,-36.841447710319684],[-73.10342954596979,-36.841474470376845],[-73.10340384625816,-36.841607183549165],[-73.10432425419293,-36.8415753573512],[-73.10436250698842,-36.841336749862315],[-73.10418565112495,-36.84109679318002]],[[-73.102693853572,-36.84155263401052],[-73.10211604013784,-36.841584324613734],[-73.10212366600327,-36.841794981027334],[-73.1027044925917,-36.84175146803615],[-73.102693853572,-36.84155263401052]],[[-73.10140848466132,-36.84089399506245],[-73.100874018045,-36.840918321505086],[-73.1008773760892,-36.841117407945674],[-73.10142338371371,-36.841104399067234],[-73.10140848466132,-36.84089399506245]]]}},{"type":"Feature","properties":{"comuna":"SanPedroDeLaPaz","zona":"AV","zona_code":"AV","nombre":"AV Area verde","decreto":"Publicacion PRC San Pedro de la Paz. Decreto Alc. N°310. Fecha de promulgacion 10.03.2011. Fecha de publicacion D.O. 24.03.2011."},"geometry":{"type":"Polygon","coordinates":[[[-73.10418565112495,-36.84109679318002],[-73.10436250698842,-36.841336749862315],[-73.10432425419293,-36.8415753573512],[-73.10340384625816,-36.841607183549165],[-73.10342954596979,-36.841474470376845],[-73.10394930603468,-36.841447710319684],[-73.10395344867626,-36.84111654047395],[-73.10418565112495,-36.84109679318002]]]}},{"type":"Feature","properties":{"comuna":"SanPedroDeLaPaz","zona":"AV","zona_code":"AV","nombre":"AV Area verde","decreto":"Publicacion PRC San Pedro de la Paz. Decreto Alc. N°310. Fecha de promulgacion 10.03.2011. Fecha de publicacion D.O. 24.03.2011."},"geometry":{"type":"Polygon","coordinates":[[[-73.102693853572,-36.84155263401052],[-73.1027044925917,-36.84175146803615],[-73.10212366600327,-36.841794981027334],[-73.10211604013784,-36.841584324613734],[-73.102693853572,-36.84155263401052]]]}},{"type":"Feature","properties":{"comuna":"SanPedroDeLaPaz","zona":"AV","zona_code":"AV","nombre":"AV Area verde","decreto":"Publicacion PRC San Pedro de la Paz. Decreto Alc. N°310. Fecha de promulgacion 10.03.2011. Fecha de publicacion D.O. 24.03.2011."},"geometry":{"type":"Polygon","coordinates":[[[-73.10140848466132,-36.84089399506245],[-73.10142338371371,-36.841104399067234],[-73.1008773760892,-36.841117407945674],[-73.100874018045,-36.840918321505086],[-73.10140848466132,-36.84089399506245]]]}},{"type":"Feature","properties":{"comuna":"SanPedroDeLaPaz","zona":"ZH-7","zona_code":"ZH-7","nombre":"ZH-7 Zona residencial","decreto":"Publicacion PRC San Pedro de la Paz. Decreto Alc. N°310. Fecha de promulgacion 10.03.2011. Fecha de publicacion D.O. 24.03.2011."},"geometry":{"type":"Polygon","coordinates":[[[-73.10675771222435,-36.83952845457146],[-73.10678308337918,-36.84000214596724],[-73.10588405413299,-36.84002446267436],[-73.10587085507557,-36.83957378586874],[-73.10675771222435,-36.83952845457146]]]}},{"type":"Feature","properties":{"comuna":"SanPedroDeLaPaz","zona":"ZH-7","zona_code":"ZH-7","nombre":"ZH-7 Zona residencial","decreto":"Publicacion PRC San Pedro de la Paz. Decreto Alc. N°310. Fecha de promulgacion 10.03.2011. Fecha de publicacion D.O. 24.03.2011."},"geometry":{"type":"Polygon","coordinates":[[[-73.10667971955256,-36.838820764843014],[-73.10672441699398,-36.839383134863816],[-73.10397227189749,-36.83951055652116],[-73.1039759902042,-36.839648111536654],[-73.1057111016064,-36.8395851714894],[-73.10570973962864,-36.839763914602614],[-73.10541553985856,-36.83978287942087],[-73.10543690629106,-36.84004579027876],[-73.10271490214674,-36.84017506900566],[-73.10245633510118,-36.84038320881865],[-73.10107340309398,-36.84043832781016],[-73.10185968628909,-36.83905775327768],[-73.10273942346967,-36.83901562807755],[-73.10274776436368,-36.83915448812138],[-73.1033038106156,-36.83912501199201],[-73.1032702380227,-36.83899141864206],[-73.10334920553294,-36.839121977914076],[-73.10391062876678,-36.83909084878996],[-73.10393138868108,-36.83895098210786],[-73.10667971955256,-36.838820764843014]]]}},{"type":"Feature","properties":{"comuna":"SanPedroDeLaPaz","zona":"AV","zona_code":"AV","nombre":"AV Area verde","decreto":"Publicacion PRC San Pedro de la Paz. Decreto Alc. N°310. Fecha de promulgacion 10.03.2011. Fecha de publicacion D.O. 24.03.2011."},"geometry":{"type":"Polygon","coordinates":[[[-73.10393138868108,-36.83895098210786],[-73.10391062876678,-36.83909084878996],[-73.10334920553294,-36.839121977914076],[-73.10333603294744,-36.83899500230582],[-73.10393138868108,-36.83895098210786]]]}},{"type":"Feature","properties":{"comuna":"SanPedroDeLaPaz","zona":"AV","zona_code":"AV","nombre":"AV Area verde","decreto":"Publicacion PRC San Pedro de la Paz. Decreto Alc. N°310. Fecha de promulgacion 10.03.2011. Fecha de publicacion D.O. 24.03.2011."},"geometry":{"type":"Polygon","coordinates":[[[-73.1032702380227,-36.83899141864206],[-73.1033038106156,-36.83912501199201],[-73.10274776436368,-36.83915448812138],[-73.10273942346967,-36.83901562807755],[-73.1032702380227,-36.83899141864206]]]}},{"type":"Feature","properties":{"comuna":"SanPedroDeLaPaz","zona":"ZH-7","zona_code":"ZH-7","nombre":"ZH-7 Zona residencial","decreto":"Publicacion PRC San Pedro de la Paz. Decreto Alc. N°310. Fecha de promulgacion 10.03.2011. Fecha de publicacion D.O. 24.03.2011."},"geometry":{"type":"Polygon","coordinates":[[[-73.09935790976738,-36.83943713414015],[-73.09980376193421,-36.83978352028063],[-73.10012568311116,-36.83989104146874],[-73.0994366173251,-36.84104560969745],[-73.09762401119262,-36.840597016826834],[-73.09592697721722,-36.84089580983875],[-73.095820524586,-36.839670580183636],[-73.09622038295647,-36.83965092160357],[-73.09640205692693,-36.83950403756325],[-73.09739821850944,-36.83945793384344],[-73.09757752644158,-36.839539627046754],[-73.09935790976738,-36.83943713414015]]]}},{"type":"Feature","properties":{"comuna":"SanPedroDeLaPaz","zona":"ZH-7","zona_code":"ZH-7","nombre":"ZH-7 Zona residencial","decreto":"Publicacion PRC San Pedro de la Paz. Decreto Alc. N°310. Fecha de promulgacion 10.03.2011. Fecha de publicacion D.O. 24.03.2011."},"geometry":{"type":"Polygon","coordinates":[[[-73.09572726650643,-36.84051747988965],[-73.09577419200696,-36.84100361297885],[-73.09555385528674,-36.841245572890536],[-73.09488668735716,-36.8429310549521],[-73.0931832630877,-36.841882484392336],[-73.09410816729142,-36.84063779014048],[-73.09572726650643,-36.84051747988965]]]}},{"type":"Feature","properties":{"comuna":"SanPedroDeLaPaz","zona":"ZH-7","zona_code":"ZH-7","nombre":"ZH-7 Zona residencial","decreto":"Publicacion PRC San Pedro de la Paz. Decreto Alc. N°310. Fecha de promulgacion 10.03.2011. Fecha de publicacion D.O. 24.03.2011."},"geometry":{"type":"Polygon","coordinates":[[[-73.09770357399712,-36.84077296562451],[-73.09940742973843,-36.84118137212097],[-73.09803713792795,-36.84350194449886],[-73.09633709634454,-36.843472751454854],[-73.09506059858352,-36.8430480911726],[-73.09522606118693,-36.84256341722661],[-73.09555911031222,-36.842657384858114],[-73.095981223053,-36.84155306329174],[-73.09623034955924,-36.841304250422695],[-73.09666574866294,-36.84113103211109],[-73.09761296290806,-36.84098701422072],[-73.09770357399712,-36.84077296562451]]]}},{"type":"Feature","properties":{"comuna":"SanPedroDeLaPaz","zona":"AV","zona_code":"AV","nombre":"AV Area verde","decreto":"Publicacion PRC San Pedro de la Paz. Decreto Alc. N°310. Fecha de promulgacion 10.03.2011. Fecha de publicacion D.O. 24.03.2011."},"geometry":{"type":"Polygon","coordinates":[[[-73.09019198680129,-36.838981455729986],[-73.09042119194865,-36.83958874197109],[-73.09034230365405,-36.83974965166813],[-73.08995917609063,-36.83980972597886],[-73.0897821599106,-36.8396341995935],[-73.08975876620173,-36.839195587485484],[-73.08986800503433,-36.83905706818544],[-73.09019198680129,-36.838981455729986]]]}},{"type":"Feature","properties":{"comuna":"SanPedroDeLaPaz","zona":"ZE-1","zona_code":"ZE-1","nombre":"ZE-1 Zona de equipamiento mixto","decreto":"Publicacion PRC San Pedro de la Paz. Decreto Alc. N°310. Fecha de promulgacion 10.03.2011. Fecha de publicacion D.O. 24.03.2011."},"geometry":{"type":"Polygon","coordinates":[[[-73.0894855046393,-36.83912883767719],[-73.08959226512309,-36.84002010694208],[-73.0895350056548,-36.84085990385073],[-73.0891215337286,-36.8421279570298],[-73.08768668041023,-36.841757008252564],[-73.08788220458547,-36.84091244930897],[-73.08599024115519,-36.84042686093607],[-73.08607007331184,-36.84028349843429],[-73.08602060419163,-36.840039127767646],[-73.08560330200038,-36.839321128768674],[-73.0894855046393,-36.83912883767719]]]}},{"type":"Feature","properties":{"comuna":"SanPedroDeLaPaz","zona":"ZM-1","zona_code":"ZM-1","nombre":"ZM-1 Zona mixta","decreto":"Publicacion PRC San Pedro de la Paz. Decreto Alc. N°310. Fecha de promulgacion 10.03.2011. Fecha de publicacion D.O. 24.03.2011."},"geometry":{"type":"Polygon","coordinates":[[[-73.08560330200038,-36.839321128768674],[-73.08602060419163,-36.840039127767646],[-73.08607007331184,-36.84028349843429],[-73.08591103213753,-36.84058191998837],[-73.0854426545734,-36.84082068218687],[-73.08410428352472,-36.84073784885805],[-73.08246150192758,-36.841509155570485],[-73.08183034448813,-36.841566017799195],[-73.08157556317522,-36.841709534883826],[-73.08126658209864,-36.842341206656606],[-73.0809966217119,-36.84247352718371],[-73.08065370464253,-36.84246774154705],[-73.07933093389806,-36.8429526333329],[-73.0791102272674,-36.84318871717677],[-73.07696221447857,-36.84350860008406],[-73.07664161864693,-36.84364850861148],[-73.07605098630385,-36.843645359200124],[-73.07614352852097,-36.84346641345534],[-73.07668459248933,-36.84335994527774],[-73.08413447918481,-36.83979938186668],[-73.08560330200038,-36.839321128768674]]]}},{"type":"Feature","properties":{"comuna":"SanPedroDeLaPaz","zona":"ZM-4","zona_code":"ZM-4","nombre":"ZM-4 Zona mixta","decreto":"Publicacion PRC San Pedro de la Paz. Decreto Alc. N°310. Fecha de promulgacion 10.03.2011. Fecha de publicacion D.O. 24.03.2011."},"geometry":{"type":"Polygon","coordinates":[[[-73.07581454262782,-36.84276292166914],[-73.08598980563673,-36.83781965832836],[-73.08679240883214,-36.83851853028598],[-73.08711701570763,-36.83845462286944],[-73.08645785217907,-36.83757504679238],[-73.08724124346953,-36.83736644517478],[-73.08929725988521,-36.8383326531863],[-73.08934809133021,-36.83887577984988],[-73.0853988609512,-36.83904107914044],[-73.08391766903839,-36.839560767945216],[-73.07653931336446,-36.843095424407416],[-73.07581454262782,-36.84276292166914]]]}},{"type":"Feature","properties":{"comuna":"SanPedroDeLaPaz","zona":"ZE-4","zona_code":"ZE-4","nombre":"ZE-4 Zona de equipamiento de cementerio","decreto":"Publicacion PRC San Pedro de la Paz. Decreto Alc. N°310. Fecha de promulgacion 10.03.2011. Fecha de publicacion D.O. 24.03.2011."},"geometry":{"type":"Polygon","coordinates":[[[-73.08645785217907,-36.83757504679238],[-73.08711701570763,-36.83845462286944],[-73.08679240883214,-36.83851853028598],[-73.08598980563673,-36.83781965832836],[-73.08645785217907,-36.83757504679238]]]}},{"type":"Feature","properties":{"comuna":"SanPedroDeLaPaz","zona":"ZM-2","zona_code":"ZM-2","nombre":"ZM-2 Zona mixta","decreto":"Publicacion PRC San Pedro de la Paz. Decreto Alc. N°310. Fecha de promulgacion 10.03.2011. Fecha de publicacion D.O. 24.03.2011."},"geometry":{"type":"Polygon","coordinates":[[[-73.08776706971626,-36.837248735615944],[-73.08988573694016,-36.836519549342356],[-73.09171166545298,-36.83549575645591],[-73.09660901160923,-36.83247940152498],[-73.09768153858752,-36.83209084639576],[-73.09926102339516,-36.83327839259645],[-73.09971278672215,-36.838184256482265],[-73.08985645729463,-36.8384305632541],[-73.0890382388028,-36.83784942875977],[-73.08776706971626,-36.837248735615944]]]}},{"type":"Feature","properties":{"comuna":"SanPedroDeLaPaz","zona":"ZM-1","zona_code":"ZM-1","nombre":"ZM-1 Zona mixta","decreto":"Publicacion PRC San Pedro de la Paz. Decreto Alc. N°310. Fecha de promulgacion 10.03.2011. Fecha de publicacion D.O. 24.03.2011."},"geometry":{"type":"Polygon","coordinates":[[[-73.09768153858752,-36.83209084639576],[-73.09918024158763,-36.83149422044551],[-73.10054256514432,-36.83298219353787],[-73.10088689639866,-36.83369679937774],[-73.1010550951808,-36.83588807078462],[-73.10077440810784,-36.83813586385078],[-73.09971278672215,-36.838184256482265],[-73.09926102339516,-36.83327839259645],[-73.09768153858752,-36.83209084639576]]]}},{"type":"Feature","properties":{"comuna":"SanPedroDeLaPaz","zona":"AV","zona_code":"AV","nombre":"AV Area verde","decreto":"Publicacion PRC San Pedro de la Paz. Decreto Alc. N°310. Fecha de promulgacion 10.03.2011. Fecha de publicacion D.O. 24.03.2011."},"geometry":{"type":"Polygon","coordinates":[[[-73.10088689639866,-36.83369679937774],[-73.10119375571418,-36.834664631164955],[-73.1010550951808,-36.83588807078462],[-73.10090549251471,-36.8343171982711],[-73.10088689639866,-36.83369679937774]]]}},{"type":"Feature","properties":{"comuna":"SanPedroDeLaPaz","zona":"ZE-3","zona_code":"ZE-3","nombre":"ZE-3 Zona de equipamiento de esparcimiento","decreto":"Publicacion PRC San Pedro de la Paz. Decreto Alc. N°310. Fecha de promulgacion 10.03.2011. Fecha de publicacion D.O. 24.03.2011."},"geometry":{"type":"Polygon","coordinates":[[[-73.10082998704789,-36.83058769480673],[-73.10089543930714,-36.831130310852494],[-73.10077176541753,-36.83113458361286],[-73.10085737669809,-36.83232683934194],[-73.09981584170356,-36.83124962966527],[-73.10082998704789,-36.83058769480673]]]}},{"type":"Feature","properties":{"comuna":"SanPedroDeLaPaz","zona":"ZE-1","zona_code":"ZE-1","nombre":"ZE-1 Zona de equipamiento mixto","decreto":"Publicacion PRC San Pedro de la Paz. Decreto Alc. N°310. Fecha de promulgacion 10.03.2011. Fecha de publicacion D.O. 24.03.2011."},"geometry":{"type":"Polygon","coordinates":[[[-73.10114258614057,-36.832481033840686],[-73.10250178055603,-36.83241062704286],[-73.10219610463226,-36.834735452243784],[-73.10185416456328,-36.8347472692712],[-73.10166870489674,-36.833868986328596],[-73.10116580980795,-36.83277903417011],[-73.10114258614057,-36.832481033840686]]]}},{"type":"Feature","properties":{"comuna":"SanPedroDeLaPaz","zona":"AV","zona_code":"AV","nombre":"AV Area verde","decreto":"Publicacion PRC San Pedro de la Paz. Decreto Alc. N°310. Fecha de promulgacion 10.03.2011. Fecha de publicacion D.O. 24.03.2011."},"geometry":{"type":"Polygon","coordinates":[[[-73.10219610463226,-36.834735452243784],[-73.10192570501081,-36.836766112122845],[-73.10179685518509,-36.836946332425875],[-73.10164500630574,-36.836969155956126],[-73.10185416456328,-36.8347472692712],[-73.10219610463226,-36.834735452243784]]]}},{"type":"Feature","properties":{"comuna":"SanPedroDeLaPaz","zona":"ZH-2","zona_code":"ZH-2","nombre":"ZH-2 Zona residencial","decreto":"Publicacion PRC San Pedro de la Paz. Decreto Alc. N°310. Fecha de promulgacion 10.03.2011. Fecha de publicacion D.O. 24.03.2011."},"geometry":{"type":"Polygon","coordinates":[[[-73.07542215698459,-36.84456923035326],[-73.07574219741608,-36.84469299543102],[-73.0759283373899,-36.84490338378632],[-73.07582634059075,-36.845041641937264],[-73.0750876795875,-36.84499670020275],[-73.07542215698459,-36.84456923035326]]]}},{"type":"Feature","properties":{"comuna":"SanPedroDeLaPaz","zona":"ZE-1","zona_code":"ZE-1","nombre":"ZE-1 Zona de equipamiento mixto","decreto":"Publicacion PRC San Pedro de la Paz. Decreto Alc. N°310. Fecha de promulgacion 10.03.2011. Fecha de publicacion D.O. 24.03.2011."},"geometry":{"type":"Polygon","coordinates":[[[-73.1032865999365,-36.847077570364256],[-73.10420353841519,-36.848000860390236],[-73.1025362699192,-36.849130682579705],[-73.10159194104006,-36.84818928537988],[-73.1032865999365,-36.847077570364256]]]}},{"type":"Feature","properties":{"comuna":"SanPedroDeLaPaz","zona":"ZE-1","zona_code":"ZE-1","nombre":"ZE-1 Zona de equipamiento mixto","decreto":"Publicacion PRC San Pedro de la Paz. Decreto Alc. N°310. Fecha de promulgacion 10.03.2011. Fecha de publicacion D.O. 24.03.2011."},"geometry":{"type":"Polygon","coordinates":[[[-73.1018894920658,-36.85061629555893],[-73.10091274458199,-36.85056802777198],[-73.10060813693259,-36.850461376318655],[-73.10036731219608,-36.850235341970205],[-73.10112754791632,-36.84972864436697],[-73.1018894920658,-36.85061629555893]]]}},{"type":"Feature","properties":{"comuna":"SanPedroDeLaPaz","zona":"ZE-2","zona_code":"ZE-2","nombre":"ZE-2 Zona de equipamiento de esparcimiento","decreto":"Publicacion PRC San Pedro de la Paz. Decreto Alc. N°310. Fecha de promulgacion 10.03.2011. Fecha de publicacion D.O. 24.03.2011."},"geometry":{"type":"Polygon","coordinates":[[[-73.1049091011765,-36.84376832104155],[-73.1061053221554,-36.84327141218332],[-73.1060609670065,-36.84339598349368],[-73.10762564120374,-36.84334769764376],[-73.10763534040419,-36.84347772165505],[-73.10798076471336,-36.843530213096386],[-73.10812274107862,-36.84427523386053],[-73.10833668005542,-36.84473067857892],[-73.10890993337871,-36.84468153846648],[-73.10893211961884,-36.84332737196291],[-73.11027263738015,-36.84348308422788],[-73.11154911659953,-36.84317521942238],[-73.11161761155599,-36.843500942738984],[-73.11185847730407,-36.84391443602713],[-73.1113573031285,-36.844084129492174],[-73.1112358504773,-36.84453800438145],[-73.11131570048107,-36.84493949992974],[-73.11176670060175,-36.84519338262195],[-73.11237728578578,-36.84584013659771],[-73.11320383872761,-36.84602826981106],[-73.11316833898663,-36.84618183054353],[-73.11335112787927,-36.846327824701284],[-73.1133248226534,-36.84661875049839],[-73.11282489089358,-36.84681184286551],[-73.11204781871857,-36.846323190917786],[-73.11076601137131,-36.84575095276156],[-73.11050914679119,-36.84571883771395],[-73.10971816011796,-36.84592199775644],[-73.10914082334583,-36.8458951182222],[-73.10837280296826,-36.845710788138895],[-73.10775904886803,-36.845140287921915],[-73.106663749098,-36.84522506501448],[-73.10668095049984,-36.84500183338541],[-73.10616245594579,-36.844984620677835],[-73.10593609763977,-36.84470536757848],[-73.10573901318631,-36.844700467809716],[-73.10545030186391,-36.84448195990421],[-73.1049091011765,-36.84376832104155]]]}},{"type":"Feature","properties":{"comuna":"SanPedroDeLaPaz","zona":"AV","zona_code":"AV","nombre":"AV Area verde","decreto":"Publicacion PRC San Pedro de la Paz. Decreto Alc. N°310. Fecha de promulgacion 10.03.2011. Fecha de publicacion D.O. 24.03.2011."},"geometry":{"type":"Polygon","coordinates":[[[-73.11985492889282,-36.83717773670823],[-73.11984770290634,-36.837043234080724],[-73.12003324917774,-36.83696941642716],[-73.12101759948986,-36.83704363053515],[-73.12104104447135,-36.836937357595296],[-73.12298933391946,-36.83711283456488],[-73.11985492889282,-36.83717773670823]]]}},{"type":"Feature","properties":{"comuna":"SanPedroDeLaPaz","zona":"AV","zona_code":"AV","nombre":"AV Area verde","decreto":"Publicacion PRC San Pedro de la Paz. Decreto Alc. N°310. Fecha de promulgacion 10.03.2011. Fecha de publicacion D.O. 24.03.2011."},"geometry":{"type":"Polygon","coordinates":[[[-73.11962926708094,-36.83623350698696],[-73.11952271673725,-36.836963702127164],[-73.11919582128147,-36.83691645987014],[-73.11943084996786,-36.83647474705291],[-73.11962926708094,-36.83623350698696]]]}},{"type":"Feature","properties":{"comuna":"SanPedroDeLaPaz","zona":"AV","zona_code":"AV","nombre":"AV Area verde","decreto":"Publicacion PRC San Pedro de la Paz. Decreto Alc. N°310. Fecha de promulgacion 10.03.2011. Fecha de publicacion D.O. 24.03.2011."},"geometry":{"type":"Polygon","coordinates":[[[-73.11931038537884,-36.83633538624126],[-73.11910482277409,-36.83664718145454],[-73.11886996984188,-36.83661724931764],[-73.11888632474691,-36.836446774638965],[-73.1185540404023,-36.836434870323195],[-73.11858217142142,-36.83607650427618],[-73.11897406966986,-36.8361127045654],[-73.11895928519688,-36.836312418934554],[-73.11931038537884,-36.83633538624126]]]}},{"type":"Feature","properties":{"comuna":"SanPedroDeLaPaz","zona":"AV","zona_code":"AV","nombre":"AV Area verde","decreto":"Publicacion PRC San Pedro de la Paz. Decreto Alc. N°310. Fecha de promulgacion 10.03.2011. Fecha de publicacion D.O. 24.03.2011."},"geometry":{"type":"Polygon","coordinates":[[[-73.12346401880237,-36.83645187110176],[-73.12317792400736,-36.836417869276566],[-73.12321086326403,-36.83628490055287],[-73.12349316296591,-36.83631610503232],[-73.12346401880237,-36.83645187110176]]]}},{"type":"Feature","properties":{"comuna":"SanPedroDeLaPaz","zona":"AV","zona_code":"AV","nombre":"AV Area verde","decreto":"Publicacion PRC San Pedro de la Paz. Decreto Alc. N°310. Fecha de promulgacion 10.03.2011. Fecha de publicacion D.O. 24.03.2011."},"geometry":{"type":"Polygon","coordinates":[[[-73.11973750346476,-36.83607741989023],[-73.11985380091895,-36.83593569942183],[-73.12080712672095,-36.83604321700621],[-73.12078635406421,-36.83619919727197],[-73.11973750346476,-36.83607741989023]]]}},{"type":"Feature","properties":{"comuna":"SanPedroDeLaPaz","zona":"AV","zona_code":"AV","nombre":"AV Area verde","decreto":"Publicacion PRC San Pedro de la Paz. Decreto Alc. N°310. Fecha de promulgacion 10.03.2011. Fecha de publicacion D.O. 24.03.2011."},"geometry":{"type":"Polygon","coordinates":[[[-73.12090257006423,-36.83605601521524],[-73.12139568186389,-36.8361106634997],[-73.12138503732764,-36.8362516453968],[-73.12088171788349,-36.83621053318592],[-73.12090257006423,-36.83605601521524]]]}},{"type":"Feature","properties":{"comuna":"SanPedroDeLaPaz","zona":"AV","zona_code":"AV","nombre":"AV Area verde","decreto":"Publicacion PRC San Pedro de la Paz. Decreto Alc. N°310. Fecha de promulgacion 10.03.2011. Fecha de publicacion D.O. 24.03.2011."},"geometry":{"type":"Polygon","coordinates":[[[-73.12145261537891,-36.83611893898512],[-73.12195783134096,-36.836161447861905],[-73.12193825010624,-36.83630566949594],[-73.12144220565352,-36.83626430686841],[-73.12145261537891,-36.83611893898512]]]}},{"type":"Feature","properties":{"comuna":"SanPedroDeLaPaz","zona":"AV","zona_code":"AV","nombre":"AV Area verde","decreto":"Publicacion PRC San Pedro de la Paz. Decreto Alc. N°310. Fecha de promulgacion 10.03.2011. Fecha de publicacion D.O. 24.03.2011."},"geometry":{"type":"Polygon","coordinates":[[[-73.1220149221924,-36.83617264767857],[-73.12252148525639,-36.83620631807482],[-73.12250198368407,-36.83635200212918],[-73.12199518383483,-36.83631394472685],[-73.1220149221924,-36.83617264767857]]]}},{"type":"Feature","properties":{"comuna":"SanPedroDeLaPaz","zona":"AV","zona_code":"AV","nombre":"AV Area verde","decreto":"Publicacion PRC San Pedro de la Paz. Decreto Alc. N°310. Fecha de promulgacion 10.03.2011. Fecha de publicacion D.O. 24.03.2011."},"geometry":{"type":"Polygon","coordinates":[[[-73.12257959733732,-36.83623652298678],[-73.12302487177772,-36.836282573596215],[-73.12320642839093,-36.8353212754975],[-73.1227114233221,-36.83526523574819],[-73.1227160488541,-36.835147897858555],[-73.12320678676102,-36.83519236831485],[-73.12336316918596,-36.83430517985915],[-73.12349854499556,-36.83431512372763],[-73.12304665483963,-36.83641657052206],[-73.12256689983099,-36.83637318225079],[-73.12257959733732,-36.83623652298678]]]}},{"type":"Feature","properties":{"comuna":"SanPedroDeLaPaz","zona":"AV","zona_code":"AV","nombre":"AV Area verde","decreto":"Publicacion PRC San Pedro de la Paz. Decreto Alc. N°310. Fecha de promulgacion 10.03.2011. Fecha de publicacion D.O. 24.03.2011."},"geometry":{"type":"Polygon","coordinates":[[[-73.11634181978665,-36.83738458528085],[-73.11660836980731,-36.83725816364565],[-73.11715004741777,-36.83730089227224],[-73.11717174406394,-36.837229832658466],[-73.11768416369445,-36.83727064509827],[-73.11770871179546,-36.837184839719114],[-73.11824671883619,-36.83721011405171],[-73.11826565257321,-36.83712157515414],[-73.11874509708642,-36.83715913169096],[-73.11871042141956,-36.837259935555146],[-73.11634181978665,-36.83738458528085]]]}},{"type":"Feature","properties":{"comuna":"SanPedroDeLaPaz","zona":"AV","zona_code":"AV","nombre":"AV Area verde","decreto":"Publicacion PRC San Pedro de la Paz. Decreto Alc. N°310. Fecha de promulgacion 10.03.2011. Fecha de publicacion D.O. 24.03.2011."},"geometry":{"type":"Polygon","coordinates":[[[-73.1211840438696,-36.830222548113696],[-73.12124072490523,-36.83026012734831],[-73.12146988208819,-36.830693048908586],[-73.12111098359622,-36.830660104444526],[-73.1211840438696,-36.830222548113696]]]}},{"type":"Feature","properties":{"comuna":"SanPedroDeLaPaz","zona":"AV","zona_code":"AV","nombre":"AV Area verde","decreto":"Publicacion PRC San Pedro de la Paz. Decreto Alc. N°310. Fecha de promulgacion 10.03.2011. Fecha de publicacion D.O. 24.03.2011."},"geometry":{"type":"Polygon","coordinates":[[[-73.12042657616033,-36.83053739400078],[-73.12098386265046,-36.83036278723219],[-73.12093974252542,-36.830796408756875],[-73.12074064137073,-36.8307872093925],[-73.12076625426145,-36.830585654900986],[-73.12054114202014,-36.83056710545021],[-73.12053457829265,-36.83078411068003],[-73.12040648446545,-36.83077391002114],[-73.12042657616033,-36.83053739400078]]]}},{"type":"Feature","properties":{"comuna":"SanPedroDeLaPaz","zona":"AV","zona_code":"AV","nombre":"AV Area verde","decreto":"Publicacion PRC San Pedro de la Paz. Decreto Alc. N°310. Fecha de promulgacion 10.03.2011. Fecha de publicacion D.O. 24.03.2011."},"geometry":{"type":"Polygon","coordinates":[[[-73.12032661512107,-36.83057601708272],[-73.12030440235282,-36.83077305999573],[-73.1198374933953,-36.83073067817518],[-73.11984186344796,-36.83067633215101],[-73.12032661512107,-36.83057601708272]]]}},{"type":"Feature","properties":{"comuna":"SanPedroDeLaPaz","zona":"AV","zona_code":"AV","nombre":"AV Area verde","decreto":"Publicacion PRC San Pedro de la Paz. Decreto Alc. N°310. Fecha de promulgacion 10.03.2011. Fecha de publicacion D.O. 24.03.2011."},"geometry":{"type":"Polygon","coordinates":[[[-73.12081558362976,-36.832826416219014],[-73.12132228220432,-36.832863017526904],[-73.12130933404492,-36.833028979515696],[-73.12079473129334,-36.832980935157146],[-73.12081558362976,-36.832826416219014]]]}},{"type":"Feature","properties":{"comuna":"SanPedroDeLaPaz","zona":"AV","zona_code":"AV","nombre":"AV Area verde","decreto":"Publicacion PRC San Pedro de la Paz. Decreto Alc. N°310. Fecha de promulgacion 10.03.2011. Fecha de publicacion D.O. 24.03.2011."},"geometry":{"type":"Polygon","coordinates":[[[-73.12060271233564,-36.83283234219789],[-73.12059001102674,-36.83296900122355],[-73.12008553601652,-36.83290595446646],[-73.12011001407045,-36.832784998182035],[-73.12060271233564,-36.83283234219789]]]}},{"type":"Feature","properties":{"comuna":"SanPedroDeLaPaz","zona":"AV","zona_code":"AV","nombre":"AV Area verde","decreto":"Publicacion PRC San Pedro de la Paz. Decreto Alc. N°310. Fecha de promulgacion 10.03.2011. Fecha de publicacion D.O. 24.03.2011."},"geometry":{"type":"Polygon","coordinates":[[[-73.12136846632684,-36.82992466639881],[-73.12162133775755,-36.82947647308958],[-73.12278572865664,-36.82903763312876],[-73.12296085691942,-36.82931277499866],[-73.12136846632684,-36.82992466639881]]]}},{"type":"Feature","properties":{"comuna":"SanPedroDeLaPaz","zona":"AV","zona_code":"AV","nombre":"AV Area verde","decreto":"Publicacion PRC San Pedro de la Paz. Decreto Alc. N°310. Fecha de promulgacion 10.03.2011. Fecha de publicacion D.O. 24.03.2011."},"geometry":{"type":"Polygon","coordinates":[[[-73.11805726746769,-36.830288594117775],[-73.11767330179191,-36.83026383298063],[-73.11769107216251,-36.83011967435602],[-73.11806776194123,-36.830144688869396],[-73.11805726746769,-36.830288594117775]]]}},{"type":"Feature","properties":{"comuna":"SanPedroDeLaPaz","zona":"AV","zona_code":"AV","nombre":"AV Area verde","decreto":"Publicacion PRC San Pedro de la Paz. Decreto Alc. N°310. Fecha de promulgacion 10.03.2011. Fecha de publicacion D.O. 24.03.2011."},"geometry":{"type":"Polygon","coordinates":[[[-73.11588017154361,-36.83009020600376],[-73.11589744608584,-36.83000465334633],[-73.11609726648913,-36.82999332997719],[-73.11605729699141,-36.82952014868798],[-73.11631222614982,-36.82951716684065],[-73.11629967227998,-36.8292832483508],[-73.11645971506063,-36.82927769789104],[-73.11628698049215,-36.83013322275936],[-73.11588017154361,-36.83009020600376]]]}},{"type":"Feature","properties":{"comuna":"SanPedroDeLaPaz","zona":"AV","zona_code":"AV","nombre":"AV Area verde","decreto":"Publicacion PRC San Pedro de la Paz. Decreto Alc. N°310. Fecha de promulgacion 10.03.2011. Fecha de publicacion D.O. 24.03.2011."},"geometry":{"type":"Polygon","coordinates":[[[-73.11565938421072,-36.82736763302476],[-73.11603479035914,-36.828149955939374],[-73.11564923696729,-36.82816332556629],[-73.11559280207837,-36.82738312409258],[-73.11565938421072,-36.82736763302476]]]}},{"type":"Feature","properties":{"comuna":"SanPedroDeLaPaz","zona":"AV","zona_code":"AV","nombre":"AV Area verde","decreto":"Publicacion PRC San Pedro de la Paz. Decreto Alc. N°310. Fecha de promulgacion 10.03.2011. Fecha de publicacion D.O. 24.03.2011."},"geometry":{"type":"Polygon","coordinates":[[[-73.11529246384114,-36.827456520196044],[-73.11529885110222,-36.82767747093379],[-73.11447458717872,-36.827766098091644],[-73.11446749959597,-36.827701896548945],[-73.11529246384114,-36.827456520196044]]]}},{"type":"Feature","properties":{"comuna":"SanPedroDeLaPaz","zona":"AV","zona_code":"AV","nombre":"AV Area verde","decreto":"Publicacion PRC San Pedro de la Paz. Decreto Alc. N°310. Fecha de promulgacion 10.03.2011. Fecha de publicacion D.O. 24.03.2011."},"geometry":{"type":"Polygon","coordinates":[[[-73.11433472440473,-36.82774018785056],[-73.11433748725962,-36.827927575036156],[-73.11376420743098,-36.82797380973845],[-73.11377041493753,-36.827885712162406],[-73.11433472440473,-36.82774018785056]]]}},{"type":"Feature","properties":{"comuna":"SanPedroDeLaPaz","zona":"AV","zona_code":"AV","nombre":"AV Area verde","decreto":"Publicacion PRC San Pedro de la Paz. Decreto Alc. N°310. Fecha de promulgacion 10.03.2011. Fecha de publicacion D.O. 24.03.2011."},"geometry":{"type":"Polygon","coordinates":[[[-73.1137017776164,-36.827896879211046],[-73.11371225242979,-36.82816016452336],[-73.11309676556077,-36.82816684726806],[-73.11309143440549,-36.828067430627485],[-73.1137017776164,-36.827896879211046]]]}},{"type":"Feature","properties":{"comuna":"SanPedroDeLaPaz","zona":"AV","zona_code":"AV","nombre":"AV Area verde","decreto":"Publicacion PRC San Pedro de la Paz. Decreto Alc. N°310. Fecha de promulgacion 10.03.2011. Fecha de publicacion D.O. 24.03.2011."},"geometry":{"type":"Polygon","coordinates":[[[-73.1130156787481,-36.82808177412779],[-73.11302884786657,-36.82832739019659],[-73.11235168200905,-36.82833913507814],[-73.11234255800782,-36.828236920843466],[-73.1130156787481,-36.82808177412779]]]}},{"type":"Feature","properties":{"comuna":"SanPedroDeLaPaz","zona":"AV","zona_code":"AV","nombre":"AV Area verde","decreto":"Publicacion PRC San Pedro de la Paz. Decreto Alc. N°310. Fecha de promulgacion 10.03.2011. Fecha de publicacion D.O. 24.03.2011."},"geometry":{"type":"Polygon","coordinates":[[[-73.11228166466744,-36.82825660684046],[-73.11230401895494,-36.82846968119245],[-73.11173706818454,-36.82849811064526],[-73.1117462876503,-36.82839819054385],[-73.11228166466744,-36.82825660684046]]]}},{"type":"Feature","properties":{"comuna":"SanPedroDeLaPaz","zona":"AV","zona_code":"AV","nombre":"AV Area verde","decreto":"Publicacion PRC San Pedro de la Paz. Decreto Alc. N°310. Fecha de promulgacion 10.03.2011. Fecha de publicacion D.O. 24.03.2011."},"geometry":{"type":"Polygon","coordinates":[[[-73.11156235199881,-36.828433856073],[-73.11156905863781,-36.82862696623019],[-73.11099530089201,-36.82866441624862],[-73.11099865769543,-36.828591064386],[-73.11156235199881,-36.828433856073]]]}},{"type":"Feature","properties":{"comuna":"SanPedroDeLaPaz","zona":"AV","zona_code":"AV","nombre":"AV Area verde","decreto":"Publicacion PRC San Pedro de la Paz. Decreto Alc. N°310. Fecha de promulgacion 10.03.2011. Fecha de publicacion D.O. 24.03.2011."},"geometry":{"type":"Polygon","coordinates":[[[-73.11090045001646,-36.82859446538155],[-73.11092424542949,-36.82876647751926],[-73.11028090603578,-36.82879754538195],[-73.1102848907039,-36.82873588927298],[-73.11090045001646,-36.82859446538155]]]}},{"type":"Feature","properties":{"comuna":"SanPedroDeLaPaz","zona":"AV","zona_code":"AV","nombre":"AV Area verde","decreto":"Publicacion PRC San Pedro de la Paz. Decreto Alc. N°310. Fecha de promulgacion 10.03.2011. Fecha de publicacion D.O. 24.03.2011."},"geometry":{"type":"Polygon","coordinates":[[[-73.11021609428238,-36.828744130549985],[-73.11021947412813,-36.82894321503065],[-73.1096014373617,-36.82897047407375],[-73.1096084325085,-36.8288969953641],[-73.11021609428238,-36.828744130549985]]]}},{"type":"Feature","properties":{"comuna":"SanPedroDeLaPaz","zona":"AV","zona_code":"AV","nombre":"AV Area verde","decreto":"Publicacion PRC San Pedro de la Paz. Decreto Alc. N°310. Fecha de promulgacion 10.03.2011. Fecha de publicacion D.O. 24.03.2011."},"geometry":{"type":"Polygon","coordinates":[[[-73.10951875242309,-36.828923536376166],[-73.10952103312721,-36.82910215219681],[-73.10891453398202,-36.82914072617794],[-73.1089028736035,-36.82905910553074],[-73.10951875242309,-36.828923536376166]]]}},{"type":"Feature","properties":{"comuna":"SanPedroDeLaPaz","zona":"AV","zona_code":"AV","nombre":"AV Area verde","decreto":"Publicacion PRC San Pedro de la Paz. Decreto Alc. N°310. Fecha de promulgacion 10.03.2011. Fecha de publicacion D.O. 24.03.2011."},"geometry":{"type":"Polygon","coordinates":[[[-73.10882015359114,-36.829079545684614],[-73.10881500195062,-36.82925548977037],[-73.10847688360094,-36.82927012344452],[-73.10850001219987,-36.829497818520395],[-73.10823147135844,-36.82951883148608],[-73.10826623932876,-36.830167963440864],[-73.10798314688849,-36.83018947879236],[-73.10798965377217,-36.83044704437143],[-73.10777868206382,-36.83045434588694],[-73.10827369514497,-36.829218568548164],[-73.10882015359114,-36.829079545684614]]]}},{"type":"Feature","properties":{"comuna":"SanPedroDeLaPaz","zona":"AV","zona_code":"AV","nombre":"AV Area verde","decreto":"Publicacion PRC San Pedro de la Paz. Decreto Alc. N°310. Fecha de promulgacion 10.03.2011. Fecha de publicacion D.O. 24.03.2011."},"geometry":{"type":"Polygon","coordinates":[[[-73.10771390611653,-36.83033355050981],[-73.10746888683788,-36.83072578626396],[-73.10734110657344,-36.83072141984208],[-73.107298059812,-36.83018975145128],[-73.10771390611653,-36.83033355050981]]]}},{"type":"Feature","properties":{"comuna":"SanPedroDeLaPaz","zona":"ZE-3","zona_code":"ZE-3","nombre":"ZE-3 Zona de equipamiento de esparcimiento","decreto":"Publicacion PRC San Pedro de la Paz. Decreto Alc. N°310. Fecha de promulgacion 10.03.2011. Fecha de publicacion D.O. 24.03.2011."},"geometry":{"type":"Polygon","coordinates":[[[-73.11763935338556,-36.825829856405576],[-73.11671947864293,-36.82620743563754],[-73.1157734604156,-36.8270487641644],[-73.11410202989632,-36.82754612242064],[-73.10841901857056,-36.82893817038001],[-73.10526788194517,-36.82888900742339],[-73.104285088777,-36.82904603037139],[-73.10323908066717,-36.82965636549928],[-73.10163188403114,-36.82985838581833],[-73.10073525961904,-36.830264334887595],[-73.09993177938564,-36.8309131327288],[-73.0996255198342,-36.83104674796274],[-73.09957115485271,-36.83098417831337],[-73.10073628110183,-36.83014712175943],[-73.10119124369623,-36.829932200853],[-73.10430292212254,-36.828834494394236],[-73.10545240615255,-36.82865998813103],[-73.10798142547942,-36.82866037222845],[-73.10998843294487,-36.82830381007459],[-73.11344167780759,-36.8274635484546],[-73.1151687976337,-36.82691739765758],[-73.11649428664008,-36.82622110360211],[-73.11763935338556,-36.825829856405576]]]}},{"type":"Feature","properties":{"comuna":"SanPedroDeLaPaz","zona":"ZE-1","zona_code":"ZE-1","nombre":"ZE-1 Zona de equipamiento mixto","decreto":"Publicacion PRC San Pedro de la Paz. Decreto Alc. N°310. Fecha de promulgacion 10.03.2011. Fecha de publicacion D.O. 24.03.2011."},"geometry":{"type":"Polygon","coordinates":[[[-73.1317990894781,-36.82632649393069],[-73.1305624932815,-36.827588169462125],[-73.12627204744433,-36.82925483526933],[-73.12591232784361,-36.829613011932935],[-73.12481619189344,-36.834437781160304],[-73.12392076985272,-36.83432242556046],[-73.12480323241053,-36.83026673749108],[-73.12506858010005,-36.8303219632309],[-73.12525746066756,-36.829090901161415],[-73.12996892621628,-36.827257293673306],[-73.1298545242131,-36.826892168265026],[-73.1317990894781,-36.82632649393069]]]}},{"type":"Feature","properties":{"comuna":"SanPedroDeLaPaz","zona":"ZM-4","zona_code":"ZM-4","nombre":"ZM-4 Zona mixta","decreto":"Publicacion PRC San Pedro de la Paz. Decreto Alc. N°310. Fecha de promulgacion 10.03.2011. Fecha de publicacion D.O. 24.03.2011."},"geometry":{"type":"Polygon","coordinates":[[[-73.10082998704789,-36.83058769480673],[-73.10126423291932,-36.83030904140522],[-73.10195073962309,-36.83006268157358],[-73.10324950038286,-36.829953343804775],[-73.10430435215676,-36.82937199764292],[-73.10469187130437,-36.82925899580573],[-73.10526947074005,-36.8291569960709],[-73.10687148235267,-36.82913087230791],[-73.10827369514497,-36.829218568548164],[-73.10777868206382,-36.83045434588694],[-73.10759806352021,-36.83048403170075],[-73.10771390611653,-36.83033355050981],[-73.107298059812,-36.83018975145128],[-73.10734110657344,-36.83072141984208],[-73.10089543930714,-36.831130310852494],[-73.10082998704789,-36.83058769480673]],[[-73.10571856813532,-36.8299221584941],[-73.10463966199542,-36.829985838509764],[-73.10462448982669,-36.83024708286588],[-73.10468613033638,-36.83030939942952],[-73.10571442913759,-36.830253328218205],[-73.10571856813532,-36.8299221584941]]]}},{"type":"Feature","properties":{"comuna":"SanPedroDeLaPaz","zona":"AV","zona_code":"AV","nombre":"AV Area verde","decreto":"Publicacion PRC San Pedro de la Paz. Decreto Alc. N°310. Fecha de promulgacion 10.03.2011. Fecha de publicacion D.O. 24.03.2011."},"geometry":{"type":"Polygon","coordinates":[[[-73.10571856813532,-36.8299221584941],[-73.10571442913759,-36.830253328218205],[-73.10468613033638,-36.83030939942952],[-73.10462448982669,-36.83024708286588],[-73.10463966199542,-36.829985838509764],[-73.10571856813532,-36.8299221584941]]]}},{"type":"Feature","properties":{"comuna":"SanPedroDeLaPaz","zona":"ZH-4","zona_code":"ZH-4","nombre":"ZH-4 Zona residencial","decreto":"Publicacion PRC San Pedro de la Paz. Decreto Alc. N°310. Fecha de promulgacion 10.03.2011. Fecha de publicacion D.O. 24.03.2011."},"geometry":{"type":"Polygon","coordinates":[[[-73.1014817594926,-36.83812460432778],[-73.10164500630574,-36.836969155956126],[-73.10179685518509,-36.836946332425875],[-73.10192570501081,-36.836766112122845],[-73.10250178055603,-36.83241062704286],[-73.10114258614057,-36.832481033840686],[-73.10108290995649,-36.83134793580313],[-73.10764187124745,-36.83092779015092],[-73.10777484151532,-36.830688833135625],[-73.11519304050098,-36.83025610857349],[-73.11518094317539,-36.83043815220812],[-73.11505689884095,-36.83057134766246],[-73.11494103249075,-36.83153621827164],[-73.11499660404606,-36.831756927728144],[-73.11424879534691,-36.83697380217789],[-73.11363132523816,-36.83701278150527],[-73.11355550668837,-36.83750169474727],[-73.1014817594926,-36.83812460432778]]]}},{"type":"Feature","properties":{"comuna":"SanPedroDeLaPaz","zona":"ZH-4","zona_code":"ZH-4","nombre":"ZH-4 Zona residencial","decreto":"Publicacion PRC San Pedro de la Paz. Decreto Alc. N°310. Fecha de promulgacion 10.03.2011. Fecha de publicacion D.O. 24.03.2011."},"geometry":{"type":"Polygon","coordinates":[[[-73.11441037499375,-36.837472062650406],[-73.11521974410637,-36.83177262716503],[-73.11528034944084,-36.83059289519446],[-73.11538507851253,-36.830507240360696],[-73.11541617626939,-36.830271807522664],[-73.11693241201405,-36.83041256936343],[-73.11593618079235,-36.83738107677482],[-73.11441037499375,-36.837472062650406]]]}},{"type":"Feature","properties":{"comuna":"SanPedroDeLaPaz","zona":"ZM-4","zona_code":"ZM-4","nombre":"ZM-4 Zona mixta","decreto":"Publicacion PRC San Pedro de la Paz. Decreto Alc. N°310. Fecha de promulgacion 10.03.2011. Fecha de publicacion D.O. 24.03.2011."},"geometry":{"type":"Polygon","coordinates":[[[-73.11628698049215,-36.83013322275936],[-73.11645971506063,-36.82927769789104],[-73.11629967227998,-36.8292832483508],[-73.11631222614982,-36.82951716684065],[-73.11605729699141,-36.82952014868798],[-73.11609726648913,-36.82999332997719],[-73.11589744608584,-36.83000465334633],[-73.11588017154361,-36.83009020600376],[-73.11515123358606,-36.83002027409899],[-73.10798965377217,-36.83044704437143],[-73.10798314688849,-36.83018947879236],[-73.10826623932876,-36.830167963440864],[-73.10823147135844,-36.82951883148608],[-73.10850001219987,-36.829497818520395],[-73.10847688360094,-36.82927012344452],[-73.10881500195062,-36.82925548977037],[-73.10882015359114,-36.829079545684614],[-73.10952103312721,-36.82910215219681],[-73.10951875242309,-36.828923536376166],[-73.1096084325085,-36.8288969953641],[-73.1096014373617,-36.82897047407375],[-73.11021947412813,-36.82894321503065],[-73.11021609428238,-36.828744130549985],[-73.11092424542949,-36.82876647751926],[-73.11090045001646,-36.82859446538155],[-73.11099865769543,-36.828591064386],[-73.11099530089201,-36.82866441624862],[-73.11156905863781,-36.82862696623019],[-73.11156235199881,-36.828433856073],[-73.1117462876503,-36.82839819054385],[-73.11173706818454,-36.82849811064526],[-73.11230401895494,-36.82846968119245],[-73.11234255800782,-36.828236920843466],[-73.11235168200905,-36.82833913507814],[-73.11302884786657,-36.82832739019659],[-73.1130156787481,-36.82808177412779],[-73.11309143440549,-36.828067430627485],[-73.11309676556077,-36.82816684726806],[-73.11371225242979,-36.82816016452336],[-73.1137017776164,-36.827896879211046],[-73.11377041493753,-36.827885712162406],[-73.11376420743098,-36.82797380973845],[-73.11433748725962,-36.827927575036156],[-73.11433472440473,-36.82774018785056],[-73.11446749959597,-36.827701896548945],[-73.11447458717872,-36.827766098091644],[-73.11529885110222,-36.82767747093379],[-73.11529246384114,-36.827456520196044],[-73.11559280207837,-36.82738312409258],[-73.11564923696729,-36.82816332556629],[-73.11603479035914,-36.828149955939374],[-73.11565938421072,-36.82736763302476],[-73.11606426058844,-36.82727303429047],[-73.11631316240371,-36.827293697870175],[-73.1170946881427,-36.82881918998466],[-73.11692744549815,-36.83018424583424],[-73.11628698049215,-36.83013322275936]],[[-73.11608149632298,-36.82820546018504],[-73.11592509382704,-36.82821088399482],[-73.11598799637554,-36.82867008783811],[-73.11629779546189,-36.828671062758175],[-73.11608149632298,-36.82820546018504]],[[-73.11638347898221,-36.828739861817574],[-73.116259810223,-36.82874415085234],[-73.11631820117915,-36.82922108789772],[-73.11645975812624,-36.829176631465494],[-73.11638347898221,-36.828739861817574]]]}},{"type":"Feature","properties":{"comuna":"SanPedroDeLaPaz","zona":"AV","zona_code":"AV","nombre":"AV Area verde","decreto":"Publicacion PRC San Pedro de la Paz. Decreto Alc. N°310. Fecha de promulgacion 10.03.2011. Fecha de publicacion D.O. 24.03.2011."},"geometry":{"type":"Polygon","coordinates":[[[-73.11608149632298,-36.82820546018504],[-73.11629779546189,-36.828671062758175],[-73.11598799637554,-36.82867008783811],[-73.11592509382704,-36.82821088399482],[-73.11608149632298,-36.82820546018504]]]}},{"type":"Feature","properties":{"comuna":"SanPedroDeLaPaz","zona":"AV","zona_code":"AV","nombre":"AV Area verde","decreto":"Publicacion PRC San Pedro de la Paz. Decreto Alc. N°310. Fecha de promulgacion 10.03.2011. Fecha de publicacion D.O. 24.03.2011."},"geometry":{"type":"Polygon","coordinates":[[[-73.11638347898221,-36.828739861817574],[-73.11645975812624,-36.829176631465494],[-73.11631820117915,-36.82922108789772],[-73.116259810223,-36.82874415085234],[-73.11638347898221,-36.828739861817574]]]}},{"type":"Feature","properties":{"comuna":"SanPedroDeLaPaz","zona":"ZH-5","zona_code":"ZH-5","nombre":"ZH-5 Zona residencial","decreto":"Publicacion PRC San Pedro de la Paz. Decreto Alc. N°310. Fecha de promulgacion 10.03.2011. Fecha de publicacion D.O. 24.03.2011."},"geometry":{"type":"Polygon","coordinates":[[[-73.11711174659169,-36.830223259365226],[-73.1172986134995,-36.82881651024875],[-73.11652749577213,-36.82734924718771],[-73.11757151353228,-36.82738334218119],[-73.11959250257323,-36.8266101552514],[-73.12133604151276,-36.82949077307741],[-73.12103219853778,-36.83007549041748],[-73.11989468062471,-36.830472369009634],[-73.11805726746769,-36.830288594117775],[-73.11806776194123,-36.830144688869396],[-73.11769107216251,-36.83011967435602],[-73.11767330179191,-36.83026383298063],[-73.11711174659169,-36.830223259365226]]]}},{"type":"Feature","properties":{"comuna":"SanPedroDeLaPaz","zona":"ZH-5","zona_code":"ZH-5","nombre":"ZH-5 Zona residencial","decreto":"Publicacion PRC San Pedro de la Paz. Decreto Alc. N°310. Fecha de promulgacion 10.03.2011. Fecha de publicacion D.O. 24.03.2011."},"geometry":{"type":"Polygon","coordinates":[[[-73.11973356608067,-36.82638701696465],[-73.12474312883154,-36.824472966441874],[-73.12700856683375,-36.824318058632485],[-73.12926406121906,-36.824655595373365],[-73.13013281459597,-36.826037348954394],[-73.13016436489158,-36.826352627737876],[-73.13012351990638,-36.82654153283206],[-73.12296085691942,-36.82931277499866],[-73.12278572865664,-36.82903763312876],[-73.12162133775755,-36.82947647308958],[-73.11973356608067,-36.82638701696465]],[[-73.12349141038283,-36.82742097817876],[-73.1227385717679,-36.82771956593798],[-73.12308500651653,-36.82833442915176],[-73.12336700650873,-36.828225032828406],[-73.12319917560912,-36.827882262650135],[-73.12364518604312,-36.82770564886889],[-73.12349141038283,-36.82742097817876]],[[-73.12397282781485,-36.82532729285769],[-73.12370442285561,-36.825486019005446],[-73.12406367299226,-36.82606821025057],[-73.12432907067992,-36.82592130641183],[-73.12397282781485,-36.82532729285769]],[[-73.12209568105338,-36.82606333353335],[-73.12182475518938,-36.82617527153542],[-73.12218509561639,-36.826777937614864],[-73.12246125478937,-36.82662773432045],[-73.12209568105338,-36.82606333353335]],[[-73.12485867772526,-36.826893047842425],[-73.12461274208098,-36.82699533478618],[-73.12498907214928,-36.82762380035453],[-73.12524939958757,-36.827518082951286],[-73.12485867772526,-36.826893047842425]],[[-73.12072618222632,-36.826617675206535],[-73.12054840622979,-36.82670001134317],[-73.12088092372767,-36.82725970655851],[-73.12106184141533,-36.82723584842717],[-73.12072618222632,-36.826617675206535]]]}},{"type":"Feature","properties":{"comuna":"SanPedroDeLaPaz","zona":"AV","zona_code":"AV","nombre":"AV Area verde","decreto":"Publicacion PRC San Pedro de la Paz. Decreto Alc. N°310. Fecha de promulgacion 10.03.2011. Fecha de publicacion D.O. 24.03.2011."},"geometry":{"type":"Polygon","coordinates":[[[-73.12485867772526,-36.826893047842425],[-73.12524939958757,-36.827518082951286],[-73.12498907214928,-36.82762380035453],[-73.12461274208098,-36.82699533478618],[-73.12485867772526,-36.826893047842425]]]}},{"type":"Feature","properties":{"comuna":"SanPedroDeLaPaz","zona":"AV","zona_code":"AV","nombre":"AV Area verde","decreto":"Publicacion PRC San Pedro de la Paz. Decreto Alc. N°310. Fecha de promulgacion 10.03.2011. Fecha de publicacion D.O. 24.03.2011."},"geometry":{"type":"Polygon","coordinates":[[[-73.12349141038283,-36.82742097817876],[-73.12364518604312,-36.82770564886889],[-73.12319917560912,-36.827882262650135],[-73.12336700650873,-36.828225032828406],[-73.12308500651653,-36.82833442915176],[-73.1227385717679,-36.82771956593798],[-73.12349141038283,-36.82742097817876]]]}},{"type":"Feature","properties":{"comuna":"SanPedroDeLaPaz","zona":"AV","zona_code":"AV","nombre":"AV Area verde","decreto":"Publicacion PRC San Pedro de la Paz. Decreto Alc. N°310. Fecha de promulgacion 10.03.2011. Fecha de publicacion D.O. 24.03.2011."},"geometry":{"type":"Polygon","coordinates":[[[-73.12105964282125,-36.82719491304674],[-73.12088092372767,-36.82725970655851],[-73.12056439328984,-36.8266584450469],[-73.12072618222632,-36.826617675206535],[-73.12105964282125,-36.82719491304674]]]}},{"type":"Feature","properties":{"comuna":"SanPedroDeLaPaz","zona":"AV","zona_code":"AV","nombre":"AV Area verde","decreto":"Publicacion PRC San Pedro de la Paz. Decreto Alc. N°310. Fecha de promulgacion 10.03.2011. Fecha de publicacion D.O. 24.03.2011."},"geometry":{"type":"Polygon","coordinates":[[[-73.12209568105338,-36.82606333353335],[-73.12246125478937,-36.82662773432045],[-73.12218509561639,-36.826777937614864],[-73.12182475518938,-36.82617527153542],[-73.12209568105338,-36.82606333353335]]]}},{"type":"Feature","properties":{"comuna":"SanPedroDeLaPaz","zona":"AV","zona_code":"AV","nombre":"AV Area verde","decreto":"Publicacion PRC San Pedro de la Paz. Decreto Alc. N°310. Fecha de promulgacion 10.03.2011. Fecha de publicacion D.O. 24.03.2011."},"geometry":{"type":"Polygon","coordinates":[[[-73.12397282781485,-36.82532729285769],[-73.12432907067992,-36.82592130641183],[-73.12406367299226,-36.82606821025057],[-73.12370442285561,-36.825486019005446],[-73.12397282781485,-36.82532729285769]]]}},{"type":"Feature","properties":{"comuna":"SanPedroDeLaPaz","zona":"ZH-5","zona_code":"ZH-5","nombre":"ZH-5 Zona residencial","decreto":"Publicacion PRC San Pedro de la Paz. Decreto Alc. N°310. Fecha de promulgacion 10.03.2011. Fecha de publicacion D.O. 24.03.2011."},"geometry":{"type":"Polygon","coordinates":[[[-73.13048251112733,-36.82644115770036],[-73.13009891059625,-36.82500151549413],[-73.1302950307349,-36.82485407880638],[-73.12987830191868,-36.82442330788578],[-73.12963641523704,-36.823585121562516],[-73.13456776481723,-36.82266206275066],[-73.13463374258916,-36.82287214728525],[-73.1336392385842,-36.82307961944494],[-73.13361392387561,-36.82315080681794],[-73.13466819618264,-36.82297054760747],[-73.13489646517864,-36.8237579314813],[-73.13465351251587,-36.82411792368331],[-73.13210435228639,-36.826040502350246],[-73.13048251112733,-36.82644115770036]],[[-73.13347992078948,-36.823098349680016],[-73.13262693685327,-36.823295025573046],[-73.13243908880564,-36.823257624497366],[-73.13243446297746,-36.823442338766334],[-73.13357303746922,-36.823203494964794],[-73.13347992078948,-36.823098349680016]]]}},{"type":"Feature","properties":{"comuna":"SanPedroDeLaPaz","zona":"AV","zona_code":"AV","nombre":"AV Area verde","decreto":"Publicacion PRC San Pedro de la Paz. Decreto Alc. N°310. Fecha de promulgacion 10.03.2011. Fecha de publicacion D.O. 24.03.2011."},"geometry":{"type":"Polygon","coordinates":[[[-73.13347992078948,-36.823098349680016],[-73.13357303746922,-36.823203494964794],[-73.13243446297746,-36.823442338766334],[-73.13243908880564,-36.823257624497366],[-73.13262693685327,-36.823295025573046],[-73.13347992078948,-36.823098349680016]]]}},{"type":"Feature","properties":{"comuna":"SanPedroDeLaPaz","zona":"ZH-5","zona_code":"ZH-5","nombre":"ZH-5 Zona residencial","decreto":"Publicacion PRC San Pedro de la Paz. Decreto Alc. N°310. Fecha de promulgacion 10.03.2011. Fecha de publicacion D.O. 24.03.2011."},"geometry":{"type":"Polygon","coordinates":[[[-73.11607417857202,-36.837371896742106],[-73.11709031099014,-36.83043492176204],[-73.12030440235282,-36.83077305999573],[-73.12032661512107,-36.83057601708272],[-73.12042657616033,-36.83053739400078],[-73.12040648446545,-36.83077391002114],[-73.12053457829265,-36.83078411068003],[-73.12054114202014,-36.83056710545021],[-73.12076625426145,-36.830585654900986],[-73.12074064137073,-36.8307872093925],[-73.12093974252542,-36.830796408756875],[-73.12060271233564,-36.83283234219789],[-73.12011001407045,-36.832784998182035],[-73.12008553601652,-36.83290595446646],[-73.12059001102674,-36.83296900122355],[-73.12024871310089,-36.83495967527002],[-73.11931038537884,-36.83633538624126],[-73.11895928519688,-36.836312418934554],[-73.11897406966986,-36.8361127045654],[-73.11858217142142,-36.83607650427618],[-73.1185540404023,-36.836434870323195],[-73.11888632474691,-36.836446774638965],[-73.11886996984188,-36.83661724931764],[-73.11910482277409,-36.83664718145454],[-73.11874509708642,-36.83715913169096],[-73.11826565257321,-36.83712157515414],[-73.11824671883619,-36.83721011405171],[-73.11660836980731,-36.83725816364565],[-73.11634181978665,-36.83738458528085],[-73.11607417857202,-36.837371896742106]],[[-73.12006225520808,-36.832777867674736],[-73.11733712262657,-36.83252090122944],[-73.11722071132179,-36.833339320042285],[-73.11741300237274,-36.833391237911634],[-73.11748918803423,-36.83270603924835],[-73.12003737130631,-36.83292520308353],[-73.12006225520808,-36.832777867674736]],[[-73.11730978174354,-36.83404808138297],[-73.11712473748194,-36.834063288423636],[-73.11703873319908,-36.83476933389285],[-73.11762846757485,-36.83482504171574],[-73.1176615459056,-36.83476237605388],[-73.11721825836614,-36.83471916531847],[-73.11730978174354,-36.83404808138297]],[[-73.11781058737422,-36.833805141561754],[-73.11759644395272,-36.83382135949433],[-73.11756629450927,-36.83407433603064],[-73.11777868638171,-36.83409333243415],[-73.11781058737422,-36.833805141561754]],[[-73.11787036210363,-36.83342517155696],[-73.11765069656838,-36.833406427884924],[-73.11761738155508,-36.833668302725975],[-73.11783356548256,-36.833690096416305],[-73.11787036210363,-36.83342517155696]]]}},{"type":"Feature","properties":{"comuna":"SanPedroDeLaPaz","zona":"AV","zona_code":"AV","nombre":"AV Area verde","decreto":"Publicacion PRC San Pedro de la Paz. Decreto Alc. N°310. Fecha de promulgacion 10.03.2011. Fecha de publicacion D.O. 24.03.2011."},"geometry":{"type":"Polygon","coordinates":[[[-73.12006225520808,-36.832777867674736],[-73.12003737130631,-36.83292520308353],[-73.11748918803423,-36.83270603924835],[-73.11741300237274,-36.833391237911634],[-73.11722071132179,-36.833339320042285],[-73.11733712262657,-36.83252090122944],[-73.12006225520808,-36.832777867674736]]]}},{"type":"Feature","properties":{"comuna":"SanPedroDeLaPaz","zona":"AV","zona_code":"AV","nombre":"AV Area verde","decreto":"Publicacion PRC San Pedro de la Paz. Decreto Alc. N°310. Fecha de promulgacion 10.03.2011. Fecha de publicacion D.O. 24.03.2011."},"geometry":{"type":"Polygon","coordinates":[[[-73.11787036210363,-36.83342517155696],[-73.11783356548256,-36.833690096416305],[-73.11761738155508,-36.833668302725975],[-73.11765069656838,-36.833406427884924],[-73.11787036210363,-36.83342517155696]]]}},{"type":"Feature","properties":{"comuna":"SanPedroDeLaPaz","zona":"AV","zona_code":"AV","nombre":"AV Area verde","decreto":"Publicacion PRC San Pedro de la Paz. Decreto Alc. N°310. Fecha de promulgacion 10.03.2011. Fecha de publicacion D.O. 24.03.2011."},"geometry":{"type":"Polygon","coordinates":[[[-73.11781058737422,-36.833805141561754],[-73.11777868638171,-36.83409333243415],[-73.11756629450927,-36.83407433603064],[-73.11759644395272,-36.83382135949433],[-73.11781058737422,-36.833805141561754]]]}},{"type":"Feature","properties":{"comuna":"SanPedroDeLaPaz","zona":"AV","zona_code":"AV","nombre":"AV Area verde","decreto":"Publicacion PRC San Pedro de la Paz. Decreto Alc. N°310. Fecha de promulgacion 10.03.2011. Fecha de publicacion D.O. 24.03.2011."},"geometry":{"type":"Polygon","coordinates":[[[-73.11730978174354,-36.83404808138297],[-73.11721825836614,-36.83471916531847],[-73.1176615459056,-36.83476237605388],[-73.11762846757485,-36.83482504171574],[-73.11703873319908,-36.83476933389285],[-73.11712473748194,-36.834063288423636],[-73.11730978174354,-36.83404808138297]]]}},{"type":"Feature","properties":{"comuna":"SanPedroDeLaPaz","zona":"ZH-5","zona_code":"ZH-5","nombre":"ZH-5 Zona residencial","decreto":"Publicacion PRC San Pedro de la Paz. Decreto Alc. N°310. Fecha de promulgacion 10.03.2011. Fecha de publicacion D.O. 24.03.2011."},"geometry":{"type":"Polygon","coordinates":[[[-73.11919582128147,-36.83691645987014],[-73.11952271673725,-36.836963702127164],[-73.11969250051416,-36.83620641203945],[-73.12269975375999,-36.83648867360644],[-73.12434734602746,-36.83676538549015],[-73.12416903049369,-36.837515654691586],[-73.12255434007966,-36.83717335093605],[-73.12200763243442,-36.83715572178605],[-73.12298933391946,-36.83711283456488],[-73.12104104447135,-36.836937357595296],[-73.12101759948986,-36.83704363053515],[-73.12003324917774,-36.83696941642716],[-73.11984770290634,-36.837043234080724],[-73.11985492889282,-36.83717773670823],[-73.11900033815239,-36.837229368866424],[-73.11919582128147,-36.83691645987014]]]}},{"type":"Feature","properties":{"comuna":"SanPedroDeLaPaz","zona":"ZH-5","zona_code":"ZH-5","nombre":"ZH-5 Zona residencial","decreto":"Publicacion PRC San Pedro de la Paz. Decreto Alc. N°310. Fecha de promulgacion 10.03.2011. Fecha de publicacion D.O. 24.03.2011."},"geometry":{"type":"Polygon","coordinates":[[[-73.12346401880237,-36.83645187110176],[-73.12349316296591,-36.83631610503232],[-73.12321086326403,-36.83628490055287],[-73.12317792400736,-36.836417869276566],[-73.12304665483963,-36.83641657052206],[-73.12349854499556,-36.83431512372763],[-73.12336316918596,-36.83430517985915],[-73.12320678676102,-36.83519236831485],[-73.1227160488541,-36.835147897858555],[-73.1227114233221,-36.83526523574819],[-73.12320642839093,-36.8353212754975],[-73.12302487177772,-36.836282573596215],[-73.12257959733732,-36.83623652298678],[-73.12256689983099,-36.83637318225079],[-73.12252148525639,-36.83620631807482],[-73.1220149221924,-36.83617264767857],[-73.12199518383483,-36.83631394472685],[-73.12195783134096,-36.836161447861905],[-73.12145261537891,-36.83611893898512],[-73.12144220565352,-36.83626430686841],[-73.12139568186389,-36.8361106634997],[-73.12090257006423,-36.83605601521524],[-73.12088171788349,-36.83621053318592],[-73.12078635406421,-36.83619919727197],[-73.12080712672095,-36.83604321700621],[-73.11985380091895,-36.83593569942183],[-73.1204799775728,-36.835058570868526],[-73.12079473129334,-36.832980935157146],[-73.12130933404492,-36.833028979515696],[-73.12132228220432,-36.832863017526904],[-73.12081558362976,-36.832826416219014],[-73.12111098359622,-36.830660104444526],[-73.12146988208819,-36.830693048908586],[-73.1211840438696,-36.830222548113696],[-73.1298545242131,-36.826892168265026],[-73.12996892621628,-36.827257293673306],[-73.12525746066756,-36.829090901161415],[-73.12506858010005,-36.8303219632309],[-73.12480323241053,-36.83026673749108],[-73.12392076985272,-36.83432242556046],[-73.12481619189344,-36.834437781160304],[-73.1243470732433,-36.83662478349512],[-73.12346401880237,-36.83645187110176]],[[-73.12337067906775,-36.83419067166777],[-73.12353926370609,-36.834208250431786],[-73.12394573345078,-36.832143533232376],[-73.12368590293028,-36.83212326723967],[-73.12355797520107,-36.83306512622864],[-73.12305063539299,-36.83305052760154],[-73.1230290808452,-36.83319188817635],[-73.12351316023435,-36.83324830737763],[-73.12337067906775,-36.83419067166777]],[[-73.12243989757103,-36.832942847125445],[-73.12193161556992,-36.8329106997609],[-73.12189530498338,-36.833184396496556],[-73.12241180663374,-36.83323383522855],[-73.12243989757103,-36.832942847125445]],[[-73.12324452841942,-36.83062408963625],[-73.12293611517802,-36.8307168272975],[-73.12283007016191,-36.83145579541984],[-73.12291451724411,-36.83146750883981],[-73.12300717941596,-36.831021947909164],[-73.12317813692141,-36.83101600918417],[-73.12324452841942,-36.83062408963625]],[[-73.12296825318215,-36.83300944815265],[-73.12250377800643,-36.832978710702974],[-73.12248772316723,-36.833222410442374],[-73.12293874984823,-36.83327412046704],[-73.12296825318215,-36.83300944815265]],[[-73.1218876508227,-36.83290636727906],[-73.12137162344986,-36.83286569833413],[-73.12134941357833,-36.83306274054437],[-73.12186180509401,-36.83310353601887],[-73.1218876508227,-36.83290636727906]]]}},{"type":"Feature","properties":{"comuna":"SanPedroDeLaPaz","zona":"AV","zona_code":"AV","nombre":"AV Area verde","decreto":"Publicacion PRC San Pedro de la Paz. Decreto Alc. N°310. Fecha de promulgacion 10.03.2011. Fecha de publicacion D.O. 24.03.2011."},"geometry":{"type":"Polygon","coordinates":[[[-73.12394573345078,-36.832143533232376],[-73.12353926370609,-36.834208250431786],[-73.12337067906775,-36.83419067166777],[-73.12351316023435,-36.83324830737763],[-73.1230290808452,-36.83319188817635],[-73.12305063539299,-36.83305052760154],[-73.12355797520107,-36.83306512622864],[-73.12368590293028,-36.83212326723967],[-73.12394573345078,-36.832143533232376]]]}},{"type":"Feature","properties":{"comuna":"SanPedroDeLaPaz","zona":"AV","zona_code":"AV","nombre":"AV Area verde","decreto":"Publicacion PRC San Pedro de la Paz. Decreto Alc. N°310. Fecha de promulgacion 10.03.2011. Fecha de publicacion D.O. 24.03.2011."},"geometry":{"type":"Polygon","coordinates":[[[-73.12296825318215,-36.83300944815265],[-73.12293874984823,-36.83327412046704],[-73.12248772316723,-36.833222410442374],[-73.12250377800643,-36.832978710702974],[-73.12296825318215,-36.83300944815265]]]}},{"type":"Feature","properties":{"comuna":"SanPedroDeLaPaz","zona":"AV","zona_code":"AV","nombre":"AV Area verde","decreto":"Publicacion PRC San Pedro de la Paz. Decreto Alc. N°310. Fecha de promulgacion 10.03.2011. Fecha de publicacion D.O. 24.03.2011."},"geometry":{"type":"Polygon","coordinates":[[[-73.12243989757103,-36.832942847125445],[-73.12241180663374,-36.83323383522855],[-73.12189530498338,-36.833184396496556],[-73.12193161556992,-36.8329106997609],[-73.12243989757103,-36.832942847125445]]]}},{"type":"Feature","properties":{"comuna":"SanPedroDeLaPaz","zona":"AV","zona_code":"AV","nombre":"AV Area verde","decreto":"Publicacion PRC San Pedro de la Paz. Decreto Alc. N°310. Fecha de promulgacion 10.03.2011. Fecha de publicacion D.O. 24.03.2011."},"geometry":{"type":"Polygon","coordinates":[[[-73.1218876508227,-36.83290636727906],[-73.12186180509401,-36.83310353601887],[-73.12134941357833,-36.83306274054437],[-73.12137162344986,-36.83286569833413],[-73.1218876508227,-36.83290636727906]]]}},{"type":"Feature","properties":{"comuna":"SanPedroDeLaPaz","zona":"AV","zona_code":"AV","nombre":"AV Area verde","decreto":"Publicacion PRC San Pedro de la Paz. Decreto Alc. N°310. Fecha de promulgacion 10.03.2011. Fecha de publicacion D.O. 24.03.2011."},"geometry":{"type":"Polygon","coordinates":[[[-73.12324452841942,-36.83062408963625],[-73.12317813692141,-36.83101600918417],[-73.12300717941596,-36.831021947909164],[-73.12291451724411,-36.83146750883981],[-73.12283007016191,-36.83145579541984],[-73.12293611517802,-36.8307168272975],[-73.12324452841942,-36.83062408963625]]]}},{"type":"Feature","properties":{"comuna":"SanPedroDeLaPaz","zona":"ZE-3","zona_code":"ZE-3","nombre":"ZE-3 Zona de equipamiento de esparcimiento","decreto":"Publicacion PRC San Pedro de la Paz. Decreto Alc. N°310. Fecha de promulgacion 10.03.2011. Fecha de publicacion D.O. 24.03.2011."},"geometry":{"type":"Polygon","coordinates":[[[-73.11546686490108,-36.85966391474121],[-73.11441307495755,-36.85926569884038],[-73.11401089896955,-36.85889123426897],[-73.1124174753083,-36.858137946681445],[-73.11200664815011,-36.85700384812892],[-73.1121853075485,-36.856528949484876],[-73.11192984018753,-36.85611596420691],[-73.11148316395447,-36.85594395844375],[-73.11086710279226,-36.855332544922064],[-73.11011178088513,-36.85484312977636],[-73.10970426014899,-36.854857243915376],[-73.10993989358313,-36.85435693890406],[-73.11035268181416,-36.853897367631724],[-73.11114888840218,-36.85351825489938],[-73.11129994029643,-36.852528734115786],[-73.11105979822197,-36.85185742600605],[-73.11151547807843,-36.85165415557918],[-73.11161433947319,-36.851322634071],[-73.11244715174166,-36.85108285758791],[-73.11270021080188,-36.85117954688712],[-73.11313783813993,-36.85172682949032],[-73.11337383620592,-36.85177723823456],[-73.11335602755882,-36.85198877458221],[-73.11321551173333,-36.85208738676354],[-73.11261465244282,-36.851487172862186],[-73.11231793275334,-36.85139199627027],[-73.11191482374714,-36.851487988250895],[-73.11166415261489,-36.85170759282038],[-73.11150770364243,-36.852052826802456],[-73.11157421495597,-36.853292600599104],[-73.11236189303038,-36.85356996689353],[-73.11256302080808,-36.85378563324716],[-73.11089996754048,-36.854042458144704],[-73.11024540548364,-36.85461586467359],[-73.11043323030471,-36.85485543077535],[-73.11083498022086,-36.85500556212061],[-73.11151113925722,-36.85565004609653],[-73.11211026271187,-36.85594566442281],[-73.11235631436485,-36.856183208895374],[-73.11256247133274,-36.8564924425193],[-73.11237867512632,-36.857143286482426],[-73.11242975418233,-36.85755163616774],[-73.11296491131573,-36.8580135140245],[-73.11327558517137,-36.85809648692129],[-73.11370572692284,-36.858503412993294],[-73.11430938729453,-36.858611378668606],[-73.11471430422718,-36.85881997407975],[-73.11527979841841,-36.85922393059587],[-73.11546686490108,-36.85966391474121]]]}},{"type":"Feature","properties":{"comuna":"SanPedroDeLaPaz","zona":"ZE-3","zona_code":"ZE-3","nombre":"ZE-3 Zona de equipamiento de esparcimiento","decreto":"Publicacion PRC San Pedro de la Paz. Decreto Alc. N°310. Fecha de promulgacion 10.03.2011. Fecha de publicacion D.O. 24.03.2011."},"geometry":{"type":"Polygon","coordinates":[[[-73.1156987168687,-36.860509343094286],[-73.11581125038907,-36.86058936995941],[-73.11572780896981,-36.861128363927165],[-73.11598101700015,-36.86258429202202],[-73.11573922465527,-36.86269813769899],[-73.11557565699188,-36.86345374357657],[-73.11682318790692,-36.864687693376474],[-73.11749436098934,-36.86550807681903],[-73.11730764478564,-36.86556142688696],[-73.11789409146492,-36.86799299945279],[-73.11803473945956,-36.86938837920924],[-73.11796217576942,-36.86966626300216],[-73.11768895615769,-36.87000969937664],[-73.11694204809544,-36.87022310132604],[-73.11626959249364,-36.87019370381146],[-73.11570411611821,-36.87011957916368],[-73.11529122646475,-36.869899547705856],[-73.11521100436711,-36.86949221106929],[-73.11543454128535,-36.869173938883904],[-73.11568205247046,-36.868216220933995],[-73.11522984916616,-36.86739995116249],[-73.11449924466064,-36.86723780536647],[-73.11364387688845,-36.866517532402284],[-73.11339610323498,-36.866520262761775],[-73.11230293954816,-36.86693898067543],[-73.11179111021579,-36.867999594466816],[-73.11158804662999,-36.86924284858934],[-73.11161963714564,-36.87010300422514],[-73.11134613166251,-36.87030582437851],[-73.11098722331727,-36.8704120025485],[-73.11075085420127,-36.87035574472768],[-73.11034054742674,-36.870047722977475],[-73.10980230676633,-36.86993747280348],[-73.1096612503939,-36.86975487543484],[-73.10967210454852,-36.86954943985998],[-73.10944634085897,-36.8691471396774],[-73.10944520999551,-36.868854236371384],[-73.10965741330288,-36.86846020179679],[-73.10945085516151,-36.86827987346621],[-73.10878996163781,-36.86792193547465],[-73.10849631566212,-36.86788523331205],[-73.10772662106403,-36.86808178968018],[-73.1069132041308,-36.867734980613605],[-73.10678577605113,-36.8675343317155],[-73.10673032494316,-36.86704410666305],[-73.10684848047458,-36.86679980351892],[-73.10753013321231,-36.866729337286294],[-73.10762483136236,-36.865911676982336],[-73.1078808891315,-36.865791493872344],[-73.10815426053195,-36.86585819429653],[-73.10930835801487,-36.86643926912722],[-73.10955970842038,-36.866231362679166],[-73.10980484454204,-36.865771740303344],[-73.10977146309583,-36.86542136544953],[-73.1103038322499,-36.86515099351913],[-73.1105219834666,-36.86486807049396],[-73.11056268796725,-36.86372418370966],[-73.11049699458992,-36.86345109387434],[-73.11006809364847,-36.86306754834197],[-73.10908381715956,-36.862796978255524],[-73.10876051625888,-36.86261483140142],[-73.10841965617954,-36.862105195226405],[-73.1083480137112,-36.861720990628385],[-73.10855324099494,-36.861333059203204],[-73.10879240766246,-36.86110214123902],[-73.10963088694555,-36.86082996209019],[-73.10878285142107,-36.86024414920579],[-73.1083659953766,-36.8597107791011],[-73.10799854156917,-36.859588746984464],[-73.10817218899695,-36.85874784784206],[-73.10815713930677,-36.858467143688365],[-73.10795600918475,-36.858251469985376],[-73.10689112285941,-36.85797195105894],[-73.1061101016488,-36.85700297286615],[-73.10490467767333,-36.85627716565982],[-73.10450594780357,-36.85523050249866],[-73.10389104889082,-36.854911954982015],[-73.1036443997794,-36.85466269447298],[-73.10392137863045,-36.853844590962666],[-73.1040454768065,-36.85371140467445],[-73.10404452097099,-36.8531489857125],[-73.10383324710376,-36.85301567951165],[-73.103604616085,-36.853375118303056],[-73.10277245580914,-36.85403665004775],[-73.10230163682702,-36.85463881447498],[-73.10177556689891,-36.85502610891732],[-73.10165521792567,-36.85522947030032],[-73.1010380570483,-36.855549603094886],[-73.100379649257,-36.85605278391205],[-73.10014958928058,-36.85611346310779],[-73.09983290821143,-36.85605409823354],[-73.0999010813644,-36.85528422953392],[-73.09980899187478,-36.85478940604881],[-73.10007559530591,-36.85445795619774],[-73.10019620073662,-36.85330544948687],[-73.1006796244034,-36.85280245765941],[-73.10085482749354,-36.852397999505314],[-73.10089490185445,-36.85151192425713],[-73.10142713014842,-36.85064399347238],[-73.10207869041002,-36.8506097553001],[-73.10226131381042,-36.85048040596444],[-73.10254917527779,-36.850001745178446],[-73.10229370493742,-36.849723491444614],[-73.10230168430796,-36.849055302881816],[-73.1025362699192,-36.849130682579705],[-73.10420353841519,-36.848000860390236],[-73.1032865999365,-36.847077570364256],[-73.10607656405419,-36.84528639426918],[-73.10775904886803,-36.845140287921915],[-73.10837280296826,-36.845710788138895],[-73.10914082334583,-36.8458951182222],[-73.10971816011796,-36.84592199775644],[-73.11050914679119,-36.84571883771395],[-73.11076601137131,-36.84575095276156],[-73.11204781871857,-36.846323190917786],[-73.11282489089358,-36.84681184286551],[-73.1133248226534,-36.84661875049839],[-73.11542281363042,-36.849170779982785],[-73.11709893223211,-36.84834513366775],[-73.11762063906939,-36.8482860208163],[-73.11825238412877,-36.84837541774455],[-73.11894495463383,-36.84824006348309],[-73.11957495764679,-36.84789010024989],[-73.12014089839137,-36.847975912207474],[-73.11889041589919,-36.848581769872666],[-73.11823328310687,-36.84869831718921],[-73.11726016759407,-36.8486324818136],[-73.11561980005254,-36.84944517370546],[-73.11430613151477,-36.84968992601687],[-73.11410455609341,-36.85055230713064],[-73.1132174238416,-36.85059477694308],[-73.11224388677002,-36.84929855571182],[-73.11260556535915,-36.848430629521516],[-73.11278314574078,-36.84820769698093],[-73.11275227624475,-36.847904106508686],[-73.11253579135388,-36.84740188804289],[-73.11233907552662,-36.84726809261616],[-73.11216299543028,-36.84697539254669],[-73.11217033184208,-36.84684038385564],[-73.11172797427653,-36.84634013134832],[-73.11065950029901,-36.845956772105524],[-73.10808439772855,-36.846195340120154],[-73.10722721490892,-36.84652381180618],[-73.10679041978472,-36.84694318973774],[-73.1065939560636,-36.8469499887109],[-73.10601796151386,-36.84735660386367],[-73.1044819373522,-36.848077649938254],[-73.10435244918911,-36.84824617666826],[-73.10437984187203,-36.84848544346319],[-73.10380413834896,-36.848897897231396],[-73.10340987103056,-36.84902284932247],[-73.10358623789391,-36.84932141250282],[-73.10330855672738,-36.84971769952939],[-73.1034072235617,-36.849790453808936],[-73.10332272005827,-36.84984610495223],[-73.10334666613377,-36.85002104333379],[-73.10310583015631,-36.85015240710076],[-73.10287172175732,-36.85013706621523],[-73.10282915878042,-36.8504314807739],[-73.10258362663015,-36.85047512265584],[-73.10261609919004,-36.850673201828876],[-73.10253472529457,-36.85078733349644],[-73.10203027568205,-36.85103326845397],[-73.10147433782313,-36.851134508150786],[-73.10110556109153,-36.851463632151564],[-73.10094142494896,-36.85268795175137],[-73.1003160529768,-36.85353566309328],[-73.10045791276009,-36.85387057657845],[-73.10029068927328,-36.85415172150938],[-73.10026423597256,-36.85447487422891],[-73.10002392576051,-36.85475268617009],[-73.10011914485692,-36.85530598972413],[-73.10002131940496,-36.855930410892746],[-73.10011842888072,-36.85597392655985],[-73.10122020580383,-36.85530895334686],[-73.10205841783231,-36.854623786905506],[-73.10249629667307,-36.854087209674475],[-73.10346711306735,-36.85329198929796],[-73.10363784108723,-36.85294041195549],[-73.10382422606317,-36.852881237149084],[-73.10398839116714,-36.85295172553919],[-73.10415467540678,-36.853197905962084],[-73.10423505397199,-36.8537458603064],[-73.10402293064463,-36.85400512762092],[-73.10397340827512,-36.85430564243953],[-73.10381730725484,-36.85452196094638],[-73.10386496663018,-36.85473123226128],[-73.10470193929709,-36.855112404063256],[-73.10496435387863,-36.85606418241664],[-73.10630797521094,-36.856919960688145],[-73.10680179810896,-36.857699676025426],[-73.10726804603136,-36.8579647647077],[-73.10778882273097,-36.85802290313322],[-73.10806529979581,-36.858148085882114],[-73.10833029385678,-36.85846700717508],[-73.10837257273514,-36.85871161587849],[-73.10819500841734,-36.85947941498762],[-73.10867896388628,-36.85980247311451],[-73.10881648222902,-36.86005550080046],[-73.10984545432758,-36.86075222379916],[-73.1098428194872,-36.860974951668325],[-73.10882317881577,-36.86126805302192],[-73.10849956107303,-36.86175968515762],[-73.10867459750159,-36.862304357091496],[-73.10904275406,-36.862643140061564],[-73.10988372826095,-36.862824933490195],[-73.11037913104948,-36.863088998582015],[-73.11070174943215,-36.863394199880275],[-73.11076549933392,-36.8637669578912],[-73.11062722800982,-36.86445137517602],[-73.11079601094532,-36.864879083293935],[-73.11040914668774,-36.86527916938626],[-73.10995652390679,-36.865540921026856],[-73.10999944147406,-36.865797223938166],[-73.1095168241295,-36.86658730835141],[-73.10916495710772,-36.86655262523585],[-73.10836774042012,-36.866099804317265],[-73.1078355542681,-36.865965900146385],[-73.10771019028573,-36.8660756993866],[-73.10773451988287,-36.86680135551998],[-73.1070091968794,-36.866873335398125],[-73.1069292482141,-36.86728622273514],[-73.10695571984817,-36.867507943008384],[-73.10707405625872,-36.86753899975748],[-73.10709488326948,-36.86765545636409],[-73.10773525151663,-36.86790279617442],[-73.10864605726658,-36.8677540823188],[-73.10923962265218,-36.86794444621483],[-73.10974007820444,-36.86830207902823],[-73.10989631591967,-36.86849586801354],[-73.10966328135471,-36.868773447677086],[-73.10966817920337,-36.86913652674594],[-73.10999823160078,-36.86985159203801],[-73.11040708679046,-36.869860864167485],[-73.11093793073124,-36.87024087392987],[-73.11117147428241,-36.870244499589674],[-73.1113937157844,-36.87003759765667],[-73.11150012824724,-36.86984642735156],[-73.11146057357435,-36.86910958237182],[-73.11156824043644,-36.86894180414703],[-73.11162191185804,-36.86776817441268],[-73.11222735959704,-36.86682149360802],[-73.11326737590458,-36.866363607170086],[-73.11359966199596,-36.866305217285976],[-73.11388502766104,-36.86645937124555],[-73.11439428849646,-36.86698072669267],[-73.11482836483835,-36.86718830930039],[-73.11540046932788,-36.86725049138702],[-73.11540863788512,-36.867402537538155],[-73.1158912144157,-36.86824118961314],[-73.11566124409114,-36.86884676989625],[-73.11567569818071,-36.8691157742963],[-73.11542928250681,-36.869686769815644],[-73.11564502190255,-36.869901922838835],[-73.1164557173344,-36.87006128104726],[-73.1172860988225,-36.87004418591883],[-73.1177210186335,-36.869724433128276],[-73.11789139438919,-36.8693669896244],[-73.11770926152812,-36.8689631929322],[-73.11775312159443,-36.868422657146496],[-73.11766669591451,-36.867628855116315],[-73.1174695762937,-36.866674846069174],[-73.11709338819315,-36.865645026758344],[-73.11686571531668,-36.8652076536881],[-73.1152493548834,-36.863623249511704],[-73.1155626718232,-36.861854729532105],[-73.11547806215556,-36.86136552052604],[-73.1156987168687,-36.860509343094286]]]}},{"type":"Feature","properties":{"comuna":"SanPedroDeLaPaz","zona":"ZH-12","zona_code":"ZH-12","nombre":"ZH-12 Zona residencial","decreto":"Publicacion PRC San Pedro de la Paz. Decreto Alc. N°310. Fecha de promulgacion 10.03.2011. Fecha de publicacion D.O. 24.03.2011."},"geometry":{"type":"Polygon","coordinates":[[[-73.08366961364827,-36.925714175073686],[-73.08225649086147,-36.92576283047858],[-73.08156491153426,-36.925657740568],[-73.08106604838957,-36.92533509467002],[-73.08078591808068,-36.92473541087749],[-73.08072035974196,-36.924327544764516],[-73.08023732578194,-36.92402778597931],[-73.08005085882361,-36.92354205434481],[-73.07939384267523,-36.9238107308226],[-73.07783778156808,-36.923641611989574],[-73.07737806359061,-36.92350508805609],[-73.0769162945739,-36.92278274295313],[-73.07583413493023,-36.92246840768883],[-73.07566850316118,-36.92209913030893],[-73.07536229993514,-36.92018793490365],[-73.07504548459755,-36.915886671809744],[-73.07452778505518,-36.915482617967236],[-73.07399513475174,-36.914797848016335],[-73.0742286634359,-36.9142508059707],[-73.07341187928662,-36.91261493334486],[-73.0741602760944,-36.91132370291871],[-73.07453025917296,-36.91114694371145],[-73.07443289548021,-36.91096280406614],[-73.0740404814627,-36.91071849228348],[-73.07405809343098,-36.90940549207749],[-73.07442853646174,-36.908689698125286],[-73.07374234119446,-36.90840860533122],[-73.0735463789726,-36.908016930855474],[-73.07364172033519,-36.90761525032803],[-73.07457683922317,-36.90709098072967],[-73.07430766664527,-36.90642059421656],[-73.07448789786572,-36.905969126140135],[-73.07637598225686,-36.904709034447805],[-73.07652831662008,-36.90428195765506],[-73.0763211354857,-36.90367975246186],[-73.07638529584632,-36.9026932517309],[-73.07675785064748,-36.90092277527461],[-73.07661188569172,-36.89982631776128],[-73.07677339412413,-36.899023955777764],[-73.07490993337422,-36.89690847272177],[-73.07455313242109,-36.89513961983344],[-73.07321261229467,-36.894623202122986],[-73.07240929982122,-36.893783663079226],[-73.07153232224465,-36.89320443940343],[-73.07180489765035,-36.892843548744494],[-73.07280335164634,-36.89351234207196],[-73.07358127606129,-36.894423057336944],[-73.0749800451644,-36.89493746942891],[-73.07533560814895,-36.896682927325784],[-73.07726729940794,-36.8989835443885],[-73.07703632350407,-36.899577373563595],[-73.07705161753694,-36.90095955013562],[-73.0767169220671,-36.90289277458739],[-73.07673516617214,-36.903782701047255],[-73.07707801970552,-36.90419275717603],[-73.07698145253512,-36.90457104641062],[-73.0761753615183,-36.90532525562443],[-73.07506799187021,-36.905902326224684],[-73.07473837869661,-36.906288619749695],[-73.07505163891445,-36.90723871807481],[-73.07400249356131,-36.90781377902029],[-73.07402367578202,-36.908211457680466],[-73.07458836455514,-36.90840298032438],[-73.07475644827784,-36.90881904681739],[-73.07447339947501,-36.909531839662954],[-73.07429269271866,-36.910522343701395],[-73.07489650156295,-36.910900005005686],[-73.0748947912143,-36.91141564754236],[-73.07444239889458,-36.91168898138083],[-73.07390462938677,-36.912551137462174],[-73.07389169749307,-36.912856244825754],[-73.0746439167469,-36.914101785907455],[-73.0745869781939,-36.914402545737076],[-73.07437012086575,-36.91471465943711],[-73.07550787307787,-36.91580047548892],[-73.07597652022737,-36.921854188495],[-73.0762599417111,-36.92224285201925],[-73.07702869137165,-36.92242734519553],[-73.07727050915298,-36.92258308068622],[-73.0775006593032,-36.92306731463803],[-73.07774622404375,-36.92329322652892],[-73.07918635844146,-36.923478053210395],[-73.07990101991635,-36.923195676265],[-73.08037593072933,-36.92334338521284],[-73.08046042512778,-36.92383262530794],[-73.08106562170133,-36.92423363881506],[-73.08117675998099,-36.924675089653825],[-73.08146396575378,-36.92513391529647],[-73.08185398150853,-36.92533141069497],[-73.08293952503941,-36.925434653515566],[-73.08353463439985,-36.92537314989054],[-73.08366961364827,-36.925714175073686]]]}},{"type":"Feature","properties":{"comuna":"SanPedroDeLaPaz","zona":"ZRR","zona_code":"ZRR","nombre":"ZRR Zona de riesgo de remocion en masa","decreto":"Publicacion PRC San Pedro de la Paz. Decreto Alc. N°310. Fecha de promulgacion 10.03.2011. Fecha de publicacion D.O. 24.03.2011."},"geometry":{"type":"Polygon","coordinates":[[[-73.07153232224465,-36.89320443940343],[-73.07109881577962,-36.89300839727388],[-73.06916379220027,-36.89255920417747],[-73.06426037709166,-36.89060636881559],[-73.06253676130709,-36.89029043551509],[-73.06156235505973,-36.890347237204296],[-73.06084729013438,-36.890617792530435],[-73.06013064983668,-36.89058373310217],[-73.05918844625039,-36.89042263114366],[-73.0592587582771,-36.89009798291606],[-73.06018484504044,-36.890230341355526],[-73.0608553144587,-36.890219110047184],[-73.0627985365569,-36.89000024196773],[-73.06479171491304,-36.89044754872952],[-73.06958111962506,-36.89245114530045],[-73.07180489765035,-36.892843548744494],[-73.07153232224465,-36.89320443940343]]]}},{"type":"Feature","properties":{"comuna":"SanPedroDeLaPaz","zona":"ZRQ","zona_code":"ZRQ","nombre":"ZRQ Zona de riesgo por drenajes y quebradas","decreto":"Publicacion PRC San Pedro de la Paz. Decreto Alc. N°310. Fecha de promulgacion 10.03.2011. Fecha de publicacion D.O. 24.03.2011."},"geometry":{"type":"Polygon","coordinates":[[[-73.08529408149168,-36.92415835067449],[-73.08514816118742,-36.92361264279208],[-73.08525095221694,-36.923351311528144],[-73.08550942068202,-36.92327210031437],[-73.08616290649275,-36.923483940100084],[-73.08659743843543,-36.92342209500223],[-73.08678888135135,-36.92318114271],[-73.08676887138718,-36.92280686439703],[-73.0870552217078,-36.92270325428223],[-73.08756678108149,-36.922990284023456],[-73.08811910144301,-36.92294780943138],[-73.08825226752437,-36.92270886367699],[-73.08757376850593,-36.92202918776976],[-73.08776770685377,-36.921835018797466],[-73.08899887749018,-36.92193318696686],[-73.08938299096883,-36.92147466744175],[-73.08999231559942,-36.921406783661695],[-73.09015585910282,-36.92119022344599],[-73.0897029269291,-36.920362166919205],[-73.08979818984061,-36.919960478325294],[-73.09020857039792,-36.91999319638015],[-73.09067687216852,-36.9205629299892],[-73.09176827332111,-36.92132208392825],[-73.09333434809207,-36.920588410205404],[-73.0933472006025,-36.92028330515464],[-73.09296878767759,-36.91975735116577],[-73.09248261094142,-36.91939916268793],[-73.09256784216839,-36.918810334477875],[-73.09285667301138,-36.918753495659615],[-73.09479387946857,-36.92004587846977],[-73.09532455562588,-36.92014473022273],[-73.09578819298208,-36.920081847882685],[-73.0960914277979,-36.919204263639],[-73.09611836440185,-36.91861744788136],[-73.09624272548145,-36.918214750024845],[-73.09650868389326,-36.918275869303926],[-73.09705127951617,-36.919686686294604],[-73.09743377864793,-36.91974377734229],[-73.0978923955365,-36.91958731821807],[-73.09901760764001,-36.9187984980285],[-73.09965506157617,-36.91816714213884],[-73.09987335722184,-36.917339356687954],[-73.09985830569067,-36.917058652356374],[-73.09926060341249,-36.91679808952563],[-73.09909738377227,-36.91647563497054],[-73.09943819442734,-36.916299807196566],[-73.10104144985459,-36.91680682576181],[-73.10144275786675,-36.917214784226374],[-73.10207686430772,-36.918153703536916],[-73.10282025102336,-36.91840921165572],[-73.10320149088363,-36.91844289283289],[-73.1033662457299,-36.91824970876035],[-73.10316885176799,-36.91783470199385],[-73.10207865546623,-36.91709904936493],[-73.10119240505657,-36.91635633337301],[-73.0995929219048,-36.91591949159303],[-73.09884329964211,-36.91554700088582],[-73.09877249566273,-36.91531509341157],[-73.09893474876345,-36.915075131332145],[-73.10026073414602,-36.91531051962303],[-73.10059373060139,-36.91553336086996],[-73.10162966194805,-36.915802197595745],[-73.10243630791,-36.91614926361817],[-73.10352498018779,-36.91740054278741],[-73.1049939209267,-36.91812307289937],[-73.10515238980615,-36.917812927511505],[-73.1049524755148,-36.91735114016223],[-73.10384343949157,-36.916264625771504],[-73.10168066893436,-36.91512080717174],[-73.1014554161775,-36.914730195243735],[-73.10165055503774,-36.91455939934187],[-73.10203679453772,-36.91468665215877],[-73.10267491523699,-36.915156722465895],[-73.10272439310043,-36.91499096308407],[-73.10147756852143,-36.91351078903527],[-73.10160816850635,-36.91322504750251],[-73.10280604287678,-36.91379293349623],[-73.1040734952395,-36.91456931780341],[-73.10685511745851,-36.91691030172708],[-73.10713215494684,-36.91772094443612],[-73.10744484349667,-36.91810851570718],[-73.10778689504117,-36.9179560556801],[-73.10798624927435,-36.91677738400864],[-73.10832829484336,-36.916624923109076],[-73.10957300196212,-36.91751920956718],[-73.11013406229357,-36.9176403781251],[-73.11084728137033,-36.91733443268425],[-73.1107747703781,-36.91815718278271],[-73.10982973871988,-36.918494595828314],[-73.10388259655149,-36.91916925594061],[-73.10156223980012,-36.918898000144075],[-73.10005985300872,-36.91918430551624],[-73.09767282036323,-36.920391708689195],[-73.0941168914172,-36.921030105545576],[-73.09153986501708,-36.92196272154352],[-73.0889322072484,-36.923142412854205],[-73.08529408149168,-36.92415835067449]]]}},{"type":"Feature","properties":{"comuna":"SanPedroDeLaPaz","zona":"ZRQ","zona_code":"ZRQ","nombre":"ZRQ Zona de riesgo por drenajes y quebradas","decreto":"Publicacion PRC San Pedro de la Paz. Decreto Alc. N°310. Fecha de promulgacion 10.03.2011. Fecha de publicacion D.O. 24.03.2011."},"geometry":{"type":"Polygon","coordinates":[[[-73.11115097849385,-36.91809727010147],[-73.11130897739261,-36.91560765046343],[-73.11199178336487,-36.91527931833675],[-73.1128340799289,-36.915203240579146],[-73.11437193370375,-36.91449370962384],[-73.11451921254681,-36.91343401227128],[-73.11568174661635,-36.91388581429695],[-73.11626058604466,-36.91379541952635],[-73.11654056020964,-36.91357478451363],[-73.11679912490712,-36.91295649153443],[-73.11713231846605,-36.912640266777295],[-73.11779475678863,-36.912476656934416],[-73.11839011447033,-36.91215132573403],[-73.11877651824877,-36.911739507028486],[-73.11887036044139,-36.91131441323356],[-73.11865007520551,-36.91101740537761],[-73.11769131529718,-36.911097567607484],[-73.1174645751957,-36.9112226163267],[-73.11719988907639,-36.91118493454718],[-73.11803473354612,-36.91042945651854],[-73.11927091915086,-36.910081868553384],[-73.12117678412139,-36.910789019913175],[-73.12263955988217,-36.91085535694797],[-73.12337674543897,-36.910454765506216],[-73.12401884987214,-36.91045587514586],[-73.12483836491954,-36.90995867073072],[-73.12623918094361,-36.90941780318743],[-73.12641279319256,-36.90884931811094],[-73.12640910910729,-36.90824013080425],[-73.12621919650795,-36.907965516062106],[-73.1252795238621,-36.907857593110386],[-73.12531128558695,-36.90736434884974],[-73.12585988444552,-36.906173504965224],[-73.1256674556357,-36.905852106196676],[-73.12587019323459,-36.905282608436586],[-73.1260620432086,-36.90532280521881],[-73.12603838188501,-36.90650710652652],[-73.12612119000786,-36.90723071683282],[-73.1266111642938,-36.90792844333378],[-73.12709396403864,-36.909845047665335],[-73.12724339608539,-36.909910153213715],[-73.12728685243717,-36.911256164896265],[-73.12274308964338,-36.912234436388026],[-73.12208079677814,-36.911859058884275],[-73.12069642741695,-36.91216495504884],[-73.12010864243227,-36.912630646062105],[-73.11652116677375,-36.91484096192674],[-73.11511513909583,-36.915288158232954],[-73.11423202020114,-36.91623277433874],[-73.11288653989172,-36.91726372722326],[-73.11115097849385,-36.91809727010147]]]}},{"type":"Feature","properties":{"comuna":"SanPedroDeLaPaz","zona":"ZRI-1","zona_code":"ZRI-1","nombre":"ZRI-1 Zona de riesgo de inundacion","decreto":"Publicacion PRC San Pedro de la Paz. Decreto Alc. N°310. Fecha de promulgacion 10.03.2011. Fecha de publicacion D.O. 24.03.2011."},"geometry":{"type":"Polygon","coordinates":[[[-73.13207493739597,-36.90798281545427],[-73.13021788054186,-36.90851766867996],[-73.13029263353069,-36.908280714479055],[-73.12891973566433,-36.908797220983296],[-73.12796354655721,-36.90892424705749],[-73.1277236682529,-36.90826469300571],[-73.12786809330478,-36.907966725961856],[-73.12758064561146,-36.9077775317293],[-73.12730091779007,-36.90692016368917],[-73.1271630973304,-36.905718047300574],[-73.12752480916045,-36.90485007482993],[-73.12770529865617,-36.90467974742273],[-73.12775553886148,-36.90344765148487],[-73.12738262458883,-36.90329658207928],[-73.12731238181223,-36.90307639198247],[-73.12702116991245,-36.902817020588145],[-73.12670787684013,-36.902148300930286],[-73.1274277233757,-36.90250993405512],[-73.12787854673219,-36.90248252749493],[-73.12916437168536,-36.90190901299737],[-73.13068697048075,-36.90477514056091],[-73.13207493739597,-36.90798281545427]]]}},{"type":"Feature","properties":{"comuna":"SanPedroDeLaPaz","zona":"ZRI-1","zona_code":"ZRI-1","nombre":"ZRI-1 Zona de riesgo de inundacion","decreto":"Publicacion PRC San Pedro de la Paz. Decreto Alc. N°310. Fecha de promulgacion 10.03.2011. Fecha de publicacion D.O. 24.03.2011."},"geometry":{"type":"Polygon","coordinates":[[[-73.12643827963021,-36.901478059681885],[-73.12621100510073,-36.9013219192646],[-73.12599519556447,-36.90083728762827],[-73.12523724393745,-36.901121438594075],[-73.12497259136869,-36.901083772306],[-73.12492884407496,-36.90135479875229],[-73.12501805478885,-36.90165635455628],[-73.12614370605273,-36.90223823409935],[-73.12659941805839,-36.90311291758807],[-73.12657591734876,-36.90348869835224],[-73.12701839318883,-36.904117771195104],[-73.12702212894176,-36.904457451846014],[-73.12657308305343,-36.905058956571445],[-73.12632308471264,-36.904481774014876],[-73.12557151749732,-36.90434387247155],[-73.12523976954932,-36.904144494344685],[-73.12495996875812,-36.90382613262562],[-73.12486387660891,-36.90312641834726],[-73.12516729494705,-36.90252998507672],[-73.12479961028174,-36.90166395163056],[-73.12471997823076,-36.900998816572795],[-73.12482197768374,-36.90072576436165],[-73.12508668745802,-36.90049392391008],[-73.1258819596629,-36.90036080421107],[-73.12620927528499,-36.900478311936915],[-73.12641367690982,-36.9010219287661],[-73.12643827963021,-36.901478059681885]]]}},{"type":"Feature","properties":{"comuna":"SanPedroDeLaPaz","zona":"ZE-3","zona_code":"ZE-3","nombre":"ZE-3 Zona de equipamiento de esparcimiento","decreto":"Publicacion PRC San Pedro de la Paz. Decreto Alc. N°310. Fecha de promulgacion 10.03.2011. Fecha de publicacion D.O. 24.03.2011."},"geometry":{"type":"Polygon","coordinates":[[[-73.05503908450588,-36.90572164519609],[-73.0547573898247,-36.905637532415696],[-73.05525998780435,-36.9035579999135],[-73.05583727303757,-36.90261254841389],[-73.05645883817128,-36.90112655709986],[-73.05700657866664,-36.89824865800085],[-73.05803111624414,-36.894733399243854],[-73.05822226804291,-36.89243336145771],[-73.05865551607582,-36.89000144417701],[-73.05888912741679,-36.89000517004681],[-73.05852105293253,-36.893105427468285],[-73.0578067226397,-36.896692104948364],[-73.05753877938304,-36.898517543057196],[-73.05722028927569,-36.89966507287505],[-73.05695503938642,-36.89961555555159],[-73.05696310219248,-36.899767612657115],[-73.05718342001013,-36.899795230382374],[-73.05649839977993,-36.90256064559117],[-73.05560660174902,-36.903903545159146],[-73.05527008451719,-36.904711867339536],[-73.05503908450588,-36.90572164519609]]]}},{"type":"Feature","properties":{"comuna":"SanPedroDeLaPaz","zona":"ZE-3","zona_code":"ZE-3","nombre":"ZE-3 Zona de equipamiento de esparcimiento","decreto":"Publicacion PRC San Pedro de la Paz. Decreto Alc. N°310. Fecha de promulgacion 10.03.2011. Fecha de publicacion D.O. 24.03.2011."},"geometry":{"type":"Polygon","coordinates":[[[-73.058940079694,-36.88972805548635],[-73.05873621310555,-36.889735031335746],[-73.0591270767505,-36.887202310200756],[-73.0594780529056,-36.88639348411019],[-73.05994234204758,-36.88442070733221],[-73.0618502232369,-36.87803945799669],[-73.06223488680865,-36.877041985074584],[-73.06363542056141,-36.87429890973097],[-73.06394330111969,-36.87405400675156],[-73.06417223519571,-36.87424536895536],[-73.06289712244597,-36.87632795376199],[-73.06232042713592,-36.87755464287373],[-73.06217282001639,-36.8794462776702],[-73.06094075386818,-36.883167874463304],[-73.06067245971923,-36.883059879569664],[-73.06059129997284,-36.88317983643598],[-73.0608918182977,-36.883345317944176],[-73.05927641263172,-36.8872675077359],[-73.058940079694,-36.88972805548635]]]}},{"type":"Feature","properties":{"comuna":"SanPedroDeLaPaz","zona":"ZRR","zona_code":"ZRR","nombre":"ZRR Zona de riesgo de remocion en masa","decreto":"Publicacion PRC San Pedro de la Paz. Decreto Alc. N°310. Fecha de promulgacion 10.03.2011. Fecha de publicacion D.O. 24.03.2011."},"geometry":{"type":"Polygon","coordinates":[[[-73.0606258189791,-36.88933054676549],[-73.06153671565043,-36.8894516965052],[-73.06276086213073,-36.889702726434415],[-73.06052827099553,-36.8899666518974],[-73.05988196440343,-36.88988331179213],[-73.06031199502323,-36.88973969724551],[-73.0606258189791,-36.88933054676549]]]}},{"type":"Feature","properties":{"comuna":"SanPedroDeLaPaz","zona":"ZH-2","zona_code":"ZH-2","nombre":"ZH-2 Zona residencial","decreto":"Publicacion PRC San Pedro de la Paz. Decreto Alc. N°310. Fecha de promulgacion 10.03.2011. Fecha de publicacion D.O. 24.03.2011."},"geometry":{"type":"Polygon","coordinates":[[[-73.0595261433007,-36.88757534579198],[-73.06029177085367,-36.8885334464084],[-73.06082438730414,-36.88894877776034],[-73.06079000989465,-36.88912572318569],[-73.06031199502323,-36.88973969724551],[-73.05988196440343,-36.88988331179213],[-73.05931992817746,-36.88973849458614],[-73.0595261433007,-36.88757534579198]]]}},{"type":"Feature","properties":{"comuna":"SanPedroDeLaPaz","zona":"ZH-2","zona_code":"ZH-2","nombre":"ZH-2 Zona residencial","decreto":"Publicacion PRC San Pedro de la Paz. Decreto Alc. N°310. Fecha de promulgacion 10.03.2011. Fecha de publicacion D.O. 24.03.2011."},"geometry":{"type":"Polygon","coordinates":[[[-73.05933707929411,-36.89045365917365],[-73.05922850761236,-36.892003176114514],[-73.06003425178771,-36.89220410014716],[-73.06015823705769,-36.89289121272406],[-73.0601314491689,-36.893073756338524],[-73.05993022197599,-36.89326812968872],[-73.05965649014786,-36.89347084247015],[-73.05923913899709,-36.89357886849081],[-73.05883930451587,-36.89387963764429],[-73.05882893708467,-36.894096773060646],[-73.05903020324496,-36.89445314172027],[-73.06015174176504,-36.89510611444948],[-73.0601467981342,-36.89528791154318],[-73.05977143041444,-36.89549996232176],[-73.05909193449459,-36.89561695902725],[-73.05860005800004,-36.895832993109465],[-73.05842252516717,-36.89606170702882],[-73.05829566716378,-36.896558199051405],[-73.0583631078971,-36.89741715671014],[-73.05920272681354,-36.898255550721814],[-73.06011931614525,-36.898481974325406],[-73.06072850040984,-36.898414250764255],[-73.06136962868194,-36.89867352991345],[-73.06137244907318,-36.899001533135184],[-73.06156211431873,-36.89927626825767],[-73.06268854417124,-36.89988217598784],[-73.06338546173276,-36.900092661402695],[-73.06376039173111,-36.90000950990324],[-73.06456112394672,-36.90025158549786],[-73.06408024570533,-36.90053757292143],[-73.06384046313795,-36.900967631313854],[-73.0638845026944,-36.90124735161119],[-73.06417115852727,-36.90142501587173],[-73.06406148119738,-36.90155766986744],[-73.0629642103007,-36.90150151778407],[-73.06250375138418,-36.90162274984799],[-73.06179920443815,-36.90264289700023],[-73.06164797286579,-36.90254261488799],[-73.06135629474859,-36.90172063316319],[-73.06097356568897,-36.90138220118819],[-73.06018553264597,-36.901104513194895],[-73.0597219678893,-36.90116725162718],[-73.0585063617523,-36.90163069300181],[-73.05834896565925,-36.90196418056749],[-73.05777599837731,-36.9018900394772],[-73.05741623551141,-36.90198437175808],[-73.05701496267704,-36.902396505157355],[-73.05657667598726,-36.903348926696296],[-73.05605361271337,-36.90394099070031],[-73.05575955483651,-36.90472442646011],[-73.05571493821702,-36.90498374604048],[-73.05626038001012,-36.90591424339021],[-73.05613239702174,-36.90597720986992],[-73.0554050687479,-36.9057442863225],[-73.05546641431113,-36.90525003731203],[-73.05560065832904,-36.904685917816984],[-73.05595491164681,-36.90386819947095],[-73.05647131314015,-36.903288081028506],[-73.05700363679333,-36.90204535619978],[-73.05792856887733,-36.898164390765494],[-73.05918844625039,-36.89042263114366],[-73.05933707929411,-36.89045365917365]]]}},{"type":"Feature","properties":{"comuna":"SanPedroDeLaPaz","zona":"ZRQ","zona_code":"ZRQ","nombre":"ZRQ Zona de riesgo por drenajes y quebradas","decreto":"Publicacion PRC San Pedro de la Paz. Decreto Alc. N°310. Fecha de promulgacion 10.03.2011. Fecha de publicacion D.O. 24.03.2011."},"geometry":{"type":"Polygon","coordinates":[[[-73.06307069526511,-36.889768280706676],[-73.06153671565043,-36.8894516965052],[-73.0606258189791,-36.88933054676549],[-73.06082438730414,-36.88894877776034],[-73.0630229444746,-36.889418379659695],[-73.06307069526511,-36.889768280706676]]]}},{"type":"Feature","properties":{"comuna":"SanPedroDeLaPaz","zona":"ZH-8","zona_code":"ZH-8","nombre":"ZH-8 Zona residencial","decreto":"Publicacion PRC San Pedro de la Paz. Decreto Alc. N°310. Fecha de promulgacion 10.03.2011. Fecha de publicacion D.O. 24.03.2011."},"geometry":{"type":"Polygon","coordinates":[[[-73.11261465244282,-36.851487172862186],[-73.11341246376361,-36.852259254818],[-73.11341172033998,-36.85251707032804],[-73.11299895896738,-36.85297664947589],[-73.11310460185769,-36.853043293758496],[-73.1135665608122,-36.85295697587362],[-73.11393354609673,-36.853002841747355],[-73.11422011627269,-36.85318039053871],[-73.11406556095828,-36.85356071508706],[-73.11437891139238,-36.85478020969147],[-73.11410803187545,-36.85489506094807],[-73.11413263269563,-36.85508169073781],[-73.11450088531141,-36.85515094739391],[-73.11532859504887,-36.85508709222737],[-73.11554303318299,-36.8552788560504],[-73.1155420834195,-36.85607569151528],[-73.11530711277253,-36.856587702319274],[-73.11541967275281,-36.85678299882474],[-73.11567652366458,-36.85694985632696],[-73.11582384849724,-36.85724940590079],[-73.11588227478809,-36.858337125028044],[-73.11577379275023,-36.85903223123207],[-73.11588175123354,-36.85968467741066],[-73.11546686490108,-36.85966391474121],[-73.11527979841841,-36.85922393059587],[-73.11471430422718,-36.85881997407975],[-73.11430938729453,-36.858611378668606],[-73.11370572692284,-36.858503412993294],[-73.11327558517137,-36.85809648692129],[-73.11296491131573,-36.8580135140245],[-73.11242975418233,-36.85755163616774],[-73.11237867512632,-36.857143286482426],[-73.11256247133274,-36.8564924425193],[-73.11235631436485,-36.856183208895374],[-73.11211026271187,-36.85594566442281],[-73.11151113925722,-36.85565004609653],[-73.11083498022086,-36.85500556212061],[-73.11043323030471,-36.85485543077535],[-73.11024540548364,-36.85461586467359],[-73.11089996754048,-36.854042458144704],[-73.11256302080808,-36.85378563324716],[-73.11236189303038,-36.85356996689353],[-73.11157421495597,-36.853292600599104],[-73.11150770364243,-36.852052826802456],[-73.11166415261489,-36.85170759282038],[-73.11191482374714,-36.851487988250895],[-73.11231793275334,-36.85139199627027],[-73.11261465244282,-36.851487172862186]]]}},{"type":"Feature","properties":{"comuna":"SanPedroDeLaPaz","zona":"ZE-1","zona_code":"ZE-1","nombre":"ZE-1 Zona de equipamiento mixto","decreto":"Publicacion PRC San Pedro de la Paz. Decreto Alc. N°310. Fecha de promulgacion 10.03.2011. Fecha de publicacion D.O. 24.03.2011."},"geometry":{"type":"Polygon","coordinates":[[[-73.0929012514111,-36.849605450633014],[-73.09320569008207,-36.85039176085577],[-73.09339351719103,-36.851451600788955],[-73.09324385570038,-36.85192547445789],[-73.09213961951876,-36.851998710599],[-73.09139400110506,-36.85141509408148],[-73.09112590133856,-36.84939715766065],[-73.0929012514111,-36.849605450633014]]]}},{"type":"Feature","properties":{"comuna":"SanPedroDeLaPaz","zona":"ZH-8","zona_code":"ZH-8","nombre":"ZH-8 Zona residencial","decreto":"Publicacion PRC San Pedro de la Paz. Decreto Alc. N°310. Fecha de promulgacion 10.03.2011. Fecha de publicacion D.O. 24.03.2011."},"geometry":{"type":"Polygon","coordinates":[[[-73.09709237701651,-36.846147628645475],[-73.09693201883825,-36.84645489772102],[-73.09704850473467,-36.84781599778781],[-73.09676489335999,-36.84755627900762],[-73.09671305949986,-36.84699561496811],[-73.09683756080783,-36.8467335259825],[-73.09643931765046,-36.84664767224052],[-73.09621749556526,-36.846725634702686],[-73.09594071889899,-36.847139451357116],[-73.09578889299465,-36.847572390229246],[-73.09600455615667,-36.848197707837976],[-73.0965337487471,-36.84882391942572],[-73.09659499927108,-36.849015148595676],[-73.09651196612329,-36.84923479375404],[-73.0960074159979,-36.84961546033785],[-73.09449821562957,-36.84974956499628],[-73.09420517733098,-36.8498592753868],[-73.09414163185595,-36.85071686700468],[-73.09356300733062,-36.85066652115274],[-73.09325469152652,-36.849534671941164],[-73.09294007549181,-36.8488307372484],[-73.09281297465542,-36.84781567262246],[-73.09322578174033,-36.84653591364341],[-73.09390196259568,-36.84500099408532],[-73.0944131560166,-36.84471092110152],[-73.09482347837056,-36.84515961709822],[-73.09474999850538,-36.845285188848216],[-73.09485499188952,-36.84534015482407],[-73.09526858740927,-36.845167693947],[-73.09569092936107,-36.84515897854949],[-73.09615871382717,-36.84531860015057],[-73.0964010682513,-36.84576137033725],[-73.09680055703664,-36.845870617282365],[-73.09709237701651,-36.846147628645475]]]}},{"type":"Feature","properties":{"comuna":"SanPedroDeLaPaz","zona":"ZH-10","zona_code":"ZH-10","nombre":"ZH-10 Zona residencial","decreto":"Publicacion PRC San Pedro de la Paz. Decreto Alc. N°310. Fecha de promulgacion 10.03.2011. Fecha de publicacion D.O. 24.03.2011."},"geometry":{"type":"Polygon","coordinates":[[[-73.09785131007182,-36.85001465627684],[-73.09835795647545,-36.84980967641658],[-73.09890371446467,-36.84979082723259],[-73.09945908586307,-36.850088023993],[-73.09992251394185,-36.85071063176575],[-73.10000904778407,-36.850965433796425],[-73.0997935419908,-36.85157048428623],[-73.10010900898784,-36.852561454664105],[-73.09992668867658,-36.85269664867701],[-73.09979680466971,-36.852449204068044],[-73.09933726616607,-36.85217213505199],[-73.09945738679045,-36.85182817008388],[-73.0994132819432,-36.851003591306316],[-73.09915227236304,-36.850485308687404],[-73.09860980516049,-36.85029312485743],[-73.09755895504573,-36.850546192514315],[-73.09753127067899,-36.85030107471497],[-73.09785131007182,-36.85001465627684]]]}},{"type":"Feature","properties":{"comuna":"SanPedroDeLaPaz","zona":"ZH-10","zona_code":"ZH-10","nombre":"ZH-10 Zona residencial","decreto":"Publicacion PRC San Pedro de la Paz. Decreto Alc. N°310. Fecha de promulgacion 10.03.2011. Fecha de publicacion D.O. 24.03.2011."},"geometry":{"type":"Polygon","coordinates":[[[-73.09900408782394,-36.852212938916736],[-73.09862866635869,-36.85200912684467],[-73.09872007847527,-36.851537258641386],[-73.09862831615926,-36.851048281738095],[-73.09842496031649,-36.85092640978962],[-73.09711682042852,-36.85127624209657],[-73.09693390756398,-36.850854858455286],[-73.09855369460149,-36.850470829132654],[-73.09895508856101,-36.850615155723816],[-73.09916501217285,-36.8508598364365],[-73.09919449673727,-36.85127479866399],[-73.09920715385746,-36.851784084861315],[-73.09900408782394,-36.852212938916736]]]}},{"type":"Feature","properties":{"comuna":"SanPedroDeLaPaz","zona":"ZRR","zona_code":"ZRR","nombre":"ZRR Zona de riesgo de remocion en masa","decreto":"Publicacion PRC San Pedro de la Paz. Decreto Alc. N°310. Fecha de promulgacion 10.03.2011. Fecha de publicacion D.O. 24.03.2011."},"geometry":{"type":"Polygon","coordinates":[[[-73.0978035053856,-36.84857502093429],[-73.09858813439956,-36.84852448965067],[-73.09984781800837,-36.84972306205592],[-73.09911240673601,-36.849467239676386],[-73.0987441314911,-36.848987813416464],[-73.09845948577896,-36.84884531293802],[-73.09792703670738,-36.848840264541],[-73.0978035053856,-36.84857502093429]]]}},{"type":"Feature","properties":{"comuna":"SanPedroDeLaPaz","zona":"ZRR","zona_code":"ZRR","nombre":"ZRR Zona de riesgo de remocion en masa","decreto":"Publicacion PRC San Pedro de la Paz. Decreto Alc. N°310. Fecha de promulgacion 10.03.2011. Fecha de publicacion D.O. 24.03.2011."},"geometry":{"type":"Polygon","coordinates":[[[-73.09683756080783,-36.8467335259825],[-73.09671305949986,-36.84699561496811],[-73.09676489335999,-36.84755627900762],[-73.09704850473467,-36.84781599778781],[-73.09713306213354,-36.84817047030792],[-73.09734641208733,-36.84847948433938],[-73.09720811991954,-36.849029136165896],[-73.0963581758536,-36.84976740269873],[-73.09742447878554,-36.850076265398066],[-73.09732501799273,-36.85026132563408],[-73.09663992059937,-36.84999203281522],[-73.09601755096189,-36.85007796271494],[-73.09547728010183,-36.84992670110037],[-73.09475115993165,-36.849981052856386],[-73.09455022047759,-36.85004071554889],[-73.09445641273608,-36.8507411601915],[-73.09414163185595,-36.85071686700468],[-73.09420517733098,-36.8498592753868],[-73.09449821562957,-36.84974956499628],[-73.0960074159979,-36.84961546033785],[-73.09651196612329,-36.84923479375404],[-73.09659499927108,-36.849015148595676],[-73.0965337487471,-36.84882391942572],[-73.09600455615667,-36.848197707837976],[-73.09578889299465,-36.847572390229246],[-73.09594071889899,-36.847139451357116],[-73.09621749556526,-36.846725634702686],[-73.09643931765046,-36.84664767224052],[-73.09683756080783,-36.8467335259825]]]}},{"type":"Feature","properties":{"comuna":"SanPedroDeLaPaz","zona":"ZRQ","zona_code":"ZRQ","nombre":"ZRQ Zona de riesgo por drenajes y quebradas","decreto":"Publicacion PRC San Pedro de la Paz. Decreto Alc. N°310. Fecha de promulgacion 10.03.2011. Fecha de publicacion D.O. 24.03.2011."},"geometry":{"type":"Polygon","coordinates":[[[-73.0978035053856,-36.84857502093429],[-73.09792703670738,-36.848840264541],[-73.09788925930249,-36.84929270288683],[-73.0974363051973,-36.84988837254258],[-73.09753086067623,-36.849952485198365],[-73.09742447878554,-36.850076265398066],[-73.0963581758536,-36.84976740269873],[-73.09720811991954,-36.849029136165896],[-73.09734641208733,-36.84847948433938],[-73.0978035053856,-36.84857502093429]]]}},{"type":"Feature","properties":{"comuna":"SanPedroDeLaPaz","zona":"ZH-11","zona_code":"ZH-11","nombre":"ZH-11 Zona residencial","decreto":"Publicacion PRC San Pedro de la Paz. Decreto Alc. N°310. Fecha de promulgacion 10.03.2011. Fecha de publicacion D.O. 24.03.2011."},"geometry":{"type":"Polygon","coordinates":[[[-73.09732501799273,-36.85026132563408],[-73.09732370877947,-36.85057775085548],[-73.09705218753282,-36.85068086717825],[-73.09632793832978,-36.85077031638687],[-73.09445641273608,-36.8507411601915],[-73.09455022047759,-36.85004071554889],[-73.09475115993165,-36.849981052856386],[-73.09547728010183,-36.84992670110037],[-73.09601755096189,-36.85007796271494],[-73.09663992059937,-36.84999203281522],[-73.09732501799273,-36.85026132563408]]]}},{"type":"Feature","properties":{"comuna":"SanPedroDeLaPaz","zona":"ZH-10","zona_code":"ZH-10","nombre":"ZH-10 Zona residencial","decreto":"Publicacion PRC San Pedro de la Paz. Decreto Alc. N°310. Fecha de promulgacion 10.03.2011. Fecha de publicacion D.O. 24.03.2011."},"geometry":{"type":"Polygon","coordinates":[[[-73.09911240673601,-36.849467239676386],[-73.0987022924167,-36.849364226995064],[-73.09836975150294,-36.849416723323635],[-73.09753086067623,-36.849952485198365],[-73.0974363051973,-36.84988837254258],[-73.09788925930249,-36.84929270288683],[-73.09792703670738,-36.848840264541],[-73.09845948577896,-36.84884531293802],[-73.0987441314911,-36.848987813416464],[-73.09911240673601,-36.849467239676386]]]}},{"type":"Feature","properties":{"comuna":"SanPedroDeLaPaz","zona":"AV","zona_code":"AV","nombre":"AV Area verde","decreto":"Publicacion PRC San Pedro de la Paz. Decreto Alc. N°310. Fecha de promulgacion 10.03.2011. Fecha de publicacion D.O. 24.03.2011."},"geometry":{"type":"Polygon","coordinates":[[[-73.09375555034585,-36.85085908188717],[-73.09375857527517,-36.85129107118018],[-73.09366176521767,-36.85128708728734],[-73.0935982141458,-36.850882086085925],[-73.09375555034585,-36.85085908188717]]]}},{"type":"Feature","properties":{"comuna":"SanPedroDeLaPaz","zona":"ZRR","zona_code":"ZRR","nombre":"ZRR Zona de riesgo de remocion en masa","decreto":"Publicacion PRC San Pedro de la Paz. Decreto Alc. N°310. Fecha de promulgacion 10.03.2011. Fecha de publicacion D.O. 24.03.2011."},"geometry":{"type":"Polygon","coordinates":[[[-73.10018501134473,-36.849825660350135],[-73.10027310825308,-36.850109701871446],[-73.10060813693259,-36.850461376318655],[-73.10142713014842,-36.85064399347238],[-73.10122800112329,-36.85106099717531],[-73.1008694382674,-36.85110414708252],[-73.10060953455769,-36.851628709651905],[-73.10057364119298,-36.85266111321501],[-73.10026791960878,-36.85307886910166],[-73.09992668867658,-36.85269664867701],[-73.10010900898784,-36.852561454664105],[-73.10010024889058,-36.852397708776685],[-73.0998303879258,-36.85185043830851],[-73.0997935419908,-36.85157048428623],[-73.10000904778407,-36.850965433796425],[-73.09992251394185,-36.85071063176575],[-73.09945908586307,-36.850088023993],[-73.09890371446467,-36.84979082723259],[-73.09835795647545,-36.84980967641658],[-73.09765983818411,-36.850115010198486],[-73.0984046792663,-36.84959274864144],[-73.09873025664183,-36.849546350944905],[-73.09986310888898,-36.84994077655188],[-73.10018501134473,-36.849825660350135]]]}},{"type":"Feature","properties":{"comuna":"SanPedroDeLaPaz","zona":"ZH-10","zona_code":"ZH-10","nombre":"ZH-10 Zona residencial","decreto":"Publicacion PRC San Pedro de la Paz. Decreto Alc. N°310. Fecha de promulgacion 10.03.2011. Fecha de publicacion D.O. 24.03.2011."},"geometry":{"type":"Polygon","coordinates":[[[-73.0992097579621,-36.852309829746574],[-73.09942876684765,-36.85245166542421],[-73.09964194218085,-36.85282512905868],[-73.09957033289118,-36.85325823048688],[-73.09943848023575,-36.85338289215094],[-73.09868267202323,-36.853564259865095],[-73.09837285217596,-36.85342848844812],[-73.09813031877138,-36.85346029939117],[-73.0977726738562,-36.853657205113365],[-73.09755506941056,-36.85354168232688],[-73.09756726616908,-36.85301982046165],[-73.0989091582717,-36.85261901560172],[-73.0992097579621,-36.852309829746574]]]}},{"type":"Feature","properties":{"comuna":"SanPedroDeLaPaz","zona":"ZH-11","zona_code":"ZH-11","nombre":"ZH-11 Zona residencial","decreto":"Publicacion PRC San Pedro de la Paz. Decreto Alc. N°310. Fecha de promulgacion 10.03.2011. Fecha de publicacion D.O. 24.03.2011."},"geometry":{"type":"Polygon","coordinates":[[[-73.09737551670604,-36.85304694752723],[-73.09727019353342,-36.853736073210804],[-73.09706913405603,-36.85372543840841],[-73.0966945413899,-36.853946361014785],[-73.09639472609106,-36.85399772354944],[-73.09639760252708,-36.85371053828351],[-73.09658193801208,-36.85340830178442],[-73.0970109939673,-36.853115192132925],[-73.09737551670604,-36.85304694752723]]]}},{"type":"Feature","properties":{"comuna":"SanPedroDeLaPaz","zona":"ZH-10","zona_code":"ZH-10","nombre":"ZH-10 Zona residencial","decreto":"Publicacion PRC San Pedro de la Paz. Decreto Alc. N°310. Fecha de promulgacion 10.03.2011. Fecha de publicacion D.O. 24.03.2011."},"geometry":{"type":"Polygon","coordinates":[[[-73.0985595213067,-36.854192484740274],[-73.09855503747666,-36.85479024537585],[-73.09828075144817,-36.85525085202314],[-73.0979642438969,-36.85492196735723],[-73.09664427776222,-36.85436993638449],[-73.09652636647162,-36.85420995807166],[-73.09750245053374,-36.854193835091706],[-73.09779143584981,-36.85400809007146],[-73.0980660925789,-36.85396345260059],[-73.0985595213067,-36.854192484740274]]]}},{"type":"Feature","properties":{"comuna":"SanPedroDeLaPaz","zona":"ZE-1","zona_code":"ZE-1","nombre":"ZE-1 Zona de equipamiento mixto","decreto":"Publicacion PRC San Pedro de la Paz. Decreto Alc. N°310. Fecha de promulgacion 10.03.2011. Fecha de publicacion D.O. 24.03.2011."},"geometry":{"type":"Polygon","coordinates":[[[-73.0985595213067,-36.854192484740274],[-73.09885945071709,-36.85421141917813],[-73.09931611907513,-36.854025737407206],[-73.09935688500305,-36.85410635318978],[-73.09913119095856,-36.854793779662984],[-73.09866019220937,-36.85512056984432],[-73.0987252095276,-36.85538197397269],[-73.09831759525765,-36.85553080627917],[-73.09828075144817,-36.85525085202314],[-73.09855503747666,-36.85479024537585],[-73.0985595213067,-36.854192484740274]]]}},{"type":"Feature","properties":{"comuna":"SanPedroDeLaPaz","zona":"ZE-1","zona_code":"ZE-1","nombre":"ZE-1 Zona de equipamiento mixto","decreto":"Publicacion PRC San Pedro de la Paz. Decreto Alc. N°310. Fecha de promulgacion 10.03.2011. Fecha de publicacion D.O. 24.03.2011."},"geometry":{"type":"Polygon","coordinates":[[[-73.09570957764392,-36.85447836573552],[-73.09553349568489,-36.8547305166646],[-73.09541326495072,-36.85520923603268],[-73.09526128911098,-36.85536681208239],[-73.09450078635413,-36.855187993194605],[-73.09507592158876,-36.85435376188551],[-73.09528562194247,-36.854457844561765],[-73.09570957764392,-36.85447836573552]]]}},{"type":"Feature","properties":{"comuna":"SanPedroDeLaPaz","zona":"ZE-1","zona_code":"ZE-1","nombre":"ZE-1 Zona de equipamiento mixto","decreto":"Publicacion PRC San Pedro de la Paz. Decreto Alc. N°310. Fecha de promulgacion 10.03.2011. Fecha de publicacion D.O. 24.03.2011."},"geometry":{"type":"Polygon","coordinates":[[[-73.09981310684537,-36.85622908380499],[-73.10085033174299,-36.85572013949182],[-73.10068999299507,-36.85599372373563],[-73.10144746387255,-36.85706901512526],[-73.10090321958286,-36.85711711867435],[-73.09938920948076,-36.85661869694541],[-73.09981310684537,-36.85622908380499]]]}},{"type":"Feature","properties":{"comuna":"SanPedroDeLaPaz","zona":"ZH-8","zona_code":"ZH-8","nombre":"ZH-8 Zona residencial","decreto":"Publicacion PRC San Pedro de la Paz. Decreto Alc. N°310. Fecha de promulgacion 10.03.2011. Fecha de publicacion D.O. 24.03.2011."},"geometry":{"type":"Polygon","coordinates":[[[-73.09271268922001,-36.8531053206516],[-73.09204090932181,-36.85636259864975],[-73.0914685123752,-36.85683932959872],[-73.09130821505374,-36.85711436508763],[-73.09149642464052,-36.8576351766978],[-73.09219200847292,-36.85837284759512],[-73.09135466946957,-36.858530616653574],[-73.09078869027242,-36.85885479175102],[-73.09056622457834,-36.8593311732072],[-73.09050136968753,-36.85975524886669],[-73.09074281001944,-36.86018048439433],[-73.09079003141828,-36.86051867222152],[-73.08967294975028,-36.85980723921941],[-73.08925872419698,-36.85942310948959],[-73.08926848440343,-36.85905952148786],[-73.08981449413176,-36.85836107120592],[-73.08987747905462,-36.85790190614951],[-73.08971507194609,-36.85759112309918],[-73.08933059381049,-36.85721768566361],[-73.08775820701301,-36.85617038720545],[-73.0882834193548,-36.85535548334079],[-73.08850818363446,-36.855195408129745],[-73.08939602351859,-36.85516481547219],[-73.08954988388561,-36.85504233523969],[-73.09005552145749,-36.85413435585859],[-73.09271268922001,-36.8531053206516]]]}},{"type":"Feature","properties":{"comuna":"SanPedroDeLaPaz","zona":"ZRR","zona_code":"ZRR","nombre":"ZRR Zona de riesgo de remocion en masa","decreto":"Publicacion PRC San Pedro de la Paz. Decreto Alc. N°310. Fecha de promulgacion 10.03.2011. Fecha de publicacion D.O. 24.03.2011."},"geometry":{"type":"Polygon","coordinates":[[[-73.09942876684765,-36.85245166542421],[-73.09979597076024,-36.85291061957521],[-73.09982522189682,-36.853457414636914],[-73.09885849020442,-36.85371637734836],[-73.09832339162368,-36.85359424459894],[-73.0977726738562,-36.853657205113365],[-73.09813031877138,-36.85346029939117],[-73.09837285217596,-36.85342848844812],[-73.09868267202323,-36.853564259865095],[-73.09943848023575,-36.85338289215094],[-73.09957033289118,-36.85325823048688],[-73.09964194218085,-36.85282512905868],[-73.09942876684765,-36.85245166542421]]]}},{"type":"Feature","properties":{"comuna":"SanPedroDeLaPaz","zona":"ZRR","zona_code":"ZRR","nombre":"ZRR Zona de riesgo de remocion en masa","decreto":"Publicacion PRC San Pedro de la Paz. Decreto Alc. N°310. Fecha de promulgacion 10.03.2011. Fecha de publicacion D.O. 24.03.2011."},"geometry":{"type":"Polygon","coordinates":[[[-73.09652636647162,-36.85420995807166],[-73.09647500045126,-36.85413556554623],[-73.09715162502978,-36.854109276993],[-73.09821395161777,-36.853797226321696],[-73.0986393833163,-36.853981735917394],[-73.09916248360244,-36.85381133606683],[-73.09942430548392,-36.85379936233845],[-73.09963463505619,-36.853915133135985],[-73.09974295576842,-36.85450899704829],[-73.09960271553992,-36.85515831831938],[-73.09893002365608,-36.85675759577634],[-73.09843121590778,-36.857518901808426],[-73.09822736209198,-36.85766069662603],[-73.09803814622893,-36.857667232039134],[-73.09814184742618,-36.85728868182253],[-73.09805391519374,-36.856735124989186],[-73.09853172395206,-36.85667175210115],[-73.09848924815992,-36.85628653227966],[-73.09885180203123,-36.85584045268817],[-73.09887817942003,-36.85565205714322],[-73.09866019220937,-36.85512056984432],[-73.09913119095856,-36.854793779662984],[-73.09935688500305,-36.85410635318978],[-73.09931611907513,-36.854025737407206],[-73.09885945071709,-36.85421141917813],[-73.0985595213067,-36.854192484740274],[-73.0980660925789,-36.85396345260059],[-73.09779143584981,-36.85400809007146],[-73.09750245053374,-36.854193835091706],[-73.09652636647162,-36.85420995807166]]]}},{"type":"Feature","properties":{"comuna":"SanPedroDeLaPaz","zona":"ZRR","zona_code":"ZRR","nombre":"ZRR Zona de riesgo de remocion en masa","decreto":"Publicacion PRC San Pedro de la Paz. Decreto Alc. N°310. Fecha de promulgacion 10.03.2011. Fecha de publicacion D.O. 24.03.2011."},"geometry":{"type":"Polygon","coordinates":[[[-73.10154649069055,-36.856535363641854],[-73.10122566030346,-36.85598985892667],[-73.1012753114936,-36.855759647269345],[-73.10177556689891,-36.85502610891732],[-73.10230163682702,-36.85463881447498],[-73.10277245580914,-36.85403665004775],[-73.103604616085,-36.853375118303056],[-73.10370114554428,-36.85374821217761],[-73.10343885559335,-36.85375142339094],[-73.10307132835797,-36.854103946427976],[-73.10230950565182,-36.855126293834054],[-73.1016940705985,-36.85575103246444],[-73.10156863535681,-36.85599558142563],[-73.10154649069055,-36.856535363641854]]]}},{"type":"Feature","properties":{"comuna":"SanPedroDeLaPaz","zona":"ZRR","zona_code":"ZRR","nombre":"ZRR Zona de riesgo de remocion en masa","decreto":"Publicacion PRC San Pedro de la Paz. Decreto Alc. N°310. Fecha de promulgacion 10.03.2011. Fecha de publicacion D.O. 24.03.2011."},"geometry":{"type":"Polygon","coordinates":[[[-73.10144746387255,-36.85706901512526],[-73.10144515555564,-36.85723021350945],[-73.10116845494127,-36.85750928485605],[-73.10105178102114,-36.857372704758376],[-73.10021455679924,-36.85739577701779],[-73.0995858090443,-36.85695464912873],[-73.09938579384799,-36.85703186620441],[-73.09896109909253,-36.857679295943164],[-73.09847498604077,-36.85786013514685],[-73.09896478809894,-36.85733935292119],[-73.09938920948076,-36.85661869694541],[-73.10090321958286,-36.85711711867435],[-73.10144746387255,-36.85706901512526]]]}},{"type":"Feature","properties":{"comuna":"SanPedroDeLaPaz","zona":"ZRQ","zona_code":"ZRQ","nombre":"ZRQ Zona de riesgo por drenajes y quebradas","decreto":"Publicacion PRC San Pedro de la Paz. Decreto Alc. N°310. Fecha de promulgacion 10.03.2011. Fecha de publicacion D.O. 24.03.2011."},"geometry":{"type":"Polygon","coordinates":[[[-73.10122800112329,-36.85106099717531],[-73.10089490185445,-36.85151192425713],[-73.10085482749354,-36.852397999505314],[-73.1006796244034,-36.85280245765941],[-73.10019620073662,-36.85330544948687],[-73.10007559530591,-36.85445795619774],[-73.09980899187478,-36.85478940604881],[-73.0999010813644,-36.85528422953392],[-73.09983290821143,-36.85605409823354],[-73.10014958928058,-36.85611346310779],[-73.09960894623256,-36.856365032905046],[-73.09896478809894,-36.85733935292119],[-73.09847498604077,-36.85786013514685],[-73.09851229217315,-36.8584212989537],[-73.09838433947746,-36.85861906132029],[-73.09826278904995,-36.85920914793314],[-73.09835856698624,-36.85936402935711],[-73.09801353266303,-36.859592724907884],[-73.0978941299873,-36.85926875072895],[-73.09788241267745,-36.85877700904992],[-73.0977173011286,-36.8586889689928],[-73.09658113742424,-36.85857586668335],[-73.09654577372864,-36.858459910017494],[-73.096540145547,-36.85835464438714],[-73.09755494532259,-36.85824344106586],[-73.09771451076526,-36.85809145920778],[-73.09768548542654,-36.8579577076374],[-73.0975713183042,-36.8578679069925],[-73.09656545208989,-36.857873342670196],[-73.09645137235378,-36.85764878363282],[-73.09822736209198,-36.85766069662603],[-73.09843121590778,-36.857518901808426],[-73.09893002365608,-36.85675759577634],[-73.09960271553992,-36.85515831831938],[-73.09974295576842,-36.85450899704829],[-73.09970904537951,-36.85407954042725],[-73.09963463505619,-36.853915133135985],[-73.09942430548392,-36.85379936233845],[-73.0986393833163,-36.853981735917394],[-73.09821395161777,-36.853797226321696],[-73.09715162502978,-36.854109276993],[-73.09647500045126,-36.85413556554623],[-73.09639472609106,-36.85399772354944],[-73.09706572173272,-36.853866169744926],[-73.09727019353342,-36.853736073210804],[-73.09737551670604,-36.85304694752723],[-73.09756726616908,-36.85301982046165],[-73.09755506941056,-36.85354168232688],[-73.0977726738562,-36.853657205113365],[-73.09832339162368,-36.85359424459894],[-73.09885849020442,-36.85371637734836],[-73.09967028703032,-36.85355943931736],[-73.09982522189682,-36.853457414636914],[-73.09979597076024,-36.85291061957521],[-73.09964632906002,-36.85263456356906],[-73.0992097579621,-36.852309829746574],[-73.09933726616607,-36.85217213505199],[-73.09979680466971,-36.852449204068044],[-73.10000086395638,-36.85285666980782],[-73.10026791960878,-36.85307886910166],[-73.10057364119298,-36.85266111321501],[-73.10060953455769,-36.851628709651905],[-73.1008694382674,-36.85110414708252],[-73.10122800112329,-36.85106099717531]]]}},{"type":"Feature","properties":{"comuna":"SanPedroDeLaPaz","zona":"ZRQ","zona_code":"ZRQ","nombre":"ZRQ Zona de riesgo por drenajes y quebradas","decreto":"Publicacion PRC San Pedro de la Paz. Decreto Alc. N°310. Fecha de promulgacion 10.03.2011. Fecha de publicacion D.O. 24.03.2011."},"geometry":{"type":"Polygon","coordinates":[[[-73.10115922100863,-36.85760920505396],[-73.10144515555564,-36.85723021350945],[-73.10144746387255,-36.85706901512526],[-73.10068999299507,-36.85599372373563],[-73.1010380570483,-36.855549603094886],[-73.10165521792567,-36.85522947030032],[-73.1012753114936,-36.855759647269345],[-73.10122566030346,-36.85598985892667],[-73.10161096979745,-36.85665031223101],[-73.10225099706537,-36.85730195904751],[-73.10161512085536,-36.85768133085556],[-73.10140571679489,-36.8575831090171],[-73.10115922100863,-36.85760920505396]]]}},{"type":"Feature","properties":{"comuna":"SanPedroDeLaPaz","zona":"ZRQ","zona_code":"ZRQ","nombre":"ZRQ Zona de riesgo por drenajes y quebradas","decreto":"Publicacion PRC San Pedro de la Paz. Decreto Alc. N°310. Fecha de promulgacion 10.03.2011. Fecha de publicacion D.O. 24.03.2011."},"geometry":{"type":"Polygon","coordinates":[[[-73.0962837794412,-36.858468954131574],[-73.09648738007536,-36.858731434834596],[-73.09592057279168,-36.858903331942294],[-73.09518740417614,-36.858963789608914],[-73.09481128522546,-36.85929314920351],[-73.0942346022675,-36.859553262659354],[-73.0933794854844,-36.85978782565716],[-73.0931852641935,-36.85970078320512],[-73.09319928737185,-36.859553826686366],[-73.09438480307571,-36.85922584135776],[-73.09476663816005,-36.858866991546144],[-73.09511449261716,-36.85869093842106],[-73.09594226892482,-36.85862721480943],[-73.0962837794412,-36.858468954131574]]]}},{"type":"Feature","properties":{"comuna":"SanPedroDeLaPaz","zona":"ZRQ","zona_code":"ZRQ","nombre":"ZRQ Zona de riesgo por drenajes y quebradas","decreto":"Publicacion PRC San Pedro de la Paz. Decreto Alc. N°310. Fecha de promulgacion 10.03.2011. Fecha de publicacion D.O. 24.03.2011."},"geometry":{"type":"Polygon","coordinates":[[[-73.097923927142,-36.85968956098872],[-73.09808841568918,-36.85976590513991],[-73.09838844934649,-36.85965008305733],[-73.09888073363268,-36.860265837681496],[-73.0987821724841,-36.86155819566798],[-73.0985774352932,-36.86209256716223],[-73.098206553605,-36.86265611198954],[-73.09769308873288,-36.863007800734316],[-73.09742380168667,-36.86301709994819],[-73.09730203554815,-36.862921703605615],[-73.09731323590731,-36.86272211547133],[-73.09757697656683,-36.86247279360953],[-73.09786302924176,-36.86195905103064],[-73.09813177045244,-36.86180329859122],[-73.09834380551409,-36.86072379972077],[-73.09828919070111,-36.86052062531959],[-73.0981285367323,-36.86037970167378],[-73.09785417059524,-36.86043018959533],[-73.09743524468266,-36.86091336627149],[-73.09631669706026,-36.861403119266704],[-73.0962209198349,-36.861248236273724],[-73.09648457366667,-36.86113367403892],[-73.09640866810719,-36.86107770620438],[-73.09616318291066,-36.86098657906014],[-73.09533319388032,-36.8610093690576],[-73.09511682155515,-36.860917235478425],[-73.09533658509827,-36.860663577568694],[-73.09560327639805,-36.860742256506974],[-73.09592099978163,-36.860684418003956],[-73.09616295705582,-36.860845973500865],[-73.09671138353355,-36.86073915763172],[-73.09680326649256,-36.86054850147305],[-73.09612611720344,-36.86056601892951],[-73.09607378281407,-36.86026902260425],[-73.09660983819919,-36.86020364645868],[-73.097923927142,-36.85968956098872]]]}},{"type":"Feature","properties":{"comuna":"SanPedroDeLaPaz","zona":"ZRR","zona_code":"ZRR","nombre":"ZRR Zona de riesgo de remocion en masa","decreto":"Publicacion PRC San Pedro de la Paz. Decreto Alc. N°310. Fecha de promulgacion 10.03.2011. Fecha de publicacion D.O. 24.03.2011."},"geometry":{"type":"Polygon","coordinates":[[[-73.09727019353342,-36.853736073210804],[-73.09706572173272,-36.853866169744926],[-73.0966945413899,-36.853946361014785],[-73.09706913405603,-36.85372543840841],[-73.09727019353342,-36.853736073210804]]]}},{"type":"Feature","properties":{"comuna":"SanPedroDeLaPaz","zona":"ZRQ","zona_code":"ZRQ","nombre":"ZRQ Zona de riesgo por drenajes y quebradas","decreto":"Publicacion PRC San Pedro de la Paz. Decreto Alc. N°310. Fecha de promulgacion 10.03.2011. Fecha de publicacion D.O. 24.03.2011."},"geometry":{"type":"Polygon","coordinates":[[[-73.09616522556003,-36.85393240971842],[-73.09622701883241,-36.854270092134996],[-73.09570957764392,-36.85447836573552],[-73.09528562194247,-36.854457844561765],[-73.09507592158876,-36.85435376188551],[-73.09494234038924,-36.854446254900694],[-73.09450078635413,-36.855187993194605],[-73.09421205634689,-36.85544695855893],[-73.09391656992696,-36.85633012749022],[-73.09366614244453,-36.856555546547185],[-73.09303272361558,-36.85698165943224],[-73.09231184309893,-36.85713541788394],[-73.09226952211348,-36.85702555842934],[-73.09239395881129,-36.85689822981389],[-73.0935723445094,-36.85630099058654],[-73.09393395430412,-36.85542725834267],[-73.0944955710343,-36.85447631790507],[-73.09495578030716,-36.85422022360185],[-73.09537754732533,-36.85419980966629],[-73.09564314284881,-36.8539855827365],[-73.09616522556003,-36.85393240971842]]]}},{"type":"Feature","properties":{"comuna":"SanPedroDeLaPaz","zona":"ZH-10","zona_code":"ZH-10","nombre":"ZH-10 Zona residencial","decreto":"Publicacion PRC San Pedro de la Paz. Decreto Alc. N°310. Fecha de promulgacion 10.03.2011. Fecha de publicacion D.O. 24.03.2011."},"geometry":{"type":"Polygon","coordinates":[[[-73.09656545208989,-36.857873342670196],[-73.0975713183042,-36.8578679069925],[-73.09771451076526,-36.85809145920778],[-73.09755494532259,-36.85824344106586],[-73.096540145547,-36.85835464438714],[-73.09666133735284,-36.85809852860667],[-73.09656545208989,-36.857873342670196]]]}},{"type":"Feature","properties":{"comuna":"SanPedroDeLaPaz","zona":"ZH-10","zona_code":"ZH-10","nombre":"ZH-10 Zona residencial","decreto":"Publicacion PRC San Pedro de la Paz. Decreto Alc. N°310. Fecha de promulgacion 10.03.2011. Fecha de publicacion D.O. 24.03.2011."},"geometry":{"type":"Polygon","coordinates":[[[-73.09831759525765,-36.85553080627917],[-73.0987252095276,-36.85538197397269],[-73.09887817942003,-36.85565205714322],[-73.09885180203123,-36.85584045268817],[-73.09848924815992,-36.85628653227966],[-73.09853172395206,-36.85667175210115],[-73.09805391519374,-36.856735124989186],[-73.09814184742618,-36.85728868182253],[-73.09803814622893,-36.857667232039134],[-73.09645137235378,-36.85764878363282],[-73.0963124489131,-36.85743680102498],[-73.09695827134422,-36.857379352018704],[-73.097346964853,-36.85714915292411],[-73.09809338159295,-36.85610979058996],[-73.09831759525765,-36.85553080627917]]]}},{"type":"Feature","properties":{"comuna":"SanPedroDeLaPaz","zona":"ZH-13","zona_code":"ZH-13","nombre":"ZH-13 Zona residencial","decreto":"Publicacion PRC San Pedro de la Paz. Decreto Alc. N°310. Fecha de promulgacion 10.03.2011. Fecha de publicacion D.O. 24.03.2011."},"geometry":{"type":"Polygon","coordinates":[[[-73.09169835765229,-36.85732062235478],[-73.09303272361558,-36.85698165943224],[-73.0931896300053,-36.85725747404448],[-73.09394259984707,-36.8578408235352],[-73.09322193342189,-36.8581351936838],[-73.09248742439675,-36.858307000559186],[-73.09169835765229,-36.85732062235478]]]}},{"type":"Feature","properties":{"comuna":"SanPedroDeLaPaz","zona":"ZH-13","zona_code":"ZH-13","nombre":"ZH-13 Zona residencial","decreto":"Publicacion PRC San Pedro de la Paz. Decreto Alc. N°310. Fecha de promulgacion 10.03.2011. Fecha de publicacion D.O. 24.03.2011."},"geometry":{"type":"Polygon","coordinates":[[[-73.09407444293254,-36.857988605756134],[-73.0945625288311,-36.85866311467569],[-73.09460925107064,-36.859059906317256],[-73.09438480307571,-36.85922584135776],[-73.09319928737185,-36.859553826686366],[-73.09306211418827,-36.859101564924494],[-73.09263444562333,-36.85846597817924],[-73.09377846914273,-36.85818044292543],[-73.09407444293254,-36.857988605756134]]]}},{"type":"Feature","properties":{"comuna":"SanPedroDeLaPaz","zona":"ZH-11","zona_code":"ZH-11","nombre":"ZH-11 Zona residencial","decreto":"Publicacion PRC San Pedro de la Paz. Decreto Alc. N°310. Fecha de promulgacion 10.03.2011. Fecha de publicacion D.O. 24.03.2011."},"geometry":{"type":"Polygon","coordinates":[[[-73.09622701883241,-36.854270092134996],[-73.0965079550348,-36.85454747949582],[-73.09778778476353,-36.85503059146234],[-73.09798950273374,-36.85525798072044],[-73.09806296094786,-36.85567728360112],[-73.09712363775375,-36.857063121817205],[-73.09665239048502,-36.857249299432965],[-73.09529595964024,-36.857243389650435],[-73.09465794770438,-36.85744703147349],[-73.09394259984707,-36.8578408235352],[-73.0931896300053,-36.85725747404448],[-73.09303272361558,-36.85698165943224],[-73.09391656992696,-36.85633012749022],[-73.09421205634689,-36.85544695855893],[-73.09450078635413,-36.855187993194605],[-73.09526128911098,-36.85536681208239],[-73.09541326495072,-36.85520923603268],[-73.09553349568489,-36.8547305166646],[-73.09570957764392,-36.85447836573552],[-73.09622701883241,-36.854270092134996]],[[-73.09626965614169,-36.85609073440143],[-73.09577555336459,-36.85639487455388],[-73.09586154522374,-36.85650322530455],[-73.09652035257625,-36.856416036560006],[-73.09626965614169,-36.85609073440143]]]}},{"type":"Feature","properties":{"comuna":"SanPedroDeLaPaz","zona":"AV","zona_code":"AV","nombre":"AV Area verde","decreto":"Publicacion PRC San Pedro de la Paz. Decreto Alc. N°310. Fecha de promulgacion 10.03.2011. Fecha de publicacion D.O. 24.03.2011."},"geometry":{"type":"Polygon","coordinates":[[[-73.09626965614169,-36.85609073440143],[-73.09652035257625,-36.856416036560006],[-73.09586154522374,-36.85650322530455],[-73.09577555336459,-36.85639487455388],[-73.09626965614169,-36.85609073440143]]]}},{"type":"Feature","properties":{"comuna":"SanPedroDeLaPaz","zona":"ZH-8","zona_code":"ZH-8","nombre":"ZH-8 Zona residencial","decreto":"Publicacion PRC San Pedro de la Paz. Decreto Alc. N°310. Fecha de promulgacion 10.03.2011. Fecha de publicacion D.O. 24.03.2011."},"geometry":{"type":"Polygon","coordinates":[[[-73.0936879711999,-36.851709487891455],[-73.09422623170258,-36.8525053057328],[-73.09463623658617,-36.85349302969928],[-73.09506603492207,-36.85375942527976],[-73.09495578030716,-36.85422022360185],[-73.0944955710343,-36.85447631790507],[-73.09393395430412,-36.85542725834267],[-73.0935723445094,-36.85630099058654],[-73.09239395881129,-36.85689822981389],[-73.09226952211348,-36.85702555842934],[-73.09231184309893,-36.85713541788394],[-73.09169835765229,-36.85732062235478],[-73.0916201652789,-36.85715341043552],[-73.09236211652653,-36.85650678221552],[-73.09262772934484,-36.8556099992975],[-73.092766750175,-36.85452716774177],[-73.09313267132052,-36.852915069317845],[-73.0936879711999,-36.851709487891455]]]}},{"type":"Feature","properties":{"comuna":"SanPedroDeLaPaz","zona":"ZH-13","zona_code":"ZH-13","nombre":"ZH-13 Zona residencial","decreto":"Publicacion PRC San Pedro de la Paz. Decreto Alc. N°310. Fecha de promulgacion 10.03.2011. Fecha de publicacion D.O. 24.03.2011."},"geometry":{"type":"Polygon","coordinates":[[[-73.0933794854844,-36.85978782565716],[-73.09481128522546,-36.85929314920351],[-73.0955360024687,-36.85982473337951],[-73.09568772254842,-36.86007142730083],[-73.09562102129576,-36.86046041679214],[-73.09511682155515,-36.860917235478425],[-73.09533319388032,-36.8610093690576],[-73.09616318291066,-36.86098657906014],[-73.09648457366667,-36.86113367403892],[-73.09533364634781,-36.86176807952873],[-73.0950953918643,-36.86126657828394],[-73.09455678265674,-36.86087504295335],[-73.09443051587863,-36.86042240692129],[-73.09423638286408,-36.86020060894646],[-73.0933794854844,-36.85978782565716]]]}},{"type":"Feature","properties":{"comuna":"SanPedroDeLaPaz","zona":"ZE-1","zona_code":"ZE-1","nombre":"ZE-1 Zona de equipamiento mixto","decreto":"Publicacion PRC San Pedro de la Paz. Decreto Alc. N°310. Fecha de promulgacion 10.03.2011. Fecha de publicacion D.O. 24.03.2011."},"geometry":{"type":"Polygon","coordinates":[[[-73.09533364634781,-36.86176807952873],[-73.0962209198349,-36.861248236273724],[-73.09631669706026,-36.861403119266704],[-73.09695410990318,-36.8611877701479],[-73.09743524468266,-36.86091336627149],[-73.09785417059524,-36.86043018959533],[-73.0981285367323,-36.86037970167378],[-73.09828919070111,-36.86052062531959],[-73.09834380551409,-36.86072379972077],[-73.09813177045244,-36.86180329859122],[-73.09786302924176,-36.86195905103064],[-73.09757697656683,-36.86247279360953],[-73.0968592828497,-36.863027804502266],[-73.09608860847004,-36.862796619322346],[-73.09562521431127,-36.86203924180661],[-73.09533364634781,-36.86176807952873]]]}},{"type":"Feature","properties":{"comuna":"SanPedroDeLaPaz","zona":"ZE-1","zona_code":"ZE-1","nombre":"ZE-1 Zona de equipamiento mixto","decreto":"Publicacion PRC San Pedro de la Paz. Decreto Alc. N°310. Fecha de promulgacion 10.03.2011. Fecha de publicacion D.O. 24.03.2011."},"geometry":{"type":"Polygon","coordinates":[[[-73.09628823288286,-36.864348191723295],[-73.09622459746011,-36.86588541560938],[-73.09608707439709,-36.866177248674646],[-73.09582715684124,-36.86636198708414],[-73.09521148264115,-36.86616645943812],[-73.09502273405695,-36.865909323469744],[-73.09501969534507,-36.86571608527445],[-73.09508944090719,-36.865520335721484],[-73.09560967503334,-36.86502195077346],[-73.09572192366738,-36.864666543022764],[-73.09536246589643,-36.86367122267187],[-73.0953876010317,-36.86345943524632],[-73.095673585588,-36.86308045396384],[-73.09590179375652,-36.86298469357246],[-73.096448272148,-36.86297754689006],[-73.0967092583418,-36.863085713457465],[-73.09694676301977,-36.863300151530474],[-73.09703549302591,-36.86359589071866],[-73.09702045521335,-36.863860059321226],[-73.09686079131609,-36.864146798784695],[-73.09659963018261,-36.86430814602537],[-73.09628823288286,-36.864348191723295]]]}},{"type":"Feature","properties":{"comuna":"SanPedroDeLaPaz","zona":"ZH-8","zona_code":"ZH-8","nombre":"ZH-8 Zona residencial","decreto":"Publicacion PRC San Pedro de la Paz. Decreto Alc. N°310. Fecha de promulgacion 10.03.2011. Fecha de publicacion D.O. 24.03.2011."},"geometry":{"type":"Polygon","coordinates":[[[-73.09324385570038,-36.85192547445789],[-73.09280488761684,-36.85292051572588],[-73.09046490241316,-36.85374527583167],[-73.09004044156593,-36.853988403732515],[-73.08942689325586,-36.85492353728586],[-73.08925722987834,-36.855023126518574],[-73.08844819359145,-36.85502756673977],[-73.08757294101713,-36.855977566297796],[-73.08757512194597,-36.85560838082312],[-73.0879607120591,-36.85490960636071],[-73.0881585511608,-36.85479147153702],[-73.08917956339421,-36.85479730483613],[-73.08928435382214,-36.85471166969865],[-73.08925334887677,-36.85385733861243],[-73.08935917536047,-36.85365448851706],[-73.08976055716673,-36.85338872394105],[-73.08980151158816,-36.853199827664156],[-73.08911401261857,-36.85274894801913],[-73.08897282885879,-36.852425714496015],[-73.08906294340295,-36.851655092656685],[-73.08940318125487,-36.85106333750435],[-73.08986327761606,-36.85053189841189],[-73.08979070727756,-36.85026489001228],[-73.08950679721093,-36.84999930519727],[-73.08930428237069,-36.8496195959328],[-73.08923929558868,-36.848948061546935],[-73.0893914743707,-36.8485209760923],[-73.0896638223531,-36.84816005690225],[-73.09015811403106,-36.84799654926617],[-73.09103371423718,-36.848147995244084],[-73.09140890448276,-36.84862134936854],[-73.09169519442412,-36.848658350606854],[-73.09125074754739,-36.84770695457423],[-73.09139107193819,-36.84746776069032],[-73.09194303879394,-36.84715578535799],[-73.09274141486449,-36.845997487663695],[-73.093213013527,-36.84568241904101],[-73.09249808014384,-36.84785729087478],[-73.0925035352425,-36.848642195071996],[-73.0929012514111,-36.849605450633014],[-73.09112590133856,-36.84939715766065],[-73.09139400110506,-36.85141509408148],[-73.09213961951876,-36.851998710599],[-73.09324385570038,-36.85192547445789]]]}},{"type":"Feature","properties":{"comuna":"SanPedroDeLaPaz","zona":"ZH-9","zona_code":"ZH-9","nombre":"ZH-9 Zona residencial","decreto":"Publicacion PRC San Pedro de la Paz. Decreto Alc. N°310. Fecha de promulgacion 10.03.2011. Fecha de publicacion D.O. 24.03.2011."},"geometry":{"type":"Polygon","coordinates":[[[-73.09423920141344,-36.84442251244673],[-73.09364766444054,-36.84481202801729],[-73.093213013527,-36.84568241904101],[-73.09274141486449,-36.845997487663695],[-73.09194303879394,-36.84715578535799],[-73.09139107193819,-36.84746776069032],[-73.09125074754739,-36.84770695457423],[-73.0916280369771,-36.846580755680286],[-73.09188634302215,-36.846366788292784],[-73.09175721729494,-36.845996271396686],[-73.09176769098693,-36.84550962144674],[-73.09238967073594,-36.8445976220374],[-73.0927847529983,-36.84421488731974],[-73.09423920141344,-36.84442251244673]]]}},{"type":"Feature","properties":{"comuna":"SanPedroDeLaPaz","zona":"ZRQ","zona_code":"ZRQ","nombre":"ZRQ Zona de riesgo por drenajes y quebradas","decreto":"Publicacion PRC San Pedro de la Paz. Decreto Alc. N°310. Fecha de promulgacion 10.03.2011. Fecha de publicacion D.O. 24.03.2011."},"geometry":{"type":"Polygon","coordinates":[[[-73.09079003141828,-36.86051867222152],[-73.0907477557864,-36.86122905622834],[-73.09062674442195,-36.86142071306564],[-73.09045519522711,-36.86148521560952],[-73.09018257340887,-36.86129541033451],[-73.08955413954934,-36.86044995396592],[-73.08872987852445,-36.86085332731518],[-73.0887594154189,-36.86113353680567],[-73.08914453685122,-36.8615186711721],[-73.08922086448432,-36.86185585750658],[-73.0882591184851,-36.86159605152901],[-73.08816658820031,-36.86177500650645],[-73.08816453477161,-36.862829679748394],[-73.0883876948276,-36.864005488087535],[-73.08827873440792,-36.86414985637857],[-73.08800653025014,-36.86424125892361],[-73.08768939118103,-36.86349052766351],[-73.087600151481,-36.861817955868254],[-73.08770764583664,-36.861099467440866],[-73.0875362988359,-36.86089444936197],[-73.08678895877995,-36.8608264479104],[-73.08684676380999,-36.86054322967947],[-73.08741714100566,-36.86030094591637],[-73.08760677356372,-36.8597553939693],[-73.08805902854046,-36.859212512959324],[-73.08860547449406,-36.85879528085673],[-73.08876328837812,-36.85847346311236],[-73.08867116311073,-36.858113385550645],[-73.08814445737578,-36.85753392419285],[-73.08719233320038,-36.8567699109709],[-73.08682949583417,-36.856665229628426],[-73.0865847624724,-36.856451019445835],[-73.08660379037609,-36.85598750974469],[-73.08699386245999,-36.855235854450385],[-73.08681702002272,-36.85602117886431],[-73.0868668182664,-36.85627139735002],[-73.0870378406933,-36.85647056878574],[-73.08773264043995,-36.85692120842213],[-73.0880040939708,-36.8569528696194],[-73.0881319706555,-36.856889875136616],[-73.08804910301704,-36.85642987665954],[-73.08933059381049,-36.85721768566361],[-73.08971507194609,-36.85759112309918],[-73.08987747905462,-36.85790190614951],[-73.08981449413176,-36.85836107120592],[-73.08926848440343,-36.85905952148786],[-73.08925872419698,-36.85942310948959],[-73.08967294975028,-36.85980723921941],[-73.09079003141828,-36.86051867222152]]]}},{"type":"Feature","properties":{"comuna":"SanPedroDeLaPaz","zona":"ZRQ","zona_code":"ZRQ","nombre":"ZRQ Zona de riesgo por drenajes y quebradas","decreto":"Publicacion PRC San Pedro de la Paz. Decreto Alc. N°310. Fecha de promulgacion 10.03.2011. Fecha de publicacion D.O. 24.03.2011."},"geometry":{"type":"Polygon","coordinates":[[[-73.0916280369771,-36.846580755680286],[-73.09125074754739,-36.84770695457423],[-73.09169519442412,-36.848658350606854],[-73.09140890448276,-36.84862134936854],[-73.09103371423718,-36.848147995244084],[-73.09085562308388,-36.847679563278035],[-73.09112171968047,-36.847201678015566],[-73.0913148339574,-36.846585695181794],[-73.0916280369771,-36.846580755680286]]]}},{"type":"Feature","properties":{"comuna":"SanPedroDeLaPaz","zona":"ZH-16","zona_code":"ZH-16","nombre":"ZH-16 Zona residencial","decreto":"Publicacion PRC San Pedro de la Paz. Decreto Alc. N°310. Fecha de promulgacion 10.03.2011. Fecha de publicacion D.O. 24.03.2011."},"geometry":{"type":"Polygon","coordinates":[[[-73.09116794167025,-36.847033773645876],[-73.09085562308388,-36.847679563278035],[-73.09103371423718,-36.848147995244084],[-73.09015811403106,-36.84799654926617],[-73.08986195419816,-36.84804776866028],[-73.0896638223531,-36.84816005690225],[-73.0893914743707,-36.8485209760923],[-73.08923929558868,-36.848948061546935],[-73.08930428237069,-36.8496195959328],[-73.0898640008713,-36.850408836067494],[-73.08986327761606,-36.85053189841189],[-73.08940318125487,-36.85106333750435],[-73.08906294340295,-36.851655092656685],[-73.08895473248718,-36.85208652133268],[-73.08897282885879,-36.852425714496015],[-73.08911401261857,-36.85274894801913],[-73.08980151158816,-36.853199827664156],[-73.08976055716673,-36.85338872394105],[-73.08935917536047,-36.85365448851706],[-73.08925334887677,-36.85385733861243],[-73.08930628574417,-36.85457615869863],[-73.08901789122237,-36.85436345874414],[-73.0889047757382,-36.85415643531832],[-73.08889052318355,-36.85375266204791],[-73.08907462859959,-36.853377206769224],[-73.08942465838841,-36.85324210886589],[-73.08830281810035,-36.8527124489927],[-73.0885446244291,-36.852598658472544],[-73.08858433357581,-36.85238636947608],[-73.08865072828627,-36.85035104197287],[-73.08859812083621,-36.8500481910704],[-73.08792302657088,-36.84873561705972],[-73.08798903562774,-36.848469692604255],[-73.08842116611814,-36.848097412605036],[-73.08920268278605,-36.84798846226538],[-73.08986619899147,-36.8474441551605],[-73.0901784692575,-36.847421675581494],[-73.09084883892191,-36.84700602343289],[-73.09116794167025,-36.847033773645876]]]}},{"type":"Feature","properties":{"comuna":"SanPedroDeLaPaz","zona":"ZE-1","zona_code":"ZE-1","nombre":"ZE-1 Zona de equipamiento mixto","decreto":"Publicacion PRC San Pedro de la Paz. Decreto Alc. N°310. Fecha de promulgacion 10.03.2011. Fecha de publicacion D.O. 24.03.2011."},"geometry":{"type":"Polygon","coordinates":[[[-73.1081499111037,-36.859012267402576],[-73.10797473725292,-36.85941673487781],[-73.10799854156917,-36.859588746984464],[-73.1083659953766,-36.8597107791011],[-73.10868895028938,-36.860090675824296],[-73.1083207683038,-36.86015908312506],[-73.10772639315468,-36.85981641168311],[-73.10771197076382,-36.85954740320779],[-73.10787070994188,-36.85910835197642],[-73.1081499111037,-36.859012267402576]]]}},{"type":"Feature","properties":{"comuna":"SanPedroDeLaPaz","zona":"ZE-1","zona_code":"ZE-1","nombre":"ZE-1 Zona de equipamiento mixto","decreto":"Publicacion PRC San Pedro de la Paz. Decreto Alc. N°310. Fecha de promulgacion 10.03.2011. Fecha de publicacion D.O. 24.03.2011."},"geometry":{"type":"Polygon","coordinates":[[[-73.10855324099494,-36.861333059203204],[-73.1083480137112,-36.861720990628385],[-73.10841965617954,-36.862105195226405],[-73.10876051625888,-36.86261483140142],[-73.10908381715956,-36.862796978255524],[-73.10791541248038,-36.8627978864191],[-73.10792891243209,-36.86236972240603],[-73.10805534177214,-36.86200795453447],[-73.10855324099494,-36.861333059203204]]]}},{"type":"Feature","properties":{"comuna":"SanPedroDeLaPaz","zona":"ZH-10","zona_code":"ZH-10","nombre":"ZH-10 Zona residencial","decreto":"Publicacion PRC San Pedro de la Paz. Decreto Alc. N°310. Fecha de promulgacion 10.03.2011. Fecha de publicacion D.O. 24.03.2011."},"geometry":{"type":"Polygon","coordinates":[[[-73.10209375483332,-36.85783762320483],[-73.10235559241802,-36.858098079639724],[-73.10062039881407,-36.859189217204545],[-73.09955299336373,-36.85995260010725],[-73.09948897780718,-36.86011886014636],[-73.09888073363268,-36.860265837681496],[-73.09848454074869,-36.85981081267885],[-73.09839576864431,-36.859582453085935],[-73.09907707266639,-36.858961313740366],[-73.0991079264731,-36.85817515777184],[-73.09920872509701,-36.85787873208903],[-73.09941766503584,-36.85769574799202],[-73.09970501090902,-36.85761551377221],[-73.10126020523242,-36.85806563704295],[-73.10209375483332,-36.85783762320483]]]}},{"type":"Feature","properties":{"comuna":"SanPedroDeLaPaz","zona":"ZH-11","zona_code":"ZH-11","nombre":"ZH-11 Zona residencial","decreto":"Publicacion PRC San Pedro de la Paz. Decreto Alc. N°310. Fecha de promulgacion 10.03.2011. Fecha de publicacion D.O. 24.03.2011."},"geometry":{"type":"Polygon","coordinates":[[[-73.10507417839862,-36.85808022804319],[-73.10605409836232,-36.8586790815068],[-73.10621093227869,-36.85888457405095],[-73.10622722914248,-36.859188670484045],[-73.10612238275591,-36.85940907690008],[-73.10590938095322,-36.859516048080096],[-73.10485795486944,-36.85948797692058],[-73.10501295057784,-36.8589787523316],[-73.10516303173164,-36.858786077372145],[-73.10519705553531,-36.85846852070315],[-73.10507417839862,-36.85808022804319]]]}},{"type":"Feature","properties":{"comuna":"SanPedroDeLaPaz","zona":"ZH-11","zona_code":"ZH-11","nombre":"ZH-11 Zona residencial","decreto":"Publicacion PRC San Pedro de la Paz. Decreto Alc. N°310. Fecha de promulgacion 10.03.2011. Fecha de publicacion D.O. 24.03.2011."},"geometry":{"type":"Polygon","coordinates":[[[-73.0968592828497,-36.863027804502266],[-73.09731323590731,-36.86272211547133],[-73.09730203554815,-36.862921703605615],[-73.09742380168667,-36.86301709994819],[-73.09769308873288,-36.863007800734316],[-73.098206553605,-36.86265611198954],[-73.0985774352932,-36.86209256716223],[-73.0987821724841,-36.86155819566798],[-73.09888073363268,-36.860265837681496],[-73.09948897780718,-36.86011886014636],[-73.09941927627227,-36.860792109519814],[-73.09953218852418,-36.86140339073033],[-73.09983851696624,-36.86188202391678],[-73.1002986648257,-36.86230553916354],[-73.09915623336923,-36.86357537583091],[-73.0987222832768,-36.86377785066077],[-73.09722589123682,-36.863747505967474],[-73.09706454743637,-36.8631847659182],[-73.0968592828497,-36.863027804502266]],[[-73.09920427735017,-36.86208849005298],[-73.09877213013229,-36.86246081062931],[-73.098505956275,-36.863073469315545],[-73.09930256493183,-36.86229015531279],[-73.09920427735017,-36.86208849005298]]]}},{"type":"Feature","properties":{"comuna":"SanPedroDeLaPaz","zona":"AV","zona_code":"AV","nombre":"AV Area verde","decreto":"Publicacion PRC San Pedro de la Paz. Decreto Alc. N°310. Fecha de promulgacion 10.03.2011. Fecha de publicacion D.O. 24.03.2011."},"geometry":{"type":"Polygon","coordinates":[[[-73.09920427735017,-36.86208849005298],[-73.09930256493183,-36.86229015531279],[-73.098505956275,-36.863073469315545],[-73.09877213013229,-36.86246081062931],[-73.09920427735017,-36.86208849005298]]]}},{"type":"Feature","properties":{"comuna":"SanPedroDeLaPaz","zona":"ZH-10","zona_code":"ZH-10","nombre":"ZH-10 Zona residencial","decreto":"Publicacion PRC San Pedro de la Paz. Decreto Alc. N°310. Fecha de promulgacion 10.03.2011. Fecha de publicacion D.O. 24.03.2011."},"geometry":{"type":"Polygon","coordinates":[[[-73.10370114554428,-36.85374821217761],[-73.1036807296364,-36.85404772129473],[-73.10342737002946,-36.85449003845519],[-73.10313300120006,-36.85471113708126],[-73.10293284450768,-36.85505787227708],[-73.10299544633266,-36.85513773133456],[-73.10332706821609,-36.855067676919624],[-73.10359140465718,-36.85537491508548],[-73.1042033209158,-36.85536547117169],[-73.10436139373131,-36.855594358147265],[-73.10449961078608,-36.85626920677006],[-73.10475002809096,-36.85658864153619],[-73.10578424403722,-36.85738482136342],[-73.10617067861864,-36.85779328843136],[-73.1071329123988,-36.858334156453225],[-73.10753015288383,-36.858671938139416],[-73.10760028620446,-36.858892146576665],[-73.10728781897659,-36.8598638169269],[-73.10703898889768,-36.86011850181749],[-73.10635224142602,-36.860364905488005],[-73.10568408539281,-36.86014195358409],[-73.10517743697203,-36.859667337791045],[-73.10500465368227,-36.859708467846076],[-73.10517854841335,-36.85996024282972],[-73.10516120250995,-36.86045298817977],[-73.10544778305366,-36.86063055640708],[-73.1056058731779,-36.86085944200266],[-73.10548239421072,-36.861004327019145],[-73.1043702421685,-36.8614763572971],[-73.10401608315522,-36.86221510590935],[-73.10371730291871,-36.862354335298974],[-73.10308576316147,-36.862270715552654],[-73.10205480218295,-36.86235323094341],[-73.10183067494103,-36.86252502756868],[-73.10198938591061,-36.86276561341341],[-73.10162658518921,-36.86307109868369],[-73.10016925720554,-36.86336167911099],[-73.10076801548688,-36.86542088831923],[-73.10034071156842,-36.86561142177293],[-73.10026057013035,-36.866293820274585],[-73.09984906856856,-36.86650724125426],[-73.09810038488835,-36.866532497951276],[-73.09724716628051,-36.86666742371492],[-73.09582715684124,-36.86636198708414],[-73.09608707439709,-36.866177248674646],[-73.09622459746011,-36.86588541560938],[-73.09628823288286,-36.864348191723295],[-73.09659963018261,-36.86430814602537],[-73.09686079131609,-36.864146798784695],[-73.09702045521335,-36.863860059321226],[-73.09736780230536,-36.864015043307965],[-73.09787977444921,-36.864044234133104],[-73.09922349288435,-36.863810336256755],[-73.09964265314045,-36.86346775835131],[-73.10095708396614,-36.861869734996894],[-73.10150840362766,-36.86168077221791],[-73.10251932619417,-36.86176886137183],[-73.10332223302187,-36.86151260287002],[-73.1038463840127,-36.8612249681889],[-73.10430040445249,-36.860717120089085],[-73.10457021192305,-36.86030938379045],[-73.10485795486944,-36.85948797692058],[-73.10590938095322,-36.859516048080096],[-73.10612238275591,-36.85940907690008],[-73.10622722914248,-36.859188670484045],[-73.10621093227869,-36.85888457405095],[-73.10605409836232,-36.8586790815068],[-73.10507417839862,-36.85808022804319],[-73.10467166270871,-36.857575642348934],[-73.10446890622117,-36.85746547847999],[-73.10360202370286,-36.857343128799116],[-73.10251291849534,-36.857972533657716],[-73.1021536548761,-36.85766271526575],[-73.10139413491915,-36.85791160638866],[-73.09977978559903,-36.85744595277775],[-73.09948993712192,-36.85747940177846],[-73.09915031494944,-36.85767275995942],[-73.09891914672255,-36.85798540666649],[-73.0988793656303,-36.858877330737506],[-73.09835856698624,-36.85936402935711],[-73.09826278904995,-36.85920914793314],[-73.09838433947746,-36.85861906132029],[-73.09851229217315,-36.8584212989537],[-73.09847498604077,-36.85786013514685],[-73.09896109909253,-36.857679295943164],[-73.09938579384799,-36.85703186620441],[-73.0995858090443,-36.85695464912873],[-73.10021455679924,-36.85739577701779],[-73.10105178102114,-36.857372704758376],[-73.10115922100863,-36.85760920505396],[-73.10140571679489,-36.8575831090171],[-73.10161512085536,-36.85768133085556],[-73.10225099706537,-36.85730195904751],[-73.10154649069055,-36.856535363641854],[-73.10156863535681,-36.85599558142563],[-73.10189767732672,-36.855468627178176],[-73.10230950565182,-36.855126293834054],[-73.10307132835797,-36.854103946427976],[-73.10343885559335,-36.85375142339094],[-73.10370114554428,-36.85374821217761]],[[-73.09971213752766,-36.86422115211422],[-73.09927912336464,-36.86444117373976],[-73.0995365948222,-36.8646197623429],[-73.0998413390724,-36.864591656017886],[-73.09971213752766,-36.86422115211422]]]}},{"type":"Feature","properties":{"comuna":"SanPedroDeLaPaz","zona":"AV","zona_code":"AV","nombre":"AV Area verde","decreto":"Publicacion PRC San Pedro de la Paz. Decreto Alc. N°310. Fecha de promulgacion 10.03.2011. Fecha de publicacion D.O. 24.03.2011."},"geometry":{"type":"Polygon","coordinates":[[[-73.09971213752766,-36.86422115211422],[-73.0998413390724,-36.864591656017886],[-73.0995365948222,-36.8646197623429],[-73.09927912336464,-36.86444117373976],[-73.09971213752766,-36.86422115211422]]]}},{"type":"Feature","properties":{"comuna":"SanPedroDeLaPaz","zona":"ZH-11","zona_code":"ZH-11","nombre":"ZH-11 Zona residencial","decreto":"Publicacion PRC San Pedro de la Paz. Decreto Alc. N°310. Fecha de promulgacion 10.03.2011. Fecha de publicacion D.O. 24.03.2011."},"geometry":{"type":"Polygon","coordinates":[[[-73.10365336108886,-36.85748489550687],[-73.10431334377395,-36.857555812543445],[-73.10463215459231,-36.85779085698253],[-73.10499504346743,-36.858440356807364],[-73.10502213059021,-36.8586737740941],[-73.1047903573852,-36.858974735322434],[-73.10442293435482,-36.86028225511898],[-73.10395906032109,-36.86087832680711],[-73.10330000422113,-36.86136982887418],[-73.10250312384264,-36.86160244351018],[-73.10125735505741,-36.86162207377882],[-73.10075252027696,-36.8618621579308],[-73.1004437941851,-36.862224358994624],[-73.09970388462047,-36.86134179940963],[-73.0995703890631,-36.860754665482816],[-73.09971000850592,-36.8600936466294],[-73.10060588131395,-36.85939477910012],[-73.10365336108886,-36.85748489550687]]]}},{"type":"Feature","properties":{"comuna":"SanPedroDeLaPaz","zona":"ZRI-1","zona_code":"ZRI-1","nombre":"ZRI-1 Zona de riesgo de inundacion","decreto":"Publicacion PRC San Pedro de la Paz. Decreto Alc. N°310. Fecha de promulgacion 10.03.2011. Fecha de publicacion D.O. 24.03.2011."},"geometry":{"type":"Polygon","coordinates":[[[-73.12449650331939,-36.84817614401881],[-73.12482343353176,-36.84883268669031],[-73.12487645715646,-36.84927611476037],[-73.12476342714923,-36.8506978812865],[-73.12463040676236,-36.85120636420038],[-73.12470805630075,-36.8518364187942],[-73.12450974307664,-36.852757288877896],[-73.12469549026113,-36.8537702690029],[-73.1246763039419,-36.854497431135066],[-73.12479266077865,-36.85476289242952],[-73.12521780161929,-36.85507620830758],[-73.12531519951705,-36.85526030450175],[-73.12541700671439,-36.85552627203811],[-73.12543960112048,-36.8562168278753],[-73.12536479660896,-36.856723287567135],[-73.12508763414817,-36.85672120494007],[-73.1247972492641,-36.85647351108842],[-73.12453904879963,-36.85655279188164],[-73.12440798424957,-36.85682685407206],[-73.12470814482002,-36.85833971608908],[-73.125150308407,-36.85896881617883],[-73.12522364058124,-36.85924749027318],[-73.12528486588852,-36.85984296218428],[-73.12517520941881,-36.86051467978578],[-73.12530970059177,-36.86165833411228],[-73.12543684974132,-36.861853113370984],[-73.12543474979435,-36.862626551723295],[-73.12558212441286,-36.86292608671825],[-73.12554027882405,-36.86323219966771],[-73.1253756875798,-36.86342540464338],[-73.12493594122009,-36.86311259864664],[-73.12470557029413,-36.86316747803961],[-73.12475168365751,-36.86348225167521],[-73.12504265586466,-36.86401114833131],[-73.12493236473222,-36.86467117036727],[-73.12462654734928,-36.865220814063456],[-73.12446565580684,-36.865753700514325],[-73.1246243704863,-36.86626376003791],[-73.12460974267672,-36.86653377396813],[-73.12487112559285,-36.86651296958874],[-73.12504468150627,-36.86594448898854],[-73.12533076542432,-36.86584080156054],[-73.12550921790803,-36.865904902773615],[-73.12561083808598,-36.8669793923558],[-73.12603409907196,-36.86752712009067],[-73.1257573264782,-36.86834526286772],[-73.12592689853349,-36.86851513110991],[-73.12597169708916,-36.86907602036826],[-73.1259512072273,-36.87004929662074],[-73.12585368636627,-36.87026946392693],[-73.12587563985005,-36.87108307614264],[-73.12613495330083,-36.871835705231284],[-73.12610801253305,-36.87201240624982],[-73.12340267309784,-36.874045730202546],[-73.12296118158378,-36.87410794424936],[-73.12258810791921,-36.873951002556055],[-73.12216003144545,-36.87358505266649],[-73.12177315331803,-36.87303604622281],[-73.12156919367034,-36.872498261704436],[-73.12117144877334,-36.870256428870626],[-73.12106837350245,-36.86996706769218],[-73.12055212682776,-36.86931709082342],[-73.12042334401502,-36.868278691956554],[-73.12007504949692,-36.866954972459574],[-73.12022007119393,-36.86666871281746],[-73.1200293897072,-36.86529264978901],[-73.11966431853247,-36.86501238388207],[-73.11865114645948,-36.86488350942775],[-73.11771723550959,-36.86433003972968],[-73.1165548838692,-36.8629173788667],[-73.11621736971985,-36.861792472195084],[-73.11609149517962,-36.86080669421816],[-73.1156987168687,-36.860509343094286],[-73.11565049102178,-36.860198024521424],[-73.11489898082924,-36.85947562028661],[-73.11546686490108,-36.85966391474121],[-73.11588175123354,-36.85968467741066],[-73.11577379275023,-36.85903223123207],[-73.11588227478809,-36.858337125028044],[-73.11582384849724,-36.85724940590079],[-73.11567652366458,-36.85694985632696],[-73.11541967275281,-36.85678299882474],[-73.11530711277253,-36.856587702319274],[-73.1155420834195,-36.85607569151528],[-73.11554303318299,-36.8552788560504],[-73.11532859504887,-36.85508709222737],[-73.11450088531141,-36.85515094739391],[-73.11413263269563,-36.85508169073781],[-73.11410803187545,-36.85489506094807],[-73.11437891139238,-36.85478020969147],[-73.11406556095828,-36.85356071508706],[-73.11422011627269,-36.85318039053871],[-73.11393354609673,-36.853002841747355],[-73.1135665608122,-36.85295697587362],[-73.11310460185769,-36.853043293758496],[-73.11299895896738,-36.85297664947589],[-73.11341172033998,-36.85251707032804],[-73.11341246376361,-36.852259254818],[-73.11321551173333,-36.85208738676354],[-73.11335602755882,-36.85198877458221],[-73.11337383620592,-36.85177723823456],[-73.1139456801608,-36.85180282169964],[-73.11426905652662,-36.85171544513626],[-73.1144150749964,-36.85131198102273],[-73.1141177257762,-36.851205112308236],[-73.1138200064474,-36.85122715202366],[-73.1132174238416,-36.85059477694308],[-73.11410455609341,-36.85055230713064],[-73.11430613151477,-36.84968992601687],[-73.11561980005254,-36.84944517370546],[-73.11726016759407,-36.8486324818136],[-73.11823328310687,-36.84869831718921],[-73.11889041589919,-36.848581769872666],[-73.12014089839137,-36.847975912207474],[-73.12449650331939,-36.84817614401881]],[[-73.1236841287041,-36.850149507735495],[-73.12326783163239,-36.849999925514595],[-73.12278686415661,-36.85027442477788],[-73.12195301393756,-36.849951860428185],[-73.12146386650672,-36.850074308779355],[-73.12105691641511,-36.850369665921434],[-73.12063846280675,-36.8509935162779],[-73.12035161388012,-36.8516245131296],[-73.12035089393923,-36.85188232666563],[-73.11964521902274,-36.852316945748015],[-73.11797637479546,-36.85300762396574],[-73.11716231181326,-36.853867826965114],[-73.11685071368406,-36.85458169877412],[-73.11720129048024,-36.856221729843284],[-73.11699566161171,-36.85782247026472],[-73.11714080672446,-36.858895460895724],[-73.11825356619373,-36.861692524776146],[-73.11950856270573,-36.863336306318715],[-73.12034489644667,-36.86424468043106],[-73.12069532452996,-36.86479495917548],[-73.12116547935742,-36.86702842107592],[-73.12204609560665,-36.86821646668092],[-73.12251773447178,-36.86993429317552],[-73.12260350805613,-36.87098590151812],[-73.12273633469266,-36.871285945328076],[-73.12392498496794,-36.87115089425389],[-73.12475026352836,-36.87130968824398],[-73.12511111020238,-36.870969048594574],[-73.12507610856723,-36.8692360550213],[-73.12446752895697,-36.86822605931961],[-73.12440566780397,-36.86761889199751],[-73.12370584554776,-36.867080769282154],[-73.12393415410979,-36.86536205716708],[-73.12427357124724,-36.86462376534693],[-73.12415097451371,-36.86397183790493],[-73.12415297785158,-36.86130014358042],[-73.12399624400075,-36.86055566117766],[-73.12422927695029,-36.860008549689795],[-73.124136104961,-36.85827757512473],[-73.12434253893747,-36.85777825885153],[-73.1238859127096,-36.85688015145908],[-73.12404340399169,-36.854929546370045],[-73.12360332177802,-36.853796509020256],[-73.12385427757437,-36.85249884499201],[-73.12406447759088,-36.852069704217115],[-73.12418106222133,-36.851526640025924],[-73.12406746654135,-36.850499433870795],[-73.1236841287041,-36.850149507735495]]]}},{"type":"Feature","properties":{"comuna":"SanPedroDeLaPaz","zona":"ZRI-2","zona_code":"ZRI-2","nombre":"ZRI-2 Zona de riesgo de inundacion","decreto":"Publicacion PRC San Pedro de la Paz. Decreto Alc. N°310. Fecha de promulgacion 10.03.2011. Fecha de publicacion D.O. 24.03.2011."},"geometry":{"type":"Polygon","coordinates":[[[-73.12195301393756,-36.849951860428185],[-73.12278686415661,-36.85027442477788],[-73.12326783163239,-36.849999925514595],[-73.1236841287041,-36.850149507735495],[-73.12406746654135,-36.850499433870795],[-73.12418106222133,-36.851526640025924],[-73.12406447759088,-36.852069704217115],[-73.12385427757437,-36.85249884499201],[-73.12360332177802,-36.853796509020256],[-73.12404340399169,-36.854929546370045],[-73.1238859127096,-36.85688015145908],[-73.12434253893747,-36.85777825885153],[-73.124136104961,-36.85827757512473],[-73.12422927695029,-36.860008549689795],[-73.12399624400075,-36.86055566117766],[-73.12415297785158,-36.86130014358042],[-73.12415097451371,-36.86397183790493],[-73.12427357124724,-36.86462376534693],[-73.12393415410979,-36.86536205716708],[-73.12370584554776,-36.867080769282154],[-73.12440566780397,-36.86761889199751],[-73.12446752895697,-36.86822605931961],[-73.12507610856723,-36.8692360550213],[-73.12511111020238,-36.870969048594574],[-73.12475026352836,-36.87130968824398],[-73.12392498496794,-36.87115089425389],[-73.12273633469266,-36.871285945328076],[-73.12260350805613,-36.87098590151812],[-73.12251773447178,-36.86993429317552],[-73.12204609560665,-36.86821646668092],[-73.12116547935742,-36.86702842107592],[-73.12069532452996,-36.86479495917548],[-73.12034489644667,-36.86424468043106],[-73.11950856270573,-36.863336306318715],[-73.11825356619373,-36.861692524776146],[-73.11714080672446,-36.858895460895724],[-73.11699566161171,-36.85782247026472],[-73.11720129048024,-36.856221729843284],[-73.11685071368406,-36.85458169877412],[-73.11716231181326,-36.853867826965114],[-73.11797637479546,-36.85300762396574],[-73.11964521902274,-36.852316945748015],[-73.12035089393923,-36.85188232666563],[-73.12035161388012,-36.8516245131296],[-73.12063846280675,-36.8509935162779],[-73.12105691641511,-36.850369665921434],[-73.12146386650672,-36.850074308779355],[-73.12195301393756,-36.849951860428185]]]}},{"type":"Feature","properties":{"comuna":"SanPedroDeLaPaz","zona":"ZH-13","zona_code":"ZH-13","nombre":"ZH-13 Zona residencial","decreto":"Publicacion PRC San Pedro de la Paz. Decreto Alc. N°310. Fecha de promulgacion 10.03.2011. Fecha de publicacion D.O. 24.03.2011."},"geometry":{"type":"Polygon","coordinates":[[[-73.09045519522711,-36.86148521560952],[-73.09008117066803,-36.861717816553366],[-73.0897511819417,-36.86209244257487],[-73.08942474010237,-36.86280676086278],[-73.08865078963711,-36.86360680637013],[-73.0883876948276,-36.864005488087535],[-73.08816453477161,-36.862829679748394],[-73.08816658820031,-36.86177500650645],[-73.0882591184851,-36.86159605152901],[-73.08922086448432,-36.86185585750658],[-73.08914453685122,-36.8615186711721],[-73.0887594154189,-36.86113353680567],[-73.08872987852445,-36.86085332731518],[-73.08955413954934,-36.86044995396592],[-73.09018257340887,-36.86129541033451],[-73.09045519522711,-36.86148521560952]]]}},{"type":"Feature","properties":{"comuna":"SanPedroDeLaPaz","zona":"ZH-13","zona_code":"ZH-13","nombre":"ZH-13 Zona residencial","decreto":"Publicacion PRC San Pedro de la Paz. Decreto Alc. N°310. Fecha de promulgacion 10.03.2011. Fecha de publicacion D.O. 24.03.2011."},"geometry":{"type":"Polygon","coordinates":[[[-73.08800653025014,-36.86424125892361],[-73.08784147015915,-36.86429088741961],[-73.08749606241629,-36.86410358380624],[-73.08711509707622,-36.86406983544991],[-73.08688676668673,-36.863890214928695],[-73.0864602596358,-36.86300263299786],[-73.08659666489943,-36.86091216594572],[-73.08678895877995,-36.8608264479104],[-73.0875362988359,-36.86089444936197],[-73.08770764583664,-36.861099467440866],[-73.087600151481,-36.861817955868254],[-73.08768939118103,-36.86349052766351],[-73.08800653025014,-36.86424125892361]]]}},{"type":"Feature","properties":{"comuna":"SanPedroDeLaPaz","zona":"ZH-16","zona_code":"ZH-16","nombre":"ZH-16 Zona residencial","decreto":"Publicacion PRC San Pedro de la Paz. Decreto Alc. N°310. Fecha de promulgacion 10.03.2011. Fecha de publicacion D.O. 24.03.2011."},"geometry":{"type":"Polygon","coordinates":[[[-73.08241782138954,-36.861852820296605],[-73.08177650395676,-36.86213267496409],[-73.08139951399076,-36.86189956792483],[-73.08114191978001,-36.86117020435117],[-73.0814018875801,-36.860575371704584],[-73.08238545744996,-36.86042435896944],[-73.08269758437311,-36.86026128864509],[-73.08233969720337,-36.860660289412984],[-73.0820475092427,-36.861197644210826],[-73.0820655809377,-36.861536839009275],[-73.08241782138954,-36.861852820296605]]]}},{"type":"Feature","properties":{"comuna":"SanPedroDeLaPaz","zona":"ZH-16","zona_code":"ZH-16","nombre":"ZH-16 Zona residencial","decreto":"Publicacion PRC San Pedro de la Paz. Decreto Alc. N°310. Fecha de promulgacion 10.03.2011. Fecha de publicacion D.O. 24.03.2011."},"geometry":{"type":"Polygon","coordinates":[[[-73.08261047099792,-36.85999477545089],[-73.0823280800752,-36.86016854106128],[-73.08167555903411,-36.86023785883475],[-73.08112266376988,-36.859987365379055],[-73.0808540345025,-36.85959819785711],[-73.08082475631826,-36.859048466062895],[-73.08135442281264,-36.85831546216315],[-73.08220260298894,-36.858087084152544],[-73.08301939518907,-36.857543397955496],[-73.08375629217636,-36.857963317884185],[-73.08409106549173,-36.857951796636215],[-73.08434474170234,-36.85806024351476],[-73.0840251467729,-36.858082961280836],[-73.08343937533502,-36.85858355089978],[-73.08242983632593,-36.85879405457856],[-73.08199543714093,-36.85912537965834],[-73.08196089285072,-36.85957184505232],[-73.08261047099792,-36.85999477545089]]]}},{"type":"Feature","properties":{"comuna":"SanPedroDeLaPaz","zona":"ZH-16","zona_code":"ZH-16","nombre":"ZH-16 Zona residencial","decreto":"Publicacion PRC San Pedro de la Paz. Decreto Alc. N°310. Fecha de promulgacion 10.03.2011. Fecha de publicacion D.O. 24.03.2011."},"geometry":{"type":"Polygon","coordinates":[[[-73.08423683573392,-36.857677269836515],[-73.08352758396468,-36.85750247613045],[-73.08314874368229,-36.857234284340706],[-73.08339016978843,-36.856839287874685],[-73.0835800102689,-36.856844473318034],[-73.08368834856249,-36.85668841348878],[-73.08380893549348,-36.85703579796404],[-73.0839455422249,-36.85713655770704],[-73.08417468530835,-36.85705836462858],[-73.08408838355155,-36.85735427963757],[-73.08423683573392,-36.857677269836515]]]}},{"type":"Feature","properties":{"comuna":"SanPedroDeLaPaz","zona":"ZH-16","zona_code":"ZH-16","nombre":"ZH-16 Zona residencial","decreto":"Publicacion PRC San Pedro de la Paz. Decreto Alc. N°310. Fecha de promulgacion 10.03.2011. Fecha de publicacion D.O. 24.03.2011."},"geometry":{"type":"Polygon","coordinates":[[[-73.08399191927057,-36.85691232291895],[-73.08381373551907,-36.85657863827284],[-73.08353594133021,-36.856564761915934],[-73.08431197002778,-36.855530322119456],[-73.08442550910864,-36.85519831532278],[-73.0843937170207,-36.85460180063374],[-73.08476748761703,-36.85368080356253],[-73.0851661805192,-36.85363778502142],[-73.08516096785375,-36.85422385550515],[-73.08527002008861,-36.854354857029506],[-73.08573005113651,-36.854368313127374],[-73.08479560309515,-36.85571287826544],[-73.08451893941901,-36.85626728004989],[-73.08446996221711,-36.85657948819173],[-73.08399191927057,-36.85691232291895]]]}},{"type":"Feature","properties":{"comuna":"SanPedroDeLaPaz","zona":"ZH-16","zona_code":"ZH-16","nombre":"ZH-16 Zona residencial","decreto":"Publicacion PRC San Pedro de la Paz. Decreto Alc. N°310. Fecha de promulgacion 10.03.2011. Fecha de publicacion D.O. 24.03.2011."},"geometry":{"type":"Polygon","coordinates":[[[-73.08532129211592,-36.853538702652],[-73.08673609399978,-36.85327320901209],[-73.08704204900636,-36.85326853120094],[-73.08734343052002,-36.85345149484314],[-73.08697042021649,-36.85342918898913],[-73.08652068541878,-36.85360872628695],[-73.08616014713485,-36.85382034345278],[-73.08585075421728,-36.85417081375348],[-73.08542450965763,-36.85424407797949],[-73.08534321181247,-36.854223441002425],[-73.08532129211592,-36.853538702652]]]}},{"type":"Feature","properties":{"comuna":"SanPedroDeLaPaz","zona":"ZH-9","zona_code":"ZH-9","nombre":"ZH-9 Zona residencial","decreto":"Publicacion PRC San Pedro de la Paz. Decreto Alc. N°310. Fecha de promulgacion 10.03.2011. Fecha de publicacion D.O. 24.03.2011."},"geometry":{"type":"Polygon","coordinates":[[[-73.08135442281264,-36.85831546216315],[-73.08166730671932,-36.85761920729081],[-73.08207049518194,-36.857523313971946],[-73.08241817678964,-36.857206689314594],[-73.08263775205425,-36.857222570812404],[-73.08301939518907,-36.857543397955496],[-73.08220260298894,-36.858087084152544],[-73.08135442281264,-36.85831546216315]]]}},{"type":"Feature","properties":{"comuna":"SanPedroDeLaPaz","zona":"ZH-9","zona_code":"ZH-9","nombre":"ZH-9 Zona residencial","decreto":"Publicacion PRC San Pedro de la Paz. Decreto Alc. N°310. Fecha de promulgacion 10.03.2011. Fecha de publicacion D.O. 24.03.2011."},"geometry":{"type":"Polygon","coordinates":[[[-73.08314874368229,-36.857234284340706],[-73.08280297810855,-36.85676575010258],[-73.08295291192971,-36.85643249159245],[-73.08322095461841,-36.8559897094889],[-73.08348356826355,-36.85599239064934],[-73.0839467417154,-36.85565421121906],[-73.08400507023367,-36.855517448625655],[-73.08381015433713,-36.85514332852259],[-73.08386807855929,-36.85472535139071],[-73.0841025137971,-36.854746577514774],[-73.0843937170207,-36.85460180063374],[-73.08442550910864,-36.85519831532278],[-73.08431197002778,-36.855530322119456],[-73.08368295804763,-36.8563136289209],[-73.08338468906949,-36.85618913714644],[-73.08331118046053,-36.85631470437966],[-73.08349841637288,-36.856407862930766],[-73.08327788971997,-36.85678456285972],[-73.08339016978843,-36.856839287874685],[-73.08314874368229,-36.857234284340706]]]}},{"type":"Feature","properties":{"comuna":"SanPedroDeLaPaz","zona":"ZH-9","zona_code":"ZH-9","nombre":"ZH-9 Zona residencial","decreto":"Publicacion PRC San Pedro de la Paz. Decreto Alc. N°310. Fecha de promulgacion 10.03.2011. Fecha de publicacion D.O. 24.03.2011."},"geometry":{"type":"Polygon","coordinates":[[[-73.08476748761703,-36.85368080356253],[-73.08458834896557,-36.854149824317325],[-73.08446317098675,-36.85440020653458],[-73.08437627760989,-36.85386417817247],[-73.08476748761703,-36.85368080356253]]]}},{"type":"Feature","properties":{"comuna":"SanPedroDeLaPaz","zona":"ZH-9","zona_code":"ZH-9","nombre":"ZH-9 Zona residencial","decreto":"Publicacion PRC San Pedro de la Paz. Decreto Alc. N°310. Fecha de promulgacion 10.03.2011. Fecha de publicacion D.O. 24.03.2011."},"geometry":{"type":"Polygon","coordinates":[[[-73.08789701668161,-36.85316877640374],[-73.08437961198415,-36.85365314217312],[-73.08423936432195,-36.85375757072581],[-73.08418477694363,-36.85396451129575],[-73.08429839427933,-36.85431799493595],[-73.08424100100167,-36.854472301714054],[-73.08378865124396,-36.85473980224891],[-73.0837851305163,-36.85440010646236],[-73.08358378499858,-36.853768414121355],[-73.08360354570769,-36.85359196634682],[-73.0839005747372,-36.85328294010659],[-73.08437869158693,-36.85322547317635],[-73.08477884329288,-36.85293633088342],[-73.08525602128198,-36.85286131632197],[-73.08575420072538,-36.852633244699796],[-73.08634365114152,-36.85261294916063],[-73.08703799543025,-36.852782381499274],[-73.08767058815933,-36.85261412045655],[-73.08811512269368,-36.85302064897139],[-73.08811221310076,-36.853102773995765],[-73.08789701668161,-36.85316877640374]]]}},{"type":"Feature","properties":{"comuna":"SanPedroDeLaPaz","zona":"ZH-9","zona_code":"ZH-9","nombre":"ZH-9 Zona residencial","decreto":"Publicacion PRC San Pedro de la Paz. Decreto Alc. N°310. Fecha de promulgacion 10.03.2011. Fecha de publicacion D.O. 24.03.2011."},"geometry":{"type":"Polygon","coordinates":[[[-73.08830281810035,-36.8527124489927],[-73.08773426073765,-36.852304334608654],[-73.08789071669214,-36.85209388398035],[-73.08782688254439,-36.85158049863134],[-73.08817191665013,-36.8513518332422],[-73.08792563964883,-36.8511083845849],[-73.08811920434754,-36.85077361804804],[-73.08808198639532,-36.85062256851305],[-73.0876183400121,-36.85040418377016],[-73.08771543319502,-36.85003758622634],[-73.08806118766184,-36.849685859569185],[-73.08800754485242,-36.849500222421696],[-73.08781210926372,-36.84938977608167],[-73.08728505846955,-36.849349341154756],[-73.08717715476845,-36.848966368754],[-73.0871915033449,-36.84841513742799],[-73.08737030498256,-36.84794026686954],[-73.08785222920953,-36.84740808335459],[-73.08839984577259,-36.847014249595006],[-73.08932668147382,-36.847169802167805],[-73.0899085873508,-36.84659901210667],[-73.09030546450563,-36.84638613163505],[-73.0913148339574,-36.846585695181794],[-73.09116794167025,-36.847033773645876],[-73.09084883892191,-36.84700602343289],[-73.0901784692575,-36.847421675581494],[-73.08986619899147,-36.8474441551605],[-73.08920268278605,-36.84798846226538],[-73.08842116611814,-36.848097412605036],[-73.08798903562774,-36.848469692604255],[-73.08792302657088,-36.84873561705972],[-73.08859812083621,-36.8500481910704],[-73.08865072828627,-36.85035104197287],[-73.08858433357581,-36.85238636947608],[-73.0885446244291,-36.852598658472544],[-73.08830281810035,-36.8527124489927]]]}},{"type":"Feature","properties":{"comuna":"SanPedroDeLaPaz","zona":"ZH-10","zona_code":"ZH-10","nombre":"ZH-10 Zona residencial","decreto":"Publicacion PRC San Pedro de la Paz. Decreto Alc. N°310. Fecha de promulgacion 10.03.2011. Fecha de publicacion D.O. 24.03.2011."},"geometry":{"type":"Polygon","coordinates":[[[-73.08585075421728,-36.85417081375348],[-73.08616014713485,-36.85382034345278],[-73.08697042021649,-36.85342918898913],[-73.08768717553669,-36.85347187923691],[-73.088001553687,-36.85362509851724],[-73.0881304673228,-36.85385501459459],[-73.08808722360124,-36.85413773176599],[-73.08784853050874,-36.85431000322743],[-73.08725678124748,-36.85442412833515],[-73.08709564089841,-36.85495698055985],[-73.08678479478789,-36.85432320695674],[-73.08660203103044,-36.85417716836114],[-73.08585075421728,-36.85417081375348]]]}},{"type":"Feature","properties":{"comuna":"SanPedroDeLaPaz","zona":"ZH-10","zona_code":"ZH-10","nombre":"ZH-10 Zona residencial","decreto":"Publicacion PRC San Pedro de la Paz. Decreto Alc. N°310. Fecha de promulgacion 10.03.2011. Fecha de publicacion D.O. 24.03.2011."},"geometry":{"type":"Polygon","coordinates":[[[-73.08573005113651,-36.854368313127374],[-73.08636718148082,-36.854284856717605],[-73.08662999517495,-36.854428138629025],[-73.08699386245999,-36.855235854450385],[-73.08660379037609,-36.85598750974469],[-73.0865847624724,-36.856451019445835],[-73.08682949583417,-36.856665229628426],[-73.08719233320038,-36.8567699109709],[-73.08814445737578,-36.85753392419285],[-73.08867116311073,-36.858113385550645],[-73.08876328837812,-36.85847346311236],[-73.08860547449406,-36.85879528085673],[-73.08805902854046,-36.859212512959324],[-73.08760677356372,-36.8597553939693],[-73.08741714100566,-36.86030094591637],[-73.08684676380999,-36.86054322967947],[-73.08678895877995,-36.8608264479104],[-73.08659666489943,-36.86091216594572],[-73.08642807703397,-36.86021197378458],[-73.08587288655895,-36.85923507725329],[-73.08581300431878,-36.8589324761296],[-73.08591064513448,-36.857481963966585],[-73.08566217016465,-36.85719757416679],[-73.08515741485871,-36.85730283559449],[-73.08500429175193,-36.8564820006542],[-73.08473128208136,-36.856421091186625],[-73.08446996221711,-36.85657948819173],[-73.08451893941901,-36.85626728004989],[-73.08479560309515,-36.85571287826544],[-73.08573005113651,-36.854368313127374]]]}},{"type":"Feature","properties":{"comuna":"SanPedroDeLaPaz","zona":"ZH-10","zona_code":"ZH-10","nombre":"ZH-10 Zona residencial","decreto":"Publicacion PRC San Pedro de la Paz. Decreto Alc. N°310. Fecha de promulgacion 10.03.2011. Fecha de publicacion D.O. 24.03.2011."},"geometry":{"type":"Polygon","coordinates":[[[-73.08417468530835,-36.85705836462858],[-73.08480270258924,-36.856529952165715],[-73.08489377479684,-36.856597123706536],[-73.08490727659174,-36.85712396137742],[-73.0850052073975,-36.857319792655844],[-73.08514119289907,-36.85740885448902],[-73.08570884799668,-36.85738931096059],[-73.08566703146047,-36.85906639805221],[-73.08628314311775,-36.860228682707955],[-73.08641289695635,-36.86102102541269],[-73.08606833646914,-36.86139614274626],[-73.08576577913517,-36.861465150131366],[-73.08530226988023,-36.86179749004738],[-73.08462146481915,-36.86161000608347],[-73.08334823044453,-36.86152493179388],[-73.08241782138954,-36.861852820296605],[-73.0820655809377,-36.861536839009275],[-73.0820475092427,-36.861197644210826],[-73.08233969720337,-36.860660289412984],[-73.08294140409544,-36.86004783747393],[-73.08357801674937,-36.859885317244036],[-73.08513786007937,-36.86042337771442],[-73.08522581907472,-36.86043206705984],[-73.085318978886,-36.86026481018732],[-73.08484051689854,-36.859906312016214],[-73.08380166621967,-36.859567098272784],[-73.08308708065569,-36.85970300767876],[-73.08261047099792,-36.85999477545089],[-73.08196089285072,-36.85957184505232],[-73.08199543714093,-36.85912537965834],[-73.08217469032084,-36.858931728122],[-73.08242983632593,-36.85879405457856],[-73.08343937533502,-36.85858355089978],[-73.0840251467729,-36.858082961280836],[-73.08434474170234,-36.85806024351476],[-73.08455017715671,-36.85815277451412],[-73.08512032405598,-36.858590142491174],[-73.08529509557268,-36.85844937106743],[-73.08489930272462,-36.85800014243331],[-73.08486842889093,-36.857831296786124],[-73.08423683573392,-36.857677269836515],[-73.08408838355155,-36.85735427963757],[-73.08417468530835,-36.85705836462858]]]}},{"type":"Feature","properties":{"comuna":"SanPedroDeLaPaz","zona":"ZH-13","zona_code":"ZH-13","nombre":"ZH-13 Zona residencial","decreto":"Publicacion PRC San Pedro de la Paz. Decreto Alc. N°310. Fecha de promulgacion 10.03.2011. Fecha de publicacion D.O. 24.03.2011."},"geometry":{"type":"Polygon","coordinates":[[[-73.08530226988023,-36.86179749004738],[-73.08576577913517,-36.861465150131366],[-73.08606833646914,-36.86139614274626],[-73.08641289695635,-36.86102102541269],[-73.08631001737739,-36.8618946160014],[-73.08633434790511,-36.86317101891734],[-73.08678809598362,-36.86402250935506],[-73.08701705128225,-36.86421382666148],[-73.08745561758919,-36.86423387318916],[-73.08780289936841,-36.864456265791944],[-73.08758871707877,-36.86481517781325],[-73.08783452886617,-36.86532229323769],[-73.08778296528607,-36.8657224748398],[-73.0875080564952,-36.866036607722044],[-73.08746355974738,-36.866295932601915],[-73.08785579216958,-36.86736045736515],[-73.08836157196168,-36.86809297013736],[-73.08863483981546,-36.868294474771496],[-73.08919300996935,-36.8683689817545],[-73.08967008284858,-36.86856345860929],[-73.09003632036999,-36.8688672153933],[-73.09030253217226,-36.8692095721938],[-73.09039780608771,-36.8696281278205],[-73.08998937963801,-36.869899998725465],[-73.0893449070882,-36.87012141458532],[-73.08910012059626,-36.86990721304284],[-73.08888777019028,-36.869480973298714],[-73.08857332195011,-36.8693277601674],[-73.08841713454083,-36.86913393919274],[-73.08849156546734,-36.86861579185715],[-73.08842584487638,-36.86847744253066],[-73.0875956561925,-36.8682248187324],[-73.08705703700869,-36.86824337310192],[-73.0863676473839,-36.86844288489359],[-73.08584108812451,-36.86841414638295],[-73.08486949856469,-36.86769765998389],[-73.08396737978647,-36.86718969445023],[-73.08369933190733,-36.86681223189019],[-73.08357436228906,-36.86638297396085],[-73.08361575541491,-36.86606516802112],[-73.08431450487687,-36.865220870919245],[-73.08459441412361,-36.865000315669036],[-73.08518666110655,-36.86516741181172],[-73.08589806800414,-36.865107763152494],[-73.08604696304222,-36.86489171571474],[-73.08578161768615,-36.86429152613716],[-73.08584837176538,-36.863902540315586],[-73.08557159490896,-36.86336133332796],[-73.08543789897598,-36.86194808087434],[-73.08530226988023,-36.86179749004738]]]}},{"type":"Feature","properties":{"comuna":"SanPedroDeLaPaz","zona":"ZH-13","zona_code":"ZH-13","nombre":"ZH-13 Zona residencial","decreto":"Publicacion PRC San Pedro de la Paz. Decreto Alc. N°310. Fecha de promulgacion 10.03.2011. Fecha de publicacion D.O. 24.03.2011."},"geometry":{"type":"Polygon","coordinates":[[[-73.0893609253662,-36.86809954350824],[-73.08883249603343,-36.86803573041585],[-73.08819444967126,-36.867284342111596],[-73.08809524684911,-36.86706512176173],[-73.0883924036773,-36.86662132451305],[-73.08870953457676,-36.866551807870586],[-73.0891491673422,-36.86686475621229],[-73.08945572262553,-36.867416644974725],[-73.0893609253662,-36.86809954350824]]]}},{"type":"Feature","properties":{"comuna":"SanPedroDeLaPaz","zona":"ZH-13","zona_code":"ZH-13","nombre":"ZH-13 Zona residencial","decreto":"Publicacion PRC San Pedro de la Paz. Decreto Alc. N°310. Fecha de promulgacion 10.03.2011. Fecha de publicacion D.O. 24.03.2011."},"geometry":{"type":"Polygon","coordinates":[[[-73.09227763723264,-36.858542731979625],[-73.09284473734581,-36.859331700872765],[-73.09302215705041,-36.8599231881084],[-73.09397996088143,-36.86038229287975],[-73.09417980977939,-36.860574599716635],[-73.09429026950157,-36.86100434663908],[-73.09478998807532,-36.86135035386081],[-73.09550877216209,-36.86252076045232],[-73.09547760940791,-36.86275619127274],[-73.09505182661884,-36.86352082418196],[-73.09510219636134,-36.86391749001873],[-73.09535698067593,-36.86431881812799],[-73.09537448888233,-36.86464631140303],[-73.095219819801,-36.86502661829074],[-73.09483027383448,-36.86455963364872],[-73.09454432396414,-36.86439373487613],[-73.09434491017835,-36.86448264106025],[-73.09403913124906,-36.865582944330356],[-73.09349241054021,-36.865449475814124],[-73.09253116183783,-36.864381162609824],[-73.09234417614171,-36.863883747415834],[-73.09198251595254,-36.863392355500984],[-73.09104236140507,-36.86299121530401],[-73.09072524725691,-36.86306073689559],[-73.09036552022079,-36.863424671962214],[-73.09028985574548,-36.86391942728679],[-73.09005550922382,-36.86417357916588],[-73.0890552855553,-36.864559586148765],[-73.08907339073451,-36.864898777945626],[-73.08944854521387,-36.86509676915224],[-73.09142992804452,-36.86533312698434],[-73.09157343190687,-36.865562534581144],[-73.0913214066676,-36.865758709501335],[-73.09084540663703,-36.86585714568072],[-73.08853712203678,-36.86605388333349],[-73.08839592389332,-36.86614077399882],[-73.08864319126947,-36.86640176298811],[-73.08833812053355,-36.86642399279242],[-73.08800872935406,-36.86681031129228],[-73.08780970266322,-36.86636017366831],[-73.08788081640891,-36.86605306081758],[-73.08808730934395,-36.86582330838553],[-73.08811662271611,-36.865552788747515],[-73.08809290399776,-36.865108330439206],[-73.08794691524146,-36.86483213262693],[-73.0881648400372,-36.8645433975805],[-73.08854787960226,-36.864342715137134],[-73.08903258211801,-36.86358779158296],[-73.08968800956124,-36.863026184580264],[-73.09009616616244,-36.862203588220055],[-73.09090919098111,-36.86158967167443],[-73.09107655923708,-36.86117377838525],[-73.09115490879074,-36.86045629267569],[-73.09083276313434,-36.85961199996516],[-73.09106084871685,-36.85924088457099],[-73.09101862297372,-36.8589962667572],[-73.09127125357725,-36.85881179009099],[-73.09227763723264,-36.858542731979625]]]}},{"type":"Feature","properties":{"comuna":"SanPedroDeLaPaz","zona":"ZH-10","zona_code":"ZH-10","nombre":"ZH-10 Zona residencial","decreto":"Publicacion PRC San Pedro de la Paz. Decreto Alc. N°310. Fecha de promulgacion 10.03.2011. Fecha de publicacion D.O. 24.03.2011."},"geometry":{"type":"Polygon","coordinates":[[[-73.09053337785222,-36.867660724596824],[-73.09079393982715,-36.867487693121866],[-73.09136510000454,-36.867532446765075],[-73.09239811802922,-36.86735035049758],[-73.09287519114318,-36.86754481452502],[-73.09320713925455,-36.86802551040552],[-73.09275974685781,-36.86838661765026],[-73.09251196269435,-36.86838930596043],[-73.09164418507005,-36.86893481664529],[-73.09145978270664,-36.8683494268615],[-73.09127135182801,-36.86809813347413],[-73.09053337785222,-36.867660724596824]]]}},{"type":"Feature","properties":{"comuna":"SanPedroDeLaPaz","zona":"ZH-10","zona_code":"ZH-10","nombre":"ZH-10 Zona residencial","decreto":"Publicacion PRC San Pedro de la Paz. Decreto Alc. N°310. Fecha de promulgacion 10.03.2011. Fecha de publicacion D.O. 24.03.2011."},"geometry":{"type":"Polygon","coordinates":[[[-73.0929866336609,-36.86840222733398],[-73.09336623884445,-36.86813719934245],[-73.093363295506,-36.867809203391516],[-73.09296293658839,-36.867412892184134],[-73.092477024105,-36.867189438886776],[-73.09397853390936,-36.86676853066279],[-73.09452660454039,-36.866790630573675],[-73.09507012208482,-36.86700037067179],[-73.09494206051065,-36.8673328873442],[-73.09425868939813,-36.86805367732566],[-73.09352743778892,-36.86842458220121],[-73.0929866336609,-36.86840222733398]]]}},{"type":"Feature","properties":{"comuna":"SanPedroDeLaPaz","zona":"ZH-10","zona_code":"ZH-10","nombre":"ZH-10 Zona residencial","decreto":"Publicacion PRC San Pedro de la Paz. Decreto Alc. N°310. Fecha de promulgacion 10.03.2011. Fecha de publicacion D.O. 24.03.2011."},"geometry":{"type":"Polygon","coordinates":[[[-73.09725106541988,-36.867012962262294],[-73.09765990757036,-36.867022279692506],[-73.09860939418294,-36.86677856611133],[-73.09917381808064,-36.866969987270544],[-73.09913828441108,-36.867123545913664],[-73.09884323023323,-36.86733294060892],[-73.09725352280499,-36.86814950006122],[-73.09657150317959,-36.868758937875334],[-73.09655899288596,-36.86852501464063],[-73.09726966629778,-36.867633362036294],[-73.09736922997975,-36.86731354390205],[-73.09725106541988,-36.867012962262294]]]}},{"type":"Feature","properties":{"comuna":"SanPedroDeLaPaz","zona":"ZH-10","zona_code":"ZH-10","nombre":"ZH-10 Zona residencial","decreto":"Publicacion PRC San Pedro de la Paz. Decreto Alc. N°310. Fecha de promulgacion 10.03.2011. Fecha de publicacion D.O. 24.03.2011."},"geometry":{"type":"Polygon","coordinates":[[[-73.09623833955533,-36.86716510653814],[-73.09698699595299,-36.867256436282084],[-73.0969666404015,-36.86742118748647],[-73.09622167552459,-36.86848978893877],[-73.09622775972541,-36.86887626528892],[-73.09588839374909,-36.86907546495238],[-73.09556966458746,-36.86966063770421],[-73.09533219540425,-36.86985631882311],[-73.09429826236838,-36.87043101880788],[-73.09347035704873,-36.87049473886852],[-73.09263487323531,-36.8695978561142],[-73.09193505215858,-36.86932904848035],[-73.09175161587085,-36.86917132563902],[-73.0930563341132,-36.86875135545414],[-73.09325682952341,-36.86895535896231],[-73.09365050076936,-36.86895349579075],[-73.09408096752155,-36.86882146499621],[-73.09551247420926,-36.86804556015243],[-73.09601168276875,-36.86729010949666],[-73.09623833955533,-36.86716510653814]]]}},{"type":"Feature","properties":{"comuna":"SanPedroDeLaPaz","zona":"ZH-10","zona_code":"ZH-10","nombre":"ZH-10 Zona residencial","decreto":"Publicacion PRC San Pedro de la Paz. Decreto Alc. N°310. Fecha de promulgacion 10.03.2011. Fecha de publicacion D.O. 24.03.2011."},"geometry":{"type":"Polygon","coordinates":[[[-73.10416793136149,-36.86464128430276],[-73.10464467150825,-36.864284978793115],[-73.10644099568385,-36.86378926915724],[-73.1082715549857,-36.86311658187982],[-73.10893548104956,-36.86298813377316],[-73.10940691523483,-36.86307726629979],[-73.11001487637678,-36.863536635631384],[-73.11028529984291,-36.864499838520324],[-73.11012505962,-36.864774896151786],[-73.10945472155527,-36.86505590426141],[-73.10940076255824,-36.8654093041571],[-73.10909357251063,-36.86593552217544],[-73.10866767135671,-36.865879964522755],[-73.10825708528904,-36.86556608532905],[-73.10785930736174,-36.864947101250564],[-73.10725009082269,-36.86446432875201],[-73.10696335721904,-36.86455627816177],[-73.10639037673246,-36.865021382307596],[-73.10634406345685,-36.865245621944965],[-73.10685138480494,-36.865731925697965],[-73.10693155797829,-36.86613927043849],[-73.1065953698343,-36.86639697936931],[-73.1063042385526,-36.86640705460426],[-73.10566075276112,-36.86610122648916],[-73.10416793136149,-36.86464128430276]]]}},{"type":"Feature","properties":{"comuna":"SanPedroDeLaPaz","zona":"ZH-11","zona_code":"ZH-11","nombre":"ZH-11 Zona residencial","decreto":"Publicacion PRC San Pedro de la Paz. Decreto Alc. N°310. Fecha de promulgacion 10.03.2011. Fecha de publicacion D.O. 24.03.2011."},"geometry":{"type":"Polygon","coordinates":[[[-73.10490737023927,-36.86537735751851],[-73.1049493624554,-36.866160993936454],[-73.10461100205198,-36.86692263323557],[-73.10430140903176,-36.867132544347115],[-73.10373070789718,-36.866824186995245],[-73.10348261731865,-36.866821050106026],[-73.10347683209955,-36.86698529790454],[-73.10407023672829,-36.8674452013844],[-73.10415994139346,-36.86775847725793],[-73.10402565259201,-36.86797404099402],[-73.10367050226662,-36.86815037371472],[-73.10287613454005,-36.86829502193686],[-73.1017976635177,-36.86830887509411],[-73.10174757784559,-36.86846293663165],[-73.10197846136552,-36.86868930975261],[-73.10163144437585,-36.86901768509305],[-73.10050788280034,-36.86927915734408],[-73.09946226630356,-36.86936215999993],[-73.09934956384909,-36.869436360246894],[-73.09952033579016,-36.86962966229223],[-73.09949607060891,-36.869993751004785],[-73.09905543297434,-36.87020817642922],[-73.09872420669429,-36.870559434118334],[-73.09817085800269,-36.870848056426304],[-73.09678959734343,-36.87120041913024],[-73.09666021621072,-36.86959955326971],[-73.09821241090074,-36.86808123149677],[-73.09951863961749,-36.867145557803674],[-73.10138377748282,-36.86602650437502],[-73.10285178182963,-36.86538986553077],[-73.10416793136149,-36.86464128430276],[-73.10490737023927,-36.86537735751851]]]}},{"type":"Feature","properties":{"comuna":"SanPedroDeLaPaz","zona":"ZE-1","zona_code":"ZE-1","nombre":"ZE-1 Zona de equipamiento mixto","decreto":"Publicacion PRC San Pedro de la Paz. Decreto Alc. N°310. Fecha de promulgacion 10.03.2011. Fecha de publicacion D.O. 24.03.2011."},"geometry":{"type":"Polygon","coordinates":[[[-73.10076801548688,-36.86542088831923],[-73.10016925720554,-36.86336167911099],[-73.10135565567596,-36.863185923798696],[-73.10198938591061,-36.86276561341341],[-73.10241471483195,-36.862674743915846],[-73.10404936337507,-36.86270024119211],[-73.10448868988841,-36.862462408519356],[-73.1051946891332,-36.861758357312226],[-73.10610494048962,-36.861328458727876],[-73.10734068867083,-36.86044201370211],[-73.10795326935867,-36.86044424362323],[-73.10820886481106,-36.86058772488793],[-73.1083062309659,-36.86077183756473],[-73.10822002139058,-36.86106776532959],[-73.10802627873889,-36.86126195626048],[-73.10731090594855,-36.86179058306389],[-73.10582141988726,-36.86256863080909],[-73.10563894886695,-36.862973347578574],[-73.1052963603934,-36.86338360383579],[-73.10467218819029,-36.863709858228766],[-73.10423801280602,-36.86377174773531],[-73.10378349484476,-36.86399838760318],[-73.10331817655734,-36.86429570545973],[-73.10293377944417,-36.86474255511958],[-73.10238189176421,-36.86478507255049],[-73.10206791559901,-36.86491310469343],[-73.10159241165277,-36.86529279249592],[-73.10076801548688,-36.86542088831923]]]}},{"type":"Feature","properties":{"comuna":"SanPedroDeLaPaz","zona":"ZE-1","zona_code":"ZE-1","nombre":"ZE-1 Zona de equipamiento mixto","decreto":"Publicacion PRC San Pedro de la Paz. Decreto Alc. N°310. Fecha de promulgacion 10.03.2011. Fecha de publicacion D.O. 24.03.2011."},"geometry":{"type":"Polygon","coordinates":[[[-73.09074707613989,-36.869545779298356],[-73.09134374405185,-36.86979471568889],[-73.09153592857722,-36.87011618665011],[-73.0911343761596,-36.87051671926491],[-73.09063547880338,-36.870733123438924],[-73.09074707613989,-36.869545779298356]]]}},{"type":"Feature","properties":{"comuna":"SanPedroDeLaPaz","zona":"ZE-1","zona_code":"ZE-1","nombre":"ZE-1 Zona de equipamiento mixto","decreto":"Publicacion PRC San Pedro de la Paz. Decreto Alc. N°310. Fecha de promulgacion 10.03.2011. Fecha de publicacion D.O. 24.03.2011."},"geometry":{"type":"Polygon","coordinates":[[[-73.09039780608771,-36.8696281278205],[-73.09042518185544,-36.87007245956068],[-73.09030627387146,-36.8708499325129],[-73.08944943637692,-36.8706451127971],[-73.08943632157076,-36.870399491094034],[-73.08957657857512,-36.87008999392611],[-73.09039780608771,-36.8696281278205]]]}},{"type":"Feature","properties":{"comuna":"SanPedroDeLaPaz","zona":"ZH-10","zona_code":"ZH-10","nombre":"ZH-10 Zona residencial","decreto":"Publicacion PRC San Pedro de la Paz. Decreto Alc. N°310. Fecha de promulgacion 10.03.2011. Fecha de publicacion D.O. 24.03.2011."},"geometry":{"type":"Polygon","coordinates":[[[-73.09637731483556,-36.86983195862032],[-73.09645226508815,-36.87041525858329],[-73.09640461757508,-36.87170585711373],[-73.09750675654489,-36.87240601828048],[-73.09719399137444,-36.87255743296861],[-73.09681486067342,-36.87255880691474],[-73.09659006719389,-36.87271889925295],[-73.09652836997749,-36.87320145730583],[-73.09585852956569,-36.873494092049256],[-73.0948718788951,-36.87331722905023],[-73.0945544526123,-36.87283603792047],[-73.09404134788056,-36.87251392948457],[-73.09412762221616,-36.872218008103324],[-73.09395498009886,-36.871989608862435],[-73.09339758521291,-36.87165730884531],[-73.09341044752443,-36.871352202500155],[-73.09477217008526,-36.870906811017996],[-73.09637731483556,-36.86983195862032]]]}},{"type":"Feature","properties":{"comuna":"SanPedroDeLaPaz","zona":"ZE-1","zona_code":"ZE-1","nombre":"ZE-1 Zona de equipamiento mixto","decreto":"Publicacion PRC San Pedro de la Paz. Decreto Alc. N°310. Fecha de promulgacion 10.03.2011. Fecha de publicacion D.O. 24.03.2011."},"geometry":{"type":"Polygon","coordinates":[[[-73.0972140535468,-36.87184195679262],[-73.09769633709612,-36.87186045435063],[-73.09814136898409,-36.871727905835016],[-73.10070773562859,-36.869811266634684],[-73.10120017818736,-36.8697473753682],[-73.10118672051576,-36.87004078425181],[-73.1007953963282,-36.870358970523625],[-73.1004482123055,-36.87095685750552],[-73.09839399750794,-36.87263316455],[-73.09827894852606,-36.87239106570114],[-73.09793785890832,-36.872285669544674],[-73.0972140535468,-36.87184195679262]]]}},{"type":"Feature","properties":{"comuna":"SanPedroDeLaPaz","zona":"ZE-1","zona_code":"ZE-1","nombre":"ZE-1 Zona de equipamiento mixto","decreto":"Publicacion PRC San Pedro de la Paz. Decreto Alc. N°310. Fecha de promulgacion 10.03.2011. Fecha de publicacion D.O. 24.03.2011."},"geometry":{"type":"Polygon","coordinates":[[[-73.09750675654489,-36.87240601828048],[-73.09802942358806,-36.87263403988686],[-73.09794675683953,-36.87326965367286],[-73.09801875776161,-36.87352495663277],[-73.09758027143515,-36.87432519136511],[-73.09720989185796,-36.87449031270906],[-73.0967858248566,-36.874469803692364],[-73.09629414108147,-36.87427586078698],[-73.09581263787841,-36.873999539621515],[-73.09515098459147,-36.87335446742038],[-73.09585852956569,-36.873494092049256],[-73.09652836997749,-36.87320145730583],[-73.09659006719389,-36.87271889925295],[-73.09681486067342,-36.87255880691474],[-73.09719399137444,-36.87255743296861],[-73.09750675654489,-36.87240601828048]]]}},{"type":"Feature","properties":{"comuna":"SanPedroDeLaPaz","zona":"ZE-1","zona_code":"ZE-1","nombre":"ZE-1 Zona de equipamiento mixto","decreto":"Publicacion PRC San Pedro de la Paz. Decreto Alc. N°310. Fecha de promulgacion 10.03.2011. Fecha de publicacion D.O. 24.03.2011."},"geometry":{"type":"Polygon","coordinates":[[[-73.1069132041308,-36.867734980613605],[-73.10772662106403,-36.86808178968018],[-73.10796680951229,-36.868073473985746],[-73.10769711224047,-36.86824539493713],[-73.10731612355669,-36.868211713404925],[-73.10699663209712,-36.867964982993264],[-73.10635104627512,-36.868028338868115],[-73.1060459113016,-36.86818537097351],[-73.1059817275143,-36.86807627367976],[-73.1069132041308,-36.867734980613605]]]}},{"type":"Feature","properties":{"comuna":"SanPedroDeLaPaz","zona":"ZE-1","zona_code":"ZE-1","nombre":"ZE-1 Zona de equipamiento mixto","decreto":"Publicacion PRC San Pedro de la Paz. Decreto Alc. N°310. Fecha de promulgacion 10.03.2011. Fecha de publicacion D.O. 24.03.2011."},"geometry":{"type":"Polygon","coordinates":[[[-73.10878996163781,-36.86792193547465],[-73.1085629324112,-36.86820955738098],[-73.1076472869938,-36.868540062603],[-73.10746532430377,-36.86854636139233],[-73.10739480064635,-36.86845506144356],[-73.10702610706039,-36.868514695108104],[-73.10686103119778,-36.86829191383459],[-73.10646768065848,-36.868299669264964],[-73.10629198911495,-36.868422926450215],[-73.10616261222215,-36.868321944885246],[-73.10629431881043,-36.86819435089481],[-73.10673422796151,-36.86810296050945],[-73.1070439992377,-36.868168403079856],[-73.10720625388517,-36.86833855231428],[-73.10766002782945,-36.86836971428904],[-73.10808255577463,-36.86822619069063],[-73.10849631566212,-36.86788523331205],[-73.10878996163781,-36.86792193547465]]]}},{"type":"Feature","properties":{"comuna":"SanPedroDeLaPaz","zona":"ZH-10","zona_code":"ZH-10","nombre":"ZH-10 Zona residencial","decreto":"Publicacion PRC San Pedro de la Paz. Decreto Alc. N°310. Fecha de promulgacion 10.03.2011. Fecha de publicacion D.O. 24.03.2011."},"geometry":{"type":"Polygon","coordinates":[[[-73.09153592857722,-36.87011618665011],[-73.09194723082116,-36.87071718547619],[-73.09238690055362,-36.871030119084764],[-73.09253667019762,-36.87137648692711],[-73.09237241755874,-36.87185086234432],[-73.09266946052936,-36.87249681252654],[-73.09256719045023,-36.87303935774735],[-73.09211802191713,-36.87364073909823],[-73.0920791641163,-36.87400533035706],[-73.09228342134142,-36.874279511464806],[-73.09292193127496,-36.87449184252453],[-73.09328803281605,-36.875065100362626],[-73.09319862734995,-36.87530254073522],[-73.09278455714708,-36.87546915595441],[-73.09203126237512,-36.87556544606532],[-73.09177733320303,-36.87572653561615],[-73.0918511187388,-36.87519669048987],[-73.0916614185629,-36.87492200611648],[-73.09125521697311,-36.8746899412976],[-73.08914755992735,-36.87455168090396],[-73.090081310954,-36.873464895238165],[-73.09063547880338,-36.870733123438924],[-73.0911343761596,-36.87051671926491],[-73.09153592857722,-36.87011618665011]]]}},{"type":"Feature","properties":{"comuna":"SanPedroDeLaPaz","zona":"ZH-11","zona_code":"ZH-11","nombre":"ZH-11 Zona residencial","decreto":"Publicacion PRC San Pedro de la Paz. Decreto Alc. N°310. Fecha de promulgacion 10.03.2011. Fecha de publicacion D.O. 24.03.2011."},"geometry":{"type":"Polygon","coordinates":[[[-73.08914755992735,-36.87455168090396],[-73.09125521697311,-36.8746899412976],[-73.0916614185629,-36.87492200611648],[-73.0918511187388,-36.87519669048987],[-73.09170060595316,-36.87592838245657],[-73.09085557894318,-36.87594580592605],[-73.09032090328004,-36.87658528262596],[-73.08968050722551,-36.87633785032703],[-73.08937539803438,-36.876360085257154],[-73.0892277443106,-36.87659953023935],[-73.08865620308244,-36.8765489206535],[-73.08865413464078,-36.87678334778285],[-73.08905620528591,-36.87748427583018],[-73.08891998449437,-36.877664737098264],[-73.08827876241554,-36.877675117322426],[-73.0875707617141,-36.877254236252476],[-73.0874022971581,-36.877377218678255],[-73.08730080943364,-36.87766194217389],[-73.08757785675571,-36.877933623865964],[-73.08831435883585,-36.87834180430128],[-73.0884830585296,-36.878769548855054],[-73.08769915961918,-36.87911294076699],[-73.08685179647276,-36.87881403544281],[-73.08641667125698,-36.8783134412972],[-73.08680455239647,-36.87765560161845],[-73.08722259418312,-36.87728966718301],[-73.08757822459525,-36.876574347443544],[-73.08779930287997,-36.876344092851404],[-73.08857942785504,-36.875930524452414],[-73.08879113316993,-36.87552482384721],[-73.08887387787037,-36.874889211681456],[-73.08914755992735,-36.87455168090396]]]}},{"type":"Feature","properties":{"comuna":"SanPedroDeLaPaz","zona":"ZH-10","zona_code":"ZH-10","nombre":"ZH-10 Zona residencial","decreto":"Publicacion PRC San Pedro de la Paz. Decreto Alc. N°310. Fecha de promulgacion 10.03.2011. Fecha de publicacion D.O. 24.03.2011."},"geometry":{"type":"Polygon","coordinates":[[[-73.08918396369869,-36.87058981425326],[-73.09030627387146,-36.8708499325129],[-73.08983401342776,-36.87320391049066],[-73.08955202583587,-36.873658906573176],[-73.08862907698384,-36.87467500891379],[-73.08852946949455,-36.87499482258584],[-73.08809041343999,-36.874693572081355],[-73.08797102128135,-36.874369587251614],[-73.08701431365364,-36.87393383560866],[-73.08644965806151,-36.87401187370234],[-73.0861060782679,-36.87385965840546],[-73.08583050578719,-36.873341847493094],[-73.08509385710593,-36.87320316338321],[-73.08472699207903,-36.87288769579977],[-73.08463361489561,-36.87250422358888],[-73.08477628658532,-36.87217121270704],[-73.08572317946425,-36.871330081134026],[-73.08606632870858,-36.87120108663232],[-73.08624975982343,-36.87135881804333],[-73.08676678962152,-36.87230187050051],[-73.08715695631518,-36.87278057745804],[-73.08745955550786,-36.87271156425987],[-73.08760428863684,-36.87214412430428],[-73.08777149229508,-36.87199774980762],[-73.08805289071186,-36.872351306080624],[-73.08830372860558,-36.872951988865296],[-73.0885765866935,-36.87287227958245],[-73.08873481591526,-36.87201142842442],[-73.08903573231773,-36.87163780612363],[-73.08909041125935,-36.87129610614236],[-73.08894397656611,-36.87073869841765],[-73.08918396369869,-36.87058981425326]]]}},{"type":"Feature","properties":{"comuna":"SanPedroDeLaPaz","zona":"ZH-10","zona_code":"ZH-10","nombre":"ZH-10 Zona residencial","decreto":"Publicacion PRC San Pedro de la Paz. Decreto Alc. N°310. Fecha de promulgacion 10.03.2011. Fecha de publicacion D.O. 24.03.2011."},"geometry":{"type":"Polygon","coordinates":[[[-73.09854010292756,-36.87386434027519],[-73.09948528605567,-36.873538741779534],[-73.09896635278055,-36.87447065519622],[-73.09892377062619,-36.87476506931855],[-73.09944739676669,-36.875555502546526],[-73.10009955631087,-36.876294620032304],[-73.09955948032616,-36.8765593554224],[-73.0987878738171,-36.876586015312476],[-73.09841044024908,-36.87689199765267],[-73.09799324505289,-36.87700015105281],[-73.09787582487958,-36.877531505466166],[-73.09743138589334,-36.87767575027232],[-73.09709402895001,-36.877640530460866],[-73.09681945304307,-36.87741565718048],[-73.09634827391261,-36.87678745006716],[-73.0960716586399,-36.876797000403556],[-73.09590696408344,-36.87699017018852],[-73.09526387549326,-36.87696549963698],[-73.0951829495753,-36.876815961846965],[-73.09516373053796,-36.876183866343204],[-73.09525500701892,-36.87598151404831],[-73.09598373067546,-36.87569856695596],[-73.09602945452544,-36.875462633488404],[-73.09579293433033,-36.87513098435083],[-73.09599191586965,-36.874760863288344],[-73.09697842204476,-36.87520722987125],[-73.09768802832946,-36.87511241782636],[-73.09833330127226,-36.87463313683997],[-73.09854010292756,-36.87386434027519]]]}},{"type":"Feature","properties":{"comuna":"SanPedroDeLaPaz","zona":"ZH-10","zona_code":"ZH-10","nombre":"ZH-10 Zona residencial","decreto":"Publicacion PRC San Pedro de la Paz. Decreto Alc. N°310. Fecha de promulgacion 10.03.2011. Fecha de publicacion D.O. 24.03.2011."},"geometry":{"type":"Polygon","coordinates":[[[-73.09948168282416,-36.874288801352876],[-73.09999951534549,-36.874153730528576],[-73.10046631029081,-36.87361030043],[-73.1009392103873,-36.87345334214451],[-73.10142714073187,-36.873577089352565],[-73.10206784149305,-36.87328543108321],[-73.10289200478141,-36.87315147411094],[-73.10373699070225,-36.87313396746035],[-73.104236346611,-36.87319871907871],[-73.10438819299594,-36.87331064278695],[-73.10435830984933,-36.87356946666217],[-73.10389293943857,-36.873866790222365],[-73.10330059104561,-36.8736997945826],[-73.10265801297372,-36.873956370779105],[-73.1024842746987,-36.87452482988066],[-73.10221080222658,-36.87459287396479],[-73.10133495451862,-36.87430677515415],[-73.10110954121956,-36.87445518051584],[-73.10117528972471,-36.87459352078863],[-73.1018941324078,-36.874943637260635],[-73.10186110802404,-36.87514398012315],[-73.10096633062753,-36.87586625922853],[-73.10045600448238,-36.8761416881136],[-73.09952676390265,-36.87513092102443],[-73.09928710145452,-36.87474079929363],[-73.0992764581976,-36.87454196503116],[-73.09948168282416,-36.874288801352876]]]}},{"type":"Feature","properties":{"comuna":"SanPedroDeLaPaz","zona":"ZE-1","zona_code":"ZE-1","nombre":"ZE-1 Zona de equipamiento mixto","decreto":"Publicacion PRC San Pedro de la Paz. Decreto Alc. N°310. Fecha de promulgacion 10.03.2011. Fecha de publicacion D.O. 24.03.2011."},"geometry":{"type":"Polygon","coordinates":[[[-73.09988758886931,-36.87342523954649],[-73.1007504229767,-36.87319621898636],[-73.1009392103873,-36.87345334214451],[-73.10046631029081,-36.87361030043],[-73.09999951534549,-36.874153730528576],[-73.09948168282416,-36.874288801352876],[-73.09977120251553,-36.87383938242181],[-73.09988758886931,-36.87342523954649]]]}},{"type":"Feature","properties":{"comuna":"SanPedroDeLaPaz","zona":"ZH-11","zona_code":"ZH-11","nombre":"ZH-11 Zona residencial","decreto":"Publicacion PRC San Pedro de la Paz. Decreto Alc. N°310. Fecha de promulgacion 10.03.2011. Fecha de publicacion D.O. 24.03.2011."},"geometry":{"type":"Polygon","coordinates":[[[-73.09871723214195,-36.87349497054248],[-73.09925635627522,-36.87266781997555],[-73.10053352801613,-36.871733138156],[-73.10181081913697,-36.87052893130875],[-73.10234771422707,-36.87020570843737],[-73.10275343999358,-36.870156525986395],[-73.10324009829175,-36.870256873953835],[-73.10339945714689,-36.87050915298599],[-73.10341199068682,-36.87074307426397],[-73.10365368335643,-36.87089876283393],[-73.10365479283233,-36.87119166819187],[-73.10381854192829,-36.871525818120155],[-73.10472375889204,-36.87127186776854],[-73.10570753622629,-36.870851144622314],[-73.10595362341768,-36.87108870004739],[-73.10602564724748,-36.87134399890657],[-73.10576208585915,-36.871868698109886],[-73.10584727953646,-36.872369612114895],[-73.10554581945237,-36.87273157555571],[-73.10524324005698,-36.872800634485756],[-73.10475907163962,-36.872747079572456],[-73.10399844679627,-36.87243357794747],[-73.10303811618677,-36.87274801811961],[-73.10239757114385,-36.872770168029696],[-73.1014701014044,-36.87315376674694],[-73.1007504229767,-36.87319621898636],[-73.09988758886931,-36.87342523954649],[-73.0997345736352,-36.87315515988692],[-73.09946556365053,-36.87317031368264],[-73.09871723214195,-36.87349497054248]]]}},{"type":"Feature","properties":{"comuna":"SanPedroDeLaPaz","zona":"ZH-10","zona_code":"ZH-10","nombre":"ZH-10 Zona residencial","decreto":"Publicacion PRC San Pedro de la Paz. Decreto Alc. N°310. Fecha de promulgacion 10.03.2011. Fecha de publicacion D.O. 24.03.2011."},"geometry":{"type":"Polygon","coordinates":[[[-73.10579809883879,-36.87199634715547],[-73.10576208585915,-36.871868698109886],[-73.10602564724748,-36.87134399890657],[-73.10595362341768,-36.87108870004739],[-73.10570753622629,-36.870851144622314],[-73.10472375889204,-36.87127186776854],[-73.10381854192829,-36.871525818120155],[-73.10365479283233,-36.87119166819187],[-73.10365368335643,-36.87089876283393],[-73.10380062842782,-36.87010273411533],[-73.10399032970005,-36.869832523631096],[-73.10428663067135,-36.869646508273846],[-73.10461416788291,-36.86963517753771],[-73.1048653321263,-36.86983154907201],[-73.10521407825867,-36.869807765209984],[-73.10499537291953,-36.8692645988181],[-73.10595328005391,-36.86863384958939],[-73.1064406259678,-36.86861112498694],[-73.1067443746407,-36.868700212341146],[-73.1067083422897,-36.86925219293916],[-73.10686464023428,-36.86931122985325],[-73.10735382095437,-36.86877871764048],[-73.10784004173892,-36.86846308322205],[-73.10882062563859,-36.86866348334792],[-73.10909363117307,-36.86885908959254],[-73.1089802489226,-36.86905635780324],[-73.10918254334898,-36.86956493091603],[-73.10913178213005,-36.86984205536087],[-73.10885544638333,-36.869992237819964],[-73.10858977580538,-36.87034125201852],[-73.10771238020996,-36.870705586331376],[-73.10733055593296,-36.871064477344824],[-73.10699816129551,-36.87193723576793],[-73.10668416580538,-36.87206528121008],[-73.10605449226792,-36.87188201431204],[-73.10579809883879,-36.87199634715547]]]}},{"type":"Feature","properties":{"comuna":"SanPedroDeLaPaz","zona":"ZH-10","zona_code":"ZH-10","nombre":"ZH-10 Zona residencial","decreto":"Publicacion PRC San Pedro de la Paz. Decreto Alc. N°310. Fecha de promulgacion 10.03.2011. Fecha de publicacion D.O. 24.03.2011."},"geometry":{"type":"Polygon","coordinates":[[[-73.11280224402881,-36.8670373866125],[-73.1133871298394,-36.866794475535286],[-73.11370737257333,-36.866783372346454],[-73.11479428812342,-36.86774168704596],[-73.11504541612454,-36.868072790290356],[-73.115207846159,-36.868653041746875],[-73.11492362159059,-36.86879179367496],[-73.11397051449998,-36.868695951413514],[-73.11377237159613,-36.868808279147416],[-73.1138178177753,-36.86911136358516],[-73.1129189435492,-36.86948233975904],[-73.11253651717513,-36.868335543979214],[-73.11248354121965,-36.86789210774102],[-73.11280224402881,-36.8670373866125]]]}},{"type":"Feature","properties":{"comuna":"SanPedroDeLaPaz","zona":"ZH-10","zona_code":"ZH-10","nombre":"ZH-10 Zona residencial","decreto":"Publicacion PRC San Pedro de la Paz. Decreto Alc. N°310. Fecha de promulgacion 10.03.2011. Fecha de publicacion D.O. 24.03.2011."},"geometry":{"type":"Polygon","coordinates":[[[-73.11250531870826,-36.86727910302843],[-73.1123823574867,-36.86770520227823],[-73.11236463288664,-36.86846160807939],[-73.11252181906362,-36.86867293682156],[-73.11269987594143,-36.869680345801655],[-73.11193314354082,-36.870339676676245],[-73.11185667971561,-36.86932288695667],[-73.1120553709538,-36.868677386300824],[-73.11202805712453,-36.86816861325827],[-73.11250531870826,-36.86727910302843]]]}},{"type":"Feature","properties":{"comuna":"SanPedroDeLaPaz","zona":"ZH-16","zona_code":"ZH-16","nombre":"ZH-16 Zona residencial","decreto":"Publicacion PRC San Pedro de la Paz. Decreto Alc. N°310. Fecha de promulgacion 10.03.2011. Fecha de publicacion D.O. 24.03.2011."},"geometry":{"type":"Polygon","coordinates":[[[-73.11118582379476,-36.87217595721199],[-73.11005447278758,-36.87215656661817],[-73.10977461840277,-36.87237717953547],[-73.10955261738711,-36.872724682248794],[-73.10901178282712,-36.87202277527158],[-73.10897551361026,-36.87175452465738],[-73.10910916653246,-36.87152725956808],[-73.10947034144966,-36.87132726659683],[-73.11017512125787,-36.87127941820521],[-73.11063393478099,-36.87140413542642],[-73.11090946616235,-36.87164651952699],[-73.11118582379476,-36.87217595721199]]]}},{"type":"Feature","properties":{"comuna":"SanPedroDeLaPaz","zona":"ZH-16","zona_code":"ZH-16","nombre":"ZH-16 Zona residencial","decreto":"Publicacion PRC San Pedro de la Paz. Decreto Alc. N°310. Fecha de promulgacion 10.03.2011. Fecha de publicacion D.O. 24.03.2011."},"geometry":{"type":"Polygon","coordinates":[[[-73.10865992209435,-36.872600339823954],[-73.10871714918783,-36.8733951627915],[-73.1085238804221,-36.87387056345029],[-73.10852664197922,-36.87473757866392],[-73.10827978123358,-36.87475784417948],[-73.10789060390228,-36.87457211930153],[-73.10767160527546,-36.874567983219855],[-73.10632271847376,-36.874708419343726],[-73.10600019970266,-36.8741336951648],[-73.1059845219059,-36.87384129487795],[-73.10616436859604,-36.87365930502871],[-73.10765518105005,-36.87317414507272],[-73.10792048699383,-36.872954040176516],[-73.10809405360148,-36.87265508797991],[-73.108394745961,-36.87255093471479],[-73.10865992209435,-36.872600339823954]]]}},{"type":"Feature","properties":{"comuna":"SanPedroDeLaPaz","zona":"ZH-12","zona_code":"ZH-12","nombre":"ZH-12 Zona residencial","decreto":"Publicacion PRC San Pedro de la Paz. Decreto Alc. N°310. Fecha de promulgacion 10.03.2011. Fecha de publicacion D.O. 24.03.2011."},"geometry":{"type":"Polygon","coordinates":[[[-73.1138178177753,-36.86911136358516],[-73.11403166643889,-36.869291432436135],[-73.11443858102257,-36.86940035809662],[-73.11473752219949,-36.8696712154837],[-73.11488979480542,-36.870333842191805],[-73.11490414407531,-36.87087235817339],[-73.11439107375824,-36.87190958983133],[-73.11431419972693,-36.87265046985781],[-73.11467604526946,-36.873141781193944],[-73.11457969305862,-36.873520089185334],[-73.11408210908283,-36.87375998008075],[-73.11393328227972,-36.873976058851305],[-73.11430078854826,-36.87457263486521],[-73.11410126923377,-36.87493108452813],[-73.11375239779164,-36.87522440615642],[-73.11287514206849,-36.875184513907875],[-73.11249230708239,-36.87647501346716],[-73.11186418607853,-36.87700064476366],[-73.11101277092777,-36.8771707627715],[-73.11039252287702,-36.877028206162755],[-73.1100050922737,-36.87714708740053],[-73.10931332703102,-36.878389690738125],[-73.10868353368082,-36.87834119752046],[-73.10841030460928,-36.877870234311025],[-73.10812239353496,-36.877669284822964],[-73.10774763303425,-36.87775256793409],[-73.1072822524166,-36.87804990518363],[-73.10663087157847,-36.87814276042369],[-73.10602352733613,-36.8787848211191],[-73.10465471166779,-36.87937120196867],[-73.10411073124804,-36.87983529504807],[-73.10343995795729,-36.88065530240774],[-73.10194381263194,-36.88131636492028],[-73.101066185263,-36.88181541569823],[-73.09951566811787,-36.88227912587902],[-73.09974314006885,-36.88189629723206],[-73.09972372434459,-36.88153371866975],[-73.09928208263531,-36.88118572947814],[-73.09899981626562,-36.881090022670506],[-73.10012606040456,-36.88087533839273],[-73.10052557996275,-36.88070919978279],[-73.10170736054664,-36.87962546967613],[-73.1024608210613,-36.87925960344664],[-73.10323085713298,-36.87865880420722],[-73.10575308731246,-36.87782161036313],[-73.1067641748147,-36.87736477748068],[-73.10744931499256,-36.876813761595535],[-73.10941959355412,-36.8757495280707],[-73.10998611043607,-36.87570646806339],[-73.11111863031584,-36.87533913499982],[-73.11162953532057,-36.875075358155385],[-73.11276414411773,-36.87420407605016],[-73.11310736205012,-36.8738054946739],[-73.11339644073858,-36.87267057463423],[-73.11370288742913,-36.872402160731994],[-73.11401782086158,-36.87147726129674],[-73.11403730372467,-36.87102545442949],[-73.11440055980121,-36.87032151436787],[-73.11439443583664,-36.86980029009299],[-73.11419613783578,-36.8695025060143],[-73.1136461661495,-36.869445410318825],[-73.11303660037119,-36.869636450306224],[-73.1129189435492,-36.86948233975904],[-73.1138178177753,-36.86911136358516]]]}},{"type":"Feature","properties":{"comuna":"SanPedroDeLaPaz","zona":"ZH-12","zona_code":"ZH-12","nombre":"ZH-12 Zona residencial","decreto":"Publicacion PRC San Pedro de la Paz. Decreto Alc. N°310. Fecha de promulgacion 10.03.2011. Fecha de publicacion D.O. 24.03.2011."},"geometry":{"type":"Polygon","coordinates":[[[-73.11269987594143,-36.869680345801655],[-73.1130080579995,-36.86978391067609],[-73.1138060809704,-36.86957169025205],[-73.11410984168558,-36.869660758187436],[-73.11422975007125,-36.870128237172324],[-73.11388704576741,-36.87087540513919],[-73.113835879457,-36.871416192492404],[-73.11356906911155,-36.87228669358641],[-73.11315212927852,-36.872670255952954],[-73.11293714797914,-36.87369128927549],[-73.11261796431903,-36.87413004904162],[-73.11147482190233,-36.87497819051666],[-73.1098371050614,-36.87557980588011],[-73.10933296235972,-36.87556211629449],[-73.10882009998927,-36.87592555090195],[-73.10716796491256,-36.87680299614018],[-73.106638264169,-36.877260746555756],[-73.10587059871513,-36.8776329894816],[-73.10314768435134,-36.87853571573549],[-73.10236371643053,-36.87914871302952],[-73.10135030956582,-36.87969933153728],[-73.10042088360768,-36.88059271179997],[-73.09956587314373,-36.88083317981569],[-73.10082547753557,-36.879840510417665],[-73.10161986048058,-36.87874087623669],[-73.10237283280411,-36.87809380188133],[-73.10299949026935,-36.87808384933776],[-73.1031267596483,-36.878009142045876],[-73.10309402430262,-36.877670459526435],[-73.10277402187843,-36.87714251062973],[-73.10289439599185,-36.87693914687254],[-73.1041296503824,-36.87631053564839],[-73.10532219178431,-36.87624584113937],[-73.10576960631734,-36.876429559274214],[-73.10522300883882,-36.87711638444809],[-73.10514945183772,-36.8773767191599],[-73.10583621733353,-36.87739982437747],[-73.10662954784368,-36.87696224728552],[-73.1069939027334,-36.876141112358624],[-73.10684293518297,-36.875501864399325],[-73.10632271847376,-36.874708419343726],[-73.10789060390228,-36.87457211930153],[-73.10827978123358,-36.87475784417948],[-73.10892124827794,-36.874820583855794],[-73.1094192238974,-36.87377217806317],[-73.10993075537314,-36.87352010584592],[-73.10976772308126,-36.872928150012314],[-73.10955261738711,-36.872724682248794],[-73.10977461840277,-36.87237717953547],[-73.11005447278758,-36.87215656661817],[-73.11118582379476,-36.87217595721199],[-73.11133367884662,-36.87275671892319],[-73.11129667990487,-36.87342590998602],[-73.11153525594648,-36.87352310217414],[-73.11182515706743,-36.873489619960054],[-73.11206447521931,-36.87332899554779],[-73.11232171623628,-36.87268732398912],[-73.11230612805167,-36.87212541523898],[-73.11189783338288,-36.87076859570799],[-73.11193314354082,-36.870339676676245],[-73.11269987594143,-36.869680345801655]]]}},{"type":"Feature","properties":{"comuna":"SanPedroDeLaPaz","zona":"ZH-16","zona_code":"ZH-16","nombre":"ZH-16 Zona residencial","decreto":"Publicacion PRC San Pedro de la Paz. Decreto Alc. N°310. Fecha de promulgacion 10.03.2011. Fecha de publicacion D.O. 24.03.2011."},"geometry":{"type":"Polygon","coordinates":[[[-73.10576960631734,-36.876429559274214],[-73.10532219178431,-36.87624584113937],[-73.1041296503824,-36.87631053564839],[-73.10289439599185,-36.87693914687254],[-73.10277402187843,-36.87714251062973],[-73.10309402430262,-36.877670459526435],[-73.1031267596483,-36.878009142045876],[-73.10299949026935,-36.87808384933776],[-73.10237283280411,-36.87809380188133],[-73.10161986048058,-36.87874087623669],[-73.10249504585862,-36.87683577961575],[-73.10275348566499,-36.8764870286885],[-73.10413710870279,-36.87536114202487],[-73.10464553447645,-36.87505061068471],[-73.10518356216352,-36.87502027656662],[-73.1056251894483,-36.87536824558208],[-73.10579961902968,-36.87590122364604],[-73.10576960631734,-36.876429559274214]]]}},{"type":"Feature","properties":{"comuna":"SanPedroDeLaPaz","zona":"ZH-12","zona_code":"ZH-12","nombre":"ZH-12 Zona residencial","decreto":"Publicacion PRC San Pedro de la Paz. Decreto Alc. N°310. Fecha de promulgacion 10.03.2011. Fecha de publicacion D.O. 24.03.2011."},"geometry":{"type":"Polygon","coordinates":[[[-73.12144480377239,-36.88380352300197],[-73.12206756772103,-36.884262308169305],[-73.12215611200197,-36.88455217302031],[-73.12252570012762,-36.884914293737516],[-73.12284979474329,-36.88497333629781],[-73.12304404139516,-36.88532983188406],[-73.12274836305427,-36.885527590752815],[-73.12264000132012,-36.885953191431135],[-73.12237232500613,-36.885587529053694],[-73.1223590982259,-36.88534191833711],[-73.12152548286409,-36.885031072512426],[-73.12128126819805,-36.88455913318644],[-73.12127441940306,-36.88416097140316],[-73.12144480377239,-36.88380352300197]]]}},{"type":"Feature","properties":{"comuna":"SanPedroDeLaPaz","zona":"ZH-12","zona_code":"ZH-12","nombre":"ZH-12 Zona residencial","decreto":"Publicacion PRC San Pedro de la Paz. Decreto Alc. N°310. Fecha de promulgacion 10.03.2011. Fecha de publicacion D.O. 24.03.2011."},"geometry":{"type":"Polygon","coordinates":[[[-73.12321490958612,-36.885523093063455],[-73.12381824341126,-36.88656842601909],[-73.12328152960701,-36.88987387796554],[-73.12338044944372,-36.89049147457555],[-73.12586044070709,-36.895227041477476],[-73.12624750172236,-36.895641270664804],[-73.1267219661998,-36.895917704693126],[-73.1277265528947,-36.89682601779273],[-73.12795917920495,-36.8970815681482],[-73.12827653455128,-36.897961061114195],[-73.1284847986435,-36.89817058805851],[-73.12885642598228,-36.89829826315696],[-73.12910303875488,-36.898272102286676],[-73.12939419488535,-36.89880097597569],[-73.13022727941022,-36.89963907165271],[-73.13032189580066,-36.89990528147044],[-73.13026958331459,-36.90042267727866],[-73.1300238726984,-36.900735889993854],[-73.13003649995582,-36.90096980272881],[-73.12984367122493,-36.90118157446726],[-73.12948783043268,-36.901211540828115],[-73.12800862025088,-36.90205396999194],[-73.12737925862903,-36.90201728409491],[-73.12701081950078,-36.901678576549735],[-73.1268809068485,-36.90062265388252],[-73.12692908876411,-36.90029874293019],[-73.1272045934423,-36.899861464468756],[-73.12715307045207,-36.89944728205924],[-73.12729976932897,-36.89878599172474],[-73.12691073934447,-36.89860618693252],[-73.12664961761926,-36.89836334355079],[-73.1266358476627,-36.89756702488318],[-73.12653585898758,-36.8973361512815],[-73.12608512139819,-36.89709404453263],[-73.12588893489544,-36.89670247005895],[-73.12584152213721,-36.89636430813315],[-73.1257035276374,-36.89624021416462],[-73.1252255080991,-36.89630371068558],[-73.12482477109359,-36.89617703577727],[-73.12460829577839,-36.89595021080326],[-73.12424109768536,-36.895904390272065],[-73.12384975367691,-36.89622265507092],[-73.1236047228612,-36.89627804374914],[-73.12327490662042,-36.89611374513302],[-73.12310912108556,-36.8957445441782],[-73.1232851895936,-36.89549235372202],[-73.12379491600001,-36.895205128414766],[-73.12410522067914,-36.89487210548626],[-73.12374089630532,-36.89474415975596],[-73.1235845652365,-36.89455039530271],[-73.1235849461153,-36.89428673554271],[-73.1238715800414,-36.89364987818639],[-73.12358836159851,-36.893267183243616],[-73.12313702692938,-36.893013366867656],[-73.12285413015165,-36.89263651856949],[-73.12264544127717,-36.89174151365412],[-73.12266644302161,-36.89131894928106],[-73.12248604061982,-36.89121976006047],[-73.12185613838605,-36.891171343627576],[-73.12163653730016,-36.8908860329512],[-73.12160056165179,-36.89048888371173],[-73.12176213689752,-36.889967693273434],[-73.12144061565361,-36.88968592440938],[-73.1214229811722,-36.889358442671075],[-73.1216984476004,-36.88905593061703],[-73.12158518722661,-36.888848948904574],[-73.12098261382296,-36.88849491860886],[-73.12096592022708,-36.88710109955279],[-73.1227462585163,-36.886301027686386],[-73.12300344134596,-36.88565933724521],[-73.12321490958612,-36.885523093063455]]]}},{"type":"Feature","properties":{"comuna":"SanPedroDeLaPaz","zona":"ZH-12","zona_code":"ZH-12","nombre":"ZH-12 Zona residencial","decreto":"Publicacion PRC San Pedro de la Paz. Decreto Alc. N°310. Fecha de promulgacion 10.03.2011. Fecha de publicacion D.O. 24.03.2011."},"geometry":{"type":"Polygon","coordinates":[[[-73.12705814874077,-36.89592944340774],[-73.12648668120609,-36.89554506781215],[-73.12606954940142,-36.89511430971573],[-73.12362560320344,-36.89050638764751],[-73.12351292551372,-36.889836540481895],[-73.12355513349101,-36.889401520977394],[-73.12402589937513,-36.88649676046592],[-73.12338521831073,-36.88543515009449],[-73.12412465316027,-36.88521610532564],[-73.12505830813343,-36.88548830126464],[-73.12550843410759,-36.885314460451276],[-73.12566452485402,-36.8850981142742],[-73.12603258653755,-36.88529623034969],[-73.12693386067359,-36.886049959798484],[-73.12720769889944,-36.88734108914413],[-73.12705255456385,-36.88757498025064],[-73.12670276614563,-36.887716042504564],[-73.12661308298655,-36.88821716146803],[-73.12690899140325,-36.888429501886925],[-73.12749642411228,-36.8886375574902],[-73.12766055572918,-36.889381773100816],[-73.12817346548727,-36.89037163915094],[-73.12836365141393,-36.89065210223898],[-73.12911059598707,-36.89111238502577],[-73.12906589540367,-36.89150062124109],[-73.12889461032906,-36.891705783016434],[-73.12867806517212,-36.89188322514356],[-73.12839919754732,-36.891851919834714],[-73.1282412097444,-36.892033182430154],[-73.12828891940616,-36.89251194409097],[-73.12819298482331,-36.892626599498755],[-73.12796917951006,-36.89266954118673],[-73.12735795232648,-36.89256191657166],[-73.12682302788345,-36.89238132850786],[-73.12668790794096,-36.89217511274408],[-73.12675474952115,-36.89192671743696],[-73.1274933147976,-36.891555351163035],[-73.12743097027769,-36.89148135572227],[-73.1264344630852,-36.891668354456776],[-73.1261568862552,-36.89152568138976],[-73.12576042008985,-36.8908012617028],[-73.12499080354927,-36.88991991101993],[-73.12487368719626,-36.88991226590892],[-73.12498434455267,-36.89047672251593],[-73.12551279570091,-36.89121413178945],[-73.12570317064822,-36.892039461075726],[-73.1253551306831,-36.89275462286121],[-73.12611641278532,-36.8928043094175],[-73.12747488890436,-36.893512833058885],[-73.12793980377184,-36.894018088397196],[-73.12852633782954,-36.89420859257877],[-73.12862538044035,-36.894421920789554],[-73.12885211017084,-36.89578498865484],[-73.12870804765889,-36.89595404900429],[-73.1282455647855,-36.895899840924564],[-73.12782810598827,-36.89546324135711],[-73.12732483409872,-36.89519367268912],[-73.12699498907864,-36.89516413802764],[-73.12689776101794,-36.89539015469955],[-73.12705814874077,-36.89592944340774]]]}},{"type":"Feature","properties":{"comuna":"SanPedroDeLaPaz","zona":"ZH-12","zona_code":"ZH-12","nombre":"ZH-12 Zona residencial","decreto":"Publicacion PRC San Pedro de la Paz. Decreto Alc. N°310. Fecha de promulgacion 10.03.2011. Fecha de publicacion D.O. 24.03.2011."},"geometry":{"type":"Polygon","coordinates":[[[-73.10722751474547,-36.89415704707654],[-73.10746915578605,-36.893222982253505],[-73.10788992474187,-36.892364737546146],[-73.1082290887304,-36.891345270107664],[-73.10828757486362,-36.8908042308751],[-73.10811245685098,-36.8902595640356],[-73.10848186686883,-36.88953199142887],[-73.10923161719764,-36.88909590257594],[-73.10933052147155,-36.888764381736834],[-73.1096167128905,-36.88866072566083],[-73.11001110810741,-36.888670496725176],[-73.11087218807236,-36.88840630651949],[-73.11108693996506,-36.888059051510155],[-73.11101561815022,-36.88754594488301],[-73.11117212651767,-36.887200708055545],[-73.11151152477919,-36.88700146264327],[-73.11195849780614,-36.88690394669304],[-73.11239656466232,-36.88691219649236],[-73.11290292875063,-36.88710555985098],[-73.11311180220183,-36.88719205907264],[-73.1132389705404,-36.88738685019495],[-73.11305135963896,-36.88796752138892],[-73.11330203201727,-36.88801741819321],[-73.11353636077546,-36.887763221887674],[-73.11371757858808,-36.88733510080678],[-73.11413804522925,-36.887015860341776],[-73.11544552448012,-36.88637290678179],[-73.11609139303758,-36.88590522765133],[-73.11645791147049,-36.88593937909309],[-73.1170401318037,-36.886458187585035],[-73.11700714509956,-36.886658532639856],[-73.116520717707,-36.88737847343504],[-73.11534050442978,-36.887946717466306],[-73.11362959791471,-36.88895519056087],[-73.1082637660487,-36.89307828737129],[-73.10803430649406,-36.893695554411735],[-73.10722751474547,-36.89415704707654]]]}},{"type":"Feature","properties":{"comuna":"SanPedroDeLaPaz","zona":"ZH-12","zona_code":"ZH-12","nombre":"ZH-12 Zona residencial","decreto":"Publicacion PRC San Pedro de la Paz. Decreto Alc. N°310. Fecha de promulgacion 10.03.2011. Fecha de publicacion D.O. 24.03.2011."},"geometry":{"type":"Polygon","coordinates":[[[-73.10787170138371,-36.89066630359782],[-73.10782062264195,-36.891617204713405],[-73.1075842568163,-36.8921058155393],[-73.10728197711227,-36.891366349848596],[-73.10787170138371,-36.89066630359782]]]}},{"type":"Feature","properties":{"comuna":"SanPedroDeLaPaz","zona":"ZH-12","zona_code":"ZH-12","nombre":"ZH-12 Zona residencial","decreto":"Publicacion PRC San Pedro de la Paz. Decreto Alc. N°310. Fecha de promulgacion 10.03.2011. Fecha de publicacion D.O. 24.03.2011."},"geometry":{"type":"Polygon","coordinates":[[[-73.11695155214589,-36.88725220454664],[-73.11760735092388,-36.887375913650104],[-73.11766015509008,-36.88754398636111],[-73.11757746722714,-36.887769492162434],[-73.11737452032276,-36.88792886646622],[-73.11651194753426,-36.888029107420216],[-73.11611148590836,-36.88817775666327],[-73.11446746754314,-36.888937849996765],[-73.11422428646107,-36.88916306164158],[-73.1142120393067,-36.88974936926322],[-73.1145918785688,-36.889759630475275],[-73.1147261689692,-36.88954405471823],[-73.11521620580757,-36.88943331444197],[-73.1155839978049,-36.88949086026543],[-73.11584348170751,-36.88970449328501],[-73.11601821162931,-36.88969843080571],[-73.11597839667652,-36.889500611616015],[-73.1163546467889,-36.88890167306157],[-73.11678580428821,-36.888781252409466],[-73.1175764828926,-36.88883583338289],[-73.11831890090896,-36.889349072299154],[-73.11792172423138,-36.89010107272574],[-73.11772668202883,-36.89027189065963],[-73.11678157304424,-36.89005862345922],[-73.11616489111289,-36.890255788697786],[-73.11626798286048,-36.890545152720065],[-73.11622798037612,-36.890886352933364],[-73.11597909172713,-36.89114105987704],[-73.1156111954071,-36.89135302507577],[-73.11479640030895,-36.89139300946154],[-73.11472160950521,-36.89162995711978],[-73.11525147365057,-36.891717034831245],[-73.1152316890343,-36.89216299245678],[-73.11587678842895,-36.892222634411716],[-73.11647452195031,-36.89194410466011],[-73.11736994409385,-36.89123340404496],[-73.11823093555482,-36.89123866813725],[-73.11857267856347,-36.89162520390252],[-73.11915504131022,-36.891874488372586],[-73.11973166115027,-36.892288016363175],[-73.11992024815216,-36.892539254504435],[-73.1198923055834,-36.89283316615121],[-73.12103093738384,-36.89393022484334],[-73.12098402902086,-36.89414277177005],[-73.1207022442028,-36.894328325252765],[-73.12035591515672,-36.89439894395876],[-73.12013371197695,-36.89433635665181],[-73.11991914437925,-36.89414460951961],[-73.11981792170597,-36.893890336917664],[-73.119830044136,-36.89357354002214],[-73.11968388021715,-36.89329739287753],[-73.11894455953838,-36.89284264400073],[-73.11804624529614,-36.89268635113739],[-73.11674704860067,-36.89294236501101],[-73.11611443085523,-36.893386154439014],[-73.11549835043884,-36.893595013642965],[-73.11509440001144,-36.89367933394754],[-73.1143600321364,-36.893587630994816],[-73.11359224272343,-36.893145552899384],[-73.11335830729276,-36.89232171055507],[-73.11280570876166,-36.89208308270517],[-73.11257712705341,-36.89217303147127],[-73.11315172848492,-36.89282101610825],[-73.11310354040573,-36.89301016990062],[-73.11284583268083,-36.89310112922194],[-73.11169997881211,-36.8929533693513],[-73.11142645255029,-36.89302143922114],[-73.1116270636177,-36.89322540427767],[-73.11192017959002,-36.89325039671173],[-73.11265380954535,-36.89359992865584],[-73.11254161182117,-36.89395534943285],[-73.11270807659162,-36.894066754210854],[-73.11244963174379,-36.89441552744448],[-73.11176585636875,-36.894450948734736],[-73.11127977085282,-36.89409283196969],[-73.11015988565357,-36.89388557003327],[-73.10851378139785,-36.89393087861121],[-73.10817309026787,-36.894106725631474],[-73.10810781536973,-36.894249598943915],[-73.10824954650613,-36.89444389076476],[-73.10955697206307,-36.89434001383943],[-73.11044963870799,-36.89439110777903],[-73.11079398562528,-36.8945549399916],[-73.11091036986075,-36.89482041298827],[-73.11124581157927,-36.89509001110556],[-73.11169021109716,-36.895215220148785],[-73.11330364408968,-36.894561679873014],[-73.11489590852055,-36.89460019729602],[-73.11576215833853,-36.89416002546967],[-73.11662255389243,-36.8941536038405],[-73.11709301912856,-36.89394979355672],[-73.11795215350625,-36.89391997098183],[-73.11848824658607,-36.89439349930365],[-73.11903143452827,-36.89445666197262],[-73.11940429101672,-36.89460776158586],[-73.12037906274999,-36.895370704079276],[-73.12094248908666,-36.89553861367026],[-73.12104497757174,-36.895816275732244],[-73.12077774940667,-36.89600132406316],[-73.12040102936865,-36.896049564345],[-73.11970780140635,-36.89590959616478],[-73.119465915697,-36.89602345516429],[-73.11800854481254,-36.895781119132536],[-73.11642767417341,-36.895683661990695],[-73.1160731549789,-36.895602223130254],[-73.1156218285758,-36.89534837762607],[-73.11530649819296,-36.89545305918493],[-73.11545579796041,-36.89578769211036],[-73.11563494513501,-36.89586349989018],[-73.11553732142524,-36.89621841653495],[-73.11512193976166,-36.896361721708175],[-73.1144679035237,-36.89640784585547],[-73.11425324444588,-36.89648559756039],[-73.1142468583975,-36.89663814844012],[-73.11632789454164,-36.89681201963129],[-73.11691927904786,-36.8966860362926],[-73.11758464449764,-36.8968504232359],[-73.11825135534264,-36.89676868944444],[-73.11905722684612,-36.89710395391256],[-73.11945103499016,-36.897101995601815],[-73.12029894201711,-36.89659212116839],[-73.12070163967361,-36.89648439129609],[-73.12092384951846,-36.89654697770736],[-73.12118085285582,-36.89671381299007],[-73.12116803420693,-36.897288422119196],[-73.12134137536775,-36.89779797552369],[-73.12191427314107,-36.8981413142089],[-73.12199016457183,-36.89846677110304],[-73.12172537953668,-36.898968112290945],[-73.121472076077,-36.899140961064454],[-73.12112068522461,-36.89911801743413],[-73.12043191357421,-36.89879041801253],[-73.11874652516347,-36.89864975364966],[-73.11725952371481,-36.89785770938758],[-73.11697142313399,-36.89792629719396],[-73.11655738475424,-36.89782349122809],[-73.11629598204846,-36.89757477414334],[-73.11554251595233,-36.897671225251194],[-73.11309802662902,-36.897521662768455],[-73.11262710532901,-36.89717474421727],[-73.11230820189269,-36.89667022298153],[-73.1120347677305,-36.89646878435556],[-73.11179925927473,-36.896430077613836],[-73.11157254897827,-36.89655511353709],[-73.11150255820887,-36.8974246468479],[-73.11126442396562,-36.89760866587583],[-73.1109877380403,-36.89761825612542],[-73.11058889852048,-36.897526619507914],[-73.1099591707601,-36.8969391209924],[-73.10947872971238,-36.89668626089647],[-73.1090609366496,-36.89651325187657],[-73.10839872830194,-36.89640729486135],[-73.10788854213574,-36.896143740041026],[-73.10768228211029,-36.89583450551865],[-73.10767286343808,-36.895659066682796],[-73.10746146091847,-36.89552577501732],[-73.10713469402273,-36.89568941965846],[-73.10710267788404,-36.895092925804214],[-73.10724226684027,-36.894431901884474],[-73.10821626786385,-36.89382400564522],[-73.10855782385609,-36.893120831978564],[-73.1133334619015,-36.88941658997484],[-73.11557693113866,-36.88800296221861],[-73.11660578531695,-36.88760401542815],[-73.11695155214589,-36.88725220454664]]]}},{"type":"Feature","properties":{"comuna":"SanPedroDeLaPaz","zona":"ZH-12","zona_code":"ZH-12","nombre":"ZH-12 Zona residencial","decreto":"Publicacion PRC San Pedro de la Paz. Decreto Alc. N°310. Fecha de promulgacion 10.03.2011. Fecha de publicacion D.O. 24.03.2011."},"geometry":{"type":"Polygon","coordinates":[[[-73.10754013564382,-36.892370991431775],[-73.10694631888401,-36.89367463979857],[-73.10675902652619,-36.89480602235992],[-73.1067339221083,-36.89569743627728],[-73.10681225679136,-36.89606969078974],[-73.10713426274184,-36.896632708389994],[-73.1078392899608,-36.89726448536933],[-73.10883495198546,-36.89787447200599],[-73.1089918827811,-36.89807995418757],[-73.10889685427325,-36.898212140361274],[-73.10856631202098,-36.89830561407032],[-73.10781859551436,-36.89823776978776],[-73.10623252728358,-36.8983161231419],[-73.10587724785181,-36.89849246872998],[-73.10571567683881,-36.89874413359079],[-73.10541990103977,-36.89894185424327],[-73.10550125745176,-36.898282846956874],[-73.105114989882,-36.89706585778603],[-73.10483278830361,-36.89670065805807],[-73.10375118836535,-36.89584753693454],[-73.10259080932238,-36.896789940060046],[-73.10240010424926,-36.89704260773082],[-73.10215693185425,-36.89713304199879],[-73.10159304163192,-36.89668383268207],[-73.10159130346457,-36.89637923196496],[-73.10331424242018,-36.89477290575442],[-73.10391957377489,-36.89463478794934],[-73.10426742574451,-36.89472821166391],[-73.10457360757462,-36.89458872268566],[-73.10443302586734,-36.894007702003144],[-73.10483524342277,-36.89361881729323],[-73.10589725252302,-36.89301961250457],[-73.10725223476979,-36.89271491430983],[-73.10754013564382,-36.892370991431775]]]}},{"type":"Feature","properties":{"comuna":"SanPedroDeLaPaz","zona":"ZH-12","zona_code":"ZH-12","nombre":"ZH-12 Zona residencial","decreto":"Publicacion PRC San Pedro de la Paz. Decreto Alc. N°310. Fecha de promulgacion 10.03.2011. Fecha de publicacion D.O. 24.03.2011."},"geometry":{"type":"Polygon","coordinates":[[[-73.10810609642498,-36.89883713241336],[-73.109184132674,-36.899350521523786],[-73.10946436642793,-36.89995013209061],[-73.10980559628655,-36.90005548602467],[-73.11074201964267,-36.90010505944969],[-73.11103620353884,-36.90069246542154],[-73.11068510810796,-36.90148971753689],[-73.1102298796373,-36.90143518758528],[-73.10984044404294,-36.901518988390215],[-73.10830919027867,-36.90207589619587],[-73.1066325245424,-36.902098805624846],[-73.1057377573025,-36.90228211221037],[-73.10592670403452,-36.90172484025514],[-73.10576349534882,-36.901402394365974],[-73.10580304409322,-36.9007799880954],[-73.10568227248513,-36.90043263761058],[-73.10549621883754,-36.900228159409174],[-73.10507012643625,-36.90017259996312],[-73.10652566394452,-36.89902075339675],[-73.1069658101435,-36.89879459600503],[-73.1072614593033,-36.898866382994846],[-73.10810609642498,-36.89883713241336]]]}},{"type":"Feature","properties":{"comuna":"SanPedroDeLaPaz","zona":"ZH-12","zona_code":"ZH-12","nombre":"ZH-12 Zona residencial","decreto":"Publicacion PRC San Pedro de la Paz. Decreto Alc. N°310. Fecha de promulgacion 10.03.2011. Fecha de publicacion D.O. 24.03.2011."},"geometry":{"type":"Polygon","coordinates":[[[-73.11061018814253,-36.90199617350381],[-73.11062904151757,-36.90234705081139],[-73.11082517093202,-36.902738653898616],[-73.1113144558213,-36.90315524894843],[-73.11200323468884,-36.90348290119979],[-73.11337839304511,-36.903821901478324],[-73.11443712767553,-36.90370315496829],[-73.11512466503349,-36.90400739654974],[-73.11538608827529,-36.904256114721946],[-73.11503961615693,-36.90459623040425],[-73.11330445354298,-36.90516027863544],[-73.11234449954232,-36.90521700116423],[-73.11131120046066,-36.904995035065184],[-73.11153175336052,-36.904483529885205],[-73.11119197237703,-36.90386255422678],[-73.11065773513342,-36.903424081508255],[-73.11012265446591,-36.90351293082931],[-73.11019025724538,-36.902327103596924],[-73.1103670120609,-36.90208662529851],[-73.11061018814253,-36.90199617350381]]]}},{"type":"Feature","properties":{"comuna":"SanPedroDeLaPaz","zona":"ZH-12","zona_code":"ZH-12","nombre":"ZH-12 Zona residencial","decreto":"Publicacion PRC San Pedro de la Paz. Decreto Alc. N°310. Fecha de promulgacion 10.03.2011. Fecha de publicacion D.O. 24.03.2011."},"geometry":{"type":"Polygon","coordinates":[[[-73.11652509086382,-36.90264642391328],[-73.11684387766488,-36.90368994715098],[-73.11634170799633,-36.90384798826399],[-73.11587378844408,-36.90382907442709],[-73.11509949839737,-36.903539564306506],[-73.11579674652597,-36.90321071178795],[-73.11591145499773,-36.9029020725257],[-73.11630151897772,-36.90282994830619],[-73.11652509086382,-36.90264642391328]]]}},{"type":"Feature","properties":{"comuna":"SanPedroDeLaPaz","zona":"ZH-12","zona_code":"ZH-12","nombre":"ZH-12 Zona residencial","decreto":"Publicacion PRC San Pedro de la Paz. Decreto Alc. N°310. Fecha de promulgacion 10.03.2011. Fecha de publicacion D.O. 24.03.2011."},"geometry":{"type":"Polygon","coordinates":[[[-73.11367459786774,-36.907701889613264],[-73.114542884384,-36.907296804237426],[-73.11704599462433,-36.90527653117098],[-73.11831446024003,-36.904716916955095],[-73.11893628761541,-36.90461330071979],[-73.1197663361253,-36.904853977173076],[-73.12012720243091,-36.90505235947784],[-73.12022781388171,-36.905294934481375],[-73.12009351582498,-36.9055105174854],[-73.1194982157681,-36.905835853789355],[-73.11879025655378,-36.90596589990841],[-73.11725979049393,-36.90599560316086],[-73.11723120781345,-36.90627781853489],[-73.11784595975344,-36.90658457087693],[-73.11726629617777,-36.907471800290224],[-73.11676851127099,-36.90771171434017],[-73.1162188467306,-36.90780109864283],[-73.11569075827602,-36.907749118996875],[-73.11519692296464,-36.90752018459514],[-73.1149347662658,-36.90752928050064],[-73.1150056090861,-36.9077611752283],[-73.11444398732762,-36.907628330397415],[-73.11367459786774,-36.907701889613264]]]}},{"type":"Feature","properties":{"comuna":"SanPedroDeLaPaz","zona":"ZH-12","zona_code":"ZH-12","nombre":"ZH-12 Zona residencial","decreto":"Publicacion PRC San Pedro de la Paz. Decreto Alc. N°310. Fecha de promulgacion 10.03.2011. Fecha de publicacion D.O. 24.03.2011."},"geometry":{"type":"Polygon","coordinates":[[[-73.111016702347,-36.90195864970213],[-73.11136307677701,-36.90188805508026],[-73.11187352259944,-36.90161257128503],[-73.11224409471785,-36.90117788914855],[-73.11295117299672,-36.899946453059734],[-73.11342880031103,-36.89933228876162],[-73.11375619596488,-36.899180322511555],[-73.11460020031036,-36.89913933004023],[-73.11642358338592,-36.899404158073864],[-73.11708259236362,-36.899721097702816],[-73.1172071897943,-36.90013860806147],[-73.11710642204824,-36.90043504691148],[-73.11663007734377,-36.9010726159791],[-73.11665408060293,-36.90124754730592],[-73.11687944864865,-36.9013686186835],[-73.11757029025948,-36.90119230866955],[-73.1178806859692,-36.90072454516494],[-73.11826309806801,-36.90078157406916],[-73.11849098605016,-36.900949425752565],[-73.11883734652876,-36.90087881074033],[-73.11891024135183,-36.900606773851024],[-73.11913568969261,-36.900458332736704],[-73.11952762572432,-36.900421285137895],[-73.11977322739773,-36.9006471075223],[-73.12040320789818,-36.90069553081802],[-73.12068998005604,-36.900873050279735],[-73.12096345203811,-36.90107446629538],[-73.12112160871584,-36.9015728285367],[-73.12137359039608,-36.901646097177434],[-73.12162690150159,-36.901473248003875],[-73.12267417353077,-36.901413416084424],[-73.12330283486665,-36.901707938900394],[-73.12366047809925,-36.90211733921468],[-73.12357745068367,-36.90247175490768],[-73.12316205397426,-36.902615089424785],[-73.12286624825565,-36.90308235932396],[-73.12185809643145,-36.90359782173476],[-73.12183716222599,-36.90375087846332],[-73.12199114644099,-36.90390078487402],[-73.12199063909195,-36.90402676715195],[-73.12185493069431,-36.90421603663481],[-73.12079491110262,-36.904446210706425],[-73.120508874648,-36.904418065487505],[-73.1204079669527,-36.904102266286635],[-73.1204610783505,-36.90380162118924],[-73.12035157529286,-36.90366481446544],[-73.12006440043581,-36.90375095483182],[-73.1198561674525,-36.90401597562509],[-73.11953041804655,-36.90392769058554],[-73.11905041399518,-36.90354889156029],[-73.11901093493755,-36.90322216840166],[-73.11884286754129,-36.903081534162425],[-73.11869967271943,-36.903402883562755],[-73.11849718187074,-36.903503655959646],[-73.11816464669712,-36.903357014556924],[-73.11751880129788,-36.9033530719554],[-73.11700725230658,-36.90265898304952],[-73.11659768058396,-36.902368539637244],[-73.1163073602291,-36.90239619203928],[-73.11608378747405,-36.90257971601761],[-73.115709862376,-36.90268057370489],[-73.11549833365615,-36.90281680785787],[-73.11548084816356,-36.90303419121394],[-73.114774431023,-36.90332820633175],[-73.11415606724306,-36.90349612807569],[-73.1129951235513,-36.90347780329586],[-73.1114364653442,-36.90284635989064],[-73.11096248061237,-36.90217144703488],[-73.111016702347,-36.90195864970213]]]}},{"type":"Feature","properties":{"comuna":"SanPedroDeLaPaz","zona":"ZH-12","zona_code":"ZH-12","nombre":"ZH-12 Zona residencial","decreto":"Publicacion PRC San Pedro de la Paz. Decreto Alc. N°310. Fecha de promulgacion 10.03.2011. Fecha de publicacion D.O. 24.03.2011."},"geometry":{"type":"Polygon","coordinates":[[[-73.12617450382525,-36.905176084113016],[-73.12588389023962,-36.90506315984707],[-73.12529466901486,-36.905230125017226],[-73.12486188978107,-36.9051865894005],[-73.12460378540295,-36.905541234682715],[-73.12407880271573,-36.90581727829527],[-73.12390334648381,-36.906081166381945],[-73.12352765527893,-36.90696133272073],[-73.12338693587785,-36.90759897607709],[-73.12349701948374,-36.90801698245544],[-73.12353473172294,-36.90925773820126],[-73.12313701701532,-36.90945904764969],[-73.12121759068329,-36.909853854293274],[-73.12013792257704,-36.90985621364621],[-73.11961997204475,-36.90972187697606],[-73.11717627107275,-36.90986532365124],[-73.11763015356074,-36.90826768487179],[-73.11817368188609,-36.907522320509074],[-73.11876971000956,-36.90693917728212],[-73.11915538079757,-36.90678517140793],[-73.11940989773487,-36.906905225180815],[-73.11946555782747,-36.90712592687387],[-73.11932921289105,-36.90784543808784],[-73.11893456473517,-36.90837472018807],[-73.11889331306683,-36.90869252939687],[-73.1191852306651,-36.90869410806158],[-73.11965774016144,-36.90825586187586],[-73.11992130469103,-36.9077311305966],[-73.11990829823203,-36.906676996121206],[-73.1201490291468,-36.906270234361536],[-73.1219835809423,-36.90565576208022],[-73.12250150546657,-36.905790089617845],[-73.12250509170158,-36.90666878655836],[-73.12221424415165,-36.90749912886252],[-73.12174925092177,-36.90834724118183],[-73.12117991512166,-36.908613095355825],[-73.12100129197682,-36.90881850153665],[-73.12097328396649,-36.909381920899015],[-73.12132472183498,-36.90940486174744],[-73.12300227925067,-36.90885441597486],[-73.12309735681106,-36.908452711797786],[-73.12297731327962,-36.90730855798208],[-73.1234080814689,-36.90514925958297],[-73.12353953215445,-36.90488104281191],[-73.12409426849267,-36.90461568521593],[-73.12445835638229,-36.90460302486098],[-73.12471413400762,-36.9047464584855],[-73.12500698043577,-36.90476556801515],[-73.12563831242137,-36.90456784512288],[-73.12601157357943,-36.90459001393647],[-73.12624740108622,-36.904769291441916],[-73.12626793229114,-36.905014646896106],[-73.12617450382525,-36.905176084113016]]]}},{"type":"Feature","properties":{"comuna":"SanPedroDeLaPaz","zona":"ZH-12","zona_code":"ZH-12","nombre":"ZH-12 Zona residencial","decreto":"Publicacion PRC San Pedro de la Paz. Decreto Alc. N°310. Fecha de promulgacion 10.03.2011. Fecha de publicacion D.O. 24.03.2011."},"geometry":{"type":"Polygon","coordinates":[[[-73.12587019323459,-36.905282608436586],[-73.1256674556357,-36.905852106196676],[-73.12585988444552,-36.906173504965224],[-73.12531128558695,-36.90736434884974],[-73.1252795238621,-36.907857593110386],[-73.12621919650795,-36.907965516062106],[-73.12640910910729,-36.90824013080425],[-73.12641279319256,-36.90884931811094],[-73.12623918094361,-36.90941780318743],[-73.12483836491954,-36.90995867073072],[-73.12401884987214,-36.91045587514586],[-73.12337674543897,-36.910454765506216],[-73.12263955988217,-36.91085535694797],[-73.12117678412139,-36.910789019913175],[-73.11927091915086,-36.910081868553384],[-73.11803473354612,-36.91042945651854],[-73.11719988907639,-36.91118493454718],[-73.1174645751957,-36.9112226163267],[-73.11769131529718,-36.911097567607484],[-73.11865007520551,-36.91101740537761],[-73.11887036044139,-36.91131441323356],[-73.11877651824877,-36.911739507028486],[-73.11839011447033,-36.91215132573403],[-73.11779475678863,-36.912476656934416],[-73.11713231846605,-36.912640266777295],[-73.11630342410687,-36.912625830614125],[-73.11618135150398,-36.911171221592646],[-73.11699652262027,-36.91059219763772],[-73.11715501222268,-36.91001253177092],[-73.11851747434316,-36.90984219084247],[-73.11957084879654,-36.90989348929863],[-73.12038895037097,-36.910046692523366],[-73.12119696965983,-36.91001275894234],[-73.1229295839765,-36.90967131656882],[-73.12344728379858,-36.909530284108186],[-73.123743362795,-36.9093383668133],[-73.1236104409793,-36.90768494589256],[-73.12386079458842,-36.90664509176744],[-73.12425259133818,-36.9059284115382],[-73.12467720623418,-36.90568515161032],[-73.12506248421646,-36.90579478727435],[-73.1253135647598,-36.90571574890588],[-73.12540097482888,-36.90557795642656],[-73.12534655983727,-36.9053806490935],[-73.12587019323459,-36.905282608436586]]]}},{"type":"Feature","properties":{"comuna":"SanPedroDeLaPaz","zona":"ZH-12","zona_code":"ZH-12","nombre":"ZH-12 Zona residencial","decreto":"Publicacion PRC San Pedro de la Paz. Decreto Alc. N°310. Fecha de promulgacion 10.03.2011. Fecha de publicacion D.O. 24.03.2011."},"geometry":{"type":"Polygon","coordinates":[[[-73.11741397605994,-36.9080466959061],[-73.11715479957924,-36.9086532929316],[-73.11672491221677,-36.91042586152981],[-73.1159211592176,-36.91094589855497],[-73.11579124672086,-36.91124334865947],[-73.11593205479883,-36.91250396682587],[-73.11564911063715,-36.91212710395601],[-73.11542784242725,-36.9109981713321],[-73.11514499668212,-36.91035179809734],[-73.11514005182441,-36.9099887222072],[-73.11531689557044,-36.9094787274684],[-73.11590234866652,-36.908427258911196],[-73.11741397605994,-36.9080466959061]]]}},{"type":"Feature","properties":{"comuna":"SanPedroDeLaPaz","zona":"ZH-12","zona_code":"ZH-12","nombre":"ZH-12 Zona residencial","decreto":"Publicacion PRC San Pedro de la Paz. Decreto Alc. N°310. Fecha de promulgacion 10.03.2011. Fecha de publicacion D.O. 24.03.2011."},"geometry":{"type":"Polygon","coordinates":[[[-73.09624272548145,-36.918214750024845],[-73.0950928233748,-36.91847490202581],[-73.0934372306293,-36.91862580187369],[-73.09256784216839,-36.918810334477875],[-73.09248261094142,-36.91939916268793],[-73.09216031843012,-36.919853360120875],[-73.09146861498793,-36.92001784019089],[-73.08974112037954,-36.91964387039422],[-73.0883305225205,-36.920829129877944],[-73.08754458954208,-36.92168818162943],[-73.08713820758948,-36.922276358040804],[-73.08661984175609,-36.922680908369024],[-73.0854107287919,-36.92272256913691],[-73.08492167858665,-36.922856593863344],[-73.08465032294016,-36.923240908604846],[-73.08330926414348,-36.923544883649576],[-73.08299939221659,-36.92375475453512],[-73.08301875832794,-36.92411733908974],[-73.08339361147875,-36.92512387708753],[-73.08191910419275,-36.9251160520969],[-73.08152222065596,-36.92478989805533],[-73.08138152479634,-36.92406823855336],[-73.08082190406998,-36.923700811598344],[-73.08083293249753,-36.92336061632994],[-73.08066082359092,-36.92314390169685],[-73.07989081170803,-36.92293603953235],[-73.07919259288896,-36.92325300350955],[-73.07859926970596,-36.92307420923596],[-73.0779430924513,-36.923085057364204],[-73.07753771968362,-36.922325622696206],[-73.07726552070619,-36.922147496635375],[-73.07653214589604,-36.922078966719226],[-73.07639230517722,-36.921919724440414],[-73.07631305360101,-36.921254534898324],[-73.0761455511655,-36.92085016947184],[-73.07578935079688,-36.91663228691693],[-73.0758337309065,-36.91582223361127],[-73.07485558096565,-36.91471921882837],[-73.07506495570803,-36.91426674853534],[-73.07424372643843,-36.91284547060431],[-73.07422505947501,-36.91260823971861],[-73.07464649531043,-36.91189069293013],[-73.07508973617671,-36.911582519343874],[-73.07529828346836,-36.910977745352454],[-73.07704036710778,-36.910261676393915],[-73.0785194333129,-36.90899217257005],[-73.07999926814013,-36.908285079494284],[-73.08053194829837,-36.90732933097385],[-73.08206499649403,-36.90652664053077],[-73.08261387165734,-36.90587498857283],[-73.08454217777836,-36.90482430526166],[-73.086802854762,-36.90289502522353],[-73.08739578844802,-36.90252306127142],[-73.08811272673368,-36.90228743351138],[-73.08856538696436,-36.90147502309268],[-73.08842212803441,-36.899886345733464],[-73.08960579591458,-36.89855658697951],[-73.09063682098562,-36.898192938572784],[-73.0916923114966,-36.89719567820731],[-73.09201179154094,-36.89662220512563],[-73.09240042680437,-36.89679628178063],[-73.09188832930359,-36.89758731965067],[-73.09124846121225,-36.89817184335325],[-73.09051495248374,-36.89864241599826],[-73.09051584172492,-36.89920483703272],[-73.09081710945011,-36.89938193167773],[-73.09161102239818,-36.89949516120629],[-73.09191354504568,-36.89969564533328],[-73.09190944074955,-36.900164497024925],[-73.09126204689859,-36.900608667054755],[-73.09108943195545,-36.901200509913714],[-73.09060803357042,-36.90147490214138],[-73.09045828594225,-36.90194877672884],[-73.09003263235545,-36.902174374933466],[-73.08998813449313,-36.90243370008172],[-73.08957373192474,-36.90286982770996],[-73.08958086959768,-36.90354921173014],[-73.08926296372128,-36.903607042981726],[-73.08855889315068,-36.90353757268489],[-73.08807746987819,-36.903811957455595],[-73.08794020427463,-36.9045197542119],[-73.08753952875108,-36.90521319392906],[-73.08660741481188,-36.90524531329335],[-73.08570028669924,-36.90574527476371],[-73.08429170853341,-36.90614532108096],[-73.08224019112396,-36.90762208251367],[-73.08130220697477,-36.90863865677637],[-73.08038209648004,-36.909443688738115],[-73.08051234702869,-36.90969699844832],[-73.08219442335911,-36.9094985020347],[-73.08252110102633,-36.909604435732405],[-73.08253733342185,-36.90990853913199],[-73.08214698556313,-36.91025007326775],[-73.08099299220048,-36.910500705947484],[-73.08048693357424,-36.91140866946135],[-73.07999127599855,-36.91196474001903],[-73.07915726215658,-36.91274336673185],[-73.07847681377955,-36.91311830231956],[-73.07795823564729,-36.9137923301131],[-73.07708676351719,-36.913869163065115],[-73.07702555803189,-36.91436341485102],[-73.07622810239559,-36.91528137902262],[-73.07663426482674,-36.91578300151064],[-73.07683480857108,-36.916807273927496],[-73.07766712713358,-36.91818479455755],[-73.07772532540066,-36.919823283211066],[-73.07991371221709,-36.92199782969649],[-73.08011599053563,-36.92250645280642],[-73.08076071568759,-36.92255457507475],[-73.08145705756048,-36.92302275725954],[-73.08199273931751,-36.92321524000782],[-73.08236150807042,-36.923015061119216],[-73.08213382548504,-36.92257762356296],[-73.08204848033165,-36.92152596217447],[-73.0830353203849,-36.92142168260442],[-73.08368464027929,-36.92210239032868],[-73.08588640329877,-36.921792195578604],[-73.08620139011197,-36.92058613214573],[-73.0874100286659,-36.92026325426792],[-73.08772049935187,-36.92006506930592],[-73.08804634414177,-36.91960856291636],[-73.08942976149137,-36.91927964065479],[-73.0899037631179,-36.91886489096441],[-73.08930017704978,-36.917948286168134],[-73.08949946326874,-36.91730865589644],[-73.0895255558966,-36.9161594170347],[-73.08916256393874,-36.91537512730568],[-73.08910215774603,-36.91479132266974],[-73.08996146400254,-36.91394145052889],[-73.09039343515838,-36.913832810023465],[-73.09119216019494,-36.914578630274804],[-73.09184307739908,-36.914743657511806],[-73.09206327526519,-36.91504072142923],[-73.09210959388606,-36.91590623534634],[-73.09185047526614,-36.917063514115455],[-73.09299166720174,-36.91711787563173],[-73.0955111871308,-36.91674966766646],[-73.09630027424217,-36.91676928615621],[-73.09662418676714,-36.91736741879606],[-73.09653522870002,-36.9178860710611],[-73.09624272548145,-36.918214750024845]]]}},{"type":"Feature","properties":{"comuna":"SanPedroDeLaPaz","zona":"ZH-12","zona_code":"ZH-12","nombre":"ZH-12 Zona residencial","decreto":"Publicacion PRC San Pedro de la Paz. Decreto Alc. N°310. Fecha de promulgacion 10.03.2011. Fecha de publicacion D.O. 24.03.2011."},"geometry":{"type":"Polygon","coordinates":[[[-73.07474061914863,-36.909959880340104],[-73.07497853570888,-36.91018020281101],[-73.0753115564016,-36.91026836259405],[-73.07559340053893,-36.910217665015864],[-73.07567944941087,-36.908820288845696],[-73.07622261830396,-36.90751266451746],[-73.07652341071709,-36.907133215206834],[-73.07686662012824,-36.9071389958771],[-73.07716570968996,-36.90727518715686],[-73.07767053345567,-36.90825970449503],[-73.0779050219014,-36.90841569208339],[-73.07824574229191,-36.908374681886656],[-73.07834001209197,-36.90809021301957],[-73.07826682458673,-36.906991256644524],[-73.07848863565486,-36.90677270939373],[-73.0797270450987,-36.90701134512885],[-73.0800765986611,-36.906999321678626],[-73.08000024733512,-36.90666213220229],[-73.07958787903614,-36.906043555156494],[-73.07943434224184,-36.90562699574921],[-73.07957084744974,-36.90517702422118],[-73.07991374773019,-36.90476682507696],[-73.08031219005444,-36.90457735159324],[-73.08083837641537,-36.90459440257743],[-73.08109969783045,-36.90484320318008],[-73.08130046757543,-36.90559795080394],[-73.0815599218447,-36.90581166089647],[-73.0822199015784,-36.90560146420555],[-73.08239550689852,-36.90533762750292],[-73.08237428338887,-36.90493995346838],[-73.082532201247,-36.904618137725],[-73.08279061248128,-36.90453893683932],[-73.08368714736302,-36.90466040368958],[-73.08390061533188,-36.9045593114124],[-73.0839621961237,-36.904346271257],[-73.0836432365912,-36.904111179711805],[-73.08169788558169,-36.90347507342418],[-73.0814448922788,-36.90310881041489],[-73.0811840016425,-36.902320976761814],[-73.08132070515148,-36.90160148827798],[-73.081546236453,-36.90145311458679],[-73.08190658420945,-36.90137040733006],[-73.08218703786783,-36.901431062018034],[-73.08278623038906,-36.90199632848656],[-73.0834547091225,-36.902219389821404],[-73.0835764180929,-36.902039433015275],[-73.08446688069775,-36.9017744176985],[-73.0847922780385,-36.901856954014576],[-73.08505712173742,-36.90162519490767],[-73.0850358878758,-36.9012275226029],[-73.08480452016991,-36.900719908442234],[-73.08441857890546,-36.900323076581955],[-73.08478036700518,-36.89999423780443],[-73.08548522556669,-36.89980591310673],[-73.08599494140927,-36.89978835591223],[-73.08582498145745,-36.900157461384616],[-73.08558391102439,-36.90165392260171],[-73.08512204787166,-36.902021363399406],[-73.08505797208682,-36.902187619108446],[-73.08525729476654,-36.9023682386951],[-73.08566570465598,-36.902365889190015],[-73.08609512188795,-36.9022104835821],[-73.0862548933995,-36.901923752660636],[-73.08636199120362,-36.90092405259926],[-73.08647931805709,-36.90066221947409],[-73.08690934771946,-36.90051850797868],[-73.08759388030828,-36.90131516370484],[-73.08774514055814,-36.901415410918915],[-73.08815166952226,-36.901377964892625],[-73.08783839241211,-36.90206839203575],[-73.08736341457305,-36.9021902209471],[-73.08636375218084,-36.902869142472866],[-73.08413031905536,-36.904762322278685],[-73.0823280948238,-36.905714916620525],[-73.0818052269785,-36.906307083199984],[-73.08028986472664,-36.907167752074464],[-73.07971473456037,-36.908148395150086],[-73.07816394468392,-36.90889307769143],[-73.0768103513852,-36.91005280372606],[-73.07513798192943,-36.910707885290506],[-73.07471332070857,-36.91040609453827],[-73.07474061914863,-36.909959880340104]]]}},{"type":"Feature","properties":{"comuna":"SanPedroDeLaPaz","zona":"ZH-12","zona_code":"ZH-12","nombre":"ZH-12 Zona residencial","decreto":"Publicacion PRC San Pedro de la Paz. Decreto Alc. N°310. Fecha de promulgacion 10.03.2011. Fecha de publicacion D.O. 24.03.2011."},"geometry":{"type":"Polygon","coordinates":[[[-73.08799866625557,-36.90015287291339],[-73.0878754751837,-36.89975871413422],[-73.08783167794519,-36.89811973648889],[-73.08824525358702,-36.89794143373348],[-73.08890183305122,-36.89794223773634],[-73.08915958914949,-36.89785132821604],[-73.08905302224962,-36.89722224276785],[-73.08912727188431,-36.896973610146944],[-73.08961946248871,-36.89662854445866],[-73.09087702784204,-36.89640941379117],[-73.09167028578713,-36.896510949178094],[-73.09146355107153,-36.897010225770124],[-73.09074130989895,-36.897691329707435],[-73.09029093210152,-36.89799980548377],[-73.08937516122829,-36.89833604278198],[-73.0881459272445,-36.89963221552033],[-73.08799866625557,-36.90015287291339]]]}},{"type":"Feature","properties":{"comuna":"SanPedroDeLaPaz","zona":"ZH-12","zona_code":"ZH-12","nombre":"ZH-12 Zona residencial","decreto":"Publicacion PRC San Pedro de la Paz. Decreto Alc. N°310. Fecha de promulgacion 10.03.2011. Fecha de publicacion D.O. 24.03.2011."},"geometry":{"type":"Polygon","coordinates":[[[-73.07624221252652,-36.90568987193337],[-73.07732463339134,-36.90464493569953],[-73.07740538664643,-36.904243754558415],[-73.07708854225476,-36.903774216374224],[-73.07701532440447,-36.90349550528671],[-73.07746572833166,-36.90099584778296],[-73.07735409389828,-36.89972244441797],[-73.07764145063341,-36.89909152228342],[-73.07757135469156,-36.89887129418665],[-73.07702237604032,-36.89815194184747],[-73.07897743698035,-36.89678405203925],[-73.0800041648029,-36.895518372336184],[-73.08045522805281,-36.89440138310893],[-73.0819819908902,-36.89403247407382],[-73.08280788016187,-36.89365251772493],[-73.08329945745452,-36.89329578089285],[-73.08366995499888,-36.89231045048815],[-73.08396389641157,-36.89207769340337],[-73.08540279849768,-36.89143053921792],[-73.0859792214384,-36.89102399957731],[-73.0863956588588,-36.89035345883068],[-73.08666585262941,-36.88967623731269],[-73.08813770199671,-36.88800847047316],[-73.08874320698321,-36.88760091560619],[-73.0889955493458,-36.88795546853269],[-73.08958717550166,-36.88838035041588],[-73.08948381059263,-36.88862998644611],[-73.08848577471143,-36.88906279226861],[-73.08819435853499,-36.88934234399135],[-73.08816379494016,-36.8895894712665],[-73.0882757200114,-36.88977309828086],[-73.08848645154966,-36.88989473084311],[-73.08885235902156,-36.88991727218981],[-73.08879767321919,-36.89025897261908],[-73.08797809997407,-36.89075593015165],[-73.0876019990635,-36.8908157610573],[-73.08731658474149,-36.89066154681031],[-73.08690636281935,-36.89062880962924],[-73.08661056379225,-36.89082648484903],[-73.08601294167936,-36.891655597852555],[-73.08558338135181,-36.892080515641595],[-73.08526801582154,-36.89218511921778],[-73.08465849417458,-36.89197175324954],[-73.08436725813179,-36.89198178069929],[-73.08422767703934,-36.892373273667395],[-73.0842349616241,-36.892783145339024],[-73.08410286951045,-36.89331499391811],[-73.08380809399145,-36.89380557217504],[-73.08329945719302,-36.89411602626683],[-73.08278478575231,-36.894040000574805],[-73.0825453397408,-36.894200571711806],[-73.08251413230666,-36.89443600203324],[-73.08288796571624,-36.894880129494744],[-73.08247147501869,-36.895550660426004],[-73.08137199354539,-36.895998618479936],[-73.08122931269108,-36.8946911334316],[-73.08105602701549,-36.89445102187763],[-73.0807932805479,-36.89444834326802],[-73.08058482483521,-36.89464299956131],[-73.08040630385688,-36.895399079835855],[-73.08013688071479,-36.89581847019539],[-73.08014476998639,-36.89624003967775],[-73.0799937155396,-36.89669051209917],[-73.07973323620264,-36.89700413410283],[-73.07930445706299,-36.89717121199014],[-73.07869281421864,-36.89719224475672],[-73.07852741155428,-36.897373698923374],[-73.07888395960222,-36.898041071864455],[-73.0788787487865,-36.89821701816169],[-73.07836632288794,-36.898457275647175],[-73.07829078879296,-36.89868251092757],[-73.07867232685597,-36.898997491284725],[-73.07866960957166,-36.89922022280868],[-73.07835086374153,-36.899535845322596],[-73.07806912202697,-36.90027203634162],[-73.07798124286738,-36.901634323221536],[-73.07865946193847,-36.90231407163574],[-73.07877032202474,-36.903025044972814],[-73.0786229912214,-36.90354569476028],[-73.07825906640957,-36.904108944825516],[-73.07761195433513,-36.90483426155839],[-73.07654370551072,-36.90559748525301],[-73.07624221252652,-36.90568987193337]]]}},{"type":"Feature","properties":{"comuna":"SanPedroDeLaPaz","zona":"ZH-12","zona_code":"ZH-12","nombre":"ZH-12 Zona residencial","decreto":"Publicacion PRC San Pedro de la Paz. Decreto Alc. N°310. Fecha de promulgacion 10.03.2011. Fecha de publicacion D.O. 24.03.2011."},"geometry":{"type":"Polygon","coordinates":[[[-73.07697524069273,-36.89699349833166],[-73.07724422860457,-36.89711314933073],[-73.07763929755191,-36.89713472223543],[-73.07803713915564,-36.89611331433933],[-73.07789077487915,-36.89473564402009],[-73.07810756784698,-36.8944235282253],[-73.07989730964314,-36.89378781288775],[-73.0799564021743,-36.89352798839314],[-73.07981910643866,-36.89341553255455],[-73.07846357642696,-36.893438709884485],[-73.07830922679969,-36.893279966945684],[-73.07822542281532,-36.892802417710506],[-73.07846323089727,-36.89233724783947],[-73.07872557144651,-36.89205871778744],[-73.07913664577478,-36.89183366283177],[-73.07941229801685,-36.891531238032734],[-73.07982897869086,-36.89141144771304],[-73.08039688905754,-36.891391914484025],[-73.08069685562803,-36.89154564578141],[-73.0806098897676,-36.891829864274136],[-73.0814082745982,-36.892575773020525],[-73.08191523555568,-36.892780966759325],[-73.08181037903044,-36.89327672291181],[-73.08195017258697,-36.893435961814234],[-73.08247004184406,-36.893336046879284],[-73.08295184404506,-36.892522654565795],[-73.08327158449151,-36.89167968487962],[-73.08308415817525,-36.890901044327016],[-73.08320710174009,-36.890744481167715],[-73.08376293897088,-36.89077221923852],[-73.08418148021046,-36.89068750294914],[-73.0844177918153,-36.89046844617577],[-73.08534660710454,-36.89037787411768],[-73.08541961641173,-36.89010585066282],[-73.08500565267616,-36.890002928627155],[-73.0843491401691,-36.890002098690054],[-73.0840341939733,-36.8895676656226],[-73.08458231804602,-36.88890431517823],[-73.0850060466749,-36.888643651162255],[-73.08490494680511,-36.888389341267576],[-73.08436555971636,-36.88839619622229],[-73.08394973484192,-36.88825818023275],[-73.08379455590787,-36.887537019356145],[-73.08397032755369,-36.887003667781954],[-73.08435785445926,-36.886884866288376],[-73.08524606644092,-36.88685428212285],[-73.08663848300525,-36.88643135431192],[-73.08733224120158,-36.88740346485862],[-73.08800141743536,-36.88736868868201],[-73.08850460982096,-36.88750367907926],[-73.08785916883646,-36.8879829152808],[-73.08652106101307,-36.88942343410799],[-73.08587998718352,-36.89080477914465],[-73.08462208419998,-36.891562884635675],[-73.08372341687802,-36.89194535832418],[-73.08344528599054,-36.89220100650256],[-73.0832751186681,-36.89283962542706],[-73.08302090610142,-36.893270215651064],[-73.0818985730138,-36.89383614247295],[-73.08073025880375,-36.89408725980177],[-73.08024698957698,-36.89432652164181],[-73.07985417392585,-36.89544150618956],[-73.07921671864099,-36.89607275543901],[-73.0787425606798,-36.896756974767584],[-73.07682308399662,-36.89797130648711],[-73.07576799749339,-36.8967889118765],[-73.07553483734753,-36.89624618552551],[-73.07529678192897,-36.89478963640208],[-73.07380877152909,-36.89424313886186],[-73.07309220797634,-36.89338890818228],[-73.07181209280257,-36.89263604211898],[-73.07207632780413,-36.89239261542208],[-73.0724320426335,-36.892497582730286],[-73.07291197086427,-36.892469387647736],[-73.07323780533879,-36.892012922212736],[-73.07424158023557,-36.891685505897534],[-73.07504133253316,-36.89081435194598],[-73.07524653289676,-36.89001048984034],[-73.07523915052097,-36.88904988148396],[-73.07535324208827,-36.888178842905475],[-73.07450208031793,-36.887809674183146],[-73.0741825982732,-36.887562854806724],[-73.07402017811158,-36.88725205055649],[-73.07413815430645,-36.88700192456266],[-73.07521677250965,-36.88643757443428],[-73.07578340325325,-36.886394672741055],[-73.07636435971335,-36.88662078656721],[-73.07698565418134,-36.88705643082574],[-73.07725732951778,-36.886953351011165],[-73.07761433853082,-36.88626144746257],[-73.0781129809373,-36.885763876127655],[-73.07829813698616,-36.88540597690973],[-73.07815649819973,-36.88521164269321],[-73.07769304875059,-36.88527444484454],[-73.0781523646019,-36.884860250387675],[-73.07888747525513,-36.8846943633642],[-73.07980982323114,-36.88393614381151],[-73.08080722637291,-36.88349171549367],[-73.08142190674687,-36.882708912695165],[-73.08281304663863,-36.881442392952486],[-73.08374030627962,-36.88077771727188],[-73.08488074394627,-36.880281461874844],[-73.08565738402922,-36.879528215108685],[-73.08641667125698,-36.8783134412972],[-73.08685179647276,-36.87881403544281],[-73.08680445762009,-36.87943011814277],[-73.08541383164722,-36.880157645392885],[-73.08508312491728,-36.88052056704942],[-73.0836595995295,-36.88117890020728],[-73.08308676262715,-36.881925120905414],[-73.08253847370187,-36.88203773211882],[-73.08217238841952,-36.88228468564842],[-73.08236663629884,-36.88319199071203],[-73.08175218005915,-36.88370528087438],[-73.08174052062839,-36.88403378079129],[-73.081932707324,-36.88435526659551],[-73.08195391299314,-36.88475294244811],[-73.08173965496754,-36.88511184864941],[-73.08088017615854,-36.88486018979416],[-73.08083858527343,-36.884627264471156],[-73.08059065406604,-36.88435456501675],[-73.08002738264994,-36.88418645285897],[-73.07980688268869,-36.884428392462915],[-73.08017503647652,-36.884767265348714],[-73.08031271750077,-36.88516093630114],[-73.08019329452326,-36.88565719166651],[-73.0797739286487,-36.8859997127211],[-73.07959625847813,-36.88649797128595],[-73.07980759154816,-36.8866313170436],[-73.0808855342496,-36.88605522186325],[-73.08123873421933,-36.88611337787989],[-73.08130028367049,-36.88672058663865],[-73.081128235483,-36.88732411400645],[-73.08084387507695,-36.887462791808346],[-73.08027537019612,-36.88747062876341],[-73.08010852167249,-36.88789820851277],[-73.08055698358316,-36.88837493140394],[-73.08062498601798,-36.88882958662166],[-73.08033353948862,-36.88910912181355],[-73.07891088877822,-36.889240070744634],[-73.07829347310027,-36.88942534782399],[-73.07750498910947,-36.890507056177846],[-73.07674233336209,-36.890978545089204],[-73.07577533082917,-36.8919960710216],[-73.07512914645768,-36.892463548484315],[-73.07427410088864,-36.89284445389788],[-73.07391914503432,-36.89330192179053],[-73.07382630740939,-36.89375038827793],[-73.07426815934403,-36.89382895489877],[-73.07530169895391,-36.893512224417115],[-73.07559792780242,-36.89359579009496],[-73.07570274431329,-36.8939202882035],[-73.07670918382543,-36.894190366946205],[-73.07687848559746,-36.89462982552101],[-73.07669829021752,-36.89508129548545],[-73.07625845550128,-36.89558855903938],[-73.07624303837312,-36.89584688059832],[-73.07707101226785,-36.89605278184583],[-73.07697524069273,-36.89699349833166]]]}},{"type":"Feature","properties":{"comuna":"SanPedroDeLaPaz","zona":"ZH-11","zona_code":"ZH-11","nombre":"ZH-11 Zona residencial","decreto":"Publicacion PRC San Pedro de la Paz. Decreto Alc. N°310. Fecha de promulgacion 10.03.2011. Fecha de publicacion D.O. 24.03.2011."},"geometry":{"type":"Polygon","coordinates":[[[-73.08843366686897,-36.87524932460896],[-73.08835923270387,-36.87576747215607],[-73.08781724189508,-36.875997067813536],[-73.08734222214129,-36.876388402166604],[-73.08707851435283,-36.87691306972305],[-73.08644375915188,-36.877591131033405],[-73.08612742246916,-36.87822306991455],[-73.08572933111634,-36.878143037052354],[-73.08515736164992,-36.87781119915433],[-73.08489051396316,-36.8774571353094],[-73.08484808516475,-36.87666178584849],[-73.0849793232387,-36.87638775782567],[-73.08608891580151,-36.87640813812749],[-73.0863871608404,-36.876257252155064],[-73.08644559840936,-36.87598572984002],[-73.08692082147786,-36.87532488242202],[-73.08744887701334,-36.875107488467286],[-73.08795635528502,-36.87532436044241],[-73.08843366686897,-36.87524932460896]]]}},{"type":"Feature","properties":{"comuna":"SanPedroDeLaPaz","zona":"ZH-10","zona_code":"ZH-10","nombre":"ZH-10 Zona residencial","decreto":"Publicacion PRC San Pedro de la Paz. Decreto Alc. N°310. Fecha de promulgacion 10.03.2011. Fecha de publicacion D.O. 24.03.2011."},"geometry":{"type":"Polygon","coordinates":[[[-73.08744887701334,-36.875107488467286],[-73.08692082147786,-36.87532488242202],[-73.08644559840936,-36.87598572984002],[-73.0863871608404,-36.876257252155064],[-73.08608891580151,-36.87640813812749],[-73.0849793232387,-36.87638775782567],[-73.08508144208959,-36.8761147330323],[-73.08485370192132,-36.87594680725976],[-73.08387639160895,-36.875945297437724],[-73.08364615869188,-36.875730584044135],[-73.08337807764059,-36.87535312305313],[-73.08331715332525,-36.87475761174222],[-73.08340783688728,-36.87454357010803],[-73.08390865270484,-36.87436228388224],[-73.08397978640541,-36.87405517164607],[-73.08430714448377,-36.873903289349364],[-73.08490778186217,-36.87395291858883],[-73.08532914379865,-36.87419620203681],[-73.0857559187534,-36.8748142670748],[-73.08613381667269,-36.87478953571042],[-73.08629166783419,-36.874467718664185],[-73.08687899987976,-36.87454123037852],[-73.08744887701334,-36.875107488467286]]]}},{"type":"Feature","properties":{"comuna":"SanPedroDeLaPaz","zona":"ZH-12","zona_code":"ZH-12","nombre":"ZH-12 Zona residencial","decreto":"Publicacion PRC San Pedro de la Paz. Decreto Alc. N°310. Fecha de promulgacion 10.03.2011. Fecha de publicacion D.O. 24.03.2011."},"geometry":{"type":"Polygon","coordinates":[[[-73.07659492246711,-36.885745744000964],[-73.07601895562404,-36.88561320307865],[-73.07547632421516,-36.88501080120191],[-73.07475811194602,-36.88467221865319],[-73.07476520206234,-36.88453136127374],[-73.07445220124836,-36.88413198713601],[-73.07518084891623,-36.88411867799757],[-73.07569008197223,-36.88381995666133],[-73.07563907482445,-36.88423183272114],[-73.07659492246711,-36.885745744000964]]]}},{"type":"Feature","properties":{"comuna":"SanPedroDeLaPaz","zona":"ZH-12","zona_code":"ZH-12","nombre":"ZH-12 Zona residencial","decreto":"Publicacion PRC San Pedro de la Paz. Decreto Alc. N°310. Fecha de promulgacion 10.03.2011. Fecha de publicacion D.O. 24.03.2011."},"geometry":{"type":"Polygon","coordinates":[[[-73.07438026450569,-36.883876665878525],[-73.07471923465724,-36.88284557146992],[-73.07468475336444,-36.88247178526237],[-73.07426535047139,-36.88144330164505],[-73.07355513833909,-36.880706029627454],[-73.07335366211692,-36.880209080061476],[-73.07352987137449,-36.87995695500912],[-73.07378634496997,-36.879842688848505],[-73.07383524937545,-36.87966524174763],[-73.07317682764831,-36.8790785205879],[-73.0723174411276,-36.87882679318308],[-73.0714293082414,-36.87885727489829],[-73.0710503939876,-36.878589048753305],[-73.07096541524122,-36.878088096673885],[-73.07123322770431,-36.87736411842252],[-73.07183911989446,-36.87723786480231],[-73.07210740638965,-36.87734583526113],[-73.07255513104957,-36.87781089920062],[-73.07276269450448,-36.87787408166141],[-73.07320905633848,-36.87776501507964],[-73.07347510617284,-36.877556677419406],[-73.07378656972979,-36.87683119445853],[-73.07393863092832,-36.87667364168208],[-73.07452224025931,-36.87667703619939],[-73.07483831834544,-36.877134894334496],[-73.07443303873647,-36.87801593310516],[-73.07425423552299,-36.87904152579012],[-73.07442597138545,-36.87952777725979],[-73.07445435929344,-36.88033533394626],[-73.0751882758485,-36.882888050581585],[-73.07571173080207,-36.883678598643876],[-73.07506386305103,-36.88397622377489],[-73.07438026450569,-36.883876665878525]]]}},{"type":"Feature","properties":{"comuna":"SanPedroDeLaPaz","zona":"ZH-12","zona_code":"ZH-12","nombre":"ZH-12 Zona residencial","decreto":"Publicacion PRC San Pedro de la Paz. Decreto Alc. N°310. Fecha de promulgacion 10.03.2011. Fecha de publicacion D.O. 24.03.2011."},"geometry":{"type":"Polygon","coordinates":[[[-73.08572933111634,-36.878143037052354],[-73.08612742246916,-36.87822306991455],[-73.08527821457562,-36.87952955474234],[-73.08469354964824,-36.88005355133695],[-73.0833682033625,-36.88063819394369],[-73.08103523879795,-36.88256988317022],[-73.08053516718563,-36.88331358808327],[-73.07979174614049,-36.8835969479771],[-73.07915896869108,-36.884040549334934],[-73.07867552665145,-36.884549319577374],[-73.07822539653192,-36.88458822995363],[-73.07754705053257,-36.88499823490847],[-73.0771794546049,-36.88549129964216],[-73.07666858296162,-36.88548542129764],[-73.07622748688463,-36.88459830470424],[-73.0759296617466,-36.884210132035456],[-73.07594867094708,-36.88347125520159],[-73.07551731854399,-36.88304079658814],[-73.0753486782296,-36.88261303022516],[-73.07473286331437,-36.8803609224564],[-73.07465892552277,-36.87951977725905],[-73.07450423713487,-36.87907981198311],[-73.07471277902398,-36.87806491547917],[-73.07507313295238,-36.87716198304387],[-73.07475331810456,-36.876633946019105],[-73.07529324854822,-36.87663883711467],[-73.07570837339635,-36.87676519116289],[-73.07664403920276,-36.87735408989552],[-73.07681726763276,-36.877594212325164],[-73.07670055789876,-36.877867733313344],[-73.07620966089617,-36.87823613479101],[-73.0765270028129,-36.878717380174315],[-73.07654295704965,-36.879291004741084],[-73.07630665279866,-36.879510046469],[-73.07543470404438,-36.87984466608422],[-73.07540472081985,-36.88010348854487],[-73.07575851279553,-36.88017335930626],[-73.07595837521326,-36.880365696549205],[-73.07593998685061,-36.881116269377756],[-73.07576627483664,-36.88141518351615],[-73.07569821668294,-36.881780774025515],[-73.07605862904326,-36.88224882261579],[-73.07613469252894,-36.88285553704211],[-73.07648615835593,-36.88342935147341],[-73.07712618986761,-36.88339563976391],[-73.07738064276515,-36.88269554351281],[-73.07739169712988,-36.882355346111495],[-73.07682494437,-36.881847520902085],[-73.07673657386688,-36.88155761178455],[-73.07681147792914,-36.88132068187735],[-73.07703322537097,-36.881102140900154],[-73.07754282112872,-36.88108462729141],[-73.07903206224044,-36.881384967758464],[-73.07927085600753,-36.88121270775616],[-73.07924445520554,-36.880990976645016],[-73.07789295277931,-36.88026406284023],[-73.0776456702979,-36.88000305164781],[-73.07747118740447,-36.879739538933464],[-73.07764387569124,-36.879147712279156],[-73.07787122143685,-36.87903443767323],[-73.07845983096085,-36.87913138319762],[-73.07926909980655,-36.87953711972985],[-73.08008358680512,-36.879766904063594],[-73.08051890550855,-36.879998006374905],[-73.08089638987974,-36.88051232430943],[-73.08120463784333,-36.88054859190509],[-73.08117262091015,-36.8802215946593],[-73.08102786764397,-36.87996878186158],[-73.08047317825013,-36.8794136881159],[-73.07999401072533,-36.87863335614543],[-73.08040648339532,-36.87816217595697],[-73.07828899474725,-36.87756706680535],[-73.07781881502449,-36.87668095590751],[-73.07757092274116,-36.87640824730498],[-73.07763024920894,-36.875878905710394],[-73.07795015521855,-36.8755866826863],[-73.078389642203,-36.87534893810706],[-73.07879853378367,-36.87535831732491],[-73.07950460484115,-36.875744165632426],[-73.07958963452832,-36.87624510786295],[-73.07992528401293,-36.876796022128026],[-73.08027470034246,-36.87678400579904],[-73.08037621490153,-36.87649928631892],[-73.0801561857212,-36.87620219016452],[-73.07988398333622,-36.875473327976565],[-73.07962028318447,-36.87517773234454],[-73.07905714771871,-36.87418936136054],[-73.07872253212382,-36.87393135490925],[-73.07862108541526,-36.8733958224494],[-73.07888461228717,-36.87314068803106],[-73.07893996129563,-36.87281068622188],[-73.07869877071862,-36.872115908552395],[-73.07958665119149,-36.871534644889216],[-73.07984892310276,-36.87125611663522],[-73.08012240896798,-36.87118812346022],[-73.08050652446535,-36.871280374477976],[-73.08085404626611,-36.871233268675134],[-73.0809058706289,-36.87056356986639],[-73.08040993958808,-36.86946743254502],[-73.08157997844408,-36.86898191261161],[-73.08248045401595,-36.86918528926617],[-73.08326363436481,-36.869650487806595],[-73.08353855052916,-36.87015661017783],[-73.08363378925438,-36.87057517376169],[-73.08345701026163,-36.87081561464994],[-73.08301382318277,-36.87098319808336],[-73.08270789001459,-36.87126323534086],[-73.08257247425914,-36.87200611704087],[-73.08212260562154,-36.872595768241545],[-73.0812883001764,-36.87500318704532],[-73.08126163540877,-36.87587122341972],[-73.08144796585114,-36.87635696206354],[-73.08174827664287,-36.87679190745617],[-73.08188884600959,-36.87751357575345],[-73.08208350873177,-36.877881847415104],[-73.08283850021473,-36.8780902247628],[-73.08312759993373,-36.87831463145937],[-73.08311719328478,-36.87866652418014],[-73.08288091045607,-36.87888557602195],[-73.08250860295749,-36.879015566389604],[-73.0819959066848,-36.87897461805681],[-73.08180785054714,-36.87982477095793],[-73.08186337716886,-36.88004549915173],[-73.08267684364843,-36.87998235500303],[-73.08339525233022,-36.88005137243336],[-73.08446267699952,-36.87982714355896],[-73.08476863399356,-36.879547100167876],[-73.0849348186949,-36.879107820073784],[-73.08572933111634,-36.878143037052354]]]}},{"type":"Feature","properties":{"comuna":"SanPedroDeLaPaz","zona":"ZH-12","zona_code":"ZH-12","nombre":"ZH-12 Zona residencial","decreto":"Publicacion PRC San Pedro de la Paz. Decreto Alc. N°310. Fecha de promulgacion 10.03.2011. Fecha de publicacion D.O. 24.03.2011."},"geometry":{"type":"Polygon","coordinates":[[[-73.07401726211133,-36.87513590325516],[-73.07381182072032,-36.874838293950475],[-73.07382438570671,-36.87425197024622],[-73.0735343332044,-36.87373462534257],[-73.07323196386787,-36.873534085345874],[-73.07212017155122,-36.873197277168],[-73.07176356097918,-36.87279939026805],[-73.07092155541837,-36.87232441499468],[-73.07070494339497,-36.8718162613219],[-73.07051967648079,-36.87162341339498],[-73.07014427011137,-36.87169488161755],[-73.07001174070913,-36.87194550250689],[-73.06857046955693,-36.87199493306724],[-73.06823314330377,-36.87195962856099],[-73.0679688778641,-36.871652306522456],[-73.06796728324267,-36.87134769647874],[-73.06858574308801,-36.87063513686254],[-73.06966614620211,-36.87065667325353],[-73.07009853569798,-36.87055981723176],[-73.07052160152135,-36.87028751080569],[-73.07030339537393,-36.86947474614779],[-73.06963515097787,-36.86870085254166],[-73.06907973950274,-36.868403517973064],[-73.0688891616336,-36.867835877964694],[-73.06908702014584,-36.86744240275255],[-73.0693852700142,-36.86729156026595],[-73.07012831855123,-36.86727779214313],[-73.07072553202279,-36.86753853287242],[-73.07098481895028,-36.86775227790658],[-73.07144776002518,-36.868779283031806],[-73.07142833436328,-36.86923694662052],[-73.07179959103279,-36.8701850712026],[-73.07170551236737,-36.87061014284602],[-73.07169515931166,-36.87151277314858],[-73.07193653992337,-36.87193805067259],[-73.07280206581562,-36.872306750037005],[-73.0745338783306,-36.87223557311788],[-73.07432770279694,-36.8727465202541],[-73.07401726211133,-36.87513590325516]]]}},{"type":"Feature","properties":{"comuna":"SanPedroDeLaPaz","zona":"ZH-12","zona_code":"ZH-12","nombre":"ZH-12 Zona residencial","decreto":"Publicacion PRC San Pedro de la Paz. Decreto Alc. N°310. Fecha de promulgacion 10.03.2011. Fecha de publicacion D.O. 24.03.2011."},"geometry":{"type":"Polygon","coordinates":[[[-73.07570434894056,-36.87066033457159],[-73.07531352987093,-36.87099014001811],[-73.0750393049829,-36.87186667960076],[-73.07479741762498,-36.87198044715283],[-73.07452901731241,-36.871321747353285],[-73.07402184743795,-36.870835295095304],[-73.07388734106394,-36.87050009619248],[-73.07416394184119,-36.87049059887019],[-73.07485089945942,-36.87024436964311],[-73.07536913699474,-36.870390620002084],[-73.07570434894056,-36.87066033457159]]]}},{"type":"Feature","properties":{"comuna":"SanPedroDeLaPaz","zona":"ZH-12","zona_code":"ZH-12","nombre":"ZH-12 Zona residencial","decreto":"Publicacion PRC San Pedro de la Paz. Decreto Alc. N°310. Fecha de promulgacion 10.03.2011. Fecha de publicacion D.O. 24.03.2011."},"geometry":{"type":"Polygon","coordinates":[[[-73.07438883238588,-36.87581449728884],[-73.07430730970488,-36.874282258941],[-73.07456623768275,-36.87284378999262],[-73.0747730337456,-36.872344538084604],[-73.0752784600345,-36.87197564354361],[-73.07544493048566,-36.87126685545675],[-73.07566478889669,-36.871013228085395],[-73.07600235456142,-36.87077899390967],[-73.07683177271957,-36.87046926924107],[-73.07650790725833,-36.87096082802126],[-73.07615319605627,-36.87196903161269],[-73.07622651126633,-36.87279847946289],[-73.07600540645112,-36.87302871458291],[-73.07597355844091,-36.873252447814714],[-73.07599098836702,-36.873579948434035],[-73.0763064391913,-36.874026106164294],[-73.07634029769868,-36.874388195843906],[-73.07625083883329,-36.87462562646235],[-73.07602723837854,-36.87480907600081],[-73.07497627622874,-36.875067815991954],[-73.07466656352824,-36.875277656080996],[-73.07438883238588,-36.87581449728884]]]}},{"type":"Feature","properties":{"comuna":"SanPedroDeLaPaz","zona":"ZH-12","zona_code":"ZH-12","nombre":"ZH-12 Zona residencial","decreto":"Publicacion PRC San Pedro de la Paz. Decreto Alc. N°310. Fecha de promulgacion 10.03.2011. Fecha de publicacion D.O. 24.03.2011."},"geometry":{"type":"Polygon","coordinates":[[[-73.07402358866331,-36.8703196500027],[-73.07437285013168,-36.8697569188768],[-73.07464198141133,-36.86960706221565],[-73.07585587512747,-36.86967082933537],[-73.07622939753395,-36.86956425551306],[-73.07731929919413,-36.86812066744431],[-73.07754358846779,-36.867128661238],[-73.07726498734242,-36.86655234307464],[-73.07746030877425,-36.8661120706335],[-73.0776433247359,-36.865988602863155],[-73.07756057782962,-36.865803960778756],[-73.07724032484269,-36.86581496625869],[-73.07688099709625,-36.865639826956674],[-73.07714536822691,-36.86512687611154],[-73.07692265803024,-36.865052503589666],[-73.07665167896805,-36.86516727452826],[-73.07613745237447,-36.8648216870115],[-73.07640493885648,-36.864367219897225],[-73.07674223323447,-36.86440250302832],[-73.07702838727752,-36.864298928474],[-73.07668573248401,-36.86388885900786],[-73.07634035078834,-36.86370152100345],[-73.0763272805667,-36.863455895258994],[-73.07728724684459,-36.86286045736886],[-73.07717290214772,-36.862630029437206],[-73.07689570891743,-36.862627835336085],[-73.07570034948458,-36.863184484967846],[-73.07530222945742,-36.8639246656154],[-73.07503647611999,-36.86386348528758],[-73.0746836319941,-36.863535784360465],[-73.07427455870291,-36.86242491646815],[-73.07431847874898,-36.862153897452465],[-73.0745200286215,-36.86183059573404],[-73.07622210978285,-36.86147919168347],[-73.0763710263242,-36.86126315506824],[-73.07631553473115,-36.86104242191969],[-73.07594652208606,-36.86041061610315],[-73.07564420286343,-36.86021007874437],[-73.07465228193722,-36.860478499928064],[-73.07428253265442,-36.86065524611594],[-73.07395122334133,-36.86100643922487],[-73.07321010335879,-36.86105531658434],[-73.07360475358358,-36.85997544378705],[-73.0738979910603,-36.85973101950603],[-73.07422842276526,-36.85963765018487],[-73.07426637412306,-36.85898014729545],[-73.07441653547072,-36.858787505374636],[-73.0749405404909,-36.85876951346125],[-73.0756589925929,-36.85856907035308],[-73.07521946113332,-36.858256065581486],[-73.07595333156453,-36.857797300358754],[-73.07584086700338,-36.857601959334325],[-73.07548531499668,-36.8574969928087],[-73.07509231777892,-36.857510489408114],[-73.07426228682003,-36.85725776122607],[-73.07422011584005,-36.85701313443695],[-73.07447676694689,-36.85662935085378],[-73.07534573057289,-36.85651748658137],[-73.07567652041372,-36.85670532911154],[-73.07622713289472,-36.856639545156995],[-73.07654050386307,-36.85649988410084],[-73.07644843961072,-36.85613979328281],[-73.07617649214988,-36.85596164930484],[-73.07558868821009,-36.85587637776386],[-73.07543380636587,-36.85570592886838],[-73.07555111742491,-36.85544410772069],[-73.0763834884384,-36.85519287828945],[-73.07613692162823,-36.854943554970596],[-73.07528925118459,-36.85463285051764],[-73.07526810399398,-36.85423516956631],[-73.07555671215285,-36.85417838652497],[-73.07568372520572,-36.854373227970456],[-73.07642179868124,-36.85481659116116],[-73.07667596614235,-36.85575700600074],[-73.07690984938604,-36.85604191712036],[-73.07679790088675,-36.85667852724191],[-73.07621981811944,-36.85842091087091],[-73.07618935123688,-36.85921877141468],[-73.07633815422193,-36.859822987832196],[-73.0776959253953,-36.86231911041131],[-73.07827248877817,-36.86301408411573],[-73.07833148798723,-36.86357451316216],[-73.07881566769933,-36.864999164543825],[-73.07887405162916,-36.86554789585594],[-73.07866597359353,-36.86684401032784],[-73.07776005861457,-36.86927730447156],[-73.0776564386262,-36.869796449984584],[-73.07703395330249,-36.87015765871155],[-73.07590255772497,-36.870548065040275],[-73.07494409226302,-36.87007711852684],[-73.07456621003837,-36.87010181387946],[-73.07402358866331,-36.8703196500027]]]}},{"type":"Feature","properties":{"comuna":"SanPedroDeLaPaz","zona":"ZH-12","zona_code":"ZH-12","nombre":"ZH-12 Zona residencial","decreto":"Publicacion PRC San Pedro de la Paz. Decreto Alc. N°310. Fecha de promulgacion 10.03.2011. Fecha de publicacion D.O. 24.03.2011."},"geometry":{"type":"Polygon","coordinates":[[[-73.07893633122505,-36.86671753829255],[-73.07913483011899,-36.86551549601721],[-73.07861304365365,-36.863658578339454],[-73.07848460791458,-36.862889615533405],[-73.07797187309006,-36.86229790943872],[-73.07681452105304,-36.86000582658336],[-73.07655649222444,-36.85981548757564],[-73.07645993098865,-36.85882278715032],[-73.07650657436382,-36.85832903528556],[-73.07686956784754,-36.857203369119006],[-73.07761662972284,-36.85754095365741],[-73.07754710590386,-36.85815267126416],[-73.07741711115294,-36.85845008414629],[-73.0775701362198,-36.85858543998649],[-73.07752498361747,-36.85883306662532],[-73.07708907590784,-36.8594105006706],[-73.07744703157827,-36.8603825007328],[-73.07783769773867,-36.860872944000114],[-73.07811939141752,-36.8615077446411],[-73.07844063625099,-36.86178964935634],[-73.07864854708325,-36.862134038841454],[-73.07866971782605,-36.862531717548855],[-73.0789631016646,-36.86283801435793],[-73.07939847408639,-36.863619860285375],[-73.08018219967393,-36.86409678113781],[-73.08039947063816,-36.86461661218364],[-73.08038032460695,-36.8648047554568],[-73.08017505609669,-36.865057888887016],[-73.08036633066908,-36.865637202548605],[-73.0802217789005,-36.86593511933144],[-73.07893633122505,-36.86671753829255]]]}},{"type":"Feature","properties":{"comuna":"SanPedroDeLaPaz","zona":"ZH-12","zona_code":"ZH-12","nombre":"ZH-12 Zona residencial","decreto":"Publicacion PRC San Pedro de la Paz. Decreto Alc. N°310. Fecha de promulgacion 10.03.2011. Fecha de publicacion D.O. 24.03.2011."},"geometry":{"type":"Polygon","coordinates":[[[-73.07701474107671,-36.85691715257218],[-73.07717246346407,-36.85604461315159],[-73.07804447776257,-36.8546202244759],[-73.07810815568347,-36.8541727585973],[-73.07795337031898,-36.85318206038982],[-73.0779916725597,-36.85280577240154],[-73.07729316227386,-36.85200952377683],[-73.07714810586747,-36.85147548600282],[-73.0791200142028,-36.851267108923615],[-73.07956372341269,-36.85111124219445],[-73.0794767847253,-36.8513954589391],[-73.0795276828985,-36.851803834182626],[-73.07878058102895,-36.85228651034247],[-73.07831311672157,-36.85281816193088],[-73.07821037301457,-36.8530794852974],[-73.07836899004165,-36.85332010937824],[-73.07862504228214,-36.85429560878293],[-73.0784390877453,-36.85491132758272],[-73.07845340470045,-36.85518034580565],[-73.07862035704738,-36.8553035044049],[-73.07870807305096,-36.85558171765129],[-73.0782057849468,-36.85682935476222],[-73.07787699835444,-36.85722734278526],[-73.07745053740383,-36.857159972045174],[-73.07701474107671,-36.85691715257218]]]}},{"type":"Feature","properties":{"comuna":"SanPedroDeLaPaz","zona":"ZH-12","zona_code":"ZH-12","nombre":"ZH-12 Zona residencial","decreto":"Publicacion PRC San Pedro de la Paz. Decreto Alc. N°310. Fecha de promulgacion 10.03.2011. Fecha de publicacion D.O. 24.03.2011."},"geometry":{"type":"Polygon","coordinates":[[[-73.0770178737945,-36.85204241727209],[-73.07770680557516,-36.85293273940634],[-73.07789605738623,-36.85429722550201],[-73.07702068937552,-36.8559326483244],[-73.0767855618786,-36.85562434421735],[-73.07673429661185,-36.854934752707386],[-73.0763347149652,-36.854550071275106],[-73.07597731035273,-36.85441001585959],[-73.07568024153481,-36.85403352937546],[-73.07629900739245,-36.85415289109832],[-73.07682049116035,-36.854088105316535],[-73.07679411453393,-36.85386637245811],[-73.07655066173861,-36.85367553215411],[-73.07643571423365,-36.853433406204694],[-73.07649293414526,-36.853138493504716],[-73.0756400578028,-36.85300373821462],[-73.07542634299404,-36.85282359191086],[-73.0753987269894,-36.852578464715734],[-73.07548443734849,-36.85227085735409],[-73.07585414490255,-36.85209410958074],[-73.07632946322677,-36.85198404121694],[-73.0770178737945,-36.85204241727209]]]}},{"type":"Feature","properties":{"comuna":"SanPedroDeLaPaz","zona":"ZH-16","zona_code":"ZH-16","nombre":"ZH-16 Zona residencial","decreto":"Publicacion PRC San Pedro de la Paz. Decreto Alc. N°310. Fecha de promulgacion 10.03.2011. Fecha de publicacion D.O. 24.03.2011."},"geometry":{"type":"Polygon","coordinates":[[[-73.07956372341269,-36.85111124219445],[-73.08086720743373,-36.850398508840904],[-73.08084386447949,-36.85105551050151],[-73.08057139145424,-36.85223666489067],[-73.08042374824183,-36.8524760983926],[-73.07965337515586,-36.8527955297619],[-73.07844970978718,-36.85291892855598],[-73.07841724973008,-36.853130965075195],[-73.0794865794115,-36.85322310631232],[-73.07954892188145,-36.85357249913831],[-73.07997466509579,-36.854448418316764],[-73.0799605010314,-36.85473013373493],[-73.07965733962897,-36.85478742778064],[-73.07931884191771,-36.854728757272206],[-73.0791178001059,-36.85451302904409],[-73.07897536548849,-36.85457651392219],[-73.07904665861545,-36.85482013822092],[-73.07893496315296,-36.85518723081926],[-73.07933503048622,-36.855032864396456],[-73.0799469582735,-36.85502354481428],[-73.08044533064215,-36.85534622741428],[-73.08049289365546,-36.8559656368729],[-73.07990937142934,-36.8567825137993],[-73.07959974233452,-36.85699236168326],[-73.07853945927127,-36.857345189917936],[-73.07787699835444,-36.85722734278526],[-73.0782057849468,-36.85682935476222],[-73.07870807305096,-36.85558171765129],[-73.07862035704738,-36.8553035044049],[-73.07845340470045,-36.85518034580565],[-73.0784390877453,-36.85491132758272],[-73.07862504228214,-36.85429560878293],[-73.07836899004165,-36.85332010937824],[-73.07821037301457,-36.8530794852974],[-73.07831311672157,-36.85281816193088],[-73.07878058102895,-36.85228651034247],[-73.0795276828985,-36.851803834182626],[-73.0794767847253,-36.8513954589391],[-73.07956372341269,-36.85111124219445]]]}},{"type":"Feature","properties":{"comuna":"SanPedroDeLaPaz","zona":"ZH-10","zona_code":"ZH-10","nombre":"ZH-10 Zona residencial","decreto":"Publicacion PRC San Pedro de la Paz. Decreto Alc. N°310. Fecha de promulgacion 10.03.2011. Fecha de publicacion D.O. 24.03.2011."},"geometry":{"type":"Polygon","coordinates":[[[-73.07709722168953,-36.85106710920779],[-73.07893750840032,-36.85085153873852],[-73.07961618471532,-36.85045323964168],[-73.07992913592561,-36.850032356041496],[-73.08048778938233,-36.85011860935212],[-73.08075995638242,-36.850027226340366],[-73.08114084951758,-36.85006099938991],[-73.08129160043688,-36.84988004774849],[-73.08120762042557,-36.8496720139593],[-73.08081279890382,-36.84965043822794],[-73.08070944457519,-36.84990006673194],[-73.0804942492725,-36.849966054901074],[-73.08006658173794,-36.849875298681496],[-73.0798210326607,-36.84991889397211],[-73.07950808136074,-36.85033977729132],[-73.07920034201591,-36.85058471212231],[-73.07880029695221,-36.85073907704253],[-73.07707520082977,-36.850927251675294],[-73.07727858076319,-36.85063903614642],[-73.07849614561724,-36.85050345509303],[-73.07927506718963,-36.84979704751238],[-73.08140622840389,-36.849020702660944],[-73.08179917841161,-36.849007188318105],[-73.08206862067816,-36.84913853461276],[-73.08219813105589,-36.84938015405142],[-73.08214467267162,-36.84974524639351],[-73.08196917688633,-36.85000907566953],[-73.08086720743373,-36.850398508840904],[-73.0791200142028,-36.851267108923615],[-73.07714810586747,-36.85147548600282],[-73.07709722168953,-36.85106710920779]]]}},{"type":"Feature","properties":{"comuna":"SanPedroDeLaPaz","zona":"ZH-11","zona_code":"ZH-11","nombre":"ZH-11 Zona residencial","decreto":"Publicacion PRC San Pedro de la Paz. Decreto Alc. N°310. Fecha de promulgacion 10.03.2011. Fecha de publicacion D.O. 24.03.2011."},"geometry":{"type":"Polygon","coordinates":[[[-73.07688028539486,-36.851648737604464],[-73.07533653256178,-36.85140881384875],[-73.07504756362871,-36.85118438014824],[-73.07493660828392,-36.85074291084935],[-73.0749052647198,-36.85042760479013],[-73.07533716285776,-36.85004952013337],[-73.07532285926374,-36.8497805007942],[-73.07500964618413,-36.84909990205697],[-73.07601099958507,-36.848737413970426],[-73.07634896757007,-36.847964143967474],[-73.0767603459573,-36.849942049824556],[-73.07688028539486,-36.851648737604464]]]}},{"type":"Feature","properties":{"comuna":"SanPedroDeLaPaz","zona":"ZH-11","zona_code":"ZH-11","nombre":"ZH-11 Zona residencial","decreto":"Publicacion PRC San Pedro de la Paz. Decreto Alc. N°310. Fecha de promulgacion 10.03.2011. Fecha de publicacion D.O. 24.03.2011."},"geometry":{"type":"Polygon","coordinates":[[[-73.07707520082977,-36.850927251675294],[-73.0769848767253,-36.85005151494973],[-73.07654943340718,-36.84789537321518],[-73.07726597817984,-36.848483382611086],[-73.07741127148405,-36.848747901868606],[-73.07735381248538,-36.849312332890364],[-73.07755832550544,-36.84986776360954],[-73.07730046608813,-36.850228158489465],[-73.07727858076319,-36.85063903614642],[-73.07707520082977,-36.850927251675294]]]}},{"type":"Feature","properties":{"comuna":"SanPedroDeLaPaz","zona":"ZH-2","zona_code":"ZH-2","nombre":"ZH-2 Zona residencial","decreto":"Publicacion PRC San Pedro de la Paz. Decreto Alc. N°310. Fecha de promulgacion 10.03.2011. Fecha de publicacion D.O. 24.03.2011."},"geometry":{"type":"Polygon","coordinates":[[[-73.06838863546665,-36.867885265452166],[-73.0687750257124,-36.868844599789185],[-73.06932007605505,-36.86922138626985],[-73.06928463574056,-36.869377863251806],[-73.06901274249627,-36.86975044156677],[-73.06774380033187,-36.87029782037711],[-73.0675936009343,-36.87049045510871],[-73.06755151871573,-36.87079656299106],[-73.06722910470462,-36.871041973004765],[-73.06702874421937,-36.87138865982617],[-73.06694546884246,-36.87174305045949],[-73.06701674586529,-36.871986682616125],[-73.06790213184055,-36.87272970983849],[-73.06882739327848,-36.87285031590643],[-73.06918745374433,-36.87358791194607],[-73.06974663416418,-36.87395542190408],[-73.07050927982822,-36.87403472074108],[-73.07104955708186,-36.87432084771372],[-73.0713875166051,-36.87436784111873],[-73.07139497863453,-36.87450819920402],[-73.07119177860956,-36.874526889799355],[-73.07003692443448,-36.87420325766843],[-73.06908687897653,-36.874165536148105],[-73.0683954294248,-36.873779122562745],[-73.06750362308614,-36.87373939162433],[-73.06634444539824,-36.87333384548332],[-73.06551708747077,-36.87340906971768],[-73.06527732023923,-36.8732883888985],[-73.06688840355616,-36.871217702027096],[-73.06770998581048,-36.86993572567243],[-73.06812986836204,-36.86905420670207],[-73.06838863546665,-36.867885265452166]]]}},{"type":"Feature","properties":{"comuna":"SanPedroDeLaPaz","zona":"ZH-2","zona_code":"ZH-2","nombre":"ZH-2 Zona residencial","decreto":"Publicacion PRC San Pedro de la Paz. Decreto Alc. N°310. Fecha de promulgacion 10.03.2011. Fecha de publicacion D.O. 24.03.2011."},"geometry":{"type":"Polygon","coordinates":[[[-73.07136697659078,-36.874667350890675],[-73.07133200671193,-36.87483260133043],[-73.0711021741004,-36.87489907629256],[-73.07006564979858,-36.874606538503],[-73.0691450739067,-36.874849036222535],[-73.06893849885608,-36.87507876023511],[-73.06845556959092,-36.875048449574074],[-73.06819218124062,-36.87448330513184],[-73.06787126644039,-36.874482590299486],[-73.06758657197686,-36.87434001866728],[-73.06647202985874,-36.87422589072152],[-73.06515214699786,-36.87436486362899],[-73.0646100857005,-36.87459435685162],[-73.06465286104209,-36.87485068516795],[-73.0653046296274,-36.875039276864015],[-73.06537590622767,-36.87528290985182],[-73.06523127923963,-36.875580812059354],[-73.06388354913871,-36.87629490223265],[-73.06313702022038,-36.87651967427946],[-73.06402930910991,-36.87491891666571],[-73.06514739457928,-36.873451031947575],[-73.06554730833773,-36.873566226039095],[-73.0663182960266,-36.873528087273414],[-73.06738825995436,-36.87390153766821],[-73.06826488855397,-36.873930072601674],[-73.0688386255506,-36.874297088008774],[-73.07008046929948,-36.874336519139334],[-73.07112009955925,-36.87468754052835],[-73.07136697659078,-36.874667350890675]]]}},{"type":"Feature","properties":{"comuna":"SanPedroDeLaPaz","zona":"ZH-2","zona_code":"ZH-2","nombre":"ZH-2 Zona residencial","decreto":"Publicacion PRC San Pedro de la Paz. Decreto Alc. N°310. Fecha de promulgacion 10.03.2011. Fecha de publicacion D.O. 24.03.2011."},"geometry":{"type":"Polygon","coordinates":[[[-73.06264706385137,-36.8777316771009],[-73.0631595187381,-36.87859297014436],[-73.06420166565775,-36.87899083734212],[-73.06451983699235,-36.87921429506763],[-73.06549782437662,-36.8792276578087],[-73.06567875187959,-36.87933863659643],[-73.0656893111376,-36.87953747847967],[-73.06529191690163,-36.880019810846825],[-73.06480309041646,-36.8801537385121],[-73.06242084148559,-36.88034079524141],[-73.0624369770672,-36.88064490816661],[-73.06279764178718,-36.88139422053421],[-73.06239215406138,-36.88172448857787],[-73.06258115181532,-36.88198752854322],[-73.06320137637233,-36.882130338445315],[-73.06396099602968,-36.882151191373815],[-73.06579462624556,-36.88179541930701],[-73.06599446914859,-36.88198777450591],[-73.06576185288196,-36.88227697528136],[-73.06576033711784,-36.88252310269279],[-73.06611226977326,-36.88255791255487],[-73.06746167855333,-36.882148401681626],[-73.067785733608,-36.88220759873752],[-73.06797288689756,-36.88243553914308],[-73.06791686573195,-36.88275384088141],[-73.06705388976661,-36.88353337295891],[-73.06700807445038,-36.88376930041291],[-73.06703817070023,-36.88406121532744],[-73.06717977975204,-36.88425556468422],[-73.06801320150622,-36.88456680792859],[-73.06795282869275,-36.88480323535405],[-73.06756590337345,-36.88493368026979],[-73.06488691872367,-36.884205252477415],[-73.0635107612796,-36.884111781504295],[-73.06304758372268,-36.88390500600127],[-73.06174948675373,-36.883633073350644],[-73.0612959141392,-36.883332218014885],[-73.06237401070804,-36.87973306824896],[-73.06264706385137,-36.8777316771009]]]}},{"type":"Feature","properties":{"comuna":"SanPedroDeLaPaz","zona":"ZH-2","zona_code":"ZH-2","nombre":"ZH-2 Zona residencial","decreto":"Publicacion PRC San Pedro de la Paz. Decreto Alc. N°310. Fecha de promulgacion 10.03.2011. Fecha de publicacion D.O. 24.03.2011."},"geometry":{"type":"Polygon","coordinates":[[[-73.06824865998794,-36.884605604601916],[-73.06863656251404,-36.8847680703893],[-73.06872552945876,-36.88506968302134],[-73.06855488880682,-36.885427070907845],[-73.0683876190533,-36.88557342243377],[-73.06767661936122,-36.88564467447392],[-73.06700716962584,-36.885948854796226],[-73.06654059677761,-36.88595313099673],[-73.06607235268477,-36.88510205850866],[-73.06562434534044,-36.88490649088776],[-73.06492480489334,-36.884918744436355],[-73.0632707933373,-36.885362096451935],[-73.06302980426673,-36.885768757647725],[-73.06230581245438,-36.88614508781155],[-73.0618544176012,-36.88616054412744],[-73.06134196289203,-36.885849988106564],[-73.0610380422212,-36.88589554545927],[-73.06081656369544,-36.88639527832071],[-73.05996179542453,-36.886506559038295],[-73.06120515792156,-36.88354624667798],[-73.06163982774797,-36.88376572422777],[-73.06293854761437,-36.88404935470791],[-73.06349033111539,-36.884276531578436],[-73.06492473545725,-36.884368006168195],[-73.06722079396187,-36.88502753757493],[-73.067763273538,-36.88507924558577],[-73.06819077329038,-36.88488881843715],[-73.06824865998794,-36.884605604601916]]]}},{"type":"Feature","properties":{"comuna":"SanPedroDeLaPaz","zona":"ZE-3","zona_code":"ZE-3","nombre":"ZE-3 Zona de equipamiento de esparcimiento","decreto":"Publicacion PRC San Pedro de la Paz. Decreto Alc. N°310. Fecha de promulgacion 10.03.2011. Fecha de publicacion D.O. 24.03.2011."},"geometry":{"type":"Polygon","coordinates":[[[-73.07914018290205,-36.845618410375245],[-73.0794434636128,-36.84556404473888],[-73.08002535207181,-36.845813551648526],[-73.0804897287562,-36.84659440023178],[-73.0807148770952,-36.84671555573047],[-73.08167126461672,-36.84633113152969],[-73.08226404075188,-36.84568969744567],[-73.08235555173708,-36.845217836056754],[-73.08252792092026,-36.844895524415485],[-73.08261965757552,-36.84415414537741],[-73.08296643257849,-36.844095343828414],[-73.0831402702008,-36.8435269069482],[-73.08374089010076,-36.84330703866462],[-73.08388103088795,-36.84292724599639],[-73.08431969752488,-36.84267779392404],[-73.08479204800764,-36.84223969507534],[-73.08534774867634,-36.841997929627894],[-73.0854386142136,-36.84151437013673],[-73.085777895254,-36.84131520597508],[-73.08591927000924,-36.84095880363747],[-73.08649303608671,-36.84105622795536],[-73.08575667675596,-36.84173777825736],[-73.08551592705437,-36.84214447234512],[-73.08483610777763,-36.84251940731868],[-73.08443589651844,-36.84294330514721],[-73.08403964086608,-36.84316786271158],[-73.08389763090987,-36.84351256662448],[-73.08339950124834,-36.84374062684232],[-73.08324978779886,-36.84421449153718],[-73.08287181201078,-36.844508723759226],[-73.08282271881653,-36.84495569040174],[-73.08238086067507,-36.84596690710705],[-73.08197937273756,-36.84636740502346],[-73.08128681448648,-36.84677791278452],[-73.08031586700429,-36.84716283494615],[-73.08033660638591,-36.84768942534287],[-73.0796477625279,-36.848170102496624],[-73.0792056991812,-36.84863057675073],[-73.07923313198899,-36.84873509407045],[-73.08054148643826,-36.84893618976222],[-73.08167056299612,-36.84864542935176],[-73.08215768502089,-36.848757570474774],[-73.08254313059804,-36.84901382198749],[-73.08262835956845,-36.84924524724644],[-73.08270090281393,-36.84951226110328],[-73.08264433186619,-36.849818871612634],[-73.08197253114764,-36.85034584775512],[-73.08183174740547,-36.85071394323281],[-73.08161717346798,-36.850791629991576],[-73.08163835129514,-36.85118930821348],[-73.08134828547595,-36.851492230292855],[-73.08135054803289,-36.85180853455651],[-73.08108499798337,-36.85229809829314],[-73.08107768765437,-36.85270847395361],[-73.08051084682224,-36.85329042221328],[-73.08046944338616,-36.853608228337414],[-73.0806051855138,-36.853966813660854],[-73.08084179779031,-36.854028984247],[-73.08084343629606,-36.85433359175471],[-73.08097754345533,-36.85438756921069],[-73.08114777759184,-36.855119938459815],[-73.08128998340034,-36.85532596867546],[-73.08124150296258,-36.85578463197143],[-73.08042674457035,-36.85691412686156],[-73.08045749312538,-36.85721773352881],[-73.08177004723242,-36.857494833215156],[-73.082220240238,-36.85718640128135],[-73.08311898555198,-36.855854801398635],[-73.08338097564096,-36.85584578617786],[-73.08376752460413,-36.85557469261486],[-73.0835868522451,-36.85519422130198],[-73.08366712409537,-36.854921949239866],[-73.08342493716387,-36.85393426788103],[-73.08345635794203,-36.853429320230674],[-73.0838198167952,-36.85313558485083],[-73.08425520453684,-36.85309716563139],[-73.08451698118823,-36.85294754159865],[-73.08450315853908,-36.85282498044438],[-73.08518253842927,-36.85271371144293],[-73.08550731307724,-36.85251504533991],[-73.08647486283098,-36.852475872626826],[-73.08692531737543,-36.85258339767144],[-73.08730248132912,-36.85254697175573],[-73.08726807082711,-36.85244855580801],[-73.08745124626964,-36.852465681942924],[-73.08754054734703,-36.85236300464341],[-73.08773962503716,-36.8518581406034],[-73.08763046746357,-36.85145177719217],[-73.08793682976093,-36.85131818724266],[-73.08772756211503,-36.85108518063698],[-73.08791447425115,-36.850762360787755],[-73.08743637676474,-36.850409717804595],[-73.08747775128464,-36.85009191185051],[-73.08765010997814,-36.84976959450696],[-73.08789097322581,-36.84963826014217],[-73.0871302297655,-36.849453542251545],[-73.08704748249443,-36.84926890715559],[-73.08701495083649,-36.84838533144193],[-73.0871633998049,-36.8478880713245],[-73.0880711117918,-36.84700140623783],[-73.08841134368787,-36.8468197773815],[-73.08933911307534,-36.846992873805526],[-73.08961010818022,-36.84674332030252],[-73.0896580245192,-36.84654832563948],[-73.09000147094274,-36.846290416056135],[-73.0905731957399,-36.84621212199036],[-73.09144680656483,-36.846463234578245],[-73.09165532871695,-36.84640917433313],[-73.09154426804946,-36.845557603851994],[-73.09163583725865,-36.84536110286437],[-73.09213246262883,-36.8445588875888],[-73.0926100821051,-36.844220178771074],[-73.0927847529983,-36.84421488731974],[-73.09222471543238,-36.84478493641768],[-73.09176769098693,-36.84550962144674],[-73.09175721729494,-36.845996271396686],[-73.09188634302215,-36.846366788292784],[-73.09179196349909,-36.846510656522646],[-73.09144768372353,-36.846616268349685],[-73.09030546450563,-36.84638613163505],[-73.0899085873508,-36.84659901210667],[-73.08932668147382,-36.847169802167805],[-73.08839984577259,-36.847014249595006],[-73.08785222920953,-36.84740808335459],[-73.08737030498256,-36.84794026686954],[-73.0871915033449,-36.84841513742799],[-73.08717715476845,-36.848966368754],[-73.08728505846955,-36.849349341154756],[-73.08781210926372,-36.84938977608167],[-73.08800754485242,-36.849500222421696],[-73.08806118766184,-36.849685859569185],[-73.08771543319502,-36.85003758622634],[-73.0876183400121,-36.85040418377016],[-73.08808198639532,-36.85062256851305],[-73.08811920434754,-36.85077361804804],[-73.08792563964883,-36.8511083845849],[-73.08817191665013,-36.8513518332422],[-73.08782688254439,-36.85158049863134],[-73.08789071669214,-36.85209388398035],[-73.08773426073765,-36.852304334608654],[-73.08767058815933,-36.85261412045655],[-73.08703799543025,-36.852782381499274],[-73.08634365114152,-36.85261294916063],[-73.08575420072538,-36.852633244699796],[-73.08525602128198,-36.85286131632197],[-73.08477884329288,-36.85293633088342],[-73.08437869158693,-36.85322547317635],[-73.0839005747372,-36.85328294010659],[-73.08373911922794,-36.85339981586518],[-73.08358378499858,-36.853768414121355],[-73.0837851305163,-36.85440010646236],[-73.08378865124396,-36.85473980224891],[-73.08386807855929,-36.85472535139071],[-73.08381015433713,-36.85514332852259],[-73.08400507023367,-36.855517448625655],[-73.0839467417154,-36.85565421121906],[-73.08348356826355,-36.85599239064934],[-73.08322095461841,-36.8559897094889],[-73.08280297810855,-36.85676575010258],[-73.08254377463271,-36.856963983822425],[-73.08241817678964,-36.857206689314594],[-73.08207049518194,-36.857523313971946],[-73.08166730671932,-36.85761920729081],[-73.0803121171995,-36.857362979965856],[-73.08023283625755,-36.856832544941824],[-73.08092240437264,-36.85595343034328],[-73.08106342884423,-36.85531581711571],[-73.08067428400567,-36.854169134586016],[-73.08042541297165,-36.85401364104689],[-73.08035119808459,-36.853852142924886],[-73.08028449346787,-36.8534208769276],[-73.08088410042559,-36.852632739826916],[-73.08115851960837,-36.85176204152512],[-73.08116509300636,-36.85147472857262],[-73.08142854186086,-36.85121959345857],[-73.08136973494342,-36.8507997741723],[-73.08242444741555,-36.849796774373026],[-73.08245494082442,-36.849274281942776],[-73.08231970898696,-36.84906215366371],[-73.08201929228157,-36.84889672021373],[-73.0814115763709,-36.84884731500919],[-73.08129036130627,-36.84889835479529],[-73.08140622840389,-36.849020702660944],[-73.07927506718963,-36.84979704751238],[-73.07849614561724,-36.85050345509303],[-73.07727858076319,-36.85063903614642],[-73.07730046608813,-36.850228158489465],[-73.07755832550544,-36.84986776360954],[-73.07735381248538,-36.849312332890364],[-73.07741127148405,-36.848747901868606],[-73.07726597817984,-36.848483382611086],[-73.07654943340718,-36.84789537321518],[-73.07698504434515,-36.84775883712476],[-73.07726483905371,-36.847536838749626],[-73.07820641112686,-36.84783258628595],[-73.07863418468837,-36.84778859133985],[-73.07892424963505,-36.84748567566876],[-73.07914877552066,-36.847595136610124],[-73.07942011960697,-36.84735145305103],[-73.07954413566026,-36.847353048990264],[-73.07944681144338,-36.847579033979486],[-73.07953339168247,-36.84769909504835],[-73.08014164252498,-36.84748484000917],[-73.08011389867679,-36.84737447456882],[-73.07967624319355,-36.84750669891221],[-73.07967803541415,-36.847266421706415],[-73.07937595585072,-36.847206497903876],[-73.07915025819523,-36.84734901115805],[-73.07885514438405,-36.84728298851254],[-73.07849001445392,-36.847682226007855],[-73.07822867342163,-36.84770292513124],[-73.07770978227875,-36.84750727027394],[-73.07806155601689,-36.84754205476049],[-73.07830025297945,-36.8473698019771],[-73.07848408840977,-36.846988512882966],[-73.0790041308627,-36.846349594156884],[-73.0791557412818,-36.84591082206795],[-73.07914018290205,-36.845618410375245]]]}},{"type":"Feature","properties":{"comuna":"SanPedroDeLaPaz","zona":"ZE-2","zona_code":"ZE-2","nombre":"ZE-2 Zona de equipamiento de esparcimiento","decreto":"Publicacion PRC San Pedro de la Paz. Decreto Alc. N°310. Fecha de promulgacion 10.03.2011. Fecha de publicacion D.O. 24.03.2011."},"geometry":{"type":"Polygon","coordinates":[[[-73.09423920141344,-36.84442251244673],[-73.09174168016843,-36.84410035364002],[-73.09017932240582,-36.843099605252],[-73.08963380754213,-36.842848894760586],[-73.0888199621918,-36.84269237988146],[-73.08861976402545,-36.84283403190451],[-73.08863779693169,-36.842625419199535],[-73.08831556483068,-36.84246075222537],[-73.08691220289181,-36.84211653909761],[-73.08721375967674,-36.84120974105357],[-73.08670870035434,-36.84103378890058],[-73.08591927000924,-36.84095880363747],[-73.085777895254,-36.84131520597508],[-73.0854386142136,-36.84151437013673],[-73.08534774867634,-36.841997929627894],[-73.08479204800764,-36.84223969507534],[-73.08431969752488,-36.84267779392404],[-73.08388103088795,-36.84292724599639],[-73.08374089010076,-36.84330703866462],[-73.0831402702008,-36.8435269069482],[-73.08296643257849,-36.844095343828414],[-73.08261965757552,-36.84415414537741],[-73.08252792092026,-36.844895524415485],[-73.08235555173708,-36.845217836056754],[-73.08226404075188,-36.84568969744567],[-73.08207337683066,-36.8459423295018],[-73.08167126461672,-36.84633113152969],[-73.0807148770952,-36.84671555573047],[-73.0804897287562,-36.84659440023178],[-73.08002535207181,-36.845813551648526],[-73.0794434636128,-36.84556404473888],[-73.07914018290205,-36.845618410375245],[-73.07766953545129,-36.843735502194505],[-73.07963473659889,-36.84343910102563],[-73.08117144363078,-36.84286482408887],[-73.08448990034093,-36.84139139684094],[-73.08591103213753,-36.84058191998837],[-73.08599024115519,-36.84042686093607],[-73.08788220458547,-36.84091244930897],[-73.08768668041023,-36.841757008252564],[-73.0902544382608,-36.84245802977033],[-73.09435013274903,-36.84434984366032],[-73.09423920141344,-36.84442251244673]]]}},{"type":"Feature","properties":{"comuna":"SanPedroDeLaPaz","zona":"ZRI-1","zona_code":"ZRI-1","nombre":"ZRI-1 Zona de riesgo de inundacion","decreto":"Publicacion PRC San Pedro de la Paz. Decreto Alc. N°310. Fecha de promulgacion 10.03.2011. Fecha de publicacion D.O. 24.03.2011."},"geometry":{"type":"Polygon","coordinates":[[[-73.12592528625493,-36.87254605472109],[-73.12545155791038,-36.87376944459342],[-73.12560764969722,-36.874771733719314],[-73.1255196075238,-36.87503258267348],[-73.12577647864913,-36.875468921021564],[-73.12574779958018,-36.876290152229885],[-73.12582745853592,-36.876685781229845],[-73.12597871251937,-36.87678597999705],[-73.126230364521,-36.8779372736869],[-73.12540121156708,-36.87713269242371],[-73.12398934007359,-36.876103756174196],[-73.12366038707863,-36.875412131662436],[-73.1235276939542,-36.874573073161166],[-73.12320112449895,-36.87446724655383],[-73.12352839666737,-36.87431526008476],[-73.12592528625493,-36.87254605472109]]]}},{"type":"Feature","properties":{"comuna":"SanPedroDeLaPaz","zona":"ZRR","zona_code":"ZRR","nombre":"ZRR Zona de riesgo de remocion en masa","decreto":"Publicacion PRC San Pedro de la Paz. Decreto Alc. N°310. Fecha de promulgacion 10.03.2011. Fecha de publicacion D.O. 24.03.2011."},"geometry":{"type":"Polygon","coordinates":[[[-73.11013406229357,-36.9176403781251],[-73.10957300196212,-36.91751920956718],[-73.10832829484336,-36.916624923109076],[-73.10798624927435,-36.91677738400864],[-73.10778689504117,-36.9179560556801],[-73.10744484349667,-36.91810851570718],[-73.10713215494684,-36.91772094443612],[-73.10685511745851,-36.91691030172708],[-73.1040734952395,-36.91456931780341],[-73.10280604287678,-36.91379293349623],[-73.10160816850635,-36.91322504750251],[-73.10147756852143,-36.91351078903527],[-73.10272439310043,-36.91499096308407],[-73.10267491523699,-36.915156722465895],[-73.10203679453772,-36.91468665215877],[-73.10165055503774,-36.91455939934187],[-73.1014554161775,-36.914730195243735],[-73.10168066893436,-36.91512080717174],[-73.10384343949157,-36.916264625771504],[-73.1049524755148,-36.91735114016223],[-73.10515238980615,-36.917812927511505],[-73.1049939209267,-36.91812307289937],[-73.10352498018779,-36.91740054278741],[-73.10243630791,-36.91614926361817],[-73.10162966194805,-36.915802197595745],[-73.10059373060139,-36.91553336086996],[-73.10026073414602,-36.91531051962303],[-73.09893474876345,-36.915075131332145],[-73.09877249566273,-36.91531509341157],[-73.09884329964211,-36.91554700088582],[-73.0995929219048,-36.91591949159303],[-73.10119240505657,-36.91635633337301],[-73.10207865546623,-36.91709904936493],[-73.10316885176799,-36.91783470199385],[-73.1033662457299,-36.91824970876035],[-73.10320149088363,-36.91844289283289],[-73.10282025102336,-36.91840921165572],[-73.10207686430772,-36.918153703536916],[-73.10144275786675,-36.917214784226374],[-73.10104144985459,-36.91680682576181],[-73.09943819442734,-36.916299807196566],[-73.09909738377227,-36.91647563497054],[-73.09926060341249,-36.91679808952563],[-73.09985830569067,-36.917058652356374],[-73.09987335722184,-36.917339356687954],[-73.09965506157617,-36.91816714213884],[-73.09901760764001,-36.9187984980285],[-73.0978923955365,-36.91958731821807],[-73.09743377864793,-36.91974377734229],[-73.09705127951617,-36.919686686294604],[-73.09650868389326,-36.918275869303926],[-73.09624272548145,-36.918214750024845],[-73.09653522870002,-36.9178860710611],[-73.09662418676714,-36.91736741879606],[-73.09630027424217,-36.91676928615621],[-73.0955111871308,-36.91674966766646],[-73.09444204587122,-36.916950633254146],[-73.09229247689169,-36.9171420041427],[-73.0928683180437,-36.91668784388207],[-73.09373794493098,-36.91548605623474],[-73.09495712706388,-36.91427219298388],[-73.09573193791428,-36.91375329379469],[-73.09659209883799,-36.913465794928776],[-73.0970289016572,-36.912630466166696],[-73.09702325037077,-36.91143545424104],[-73.09717860856156,-36.91106683811477],[-73.0974686598008,-36.911033382799005],[-73.0976363974352,-36.91116820016163],[-73.09804487667468,-36.91225555130183],[-73.0978823256634,-36.913034537232576],[-73.09719354353926,-36.914886298764046],[-73.09711273722179,-36.91555699918871],[-73.09737994012286,-36.91564150930426],[-73.09772528789027,-36.915278045594576],[-73.09804541130802,-36.914716252269955],[-73.09842283571912,-36.91359002741443],[-73.09914986548881,-36.91354146494411],[-73.09937664555754,-36.91341644966347],[-73.0993655042577,-36.91293640849975],[-73.09834242167958,-36.91127269918253],[-73.09764091603076,-36.90989081268913],[-73.097472387747,-36.90892406436245],[-73.09728633134903,-36.90871957351945],[-73.09595545710279,-36.90839057499431],[-73.09572696503022,-36.908210982588095],[-73.0956571260906,-36.90745174163356],[-73.09575673210614,-36.907131923667926],[-73.09596455176748,-36.906925545251916],[-73.09706910533289,-36.90766076434929],[-73.09754081028356,-36.90774992848113],[-73.09781064519373,-36.907611711775075],[-73.09778480107106,-36.9074016856833],[-73.0959941578144,-36.90611599982723],[-73.0955201206627,-36.90571053088349],[-73.0953296943188,-36.90542416341004],[-73.09526909558286,-36.90510987657053],[-73.09540473852515,-36.903827960323305],[-73.09561129854937,-36.90359819096054],[-73.09582725111571,-36.90354386364829],[-73.0961254161656,-36.90366246200198],[-73.09671877200653,-36.904661411470634],[-73.09760436192737,-36.90512296352899],[-73.09804787321868,-36.90577555081161],[-73.09847715370752,-36.90697935992106],[-73.09877330630788,-36.9073323747706],[-73.09932159495867,-36.90748919209267],[-73.09949651570368,-36.907213638338604],[-73.09950934572478,-36.90690853491875],[-73.09828463821383,-36.904747928287016],[-73.0980397091375,-36.904533754933865],[-73.09730711998435,-36.90338729168049],[-73.09723383036355,-36.90310859819628],[-73.09736318042374,-36.90279946876763],[-73.09766024558571,-36.90262515878253],[-73.09853844729453,-36.902676839954296],[-73.09877600190026,-36.90248114690809],[-73.09864209912362,-36.90188817039952],[-73.09800818657884,-36.900949220421154],[-73.09788682288367,-36.900590164670575],[-73.09793332758356,-36.900096412849614],[-73.09827375096508,-36.89936987083154],[-73.09919089119089,-36.89878744536469],[-73.09951783940248,-36.898354308201625],[-73.09983615816037,-36.89748791310788],[-73.100521852944,-36.89748764578359],[-73.10175457340176,-36.89871053753762],[-73.10203690985718,-36.89880623320338],[-73.10230545160141,-36.8986446155275],[-73.10231952630215,-36.898362904150076],[-73.10209432818857,-36.89797229029242],[-73.10107739948853,-36.896964578315675],[-73.10080413747826,-36.89649359904055],[-73.10072269616194,-36.89606285873859],[-73.10087989086534,-36.89572932879554],[-73.1021173359021,-36.895135808191185],[-73.10248292288473,-36.894607585569695],[-73.10332667590298,-36.89374644411972],[-73.10370841975164,-36.893791826746025],[-73.10426742574451,-36.89472821166391],[-73.10391957377489,-36.89463478794934],[-73.10331424242018,-36.89477290575442],[-73.10159130346457,-36.89637923196496],[-73.10159304163192,-36.89668383268207],[-73.10215693185425,-36.89713304199879],[-73.10240010424926,-36.89704260773082],[-73.10259080932238,-36.896789940060046],[-73.10375118836535,-36.89584753693454],[-73.10483278830361,-36.89670065805807],[-73.105114989882,-36.89706585778603],[-73.10533505023444,-36.89763240921486],[-73.10550125745176,-36.898282846956874],[-73.10541990103977,-36.89894185424327],[-73.1050296776155,-36.89911281595871],[-73.10469460195684,-36.89939391882631],[-73.10447602689176,-36.899670989878366],[-73.10432448720643,-36.900109788784455],[-73.10440093568825,-36.900446956734804],[-73.10471240731447,-36.90054163746129],[-73.10507012643625,-36.90017259996312],[-73.10549621883754,-36.900228159409174],[-73.10568227248513,-36.90043263761058],[-73.10580304409322,-36.9007799880954],[-73.10576349534882,-36.901402394365974],[-73.10592670403452,-36.90172484025514],[-73.1057377573025,-36.90228211221037],[-73.10420514833339,-36.90332456729863],[-73.10116892943469,-36.904659949625184],[-73.10086796078993,-36.90503360453212],[-73.100904956975,-36.90572367017215],[-73.10061122195586,-36.90677670195818],[-73.10099491062273,-36.90685717737023],[-73.1012565818279,-36.90656690411734],[-73.10215272817148,-36.90504776547291],[-73.10267214877578,-36.904666550652195],[-73.10293304472714,-36.904634090409665],[-73.10299215048076,-36.90546400226031],[-73.10332197019464,-36.90562835794233],[-73.10352398523757,-36.90558621603175],[-73.10381265700093,-36.90443961158922],[-73.1039862994749,-36.90414066190409],[-73.10525059000958,-36.903229799145],[-73.10577626003248,-36.902965532313914],[-73.10663939668329,-36.90273644986256],[-73.107627199611,-36.90265537379136],[-73.10840471313976,-36.902733903578486],[-73.10885052615379,-36.90261300204999],[-73.10921775173931,-36.902658868181874],[-73.10930050757783,-36.90311299054373],[-73.10921803984655,-36.90347909522595],[-73.10886137536913,-36.90390157047975],[-73.10568699545439,-36.90565197229998],[-73.1030524707539,-36.907676560852906],[-73.1011066061187,-36.91002881281229],[-73.10086373749435,-36.910669967013455],[-73.10090980152586,-36.910984752324225],[-73.10124918941897,-36.91105504045803],[-73.10159248009401,-36.910925991567154],[-73.10235995337058,-36.90972767775419],[-73.10284086037147,-36.909172028310955],[-73.10397241135591,-36.90796111004149],[-73.10586528193005,-36.90625512019668],[-73.10921193237296,-36.90445187411688],[-73.10983200022318,-36.90404370651722],[-73.11012265446591,-36.90351293082931],[-73.11036583539524,-36.90342248059301],[-73.11065773513342,-36.903424081508255],[-73.11097425409301,-36.90361231207974],[-73.11141346348539,-36.90418297144238],[-73.11153175336052,-36.904483529885205],[-73.11131120046066,-36.904995035065184],[-73.11034768511989,-36.90495153289507],[-73.109684033024,-36.90509170691381],[-73.10871316577915,-36.9054885915169],[-73.10816527256803,-36.90588253516002],[-73.1069336336935,-36.90740161712899],[-73.10597641208342,-36.90832530408076],[-73.10490654155143,-36.909053680523364],[-73.10380325829264,-36.90943167417472],[-73.10369866418407,-36.90965792942236],[-73.10381128640334,-36.90985323337033],[-73.1042234967055,-36.90992099287408],[-73.10475360891951,-36.909738599680175],[-73.1061091313272,-36.908894875316406],[-73.10751546166793,-36.907639257820975],[-73.10821803917945,-36.90686499226786],[-73.10939053447152,-36.9058752425419],[-73.1096482874912,-36.90578428769823],[-73.11009274892686,-36.905909498837964],[-73.11041031766386,-36.906660142068304],[-73.11070160019734,-36.906650045800355],[-73.1109885888526,-36.906288569658315],[-73.11143766512774,-36.905956626060096],[-73.111929067481,-36.905869284910445],[-73.11344245987902,-36.90579337224117],[-73.11481344610816,-36.90551146265405],[-73.11500655166705,-36.90557506930811],[-73.11518248425311,-36.90586190616891],[-73.11484292488801,-36.90633067525019],[-73.11388600815613,-36.906715399886664],[-73.11227190834634,-36.90681824679966],[-73.11187291459377,-36.90699612681047],[-73.11160426498633,-36.90742727662646],[-73.11208729862976,-36.907726906856816],[-73.1126932395898,-36.90786994356239],[-73.11330494057474,-36.90784873111288],[-73.11367459786774,-36.907701889613264],[-73.11444398732762,-36.907628330397415],[-73.1150056090861,-36.9077611752283],[-73.11525898231645,-36.90809732193378],[-73.11526716259452,-36.90824936829798],[-73.11479444321056,-36.90922661672954],[-73.11434976994043,-36.90964044377094],[-73.11352461821633,-36.909762807000305],[-73.11113936006646,-36.90936508897829],[-73.11033516083292,-36.909334374086264],[-73.1099608796142,-36.90942936864073],[-73.11021151381519,-36.90974877810367],[-73.11062938410402,-36.90992177767333],[-73.11224282474564,-36.910076764039104],[-73.11261700716618,-36.91025127137221],[-73.11251432494952,-36.910512620960795],[-73.11219191152142,-36.91075815320574],[-73.11063598092632,-36.910858962148986],[-73.10972844552366,-36.91107789648648],[-73.10765958555831,-36.91113785170635],[-73.10630416514427,-36.91171208364701],[-73.10579626706229,-36.91176482099609],[-73.10462100626346,-36.91161801882899],[-73.10389274648838,-36.91164322160391],[-73.10332595903888,-36.911686268051334],[-73.10268056274548,-36.91189607864345],[-73.10265129817924,-36.912166598495375],[-73.10299759667782,-36.912365537096946],[-73.10519959734634,-36.91206670079382],[-73.10611834217212,-36.91232783734867],[-73.10658003563434,-36.912229827902],[-73.10769225212853,-36.91174603916153],[-73.10853263259348,-36.911634905970494],[-73.10866948687018,-36.91146611716299],[-73.1090444078295,-36.91138282173335],[-73.10973210784259,-36.911417582425564],[-73.11106266094018,-36.911195702378485],[-73.1120169309301,-36.91130323201556],[-73.11242286339699,-36.91125400469691],[-73.1134148275491,-36.91043452152088],[-73.1137751721475,-36.91035171672822],[-73.11514499668212,-36.91035179809734],[-73.11542784242725,-36.9109981713321],[-73.11564911063715,-36.91212710395601],[-73.11593205479883,-36.91250396682587],[-73.11544721219926,-36.91335787114416],[-73.11508307997363,-36.91337050710058],[-73.11449552354631,-36.913027646046466],[-73.1134981628463,-36.912933349007126],[-73.11242807731358,-36.91257205999405],[-73.11200191255168,-36.91251653069199],[-73.11163076275655,-36.91267000986824],[-73.11164774107226,-36.91298579813649],[-73.1141697756558,-36.913753722828254],[-73.11416770275312,-36.9142576533204],[-73.11294211666055,-36.91480402293622],[-73.11184707791989,-36.91506463013887],[-73.11090711981895,-36.91549561603789],[-73.11084728137033,-36.91733443268425],[-73.11013406229357,-36.9176403781251]]]}},{"type":"Feature","properties":{"comuna":"SanPedroDeLaPaz","zona":"ZRR","zona_code":"ZRR","nombre":"ZRR Zona de riesgo de remocion en masa","decreto":"Publicacion PRC San Pedro de la Paz. Decreto Alc. N°310. Fecha de promulgacion 10.03.2011. Fecha de publicacion D.O. 24.03.2011."},"geometry":{"type":"Polygon","coordinates":[[[-73.11713231846605,-36.912640266777295],[-73.11679912490712,-36.91295649153443],[-73.11654056020964,-36.91357478451363],[-73.11626058604466,-36.91379541952635],[-73.11568174661635,-36.91388581429695],[-73.11517393426898,-36.913669083334106],[-73.11565805135504,-36.91347944995728],[-73.11630342410687,-36.912625830614125],[-73.11713231846605,-36.912640266777295]]]}},{"type":"Feature","properties":{"comuna":"SanPedroDeLaPaz","zona":"ZRR","zona_code":"ZRR","nombre":"ZRR Zona de riesgo de remocion en masa","decreto":"Publicacion PRC San Pedro de la Paz. Decreto Alc. N°310. Fecha de promulgacion 10.03.2011. Fecha de publicacion D.O. 24.03.2011."},"geometry":{"type":"Polygon","coordinates":[[[-73.09624272548145,-36.918214750024845],[-73.09611836440185,-36.91861744788136],[-73.0960914277979,-36.919204263639],[-73.09578819298208,-36.920081847882685],[-73.09532455562588,-36.92014473022273],[-73.09479387946857,-36.92004587846977],[-73.09285667301138,-36.918753495659615],[-73.0950928233748,-36.91847490202581],[-73.09624272548145,-36.918214750024845]]]}},{"type":"Feature","properties":{"comuna":"SanPedroDeLaPaz","zona":"ZRR","zona_code":"ZRR","nombre":"ZRR Zona de riesgo de remocion en masa","decreto":"Publicacion PRC San Pedro de la Paz. Decreto Alc. N°310. Fecha de promulgacion 10.03.2011. Fecha de publicacion D.O. 24.03.2011."},"geometry":{"type":"Polygon","coordinates":[[[-73.09333434809207,-36.920588410205404],[-73.09176827332111,-36.92132208392825],[-73.09067687216852,-36.9205629299892],[-73.09020857039792,-36.91999319638015],[-73.08979818984061,-36.919960478325294],[-73.0897029269291,-36.920362166919205],[-73.09015585910282,-36.92119022344599],[-73.08999231559942,-36.921406783661695],[-73.08938299096883,-36.92147466744175],[-73.08899887749018,-36.92193318696686],[-73.08776770685377,-36.921835018797466],[-73.08757376850593,-36.92202918776976],[-73.08825226752437,-36.92270886367699],[-73.08811910144301,-36.92294780943138],[-73.08756678108149,-36.922990284023456],[-73.0870552217078,-36.92270325428223],[-73.08676887138718,-36.92280686439703],[-73.08678888135135,-36.92318114271],[-73.08659743843543,-36.92342209500223],[-73.08616290649275,-36.923483940100084],[-73.08550942068202,-36.92327210031437],[-73.08525095221694,-36.923351311528144],[-73.08514816118742,-36.92361264279208],[-73.08529408149168,-36.92415835067449],[-73.08363334060166,-36.924318081559306],[-73.08301875832794,-36.92411733908974],[-73.08299939221659,-36.92375475453512],[-73.08330926414348,-36.923544883649576],[-73.08465032294016,-36.923240908604846],[-73.08492167858665,-36.922856593863344],[-73.0854107287919,-36.92272256913691],[-73.08661984175609,-36.922680908369024],[-73.08713820758948,-36.922276358040804],[-73.08754458954208,-36.92168818162943],[-73.0883305225205,-36.920829129877944],[-73.08974112037954,-36.91964387039422],[-73.09146861498793,-36.92001784019089],[-73.09216031843012,-36.919853360120875],[-73.09248261094142,-36.91939916268793],[-73.09296878767759,-36.91975735116577],[-73.0933472006025,-36.92028330515464],[-73.09333434809207,-36.920588410205404]]]}},{"type":"Feature","properties":{"comuna":"SanPedroDeLaPaz","zona":"ZRR","zona_code":"ZRR","nombre":"ZRR Zona de riesgo de remocion en masa","decreto":"Publicacion PRC San Pedro de la Paz. Decreto Alc. N°310. Fecha de promulgacion 10.03.2011. Fecha de publicacion D.O. 24.03.2011."},"geometry":{"type":"Polygon","coordinates":[[[-73.08199273931751,-36.92321524000782],[-73.08145705756048,-36.92302275725954],[-73.08076071568759,-36.92255457507475],[-73.08011599053563,-36.92250645280642],[-73.07991371221709,-36.92199782969649],[-73.07772532540066,-36.919823283211066],[-73.07766712713358,-36.91818479455755],[-73.07683480857108,-36.916807273927496],[-73.07715196671013,-36.91663158927261],[-73.07732992612698,-36.91586381459907],[-73.07771823196957,-36.915756721892606],[-73.07829711608338,-36.91648675489429],[-73.0785865762928,-36.916441647436585],[-73.07871271102594,-36.9155233219976],[-73.08040969932422,-36.915054825154385],[-73.080878940509,-36.91509726929969],[-73.08096800187501,-36.915398866751964],[-73.08042965575339,-36.917069597148824],[-73.08039635585148,-36.91753945434643],[-73.08064065557652,-36.918562212629574],[-73.08005297529034,-36.91930893500838],[-73.08006982757392,-36.919624735554954],[-73.08031975632287,-36.91993251592201],[-73.0809594652153,-36.91988706886136],[-73.08190842134373,-36.92044029807827],[-73.08236125548038,-36.920448146118574],[-73.08273001074059,-36.92024796740672],[-73.08274290542779,-36.919942861994485],[-73.082037844236,-36.91931093745684],[-73.08155066847738,-36.91783954855425],[-73.08170424049969,-36.917435858779534],[-73.08210419474862,-36.91700025245565],[-73.08221821825464,-36.91612921296868],[-73.08236658501608,-36.915901467397354],[-73.08313735511246,-36.91585149796271],[-73.08352377616471,-36.915709298213116],[-73.08362906377657,-36.915494753127454],[-73.08354311441882,-36.91525163906222],[-73.08227688240349,-36.914767931548404],[-73.08192625140813,-36.91448705532605],[-73.08171337345847,-36.913779597742156],[-73.08182011996006,-36.913318930701706],[-73.08205920611823,-36.91287714459869],[-73.08256546818733,-36.91251990249884],[-73.08398853865474,-36.9123888835849],[-73.08439845025119,-36.91214041249855],[-73.08470077724964,-36.9117901851119],[-73.08521447812313,-36.91075304617676],[-73.08551347860873,-36.91061385089363],[-73.08579334445957,-36.910662798802235],[-73.08597937602808,-36.910867309588895],[-73.08594942725443,-36.911126132560035],[-73.08555307908286,-36.9119014409138],[-73.08544198285271,-36.91228023645596],[-73.08546260257395,-36.91266621264692],[-73.08575665587308,-36.91325368889069],[-73.08635616504736,-36.913549413747425],[-73.0864641863296,-36.91393237716194],[-73.08644048847017,-36.91430816172831],[-73.08591721886039,-36.915439378123914],[-73.08555416715882,-36.91656507292465],[-73.08499225682117,-36.919431844559846],[-73.08404734338468,-36.92114002965338],[-73.0842017646129,-36.92129876016622],[-73.08450643031648,-36.92126483114887],[-73.0848556159237,-36.92097157777954],[-73.0856591277764,-36.92126027733885],[-73.0859754368082,-36.92127354746809],[-73.08588640329877,-36.921792195578604],[-73.08368464027929,-36.92210239032868],[-73.0830353203849,-36.92142168260442],[-73.08204848033165,-36.92152596217447],[-73.08213382548504,-36.92257762356296],[-73.08236150807042,-36.923015061119216],[-73.08199273931751,-36.92321524000782]]]}},{"type":"Feature","properties":{"comuna":"SanPedroDeLaPaz","zona":"ZRR","zona_code":"ZRR","nombre":"ZRR Zona de riesgo de remocion en masa","decreto":"Publicacion PRC San Pedro de la Paz. Decreto Alc. N°310. Fecha de promulgacion 10.03.2011. Fecha de publicacion D.O. 24.03.2011."},"geometry":{"type":"Polygon","coordinates":[[[-73.08620139011197,-36.92058613214573],[-73.08573303988999,-36.920185556210164],[-73.08555755861498,-36.919359641151495],[-73.08622778483291,-36.91688167980492],[-73.08665290253668,-36.91664439372521],[-73.08696192373432,-36.91669233431394],[-73.08710365031673,-36.916886651417876],[-73.08739611325666,-36.91798975886641],[-73.08761505463008,-36.9182634385772],[-73.08790576485893,-36.918241700521406],[-73.08824903520933,-36.91729244764521],[-73.08775800677871,-36.91575091256825],[-73.08758601663924,-36.91444445242321],[-73.08693518001971,-36.912369403361986],[-73.08747879678486,-36.91107343418224],[-73.08807222577514,-36.910982673831896],[-73.08825738428673,-36.910624758843305],[-73.08763138819373,-36.90928707587799],[-73.08784067305884,-36.908834588197365],[-73.08836376217262,-36.90879312221198],[-73.08933630346894,-36.90897051365047],[-73.09054474643699,-36.908647615690924],[-73.09145527612404,-36.90875682217974],[-73.09267087453824,-36.90911328457152],[-73.09347741231375,-36.90946041774933],[-73.09374050250246,-36.91001378867788],[-73.09351964851828,-36.910794781660954],[-73.0921203580607,-36.91246011730616],[-73.09139048103411,-36.913000879719256],[-73.09127986636196,-36.91366088838107],[-73.09075928392939,-36.91412485273055],[-73.09039343515838,-36.913832810023465],[-73.08996146400254,-36.91394145052889],[-73.08910215774603,-36.91479132266974],[-73.08916256393874,-36.91537512730568],[-73.0895255558966,-36.9161594170347],[-73.08949946326874,-36.91730865589644],[-73.08930017704978,-36.917948286168134],[-73.0899037631179,-36.91886489096441],[-73.08942976149137,-36.91927964065479],[-73.08804634414177,-36.91960856291636],[-73.08772049935187,-36.92006506930592],[-73.0874100286659,-36.92026325426792],[-73.08620139011197,-36.92058613214573]]]}},{"type":"Feature","properties":{"comuna":"SanPedroDeLaPaz","zona":"ZRR","zona_code":"ZRR","nombre":"ZRR Zona de riesgo de remocion en masa","decreto":"Publicacion PRC San Pedro de la Paz. Decreto Alc. N°310. Fecha de promulgacion 10.03.2011. Fecha de publicacion D.O. 24.03.2011."},"geometry":{"type":"Polygon","coordinates":[[[-73.09148857845376,-36.91465378167119],[-73.09347835725404,-36.912545078582056],[-73.09424940625509,-36.9119560114648],[-73.09495434440468,-36.911767626001875],[-73.0956141707141,-36.91182686614867],[-73.09578378631416,-36.911996774714616],[-73.0957981942382,-36.912265784592776],[-73.09568151224319,-36.91253932165947],[-73.09479269202583,-36.913109027750366],[-73.0935238609999,-36.91475815825142],[-73.09210959388606,-36.91590623534634],[-73.09206327526519,-36.91504072142923],[-73.09184307739908,-36.914743657511806],[-73.09148857845376,-36.91465378167119]]]}},{"type":"Feature","properties":{"comuna":"SanPedroDeLaPaz","zona":"ZRR","zona_code":"ZRR","nombre":"ZRR Zona de riesgo de remocion en masa","decreto":"Publicacion PRC San Pedro de la Paz. Decreto Alc. N°310. Fecha de promulgacion 10.03.2011. Fecha de publicacion D.O. 24.03.2011."},"geometry":{"type":"Polygon","coordinates":[[[-73.07702555803189,-36.91436341485102],[-73.07708676351719,-36.913869163065115],[-73.07795823564729,-36.9137923301131],[-73.07847681377955,-36.91311830231956],[-73.07915726215658,-36.91274336673185],[-73.07999127599855,-36.91196474001903],[-73.08048693357424,-36.91140866946135],[-73.08099299220048,-36.910500705947484],[-73.08214698556313,-36.91025007326775],[-73.08253733342185,-36.90990853913199],[-73.08252110102633,-36.909604435732405],[-73.08219442335911,-36.9094985020347],[-73.08051234702869,-36.90969699844832],[-73.08038209648004,-36.909443688738115],[-73.08130220697477,-36.90863865677637],[-73.08224019112396,-36.90762208251367],[-73.08429170853341,-36.90614532108096],[-73.08570028669924,-36.90574527476371],[-73.08621085999216,-36.90546989514861],[-73.08584166133764,-36.90644566839945],[-73.08537352467988,-36.906696149282055],[-73.08522455790383,-36.90691220042952],[-73.08566754961538,-36.90728362732163],[-73.08610242233244,-36.907503001407484],[-73.08625100142719,-36.90782598012105],[-73.08672500823552,-36.90823148773661],[-73.0867570711028,-36.908558480593214],[-73.08664992599611,-36.90873793871035],[-73.08573526217789,-36.909097548923626],[-73.08533825654324,-36.90904091793594],[-73.08436342071568,-36.90854719253453],[-73.08410374955265,-36.90860300522172],[-73.08411936382262,-36.90889541210334],[-73.0843122575799,-36.90922858531519],[-73.08501329019902,-36.910059839255204],[-73.08495608202783,-36.91035475361581],[-73.08332373573266,-36.9109382644107],[-73.08285785856793,-36.911505038000705],[-73.08256072245283,-36.91167931590099],[-73.08212063273308,-36.91163587486777],[-73.08156505897502,-36.91106910677719],[-73.0812951815572,-36.911207289761506],[-73.08122380675704,-36.911783916935924],[-73.08140462770521,-36.91216438174092],[-73.08133595979675,-36.91251827750442],[-73.08071774500678,-36.912691882038416],[-73.07978553133705,-36.91272395308815],[-73.07959596000894,-36.9129999831788],[-73.07972434338414,-36.91321820506292],[-73.08030614448202,-36.91345598165818],[-73.08067944587073,-36.91388841357312],[-73.08055438093622,-36.91427940293612],[-73.0800021163372,-36.9143218394884],[-73.07923824404818,-36.91368020152085],[-73.07885640704409,-36.91363474493933],[-73.07864081739105,-36.91397025739719],[-73.07866274673204,-36.91465499400855],[-73.07847639715467,-36.91485474651284],[-73.07812108129899,-36.914896258940544],[-73.07770023687637,-36.91452990180648],[-73.07733338613309,-36.914355028941834],[-73.07702555803189,-36.91436341485102]]]}},{"type":"Feature","properties":{"comuna":"SanPedroDeLaPaz","zona":"ZRR","zona_code":"ZRR","nombre":"ZRR Zona de riesgo de remocion en masa","decreto":"Publicacion PRC San Pedro de la Paz. Decreto Alc. N°310. Fecha de promulgacion 10.03.2011. Fecha de publicacion D.O. 24.03.2011."},"geometry":{"type":"Polygon","coordinates":[[[-73.11665408060293,-36.90124754730592],[-73.11719393789147,-36.901112364653855],[-73.11749858586901,-36.90080884803137],[-73.11764249568941,-36.90022968836426],[-73.11801231469538,-36.900052802260824],[-73.11826806584897,-36.90019625272931],[-73.11843698914804,-36.90062393879112],[-73.11881641279807,-36.90008347050178],[-73.1215617615208,-36.90012871670614],[-73.12193528074125,-36.900291501152786],[-73.12215743379477,-36.90062359231189],[-73.12325222790928,-36.90036290416569],[-73.12397714709803,-36.90054861888159],[-73.12459346781152,-36.90223795932468],[-73.12444897863973,-36.90280542945734],[-73.12422542577825,-36.902988967503155],[-73.12359410256661,-36.903186682277024],[-73.1230716521636,-36.90350950332557],[-73.12240489063862,-36.903591268065625],[-73.12202529346878,-36.90345139959999],[-73.12286624825565,-36.90308235932396],[-73.12316205397426,-36.902615089424785],[-73.12357745068367,-36.90247175490768],[-73.12366047809925,-36.90211733921468],[-73.12330283486665,-36.901707938900394],[-73.12267417353077,-36.901413416084424],[-73.12162690150159,-36.901473248003875],[-73.12137359039608,-36.901646097177434],[-73.12112160871584,-36.9015728285367],[-73.12096345203811,-36.90107446629538],[-73.12068998005604,-36.900873050279735],[-73.12040320789818,-36.90069553081802],[-73.11977322739773,-36.9006471075223],[-73.11952762572432,-36.900421285137895],[-73.11913568969261,-36.900458332736704],[-73.11891024135183,-36.900606773851024],[-73.11883734652876,-36.90087881074033],[-73.11849098605016,-36.900949425752565],[-73.11826309806801,-36.90078157406916],[-73.1178806859692,-36.90072454516494],[-73.11757029025948,-36.90119230866955],[-73.11687944864865,-36.9013686186835],[-73.11665408060293,-36.90124754730592]]]}},{"type":"Feature","properties":{"comuna":"SanPedroDeLaPaz","zona":"ZRR","zona_code":"ZRR","nombre":"ZRR Zona de riesgo de remocion en masa","decreto":"Publicacion PRC San Pedro de la Paz. Decreto Alc. N°310. Fecha de promulgacion 10.03.2011. Fecha de publicacion D.O. 24.03.2011."},"geometry":{"type":"Polygon","coordinates":[[[-73.12202529346878,-36.90345139959999],[-73.12206643407538,-36.90367333711919],[-73.12234606469929,-36.903988782542804],[-73.12223405945286,-36.90434713291686],[-73.12202506127026,-36.90453016128671],[-73.12052785113923,-36.904634915373265],[-73.12023569027205,-36.90442535923574],[-73.12017609399626,-36.90413155966516],[-73.1204610783505,-36.90380162118924],[-73.1204079669527,-36.904102266286635],[-73.120508874648,-36.904418065487505],[-73.12079491110262,-36.904446210706425],[-73.12185493069431,-36.90421603663481],[-73.12199063909195,-36.90402676715195],[-73.12199114644099,-36.90390078487402],[-73.12183716222599,-36.90375087846332],[-73.12185809643145,-36.90359782173476],[-73.12202529346878,-36.90345139959999]]]}},{"type":"Feature","properties":{"comuna":"SanPedroDeLaPaz","zona":"ZRR","zona_code":"ZRR","nombre":"ZRR Zona de riesgo de remocion en masa","decreto":"Publicacion PRC San Pedro de la Paz. Decreto Alc. N°310. Fecha de promulgacion 10.03.2011. Fecha de publicacion D.O. 24.03.2011."},"geometry":{"type":"Polygon","coordinates":[[[-73.12692908876411,-36.90029874293019],[-73.12689541730968,-36.90089165347351],[-73.12701081950078,-36.901678576549735],[-73.12737925862903,-36.90201728409491],[-73.12800862025088,-36.90205396999194],[-73.1276480322071,-36.90226645034639],[-73.12714087647055,-36.90219621714248],[-73.12677593293378,-36.90178708149607],[-73.1266953377411,-36.90110440525833],[-73.12648806926899,-36.9006429127327],[-73.12692908876411,-36.90029874293019]]]}},{"type":"Feature","properties":{"comuna":"SanPedroDeLaPaz","zona":"ZRR","zona_code":"ZRR","nombre":"ZRR Zona de riesgo de remocion en masa","decreto":"Publicacion PRC San Pedro de la Paz. Decreto Alc. N°310. Fecha de promulgacion 10.03.2011. Fecha de publicacion D.O. 24.03.2011."},"geometry":{"type":"Polygon","coordinates":[[[-73.12717675542297,-36.89975111554056],[-73.12647269318624,-36.89995210846091],[-73.12615739062608,-36.89992206605465],[-73.12585478579557,-36.89972167493694],[-73.12574436253058,-36.89943257560066],[-73.12602741211776,-36.89927040071471],[-73.12700567091012,-36.8990137325551],[-73.12729976932897,-36.89878599172474],[-73.12715307045207,-36.89944728205924],[-73.12717675542297,-36.89975111554056]]]}},{"type":"Feature","properties":{"comuna":"SanPedroDeLaPaz","zona":"ZRR","zona_code":"ZRR","nombre":"ZRR Zona de riesgo de remocion en masa","decreto":"Publicacion PRC San Pedro de la Paz. Decreto Alc. N°310. Fecha de promulgacion 10.03.2011. Fecha de publicacion D.O. 24.03.2011."},"geometry":{"type":"Polygon","coordinates":[[[-73.12691073934447,-36.89860618693252],[-73.12564858736226,-36.89873870975028],[-73.12560722147539,-36.89824214927763],[-73.12629204489319,-36.89781992915349],[-73.12639879332306,-36.89749983990739],[-73.12626016506651,-36.89736405182501],[-73.12554404219706,-36.89761159639076],[-73.12510972967073,-36.89753881888115],[-73.12507590696089,-36.897317360891066],[-73.12555843424158,-36.89693147355454],[-73.1252526610167,-36.89680735588929],[-73.12484647180985,-36.89698552867178],[-73.12460878031172,-36.89677115942681],[-73.12460829577839,-36.89595021080326],[-73.12482477109359,-36.89617703577727],[-73.1252255080991,-36.89630371068558],[-73.1257035276374,-36.89624021416462],[-73.12584152213721,-36.89636430813315],[-73.12588893489544,-36.89670247005895],[-73.12608512139819,-36.89709404453263],[-73.12653585898758,-36.8973361512815],[-73.1266358476627,-36.89756702488318],[-73.12664961761926,-36.89836334355079],[-73.12691073934447,-36.89860618693252]]]}},{"type":"Feature","properties":{"comuna":"SanPedroDeLaPaz","zona":"ZRR","zona_code":"ZRR","nombre":"ZRR Zona de riesgo de remocion en masa","decreto":"Publicacion PRC San Pedro de la Paz. Decreto Alc. N°310. Fecha de promulgacion 10.03.2011. Fecha de publicacion D.O. 24.03.2011."},"geometry":{"type":"Polygon","coordinates":[[[-73.12134137536775,-36.89779797552369],[-73.12214622333916,-36.898046103806536],[-73.12305349663376,-36.898096593577634],[-73.12345644734017,-36.89826420969708],[-73.1237805372854,-36.89859275281641],[-73.12376398763595,-36.898962433718125],[-73.1234818471724,-36.8992769004207],[-73.12318331588386,-36.899287278036844],[-73.1228433366433,-36.899205355227714],[-73.12257049738609,-36.89901563915142],[-73.12232293576048,-36.89902424337487],[-73.12250363847272,-36.89926403312154],[-73.1223680964793,-36.89945622545905],[-73.12214363687869,-36.89948746164952],[-73.12053899364103,-36.89922098298775],[-73.1181422328579,-36.89914603318636],[-73.11778112867188,-36.898807040574134],[-73.11738290560099,-36.89872712293451],[-73.11725444660951,-36.8985089472043],[-73.11756021164372,-36.89802303573596],[-73.11874652516347,-36.89864975364966],[-73.12043191357421,-36.89879041801253],[-73.12112068522461,-36.89911801743413],[-73.121472076077,-36.899140961064454],[-73.12172537953668,-36.898968112290945],[-73.12199016457183,-36.89846677110304],[-73.12191427314107,-36.8981413142089],[-73.12134137536775,-36.89779797552369]]]}},{"type":"Feature","properties":{"comuna":"SanPedroDeLaPaz","zona":"ZRR","zona_code":"ZRR","nombre":"ZRR Zona de riesgo de remocion en masa","decreto":"Publicacion PRC San Pedro de la Paz. Decreto Alc. N°310. Fecha de promulgacion 10.03.2011. Fecha de publicacion D.O. 24.03.2011."},"geometry":{"type":"Polygon","coordinates":[[[-73.12424109768536,-36.895904390272065],[-73.1241833941124,-36.89645785736409],[-73.12426370539029,-36.896865181418924],[-73.12390091535333,-36.89690123073341],[-73.12297475098688,-36.89649987519461],[-73.12273104660466,-36.89630914626733],[-73.12256400170178,-36.89591655249124],[-73.12275274429277,-36.89562876986291],[-73.1232851895936,-36.89549235372202],[-73.12310912108556,-36.8957445441782],[-73.12327490662042,-36.89611374513302],[-73.1236047228612,-36.89627804374914],[-73.12384975367691,-36.89622265507092],[-73.12424109768536,-36.895904390272065]]]}},{"type":"Feature","properties":{"comuna":"SanPedroDeLaPaz","zona":"ZRR","zona_code":"ZRR","nombre":"ZRR Zona de riesgo de remocion en masa","decreto":"Publicacion PRC San Pedro de la Paz. Decreto Alc. N°310. Fecha de promulgacion 10.03.2011. Fecha de publicacion D.O. 24.03.2011."},"geometry":{"type":"Polygon","coordinates":[[[-73.11945103499016,-36.897101995601815],[-73.11905722684612,-36.89710395391256],[-73.11825135534264,-36.89676868944444],[-73.11758464449764,-36.8968504232359],[-73.11691927904786,-36.8966860362926],[-73.11632789454164,-36.89681201963129],[-73.11502557115037,-36.89674003084884],[-73.11666830130149,-36.89615646764098],[-73.11743748380844,-36.89635240546598],[-73.11930268262572,-36.89631108017723],[-73.11946026668659,-36.89652824305018],[-73.11945103499016,-36.897101995601815]]]}},{"type":"Feature","properties":{"comuna":"SanPedroDeLaPaz","zona":"ZRR","zona_code":"ZRR","nombre":"ZRR Zona de riesgo de remocion en masa","decreto":"Publicacion PRC San Pedro de la Paz. Decreto Alc. N°310. Fecha de promulgacion 10.03.2011. Fecha de publicacion D.O. 24.03.2011."},"geometry":{"type":"Polygon","coordinates":[[[-73.11725952371481,-36.89785770938758],[-73.1169790626157,-36.89840718763933],[-73.11664727303811,-36.89847729203227],[-73.11640735153199,-36.898356724055205],[-73.11629598204846,-36.89757477414334],[-73.11655738475424,-36.89782349122809],[-73.11697142313399,-36.89792629719396],[-73.11725952371481,-36.89785770938758]]]}},{"type":"Feature","properties":{"comuna":"SanPedroDeLaPaz","zona":"ZRR","zona_code":"ZRR","nombre":"ZRR Zona de riesgo de remocion en masa","decreto":"Publicacion PRC San Pedro de la Paz. Decreto Alc. N°310. Fecha de promulgacion 10.03.2011. Fecha de publicacion D.O. 24.03.2011."},"geometry":{"type":"Polygon","coordinates":[[[-73.1159040584694,-36.89761180963884],[-73.1158850817234,-36.898140494971756],[-73.11558870769099,-36.898326543522984],[-73.11441238929554,-36.898156435215604],[-73.11309802662902,-36.897521662768455],[-73.11554251595233,-36.897671225251194],[-73.1159040584694,-36.89761180963884]]]}},{"type":"Feature","properties":{"comuna":"SanPedroDeLaPaz","zona":"ZRR","zona_code":"ZRR","nombre":"ZRR Zona de riesgo de remocion en masa","decreto":"Publicacion PRC San Pedro de la Paz. Decreto Alc. N°310. Fecha de promulgacion 10.03.2011. Fecha de publicacion D.O. 24.03.2011."},"geometry":{"type":"Polygon","coordinates":[[[-73.11158574702762,-36.89680072688463],[-73.1121610723674,-36.89780095213792],[-73.11220905477784,-36.898150818806556],[-73.11207725922506,-36.898413176909756],[-73.11164352454303,-36.898486800564214],[-73.11100853614529,-36.89834476282605],[-73.11033825316821,-36.89781726122635],[-73.1099591707601,-36.8969391209924],[-73.11058889852048,-36.897526619507914],[-73.11126442396562,-36.89760866587583],[-73.11150255820887,-36.8974246468479],[-73.11158574702762,-36.89680072688463]]]}},{"type":"Feature","properties":{"comuna":"SanPedroDeLaPaz","zona":"ZRR","zona_code":"ZRR","nombre":"ZRR Zona de riesgo de remocion en masa","decreto":"Publicacion PRC San Pedro de la Paz. Decreto Alc. N°310. Fecha de promulgacion 10.03.2011. Fecha de publicacion D.O. 24.03.2011."},"geometry":{"type":"Polygon","coordinates":[[[-73.12909234762466,-36.898074007831646],[-73.12880205132944,-36.898101689656144],[-73.12850260327868,-36.89795978414128],[-73.12821944118743,-36.89703808984563],[-73.12705814874077,-36.89592944340774],[-73.12689776101794,-36.89539015469955],[-73.12699498907864,-36.89516413802764],[-73.12732483409872,-36.89519367268912],[-73.12782810598827,-36.89546324135711],[-73.1282455647855,-36.895899840924564],[-73.12870804765889,-36.89595404900429],[-73.12885211017084,-36.89578498865484],[-73.12852633782954,-36.89420859257877],[-73.12793980377184,-36.894018088397196],[-73.12774106824205,-36.89371448815216],[-73.12718939245514,-36.89335872047528],[-73.12611641278532,-36.8928043094175],[-73.12567421711937,-36.89272009016817],[-73.12627510559207,-36.89250072243381],[-73.12716606707953,-36.89306146574984],[-73.12777445871643,-36.89311645987181],[-73.1278940781327,-36.893305638467716],[-73.12769715923693,-36.89344138451959],[-73.12801617093582,-36.89381110513867],[-73.12863248059016,-36.89387753764321],[-73.12887551172129,-36.894326064926084],[-73.12910571827176,-36.8957534578205],[-73.12885397365629,-36.89622506572634],[-73.12821072866065,-36.89620058451616],[-73.12799392796414,-36.895967918991644],[-73.12773310378213,-36.89586567826922],[-73.12753649387749,-36.8960072729678],[-73.12767065377632,-36.896330696916095],[-73.12857339373411,-36.89683828889106],[-73.12871644152091,-36.897055944439714],[-73.12903204866716,-36.89709182890402],[-73.12917897641398,-36.8968406441953],[-73.1293603473067,-36.896957364911344],[-73.12934121062338,-36.89781927478765],[-73.12920476417035,-36.8978591779152],[-73.12909234762466,-36.898074007831646]]]}},{"type":"Feature","properties":{"comuna":"SanPedroDeLaPaz","zona":"ZRR","zona_code":"ZRR","nombre":"ZRR Zona de riesgo de remocion en masa","decreto":"Publicacion PRC San Pedro de la Paz. Decreto Alc. N°310. Fecha de promulgacion 10.03.2011. Fecha de publicacion D.O. 24.03.2011."},"geometry":{"type":"Polygon","coordinates":[[[-73.12410522067914,-36.89487210548626],[-73.12354208247972,-36.89498029780373],[-73.12321724716516,-36.895179071958545],[-73.12276772333706,-36.895229849575514],[-73.12258864102394,-36.894884545429704],[-73.12269575169776,-36.8944355526568],[-73.12266613626312,-36.893885853654815],[-73.1231397331755,-36.89374049782264],[-73.12357720615496,-36.89373700819584],[-73.12352217817663,-36.893528004499885],[-73.1225573448661,-36.893491234943184],[-73.1224136909196,-36.893261875115336],[-73.1223948595645,-36.89264149434723],[-73.12203734346195,-36.89196257868599],[-73.1222489017937,-36.89155682710707],[-73.12266644302161,-36.89131894928106],[-73.12264544127717,-36.89174151365412],[-73.12285413015165,-36.89263651856949],[-73.12313702692938,-36.893013366867656],[-73.12358836159851,-36.893267183243616],[-73.1238715800414,-36.89364987818639],[-73.1235849461153,-36.89428673554271],[-73.1235845652365,-36.89455039530271],[-73.12374089630532,-36.89474415975596],[-73.12410522067914,-36.89487210548626]]]}},{"type":"Feature","properties":{"comuna":"SanPedroDeLaPaz","zona":"ZRR","zona_code":"ZRR","nombre":"ZRR Zona de riesgo de remocion en masa","decreto":"Publicacion PRC San Pedro de la Paz. Decreto Alc. N°310. Fecha de promulgacion 10.03.2011. Fecha de publicacion D.O. 24.03.2011."},"geometry":{"type":"Polygon","coordinates":[[[-73.12098402902086,-36.89414277177005],[-73.12103093738384,-36.89393022484334],[-73.1198923055834,-36.89283316615121],[-73.11992024815216,-36.892539254504435],[-73.11973166115027,-36.892288016363175],[-73.11915504131022,-36.891874488372586],[-73.11857267856347,-36.89162520390252],[-73.11823093555482,-36.89123866813725],[-73.11736994409385,-36.89123340404496],[-73.11647452195031,-36.89194410466011],[-73.11587678842895,-36.892222634411716],[-73.11549693657308,-36.89221237876589],[-73.11651343851479,-36.8916505446041],[-73.11729551438889,-36.891002366441406],[-73.11774564773506,-36.89096330636775],[-73.11848834474087,-36.890668016439584],[-73.11881686773205,-36.89080893990652],[-73.11887691642856,-36.89111151308392],[-73.11919340019476,-36.89129972384591],[-73.11970901815803,-36.89139313487541],[-73.11995490240632,-36.89162480729193],[-73.12014372389815,-36.89215140107939],[-73.12013978955565,-36.892620243800735],[-73.12129042590082,-36.89380476509584],[-73.12098402902086,-36.89414277177005]]]}},{"type":"Feature","properties":{"comuna":"SanPedroDeLaPaz","zona":"ZRR","zona_code":"ZRR","nombre":"ZRR Zona de riesgo de remocion en masa","decreto":"Publicacion PRC San Pedro de la Paz. Decreto Alc. N°310. Fecha de promulgacion 10.03.2011. Fecha de publicacion D.O. 24.03.2011."},"geometry":{"type":"Polygon","coordinates":[[[-73.1182901333091,-36.894236331358144],[-73.11795215350625,-36.89391997098183],[-73.11709301912856,-36.89394979355672],[-73.11662255389243,-36.8941536038405],[-73.11576215833853,-36.89416002546967],[-73.11695342040736,-36.89359212352746],[-73.1182421995937,-36.8932778802363],[-73.11898353261128,-36.89336345847462],[-73.11920695069236,-36.893584194224985],[-73.11918691580995,-36.89388954873495],[-73.119019416436,-36.89403011831047],[-73.1182901333091,-36.894236331358144]]]}},{"type":"Feature","properties":{"comuna":"SanPedroDeLaPaz","zona":"ZRR","zona_code":"ZRR","nombre":"ZRR Zona de riesgo de remocion en masa","decreto":"Publicacion PRC San Pedro de la Paz. Decreto Alc. N°310. Fecha de promulgacion 10.03.2011. Fecha de publicacion D.O. 24.03.2011."},"geometry":{"type":"Polygon","coordinates":[[[-73.11921673606766,-36.893020674774064],[-73.1180210309639,-36.8929633236603],[-73.11772378103043,-36.8929970776287],[-73.11742617279315,-36.89315973857175],[-73.11706150650332,-36.89316067780975],[-73.11674704860067,-36.89294236501101],[-73.11804624529614,-36.89268635113739],[-73.11894455953838,-36.89284264400073],[-73.11921673606766,-36.893020674774064]]]}},{"type":"Feature","properties":{"comuna":"SanPedroDeLaPaz","zona":"ZRR","zona_code":"ZRR","nombre":"ZRR Zona de riesgo de remocion en masa","decreto":"Publicacion PRC San Pedro de la Paz. Decreto Alc. N°310. Fecha de promulgacion 10.03.2011. Fecha de publicacion D.O. 24.03.2011."},"geometry":{"type":"Polygon","coordinates":[[[-73.11651145830778,-36.89317317611151],[-73.1165144172703,-36.893431594185834],[-73.11508122054136,-36.89390901772258],[-73.1149491747616,-36.89403077465664],[-73.11425560836628,-36.894019680173926],[-73.11393943914389,-36.89383730459227],[-73.11370529636723,-36.893552483300944],[-73.11359224272343,-36.893145552899384],[-73.1143600321364,-36.893587630994816],[-73.11509440001144,-36.89367933394754],[-73.11611443085523,-36.893386154439014],[-73.11651145830778,-36.89317317611151]]]}},{"type":"Feature","properties":{"comuna":"SanPedroDeLaPaz","zona":"ZRR","zona_code":"ZRR","nombre":"ZRR Zona de riesgo de remocion en masa","decreto":"Publicacion PRC San Pedro de la Paz. Decreto Alc. N°310. Fecha de promulgacion 10.03.2011. Fecha de publicacion D.O. 24.03.2011."},"geometry":{"type":"Polygon","coordinates":[[[-73.12682302788345,-36.89238132850786],[-73.12765390723003,-36.89263950085885],[-73.12819298482331,-36.892626599498755],[-73.12828891940616,-36.89251194409097],[-73.1282412097444,-36.892033182430154],[-73.12839919754732,-36.891851919834714],[-73.12867806517212,-36.89188322514356],[-73.12906589540367,-36.89150062124109],[-73.12911059598707,-36.89111238502577],[-73.12836365141393,-36.89065210223898],[-73.12817346548727,-36.89037163915094],[-73.12766055572918,-36.889381773100816],[-73.12749642411228,-36.8886375574902],[-73.12690899140325,-36.888429501886925],[-73.12661308298655,-36.88821716146803],[-73.12671537719963,-36.88794995654671],[-73.12769221620967,-36.8879401380407],[-73.12779726543435,-36.88812982260988],[-73.12773768306256,-36.888512718788704],[-73.12782622805653,-36.888937330234796],[-73.12805057564502,-36.88931034571463],[-73.12828720181187,-36.89004617948829],[-73.12930759231797,-36.890707861026286],[-73.12939554051398,-36.890986021963066],[-73.12928878860988,-36.891440865987434],[-73.1288781007531,-36.892210946672094],[-73.12863150867072,-36.892237106762316],[-73.12866497478957,-36.892722222651685],[-73.12839525420607,-36.89286050396348],[-73.12800336351005,-36.89289757763251],[-73.12750355143103,-36.892827088322775],[-73.12704902740806,-36.89264956228997],[-73.12682302788345,-36.89238132850786]]]}},{"type":"Feature","properties":{"comuna":"SanPedroDeLaPaz","zona":"ZRR","zona_code":"ZRR","nombre":"ZRR Zona de riesgo de remocion en masa","decreto":"Publicacion PRC San Pedro de la Paz. Decreto Alc. N°310. Fecha de promulgacion 10.03.2011. Fecha de publicacion D.O. 24.03.2011."},"geometry":{"type":"Polygon","coordinates":[[[-73.12248604061982,-36.89121976006047],[-73.1218719259147,-36.891464468249744],[-73.1216388758687,-36.8917420716991],[-73.12128562977068,-36.89168403995483],[-73.12044887595015,-36.891045202732855],[-73.12021157144126,-36.890701916584575],[-73.12027941758556,-36.89033631314864],[-73.120478231838,-36.89023566545186],[-73.12122083344457,-36.890209868492846],[-73.12142787161427,-36.89012651044887],[-73.12146067036622,-36.889990618396695],[-73.1213622466135,-36.889923732139486],[-73.12027778439797,-36.88996726405612],[-73.120047999919,-36.88989908029882],[-73.11997019951433,-36.889673287972194],[-73.12009278600587,-36.889376089783],[-73.12094017671225,-36.88926463081289],[-73.12130836200322,-36.88905849927241],[-73.12110360648656,-36.88891328344066],[-73.120388879551,-36.888914675925264],[-73.12022281121737,-36.888539620444796],[-73.12037042358577,-36.888165387929526],[-73.12035421231971,-36.88732228056997],[-73.12069625986531,-36.88663077559202],[-73.12092229584177,-36.88649402968296],[-73.12243717599186,-36.88645311289975],[-73.12096592022708,-36.88710109955279],[-73.12091389764556,-36.88748958887772],[-73.12098261382296,-36.88849491860886],[-73.12158518722661,-36.888848948904574],[-73.1216984476004,-36.88905593061703],[-73.1214229811722,-36.889358442671075],[-73.12144061565361,-36.88968592440938],[-73.12176213689752,-36.889967693273434],[-73.12160056165179,-36.89048888371173],[-73.12163653730016,-36.8908860329512],[-73.12185613838605,-36.891171343627576],[-73.12248604061982,-36.89121976006047]]]}},{"type":"Feature","properties":{"comuna":"SanPedroDeLaPaz","zona":"ZRQ","zona_code":"ZRQ","nombre":"ZRQ Zona de riesgo por drenajes y quebradas","decreto":"Publicacion PRC San Pedro de la Paz. Decreto Alc. N°310. Fecha de promulgacion 10.03.2011. Fecha de publicacion D.O. 24.03.2011."},"geometry":{"type":"Polygon","coordinates":[[[-73.11449552354631,-36.913027646046466],[-73.11417397198339,-36.913289265930096],[-73.1141697756558,-36.913753722828254],[-73.11164774107226,-36.91298579813649],[-73.11163076275655,-36.91267000986824],[-73.11200191255168,-36.91251653069199],[-73.11242807731358,-36.91257205999405],[-73.1134981628463,-36.912933349007126],[-73.11449552354631,-36.913027646046466]]]}},{"type":"Feature","properties":{"comuna":"SanPedroDeLaPaz","zona":"ZRQ","zona_code":"ZRQ","nombre":"ZRQ Zona de riesgo por drenajes y quebradas","decreto":"Publicacion PRC San Pedro de la Paz. Decreto Alc. N°310. Fecha de promulgacion 10.03.2011. Fecha de publicacion D.O. 24.03.2011."},"geometry":{"type":"Polygon","coordinates":[[[-73.12023569027205,-36.90442535923574],[-73.11995153147555,-36.90419501931412],[-73.11963306229077,-36.90410648114874],[-73.11925788420952,-36.90374381501999],[-73.1198561674525,-36.90401597562509],[-73.12006440043581,-36.90375095483182],[-73.12035157529286,-36.90366481446544],[-73.1204610783505,-36.90380162118924],[-73.12017609399626,-36.90413155966516],[-73.12023569027205,-36.90442535923574]]]}},{"type":"Feature","properties":{"comuna":"SanPedroDeLaPaz","zona":"ZRQ","zona_code":"ZRQ","nombre":"ZRQ Zona de riesgo por drenajes y quebradas","decreto":"Publicacion PRC San Pedro de la Paz. Decreto Alc. N°310. Fecha de promulgacion 10.03.2011. Fecha de publicacion D.O. 24.03.2011."},"geometry":{"type":"Polygon","coordinates":[[[-73.11905041399518,-36.90354889156029],[-73.11845479865895,-36.903766577625106],[-73.11824906224938,-36.90360381504769],[-73.11751880129788,-36.9033530719554],[-73.11816464669712,-36.903357014556924],[-73.11849718187074,-36.903503655959646],[-73.11869967271943,-36.903402883562755],[-73.11884286754129,-36.903081534162425],[-73.11901093493755,-36.90322216840166],[-73.11905041399518,-36.90354889156029]]]}},{"type":"Feature","properties":{"comuna":"SanPedroDeLaPaz","zona":"ZRQ","zona_code":"ZRQ","nombre":"ZRQ Zona de riesgo por drenajes y quebradas","decreto":"Publicacion PRC San Pedro de la Paz. Decreto Alc. N°310. Fecha de promulgacion 10.03.2011. Fecha de publicacion D.O. 24.03.2011."},"geometry":{"type":"Polygon","coordinates":[[[-73.08190842134373,-36.92044029807827],[-73.0809594652153,-36.91988706886136],[-73.08031975632287,-36.91993251592201],[-73.08006982757392,-36.919624735554954],[-73.08005297529034,-36.91930893500838],[-73.08064065557652,-36.918562212629574],[-73.08039635585148,-36.91753945434643],[-73.08042965575339,-36.917069597148824],[-73.08096800187501,-36.915398866751964],[-73.080878940509,-36.91509726929969],[-73.08040969932422,-36.915054825154385],[-73.07871271102594,-36.9155233219976],[-73.0785865762928,-36.916441647436585],[-73.07829711608338,-36.91648675489429],[-73.07771823196957,-36.915756721892606],[-73.07732992612698,-36.91586381459907],[-73.07715196671013,-36.91663158927261],[-73.07683480857108,-36.916807273927496],[-73.07663426482674,-36.91578300151064],[-73.07622810239559,-36.91528137902262],[-73.07702555803189,-36.91436341485102],[-73.07733338613309,-36.914355028941834],[-73.07770023687637,-36.91452990180648],[-73.07812108129899,-36.914896258940544],[-73.07847639715467,-36.91485474651284],[-73.07866274673204,-36.91465499400855],[-73.07864081739105,-36.91397025739719],[-73.07885640704409,-36.91363474493933],[-73.07923824404818,-36.91368020152085],[-73.0800021163372,-36.9143218394884],[-73.08055438093622,-36.91427940293612],[-73.08067944587073,-36.91388841357312],[-73.08030614448202,-36.91345598165818],[-73.07972434338414,-36.91321820506292],[-73.07959596000894,-36.9129999831788],[-73.07978553133705,-36.91272395308815],[-73.08071774500678,-36.912691882038416],[-73.08133595979675,-36.91251827750442],[-73.08140462770521,-36.91216438174092],[-73.08122380675704,-36.911783916935924],[-73.0812951815572,-36.911207289761506],[-73.08156505897502,-36.91106910677719],[-73.08212063273308,-36.91163587486777],[-73.08256072245283,-36.91167931590099],[-73.08285785856793,-36.911505038000705],[-73.08332373573266,-36.9109382644107],[-73.08495608202783,-36.91035475361581],[-73.08501329019902,-36.910059839255204],[-73.0843122575799,-36.90922858531519],[-73.08411936382262,-36.90889541210334],[-73.08410374955265,-36.90860300522172],[-73.08436342071568,-36.90854719253453],[-73.08533825654324,-36.90904091793594],[-73.08573526217789,-36.909097548923626],[-73.08664992599611,-36.90873793871035],[-73.0867570711028,-36.908558480593214],[-73.08672500823552,-36.90823148773661],[-73.08625100142719,-36.90782598012105],[-73.08610242233244,-36.907503001407484],[-73.08566754961538,-36.90728362732163],[-73.08522455790383,-36.90691220042952],[-73.08537352467988,-36.906696149282055],[-73.08584166133764,-36.90644566839945],[-73.08621085999216,-36.90546989514861],[-73.08660741481188,-36.90524531329335],[-73.08753952875108,-36.90521319392906],[-73.08794020427463,-36.9045197542119],[-73.08807746987819,-36.903811957455595],[-73.08855889315068,-36.90353757268489],[-73.08926296372128,-36.903607042981726],[-73.08958086959768,-36.90354921173014],[-73.08957373192474,-36.90286982770996],[-73.08998813449313,-36.90243370008172],[-73.09003263235545,-36.902174374933466],[-73.09045828594225,-36.90194877672884],[-73.09060803357042,-36.90147490214138],[-73.09108943195545,-36.901200509913714],[-73.09126204689859,-36.900608667054755],[-73.09190944074955,-36.900164497024925],[-73.09191332220202,-36.8992481808593],[-73.09213632201019,-36.89905300364075],[-73.0925041517643,-36.89911062008304],[-73.0931129529233,-36.899581758675005],[-73.09346872461363,-36.899686659090484],[-73.09423994355672,-36.899648323379395],[-73.09490813293088,-36.89932059608444],[-73.09610355287046,-36.899302756000665],[-73.09658867513393,-36.89909851870132],[-73.09664144983455,-36.89872172827772],[-73.09630995536291,-36.89825275046658],[-73.09585867033708,-36.897998825765875],[-73.09530403377397,-36.89799454132121],[-73.09392102591846,-36.89832350787628],[-73.09329419660541,-36.89833342292528],[-73.09280548884433,-36.898197955476824],[-73.09276322468092,-36.897953340559305],[-73.0929470824967,-36.89757203023079],[-73.09341326103059,-36.89728643532344],[-73.09483147127007,-36.897342944343485],[-73.09536215166212,-36.897172292975284],[-73.09658353061373,-36.8970949640628],[-73.09668625450226,-36.89683362615066],[-73.09652685367452,-36.896581341625236],[-73.09589394301506,-36.896204794102765],[-73.09506279863015,-36.89594054743999],[-73.09468434317913,-36.895684104518274],[-73.09468388441618,-36.8954028930051],[-73.09520499724978,-36.89532631610466],[-73.09783512568836,-36.89621977323996],[-73.09888612166671,-36.896230331929104],[-73.10019843078913,-36.89539988961473],[-73.10066235197958,-36.89452845930839],[-73.10201202770276,-36.89357952926673],[-73.10264940473431,-36.89267865876488],[-73.10318142546672,-36.892261854277756],[-73.10423326101201,-36.89174504104495],[-73.10486343085496,-36.89125452768845],[-73.10546962060751,-36.890589075912175],[-73.10569784049085,-36.88994842086272],[-73.10530607805094,-36.8897159078333],[-73.10352684725359,-36.890269612996484],[-73.10204662364013,-36.89041454964599],[-73.10141533220408,-36.89061214426588],[-73.10098148145103,-36.89095524031865],[-73.10009672876288,-36.89268489380384],[-73.09954526444513,-36.89273910663699],[-73.09914019545106,-36.892530468098656],[-73.09913909533029,-36.89223756309739],[-73.09980326577285,-36.89101940168177],[-73.09997672290282,-36.88990022320241],[-73.10025102823778,-36.88957436322147],[-73.1005759072563,-36.889375650208834],[-73.10140979175381,-36.88914762034094],[-73.10250924478572,-36.88951972332289],[-73.10357784284454,-36.88958822124314],[-73.10406678135419,-36.88918462191413],[-73.1040520442383,-36.888909765986824],[-73.10387267847648,-36.88869333506474],[-73.10274989416693,-36.888158004354864],[-73.10218968972333,-36.888048482637],[-73.10133019759584,-36.887662222224634],[-73.1003430259929,-36.88693469474477],[-73.09985014890431,-36.88644786806697],[-73.09982195884263,-36.88592154439713],[-73.10027460016047,-36.88575942856742],[-73.10036085992745,-36.885463503796636],[-73.10072424037851,-36.88543922542515],[-73.100854210523,-36.8862315380892],[-73.10120100644924,-36.88644218648249],[-73.10146309437842,-36.886433125225565],[-73.10172986130779,-36.88596691074761],[-73.10194122769636,-36.88610021448961],[-73.10201812802748,-36.886718594666206],[-73.10225847448294,-36.88712040376745],[-73.10294267998866,-36.88736624911897],[-73.10320477104698,-36.88735718410344],[-73.10325047345569,-36.88712124863454],[-73.10318937736203,-36.886525759101296],[-73.10306098191936,-36.88630756306672],[-73.10307380178047,-36.88600245882171],[-73.10351186667306,-36.88601074221456],[-73.10409905588376,-36.88655580911905],[-73.10457561414,-36.88823399459602],[-73.10482903872266,-36.88847129721777],[-73.10603544139883,-36.88893340788364],[-73.10672105650225,-36.888933109720895],[-73.10651688549763,-36.88961394545301],[-73.10653765788767,-36.88986515656527],[-73.10692911050216,-36.89009181737771],[-73.1067287047689,-36.89084282980288],[-73.1072306301915,-36.891768726741425],[-73.10704315152171,-36.891945124571784],[-73.10666656585967,-36.89172380793001],[-73.10655208421416,-36.89149341718629],[-73.10620957904277,-36.89149941556711],[-73.1061474405888,-36.89170076685867],[-73.10544742221919,-36.891976926891026],[-73.10525008449288,-36.892241546260266],[-73.10476816694863,-36.89250429473155],[-73.1044555879152,-36.89279633619103],[-73.1042838506146,-36.8931303737698],[-73.10429005594366,-36.89338208985723],[-73.10457360757462,-36.89458872268566],[-73.10426742574451,-36.89472821166391],[-73.10370841975164,-36.893791826746025],[-73.10332667590298,-36.89374644411972],[-73.10248292288473,-36.894607585569695],[-73.1021173359021,-36.895135808191185],[-73.10087989086534,-36.89572932879554],[-73.10072269616194,-36.89606285873859],[-73.10080413747826,-36.89649359904055],[-73.10107739948853,-36.896964578315675],[-73.10209432818857,-36.89797229029242],[-73.10231952630215,-36.898362904150076],[-73.10230545160141,-36.8986446155275],[-73.10203690985718,-36.89880623320338],[-73.10175457340176,-36.89871053753762],[-73.100521852944,-36.89748764578359],[-73.09983615816037,-36.89748791310788],[-73.09951783940248,-36.898354308201625],[-73.09919089119089,-36.89878744536469],[-73.09827375096508,-36.89936987083154],[-73.09813939762508,-36.89958543126006],[-73.09793332758356,-36.900096412849614],[-73.09788682288367,-36.900590164670575],[-73.09800818657884,-36.900949220421154],[-73.09864209912362,-36.90188817039952],[-73.09877600190026,-36.90248114690809],[-73.09853844729453,-36.902676839954296],[-73.09766024558571,-36.90262515878253],[-73.09736318042374,-36.90279946876763],[-73.09723383036355,-36.90310859819628],[-73.09730711998435,-36.90338729168049],[-73.0980397091375,-36.904533754933865],[-73.09828463821383,-36.904747928287016],[-73.09950934572478,-36.90690853491875],[-73.09949651570368,-36.907213638338604],[-73.09932159495867,-36.90748919209267],[-73.09877330630788,-36.9073323747706],[-73.09847715370752,-36.90697935992106],[-73.09804787321868,-36.90577555081161],[-73.09760436192737,-36.90512296352899],[-73.09671877200653,-36.904661411470634],[-73.0961254161656,-36.90366246200198],[-73.09582725111571,-36.90354386364829],[-73.09561129854937,-36.90359819096054],[-73.09540473852515,-36.903827960323305],[-73.09526909558286,-36.90510987657053],[-73.0953296943188,-36.90542416341004],[-73.0955201206627,-36.90571053088349],[-73.0959941578144,-36.90611599982723],[-73.09778480107106,-36.9074016856833],[-73.09781064519373,-36.907611711775075],[-73.09754081028356,-36.90774992848113],[-73.09706910533289,-36.90766076434929],[-73.09596455176748,-36.906925545251916],[-73.09575673210614,-36.907131923667926],[-73.0956571260906,-36.90745174163356],[-73.09572696503022,-36.908210982588095],[-73.09595545710279,-36.90839057499431],[-73.09728633134903,-36.90871957351945],[-73.097472387747,-36.90892406436245],[-73.09764091603076,-36.90989081268913],[-73.09834242167958,-36.91127269918253],[-73.0993655042577,-36.91293640849975],[-73.09937664555754,-36.91341644966347],[-73.09914986548881,-36.91354146494411],[-73.09842283571912,-36.91359002741443],[-73.09804541130802,-36.914716252269955],[-73.09772528789027,-36.915278045594576],[-73.09737994012286,-36.91564150930426],[-73.09711273722179,-36.91555699918871],[-73.09719354353926,-36.914886298764046],[-73.0978823256634,-36.913034537232576],[-73.09804487667468,-36.91225555130183],[-73.0976363974352,-36.91116820016163],[-73.0974686598008,-36.911033382799005],[-73.09717860856156,-36.91106683811477],[-73.09702325037077,-36.91143545424104],[-73.0970289016572,-36.912630466166696],[-73.09659209883799,-36.913465794928776],[-73.09573193791428,-36.91375329379469],[-73.09495712706388,-36.91427219298388],[-73.09373794493098,-36.91548605623474],[-73.0928683180437,-36.91668784388207],[-73.09229247689169,-36.9171420041427],[-73.09185047526614,-36.917063514115455],[-73.09210959388606,-36.91590623534634],[-73.0935238609999,-36.91475815825142],[-73.09479269202583,-36.913109027750366],[-73.09568151224319,-36.91253932165947],[-73.0957981942382,-36.912265784592776],[-73.09578378631416,-36.911996774714616],[-73.0956141707141,-36.91182686614867],[-73.09473779992494,-36.911845408535406],[-73.09424940625509,-36.9119560114648],[-73.09347835725404,-36.912545078582056],[-73.09148857845376,-36.91465378167119],[-73.09119216019494,-36.914578630274804],[-73.09075928392939,-36.91412485273055],[-73.09127986636196,-36.91366088838107],[-73.09139048103411,-36.913000879719256],[-73.0921203580607,-36.91246011730616],[-73.09351964851828,-36.910794781660954],[-73.09374050250246,-36.91001378867788],[-73.09347741231375,-36.90946041774933],[-73.09267087453824,-36.90911328457152],[-73.09145527612404,-36.90875682217974],[-73.09054474643699,-36.908647615690924],[-73.08933630346894,-36.90897051365047],[-73.08836376217262,-36.90879312221198],[-73.08784067305884,-36.908834588197365],[-73.08763138819373,-36.90928707587799],[-73.08825738428673,-36.910624758843305],[-73.08807222577514,-36.910982673831896],[-73.08747879678486,-36.91107343418224],[-73.08693518001971,-36.912369403361986],[-73.08758601663924,-36.91444445242321],[-73.08775800677871,-36.91575091256825],[-73.08824903520933,-36.91729244764521],[-73.08790576485893,-36.918241700521406],[-73.08761505463008,-36.9182634385772],[-73.08739611325666,-36.91798975886641],[-73.08710365031673,-36.916886651417876],[-73.08696192373432,-36.91669233431394],[-73.08665290253668,-36.91664439372521],[-73.08622778483291,-36.91688167980492],[-73.08555755861498,-36.919359641151495],[-73.08573303988999,-36.920185556210164],[-73.08620139011197,-36.92058613214573],[-73.0859754368082,-36.92127354746809],[-73.0856591277764,-36.92126027733885],[-73.0848556159237,-36.92097157777954],[-73.08450643031648,-36.92126483114887],[-73.0842017646129,-36.92129876016622],[-73.08404734338468,-36.92114002965338],[-73.08499225682117,-36.919431844559846],[-73.08555416715882,-36.91656507292465],[-73.08591721886039,-36.915439378123914],[-73.08644048847017,-36.91430816172831],[-73.0864641863296,-36.91393237716194],[-73.08635616504736,-36.913549413747425],[-73.08575665587308,-36.91325368889069],[-73.08546260257395,-36.91266621264692],[-73.08544198285271,-36.91228023645596],[-73.08594942725443,-36.911126132560035],[-73.08597937602808,-36.910867309588895],[-73.08579334445957,-36.910662798802235],[-73.08551347860873,-36.91061385089363],[-73.08521447812313,-36.91075304617676],[-73.08470077724964,-36.9117901851119],[-73.08439845025119,-36.91214041249855],[-73.08398853865474,-36.9123888835849],[-73.08256546818733,-36.91251990249884],[-73.08205920611823,-36.91287714459869],[-73.08182011996006,-36.913318930701706],[-73.08171337345847,-36.913779597742156],[-73.08192625140813,-36.91448705532605],[-73.08227688240349,-36.914767931548404],[-73.08354311441882,-36.91525163906222],[-73.08362906377657,-36.915494753127454],[-73.08352377616471,-36.915709298213116],[-73.08313735511246,-36.91585149796271],[-73.08236658501608,-36.915901467397354],[-73.08221821825464,-36.91612921296868],[-73.08210419474862,-36.91700025245565],[-73.08170424049969,-36.917435858779534],[-73.08155066847738,-36.91783954855425],[-73.082037844236,-36.91931093745684],[-73.08274290542779,-36.919942861994485],[-73.08273001074059,-36.92024796740672],[-73.08236125548038,-36.920448146118574],[-73.08190842134373,-36.92044029807827]]]}},{"type":"Feature","properties":{"comuna":"SanPedroDeLaPaz","zona":"ZRR","zona_code":"ZRR","nombre":"ZRR Zona de riesgo de remocion en masa","decreto":"Publicacion PRC San Pedro de la Paz. Decreto Alc. N°310. Fecha de promulgacion 10.03.2011. Fecha de publicacion D.O. 24.03.2011."},"geometry":{"type":"Polygon","coordinates":[[[-73.12322836351821,-36.88069495891904],[-73.12320023657635,-36.88098521609764],[-73.12389914388261,-36.88191005098772],[-73.12389655438288,-36.8821327760684],[-73.12278808097447,-36.881999201634066],[-73.12292170491993,-36.88177192239808],[-73.12305428575095,-36.880712726458825],[-73.12322836351821,-36.88069495891904]]]}},{"type":"Feature","properties":{"comuna":"SanPedroDeLaPaz","zona":"ZRR","zona_code":"ZRR","nombre":"ZRR Zona de riesgo de remocion en masa","decreto":"Publicacion PRC San Pedro de la Paz. Decreto Alc. N°310. Fecha de promulgacion 10.03.2011. Fecha de publicacion D.O. 24.03.2011."},"geometry":{"type":"Polygon","coordinates":[[[-73.12373281740967,-36.880853189776936],[-73.1243841244203,-36.88102974830531],[-73.12547592183905,-36.88153079685781],[-73.12556586136377,-36.881305034354206],[-73.12550088252833,-36.88036988397941],[-73.12538643108205,-36.879870005787204],[-73.12517448105037,-36.87945554057401],[-73.12516698399753,-36.8790456843565],[-73.12492396502176,-36.878866652039626],[-73.12395805767568,-36.87880649152646],[-73.1238175806553,-36.87863560994009],[-73.12350213104934,-36.877111563245975],[-73.12324330326574,-36.8769096419755],[-73.122839376261,-36.87726349112857],[-73.12274117176848,-36.87760671513586],[-73.1228186324954,-36.87904529369497],[-73.12270453464733,-36.879635141065414],[-73.12234237907279,-36.87995238478782],[-73.12178969549188,-36.880252811456586],[-73.1221945039968,-36.879508590379935],[-73.12230097363042,-36.879047902681364],[-73.12238114572267,-36.87755697603149],[-73.12259274516319,-36.87688171788563],[-73.12296503618896,-36.87648209794761],[-73.1234530858163,-36.87633624192748],[-73.12396192051852,-36.876576344149726],[-73.12435485344204,-36.877101696462404],[-73.12519279941164,-36.877494397197786],[-73.12556954747144,-36.87826051898317],[-73.12579328116603,-36.878352339053436],[-73.12595109291995,-36.87884484944177],[-73.12565100317966,-36.87909549760298],[-73.12547399825725,-36.87946489892055],[-73.1258649075539,-36.87927554012089],[-73.12638901961488,-36.87925731178773],[-73.12640065002789,-36.87960843613122],[-73.12620974910963,-36.87985528702707],[-73.12623118069072,-36.88025294092073],[-73.12658976270316,-36.88027562220834],[-73.12660426242444,-36.88054462243033],[-73.12600861535542,-36.88194216190173],[-73.12599198178802,-36.88271610329961],[-73.12631342715973,-36.883267369307795],[-73.12638295230954,-36.883745373915126],[-73.12611896068873,-36.88385415585507],[-73.12575071462523,-36.883111176503185],[-73.12466416310664,-36.88176041987602],[-73.12373281740967,-36.880853189776936]]]}},{"type":"Feature","properties":{"comuna":"SanPedroDeLaPaz","zona":"ZRR","zona_code":"ZRR","nombre":"ZRR Zona de riesgo de remocion en masa","decreto":"Publicacion PRC San Pedro de la Paz. Decreto Alc. N°310. Fecha de promulgacion 10.03.2011. Fecha de publicacion D.O. 24.03.2011."},"geometry":{"type":"Polygon","coordinates":[[[-73.12134954847293,-36.87668250255763],[-73.12180219147747,-36.87682716287674],[-73.12203347249815,-36.87705933921127],[-73.1220549189358,-36.877322240497236],[-73.12190390528045,-36.87749739354877],[-73.12162127638024,-36.87753064837104],[-73.12128521421897,-36.87738413464937],[-73.12064311719708,-36.87683593484783],[-73.12093617113314,-36.876860908759966],[-73.12134954847293,-36.87668250255763]]]}},{"type":"Feature","properties":{"comuna":"SanPedroDeLaPaz","zona":"ZRR","zona_code":"ZRR","nombre":"ZRR Zona de riesgo de remocion en masa","decreto":"Publicacion PRC San Pedro de la Paz. Decreto Alc. N°310. Fecha de promulgacion 10.03.2011. Fecha de publicacion D.O. 24.03.2011."},"geometry":{"type":"Polygon","coordinates":[[[-73.12034368620364,-36.87696351128543],[-73.12069308140126,-36.87735783246411],[-73.12109434146706,-36.87749622334609],[-73.12120978393213,-36.87774414318544],[-73.12176705787545,-36.87793570124059],[-73.12173086061506,-36.87834707585127],[-73.12205268394597,-36.878499942041465],[-73.12192465172993,-36.87910199043375],[-73.12162214680698,-36.87957900908981],[-73.12138763216893,-36.878473979509494],[-73.12097188890333,-36.87806658637785],[-73.12046179347445,-36.877803080089336],[-73.12034368620364,-36.87696351128543]]]}},{"type":"Feature","properties":{"comuna":"SanPedroDeLaPaz","zona":"ZRR","zona_code":"ZRR","nombre":"ZRR Zona de riesgo de remocion en masa","decreto":"Publicacion PRC San Pedro de la Paz. Decreto Alc. N°310. Fecha de promulgacion 10.03.2011. Fecha de publicacion D.O. 24.03.2011."},"geometry":{"type":"Polygon","coordinates":[[[-73.1214175172623,-36.87651056531433],[-73.12154211066115,-36.87619538796945],[-73.12221689889728,-36.87599618012107],[-73.12216897185091,-36.8753768097586],[-73.12192974776214,-36.87526794551283],[-73.12135813022012,-36.87548700358611],[-73.12107712139,-36.87541474127015],[-73.12092973486715,-36.875115201878536],[-73.12153337914786,-36.87508471282876],[-73.12176134760922,-36.87471354608152],[-73.12216459897692,-36.87448275934662],[-73.12264500655095,-36.87446606638882],[-73.1230019499598,-36.874594273902616],[-73.12324113577841,-36.87483789075494],[-73.12307979587875,-36.87576919256173],[-73.12258278311705,-36.87629032271938],[-73.12181525352251,-36.87652790865354],[-73.1214175172623,-36.87651056531433]]]}},{"type":"Feature","properties":{"comuna":"SanPedroDeLaPaz","zona":"ZRR","zona_code":"ZRR","nombre":"ZRR Zona de riesgo de remocion en masa","decreto":"Publicacion PRC San Pedro de la Paz. Decreto Alc. N°310. Fecha de promulgacion 10.03.2011. Fecha de publicacion D.O. 24.03.2011."},"geometry":{"type":"Polygon","coordinates":[[[-73.11616274282315,-36.8767871388584],[-73.11582035640798,-36.876658405322765],[-73.11561842547451,-36.87670056350597],[-73.11421862340494,-36.877522480824524],[-73.11329692862168,-36.877741923246425],[-73.11172023429454,-36.878394180483106],[-73.11118835376558,-36.87881101460746],[-73.1112664793813,-36.87836450007474],[-73.11164512014157,-36.87808187047332],[-73.11361023036852,-36.877193511834605],[-73.11450101780787,-36.87667047913591],[-73.11490309842878,-36.87628156886748],[-73.11525081407251,-36.8756953420888],[-73.11551411752227,-36.875709643533206],[-73.11607666001349,-36.8761353999089],[-73.11616274282315,-36.8767871388584]]]}},{"type":"Feature","properties":{"comuna":"SanPedroDeLaPaz","zona":"ZRQ","zona_code":"ZRQ","nombre":"ZRQ Zona de riesgo por drenajes y quebradas","decreto":"Publicacion PRC San Pedro de la Paz. Decreto Alc. N°310. Fecha de promulgacion 10.03.2011. Fecha de publicacion D.O. 24.03.2011."},"geometry":{"type":"Polygon","coordinates":[[[-73.10268056274548,-36.91189607864345],[-73.10332595903888,-36.911686268051334],[-73.10389274648838,-36.91164322160391],[-73.10462100626346,-36.91161801882899],[-73.10579626706229,-36.91176482099609],[-73.10630416514427,-36.91171208364701],[-73.10765958555831,-36.91113785170635],[-73.10972844552366,-36.91107789648648],[-73.11063598092632,-36.910858962148986],[-73.11159789475872,-36.91083733603519],[-73.11219191152142,-36.91075815320574],[-73.11251432494952,-36.910512620960795],[-73.11261700716618,-36.91025127137221],[-73.11224282474564,-36.910076764039104],[-73.11062938410402,-36.90992177767333],[-73.11021151381519,-36.90974877810367],[-73.1099608796142,-36.90942936864073],[-73.11033516083292,-36.909334374086264],[-73.11113936006646,-36.90936508897829],[-73.11352461821633,-36.909762807000305],[-73.11434976994043,-36.90964044377094],[-73.11479444321056,-36.90922661672954],[-73.11526716259452,-36.90824936829798],[-73.1149347662658,-36.90752928050064],[-73.11519692296464,-36.90752018459514],[-73.11569075827602,-36.907749118996875],[-73.1162188467306,-36.90780109864283],[-73.11676851127099,-36.90771171434017],[-73.11726629617777,-36.907471800290224],[-73.11784595975344,-36.90658457087693],[-73.11723120781345,-36.90627781853489],[-73.11725979049393,-36.90599560316086],[-73.11879025655378,-36.90596589990841],[-73.1194982157681,-36.905835853789355],[-73.12009351582498,-36.9055105174854],[-73.12022781388171,-36.905294934481375],[-73.12012720243091,-36.90505235947784],[-73.1197663361253,-36.904853977173076],[-73.11893628761541,-36.90461330071979],[-73.11831446024003,-36.904716916955095],[-73.11704599462433,-36.90527653117098],[-73.114542884384,-36.907296804237426],[-73.11330494057474,-36.90784873111288],[-73.1126932395898,-36.90786994356239],[-73.11208729862976,-36.907726906856816],[-73.11160426498633,-36.90742727662646],[-73.11187291459377,-36.90699612681047],[-73.11227190834634,-36.90681824679966],[-73.11388600815613,-36.906715399886664],[-73.11484292488801,-36.90633067525019],[-73.11518248425311,-36.90586190616891],[-73.11500655166705,-36.90557506930811],[-73.11481344610816,-36.90551146265405],[-73.11344245987902,-36.90579337224117],[-73.11143766512774,-36.905956626060096],[-73.1109885888526,-36.906288569658315],[-73.11070160019734,-36.906650045800355],[-73.11041031766386,-36.906660142068304],[-73.11009274892686,-36.905909498837964],[-73.1096482874912,-36.90578428769823],[-73.10939053447152,-36.9058752425419],[-73.10821803917945,-36.90686499226786],[-73.10751546166793,-36.907639257820975],[-73.1061091313272,-36.908894875316406],[-73.10475360891951,-36.909738599680175],[-73.1042234967055,-36.90992099287408],[-73.10381128640334,-36.90985323337033],[-73.10369866418407,-36.90965792942236],[-73.10380325829264,-36.90943167417472],[-73.10490654155143,-36.909053680523364],[-73.10597641208342,-36.90832530408076],[-73.1069336336935,-36.90740161712899],[-73.10816527256803,-36.90588253516002],[-73.10871316577915,-36.9054885915169],[-73.109684033024,-36.90509170691381],[-73.11034768511989,-36.90495153289507],[-73.11098849313312,-36.90492932334505],[-73.11234449954232,-36.90521700116423],[-73.11330445354298,-36.90516027863544],[-73.11503961615693,-36.90459623040425],[-73.11538608827529,-36.904256114721946],[-73.11512466503349,-36.90400739654974],[-73.11443712767553,-36.90370315496829],[-73.11509949839737,-36.903539564306506],[-73.11587378844408,-36.90382907442709],[-73.11634170799633,-36.90384798826399],[-73.11684387766488,-36.90368994715098],[-73.11652509086382,-36.90264642391328],[-73.11678000064725,-36.902841902916784],[-73.1172259929523,-36.90360564505414],[-73.11752133202253,-36.903738934123936],[-73.11795158280258,-36.9037357147134],[-73.11841308405526,-36.904041925547695],[-73.11892570012965,-36.90387472503277],[-73.11925026876364,-36.904212052327615],[-73.11979285986686,-36.904398265591944],[-73.1205582447117,-36.904928264372536],[-73.12115850185941,-36.90496599723532],[-73.12139939843765,-36.90510409654331],[-73.12188441002083,-36.905169266016],[-73.12153201141528,-36.90526353497008],[-73.12114631912505,-36.90555230131528],[-73.12051114794305,-36.905814582010805],[-73.11920725704985,-36.90625827334317],[-73.11890141478118,-36.90626889539959],[-73.11844158646313,-36.906671544664285],[-73.11741397605994,-36.9080466959061],[-73.11590234866652,-36.908427258911196],[-73.11531689557044,-36.9094787274684],[-73.11514005182441,-36.9099887222072],[-73.11514499668212,-36.91035179809734],[-73.1137751721475,-36.91035171672822],[-73.1134148275491,-36.91043452152088],[-73.11242286339699,-36.91125400469691],[-73.1120169309301,-36.91130323201556],[-73.11106266094018,-36.911195702378485],[-73.10973210784259,-36.911417582425564],[-73.1090444078295,-36.91138282173335],[-73.10866948687018,-36.91146611716299],[-73.10853263259348,-36.911634905970494],[-73.10769225212853,-36.91174603916153],[-73.10658003563434,-36.912229827902],[-73.10611834217212,-36.91232783734867],[-73.10519959734634,-36.91206670079382],[-73.10299759667782,-36.912365537096946],[-73.10265129817924,-36.912166598495375],[-73.10268056274548,-36.91189607864345]]]}},{"type":"Feature","properties":{"comuna":"SanPedroDeLaPaz","zona":"ZRQ","zona_code":"ZRQ","nombre":"ZRQ Zona de riesgo por drenajes y quebradas","decreto":"Publicacion PRC San Pedro de la Paz. Decreto Alc. N°310. Fecha de promulgacion 10.03.2011. Fecha de publicacion D.O. 24.03.2011."},"geometry":{"type":"Polygon","coordinates":[[[-73.10086373749435,-36.910669967013455],[-73.1011066061187,-36.91002881281229],[-73.1030524707539,-36.907676560852906],[-73.10568699545439,-36.90565197229998],[-73.10886137536913,-36.90390157047975],[-73.10921803984655,-36.90347909522595],[-73.10930050757783,-36.90311299054373],[-73.10921775173931,-36.902658868181874],[-73.10663939668329,-36.90273644986256],[-73.10577626003248,-36.902965532313914],[-73.10525059000958,-36.903229799145],[-73.1039862994749,-36.90414066190409],[-73.10381265700093,-36.90443961158922],[-73.10352398523757,-36.90558621603175],[-73.10332197019464,-36.90562835794233],[-73.10299215048076,-36.90546400226031],[-73.10293304472714,-36.904634090409665],[-73.10267214877578,-36.904666550652195],[-73.10215272817148,-36.90504776547291],[-73.1012565818279,-36.90656690411734],[-73.10099491062273,-36.90685717737023],[-73.10061122195586,-36.90677670195818],[-73.100904956975,-36.90572367017215],[-73.10086796078993,-36.90503360453212],[-73.10116892943469,-36.904659949625184],[-73.10420514833339,-36.90332456729863],[-73.1057377573025,-36.90228211221037],[-73.1066325245424,-36.902098805624846],[-73.10830919027867,-36.90207589619587],[-73.10984044404294,-36.901518988390215],[-73.1102298796373,-36.90143518758528],[-73.11068510810796,-36.90148971753689],[-73.11061018814253,-36.90199617350381],[-73.1103670120609,-36.90208662529851],[-73.11019025724538,-36.902327103596924],[-73.11012265446591,-36.90351293082931],[-73.10983200022318,-36.90404370651722],[-73.1078388177595,-36.905237652275034],[-73.10586528193005,-36.90625512019668],[-73.10397241135591,-36.90796111004149],[-73.10284086037147,-36.909172028310955],[-73.10235995337058,-36.90972767775419],[-73.10159248009401,-36.910925991567154],[-73.10124918941897,-36.91105504045803],[-73.10090980152586,-36.910984752324225],[-73.10086373749435,-36.910669967013455]]]}},{"type":"Feature","properties":{"comuna":"SanPedroDeLaPaz","zona":"ZRR","zona_code":"ZRR","nombre":"ZRR Zona de riesgo de remocion en masa","decreto":"Publicacion PRC San Pedro de la Paz. Decreto Alc. N°310. Fecha de promulgacion 10.03.2011. Fecha de publicacion D.O. 24.03.2011."},"geometry":{"type":"Polygon","coordinates":[[[-73.10692911050216,-36.89009181737771],[-73.10766127472536,-36.890245162170736],[-73.10787170138371,-36.89066630359782],[-73.10728197711227,-36.891366349848596],[-73.1075842568163,-36.8921058155393],[-73.10754013564382,-36.892370991431775],[-73.10725223476979,-36.89271491430983],[-73.10589725252302,-36.89301961250457],[-73.10483524342277,-36.89361881729323],[-73.10443302586734,-36.894007702003144],[-73.1042838506146,-36.8931303737698],[-73.1044555879152,-36.89279633619103],[-73.10476816694863,-36.89250429473155],[-73.10525008449288,-36.892241546260266],[-73.10544742221919,-36.891976926891026],[-73.1061474405888,-36.89170076685867],[-73.10620957904277,-36.89149941556711],[-73.10655208421416,-36.89149341718629],[-73.10666656585967,-36.89172380793001],[-73.10704315152171,-36.891945124571784],[-73.1072306301915,-36.891768726741425],[-73.1067287047689,-36.89084282980288],[-73.10692911050216,-36.89009181737771]]]}},{"type":"Feature","properties":{"comuna":"SanPedroDeLaPaz","zona":"ZRR","zona_code":"ZRR","nombre":"ZRR Zona de riesgo de remocion en masa","decreto":"Publicacion PRC San Pedro de la Paz. Decreto Alc. N°310. Fecha de promulgacion 10.03.2011. Fecha de publicacion D.O. 24.03.2011."},"geometry":{"type":"Polygon","coordinates":[[[-73.10759562178913,-36.889837315785094],[-73.10797256846361,-36.88925009509026],[-73.10875897602799,-36.888953353311074],[-73.10898641594078,-36.88857050919474],[-73.10948159814413,-36.888283849111566],[-73.10999812973485,-36.88839484903083],[-73.11051100833986,-36.888166159752075],[-73.11088301201697,-36.88721585405772],[-73.11132695824674,-36.886790349945585],[-73.11190371727906,-36.88666490071117],[-73.11300893738375,-36.886872657601415],[-73.11311180220183,-36.88719205907264],[-73.11239656466232,-36.88691219649236],[-73.11195849780614,-36.88690394669304],[-73.11151152477919,-36.88700146264327],[-73.11117212651767,-36.887200708055545],[-73.11101561815022,-36.88754594488301],[-73.11108693996506,-36.888059051510155],[-73.11087218807236,-36.88840630651949],[-73.11001110810741,-36.888670496725176],[-73.1096167128905,-36.88866072566083],[-73.10933052147155,-36.888764381736834],[-73.10923161719764,-36.88909590257594],[-73.10848186686883,-36.88953199142887],[-73.10811245685098,-36.8902595640356],[-73.10759562178913,-36.889837315785094]]]}},{"type":"Feature","properties":{"comuna":"SanPedroDeLaPaz","zona":"ZRR","zona_code":"ZRR","nombre":"ZRR Zona de riesgo de remocion en masa","decreto":"Publicacion PRC San Pedro de la Paz. Decreto Alc. N°310. Fecha de promulgacion 10.03.2011. Fecha de publicacion D.O. 24.03.2011."},"geometry":{"type":"Polygon","coordinates":[[[-73.1156111954071,-36.89135302507577],[-73.11626798286048,-36.890545152720065],[-73.11673445580098,-36.89050479718234],[-73.11687269367725,-36.89076950612357],[-73.11646610612821,-36.89121131072864],[-73.11598774512312,-36.891403674762245],[-73.1156111954071,-36.89135302507577]]]}},{"type":"Feature","properties":{"comuna":"SanPedroDeLaPaz","zona":"ZRR","zona_code":"ZRR","nombre":"ZRR Zona de riesgo de remocion en masa","decreto":"Publicacion PRC San Pedro de la Paz. Decreto Alc. N°310. Fecha de promulgacion 10.03.2011. Fecha de publicacion D.O. 24.03.2011."},"geometry":{"type":"Polygon","coordinates":[[[-73.11650931994826,-36.890150094931144],[-73.11678157304424,-36.89005862345922],[-73.11772668202883,-36.89027189065963],[-73.11792172423138,-36.89010107272574],[-73.11831890090896,-36.889349072299154],[-73.1175764828926,-36.88883583338289],[-73.11725174504957,-36.88876508136085],[-73.1163546467889,-36.88890167306157],[-73.11616463633582,-36.88916605521477],[-73.11605892526536,-36.888794025293635],[-73.11640209003914,-36.88866494129439],[-73.11847005017951,-36.8884642691976],[-73.1187662113654,-36.888817233717056],[-73.11878096028127,-36.889226839135766],[-73.11892707055823,-36.889637742451754],[-73.11883647444773,-36.88985180593419],[-73.11819248087016,-36.89035458887397],[-73.11769862382344,-36.890529921018285],[-73.11650931994826,-36.890150094931144]]]}},{"type":"Feature","properties":{"comuna":"SanPedroDeLaPaz","zona":"ZRR","zona_code":"ZRR","nombre":"ZRR Zona de riesgo de remocion en masa","decreto":"Publicacion PRC San Pedro de la Paz. Decreto Alc. N°310. Fecha de promulgacion 10.03.2011. Fecha de publicacion D.O. 24.03.2011."},"geometry":{"type":"Polygon","coordinates":[[[-73.11572163863529,-36.88930372904028],[-73.11601821162931,-36.88969843080571],[-73.11584348170751,-36.88970449328501],[-73.1155839978049,-36.88949086026543],[-73.11521620580757,-36.88943331444197],[-73.1147261689692,-36.88954405471823],[-73.1145918785688,-36.889759630475275],[-73.11477298866058,-36.88929562725149],[-73.11539636700668,-36.88895176621355],[-73.11567616515909,-36.88900064737984],[-73.11572163863529,-36.88930372904028]]]}},{"type":"Feature","properties":{"comuna":"SanPedroDeLaPaz","zona":"ZRR","zona_code":"ZRR","nombre":"ZRR Zona de riesgo de remocion en masa","decreto":"Publicacion PRC San Pedro de la Paz. Decreto Alc. N°310. Fecha de promulgacion 10.03.2011. Fecha de publicacion D.O. 24.03.2011."},"geometry":{"type":"Polygon","coordinates":[[[-73.11694876102338,-36.888013948425694],[-73.11737452032276,-36.88792886646622],[-73.11757746722714,-36.887769492162434],[-73.11766015509008,-36.88754398636111],[-73.11760735092388,-36.887375913650104],[-73.11695155214589,-36.88725220454664],[-73.1175320604712,-36.88689151138541],[-73.11780866125832,-36.88701666353127],[-73.11796873557398,-36.88728061317268],[-73.1178660080743,-36.887811473658275],[-73.11770135015561,-36.888004671636274],[-73.11694876102338,-36.888013948425694]]]}},{"type":"Feature","properties":{"comuna":"SanPedroDeLaPaz","zona":"ZRR","zona_code":"ZRR","nombre":"ZRR Zona de riesgo de remocion en masa","decreto":"Publicacion PRC San Pedro de la Paz. Decreto Alc. N°310. Fecha de promulgacion 10.03.2011. Fecha de publicacion D.O. 24.03.2011."},"geometry":{"type":"Polygon","coordinates":[[[-73.116520717707,-36.88737847343504],[-73.11700714509956,-36.886658532639856],[-73.1170401318037,-36.886458187585035],[-73.11645791147049,-36.88593937909309],[-73.11609139303758,-36.88590522765133],[-73.11544552448012,-36.88637290678179],[-73.11413804522925,-36.887015860341776],[-73.11371757858808,-36.88733510080678],[-73.11353636077546,-36.887763221887674],[-73.11352838345384,-36.88720764089373],[-73.11408696216102,-36.88660824555546],[-73.115280419818,-36.886150872958346],[-73.11589429089285,-36.88576632816867],[-73.11624121669925,-36.885707419780104],[-73.11656216575106,-36.88570800043988],[-73.11677638553391,-36.88589390830364],[-73.11707603331305,-36.8861764505746],[-73.11729299590861,-36.88668449779082],[-73.116520717707,-36.88737847343504]]]}},{"type":"Feature","properties":{"comuna":"SanPedroDeLaPaz","zona":"ZRR","zona_code":"ZRR","nombre":"ZRR Zona de riesgo de remocion en masa","decreto":"Publicacion PRC San Pedro de la Paz. Decreto Alc. N°310. Fecha de promulgacion 10.03.2011. Fecha de publicacion D.O. 24.03.2011."},"geometry":{"type":"Polygon","coordinates":[[[-73.09201179154094,-36.89662220512563],[-73.09283357170722,-36.8957567656576],[-73.094253511922,-36.895028134479126],[-73.0948400903367,-36.89453917734797],[-73.09506982818613,-36.89365241586272],[-73.09505935535229,-36.89318406775968],[-73.09602784275876,-36.89138125115455],[-73.09681278915674,-36.88942071764428],[-73.09671512858537,-36.88759612287868],[-73.09688909243842,-36.8867581552465],[-73.09815962758543,-36.885694827291225],[-73.098499643443,-36.88557469129773],[-73.09899328788377,-36.88580370854091],[-73.09971191020023,-36.88560310953762],[-73.10006183295502,-36.8858722420355],[-73.09982195884263,-36.88592154439713],[-73.09985014890431,-36.88644786806697],[-73.1003430259929,-36.88693469474477],[-73.10133019759584,-36.887662222224634],[-73.10218968972333,-36.888048482637],[-73.10274989416693,-36.888158004354864],[-73.10336193516022,-36.88841805958247],[-73.10387267847648,-36.88869333506474],[-73.1040520442383,-36.888909765986824],[-73.10406678135419,-36.88918462191413],[-73.10357784284454,-36.88958822124314],[-73.10250924478572,-36.88951972332289],[-73.10140979175381,-36.88914762034094],[-73.1005759072563,-36.889375650208834],[-73.10025102823778,-36.88957436322147],[-73.09997672290282,-36.88990022320241],[-73.09980326577285,-36.89101940168177],[-73.09913909533029,-36.89223756309739],[-73.09914019545106,-36.892530468098656],[-73.09954526444513,-36.89273910663699],[-73.10009672876288,-36.89268489380384],[-73.10098148145103,-36.89095524031865],[-73.10141533220408,-36.89061214426588],[-73.10204662364013,-36.89041454964599],[-73.10352684725359,-36.890269612996484],[-73.10530607805094,-36.8897159078333],[-73.10569784049085,-36.88994842086272],[-73.10546962060751,-36.890589075912175],[-73.10486343085496,-36.89125452768845],[-73.10423326101201,-36.89174504104495],[-73.10318142546672,-36.892261854277756],[-73.10264940473431,-36.89267865876488],[-73.10201202770276,-36.89357952926673],[-73.10066235197958,-36.89452845930839],[-73.10019843078913,-36.89539988961473],[-73.09969299046735,-36.895768891045],[-73.09888612166671,-36.896230331929104],[-73.0984068169776,-36.896270328363784],[-73.09783512568836,-36.89621977323996],[-73.09520499724978,-36.89532631610466],[-73.09468388441618,-36.8954028930051],[-73.09468434317913,-36.895684104518274],[-73.09506279863015,-36.89594054743999],[-73.09589394301506,-36.896204794102765],[-73.09652685367452,-36.896581341625236],[-73.09668625450226,-36.89683362615066],[-73.09658353061373,-36.8970949640628],[-73.09536215166212,-36.897172292975284],[-73.09483147127007,-36.897342944343485],[-73.09341326103059,-36.89728643532344],[-73.0929470824967,-36.89757203023079],[-73.09276322468092,-36.897953340559305],[-73.09280548884433,-36.898197955476824],[-73.09329419660541,-36.89833342292528],[-73.09392102591846,-36.89832350787628],[-73.09530403377397,-36.89799454132121],[-73.09585867033708,-36.897998825765875],[-73.09630995536291,-36.89825275046658],[-73.09664144983455,-36.89872172827772],[-73.09658867513393,-36.89909851870132],[-73.09610355287046,-36.899302756000665],[-73.09490813293088,-36.89932059608444],[-73.09423994355672,-36.899648323379395],[-73.09346872461363,-36.899686659090484],[-73.0931129529233,-36.899581758675005],[-73.0925041517643,-36.89911062008304],[-73.09213632201019,-36.89905300364075],[-73.09191332220202,-36.8992481808593],[-73.09191354504568,-36.89969564533328],[-73.09161102239818,-36.89949516120629],[-73.09081710945011,-36.89938193167773],[-73.09051584172492,-36.89920483703272],[-73.09051495248374,-36.89864241599826],[-73.09124846121225,-36.89817184335325],[-73.0921025192742,-36.89736388424894],[-73.09240042680437,-36.89679628178063],[-73.09201179154094,-36.89662220512563]]]}},{"type":"Feature","properties":{"comuna":"SanPedroDeLaPaz","zona":"ZRR","zona_code":"ZRR","nombre":"ZRR Zona de riesgo de remocion en masa","decreto":"Publicacion PRC San Pedro de la Paz. Decreto Alc. N°310. Fecha de promulgacion 10.03.2011. Fecha de publicacion D.O. 24.03.2011."},"geometry":{"type":"Polygon","coordinates":[[[-73.08446688069775,-36.9017744176985],[-73.0835764180929,-36.902039433015275],[-73.08316388036977,-36.90128099356299],[-73.08121238433118,-36.89970766560106],[-73.08085434532987,-36.89928642566513],[-73.08077425802874,-36.89887905810964],[-73.08087391976903,-36.898559248359774],[-73.0811223313332,-36.89829291030386],[-73.08151615782754,-36.898291077383085],[-73.08191787660076,-36.89953105796567],[-73.08239867091933,-36.900065247660095],[-73.08322899601048,-36.90058740285704],[-73.08446688069775,-36.9017744176985]]]}},{"type":"Feature","properties":{"comuna":"SanPedroDeLaPaz","zona":"ZRR","zona_code":"ZRR","nombre":"ZRR Zona de riesgo de remocion en masa","decreto":"Publicacion PRC San Pedro de la Paz. Decreto Alc. N°310. Fecha de promulgacion 10.03.2011. Fecha de publicacion D.O. 24.03.2011."},"geometry":{"type":"Polygon","coordinates":[[[-73.08218703786783,-36.901431062018034],[-73.08190658420945,-36.90137040733006],[-73.08132070515148,-36.90160148827798],[-73.0811840016425,-36.902320976761814],[-73.0814448922788,-36.90310881041489],[-73.08169788558169,-36.90347507342418],[-73.08032080377725,-36.90296073226716],[-73.07977366731366,-36.90145623944698],[-73.0798785438156,-36.900960484529485],[-73.08006684041088,-36.900661063183975],[-73.08048045034563,-36.90048278581299],[-73.08087428804647,-36.90048095444521],[-73.08165717437915,-36.90093444616731],[-73.08218703786783,-36.901431062018034]]]}},{"type":"Feature","properties":{"comuna":"SanPedroDeLaPaz","zona":"ZRR","zona_code":"ZRR","nombre":"ZRR Zona de riesgo de remocion en masa","decreto":"Publicacion PRC San Pedro de la Paz. Decreto Alc. N°310. Fecha de promulgacion 10.03.2011. Fecha de publicacion D.O. 24.03.2011."},"geometry":{"type":"Polygon","coordinates":[[[-73.08441857890546,-36.900323076581955],[-73.08389370260755,-36.89992004091937],[-73.08305318913378,-36.899480265757745],[-73.08280706866961,-36.899242663965616],[-73.08271136908552,-36.89854289021434],[-73.0827808568343,-36.89793117354367],[-73.08307752408767,-36.89747568566085],[-73.08362924756159,-36.89715203074832],[-73.08505992518963,-36.896622340064575],[-73.08569026525635,-36.896131919256014],[-73.08594095272981,-36.89618187325371],[-73.08680291966444,-36.8975700292956],[-73.08689033963171,-36.898387260865306],[-73.08611708960802,-36.89948021813165],[-73.08599494140927,-36.89978835591223],[-73.08548522556669,-36.89980591310673],[-73.08478036700518,-36.89999423780443],[-73.08441857890546,-36.900323076581955]]]}},{"type":"Feature","properties":{"comuna":"SanPedroDeLaPaz","zona":"ZRR","zona_code":"ZRR","nombre":"ZRR Zona de riesgo de remocion en masa","decreto":"Publicacion PRC San Pedro de la Paz. Decreto Alc. N°310. Fecha de promulgacion 10.03.2011. Fecha de publicacion D.O. 24.03.2011."},"geometry":{"type":"Polygon","coordinates":[[[-73.08783167794519,-36.89811973648889],[-73.08763088468092,-36.89695561173763],[-73.08742801676905,-36.89643530283891],[-73.0870206518418,-36.89591032121986],[-73.08692659957381,-36.89551515789088],[-73.08698254474658,-36.895196851089516],[-73.0873189229717,-36.894939187178984],[-73.08902933869435,-36.89445839852583],[-73.0898233132529,-36.89348188751108],[-73.09021417094874,-36.89315203216335],[-73.0916434725965,-36.89259887597259],[-73.09258631484688,-36.891406292628304],[-73.09352940867132,-36.8907644291781],[-73.09382535973117,-36.89029722379758],[-73.09409332570544,-36.88903417600843],[-73.09438881410654,-36.88828575981418],[-73.09534441485972,-36.88678805502133],[-73.09637495699506,-36.88587364313087],[-73.09716526042813,-36.885445018816235],[-73.09809712168925,-36.88541283092809],[-73.09662074275174,-36.88665024540803],[-73.0964438091953,-36.887160218008674],[-73.09638899415867,-36.88777143310196],[-73.09649307056756,-36.88944347701591],[-73.09477204080575,-36.89299478393111],[-73.0945933281175,-36.89428990548193],[-73.09410868543331,-36.89477534334084],[-73.09257537687833,-36.895566473136284],[-73.09219515273473,-36.896095171830275],[-73.09167028578713,-36.896510949178094],[-73.09087702784204,-36.89640941379117],[-73.08961946248871,-36.89662854445866],[-73.08912727188431,-36.896973610146944],[-73.08905302224962,-36.89722224276785],[-73.08915958914949,-36.89785132821604],[-73.08890183305122,-36.89794223773634],[-73.08824525358702,-36.89794143373348],[-73.08783167794519,-36.89811973648889]]]}},{"type":"Feature","properties":{"comuna":"SanPedroDeLaPaz","zona":"ZRR","zona_code":"ZRR","nombre":"ZRR Zona de riesgo de remocion en masa","decreto":"Publicacion PRC San Pedro de la Paz. Decreto Alc. N°310. Fecha de promulgacion 10.03.2011. Fecha de publicacion D.O. 24.03.2011."},"geometry":{"type":"Polygon","coordinates":[[[-73.10665499610424,-36.88722607651134],[-73.10784811338759,-36.8876446872345],[-73.10766987631239,-36.88840079127953],[-73.10713351396873,-36.88873574096957],[-73.10697221577517,-36.888448382826326],[-73.10663741490067,-36.88825784341401],[-73.10688193577364,-36.88792128269328],[-73.1068675019439,-36.88765227504031],[-73.10665499610424,-36.88722607651134]]]}},{"type":"Feature","properties":{"comuna":"SanPedroDeLaPaz","zona":"ZRR","zona_code":"ZRR","nombre":"ZRR Zona de riesgo de remocion en masa","decreto":"Publicacion PRC San Pedro de la Paz. Decreto Alc. N°310. Fecha de promulgacion 10.03.2011. Fecha de publicacion D.O. 24.03.2011."},"geometry":{"type":"Polygon","coordinates":[[[-73.10748033146126,-36.88418898276836],[-73.10797260572193,-36.88398445480922],[-73.10843425129265,-36.88361693680507],[-73.10882698002814,-36.88305260399705],[-73.109287240072,-36.88293120256427],[-73.10943083364023,-36.883160582359466],[-73.1096213645239,-36.88317741729072],[-73.10975000960434,-36.88285658363962],[-73.11000517574172,-36.88271884840173],[-73.11093384807356,-36.88262808294844],[-73.11199532842755,-36.882837366742514],[-73.11220481686222,-36.88293556468503],[-73.11239675541053,-36.883385900595975],[-73.11091126665342,-36.882886654910685],[-73.1099749377594,-36.88310658041017],[-73.10909095061392,-36.88375824024344],[-73.1084058890656,-36.88403975594853],[-73.10748033146126,-36.88418898276836]]]}},{"type":"Feature","properties":{"comuna":"SanPedroDeLaPaz","zona":"ZRR","zona_code":"ZRR","nombre":"ZRR Zona de riesgo de remocion en masa","decreto":"Publicacion PRC San Pedro de la Paz. Decreto Alc. N°310. Fecha de promulgacion 10.03.2011. Fecha de publicacion D.O. 24.03.2011."},"geometry":{"type":"Polygon","coordinates":[[[-73.11028378641186,-36.88179521589508],[-73.11124419270276,-36.88148071255444],[-73.11158293842942,-36.881269772226084],[-73.11199248253953,-36.88129073083359],[-73.11148242394664,-36.88170681035567],[-73.11134174209215,-36.88207493366822],[-73.11092454243926,-36.88218313314977],[-73.11051059634292,-36.88208029945191],[-73.11028378641186,-36.88179521589508]]]}},{"type":"Feature","properties":{"comuna":"SanPedroDeLaPaz","zona":"ZRR","zona_code":"ZRR","nombre":"ZRR Zona de riesgo de remocion en masa","decreto":"Publicacion PRC San Pedro de la Paz. Decreto Alc. N°310. Fecha de promulgacion 10.03.2011. Fecha de publicacion D.O. 24.03.2011."},"geometry":{"type":"Polygon","coordinates":[[[-73.11240265562978,-36.881323383677284],[-73.11244474881038,-36.8821070092198],[-73.11269979946682,-36.88223877983161],[-73.1129973793059,-36.88207613322751],[-73.11318047386943,-36.88168310194673],[-73.11351156826599,-36.881601315823545],[-73.11385910655365,-36.881554113137355],[-73.11433757516416,-36.881771873109166],[-73.11493953716474,-36.881844735536035],[-73.11432694845094,-36.88225266580607],[-73.11404717579316,-36.8822037803273],[-73.11373273439447,-36.88178113015539],[-73.11344217572618,-36.88180292231452],[-73.11350847709576,-36.88222246040731],[-73.11237649970711,-36.88260151805822],[-73.11168980032946,-36.88230894303371],[-73.11167786518105,-36.88208672056382],[-73.11240265562978,-36.881323383677284]]]}},{"type":"Feature","properties":{"comuna":"SanPedroDeLaPaz","zona":"ZRR","zona_code":"ZRR","nombre":"ZRR Zona de riesgo de remocion en masa","decreto":"Publicacion PRC San Pedro de la Paz. Decreto Alc. N°310. Fecha de promulgacion 10.03.2011. Fecha de publicacion D.O. 24.03.2011."},"geometry":{"type":"Polygon","coordinates":[[[-73.11505559856764,-36.882064079979436],[-73.11540514041833,-36.88263710423797],[-73.11581469122105,-36.88265804895918],[-73.11651383094383,-36.88182527261229],[-73.1164469278008,-36.88261560631366],[-73.116271128664,-36.88300838980181],[-73.11573784100541,-36.8838061171933],[-73.11546560823311,-36.88389758513629],[-73.1151868223295,-36.88373149184768],[-73.11455157992339,-36.88290399414687],[-73.1146545904951,-36.88251373823657],[-73.11505559856764,-36.882064079979436]]]}},{"type":"Feature","properties":{"comuna":"SanPedroDeLaPaz","zona":"ZRR","zona_code":"ZRR","nombre":"ZRR Zona de riesgo de remocion en masa","decreto":"Publicacion PRC San Pedro de la Paz. Decreto Alc. N°310. Fecha de promulgacion 10.03.2011. Fecha de publicacion D.O. 24.03.2011."},"geometry":{"type":"Polygon","coordinates":[[[-73.1168195764493,-36.88181466294742],[-73.11716261681406,-36.88195508712821],[-73.11727899943355,-36.882220554392575],[-73.11725607871776,-36.88260803336652],[-73.11690259870294,-36.883358513032576],[-73.11696074367494,-36.88362600110514],[-73.11805316767772,-36.88413881500159],[-73.1184127564035,-36.884044308288026],[-73.11853695921198,-36.883641596534474],[-73.11880675598623,-36.88323382916962],[-73.11940864644487,-36.88357617729016],[-73.12057333315961,-36.88380523431666],[-73.12125582280021,-36.88347686804902],[-73.12144480377239,-36.88380352300197],[-73.12127441940306,-36.88416097140316],[-73.12128126819805,-36.88455913318644],[-73.12152548286409,-36.885031072512426],[-73.1223590982259,-36.88534191833711],[-73.12237232500613,-36.885587529053694],[-73.12264000132012,-36.885953191431135],[-73.12256844559103,-36.886181974746776],[-73.1223550848332,-36.88628313082443],[-73.12115927016171,-36.88628952718148],[-73.12152271846351,-36.88599567686475],[-73.12139994017912,-36.88588276610844],[-73.12040041719641,-36.885741722584086],[-73.12025930408763,-36.88555914208172],[-73.12028858544623,-36.88501911319641],[-73.12013039588534,-36.88479025426494],[-73.11986076606529,-36.884659006850036],[-73.11946765175395,-36.88467265855084],[-73.11905548685193,-36.88487445241822],[-73.11870902560446,-36.88548408236226],[-73.1184342737829,-36.88552877454177],[-73.1179582868286,-36.8853578154213],[-73.11731895692415,-36.884319558783474],[-73.11666695850401,-36.88426602164225],[-73.11619129763432,-36.88410090219309],[-73.11613535582379,-36.88387434897417],[-73.11669043052107,-36.88321061699784],[-73.11691561414179,-36.882786825130786],[-73.11694815742852,-36.88203576516211],[-73.1168195764493,-36.88181466294742]]]}},{"type":"Feature","properties":{"comuna":"SanPedroDeLaPaz","zona":"ZRR","zona_code":"ZRR","nombre":"ZRR Zona de riesgo de remocion en masa","decreto":"Publicacion PRC San Pedro de la Paz. Decreto Alc. N°310. Fecha de promulgacion 10.03.2011. Fecha de publicacion D.O. 24.03.2011."},"geometry":{"type":"Polygon","coordinates":[[[-73.09682488984774,-36.879902562134184],[-73.09695622086186,-36.88044876100124],[-73.09605344424203,-36.879864751123485],[-73.09568445661537,-36.87978374872172],[-73.09545713796601,-36.87989705547497],[-73.09538337584773,-36.88042690039729],[-73.09550986157053,-36.88061001885634],[-73.09479127128398,-36.880810589019255],[-73.09435556380761,-36.88111857143641],[-73.09401391618488,-36.88182170937149],[-73.09352496291524,-36.88222526741444],[-73.093114255858,-36.883001093332865],[-73.09257035589945,-36.883195624307156],[-73.0919842864686,-36.8839657774466],[-73.09144725383968,-36.88428896141859],[-73.09100507817087,-36.88474948620719],[-73.09052833540528,-36.884836231719866],[-73.09000441436184,-36.88540503180998],[-73.08927294357522,-36.88673092045423],[-73.088780810445,-36.88707598151304],[-73.08850460982096,-36.88750367907926],[-73.08800141743536,-36.88736868868201],[-73.08759158578499,-36.886659970513136],[-73.08741806915427,-36.88586914048386],[-73.08710582169164,-36.885211984299204],[-73.08683933230947,-36.88431889595158],[-73.0870192501432,-36.88413693111691],[-73.08738825380152,-36.88421795991424],[-73.08767258959075,-36.88407926746755],[-73.0878774094065,-36.882724665065815],[-73.08809288185387,-36.882389142468554],[-73.09017632427253,-36.88125101315383],[-73.0911963103041,-36.88095805200555],[-73.09461602952491,-36.879170292568055],[-73.09511442735088,-36.87880741696964],[-73.09560693519245,-36.87874354451796],[-73.09597333138446,-36.878912520465256],[-73.09644625325969,-36.87930045484579],[-73.09682488984774,-36.879902562134184]]]}},{"type":"Feature","properties":{"comuna":"SanPedroDeLaPaz","zona":"ZRR","zona_code":"ZRR","nombre":"ZRR Zona de riesgo de remocion en masa","decreto":"Publicacion PRC San Pedro de la Paz. Decreto Alc. N°310. Fecha de promulgacion 10.03.2011. Fecha de publicacion D.O. 24.03.2011."},"geometry":{"type":"Polygon","coordinates":[[[-73.08948381059263,-36.88862998644611],[-73.08958717550166,-36.88838035041588],[-73.0889955493458,-36.88795546853269],[-73.08874320698321,-36.88760091560619],[-73.08912267762587,-36.887058339145824],[-73.08949126007633,-36.88685814962022],[-73.09013848945777,-36.88559375243886],[-73.09061207678316,-36.88503840522527],[-73.09117524340753,-36.88493110192103],[-73.09165288094823,-36.88445177774314],[-73.0921671374017,-36.88411180141381],[-73.09274780189551,-36.883376986978035],[-73.09329647992509,-36.88313541900218],[-73.09364126618412,-36.882490762771035],[-73.09417523712035,-36.881974332215634],[-73.09452635321304,-36.88131187897484],[-73.09476198106607,-36.88108110847842],[-73.09569145838239,-36.88073264429845],[-73.09567035384713,-36.88006546118851],[-73.09582737813474,-36.880001451712346],[-73.09648676259988,-36.88033021768521],[-73.09712309564998,-36.88084140138487],[-73.09705794355702,-36.8818045068788],[-73.09685206688842,-36.882045971462546],[-73.095842470344,-36.88219215054577],[-73.09449734178183,-36.88213312302929],[-73.09432825428705,-36.882244418691826],[-73.09436095402415,-36.88258310506901],[-73.09464117293048,-36.882913248665425],[-73.09626137001496,-36.88347835718544],[-73.09590300180804,-36.88359618997964],[-73.09518455542172,-36.883527250747704],[-73.09386744618469,-36.883174305696286],[-73.09368129391586,-36.8832393186815],[-73.09365512531056,-36.88356831947274],[-73.09442174141009,-36.884537871666886],[-73.09442031751756,-36.88478399388525],[-73.09314624487938,-36.88441783808183],[-73.0930366412288,-36.88455051501292],[-73.09304977475227,-36.88479613537142],[-73.09322870003453,-36.88514149457142],[-73.0932329017869,-36.88549288199255],[-73.09309667888809,-36.885673348650506],[-73.09180035104494,-36.88543684181865],[-73.09160838329402,-36.88566610099026],[-73.09157934356693,-36.88648734563114],[-73.09127463723317,-36.88679079935956],[-73.08976307118581,-36.88744052589509],[-73.08944129408754,-36.88769769240071],[-73.08947147713504,-36.88798959583775],[-73.0900321075842,-36.8883803902666],[-73.08948381059263,-36.88862998644611]]]}},{"type":"Feature","properties":{"comuna":"SanPedroDeLaPaz","zona":"ZRR","zona_code":"ZRR","nombre":"ZRR Zona de riesgo de remocion en masa","decreto":"Publicacion PRC San Pedro de la Paz. Decreto Alc. N°310. Fecha de promulgacion 10.03.2011. Fecha de publicacion D.O. 24.03.2011."},"geometry":{"type":"Polygon","coordinates":[[[-73.08885235902156,-36.88991727218981],[-73.09038583382872,-36.88953997075393],[-73.0907384295195,-36.889586400741514],[-73.09102210161531,-36.889980881202625],[-73.09098739075225,-36.890286740164335],[-73.09077566378541,-36.89069244577904],[-73.0904141650029,-36.89116190458554],[-73.0898564838348,-36.89150922994912],[-73.08845390545957,-36.89187981827806],[-73.08804014627235,-36.891917512879715],[-73.08767838496844,-36.891836237291486],[-73.08746577492603,-36.89167951446904],[-73.0876019990635,-36.8908157610573],[-73.08797809997407,-36.89075593015165],[-73.0885031304189,-36.89048004494285],[-73.08879767321919,-36.89025897261908],[-73.08885235902156,-36.88991727218981]]]}},{"type":"Feature","properties":{"comuna":"SanPedroDeLaPaz","zona":"ZRR","zona_code":"ZRR","nombre":"ZRR Zona de riesgo de remocion en masa","decreto":"Publicacion PRC San Pedro de la Paz. Decreto Alc. N°310. Fecha de promulgacion 10.03.2011. Fecha de publicacion D.O. 24.03.2011."},"geometry":{"type":"Polygon","coordinates":[[[-73.09949017197654,-36.87819344514776],[-73.09991640760038,-36.87750494666192],[-73.10021689528965,-36.877260206904204],[-73.10078343333655,-36.877217191378534],[-73.09993069715618,-36.878248529413064],[-73.09949017197654,-36.87819344514776]]]}},{"type":"Feature","properties":{"comuna":"SanPedroDeLaPaz","zona":"ZRR","zona_code":"ZRR","nombre":"ZRR Zona de riesgo de remocion en masa","decreto":"Publicacion PRC San Pedro de la Paz. Decreto Alc. N°310. Fecha de promulgacion 10.03.2011. Fecha de publicacion D.O. 24.03.2011."},"geometry":{"type":"Polygon","coordinates":[[[-73.10031486661724,-36.878340712421064],[-73.10069068935283,-36.87780042407954],[-73.10092472109078,-36.87754040349932],[-73.10094382718773,-36.87789713392235],[-73.10081108048205,-36.878141936155274],[-73.10044198579604,-36.87853551974675],[-73.10031486661724,-36.878340712421064]]]}},{"type":"Feature","properties":{"comuna":"SanPedroDeLaPaz","zona":"ZRR","zona_code":"ZRR","nombre":"ZRR Zona de riesgo de remocion en masa","decreto":"Publicacion PRC San Pedro de la Paz. Decreto Alc. N°310. Fecha de promulgacion 10.03.2011. Fecha de publicacion D.O. 24.03.2011."},"geometry":{"type":"Polygon","coordinates":[[[-73.11807827643237,-36.8720628916926],[-73.11763916502373,-36.87257613325127],[-73.1171938349205,-36.87365203647641],[-73.11677927792236,-36.87360490454544],[-73.11647637344298,-36.87285376534396],[-73.11641393885766,-36.87223489484239],[-73.1165261946908,-36.87160996438752],[-73.11679083990838,-36.87137814487616],[-73.1171965580605,-36.87132891380264],[-73.11807827643237,-36.8720628916926]]]}},{"type":"Feature","properties":{"comuna":"SanPedroDeLaPaz","zona":"ZRR","zona_code":"ZRR","nombre":"ZRR Zona de riesgo de remocion en masa","decreto":"Publicacion PRC San Pedro de la Paz. Decreto Alc. N°310. Fecha de promulgacion 10.03.2011. Fecha de publicacion D.O. 24.03.2011."},"geometry":{"type":"Polygon","coordinates":[[[-73.11847317404872,-36.87126995920552],[-73.11785452667762,-36.870274924425516],[-73.11838461150447,-36.86928395895006],[-73.11819744535129,-36.86878659597222],[-73.1178702190785,-36.867040302215706],[-73.1179557664948,-36.86673267385373],[-73.1177027447334,-36.86636648862883],[-73.11759421174983,-36.865907407604375],[-73.11730764478564,-36.86556142688696],[-73.11749436098934,-36.86550807681903],[-73.11805944575029,-36.86615197939697],[-73.11827827841161,-36.866560361491445],[-73.11828428602892,-36.86748584963796],[-73.1184697839781,-36.868223483157614],[-73.11890028252724,-36.86877098706392],[-73.11899750604901,-36.869494106883515],[-73.1187888547988,-36.86981772764113],[-73.11847317404872,-36.87126995920552]]]}},{"type":"Feature","properties":{"comuna":"SanPedroDeLaPaz","zona":"ZRR","zona_code":"ZRR","nombre":"ZRR Zona de riesgo de remocion en masa","decreto":"Publicacion PRC San Pedro de la Paz. Decreto Alc. N°310. Fecha de promulgacion 10.03.2011. Fecha de publicacion D.O. 24.03.2011."},"geometry":{"type":"Polygon","coordinates":[[[-73.11492362159059,-36.86879179367496],[-73.115207846159,-36.868653041746875],[-73.11519465083312,-36.86840742772147],[-73.11504541612454,-36.868072790290356],[-73.11453048956986,-36.867446175636275],[-73.11419956440187,-36.867258450383055],[-73.11370737257333,-36.866783372346454],[-73.1133871298394,-36.866794475535286],[-73.11280224402881,-36.8670373866125],[-73.11250531870826,-36.86727910302843],[-73.11202805712453,-36.86816861325827],[-73.1120553709538,-36.868677386300824],[-73.11185667971561,-36.86932288695667],[-73.11189783338288,-36.87076859570799],[-73.11168467119005,-36.87046546444185],[-73.11158804662999,-36.86924284858934],[-73.11179111021579,-36.867999594466816],[-73.11230293954816,-36.86693898067543],[-73.11339610323498,-36.866520262761775],[-73.11364387688845,-36.866517532402284],[-73.11449924466064,-36.86723780536647],[-73.11522984916616,-36.86739995116249],[-73.11568205247046,-36.868216220933995],[-73.11546312866382,-36.86889172325319],[-73.11492362159059,-36.86879179367496]]]}},{"type":"Feature","properties":{"comuna":"SanPedroDeLaPaz","zona":"ZRQ","zona_code":"ZRQ","nombre":"ZRQ Zona de riesgo por drenajes y quebradas","decreto":"Publicacion PRC San Pedro de la Paz. Decreto Alc. N°310. Fecha de promulgacion 10.03.2011. Fecha de publicacion D.O. 24.03.2011."},"geometry":{"type":"Polygon","coordinates":[[[-73.12097328396649,-36.909381920899015],[-73.12100129197682,-36.90881850153665],[-73.12117991512166,-36.908613095355825],[-73.12174925092177,-36.90834724118183],[-73.12221424415165,-36.90749912886252],[-73.12250509170158,-36.90666878655836],[-73.12250150546657,-36.905790089617845],[-73.1219835809423,-36.90565576208022],[-73.12103497615195,-36.90592307835088],[-73.12152584225132,-36.9055552256698],[-73.12229428599703,-36.90532932019034],[-73.12236839796964,-36.90521542649487],[-73.12230068919773,-36.905042016229636],[-73.12190498388763,-36.90487414548483],[-73.12052785113923,-36.904634915373265],[-73.12202506127026,-36.90453016128671],[-73.12223405945286,-36.90434713291686],[-73.12234606469929,-36.903988782542804],[-73.12206643407538,-36.90367333711919],[-73.12202529346878,-36.90345139959999],[-73.12240489063862,-36.903591268065625],[-73.12278416832716,-36.903589802171695],[-73.12359410256661,-36.903186682277024],[-73.12422542577825,-36.902988967503155],[-73.12444897863973,-36.90280542945734],[-73.12458274780785,-36.9020391332903],[-73.12397714709803,-36.90054861888159],[-73.12325222790928,-36.90036290416569],[-73.12215743379477,-36.90062359231189],[-73.12193528074125,-36.900291501152786],[-73.1215617615208,-36.90012871670614],[-73.12058606056983,-36.90016261747288],[-73.11929635299104,-36.90005508570115],[-73.11881641279807,-36.90008347050178],[-73.11843698914804,-36.90062393879112],[-73.11826806584897,-36.90019625272931],[-73.11801231469538,-36.900052802260824],[-73.11764249568941,-36.90022968836426],[-73.11749858586901,-36.90080884803137],[-73.11719393789147,-36.901112364653855],[-73.11665408060293,-36.90124754730592],[-73.11663007734377,-36.9010726159791],[-73.11710642204824,-36.90043504691148],[-73.1172071897943,-36.90013860806147],[-73.11708259236362,-36.899721097702816],[-73.11642358338592,-36.899404158073864],[-73.11460020031036,-36.89913933004023],[-73.11375619596488,-36.899180322511555],[-73.11342880031103,-36.89933228876162],[-73.11295117299672,-36.899946453059734],[-73.11264955023127,-36.90057794777691],[-73.11187352259944,-36.90161257128503],[-73.11136307677701,-36.90188805508026],[-73.111016702347,-36.90195864970213],[-73.11103209480859,-36.901566306541675],[-73.11127411872981,-36.901182951951654],[-73.11135531773417,-36.90079345415405],[-73.11130482166897,-36.90039680396625],[-73.11105170443582,-36.900030612024125],[-73.11073331545829,-36.899807293340096],[-73.1098393276479,-36.89973281394271],[-73.10942676943982,-36.899114353322666],[-73.10842971361426,-36.89875049080963],[-73.10861023501346,-36.89858019044423],[-73.10910033922246,-36.898469472067426],[-73.10929416533672,-36.89827527392201],[-73.10925573366775,-36.897831333353885],[-73.10765057436473,-36.89673859784469],[-73.10713235052515,-36.89605348144707],[-73.10713469402273,-36.89568941965846],[-73.10746146091847,-36.89552577501732],[-73.10767286343808,-36.895659066682796],[-73.10768228211029,-36.89583450551865],[-73.10788854213574,-36.896143740041026],[-73.10839872830194,-36.89640729486135],[-73.1090609366496,-36.89651325187657],[-73.1099591707601,-36.8969391209924],[-73.11033825316821,-36.89781726122635],[-73.11100853614529,-36.89834476282605],[-73.11164352454303,-36.898486800564214],[-73.11207725922506,-36.898413176909756],[-73.11220905477784,-36.898150818806556],[-73.1121610723674,-36.89780095213792],[-73.11158574702762,-36.89680072688463],[-73.11157254897827,-36.89655511353709],[-73.11179925927473,-36.896430077613836],[-73.1120347677305,-36.89646878435556],[-73.11230820189269,-36.89667022298153],[-73.11262710532901,-36.89717474421727],[-73.11330647264259,-36.897667496243315],[-73.11441238929554,-36.898156435215604],[-73.11558870769099,-36.898326543522984],[-73.1158850817234,-36.898140494971756],[-73.1159040584694,-36.89761180963884],[-73.11629598204846,-36.89757477414334],[-73.11640735153199,-36.898356724055205],[-73.11664727303811,-36.89847729203227],[-73.1169790626157,-36.89840718763933],[-73.11725952371481,-36.89785770938758],[-73.11756021164372,-36.89802303573596],[-73.11725444660951,-36.8985089472043],[-73.11738290560099,-36.89872712293451],[-73.11778112867188,-36.898807040574134],[-73.1181422328579,-36.89914603318636],[-73.12053899364103,-36.89922098298775],[-73.12214363687869,-36.89948746164952],[-73.1223680964793,-36.89945622545905],[-73.12250363847272,-36.89926403312154],[-73.12232293576048,-36.89902424337487],[-73.12257049738609,-36.89901563915142],[-73.1228433366433,-36.899205355227714],[-73.12318331588386,-36.899287278036844],[-73.1234818471724,-36.8992769004207],[-73.12363636146962,-36.89916607050345],[-73.12381026028031,-36.8987381901026],[-73.12362356710308,-36.898387293590744],[-73.12305349663376,-36.898096593577634],[-73.12214622333916,-36.898046103806536],[-73.12134137536775,-36.89779797552369],[-73.12116803420693,-36.897288422119196],[-73.12118085285582,-36.89671381299007],[-73.12070163967361,-36.89648439129609],[-73.12029894201711,-36.89659212116839],[-73.11945103499016,-36.897101995601815],[-73.11946026668659,-36.89652824305018],[-73.11930268262572,-36.89631108017723],[-73.11743748380844,-36.89635240546598],[-73.11666830130149,-36.89615646764098],[-73.11502557115037,-36.89674003084884],[-73.1142468583975,-36.89663814844012],[-73.11425324444588,-36.89648559756039],[-73.1144679035237,-36.89640784585547],[-73.11512193976166,-36.896361721708175],[-73.11553732142524,-36.89621841653495],[-73.11563494513501,-36.89586349989018],[-73.11545579796041,-36.89578769211036],[-73.11530649819296,-36.89545305918493],[-73.1156218285758,-36.89534837762607],[-73.1160731549789,-36.895602223130254],[-73.11642767417341,-36.895683661990695],[-73.11800854481254,-36.895781119132536],[-73.119465915697,-36.89602345516429],[-73.11970780140635,-36.89590959616478],[-73.12040102936865,-36.896049564345],[-73.12077774940667,-36.89600132406316],[-73.12104497757174,-36.895816275732244],[-73.12094248908666,-36.89553861367026],[-73.12037906274999,-36.895370704079276],[-73.11940429101672,-36.89460776158586],[-73.11903143452827,-36.89445666197262],[-73.11848824658607,-36.89439349930365],[-73.1182901333091,-36.894236331358144],[-73.119019416436,-36.89403011831047],[-73.11918691580995,-36.89388954873495],[-73.11920695069236,-36.893584194224985],[-73.11898353261128,-36.89336345847462],[-73.1182421995937,-36.8932778802363],[-73.11695342040736,-36.89359212352746],[-73.11489590852055,-36.89460019729602],[-73.11330364408968,-36.894561679873014],[-73.11169021109716,-36.895215220148785],[-73.11124581157927,-36.89509001110556],[-73.11091036986075,-36.89482041298827],[-73.11079398562528,-36.8945549399916],[-73.11044963870799,-36.89439110777903],[-73.10955697206307,-36.89434001383943],[-73.10824954650613,-36.89444389076476],[-73.10810781536973,-36.894249598943915],[-73.10817309026787,-36.894106725631474],[-73.10851378139785,-36.89393087861121],[-73.11015988565357,-36.89388557003327],[-73.11127977085282,-36.89409283196969],[-73.11176585636875,-36.894450948734736],[-73.11244963174379,-36.89441552744448],[-73.11270807659162,-36.894066754210854],[-73.11254161182117,-36.89395534943285],[-73.11265380954535,-36.89359992865584],[-73.11192017959002,-36.89325039671173],[-73.1116270636177,-36.89322540427767],[-73.11142645255029,-36.89302143922114],[-73.11169997881211,-36.8929533693513],[-73.11284583268083,-36.89310112922194],[-73.11310354040573,-36.89301016990062],[-73.11315172848492,-36.89282101610825],[-73.11257712705341,-36.89217303147127],[-73.11280570876166,-36.89208308270517],[-73.11335830729276,-36.89232171055507],[-73.11370529636723,-36.893552483300944],[-73.11393943914389,-36.89383730459227],[-73.11425560836628,-36.894019680173926],[-73.1149491747616,-36.89403077465664],[-73.11508122054136,-36.89390901772258],[-73.1165144172703,-36.893431594185834],[-73.11651145830778,-36.89317317611151],[-73.11674704860067,-36.89294236501101],[-73.11706150650332,-36.89316067780975],[-73.11742617279315,-36.89315973857175],[-73.11772378103043,-36.8929970776287],[-73.1185518922191,-36.892933175693706],[-73.11921673606766,-36.893020674774064],[-73.11968388021715,-36.89329739287753],[-73.119830044136,-36.89357354002214],[-73.11981792170597,-36.893890336917664],[-73.11991914437925,-36.89414460951961],[-73.12013371197695,-36.89433635665181],[-73.12035591515672,-36.89439894395876],[-73.1207022442028,-36.894328325252765],[-73.12098402902086,-36.89414277177005],[-73.12129042590082,-36.89380476509584],[-73.12013978955565,-36.892620243800735],[-73.12014372389815,-36.89215140107939],[-73.11995490240632,-36.89162480729193],[-73.11970901815803,-36.89139313487541],[-73.11919340019476,-36.89129972384591],[-73.11887691642856,-36.89111151308392],[-73.11881686773205,-36.89080893990652],[-73.11848834474087,-36.890668016439584],[-73.11774564773506,-36.89096330636775],[-73.11729551438889,-36.891002366441406],[-73.11651343851479,-36.8916505446041],[-73.11549693657308,-36.89221237876589],[-73.1152316890343,-36.89216299245678],[-73.11525147365057,-36.891717034831245],[-73.11472160950521,-36.89162995711978],[-73.11479640030895,-36.89139300946154],[-73.11598774512312,-36.891403674762245],[-73.11646610612821,-36.89121131072864],[-73.11679287831751,-36.89091288768453],[-73.11687269367725,-36.89076950612357],[-73.11673445580098,-36.89050479718234],[-73.11626798286048,-36.890545152720065],[-73.11616489111289,-36.890255788697786],[-73.11650931994826,-36.890150094931144],[-73.11769862382344,-36.890529921018285],[-73.11819248087016,-36.89035458887397],[-73.11860629211544,-36.89004728065021],[-73.11883647444773,-36.88985180593419],[-73.11892707055823,-36.889637742451754],[-73.11878096028127,-36.889226839135766],[-73.1187662113654,-36.888817233717056],[-73.11847005017951,-36.8884642691976],[-73.11640209003914,-36.88866494129439],[-73.11605892526536,-36.888794025293635],[-73.11616463633582,-36.88916605521477],[-73.11597839667652,-36.889500611616015],[-73.11601821162931,-36.88969843080571],[-73.11572163863529,-36.88930372904028],[-73.11567616515909,-36.88900064737984],[-73.11539636700668,-36.88895176621355],[-73.11477298866058,-36.88929562725149],[-73.1145918785688,-36.889759630475275],[-73.1142120393067,-36.88974936926322],[-73.11422428646107,-36.88916306164158],[-73.11446746754314,-36.888937849996765],[-73.11651194753426,-36.888029107420216],[-73.11770135015561,-36.888004671636274],[-73.1178660080743,-36.887811473658275],[-73.11796873557398,-36.88728061317268],[-73.11780866125832,-36.88701666353127],[-73.1175320604712,-36.88689151138541],[-73.11948388313546,-36.88592295384298],[-73.12008422553524,-36.88623605779095],[-73.12025630716141,-36.886587469623386],[-73.12092229584177,-36.88649402968296],[-73.12069625986531,-36.88663077559202],[-73.12035421231971,-36.88732228056997],[-73.12037042358577,-36.888165387929526],[-73.12022281121737,-36.888539620444796],[-73.120388879551,-36.888914675925264],[-73.12110360648656,-36.88891328344066],[-73.12130836200322,-36.88905849927241],[-73.12094017671225,-36.88926463081289],[-73.12009278600587,-36.889376089783],[-73.11997019951433,-36.889673287972194],[-73.120047999919,-36.88989908029882],[-73.12027778439797,-36.88996726405612],[-73.1213622466135,-36.889923732139486],[-73.12146067036622,-36.889990618396695],[-73.12142787161427,-36.89012651044887],[-73.12122083344457,-36.890209868492846],[-73.120478231838,-36.89023566545186],[-73.12027941758556,-36.89033631314864],[-73.12021157144126,-36.890701916584575],[-73.12044887595015,-36.891045202732855],[-73.12128562977068,-36.89168403995483],[-73.1216388758687,-36.8917420716991],[-73.1218719259147,-36.891464468249744],[-73.12248604061982,-36.89121976006047],[-73.12266644302161,-36.89131894928106],[-73.1222489017937,-36.89155682710707],[-73.12203734346195,-36.89196257868599],[-73.1223948595645,-36.89264149434723],[-73.1224136909196,-36.893261875115336],[-73.1225573448661,-36.893491234943184],[-73.12352217817663,-36.893528004499885],[-73.12357720615496,-36.89373700819584],[-73.1231397331755,-36.89374049782264],[-73.12266613626312,-36.893885853654815],[-73.12269575169776,-36.8944355526568],[-73.12258864102394,-36.894884545429704],[-73.12276772333706,-36.895229849575514],[-73.12321724716516,-36.895179071958545],[-73.12354208247972,-36.89498029780373],[-73.12410522067914,-36.89487210548626],[-73.12379491600001,-36.895205128414766],[-73.1232851895936,-36.89549235372202],[-73.12275274429277,-36.89562876986291],[-73.12256400170178,-36.89591655249124],[-73.12273104660466,-36.89630914626733],[-73.12297475098688,-36.89649987519461],[-73.12390091535333,-36.89690123073341],[-73.12426370539029,-36.896865181418924],[-73.1241833941124,-36.89645785736409],[-73.12424109768536,-36.895904390272065],[-73.12460829577839,-36.89595021080326],[-73.12460878031172,-36.89677115942681],[-73.12484647180985,-36.89698552867178],[-73.1252526610167,-36.89680735588929],[-73.12555843424158,-36.89693147355454],[-73.12507590696089,-36.897317360891066],[-73.12510972967073,-36.89753881888115],[-73.12554404219706,-36.89761159639076],[-73.12626016506651,-36.89736405182501],[-73.12639879332306,-36.89749983990739],[-73.12629204489319,-36.89781992915349],[-73.12560722147539,-36.89824214927763],[-73.12564858736226,-36.89873870975028],[-73.12691073934447,-36.89860618693252],[-73.12729976932897,-36.89878599172474],[-73.12700567091012,-36.8990137325551],[-73.12602741211776,-36.89927040071471],[-73.12574436253058,-36.89943257560066],[-73.12585478579557,-36.89972167493694],[-73.12615739062608,-36.89992206605465],[-73.12647269318624,-36.89995210846091],[-73.12717675542297,-36.89975111554056],[-73.12711338153211,-36.90006383691726],[-73.12648806926899,-36.9006429127327],[-73.1266953377411,-36.90110440525833],[-73.12677593293378,-36.90178708149607],[-73.12691265251455,-36.90202253505649],[-73.12714087647055,-36.90219621714248],[-73.1276480322071,-36.90226645034639],[-73.12948783043268,-36.901211540828115],[-73.12984367122493,-36.90118157446726],[-73.13003649995582,-36.90096980272881],[-73.1300238726984,-36.900735889993854],[-73.13026958331459,-36.90042267727866],[-73.13032189580066,-36.89990528147044],[-73.13022727941022,-36.89963907165271],[-73.12939419488535,-36.89880097597569],[-73.12910303875488,-36.898272102286676],[-73.12936134148819,-36.8981246960467],[-73.12977470623186,-36.89807954611988],[-73.1299898572895,-36.89882198081078],[-73.13069003094022,-36.89936004289701],[-73.13086648372348,-36.90073657417322],[-73.13060115855194,-36.90095673057455],[-73.13052637407668,-36.90146319120392],[-73.13019963795324,-36.90162689819587],[-73.12948732197385,-36.90167513538932],[-73.12842184295302,-36.90227613616344],[-73.12787854673219,-36.90248252749493],[-73.1274277233757,-36.90250993405512],[-73.12670787684013,-36.902148300930286],[-73.12643827963021,-36.901478059681885],[-73.12641367690982,-36.9010219287661],[-73.12620927528499,-36.900478311936915],[-73.1258819596629,-36.90036080421107],[-73.12508668745802,-36.90049392391008],[-73.12482197768374,-36.90072576436165],[-73.12471997823076,-36.900998816572795],[-73.12479961028174,-36.90166395163056],[-73.12516729494705,-36.90252998507672],[-73.12486387660891,-36.90312641834726],[-73.12485493053691,-36.90350169297231],[-73.12495996875812,-36.90382613262562],[-73.12523976954932,-36.904144494344685],[-73.12557151749732,-36.90434387247155],[-73.12632308471264,-36.904481774014876],[-73.12645094843279,-36.90468824244018],[-73.1266015866496,-36.905418280978324],[-73.12650844887683,-36.9057203202162],[-73.12659194256858,-36.906186118975164],[-73.12653518809371,-36.90662164547829],[-73.12665924610997,-36.90689269191018],[-73.12665725212935,-36.90739661819039],[-73.12705157025431,-36.908349599817555],[-73.12713223055653,-36.90876276760883],[-73.12707458127485,-36.90891124349806],[-73.12651826238896,-36.90738973709683],[-73.12626599484244,-36.90704112723089],[-73.12626628240437,-36.9055588398503],[-73.12617450382525,-36.905176084113016],[-73.12626793229114,-36.905014646896106],[-73.12624740108622,-36.904769291441916],[-73.12601157357943,-36.90459001393647],[-73.12563831242137,-36.90456784512288],[-73.12500698043577,-36.90476556801515],[-73.12471413400762,-36.9047464584855],[-73.12445835638229,-36.90460302486098],[-73.12409426849267,-36.90461568521593],[-73.12353953215445,-36.90488104281191],[-73.1234080814689,-36.90514925958297],[-73.12297731327962,-36.90730855798208],[-73.12309735681106,-36.908452711797786],[-73.12300227925067,-36.90885441597486],[-73.12132472183498,-36.90940486174744],[-73.12097328396649,-36.909381920899015]]]}},{"type":"Feature","properties":{"comuna":"SanPedroDeLaPaz","zona":"ZRQ","zona_code":"ZRQ","nombre":"ZRQ Zona de riesgo por drenajes y quebradas","decreto":"Publicacion PRC San Pedro de la Paz. Decreto Alc. N°310. Fecha de promulgacion 10.03.2011. Fecha de publicacion D.O. 24.03.2011."},"geometry":{"type":"Polygon","coordinates":[[[-73.12056525639852,-36.906074151594325],[-73.11999701584838,-36.90642784416484],[-73.11990829823203,-36.906676996121206],[-73.11992130469103,-36.9077311305966],[-73.11965774016144,-36.90825586187586],[-73.1191852306651,-36.90869410806158],[-73.11889331306683,-36.90869252939687],[-73.11893456473517,-36.90837472018807],[-73.11932921289105,-36.90784543808784],[-73.11946555782747,-36.90712592687387],[-73.11940989773487,-36.906905225180815],[-73.11915538079757,-36.90678517140793],[-73.11876971000956,-36.90693917728212],[-73.11817368188609,-36.907522320509074],[-73.11873482497164,-36.9067316680079],[-73.11905861724877,-36.90651243522935],[-73.12056525639852,-36.906074151594325]]]}},{"type":"Feature","properties":{"comuna":"SanPedroDeLaPaz","zona":"ZRQ","zona_code":"ZRQ","nombre":"ZRQ Zona de riesgo por drenajes y quebradas","decreto":"Publicacion PRC San Pedro de la Paz. Decreto Alc. N°310. Fecha de promulgacion 10.03.2011. Fecha de publicacion D.O. 24.03.2011."},"geometry":{"type":"Polygon","coordinates":[[[-73.10856631202098,-36.89830561407032],[-73.10819011210812,-36.89846584868547],[-73.10810609642498,-36.89883713241336],[-73.1072614593033,-36.898866382994846],[-73.1069658101435,-36.89879459600503],[-73.10652566394452,-36.89902075339675],[-73.10552873822814,-36.89974660829076],[-73.10471240731447,-36.90054163746129],[-73.10440093568825,-36.900446956734804],[-73.10432448720643,-36.900109788784455],[-73.10447602689176,-36.899670989878366],[-73.1050296776155,-36.89911281595871],[-73.10571567683881,-36.89874413359079],[-73.10587724785181,-36.89849246872998],[-73.10623252728358,-36.8983161231419],[-73.10656684018508,-36.89829283155314],[-73.10781859551436,-36.89823776978776],[-73.10856631202098,-36.89830561407032]]]}},{"type":"Feature","properties":{"comuna":"SanPedroDeLaPaz","zona":"ZRQ","zona_code":"ZRQ","nombre":"ZRQ Zona de riesgo por drenajes y quebradas","decreto":"Publicacion PRC San Pedro de la Paz. Decreto Alc. N°310. Fecha de promulgacion 10.03.2011. Fecha de publicacion D.O. 24.03.2011."},"geometry":{"type":"Polygon","coordinates":[[[-73.12970256991898,-36.89782427045557],[-73.12934121062338,-36.89781927478765],[-73.1293603473067,-36.896957364911344],[-73.12917897641398,-36.8968406441953],[-73.12903204866716,-36.89709182890402],[-73.12871644152091,-36.897055944439714],[-73.12857339373411,-36.89683828889106],[-73.12767065377632,-36.896330696916095],[-73.12753649387749,-36.8960072729678],[-73.12773310378213,-36.89586567826922],[-73.12799392796414,-36.895967918991644],[-73.12821072866065,-36.89620058451616],[-73.12885397365629,-36.89622506572634],[-73.12910571827176,-36.8957534578205],[-73.12887551172129,-36.894326064926084],[-73.12863248059016,-36.89387753764321],[-73.12801617093582,-36.89381110513867],[-73.12769715923693,-36.89344138451959],[-73.1278940781327,-36.893305638467716],[-73.12777445871643,-36.89311645987181],[-73.12716606707953,-36.89306146574984],[-73.12627510559207,-36.89250072243381],[-73.1253551306831,-36.89275462286121],[-73.12570317064822,-36.892039461075726],[-73.12551279570091,-36.89121413178945],[-73.12498434455267,-36.89047672251593],[-73.12487368719626,-36.88991226590892],[-73.12499080354927,-36.88991991101993],[-73.12576042008985,-36.8908012617028],[-73.1261568862552,-36.89152568138976],[-73.1264344630852,-36.891668354456776],[-73.12743097027769,-36.89148135572227],[-73.1274933147976,-36.891555351163035],[-73.12675474952115,-36.89192671743696],[-73.12668790794096,-36.89217511274408],[-73.12704902740806,-36.89264956228997],[-73.12750355143103,-36.892827088322775],[-73.12800336351005,-36.89289757763251],[-73.12839525420607,-36.89286050396348],[-73.12866497478957,-36.892722222651685],[-73.12863150867072,-36.892237106762316],[-73.1288781007531,-36.892210946672094],[-73.12928878860988,-36.891440865987434],[-73.12939554051398,-36.890986021963066],[-73.12930759231797,-36.890707861026286],[-73.12828720181187,-36.89004617948829],[-73.12805057564502,-36.88931034571463],[-73.12782622805653,-36.888937330234796],[-73.12773768306256,-36.888512718788704],[-73.12779726543435,-36.88812982260988],[-73.12769221620967,-36.8879401380407],[-73.12671537719963,-36.88794995654671],[-73.12670276614563,-36.887716042504564],[-73.12705255456385,-36.88757498025064],[-73.12720769889944,-36.88734108914413],[-73.12693386067359,-36.886049959798484],[-73.12603258653755,-36.88529623034969],[-73.12566452485402,-36.8850981142742],[-73.12585873133533,-36.88481086984727],[-73.1259904007635,-36.8848180079981],[-73.12631824871129,-36.88508196868706],[-73.12661958978042,-36.88498946293893],[-73.12682134833352,-36.88470708055409],[-73.12688801359056,-36.88526720717348],[-73.12745284082156,-36.886003342140384],[-73.12739067993054,-36.886608962670024],[-73.1276529678986,-36.88714470544521],[-73.12802766714098,-36.88746561917599],[-73.12816149511136,-36.887783196112856],[-73.12798351372864,-36.88826981234908],[-73.12801986302931,-36.888538052361056],[-73.1283917066094,-36.88894108740253],[-73.12873246745274,-36.88971430667004],[-73.1296559793327,-36.89047309817597],[-73.12987623901499,-36.89077008771639],[-73.12982295510886,-36.891404693205594],[-73.12923395307003,-36.89279029928215],[-73.1292280880475,-36.893763064302476],[-73.12934699013981,-36.894479557725674],[-73.12949920910948,-36.8947320451576],[-73.12933655261894,-36.89631372558241],[-73.12970256991898,-36.89782427045557]]]}},{"type":"Feature","properties":{"comuna":"SanPedroDeLaPaz","zona":"ZRR","zona_code":"ZRR","nombre":"ZRR Zona de riesgo de remocion en masa","decreto":"Publicacion PRC San Pedro de la Paz. Decreto Alc. N°310. Fecha de promulgacion 10.03.2011. Fecha de publicacion D.O. 24.03.2011."},"geometry":{"type":"Polygon","coordinates":[[[-73.07865946193847,-36.90231407163574],[-73.07798124286738,-36.901634323221536],[-73.07806912202697,-36.90027203634162],[-73.07835086374153,-36.899535845322596],[-73.07866960957166,-36.89922022280868],[-73.07867232685597,-36.898997491284725],[-73.07829078879296,-36.89868251092757],[-73.07836632288794,-36.898457275647175],[-73.0788787487865,-36.89821701816169],[-73.07888395960222,-36.898041071864455],[-73.07852741155428,-36.897373698923374],[-73.07869281421864,-36.89719224475672],[-73.07930445706299,-36.89717121199014],[-73.07973323620264,-36.89700413410283],[-73.0799937155396,-36.89669051209917],[-73.08014476998639,-36.89624003967775],[-73.08013688071479,-36.89581847019539],[-73.08040630385688,-36.895399079835855],[-73.08042966643926,-36.896213395622304],[-73.08094869546694,-36.89719155292239],[-73.0806844761759,-36.89743499870274],[-73.08005368606442,-36.897644182524694],[-73.07978300738537,-36.89804017949701],[-73.07955744601033,-36.89900879738701],[-73.07860843013475,-36.901185790822446],[-73.07865946193847,-36.90231407163574]]]}},{"type":"Feature","properties":{"comuna":"SanPedroDeLaPaz","zona":"ZRR","zona_code":"ZRR","nombre":"ZRR Zona de riesgo de remocion en masa","decreto":"Publicacion PRC San Pedro de la Paz. Decreto Alc. N°310. Fecha de promulgacion 10.03.2011. Fecha de publicacion D.O. 24.03.2011."},"geometry":{"type":"Polygon","coordinates":[[[-73.08288796571624,-36.894880129494744],[-73.08373475975866,-36.89526769347414],[-73.08392449047061,-36.895542388647506],[-73.08398815375513,-36.89591516556349],[-73.08358601923749,-36.896034470303725],[-73.08263695202676,-36.89602026784584],[-73.08193024704433,-36.896173485050916],[-73.08137199354539,-36.895998618479936],[-73.08247147501869,-36.895550660426004],[-73.08288796571624,-36.894880129494744]]]}},{"type":"Feature","properties":{"comuna":"SanPedroDeLaPaz","zona":"ZRR","zona_code":"ZRR","nombre":"ZRR Zona de riesgo de remocion en masa","decreto":"Publicacion PRC San Pedro de la Paz. Decreto Alc. N°310. Fecha de promulgacion 10.03.2011. Fecha de publicacion D.O. 24.03.2011."},"geometry":{"type":"Polygon","coordinates":[[[-73.08422767703934,-36.892373273667395],[-73.08502556394339,-36.892938280433164],[-73.08526210046648,-36.89326995051424],[-73.08536758033772,-36.89360613327917],[-73.08532309081853,-36.89468570168926],[-73.08513420343199,-36.89497343338187],[-73.08329945719302,-36.89411602626683],[-73.08380809399145,-36.89380557217504],[-73.08410286951045,-36.89331499391811],[-73.0842349616241,-36.892783145339024],[-73.08422767703934,-36.892373273667395]]]}},{"type":"Feature","properties":{"comuna":"SanPedroDeLaPaz","zona":"ZRR","zona_code":"ZRR","nombre":"ZRR Zona de riesgo de remocion en masa","decreto":"Publicacion PRC San Pedro de la Paz. Decreto Alc. N°310. Fecha de promulgacion 10.03.2011. Fecha de publicacion D.O. 24.03.2011."},"geometry":{"type":"Polygon","coordinates":[[[-73.08191523555568,-36.892780966759325],[-73.0814082745982,-36.892575773020525],[-73.0806098897676,-36.891829864274136],[-73.08069685562803,-36.89154564578141],[-73.08039688905754,-36.891391914484025],[-73.07982897869086,-36.89141144771304],[-73.07941229801685,-36.891531238032734],[-73.07846323089727,-36.89233724783947],[-73.07822542281532,-36.892802417710506],[-73.07829255481352,-36.89197473701595],[-73.07841698185398,-36.89157205342957],[-73.07830405688955,-36.8910955048931],[-73.07837397553388,-36.890765002862004],[-73.07864962667414,-36.890462579757965],[-73.07909355650787,-36.890306702326015],[-73.07990442061981,-36.89046630250273],[-73.08101169825581,-36.89126017865535],[-73.08160913830189,-36.89152085124538],[-73.08200770879856,-36.89188210555154],[-73.08212128202675,-36.89237034505229],[-73.08191523555568,-36.892780966759325]]]}},{"type":"Feature","properties":{"comuna":"SanPedroDeLaPaz","zona":"ZRR","zona_code":"ZRR","nombre":"ZRR Zona de riesgo de remocion en masa","decreto":"Publicacion PRC San Pedro de la Paz. Decreto Alc. N°310. Fecha de promulgacion 10.03.2011. Fecha de publicacion D.O. 24.03.2011."},"geometry":{"type":"Polygon","coordinates":[[[-73.08311930782337,-36.89210676744955],[-73.08294341582794,-36.891099965023315],[-73.08238862487076,-36.89054488643779],[-73.08262306968656,-36.89029074461328],[-73.08380047321006,-36.890484573477835],[-73.0844177918153,-36.89046844617577],[-73.08418148021046,-36.89068750294914],[-73.08376293897088,-36.89077221923852],[-73.08320710174009,-36.890744481167715],[-73.08308415817525,-36.890901044327016],[-73.08327158449151,-36.89167968487962],[-73.08311930782337,-36.89210676744955]]]}},{"type":"Feature","properties":{"comuna":"SanPedroDeLaPaz","zona":"ZRR","zona_code":"ZRR","nombre":"ZRR Zona de riesgo de remocion en masa","decreto":"Publicacion PRC San Pedro de la Paz. Decreto Alc. N°310. Fecha de promulgacion 10.03.2011. Fecha de publicacion D.O. 24.03.2011."},"geometry":{"type":"Polygon","coordinates":[[[-73.0843491401691,-36.890002098690054],[-73.08394712677637,-36.88995222348174],[-73.08294967045681,-36.88957643569207],[-73.08271066052981,-36.889197974329456],[-73.08297297470635,-36.88891943760498],[-73.0850060466749,-36.888643651162255],[-73.08458231804602,-36.88890431517823],[-73.0840341939733,-36.8895676656226],[-73.0843491401691,-36.890002098690054]]]}},{"type":"Feature","properties":{"comuna":"SanPedroDeLaPaz","zona":"ZRR","zona_code":"ZRR","nombre":"ZRR Zona de riesgo de remocion en masa","decreto":"Publicacion PRC San Pedro de la Paz. Decreto Alc. N°310. Fecha de promulgacion 10.03.2011. Fecha de publicacion D.O. 24.03.2011."},"geometry":{"type":"Polygon","coordinates":[[[-73.08055698358316,-36.88837493140394],[-73.08111455397227,-36.88853811007779],[-73.08120232757662,-36.888816317115754],[-73.08113055150467,-36.889111731639545],[-73.08086947670341,-36.889413658074574],[-73.08055224274737,-36.8894831595928],[-73.08006423390792,-36.88935933194224],[-73.07829347310027,-36.88942534782399],[-73.07891088877822,-36.889240070744634],[-73.08033353948862,-36.88910912181355],[-73.08062498601798,-36.88882958662166],[-73.08055698358316,-36.88837493140394]]]}},{"type":"Feature","properties":{"comuna":"SanPedroDeLaPaz","zona":"ZRR","zona_code":"ZRR","nombre":"ZRR Zona de riesgo de remocion en masa","decreto":"Publicacion PRC San Pedro de la Paz. Decreto Alc. N°310. Fecha de promulgacion 10.03.2011. Fecha de publicacion D.O. 24.03.2011."},"geometry":{"type":"Polygon","coordinates":[[[-73.08369812603466,-36.888361317012865],[-73.08340612478928,-36.88815165986157],[-73.08328974694393,-36.88720066553715],[-73.08340467748289,-36.886757291403654],[-73.08390817113313,-36.88607790471305],[-73.08566668286602,-36.885818152091936],[-73.08624225101148,-36.88607955467511],[-73.08663848300525,-36.88643135431192],[-73.08524606644092,-36.88685428212285],[-73.08435785445926,-36.886884866288376],[-73.08397032755369,-36.887003667781954],[-73.08379455590787,-36.887537019356145],[-73.08394973484192,-36.88825818023275],[-73.08369812603466,-36.888361317012865]]]}},{"type":"Feature","properties":{"comuna":"SanPedroDeLaPaz","zona":"ZRR","zona_code":"ZRR","nombre":"ZRR Zona de riesgo de remocion en masa","decreto":"Publicacion PRC San Pedro de la Paz. Decreto Alc. N°310. Fecha de promulgacion 10.03.2011. Fecha de publicacion D.O. 24.03.2011."},"geometry":{"type":"Polygon","coordinates":[[[-73.07535362640614,-36.88846005810609],[-73.07523915052097,-36.88904988148396],[-73.07524653289676,-36.89001048984034],[-73.07504133253316,-36.89081435194598],[-73.07424158023557,-36.891685505897534],[-73.07323780533879,-36.892012922212736],[-73.07298870954936,-36.89140995072303],[-73.07256168182296,-36.891061358708356],[-73.07214585908115,-36.890923301528844],[-73.07154434552054,-36.89031118543162],[-73.07123494945853,-36.88943124756015],[-73.07122960242296,-36.88905646030412],[-73.07139438627374,-36.88886331956686],[-73.07198580531056,-36.888737559841616],[-73.07213789155833,-36.88858000680124],[-73.07205450684255,-36.88838366634757],[-73.07181219178537,-36.88821621557355],[-73.07193204312289,-36.88800117994938],[-73.07253863859565,-36.88788661558317],[-73.07306969056465,-36.88799727929316],[-73.07411761659384,-36.88850031596209],[-73.07470567444099,-36.88858557910824],[-73.07535362640614,-36.88846005810609]]]}},{"type":"Feature","properties":{"comuna":"SanPedroDeLaPaz","zona":"ZRR","zona_code":"ZRR","nombre":"ZRR Zona de riesgo de remocion en masa","decreto":"Publicacion PRC San Pedro de la Paz. Decreto Alc. N°310. Fecha de promulgacion 10.03.2011. Fecha de publicacion D.O. 24.03.2011."},"geometry":{"type":"Polygon","coordinates":[[[-73.07207632780413,-36.89239261542208],[-73.07181209280257,-36.89263604211898],[-73.07133792857444,-36.89246409910407],[-73.06971743045254,-36.89216816997504],[-73.06645498137793,-36.890897342551426],[-73.06497048299805,-36.890139688634314],[-73.06307069526511,-36.889768280706676],[-73.0630229444746,-36.889418379659695],[-73.06082438730414,-36.88894877776034],[-73.06029177085367,-36.8885334464084],[-73.0595261433007,-36.88757534579198],[-73.05996179542453,-36.886506559038295],[-73.06081656369544,-36.88639527832071],[-73.0610380422212,-36.88589554545927],[-73.06134196289203,-36.885849988106564],[-73.0618544176012,-36.88616054412744],[-73.06230581245438,-36.88614508781155],[-73.06277763848927,-36.88596487991683],[-73.06320097213064,-36.886485742534774],[-73.06328501337636,-36.887244526506535],[-73.0634012227834,-36.887510056655444],[-73.06373551273998,-36.887486888508484],[-73.06397836555517,-36.88711531483246],[-73.06407954515116,-36.885998650760584],[-73.06422419137542,-36.88570074833764],[-73.06468269002353,-36.88554442576756],[-73.06510495816072,-36.885529956961335],[-73.0654219189716,-36.88573001709503],[-73.06555614878907,-36.88633474685244],[-73.06448317857645,-36.88810575750977],[-73.06435930097076,-36.888520127548084],[-73.06456136897944,-36.88902879100086],[-73.06485446516301,-36.88905390170192],[-73.06513451544971,-36.88883338372963],[-73.06524444832394,-36.88843120945381],[-73.06560840877451,-36.88786799613123],[-73.06610411705597,-36.88786272533792],[-73.06667609204437,-36.888194654568785],[-73.0675465855905,-36.889477211491695],[-73.06738676303507,-36.889763919973504],[-73.06731990499132,-36.89015290155639],[-73.06789154452707,-36.890203607494236],[-73.06829829310671,-36.88989671295667],[-73.06849930982261,-36.88956171901448],[-73.06834924432307,-36.88893410116341],[-73.06773596733233,-36.88809972859203],[-73.06776224627343,-36.88777072704482],[-73.0678669271154,-36.88754449789307],[-73.06825448620555,-36.88742574717036],[-73.06860830762486,-36.88749563819567],[-73.0690752514792,-36.88777256962635],[-73.06974865121616,-36.88864002634761],[-73.0700771985058,-36.88933182571114],[-73.070444940985,-36.89076050320492],[-73.07148342889896,-36.89190836696236],[-73.07207632780413,-36.89239261542208]]]}},{"type":"Feature","properties":{"comuna":"SanPedroDeLaPaz","zona":"ZRR","zona_code":"ZRR","nombre":"ZRR Zona de riesgo de remocion en masa","decreto":"Publicacion PRC San Pedro de la Paz. Decreto Alc. N°310. Fecha de promulgacion 10.03.2011. Fecha de publicacion D.O. 24.03.2011."},"geometry":{"type":"Polygon","coordinates":[[[-73.07445220124836,-36.88413198713601],[-73.07476520206234,-36.88453136127374],[-73.07475811194602,-36.88467221865319],[-73.07314079816804,-36.884398925986616],[-73.06863656251404,-36.8847680703893],[-73.06824865998794,-36.884605604601916],[-73.06809175793998,-36.884226493961606],[-73.06758719593716,-36.883927411750534],[-73.06758453264104,-36.88374001726932],[-73.06779610434579,-36.88360386654574],[-73.06832538848509,-36.8835447044591],[-73.07159495323266,-36.883994994632594],[-73.07347002479749,-36.88400679224876],[-73.07445220124836,-36.88413198713601]]]}},{"type":"Feature","properties":{"comuna":"SanPedroDeLaPaz","zona":"ZRR","zona_code":"ZRR","nombre":"ZRR Zona de riesgo de remocion en masa","decreto":"Publicacion PRC San Pedro de la Paz. Decreto Alc. N°310. Fecha de promulgacion 10.03.2011. Fecha de publicacion D.O. 24.03.2011."},"geometry":{"type":"Polygon","coordinates":[[[-73.081932707324,-36.88435526659551],[-73.08249776487189,-36.88452257570122],[-73.08263088510336,-36.88469376123796],[-73.08252812400883,-36.884955089163746],[-73.08221621294072,-36.885124012906765],[-73.08173965496754,-36.88511184864941],[-73.08195391299314,-36.88475294244811],[-73.081932707324,-36.88435526659551]]]}},{"type":"Feature","properties":{"comuna":"SanPedroDeLaPaz","zona":"ZRR","zona_code":"ZRR","nombre":"ZRR Zona de riesgo de remocion en masa","decreto":"Publicacion PRC San Pedro de la Paz. Decreto Alc. N°310. Fecha de promulgacion 10.03.2011. Fecha de publicacion D.O. 24.03.2011."},"geometry":{"type":"Polygon","coordinates":[[[-73.08175218005915,-36.88370528087438],[-73.08236663629884,-36.88319199071203],[-73.08217238841952,-36.88228468564842],[-73.08253847370187,-36.88203773211882],[-73.08308676262715,-36.881925120905414],[-73.0836595995295,-36.88117890020728],[-73.08508312491728,-36.88052056704942],[-73.08541383164722,-36.880157645392885],[-73.08680445762009,-36.87943011814277],[-73.08685179647276,-36.87881403544281],[-73.08769915961918,-36.87911294076699],[-73.08819874317082,-36.8789082421466],[-73.08868490332024,-36.879100944469386],[-73.0886930234045,-36.87925299526839],[-73.08845925421996,-36.87951884306097],[-73.08839188351439,-36.879896133904346],[-73.08808531520636,-36.88016448952201],[-73.08748525242811,-36.8801265760372],[-73.08705366076249,-36.879965678074804],[-73.08642989789315,-36.880303545072564],[-73.08675562686662,-36.88066729482801],[-73.0868072226609,-36.88108735732677],[-73.08664499225443,-36.88132730213296],[-73.08559565583397,-36.88189074415501],[-73.08522126238945,-36.88225516931613],[-73.08461411258197,-36.88235810037237],[-73.08328291353199,-36.88228674843203],[-73.08301001531599,-36.8823664478968],[-73.08307823696605,-36.882551584500995],[-73.08353812149583,-36.88296931451456],[-73.0836321345845,-36.8833644838318],[-73.08334758261469,-36.883772683408324],[-73.08267010991139,-36.883924895719225],[-73.08175218005915,-36.88370528087438]]]}},{"type":"Feature","properties":{"comuna":"SanPedroDeLaPaz","zona":"ZRR","zona_code":"ZRR","nombre":"ZRR Zona de riesgo de remocion en masa","decreto":"Publicacion PRC San Pedro de la Paz. Decreto Alc. N°310. Fecha de promulgacion 10.03.2011. Fecha de publicacion D.O. 24.03.2011."},"geometry":{"type":"Polygon","coordinates":[[[-73.06801320150622,-36.88456680792859],[-73.06717977975204,-36.88425556468422],[-73.06703817070023,-36.88406121532744],[-73.06700807445038,-36.88376930041291],[-73.06705388976661,-36.88353337295891],[-73.06791686573195,-36.88275384088141],[-73.06905033755467,-36.88277575780891],[-73.07221608269724,-36.88319443814921],[-73.07379295839876,-36.88322232665951],[-73.07409250137587,-36.88309486187616],[-73.07426560108752,-36.882784253088325],[-73.07415185349355,-36.88256552063216],[-73.07328035298788,-36.882361089297206],[-73.07235994900803,-36.882334097113116],[-73.0713131107968,-36.88212395165078],[-73.07038125864467,-36.8821559270313],[-73.0700503628704,-36.881968075617586],[-73.07000968721587,-36.88147732113462],[-73.07020881171401,-36.88110723604059],[-73.0714815243494,-36.8800792658767],[-73.07227323345732,-36.879606815858864],[-73.07244509015264,-36.879272816425406],[-73.0720559646698,-36.87908696949498],[-73.07153244029055,-36.87911665464637],[-73.07084974585739,-36.87944474587905],[-73.06920629685975,-36.88090726869661],[-73.06845522012466,-36.881870456459374],[-73.067785733608,-36.88220759873752],[-73.06746167855333,-36.882148401681626],[-73.06611226977326,-36.88255791255487],[-73.06576033711784,-36.88252310269279],[-73.06576185288196,-36.88227697528136],[-73.06599446914859,-36.88198777450591],[-73.06579462624556,-36.88179541930701],[-73.06396099602968,-36.882151191373815],[-73.06320137637233,-36.882130338445315],[-73.06258115181532,-36.88198752854322],[-73.06239215406138,-36.88172448857787],[-73.06279764178718,-36.88139422053421],[-73.0624369770672,-36.88064490816661],[-73.06242084148559,-36.88034079524141],[-73.06480309041646,-36.8801537385121],[-73.06529191690163,-36.880019810846825],[-73.06551307534723,-36.87978959296045],[-73.0659796845548,-36.87975236427913],[-73.06739438889116,-36.87920000315354],[-73.06850465457393,-36.87923224213667],[-73.06957886297073,-36.87858607101222],[-73.06979876133043,-36.87833245324439],[-73.07112981221992,-36.87761374199515],[-73.07096541524122,-36.878088096673885],[-73.0710503939876,-36.878589048753305],[-73.0714293082414,-36.87885727489829],[-73.0723174411276,-36.87882679318308],[-73.07317682764831,-36.8790785205879],[-73.07383524937545,-36.87966524174763],[-73.07378634496997,-36.879842688848505],[-73.07352987137449,-36.87995695500912],[-73.07335366211692,-36.880209080061476],[-73.07355513833909,-36.880706029627454],[-73.07426535047139,-36.88144330164505],[-73.07468475336444,-36.88247178526237],[-73.07471923465724,-36.88284557146992],[-73.07438026450569,-36.883876665878525],[-73.07296933564001,-36.8837808381912],[-73.07131849291933,-36.883802349335305],[-73.06909986801742,-36.883433188097705],[-73.06794253014206,-36.88340842997912],[-73.06749628244215,-36.88352040277361],[-73.0673237519468,-36.883705015579494],[-73.0674109372895,-36.88404184433689],[-73.06781550474301,-36.88431213161131],[-73.06801320150622,-36.88456680792859]]]}},{"type":"Feature","properties":{"comuna":"SanPedroDeLaPaz","zona":"ZRQ","zona_code":"ZRQ","nombre":"ZRQ Zona de riesgo por drenajes y quebradas","decreto":"Publicacion PRC San Pedro de la Paz. Decreto Alc. N°310. Fecha de promulgacion 10.03.2011. Fecha de publicacion D.O. 24.03.2011."},"geometry":{"type":"Polygon","coordinates":[[[-73.10302329985358,-36.885128306512165],[-73.10340827427656,-36.884962660807574],[-73.10428299918493,-36.88522534367894],[-73.10454257402895,-36.885169492032475],[-73.10473073636372,-36.88487003871815],[-73.10494022261067,-36.88496824937328],[-73.1051343889506,-36.88532477917098],[-73.10551922598407,-36.88542863933136],[-73.10668227286473,-36.886442976331814],[-73.10812086772383,-36.88715481620826],[-73.10864329382301,-36.88751168998711],[-73.10904333424257,-36.887626728400846],[-73.10940734830375,-36.8876141183622],[-73.1095897272412,-36.88747890594721],[-73.10946068461365,-36.88724902248808],[-73.10817194518653,-36.8862039142218],[-73.10757020200042,-36.88559199513801],[-73.10756141513845,-36.88542825174354],[-73.10807353160162,-36.88545739001708],[-73.10902297365152,-36.886432228699626],[-73.1094900410411,-36.88670899224178],[-73.10991794433963,-36.88679962707533],[-73.11027316058268,-36.88662327269187],[-73.1103897585621,-36.88634972584536],[-73.11088355100058,-36.88630917952341],[-73.11123059660024,-36.885980775314344],[-73.11153196344061,-36.88588830676733],[-73.1115504042246,-36.88568846672377],[-73.11139412339598,-36.88549468284865],[-73.11092820012506,-36.88551082961237],[-73.11080869194244,-36.88518687583686],[-73.11098666655806,-36.88496978977196],[-73.11084557665592,-36.88478719601501],[-73.1091399201682,-36.88467052408062],[-73.10900009051919,-36.884511319524094],[-73.10922488807736,-36.88435120323437],[-73.11081243128065,-36.884577426924345],[-73.11138806479538,-36.88483870237655],[-73.11186957963488,-36.885384462436214],[-73.11222970265275,-36.88557118040772],[-73.11284447596351,-36.885338949680985],[-73.11380418063237,-36.885282237518354],[-73.11397010099063,-36.885112436259526],[-73.11437715066285,-36.88508660198166],[-73.11443529003319,-36.88535409194144],[-73.11469412692416,-36.88555603237566],[-73.11518413800113,-36.88544529324357],[-73.11530386006925,-36.885230222710916],[-73.11535978099276,-36.884642399114206],[-73.11479466028199,-36.884169860142435],[-73.11454619027376,-36.883346523127834],[-73.11362987490247,-36.882581498657046],[-73.11264097713821,-36.88290872695792],[-73.11239675541053,-36.883385900595975],[-73.11220481686222,-36.88293556468503],[-73.11199532842755,-36.882837366742514],[-73.11093384807356,-36.88262808294844],[-73.11000517574172,-36.88271884840173],[-73.10975000960434,-36.88285658363962],[-73.1096213645239,-36.88317741729072],[-73.10943083364023,-36.883160582359466],[-73.109287240072,-36.88293120256427],[-73.10882698002814,-36.88305260399705],[-73.10843425129265,-36.88361693680507],[-73.10797260572193,-36.88398445480922],[-73.10748033146126,-36.88418898276836],[-73.10739498102024,-36.88395758401852],[-73.10788449299888,-36.88356566810436],[-73.10801691076509,-36.88331501128659],[-73.10674531998527,-36.882995788392634],[-73.10623573056148,-36.8830134283262],[-73.10611172469964,-36.882877107589806],[-73.1062605893559,-36.88266103640475],[-73.1066214430311,-36.882589956937835],[-73.1069430101155,-36.88260226074332],[-73.10823894364222,-36.8829675093701],[-73.10864159287614,-36.8828598232619],[-73.10893667409233,-36.88265040283371],[-73.10989898126631,-36.88237099691902],[-73.11005034434218,-36.882201704959236],[-73.1096680139534,-36.881465017807216],[-73.10997124940906,-36.88140764234556],[-73.11051059634292,-36.88208029945191],[-73.11092454243926,-36.88218313314977],[-73.11134174209215,-36.88207493366822],[-73.11148242394664,-36.88170681035567],[-73.11199248253953,-36.88129073083359],[-73.11229257357533,-36.88117487027025],[-73.11240265562978,-36.881323383677284],[-73.11178491915314,-36.88190724459403],[-73.11167786518105,-36.88208672056382],[-73.11168980032946,-36.88230894303371],[-73.11237649970711,-36.88260151805822],[-73.11350847709576,-36.88222246040731],[-73.11344217572618,-36.88180292231452],[-73.11373273439447,-36.88178113015539],[-73.11404717579316,-36.8822037803273],[-73.11432694845094,-36.88225266580607],[-73.11493953716474,-36.881844735536035],[-73.11505559856764,-36.882064079979436],[-73.1146545904951,-36.88251373823657],[-73.11455157992339,-36.88290399414687],[-73.1151868223295,-36.88373149184768],[-73.11546560823311,-36.88389758513629],[-73.11573784100541,-36.8838061171933],[-73.116271128664,-36.88300838980181],[-73.1164469278008,-36.88261560631366],[-73.11651383094383,-36.88182527261229],[-73.1168195764493,-36.88181466294742],[-73.11694815742852,-36.88203576516211],[-73.11691561414179,-36.882786825130786],[-73.11669043052107,-36.88321061699784],[-73.11613535582379,-36.88387434897417],[-73.11619129763432,-36.88410090219309],[-73.11666695850401,-36.88426602164225],[-73.11731895692415,-36.884319558783474],[-73.1179582868286,-36.8853578154213],[-73.1184342737829,-36.88552877454177],[-73.11870902560446,-36.88548408236226],[-73.11905548685193,-36.88487445241822],[-73.11946765175395,-36.88467265855084],[-73.11986076606529,-36.884659006850036],[-73.12013039588534,-36.88479025426494],[-73.12028858544623,-36.88501911319641],[-73.12025930408763,-36.88555914208172],[-73.12040041719641,-36.885741722584086],[-73.12139994017912,-36.88588276610844],[-73.12152271846351,-36.88599567686475],[-73.12115927016171,-36.88628952718148],[-73.12042728142058,-36.886410159971106],[-73.12030360038054,-36.88614494980398],[-73.11977416952249,-36.88579423138344],[-73.11953648877133,-36.885714603852676],[-73.11924717674076,-36.885759802900246],[-73.11717076142254,-36.88685278699308],[-73.11729299590861,-36.88668449779082],[-73.11707603331305,-36.8861764505746],[-73.11656216575106,-36.88570800043988],[-73.11589429089285,-36.88576632816867],[-73.115280419818,-36.886150872958346],[-73.11408696216102,-36.88660824555546],[-73.11383493430233,-36.88680446838038],[-73.11352838345384,-36.88720764089373],[-73.11353636077546,-36.887763221887674],[-73.11330203201727,-36.88801741819321],[-73.11305135963896,-36.88796752138892],[-73.1132389705404,-36.88738685019495],[-73.11300893738375,-36.886872657601415],[-73.11190371727906,-36.88666490071117],[-73.11132695824674,-36.886790349945585],[-73.11088301201697,-36.88721585405772],[-73.11051100833986,-36.888166159752075],[-73.10999812973485,-36.88839484903083],[-73.10948159814413,-36.888283849111566],[-73.10898641594078,-36.88857050919474],[-73.10875897602799,-36.888953353311074],[-73.10797256846361,-36.88925009509026],[-73.10759562178913,-36.889837315785094],[-73.10690846203498,-36.88974100150881],[-73.1068844870016,-36.88956606597439],[-73.10713351396873,-36.88873574096957],[-73.10766987631239,-36.88840079127953],[-73.10784811338759,-36.8876446872345],[-73.10613408477329,-36.88703319023332],[-73.10558543994298,-36.88659518854494],[-73.10533817907768,-36.8860647319292],[-73.10500091671084,-36.88576002434918],[-73.10368937567438,-36.88551245768765],[-73.10324190982898,-36.885328734147286],[-73.10302329985358,-36.885128306512165]]]}},{"type":"Feature","properties":{"comuna":"SanPedroDeLaPaz","zona":"ZRQ","zona_code":"ZRQ","nombre":"ZRQ Zona de riesgo por drenajes y quebradas","decreto":"Publicacion PRC San Pedro de la Paz. Decreto Alc. N°310. Fecha de promulgacion 10.03.2011. Fecha de publicacion D.O. 24.03.2011."},"geometry":{"type":"Polygon","coordinates":[[[-73.12412433212089,-36.88460094016494],[-73.12509289793944,-36.884438370792445],[-73.12533095770782,-36.884254327865385],[-73.12537595925644,-36.884006692473804],[-73.12519878775674,-36.8836964781321],[-73.12431765572228,-36.88358650305281],[-73.12439556072006,-36.88340803062984],[-73.1248855399791,-36.883297253261624],[-73.12487293690944,-36.88306333906539],[-73.12466790999906,-36.882777526560275],[-73.12435334251167,-36.882624416799366],[-73.12327854258294,-36.88243914316275],[-73.12298539533484,-36.88268368461949],[-73.12240631770358,-36.88222338558343],[-73.12239875954414,-36.88208303628056],[-73.12278808097447,-36.881999201634066],[-73.12389655438288,-36.8821327760684],[-73.12389914388261,-36.88191005098772],[-73.12320023657635,-36.88098521609764],[-73.12322836351821,-36.88069495891904],[-73.12373281740967,-36.880853189776936],[-73.12466416310664,-36.88176041987602],[-73.12575071462523,-36.883111176503185],[-73.12611896068873,-36.88385415585507],[-73.12638295230954,-36.883745373915126],[-73.12631342715973,-36.883267369307795],[-73.12599198178802,-36.88271610329961],[-73.12600861535542,-36.88194216190173],[-73.12660426242444,-36.88054462243033],[-73.12658976270316,-36.88027562220834],[-73.12623118069072,-36.88025294092073],[-73.12620974910963,-36.87985528702707],[-73.12640065002789,-36.87960843613122],[-73.12638901961488,-36.87925731178773],[-73.1258649075539,-36.87927554012089],[-73.12547399825725,-36.87946489892055],[-73.12565100317966,-36.87909549760298],[-73.12595109291995,-36.87884484944177],[-73.12579328116603,-36.878352339053436],[-73.12556954747144,-36.87826051898317],[-73.12519279941164,-36.877494397197786],[-73.12435485344204,-36.877101696462404],[-73.12396192051852,-36.876576344149726],[-73.1234530858163,-36.87633624192748],[-73.12296503618896,-36.87648209794761],[-73.12259274516319,-36.87688171788563],[-73.12238114572267,-36.87755697603149],[-73.12230097363042,-36.879047902681364],[-73.1221945039968,-36.879508590379935],[-73.12178969549188,-36.880252811456586],[-73.1213820463193,-36.880266973671645],[-73.12128084180885,-36.88001270133873],[-73.12151763935906,-36.87980527547677],[-73.12192465172993,-36.87910199043375],[-73.12205268394597,-36.878499942041465],[-73.12173086061506,-36.87834707585127],[-73.12176705787545,-36.87793570124059],[-73.12120978393213,-36.87774414318544],[-73.12109434146706,-36.87749622334609],[-73.12069308140126,-36.87735783246411],[-73.12034368620364,-36.87696351128543],[-73.12064311719708,-36.87683593484783],[-73.12128521421897,-36.87738413464937],[-73.12162127638024,-36.87753064837104],[-73.12190390528045,-36.87749739354877],[-73.1220549189358,-36.877322240497236],[-73.12203347249815,-36.87705933921127],[-73.12180219147747,-36.87682716287674],[-73.12134954847293,-36.87668250255763],[-73.1214175172623,-36.87651056531433],[-73.12181525352251,-36.87652790865354],[-73.12258278311705,-36.87629032271938],[-73.12307979587875,-36.87576919256173],[-73.12324113577841,-36.87483789075494],[-73.1230019499598,-36.874594273902616],[-73.12264500655095,-36.87446606638882],[-73.12216459897692,-36.87448275934662],[-73.12176134760922,-36.87471354608152],[-73.12153337914786,-36.87508471282876],[-73.12133257748171,-36.87507997029487],[-73.12190436819606,-36.874254517788216],[-73.12167038344433,-36.87356544637878],[-73.12243368079488,-36.874198044520455],[-73.1235276939542,-36.874573073161166],[-73.12366038707863,-36.875412131662436],[-73.12398934007359,-36.876103756174196],[-73.12570813104773,-36.877414960242064],[-73.12671322239245,-36.87837160753419],[-73.126853644337,-36.878811992035054],[-73.12689183528856,-36.88073821355023],[-73.12652642134279,-36.88153600528494],[-73.12643246411038,-36.88276962348096],[-73.12669945868699,-36.883393088384686],[-73.12670495785142,-36.88430687142608],[-73.12649618435213,-36.88483117299352],[-73.12630848372496,-36.884866996583156],[-73.12612906921339,-36.88465060224562],[-73.12592145174558,-36.88458751786758],[-73.12569227867907,-36.88466579385886],[-73.1254453559109,-36.8850237127349],[-73.12471547739622,-36.88501394064273],[-73.12432999206807,-36.88489844923011],[-73.12412433212089,-36.88460094016494]]]}},{"type":"Feature","properties":{"comuna":"SanPedroDeLaPaz","zona":"ZRQ","zona_code":"ZRQ","nombre":"ZRQ Zona de riesgo por drenajes y quebradas","decreto":"Publicacion PRC San Pedro de la Paz. Decreto Alc. N°310. Fecha de promulgacion 10.03.2011. Fecha de publicacion D.O. 24.03.2011."},"geometry":{"type":"Polygon","coordinates":[[[-73.07474061914863,-36.909959880340104],[-73.07479963995974,-36.909766705894164],[-73.07472387203082,-36.909508587011274],[-73.07510507745071,-36.908789491692794],[-73.07503925976017,-36.90837577099234],[-73.07483651670769,-36.908130803669465],[-73.07431229156603,-36.90801405786132],[-73.07522275810761,-36.90743790042429],[-73.07535177747883,-36.907257700581965],[-73.0753386912952,-36.90701207601751],[-73.07505557030038,-36.90635388878279],[-73.07529643141523,-36.90608196234325],[-73.07654370551072,-36.90559748525301],[-73.07761195433513,-36.90483426155839],[-73.07825906640957,-36.904108944825516],[-73.0786229912214,-36.90354569476028],[-73.07877032202474,-36.903025044972814],[-73.07860843013475,-36.901185790822446],[-73.07955744601033,-36.89900879738701],[-73.07978300738537,-36.89804017949701],[-73.08005368606442,-36.897644182524694],[-73.0806844761759,-36.89743499870274],[-73.08094869546694,-36.89719155292239],[-73.08042966643926,-36.896213395622304],[-73.08040630385688,-36.895399079835855],[-73.08058482483521,-36.89464299956131],[-73.0807932805479,-36.89444834326802],[-73.08105602701549,-36.89445102187763],[-73.08122931269108,-36.8946911334316],[-73.08137199354539,-36.895998618479936],[-73.08193024704433,-36.896173485050916],[-73.08263695202676,-36.89602026784584],[-73.08358601923749,-36.896034470303725],[-73.08398815375513,-36.89591516556349],[-73.08392449047061,-36.895542388647506],[-73.08373475975866,-36.89526769347414],[-73.08288796571624,-36.894880129494744],[-73.08251413230666,-36.89443600203324],[-73.0825453397408,-36.894200571711806],[-73.08278478575231,-36.894040000574805],[-73.08329945719302,-36.89411602626683],[-73.08513420343199,-36.89497343338187],[-73.08532309081853,-36.89468570168926],[-73.08536758033772,-36.89360613327917],[-73.08502556394339,-36.892938280433164],[-73.08422767703934,-36.892373273667395],[-73.08436725813179,-36.89198178069929],[-73.08465849417458,-36.89197175324954],[-73.08526801582154,-36.89218511921778],[-73.08558338135181,-36.892080515641595],[-73.08601294167936,-36.891655597852555],[-73.08661056379225,-36.89082648484903],[-73.08690636281935,-36.89062880962924],[-73.08731658474149,-36.89066154681031],[-73.0876019990635,-36.8908157610573],[-73.08746577492603,-36.89167951446904],[-73.08767838496844,-36.891836237291486],[-73.08804014627235,-36.891917512879715],[-73.08906081065504,-36.891771016017636],[-73.0898564838348,-36.89150922994912],[-73.0904141650029,-36.89116190458554],[-73.09098739075225,-36.890286740164335],[-73.09102210161531,-36.889980881202625],[-73.0907384295195,-36.889586400741514],[-73.09038583382872,-36.88953997075393],[-73.08885235902156,-36.88991727218981],[-73.08848645154966,-36.88989473084311],[-73.08816379494016,-36.8895894712665],[-73.08819435853499,-36.88934234399135],[-73.08848577471143,-36.88906279226861],[-73.0900321075842,-36.8883803902666],[-73.08947147713504,-36.88798959583775],[-73.08944129408754,-36.88769769240071],[-73.08976307118581,-36.88744052589509],[-73.09127463723317,-36.88679079935956],[-73.09157934356693,-36.88648734563114],[-73.09160838329402,-36.88566610099026],[-73.09180035104494,-36.88543684181865],[-73.09309667888809,-36.885673348650506],[-73.0932329017869,-36.88549288199255],[-73.09322870003453,-36.88514149457142],[-73.09304977475227,-36.88479613537142],[-73.0930366412288,-36.88455051501292],[-73.09314624487938,-36.88441783808183],[-73.09442031751756,-36.88478399388525],[-73.09442174141009,-36.884537871666886],[-73.09365512531056,-36.88356831947274],[-73.09368129391586,-36.8832393186815],[-73.09386744618469,-36.883174305696286],[-73.09518455542172,-36.883527250747704],[-73.09590300180804,-36.88359618997964],[-73.09626137001496,-36.88347835718544],[-73.09464117293048,-36.882913248665425],[-73.09436095402415,-36.88258310506901],[-73.09432825428705,-36.882244418691826],[-73.09449734178183,-36.88213312302929],[-73.095842470344,-36.88219215054577],[-73.09685206688842,-36.882045971462546],[-73.09758443406965,-36.8821027022907],[-73.09823804960394,-36.88259570508016],[-73.09864447117448,-36.88255822897727],[-73.09847609214494,-36.88295512632913],[-73.09862262752716,-36.88351251503223],[-73.09892447349841,-36.8837012874555],[-73.09984652783702,-36.88375877316615],[-73.09896134359226,-36.88411745843049],[-73.09716526042813,-36.885445018816235],[-73.09637495699506,-36.88587364313087],[-73.09534441485972,-36.88678805502133],[-73.09438881410654,-36.88828575981418],[-73.09409332570544,-36.88903417600843],[-73.09382535973117,-36.89029722379758],[-73.09352940867132,-36.8907644291781],[-73.09258631484688,-36.891406292628304],[-73.0916434725965,-36.89259887597259],[-73.09021417094874,-36.89315203216335],[-73.0898233132529,-36.89348188751108],[-73.08902933869435,-36.89445839852583],[-73.0873189229717,-36.894939187178984],[-73.08698254474658,-36.895196851089516],[-73.08692659957381,-36.89551515789088],[-73.0870206518418,-36.89591032121986],[-73.08742801676905,-36.89643530283891],[-73.08778903459408,-36.89759463841158],[-73.0878754751837,-36.89975871413422],[-73.08823799672398,-36.901013935406],[-73.08815166952226,-36.901377964892625],[-73.08774514055814,-36.901415410918915],[-73.08759388030828,-36.90131516370484],[-73.08690934771946,-36.90051850797868],[-73.08647931805709,-36.90066221947409],[-73.08636199120362,-36.90092405259926],[-73.0862548933995,-36.901923752660636],[-73.08609512188795,-36.9022104835821],[-73.08566570465598,-36.902365889190015],[-73.08525729476654,-36.9023682386951],[-73.08505797208682,-36.902187619108446],[-73.08512204787166,-36.902021363399406],[-73.08558391102439,-36.90165392260171],[-73.08582498145745,-36.900157461384616],[-73.08611708960802,-36.89948021813165],[-73.08689033963171,-36.898387260865306],[-73.08680291966444,-36.8975700292956],[-73.08594095272981,-36.89618187325371],[-73.08569026525635,-36.896131919256014],[-73.08505992518963,-36.896622340064575],[-73.08362924756159,-36.89715203074832],[-73.08307752408767,-36.89747568566085],[-73.0827808568343,-36.89793117354367],[-73.08271136908552,-36.89854289021434],[-73.08280706866961,-36.899242663965616],[-73.08305318913378,-36.899480265757745],[-73.08389370260755,-36.89992004091937],[-73.08480452016991,-36.900719908442234],[-73.0850358878758,-36.9012275226029],[-73.08505712173742,-36.90162519490767],[-73.0847922780385,-36.901856954014576],[-73.08446688069775,-36.9017744176985],[-73.08322899601048,-36.90058740285704],[-73.08239867091933,-36.900065247660095],[-73.08191787660076,-36.89953105796567],[-73.08151615782754,-36.898291077383085],[-73.0811223313332,-36.89829291030386],[-73.08087391976903,-36.898559248359774],[-73.08077425802874,-36.89887905810964],[-73.08085434532987,-36.89928642566513],[-73.08121238433118,-36.89970766560106],[-73.08316388036977,-36.90128099356299],[-73.0835764180929,-36.902039433015275],[-73.0834547091225,-36.902219389821404],[-73.08313118456415,-36.90217193854918],[-73.08278623038906,-36.90199632848656],[-73.08165717437915,-36.90093444616731],[-73.08087428804647,-36.90048095444521],[-73.08048045034563,-36.90048278581299],[-73.08006684041088,-36.900661063183975],[-73.0798785438156,-36.900960484529485],[-73.07977366731366,-36.90145623944698],[-73.08032080377725,-36.90296073226716],[-73.0836432365912,-36.904111179711805],[-73.0839621961237,-36.904346271257],[-73.08390061533188,-36.9045593114124],[-73.08368714736302,-36.90466040368958],[-73.08279061248128,-36.90453893683932],[-73.082532201247,-36.904618137725],[-73.08237428338887,-36.90493995346838],[-73.08239550689852,-36.90533762750292],[-73.0822199015784,-36.90560146420555],[-73.0815599218447,-36.90581166089647],[-73.08130046757543,-36.90559795080394],[-73.08109969783045,-36.90484320318008],[-73.08083837641537,-36.90459440257743],[-73.08031219005444,-36.90457735159324],[-73.07991374773019,-36.90476682507696],[-73.07957084744974,-36.90517702422118],[-73.07943434224184,-36.90562699574921],[-73.07958787903614,-36.906043555156494],[-73.08000024733512,-36.90666213220229],[-73.0800765986611,-36.906999321678626],[-73.0797270450987,-36.90701134512885],[-73.07848863565486,-36.90677270939373],[-73.07826682458673,-36.906991256644524],[-73.07834001209197,-36.90809021301957],[-73.07824574229191,-36.908374681886656],[-73.0779050219014,-36.90841569208339],[-73.07767053345567,-36.90825970449503],[-73.07716570968996,-36.90727518715686],[-73.07686662012824,-36.9071389958771],[-73.07652341071709,-36.907133215206834],[-73.07622261830396,-36.90751266451746],[-73.07567944941087,-36.908820288845696],[-73.07559340053893,-36.910217665015864],[-73.0753115564016,-36.91026836259405],[-73.07497853570888,-36.91018020281101],[-73.07474061914863,-36.909959880340104]]]}},{"type":"Feature","properties":{"comuna":"SanPedroDeLaPaz","zona":"ZRQ","zona_code":"ZRQ","nombre":"ZRQ Zona de riesgo por drenajes y quebradas","decreto":"Publicacion PRC San Pedro de la Paz. Decreto Alc. N°310. Fecha de promulgacion 10.03.2011. Fecha de publicacion D.O. 24.03.2011."},"geometry":{"type":"Polygon","coordinates":[[[-73.09951566811787,-36.88227912587902],[-73.101066185263,-36.88181541569823],[-73.10194381263194,-36.88131636492028],[-73.10343995795729,-36.88065530240774],[-73.10411073124804,-36.87983529504807],[-73.10465471166779,-36.87937120196867],[-73.10602352733613,-36.8787848211191],[-73.10663087157847,-36.87814276042369],[-73.1072822524166,-36.87804990518363],[-73.10774763303425,-36.87775256793409],[-73.10812239353496,-36.877669284822964],[-73.10841030460928,-36.877870234311025],[-73.10868353368082,-36.87834119752046],[-73.10931332703102,-36.878389690738125],[-73.1100050922737,-36.87714708740053],[-73.11039252287702,-36.877028206162755],[-73.11101277092777,-36.8771707627715],[-73.11186418607853,-36.87700064476366],[-73.11249230708239,-36.87647501346716],[-73.11287514206849,-36.875184513907875],[-73.11375239779164,-36.87522440615642],[-73.11410126923377,-36.87493108452813],[-73.11430078854826,-36.87457263486521],[-73.11393328227972,-36.873976058851305],[-73.11408210908283,-36.87375998008075],[-73.11457969305862,-36.873520089185334],[-73.11467604526946,-36.873141781193944],[-73.11431419972693,-36.87265046985781],[-73.11439107375824,-36.87190958983133],[-73.11490414407531,-36.87087235817339],[-73.11488979480542,-36.870333842191805],[-73.11473752219949,-36.8696712154837],[-73.11443858102257,-36.86940035809662],[-73.11403166643889,-36.869291432436135],[-73.1138178177753,-36.86911136358516],[-73.11377237159613,-36.868808279147416],[-73.11397051449998,-36.868695951413514],[-73.11546312866382,-36.86889172325319],[-73.11543454128535,-36.869173938883904],[-73.11521100436711,-36.86949221106929],[-73.11529122646475,-36.869899547705856],[-73.11570411611821,-36.87011957916368],[-73.11694204809544,-36.87022310132604],[-73.11768895615769,-36.87000969937664],[-73.11796217576942,-36.86966626300216],[-73.11803473945956,-36.86938837920924],[-73.11789409146492,-36.86799299945279],[-73.11730764478564,-36.86556142688696],[-73.11759421174983,-36.865907407604375],[-73.1177027447334,-36.86636648862883],[-73.1179557664948,-36.86673267385373],[-73.1178702190785,-36.867040302215706],[-73.11819744535129,-36.86878659597222],[-73.11838461150447,-36.86928395895006],[-73.11785452667762,-36.870274924425516],[-73.11847317404872,-36.87126995920552],[-73.11935223322205,-36.872428784812485],[-73.11931134677472,-36.87261768719032],[-73.11842765548401,-36.872050763891686],[-73.11807827643237,-36.8720628916926],[-73.1171965580605,-36.87132891380264],[-73.11679083990838,-36.87137814487616],[-73.1165261946908,-36.87160996438752],[-73.11641393885766,-36.87223489484239],[-73.11647637344298,-36.87285376534396],[-73.11677927792236,-36.87360490454544],[-73.1171938349205,-36.87365203647641],[-73.1173158150763,-36.87415752252283],[-73.11712808641691,-36.874328084919284],[-73.11670936627812,-36.87440706134972],[-73.1164706844114,-36.87457939094121],[-73.11635857254976,-36.874800057645935],[-73.11654736648377,-36.8751919074281],[-73.11736857661873,-36.876223860108475],[-73.11744625876872,-36.8767191646736],[-73.11710876030556,-36.877088266825645],[-73.1171665382121,-36.87748466198089],[-73.11709176456445,-36.87772161035717],[-73.11665994420524,-36.87809984273731],[-73.11625901396145,-36.87925622644178],[-73.11591813905532,-36.87929148859439],[-73.1155379211744,-36.878730513815704],[-73.11552984766656,-36.878308957367544],[-73.11616274282315,-36.8767871388584],[-73.11607666001349,-36.8761353999089],[-73.11551411752227,-36.875709643533206],[-73.11525081407251,-36.8756953420888],[-73.11490309842878,-36.87628156886748],[-73.11406478977379,-36.87696683154843],[-73.11229722992725,-36.87773117383427],[-73.1112664793813,-36.87836450007474],[-73.11118835376558,-36.87881101460746],[-73.11154821535118,-36.87953675757035],[-73.11151961233067,-36.879818974032986],[-73.11135495348957,-36.88001216343746],[-73.11088341095126,-36.879923044840176],[-73.10991898383857,-36.8793471386566],[-73.10956894066351,-36.879347547450976],[-73.10856738611709,-36.879710332385024],[-73.10804526882394,-36.88085331189687],[-73.1076515412678,-36.880855227465894],[-73.10741244455977,-36.880476821803796],[-73.10717222521221,-36.87980551125697],[-73.10694693766254,-36.87968441610016],[-73.1066873842598,-36.879740271844405],[-73.10546164098167,-36.88027483910876],[-73.10489683002179,-36.88062247898579],[-73.10464326614552,-36.881334315890705],[-73.10446590809133,-36.88156308881873],[-73.10409551229871,-36.88172823276482],[-73.10318800824506,-36.88248612278498],[-73.10262129018035,-36.882798665841115],[-73.10109159140494,-36.883378854228745],[-73.10061044753087,-36.883314926075336],[-73.09952597081141,-36.88349301934265],[-73.09890004971317,-36.883245140160376],[-73.09884008873159,-36.88294254996466],[-73.09951566811787,-36.88227912587902]]]}},{"type":"Feature","properties":{"comuna":"SanPedroDeLaPaz","zona":"ZRQ","zona_code":"ZRQ","nombre":"ZRQ Zona de riesgo por drenajes y quebradas","decreto":"Publicacion PRC San Pedro de la Paz. Decreto Alc. N°310. Fecha de promulgacion 10.03.2011. Fecha de publicacion D.O. 24.03.2011."},"geometry":{"type":"Polygon","coordinates":[[[-73.07697524069273,-36.89699349833166],[-73.07707101226785,-36.89605278184583],[-73.07624303837312,-36.89584688059832],[-73.07625845550128,-36.89558855903938],[-73.07669829021752,-36.89508129548545],[-73.07687848559746,-36.89462982552101],[-73.07670918382543,-36.894190366946205],[-73.07570274431329,-36.8939202882035],[-73.07559792780242,-36.89359579009496],[-73.07530169895391,-36.893512224417115],[-73.07426815934403,-36.89382895489877],[-73.07382630740939,-36.89375038827793],[-73.07391914503432,-36.89330192179053],[-73.07427410088864,-36.89284445389788],[-73.07512914645768,-36.892463548484315],[-73.07577533082917,-36.8919960710216],[-73.07674233336209,-36.890978545089204],[-73.07750498910947,-36.890507056177846],[-73.07829347310027,-36.88942534782399],[-73.08006423390792,-36.88935933194224],[-73.08055224274737,-36.8894831595928],[-73.08086947670341,-36.889413658074574],[-73.08113055150467,-36.889111731639545],[-73.08120232757662,-36.888816317115754],[-73.08111455397227,-36.88853811007779],[-73.08055698358316,-36.88837493140394],[-73.08010852167249,-36.88789820851277],[-73.08027537019612,-36.88747062876341],[-73.08084387507695,-36.887462791808346],[-73.081128235483,-36.88732411400645],[-73.08130028367049,-36.88672058663865],[-73.08123873421933,-36.88611337787989],[-73.0808855342496,-36.88605522186325],[-73.07980759154816,-36.8866313170436],[-73.07959625847813,-36.88649797128595],[-73.0797739286487,-36.8859997127211],[-73.08019329452326,-36.88565719166651],[-73.08031271750077,-36.88516093630114],[-73.08017503647652,-36.884767265348714],[-73.07980688268869,-36.884428392462915],[-73.08002738264994,-36.88418645285897],[-73.08059065406604,-36.88435456501675],[-73.08083858527343,-36.884627264471156],[-73.08088017615854,-36.88486018979416],[-73.08173965496754,-36.88511184864941],[-73.08221621294072,-36.885124012906765],[-73.08252812400883,-36.884955089163746],[-73.08263088510336,-36.88469376123796],[-73.0822351609091,-36.88438513972444],[-73.081932707324,-36.88435526659551],[-73.08174052062839,-36.88403378079129],[-73.08175218005915,-36.88370528087438],[-73.08267010991139,-36.883924895719225],[-73.08334758261469,-36.883772683408324],[-73.0836321345845,-36.8833644838318],[-73.08353812149583,-36.88296931451456],[-73.08307823696605,-36.882551584500995],[-73.08301001531599,-36.8823664478968],[-73.08328291353199,-36.88228674843203],[-73.08461411258197,-36.88235810037237],[-73.08522126238945,-36.88225516931613],[-73.08559565583397,-36.88189074415501],[-73.08664499225443,-36.88132730213296],[-73.0868072226609,-36.88108735732677],[-73.08675562686662,-36.88066729482801],[-73.08642989789315,-36.880303545072564],[-73.08705366076249,-36.879965678074804],[-73.08748525242811,-36.8801265760372],[-73.08808531520636,-36.88016448952201],[-73.08839188351439,-36.879896133904346],[-73.08845925421996,-36.87951884306097],[-73.0886930234045,-36.87925299526839],[-73.08868490332024,-36.879100944469386],[-73.08819874317082,-36.8789082421466],[-73.0884830585296,-36.878769548855054],[-73.08845975538748,-36.87860630359838],[-73.08831435883585,-36.87834180430128],[-73.08757785675571,-36.877933623865964],[-73.08730080943364,-36.87766194217389],[-73.0874022971581,-36.877377218678255],[-73.0875707617141,-36.877254236252476],[-73.08827876241554,-36.877675117322426],[-73.0885869999867,-36.877711366392084],[-73.08971529447521,-36.87760363620343],[-73.09005346518066,-36.87738105836336],[-73.09081221678503,-36.87765956117171],[-73.0915334762041,-36.87723628457421],[-73.0916216371703,-36.87697545348408],[-73.09217174911302,-36.87689789114449],[-73.09259994253027,-36.87644956373058],[-73.09366898153185,-36.876529859352544],[-73.09381734213302,-36.877122346406175],[-73.09412620437934,-36.87717027764622],[-73.09483510223407,-36.876243545052205],[-73.09516373053796,-36.876183866343204],[-73.0951829495753,-36.876815961846965],[-73.09526387549326,-36.87696549963698],[-73.0961188844263,-36.877066342850156],[-73.0963763949951,-36.877244936332815],[-73.09684757702976,-36.87787314247469],[-73.09728935078284,-36.87795162866361],[-73.09810606379202,-36.87767734803177],[-73.09829502384295,-36.877120086317646],[-73.09872677745592,-36.87701142937447],[-73.09889115236503,-36.87681240810646],[-73.09959533028638,-36.876820300924656],[-73.10029371099125,-36.87644756418385],[-73.10076929929762,-36.87688518884114],[-73.10085626219872,-36.877011077744555],[-73.10078343333655,-36.877217191378534],[-73.10021689528965,-36.877260206904204],[-73.09991640760038,-36.87750494666192],[-73.09907844938596,-36.87867638085675],[-73.09808310485516,-36.87915604150951],[-73.09776936620231,-36.879834790194366],[-73.09734635784385,-36.88010719033672],[-73.09699255256518,-36.880037385280005],[-73.09682488984774,-36.879902562134184],[-73.09644625325969,-36.87930045484579],[-73.09597333138446,-36.878912520465256],[-73.09560693519245,-36.87874354451796],[-73.09511442735088,-36.87880741696964],[-73.09461602952491,-36.879170292568055],[-73.0911963103041,-36.88095805200555],[-73.09017632427253,-36.88125101315383],[-73.08809288185387,-36.882389142468554],[-73.0878774094065,-36.882724665065815],[-73.08767258959075,-36.88407926746755],[-73.08738825380152,-36.88421795991424],[-73.0870192501432,-36.88413693111691],[-73.08683933230947,-36.88431889595158],[-73.08710582169164,-36.885211984299204],[-73.08741806915427,-36.88586914048386],[-73.08759158578499,-36.886659970513136],[-73.08800141743536,-36.88736868868201],[-73.08733224120158,-36.88740346485862],[-73.08663848300525,-36.88643135431192],[-73.08594104882141,-36.88590244449929],[-73.08566668286602,-36.885818152091936],[-73.08390817113313,-36.88607790471305],[-73.08340467748289,-36.886757291403654],[-73.08328974694393,-36.88720066553715],[-73.08340612478928,-36.88815165986157],[-73.08369812603466,-36.888361317012865],[-73.08394973484192,-36.88825818023275],[-73.08436555971636,-36.88839619622229],[-73.08490494680511,-36.888389341267576],[-73.0850060466749,-36.888643651162255],[-73.08297297470635,-36.88891943760498],[-73.08271066052981,-36.889197974329456],[-73.08294967045681,-36.88957643569207],[-73.08345723831678,-36.88979332081803],[-73.08394712677637,-36.88995222348174],[-73.08541961641173,-36.89010585066282],[-73.08534660710454,-36.89037787411768],[-73.08380047321006,-36.890484573477835],[-73.08262306968656,-36.89029074461328],[-73.08238862487076,-36.89054488643779],[-73.08294341582794,-36.891099965023315],[-73.08311930782337,-36.89210676744955],[-73.08247004184406,-36.893336046879284],[-73.08195017258697,-36.893435961814234],[-73.08181037903044,-36.89327672291181],[-73.08191523555568,-36.892780966759325],[-73.08212128202675,-36.89237034505229],[-73.08200770879856,-36.89188210555154],[-73.08160913830189,-36.89152085124538],[-73.08101169825581,-36.89126017865535],[-73.07990442061981,-36.89046630250273],[-73.07909355650787,-36.890306702326015],[-73.07864962667414,-36.890462579757965],[-73.07837397553388,-36.890765002862004],[-73.07830405688955,-36.8910955048931],[-73.07841698185398,-36.89157205342957],[-73.07829255481352,-36.89197473701595],[-73.07822542281532,-36.892802417710506],[-73.07830922679969,-36.893279966945684],[-73.07846357642696,-36.893438709884485],[-73.07981910643866,-36.89341553255455],[-73.0799564021743,-36.89352798839314],[-73.07989730964314,-36.89378781288775],[-73.07810756784698,-36.8944235282253],[-73.07789077487915,-36.89473564402009],[-73.07803713915564,-36.89611331433933],[-73.07763929755191,-36.89713472223543],[-73.07724422860457,-36.89711314933073],[-73.07697524069273,-36.89699349833166]]]}},{"type":"Feature","properties":{"comuna":"SanPedroDeLaPaz","zona":"ZRR","zona_code":"ZRR","nombre":"ZRR Zona de riesgo de remocion en masa","decreto":"Publicacion PRC San Pedro de la Paz. Decreto Alc. N°310. Fecha de promulgacion 10.03.2011. Fecha de publicacion D.O. 24.03.2011."},"geometry":{"type":"Polygon","coordinates":[[[-73.10045600448238,-36.8761416881136],[-73.10096633062753,-36.87586625922853],[-73.10186110802404,-36.87514398012315],[-73.1018941324078,-36.874943637260635],[-73.10117528972471,-36.87459352078863],[-73.10110954121956,-36.87445518051584],[-73.10133495451862,-36.87430677515415],[-73.10221080222658,-36.87459287396479],[-73.1024842746987,-36.87452482988066],[-73.10265801297372,-36.873956370779105],[-73.10330059104561,-36.8736997945826],[-73.10389293943857,-36.873866790222365],[-73.10435830984933,-36.87356946666217],[-73.10438819299594,-36.87331064278695],[-73.104236346611,-36.87319871907871],[-73.10373699070225,-36.87313396746035],[-73.10242740519782,-36.873190974566796],[-73.10142714073187,-36.873577089352565],[-73.1009392103873,-36.87345334214451],[-73.1007504229767,-36.87319621898636],[-73.1014701014044,-36.87315376674694],[-73.10239757114385,-36.872770168029696],[-73.10303811618677,-36.87274801811961],[-73.10399844679627,-36.87243357794747],[-73.10475907163962,-36.872747079572456],[-73.10524324005698,-36.872800634485756],[-73.10554581945237,-36.87273157555571],[-73.10584727953646,-36.872369612114895],[-73.10579809883879,-36.87199634715547],[-73.10605449226792,-36.87188201431204],[-73.10668416580538,-36.87206528121008],[-73.10699816129551,-36.87193723576793],[-73.10733055593296,-36.871064477344824],[-73.10771238020996,-36.870705586331376],[-73.10754908758003,-36.87119605997109],[-73.10745375956537,-36.87200202287926],[-73.10717728197868,-36.87242171452872],[-73.10695000399203,-36.87253504094916],[-73.10624301375056,-36.87254193633169],[-73.10570574131006,-36.87299408424246],[-73.1048157617325,-36.87312447914537],[-73.10405395071324,-36.87265283082546],[-73.10370205689394,-36.87261813170276],[-73.10215612501527,-36.873163736945386],[-73.10305244990106,-36.87301556579799],[-73.10427468353947,-36.87296157353681],[-73.10464131116794,-36.87327112743072],[-73.10480444340932,-36.87359357960944],[-73.10459892588841,-36.87384090391124],[-73.10366762480086,-36.8742890987492],[-73.10341010951447,-36.87411052174565],[-73.10279423192908,-36.87472942478399],[-73.10229283898056,-36.874899092758326],[-73.10229746491952,-36.87512156974931],[-73.10185415300576,-36.87555873592271],[-73.10063493687352,-36.87635081738545],[-73.10045600448238,-36.8761416881136]]]}},{"type":"Feature","properties":{"comuna":"SanPedroDeLaPaz","zona":"ZRR","zona_code":"ZRR","nombre":"ZRR Zona de riesgo de remocion en masa","decreto":"Publicacion PRC San Pedro de la Paz. Decreto Alc. N°310. Fecha de promulgacion 10.03.2011. Fecha de publicacion D.O. 24.03.2011."},"geometry":{"type":"Polygon","coordinates":[[[-73.10009955631087,-36.876294620032304],[-73.10029371099125,-36.87644756418385],[-73.09959533028638,-36.876820300924656],[-73.09889115236503,-36.87681240810646],[-73.09872677745592,-36.87701142937447],[-73.09829502384295,-36.877120086317646],[-73.09810606379202,-36.87767734803177],[-73.09728935078284,-36.87795162866361],[-73.09684757702976,-36.87787314247469],[-73.0963763949951,-36.877244936332815],[-73.09590696408344,-36.87699017018852],[-73.0960716586399,-36.876797000403556],[-73.09634827391261,-36.87678745006716],[-73.09681945304307,-36.87741565718048],[-73.09709402895001,-36.877640530460866],[-73.09743138589334,-36.87767575027232],[-73.09787582487958,-36.877531505466166],[-73.09799324505289,-36.87700015105281],[-73.09841044024908,-36.87689199765267],[-73.0987878738171,-36.876586015312476],[-73.09955948032616,-36.8765593554224],[-73.10009955631087,-36.876294620032304]]]}},{"type":"Feature","properties":{"comuna":"SanPedroDeLaPaz","zona":"ZRR","zona_code":"ZRR","nombre":"ZRR Zona de riesgo de remocion en masa","decreto":"Publicacion PRC San Pedro de la Paz. Decreto Alc. N°310. Fecha de promulgacion 10.03.2011. Fecha de publicacion D.O. 24.03.2011."},"geometry":{"type":"Polygon","coordinates":[[[-73.09599191586965,-36.874760863288344],[-73.09579293433033,-36.87513098435083],[-73.09602945452544,-36.875462633488404],[-73.09598373067546,-36.87569856695596],[-73.09525500701892,-36.87598151404831],[-73.09516373053796,-36.876183866343204],[-73.09483510223407,-36.876243545052205],[-73.09412620437934,-36.87717027764622],[-73.09381734213302,-36.877122346406175],[-73.09366898153185,-36.876529859352544],[-73.09259994253027,-36.87644956373058],[-73.09217174911302,-36.87689789114449],[-73.0916216371703,-36.87697545348408],[-73.0915334762041,-36.87723628457421],[-73.09081221678503,-36.87765956117171],[-73.09005346518066,-36.87738105836336],[-73.08971529447521,-36.87760363620343],[-73.08891998449437,-36.877664737098264],[-73.08905620528591,-36.87748427583018],[-73.08865413464078,-36.87678334778285],[-73.08865620308244,-36.8765489206535],[-73.0892277443106,-36.87659953023935],[-73.08937539803438,-36.876360085257154],[-73.08968050722551,-36.87633785032703],[-73.09032090328004,-36.87658528262596],[-73.09085557894318,-36.87594580592605],[-73.09170060595316,-36.87592838245657],[-73.09177733320303,-36.87572653561615],[-73.09203126237512,-36.87556544606532],[-73.09278455714708,-36.87546915595441],[-73.09319862734995,-36.87530254073522],[-73.09328803281605,-36.875065100362626],[-73.09292193127496,-36.87449184252453],[-73.09228342134142,-36.874279511464806],[-73.0920791641163,-36.87400533035706],[-73.09211802191713,-36.87364073909823],[-73.09256719045023,-36.87303935774735],[-73.09266946052936,-36.87249681252654],[-73.09237241755874,-36.87185086234432],[-73.09253667019762,-36.87137648692711],[-73.09238690055362,-36.871030119084764],[-73.09165251488899,-36.870387533736626],[-73.09134374405185,-36.86979471568889],[-73.09074707613989,-36.869545779298356],[-73.09046235610629,-36.86885692303363],[-73.09009590165087,-36.868412561513736],[-73.0893609253662,-36.86809954350824],[-73.08945572262553,-36.867416644974725],[-73.0891491673422,-36.86686475621229],[-73.08946176221363,-36.867051720392425],[-73.09009717691781,-36.867070831478365],[-73.09001485369323,-36.867577533525036],[-73.09007995237116,-36.867704185483994],[-73.0903533176794,-36.867770927584],[-73.09053337785222,-36.867660724596824],[-73.09127135182801,-36.86809813347413],[-73.09145978270664,-36.8683494268615],[-73.09175161587085,-36.86917132563902],[-73.09193505215858,-36.86932904848035],[-73.09263487323531,-36.8695978561142],[-73.09347035704873,-36.87049473886852],[-73.09429826236838,-36.87043101880788],[-73.09482313518411,-36.87015511555537],[-73.09556966458746,-36.86966063770421],[-73.09588839374909,-36.86907546495238],[-73.09622775972541,-36.86887626528892],[-73.09637731483556,-36.86983195862032],[-73.09477217008526,-36.870906811017996],[-73.09341044752443,-36.871352202500155],[-73.09339758521291,-36.87165730884531],[-73.09395498009886,-36.871989608862435],[-73.09412762221616,-36.872218008103324],[-73.09404134788056,-36.87251392948457],[-73.0945544526123,-36.87283603792047],[-73.0948718788951,-36.87331722905023],[-73.09411893187318,-36.87328316037597],[-73.0939542393361,-36.8734763276183],[-73.09496483044379,-36.873828138352685],[-73.09519116114932,-36.87424216515279],[-73.09557513461216,-36.87460387954554],[-73.09599191586965,-36.874760863288344]]]}},{"type":"Feature","properties":{"comuna":"SanPedroDeLaPaz","zona":"ZRQ","zona_code":"ZRQ","nombre":"ZRQ Zona de riesgo por drenajes y quebradas","decreto":"Publicacion PRC San Pedro de la Paz. Decreto Alc. N°310. Fecha de promulgacion 10.03.2011. Fecha de publicacion D.O. 24.03.2011."},"geometry":{"type":"Polygon","coordinates":[[[-73.11595365848974,-36.860700890465054],[-73.11609149517962,-36.86080669421816],[-73.11621736971985,-36.861792472195084],[-73.1165548838692,-36.8629173788667],[-73.11771723550959,-36.86433003972968],[-73.11865114645948,-36.86488350942775],[-73.11966431853247,-36.86501238388207],[-73.1200293897072,-36.86529264978901],[-73.12022007119393,-36.86666871281746],[-73.12007504949692,-36.866954972459574],[-73.12042334401502,-36.868278691956554],[-73.12055212682776,-36.86931709082342],[-73.12106837350245,-36.86996706769218],[-73.12131874259721,-36.870825477430174],[-73.12156919367034,-36.872498261704436],[-73.12177315331803,-36.87303604622281],[-73.12216003144545,-36.87358505266649],[-73.12169769002843,-36.87325983935289],[-73.12109529953077,-36.8716871634468],[-73.12077012405702,-36.87147142848177],[-73.12063621458786,-36.87060897250722],[-73.12030471798649,-36.87014006119699],[-73.12010054939319,-36.86932691402351],[-73.1200357485054,-36.86812224556466],[-73.11976096305139,-36.86701274915201],[-73.11985261043476,-36.86641196671118],[-73.11980219945312,-36.86574581002383],[-73.11815040053654,-36.86485987842468],[-73.117478186638,-36.86429146493251],[-73.11681367620767,-36.86345913174535],[-73.11649354849106,-36.86320073171164],[-73.116290285553,-36.86267462853768],[-73.11614190174049,-36.862627046582794],[-73.1159272782478,-36.86121079229655],[-73.11595365848974,-36.860700890465054]]]}},{"type":"Feature","properties":{"comuna":"SanPedroDeLaPaz","zona":"ZRQ","zona_code":"ZRQ","nombre":"ZRQ Zona de riesgo por drenajes y quebradas","decreto":"Publicacion PRC San Pedro de la Paz. Decreto Alc. N°310. Fecha de promulgacion 10.03.2011. Fecha de publicacion D.O. 24.03.2011."},"geometry":{"type":"Polygon","coordinates":[[[-73.09813458545644,-36.88093536055255],[-73.09824808978016,-36.880603342763905],[-73.09855023947715,-36.88025308946321],[-73.09953369608667,-36.87955119893158],[-73.10021327326005,-36.87889495718573],[-73.10081108048205,-36.878141936155274],[-73.10094382718773,-36.87789713392235],[-73.10092472109078,-36.87754040349932],[-73.10117479916369,-36.87730765692675],[-73.10122238354388,-36.877106811586614],[-73.10116931137341,-36.87693287977542],[-73.10063493687352,-36.87635081738545],[-73.10185415300576,-36.87555873592271],[-73.10229746491952,-36.87512156974931],[-73.10229283898056,-36.874899092758326],[-73.10279423192908,-36.87472942478399],[-73.10341010951447,-36.87411052174565],[-73.10366762480086,-36.8742890987492],[-73.10459892588841,-36.87384090391124],[-73.10480444340932,-36.87359357960944],[-73.10464131116794,-36.87327112743072],[-73.10427468353947,-36.87296157353681],[-73.10305244990106,-36.87301556579799],[-73.10215612501527,-36.873163736945386],[-73.10370205689394,-36.87261813170276],[-73.10405395071324,-36.87265283082546],[-73.1048157617325,-36.87312447914537],[-73.10530219674708,-36.87308421342786],[-73.10570574131006,-36.87299408424246],[-73.10624301375056,-36.87254193633169],[-73.10695000399203,-36.87253504094916],[-73.10717728197868,-36.87242171452872],[-73.10745375956537,-36.87200202287926],[-73.10754908758003,-36.87119605997109],[-73.10771238020996,-36.870705586331376],[-73.10858977580538,-36.87034125201852],[-73.10885544638333,-36.869992237819964],[-73.10913178213005,-36.86984205536087],[-73.10918254334898,-36.86956493091603],[-73.1089802489226,-36.86905635780324],[-73.10909363117307,-36.86885908959254],[-73.10882062563859,-36.86866348334792],[-73.10784004173892,-36.86846308322205],[-73.1085629324112,-36.86820955738098],[-73.10878996163781,-36.86792193547465],[-73.10965741330288,-36.86846020179679],[-73.10944520999551,-36.868854236371384],[-73.10944634085897,-36.8691471396774],[-73.10980230676633,-36.86993747280348],[-73.11034054742674,-36.870047722977475],[-73.11075085420127,-36.87035574472768],[-73.11098722331727,-36.8704120025485],[-73.11134613166251,-36.87030582437851],[-73.11161963714564,-36.87010300422514],[-73.11168467119005,-36.87046546444185],[-73.11189783338288,-36.87076859570799],[-73.11218675434326,-36.87153195053693],[-73.11230612805167,-36.87212541523898],[-73.11232171623628,-36.87268732398912],[-73.11206447521931,-36.87332899554779],[-73.11182515706743,-36.873489619960054],[-73.11153525594648,-36.87352310217414],[-73.11129667990487,-36.87342590998602],[-73.11130719219796,-36.87253500118485],[-73.11090946616235,-36.87164651952699],[-73.11063393478099,-36.87140413542642],[-73.11017512125787,-36.87127941820521],[-73.10947034144966,-36.87132726659683],[-73.10910916653246,-36.87152725956808],[-73.10897551361026,-36.87175452465738],[-73.10901178282712,-36.87202277527158],[-73.10976772308126,-36.872928150012314],[-73.10993075537314,-36.87352010584592],[-73.1094192238974,-36.87377217806317],[-73.10892124827794,-36.874820583855794],[-73.10852664197922,-36.87473757866392],[-73.10847744490962,-36.8743643154066],[-73.1085238804221,-36.87387056345029],[-73.10871714918783,-36.8733951627915],[-73.10865992209435,-36.872600339823954],[-73.108394745961,-36.87255093471479],[-73.10809405360148,-36.87265508797991],[-73.10792048699383,-36.872954040176516],[-73.10765518105005,-36.87317414507272],[-73.10616436859604,-36.87365930502871],[-73.1059845219059,-36.87384129487795],[-73.10611715784275,-36.87441087329484],[-73.10684293518297,-36.875501864399325],[-73.1069939027334,-36.876141112358624],[-73.10662954784368,-36.87696224728552],[-73.10583621733353,-36.87739982437747],[-73.10514945183772,-36.8773767191599],[-73.10522300883882,-36.87711638444809],[-73.10576960631734,-36.876429559274214],[-73.10579961902968,-36.87590122364604],[-73.1056251894483,-36.87536824558208],[-73.10518356216352,-36.87502027656662],[-73.10464553447645,-36.87505061068471],[-73.10413710870279,-36.87536114202487],[-73.10275348566499,-36.8764870286885],[-73.10249504585862,-36.87683577961575],[-73.10161986048058,-36.87874087623669],[-73.10119030831785,-36.879435354946196],[-73.10026941524173,-36.88035187488575],[-73.09956587314373,-36.88083317981569],[-73.09863739564311,-36.880995620031086],[-73.09813458545644,-36.88093536055255]]]}},{"type":"Feature","properties":{"comuna":"SanPedroDeLaPaz","zona":"ZRQ","zona_code":"ZRQ","nombre":"ZRQ Zona de riesgo por drenajes y quebradas","decreto":"Publicacion PRC San Pedro de la Paz. Decreto Alc. N°310. Fecha de promulgacion 10.03.2011. Fecha de publicacion D.O. 24.03.2011."},"geometry":{"type":"Polygon","coordinates":[[[-73.09411893187318,-36.87328316037597],[-73.09515098459147,-36.87335446742038],[-73.09581263787841,-36.873999539621515],[-73.0967858248566,-36.874469803692364],[-73.09720989185796,-36.87449031270906],[-73.09758027143515,-36.87432519136511],[-73.09801875776161,-36.87352495663277],[-73.09821900440468,-36.87379194314528],[-73.09854010292756,-36.87386434027519],[-73.09833330127226,-36.87463313683997],[-73.09768802832946,-36.87511241782636],[-73.09697842204476,-36.87520722987125],[-73.09557513461216,-36.87460387954554],[-73.09519116114932,-36.87424216515279],[-73.09496483044379,-36.873828138352685],[-73.0939542393361,-36.8734763276183],[-73.09411893187318,-36.87328316037597]]]}},{"type":"Feature","properties":{"comuna":"SanPedroDeLaPaz","zona":"ZRQ","zona_code":"ZRQ","nombre":"ZRQ Zona de riesgo por drenajes y quebradas","decreto":"Publicacion PRC San Pedro de la Paz. Decreto Alc. N°310. Fecha de promulgacion 10.03.2011. Fecha de publicacion D.O. 24.03.2011."},"geometry":{"type":"Polygon","coordinates":[[[-73.07207632780413,-36.89239261542208],[-73.07148342889896,-36.89190836696236],[-73.070444940985,-36.89076050320492],[-73.0700771985058,-36.88933182571114],[-73.06974865121616,-36.88864002634761],[-73.0690752514792,-36.88777256962635],[-73.06860830762486,-36.88749563819567],[-73.06825448620555,-36.88742574717036],[-73.0678669271154,-36.88754449789307],[-73.06773596733233,-36.88809972859203],[-73.06834924432307,-36.88893410116341],[-73.06849930982261,-36.88956171901448],[-73.06829829310671,-36.88989671295667],[-73.06789154452707,-36.890203607494236],[-73.06731990499132,-36.89015290155639],[-73.06738676303507,-36.889763919973504],[-73.0675465855905,-36.889477211491695],[-73.06667609204437,-36.888194654568785],[-73.06610411705597,-36.88786272533792],[-73.06560840877451,-36.88786799613123],[-73.06524444832394,-36.88843120945381],[-73.06513451544971,-36.88883338372963],[-73.06485446516301,-36.88905390170192],[-73.06456136897944,-36.88902879100086],[-73.06441975506716,-36.888834438551],[-73.06435930097076,-36.888520127548084],[-73.06448317857645,-36.88810575750977],[-73.06555614878907,-36.88633474685244],[-73.0654219189716,-36.88573001709503],[-73.06510495816072,-36.885529956961335],[-73.06468269002353,-36.88554442576756],[-73.06422419137542,-36.88570074833764],[-73.06407954515116,-36.885998650760584],[-73.06397836555517,-36.88711531483246],[-73.06373551273998,-36.887486888508484],[-73.0634012227834,-36.887510056655444],[-73.06328501337636,-36.887244526506535],[-73.06320097213064,-36.886485742534774],[-73.06277763848927,-36.88596487991683],[-73.06302980426673,-36.885768757647725],[-73.0632707933373,-36.885362096451935],[-73.06492480489334,-36.884918744436355],[-73.06562434534044,-36.88490649088776],[-73.06607235268477,-36.88510205850866],[-73.06654059677761,-36.88595313099673],[-73.06677543688464,-36.885980235007985],[-73.06767661936122,-36.88564467447392],[-73.0683876190533,-36.88557342243377],[-73.06872552945876,-36.88506968302134],[-73.06863656251404,-36.8847680703893],[-73.07314079816804,-36.884398925986616],[-73.07475811194602,-36.88467221865319],[-73.07547632421516,-36.88501080120191],[-73.07601895562404,-36.88561320307865],[-73.07659492246711,-36.885745744000964],[-73.07728132262253,-36.885692128803996],[-73.07769304875059,-36.88527444484454],[-73.07815649819973,-36.88521164269321],[-73.07829813698616,-36.88540597690973],[-73.0781129809373,-36.885763876127655],[-73.07761433853082,-36.88626144746257],[-73.07725732951778,-36.886953351011165],[-73.07698565418134,-36.88705643082574],[-73.07636435971335,-36.88662078656721],[-73.07578340325325,-36.886394672741055],[-73.07521677250965,-36.88643757443428],[-73.07413815430645,-36.88700192456266],[-73.07402017811158,-36.88725205055649],[-73.0741825982732,-36.887562854806724],[-73.07450208031793,-36.887809674183146],[-73.07535324208827,-36.888178842905475],[-73.07535362640614,-36.88846005810609],[-73.07470567444099,-36.88858557910824],[-73.07411761659384,-36.88850031596209],[-73.07306969056465,-36.88799727929316],[-73.07253863859565,-36.88788661558317],[-73.07193204312289,-36.88800117994938],[-73.07181219178537,-36.88821621557355],[-73.07205450684255,-36.88838366634757],[-73.07213789155833,-36.88858000680124],[-73.07198580531056,-36.888737559841616],[-73.07139438627374,-36.88886331956686],[-73.07122960242296,-36.88905646030412],[-73.07123494945853,-36.88943124756015],[-73.07154434552054,-36.89031118543162],[-73.07214585908115,-36.890923301528844],[-73.07256168182296,-36.891061358708356],[-73.07298870954936,-36.89140995072303],[-73.07323780533879,-36.892012922212736],[-73.07291197086427,-36.892469387647736],[-73.0724320426335,-36.892497582730286],[-73.07207632780413,-36.89239261542208]]]}},{"type":"Feature","properties":{"comuna":"SanPedroDeLaPaz","zona":"ZRQ","zona_code":"ZRQ","nombre":"ZRQ Zona de riesgo por drenajes y quebradas","decreto":"Publicacion PRC San Pedro de la Paz. Decreto Alc. N°310. Fecha de promulgacion 10.03.2011. Fecha de publicacion D.O. 24.03.2011."},"geometry":{"type":"Polygon","coordinates":[[[-73.067785733608,-36.88220759873752],[-73.06845522012466,-36.881870456459374],[-73.06920629685975,-36.88090726869661],[-73.07084974585739,-36.87944474587905],[-73.07153244029055,-36.87911665464637],[-73.0720559646698,-36.87908696949498],[-73.07244509015264,-36.879272816425406],[-73.07227323345732,-36.879606815858864],[-73.0714815243494,-36.8800792658767],[-73.07020881171401,-36.88110723604059],[-73.07000968721587,-36.88147732113462],[-73.0700503628704,-36.881968075617586],[-73.07038125864467,-36.8821559270313],[-73.0713131107968,-36.88212395165078],[-73.07235994900803,-36.882334097113116],[-73.07328035298788,-36.882361089297206],[-73.07415185349355,-36.88256552063216],[-73.07426560108752,-36.882784253088325],[-73.07409250137587,-36.88309486187616],[-73.07379295839876,-36.88322232665951],[-73.07221608269724,-36.88319443814921],[-73.06905033755467,-36.88277575780891],[-73.06791686573195,-36.88275384088141],[-73.06797288689756,-36.88243553914308],[-73.067785733608,-36.88220759873752]]]}},{"type":"Feature","properties":{"comuna":"SanPedroDeLaPaz","zona":"ZRQ","zona_code":"ZRQ","nombre":"ZRQ Zona de riesgo por drenajes y quebradas","decreto":"Publicacion PRC San Pedro de la Paz. Decreto Alc. N°310. Fecha de promulgacion 10.03.2011. Fecha de publicacion D.O. 24.03.2011."},"geometry":{"type":"Polygon","coordinates":[[[-73.06474071728314,-36.87925359916471],[-73.06486957963487,-36.878864691104],[-73.06474744983538,-36.87821267409484],[-73.06485082350102,-36.87741231619454],[-73.06518444747861,-36.8773774496507],[-73.06530823376787,-36.87888481464064],[-73.06547646387104,-36.87903138272189],[-73.06587268100145,-36.87907639428525],[-73.06651047441564,-36.87872643459993],[-73.0672322426491,-36.87858451496957],[-73.0679689210748,-36.87872330876778],[-73.0684589761365,-36.87861276167231],[-73.07008944173315,-36.877455359476244],[-73.07092331074735,-36.87722754719679],[-73.07123322770431,-36.87736411842252],[-73.07112981221992,-36.87761374199515],[-73.06979876133043,-36.87833245324439],[-73.06957886297073,-36.87858607101222],[-73.06850465457393,-36.87923224213667],[-73.06739438889116,-36.87920000315354],[-73.0659796845548,-36.87975236427913],[-73.06551307534723,-36.87978959296045],[-73.0656893111376,-36.87953747847967],[-73.06567875187959,-36.87933863659643],[-73.06549782437662,-36.8792276578087],[-73.06474071728314,-36.87925359916471]]]}},{"type":"Feature","properties":{"comuna":"SanPedroDeLaPaz","zona":"ZRQ","zona_code":"ZRQ","nombre":"ZRQ Zona de riesgo por drenajes y quebradas","decreto":"Publicacion PRC San Pedro de la Paz. Decreto Alc. N°310. Fecha de promulgacion 10.03.2011. Fecha de publicacion D.O. 24.03.2011."},"geometry":{"type":"Polygon","coordinates":[[[-73.06845556959092,-36.875048449574074],[-73.06893849885608,-36.87507876023511],[-73.0691450739067,-36.874849036222535],[-73.07006564979858,-36.874606538503],[-73.0711021741004,-36.87489907629256],[-73.07133200671193,-36.87483260133043],[-73.07136697659078,-36.874667350890675],[-73.07199837911347,-36.874609796813985],[-73.07288073236009,-36.87529429963015],[-73.07333000322323,-36.87578860200026],[-73.07400805623102,-36.876333637296845],[-73.07439654793211,-36.87650778192436],[-73.07452224025931,-36.87667703619939],[-73.07406106800185,-36.87650758401613],[-73.07366355343486,-36.87616383971151],[-73.07304765975123,-36.87582759064372],[-73.07232370504916,-36.874967743646515],[-73.07184329938967,-36.87477916852055],[-73.07099499239885,-36.87507778974648],[-73.07033369141743,-36.87491592274034],[-73.07005893776102,-36.874960501280206],[-73.070002306501,-36.875267109045424],[-73.07010556216385,-36.875837741330756],[-73.06981997664528,-36.875952999475146],[-73.06952009405902,-36.87579923552732],[-73.06926797609026,-36.87599536878004],[-73.0691286944586,-36.876668063771646],[-73.06884310442682,-36.8767833194195],[-73.06871544350913,-36.876576775847504],[-73.06871375390986,-36.87572142896345],[-73.06845556959092,-36.875048449574074]]]}},{"type":"Feature","properties":{"comuna":"SanPedroDeLaPaz","zona":"ZRQ","zona_code":"ZRQ","nombre":"ZRQ Zona de riesgo por drenajes y quebradas","decreto":"Publicacion PRC San Pedro de la Paz. Decreto Alc. N°310. Fecha de promulgacion 10.03.2011. Fecha de publicacion D.O. 24.03.2011."},"geometry":{"type":"Polygon","coordinates":[[[-73.07424734653915,-36.876307843226776],[-73.07349774212301,-36.875788702069016],[-73.07323698811904,-36.87541096537462],[-73.0725321342479,-36.87477310315424],[-73.07205829589881,-36.874502279324886],[-73.07170453268093,-36.87443239561057],[-73.07139497863453,-36.87450819920402],[-73.0713875166051,-36.87436784111873],[-73.07104955708186,-36.87432084771372],[-73.07050927982822,-36.87403472074108],[-73.07001304074387,-36.87402830876933],[-73.07046719811441,-36.87365460141032],[-73.07096607392543,-36.87288754228689],[-73.07127242280673,-36.87288874857427],[-73.07082437522135,-36.87378882078044],[-73.07084004848593,-36.873946473327834],[-73.07128662854481,-36.874253391639456],[-73.0723985604661,-36.87445544762115],[-73.0737458667,-36.87579190073283],[-73.07415451506441,-36.87607081497908],[-73.07424734653915,-36.876307843226776]]]}},{"type":"Feature","properties":{"comuna":"SanPedroDeLaPaz","zona":"ZRQ","zona_code":"ZRQ","nombre":"ZRQ Zona de riesgo por drenajes y quebradas","decreto":"Publicacion PRC San Pedro de la Paz. Decreto Alc. N°310. Fecha de promulgacion 10.03.2011. Fecha de publicacion D.O. 24.03.2011."},"geometry":{"type":"Polygon","coordinates":[[[-73.09871723214195,-36.87349497054248],[-73.09839672076144,-36.87350164817106],[-73.09831771120588,-36.87331982347856],[-73.09839399750794,-36.87263316455],[-73.1004482123055,-36.87095685750552],[-73.1007953963282,-36.870358970523625],[-73.10118672051576,-36.87004078425181],[-73.10120017818736,-36.8697473753682],[-73.10146162441991,-36.86979546141947],[-73.10152138564425,-36.870162504904314],[-73.10176788434369,-36.87020378350723],[-73.10263822160336,-36.86977528938872],[-73.10276139587428,-36.86935212116779],[-73.10323708371874,-36.86924778816662],[-73.10491470949414,-36.86843982513462],[-73.10558377301096,-36.868270204149795],[-73.10587640988041,-36.86842412630733],[-73.10616261222215,-36.868321944885246],[-73.10629198911495,-36.868422926450215],[-73.10646768065848,-36.868299669264964],[-73.10686103119778,-36.86829191383459],[-73.10702610706039,-36.868514695108104],[-73.10739480064635,-36.86845506144356],[-73.10746532430377,-36.86854636139233],[-73.1076472869938,-36.868540062603],[-73.10686464023428,-36.86931122985325],[-73.1067083422897,-36.86925219293916],[-73.1067443746407,-36.868700212341146],[-73.1064406259678,-36.86861112498694],[-73.10595328005391,-36.86863384958939],[-73.10499537291953,-36.8692645988181],[-73.10521407825867,-36.869807765209984],[-73.1048653321263,-36.86983154907201],[-73.10461416788291,-36.86963517753771],[-73.10428663067135,-36.869646508273846],[-73.10399032970005,-36.869832523631096],[-73.10380062842782,-36.87010273411533],[-73.10365368335643,-36.87089876283393],[-73.10341199068682,-36.87074307426397],[-73.10339945714689,-36.87050915298599],[-73.10324009829175,-36.870256873953835],[-73.10275343999358,-36.870156525986395],[-73.10234771422707,-36.87020570843737],[-73.10181081913697,-36.87052893130875],[-73.10053352801613,-36.871733138156],[-73.09925635627522,-36.87266781997555],[-73.09871723214195,-36.87349497054248]]]}},{"type":"Feature","properties":{"comuna":"SanPedroDeLaPaz","zona":"ZRR","zona_code":"ZRR","nombre":"ZRR Zona de riesgo de remocion en masa","decreto":"Publicacion PRC San Pedro de la Paz. Decreto Alc. N°310. Fecha de promulgacion 10.03.2011. Fecha de publicacion D.O. 24.03.2011."},"geometry":{"type":"Polygon","coordinates":[[[-73.08393083669077,-36.879974348005874],[-73.08186337716886,-36.88004549915173],[-73.08180785054714,-36.87982477095793],[-73.0819959066848,-36.87897461805681],[-73.08211117678843,-36.87963197577239],[-73.08247443281455,-36.879742513465224],[-73.08322778614435,-36.879646281184144],[-73.08346250927833,-36.87939798727616],[-73.08376170813328,-36.87926465152102],[-73.0839730271076,-36.879397991419886],[-73.08407504363493,-36.87966984770192],[-73.08393083669077,-36.879974348005874]]]}},{"type":"Feature","properties":{"comuna":"SanPedroDeLaPaz","zona":"ZRR","zona_code":"ZRR","nombre":"ZRR Zona de riesgo de remocion en masa","decreto":"Publicacion PRC San Pedro de la Paz. Decreto Alc. N°310. Fecha de promulgacion 10.03.2011. Fecha de publicacion D.O. 24.03.2011."},"geometry":{"type":"Polygon","coordinates":[[[-73.08311719328478,-36.87866652418014],[-73.08312759993373,-36.87831463145937],[-73.08283850021473,-36.8780902247628],[-73.08208350873177,-36.877881847415104],[-73.08188884600959,-36.87751357575345],[-73.08174827664287,-36.87679190745617],[-73.08144796585114,-36.87635696206354],[-73.08126163540877,-36.87587122341972],[-73.0812883001764,-36.87500318704532],[-73.08212260562154,-36.872595768241545],[-73.08257247425914,-36.87200611704087],[-73.08270789001459,-36.87126323534086],[-73.08301382318277,-36.87098319808336],[-73.08345701026163,-36.87081561464994],[-73.08363378925438,-36.87057517376169],[-73.08353855052916,-36.87015661017783],[-73.08326363436481,-36.869650487806595],[-73.08248045401595,-36.86918528926617],[-73.08157997844408,-36.86898191261161],[-73.08040993958808,-36.86946743254502],[-73.0801269907616,-36.8690838835642],[-73.08004944686023,-36.86872329767532],[-73.08031963928555,-36.86804608993804],[-73.08073766549097,-36.86768017909865],[-73.08154975720888,-36.867593657382734],[-73.08392461134598,-36.86973832590311],[-73.08479452651046,-36.87018881117286],[-73.08471778497885,-36.870390655076974],[-73.08356333784243,-36.871168615745034],[-73.08300824171342,-36.871972812367986],[-73.0827576100434,-36.87274309553887],[-73.08216567757091,-36.87367745225659],[-73.08170827936394,-36.87494699485855],[-73.08166354102698,-36.875475836310805],[-73.08176314267537,-36.8759762751982],[-73.08202622991298,-36.87626016887123],[-73.08239952862971,-36.87724333854633],[-73.08325820060868,-36.87720793041248],[-73.08364296720544,-36.877721988737434],[-73.08371929353777,-36.878059177668504],[-73.08365793125535,-36.87841282450498],[-73.08311719328478,-36.87866652418014]]]}},{"type":"Feature","properties":{"comuna":"SanPedroDeLaPaz","zona":"ZRR","zona_code":"ZRR","nombre":"ZRR Zona de riesgo de remocion en masa","decreto":"Publicacion PRC San Pedro de la Paz. Decreto Alc. N°310. Fecha de promulgacion 10.03.2011. Fecha de publicacion D.O. 24.03.2011."},"geometry":{"type":"Polygon","coordinates":[[[-73.0849348186949,-36.879107820073784],[-73.08497679219668,-36.87859591821188],[-73.08483156259544,-36.87833433866617],[-73.08514032177334,-36.87810692862075],[-73.08458249807855,-36.877493373368075],[-73.08462503314436,-36.876923595136894],[-73.08428934727613,-36.87678282056813],[-73.08385040042955,-36.87634679461941],[-73.0836522972473,-36.87632431911443],[-73.0830880589518,-36.87545318530273],[-73.08304617898477,-36.87439416481908],[-73.08359483115954,-36.874152644136664],[-73.08374031719818,-36.87387226757905],[-73.08397814176456,-36.87368245568422],[-73.08465884752272,-36.87372932961248],[-73.08490778186217,-36.87395291858883],[-73.08430714448377,-36.873903289349364],[-73.08397978640541,-36.87405517164607],[-73.08390865270484,-36.87436228388224],[-73.08340783688728,-36.87454357010803],[-73.08331715332525,-36.87475761174222],[-73.08337807764059,-36.87535312305313],[-73.08387639160895,-36.875945297437724],[-73.08485370192132,-36.87594680725976],[-73.08508144208959,-36.8761147330323],[-73.08484808516475,-36.87666178584849],[-73.08489051396316,-36.8774571353094],[-73.08515736164992,-36.87781119915433],[-73.08572933111634,-36.878143037052354],[-73.0849348186949,-36.879107820073784]]]}},{"type":"Feature","properties":{"comuna":"SanPedroDeLaPaz","zona":"ZRR","zona_code":"ZRR","nombre":"ZRR Zona de riesgo de remocion en masa","decreto":"Publicacion PRC San Pedro de la Paz. Decreto Alc. N°310. Fecha de promulgacion 10.03.2011. Fecha de publicacion D.O. 24.03.2011."},"geometry":{"type":"Polygon","coordinates":[[[-73.08553587390045,-36.87451718216743],[-73.08645920330137,-36.874259083806194],[-73.08605499765578,-36.87413239156674],[-73.08572114052822,-36.87388902626785],[-73.0855824697277,-36.87354519689631],[-73.08502441877062,-36.873473599264194],[-73.08452413557008,-36.8731861602582],[-73.08423610128251,-36.872434418129785],[-73.08443201615266,-36.87200583307601],[-73.0857474328395,-36.87096452949963],[-73.08625570790787,-36.8709235904603],[-73.08647075052986,-36.87112710405673],[-73.08654395943054,-36.87140580965967],[-73.08646564218526,-36.87171805279939],[-73.08606632870858,-36.87120108663232],[-73.08572317946425,-36.871330081134026],[-73.08477628658532,-36.87217121270704],[-73.08463361489561,-36.87250422358888],[-73.08472699207903,-36.87288769579977],[-73.08509385710593,-36.87320316338321],[-73.08583050578719,-36.873341847493094],[-73.0861060782679,-36.87385965840546],[-73.08644965806151,-36.87401187370234],[-73.08701431365364,-36.87393383560866],[-73.08797102128135,-36.874369587251614],[-73.08809041343999,-36.874693572081355],[-73.08852946949455,-36.87499482258584],[-73.08843366686897,-36.87524932460896],[-73.08795635528502,-36.87532436044241],[-73.08744887701334,-36.875107488467286],[-73.08687899987976,-36.87454123037852],[-73.08629166783419,-36.874467718664185],[-73.08613381667269,-36.87478953571042],[-73.0857559187534,-36.8748142670748],[-73.08553587390045,-36.87451718216743]]]}},{"type":"Feature","properties":{"comuna":"SanPedroDeLaPaz","zona":"ZRR","zona_code":"ZRR","nombre":"ZRR Zona de riesgo de remocion en masa","decreto":"Publicacion PRC San Pedro de la Paz. Decreto Alc. N°310. Fecha de promulgacion 10.03.2011. Fecha de publicacion D.O. 24.03.2011."},"geometry":{"type":"Polygon","coordinates":[[[-73.08830372860558,-36.872951988865296],[-73.08846057261724,-36.87247494325578],[-73.08843290257289,-36.872229822834825],[-73.08817209143228,-36.87185212246513],[-73.08788581490175,-36.87168036005325],[-73.08792012366497,-36.87150341152992],[-73.08834314011197,-36.8716411671845],[-73.08860081126113,-36.87155026416035],[-73.08850388462842,-36.8712372235844],[-73.08904443520905,-36.870981310381],[-73.08903573231773,-36.87163780612363],[-73.08873481591526,-36.87201142842442],[-73.0885765866935,-36.87287227958245],[-73.08830372860558,-36.872951988865296]]]}},{"type":"Feature","properties":{"comuna":"SanPedroDeLaPaz","zona":"ZRR","zona_code":"ZRR","nombre":"ZRR Zona de riesgo de remocion en masa","decreto":"Publicacion PRC San Pedro de la Paz. Decreto Alc. N°310. Fecha de promulgacion 10.03.2011. Fecha de publicacion D.O. 24.03.2011."},"geometry":{"type":"Polygon","coordinates":[[[-73.08894397656611,-36.87073869841765],[-73.08826438872052,-36.87071231650483],[-73.08826978040887,-36.87026685419479],[-73.08808125416147,-36.87015031355086],[-73.08777272317593,-36.869698090171546],[-73.08756995533544,-36.86958789825615],[-73.08753844493974,-36.86940735759086],[-73.08768702797202,-36.86918545999547],[-73.08819611256843,-36.868886692686594],[-73.08815482446398,-36.86865961823739],[-73.08791504076362,-36.86853898434143],[-73.08760081014381,-36.86852637467242],[-73.08675575929102,-36.86867852068852],[-73.08629439488531,-36.86864168018897],[-73.0857396556148,-36.86904161243363],[-73.085415648751,-36.868982462888944],[-73.08505265539945,-36.868192290757406],[-73.08390815298759,-36.86765165761331],[-73.08344836596346,-36.86723392267088],[-73.08232805418744,-36.86577845028303],[-73.0824816718996,-36.864829880269596],[-73.08273371916827,-36.86463372289235],[-73.08332648955812,-36.864537159742426],[-73.08459441412361,-36.865000315669036],[-73.08361575541491,-36.86606516802112],[-73.08357436228906,-36.86638297396085],[-73.08369933190733,-36.86681223189019],[-73.08396737978647,-36.86718969445023],[-73.08486949856469,-36.86769765998389],[-73.08584108812451,-36.86841414638295],[-73.0863676473839,-36.86844288489359],[-73.08705703700869,-36.86824337310192],[-73.0875956561925,-36.8682248187324],[-73.08842584487638,-36.86847744253066],[-73.08849156546734,-36.86861579185715],[-73.08841713454083,-36.86913393919274],[-73.08857332195011,-36.8693277601674],[-73.08888777019028,-36.869480973298714],[-73.08910012059626,-36.86990721304284],[-73.0893449070882,-36.87012141458532],[-73.08957657857512,-36.87008999392611],[-73.08943632157076,-36.870399491094034],[-73.08944943637692,-36.8706451127971],[-73.08918396369869,-36.87058981425326],[-73.08894397656611,-36.87073869841765]]]}},{"type":"Feature","properties":{"comuna":"SanPedroDeLaPaz","zona":"ZRR","zona_code":"ZRR","nombre":"ZRR Zona de riesgo de remocion en masa","decreto":"Publicacion PRC San Pedro de la Paz. Decreto Alc. N°310. Fecha de promulgacion 10.03.2011. Fecha de publicacion D.O. 24.03.2011."},"geometry":{"type":"Polygon","coordinates":[[[-73.09507012208482,-36.86700037067179],[-73.09452660454039,-36.866790630573675],[-73.09397853390936,-36.86676853066279],[-73.092477024105,-36.867189438886776],[-73.09131013752695,-36.86739079988916],[-73.09084170460665,-36.86728977329125],[-73.09030160568207,-36.86762184343073],[-73.0901671566064,-36.867562031082535],[-73.0902617421553,-36.866943586369274],[-73.08939783623235,-36.86694699898828],[-73.08900561009096,-36.86649766355686],[-73.08864319126947,-36.86640176298811],[-73.08839592389332,-36.86614077399882],[-73.08853712203678,-36.86605388333349],[-73.09084540663703,-36.86585714568072],[-73.0913214066676,-36.865758709501335],[-73.09157343190687,-36.865562534581144],[-73.09142992804452,-36.86533312698434],[-73.08944854521387,-36.86509676915224],[-73.08907339073451,-36.864898777945626],[-73.0890552855553,-36.864559586148765],[-73.09005550922382,-36.86417357916588],[-73.09028985574548,-36.86391942728679],[-73.09036552022079,-36.863424671962214],[-73.09110599618928,-36.86384149056634],[-73.09130740931653,-36.86406304275239],[-73.09140486535432,-36.86452253583885],[-73.09107849790303,-36.86469197802913],[-73.09071967728826,-36.86466333702263],[-73.09048883856327,-36.86443693864633],[-73.09027901879855,-36.86446760753612],[-73.09029088447743,-36.86468983622661],[-73.08987186623877,-36.86476286943962],[-73.08997709956556,-36.86495844453157],[-73.09165766491738,-36.86502354130615],[-73.09191324877291,-36.86516705898867],[-73.09200767960019,-36.86543331179418],[-73.09197141366795,-36.865709930129256],[-73.09104905927522,-36.866052256146695],[-73.08920648981794,-36.8663677033445],[-73.08953641970247,-36.86653795889565],[-73.09088468431182,-36.866251266907916],[-73.0916582872397,-36.866400359511175],[-73.09171101691813,-36.866568449421024],[-73.0923851917828,-36.866357714410356],[-73.09363841723683,-36.86620316446634],[-73.09442698225749,-36.86622282752997],[-73.09473182493231,-36.8660599765875],[-73.09507114209224,-36.8664056584303],[-73.09513701009007,-36.86681936602749],[-73.09507012208482,-36.86700037067179]]]}},{"type":"Feature","properties":{"comuna":"SanPedroDeLaPaz","zona":"ZRR","zona_code":"ZRR","nombre":"ZRR Zona de riesgo de remocion en masa","decreto":"Publicacion PRC San Pedro de la Paz. Decreto Alc. N°310. Fecha de promulgacion 10.03.2011. Fecha de publicacion D.O. 24.03.2011."},"geometry":{"type":"Polygon","coordinates":[[[-73.07962028318447,-36.87517773234454],[-73.07840551782998,-36.87441462728285],[-73.07779553745739,-36.8741895191798],[-73.07758844859319,-36.87358731047393],[-73.0777380042513,-36.87338296602265],[-73.07837693777387,-36.87305634144161],[-73.07840441888013,-36.87275073311143],[-73.07774851944149,-36.87221082112579],[-73.07767744347039,-36.871697679474984],[-73.07877334073927,-36.870640559519536],[-73.07966946944123,-36.870762082642834],[-73.08012240896798,-36.87118812346022],[-73.07984892310276,-36.87125611663522],[-73.07958665119149,-36.871534644889216],[-73.07869877071862,-36.872115908552395],[-73.07893996129563,-36.87281068622188],[-73.07888461228717,-36.87314068803106],[-73.07862108541526,-36.8733958224494],[-73.07872253212382,-36.87393135490925],[-73.07927716709649,-36.87448646025801],[-73.07962028318447,-36.87517773234454]]]}},{"type":"Feature","properties":{"comuna":"SanPedroDeLaPaz","zona":"ZRR","zona_code":"ZRR","nombre":"ZRR Zona de riesgo de remocion en masa","decreto":"Publicacion PRC San Pedro de la Paz. Decreto Alc. N°310. Fecha de promulgacion 10.03.2011. Fecha de publicacion D.O. 24.03.2011."},"geometry":{"type":"Polygon","coordinates":[[[-73.07452224025931,-36.87667703619939],[-73.07393863092832,-36.87667364168208],[-73.07378656972979,-36.87683119445853],[-73.07347510617284,-36.877556677419406],[-73.07320905633848,-36.87776501507964],[-73.07276269450448,-36.87787408166141],[-73.07255513104957,-36.87781089920062],[-73.07210740638965,-36.87734583526113],[-73.07183911989446,-36.87723786480231],[-73.07123322770431,-36.87736411842252],[-73.07092331074735,-36.87722754719679],[-73.07063399076563,-36.87727262769905],[-73.07008944173315,-36.877455359476244],[-73.0684589761365,-36.87861276167231],[-73.0679689210748,-36.87872330876778],[-73.0672322426491,-36.87858451496957],[-73.06651047441564,-36.87872643459993],[-73.06587268100145,-36.87907639428525],[-73.06547646387104,-36.87903138272189],[-73.06530823376787,-36.87888481464064],[-73.06518444747861,-36.8773774496507],[-73.06485082350102,-36.87741231619454],[-73.06474744983538,-36.87821267409484],[-73.06486957963487,-36.878864691104],[-73.06474071728314,-36.87925359916471],[-73.0631595187381,-36.87859297014436],[-73.06264706385137,-36.8777316771009],[-73.06313702022038,-36.87651967427946],[-73.06388354913871,-36.87629490223265],[-73.06523127923963,-36.875580812059354],[-73.06537590622767,-36.87528290985182],[-73.0653046296274,-36.875039276864015],[-73.06465286104209,-36.87485068516795],[-73.0646100857005,-36.87459435685162],[-73.06515214699786,-36.87436486362899],[-73.06588967886387,-36.87424584849303],[-73.06758657197686,-36.87434001866728],[-73.06787126644039,-36.874482590299486],[-73.06819218124062,-36.87448330513184],[-73.06871375390986,-36.87572142896345],[-73.06871544350913,-36.876576775847504],[-73.06884310442682,-36.8767833194195],[-73.0691286944586,-36.876668063771646],[-73.06926797609026,-36.87599536878004],[-73.06952009405902,-36.87579923552732],[-73.06981997664528,-36.875952999475146],[-73.07010556216385,-36.875837741330756],[-73.070002306501,-36.875267109045424],[-73.07005893776102,-36.874960501280206],[-73.07033369141743,-36.87491592274034],[-73.07099499239885,-36.87507778974648],[-73.07184329938967,-36.87477916852055],[-73.07232370504916,-36.874967743646515],[-73.07304765975123,-36.87582759064372],[-73.07366355343486,-36.87616383971151],[-73.07406106800185,-36.87650758401613],[-73.07452224025931,-36.87667703619939]]]}},{"type":"Feature","properties":{"comuna":"SanPedroDeLaPaz","zona":"ZRR","zona_code":"ZRR","nombre":"ZRR Zona de riesgo de remocion en masa","decreto":"Publicacion PRC San Pedro de la Paz. Decreto Alc. N°310. Fecha de promulgacion 10.03.2011. Fecha de publicacion D.O. 24.03.2011."},"geometry":{"type":"Polygon","coordinates":[[[-73.07415451506441,-36.87607081497908],[-73.0737458667,-36.87579190073283],[-73.0723985604661,-36.87445544762115],[-73.07128662854481,-36.874253391639456],[-73.07084004848593,-36.873946473327834],[-73.07082437522135,-36.87378882078044],[-73.07127242280673,-36.87288874857427],[-73.07096607392543,-36.87288754228689],[-73.07046719811441,-36.87365460141032],[-73.07001304074387,-36.87402830876933],[-73.06974663416418,-36.87395542190408],[-73.06918745374433,-36.87358791194607],[-73.06899099913124,-36.87318452402744],[-73.0702113686244,-36.87254578642408],[-73.07070494339497,-36.8718162613219],[-73.07092155541837,-36.87232441499468],[-73.07176356097918,-36.87279939026805],[-73.07212017155122,-36.873197277168],[-73.07323196386787,-36.873534085345874],[-73.0735343332044,-36.87373462534257],[-73.07382438570671,-36.87425197024622],[-73.07381182072032,-36.874838293950475],[-73.07401726211133,-36.87513590325516],[-73.07415451506441,-36.87607081497908]]]}},{"type":"Feature","properties":{"comuna":"SanPedroDeLaPaz","zona":"ZRR","zona_code":"ZRR","nombre":"ZRR Zona de riesgo de remocion en masa","decreto":"Publicacion PRC San Pedro de la Paz. Decreto Alc. N°310. Fecha de promulgacion 10.03.2011. Fecha de publicacion D.O. 24.03.2011."},"geometry":{"type":"Polygon","coordinates":[[[-73.07001174070913,-36.87194550250689],[-73.06956347255291,-36.87229264122573],[-73.06900781372511,-36.87254019651825],[-73.06790213184055,-36.87272970983849],[-73.06721904882494,-36.872225823509766],[-73.06694546884246,-36.87174305045949],[-73.06702874421937,-36.87138865982617],[-73.06722910470462,-36.871041973004765],[-73.06755151871573,-36.87079656299106],[-73.0675936009343,-36.87049045510871],[-73.06774380033187,-36.87029782037711],[-73.06901274249627,-36.86975044156677],[-73.06937055983089,-36.86989709389444],[-73.07009853569798,-36.87055981723176],[-73.06966614620211,-36.87065667325353],[-73.06858574308801,-36.87063513686254],[-73.06796728324267,-36.87134769647874],[-73.0679688778641,-36.871652306522456],[-73.06823314330377,-36.87195962856099],[-73.07001174070913,-36.87194550250689]]]}},{"type":"Feature","properties":{"comuna":"SanPedroDeLaPaz","zona":"ZRR","zona_code":"ZRR","nombre":"ZRR Zona de riesgo de remocion en masa","decreto":"Publicacion PRC San Pedro de la Paz. Decreto Alc. N°310. Fecha de promulgacion 10.03.2011. Fecha de publicacion D.O. 24.03.2011."},"geometry":{"type":"Polygon","coordinates":[[[-73.06932007605505,-36.86922138626985],[-73.0687750257124,-36.868844599789185],[-73.06838863546665,-36.867885265452166],[-73.06864428970881,-36.86665783935186],[-73.06930806594137,-36.866799127665395],[-73.06959734890921,-36.866754052835944],[-73.07030915002603,-36.866975713118315],[-73.07063899620829,-36.86687065472986],[-73.07086357189667,-36.866980128800876],[-73.07123905693703,-36.86745939657709],[-73.07184648063595,-36.86763775649808],[-73.07216063543991,-36.86806053640267],[-73.07233232734701,-36.86854679411207],[-73.07230855389122,-36.868922580992724],[-73.07144346706895,-36.86888041520631],[-73.07098481895028,-36.86775227790658],[-73.07072553202279,-36.86753853287242],[-73.07012831855123,-36.86727779214313],[-73.0693852700142,-36.86729156026595],[-73.06908702014584,-36.86744240275255],[-73.0688891616336,-36.867835877964694],[-73.06907973950274,-36.868403517973064],[-73.06963515097787,-36.86870085254166],[-73.07030339537393,-36.86947474614779],[-73.07052160152135,-36.87028751080569],[-73.06958639613448,-36.86956745037693],[-73.06932007605505,-36.86922138626985]]]}},{"type":"Feature","properties":{"comuna":"SanPedroDeLaPaz","zona":"ZRR","zona_code":"ZRR","nombre":"ZRR Zona de riesgo de remocion en masa","decreto":"Publicacion PRC San Pedro de la Paz. Decreto Alc. N°310. Fecha de promulgacion 10.03.2011. Fecha de publicacion D.O. 24.03.2011."},"geometry":{"type":"Polygon","coordinates":[[[-73.07382935939084,-36.870146889248595],[-73.07402184743795,-36.870835295095304],[-73.07285733319006,-36.870654833030706],[-73.07285983104245,-36.87001612344536],[-73.07382935939084,-36.870146889248595]]]}},{"type":"Feature","properties":{"comuna":"SanPedroDeLaPaz","zona":"ZRR","zona_code":"ZRR","nombre":"ZRR Zona de riesgo de remocion en masa","decreto":"Publicacion PRC San Pedro de la Paz. Decreto Alc. N°310. Fecha de promulgacion 10.03.2011. Fecha de publicacion D.O. 24.03.2011."},"geometry":{"type":"Polygon","coordinates":[[[-73.07142833436328,-36.86923694662052],[-73.0721844051596,-36.8691077371568],[-73.07246690903605,-36.86920936034866],[-73.07254783977788,-36.869634285010186],[-73.07242744880286,-36.87011298973644],[-73.07251447210399,-36.87078963882593],[-73.07277066633013,-36.87094489469752],[-73.07350167782855,-36.870978389408],[-73.07378450231214,-36.87108585799259],[-73.07417968653266,-36.87152342557723],[-73.0745338783306,-36.87223557311788],[-73.07280206581562,-36.872306750037005],[-73.07193653992337,-36.87193805067259],[-73.07169515931166,-36.87151277314858],[-73.07170551236737,-36.87061014284602],[-73.07179959103279,-36.8701850712026],[-73.07142833436328,-36.86923694662052]]]}},{"type":"Feature","properties":{"comuna":"SanPedroDeLaPaz","zona":"ZRR","zona_code":"ZRR","nombre":"ZRR Zona de riesgo de remocion en masa","decreto":"Publicacion PRC San Pedro de la Paz. Decreto Alc. N°310. Fecha de promulgacion 10.03.2011. Fecha de publicacion D.O. 24.03.2011."},"geometry":{"type":"Polygon","coordinates":[[[-73.07444989179538,-36.86805225533648],[-73.07479209544903,-36.86905336560879],[-73.0741005445936,-36.8688017433623],[-73.0738146794861,-36.868911160261995],[-73.07363930140266,-36.86931558861018],[-73.07380422566376,-36.86994854944882],[-73.07296192998632,-36.86946773893045],[-73.07286572967,-36.86870425320353],[-73.0730461543996,-36.86798327088713],[-73.07353551083567,-36.86786101106176],[-73.07444989179538,-36.86805225533648]]]}},{"type":"Feature","properties":{"comuna":"SanPedroDeLaPaz","zona":"ZRR","zona_code":"ZRR","nombre":"ZRR Zona de riesgo de remocion en masa","decreto":"Publicacion PRC San Pedro de la Paz. Decreto Alc. N°310. Fecha de promulgacion 10.03.2011. Fecha de publicacion D.O. 24.03.2011."},"geometry":{"type":"Polygon","coordinates":[[[-73.0750780808843,-36.868809186658304],[-73.0749689563403,-36.868402809207275],[-73.0750916969531,-36.86810564819237],[-73.07566922525265,-36.867584873671625],[-73.07586444496135,-36.86762210977627],[-73.07600563538595,-36.86774029692761],[-73.0760359079024,-36.86803513284363],[-73.07592722848099,-36.868185338948095],[-73.07519568706327,-36.86841552915192],[-73.0750780808843,-36.868809186658304]]]}},{"type":"Feature","properties":{"comuna":"SanPedroDeLaPaz","zona":"ZRR","zona_code":"ZRR","nombre":"ZRR Zona de riesgo de remocion en masa","decreto":"Publicacion PRC San Pedro de la Paz. Decreto Alc. N°310. Fecha de promulgacion 10.03.2011. Fecha de publicacion D.O. 24.03.2011."},"geometry":{"type":"Polygon","coordinates":[[[-73.07402358866331,-36.8703196500027],[-73.07404894011043,-36.870025100771315],[-73.07383623498853,-36.869384993300905],[-73.07391499640441,-36.869083483791705],[-73.0741532379024,-36.86896984266087],[-73.07455037001571,-36.86917005661217],[-73.07513522702585,-36.869129464312486],[-73.07536530763953,-36.868462536278905],[-73.0755222980969,-36.86838673392348],[-73.07589569274344,-36.86841492065431],[-73.0762211432108,-36.86809028806227],[-73.07620023141034,-36.86776583677919],[-73.07602099666315,-36.867549354189705],[-73.07580462540224,-36.86745718557169],[-73.07640572747283,-36.86710550709459],[-73.0771685190841,-36.866229755211336],[-73.07746030877425,-36.8661120706335],[-73.07726498734242,-36.86655234307464],[-73.07754358846779,-36.867128661238],[-73.07743724031576,-36.86787053908121],[-73.07661335686656,-36.86910578691555],[-73.07622939753395,-36.86956425551306],[-73.07585587512747,-36.86967082933537],[-73.07464198141133,-36.86960706221565],[-73.07437285013168,-36.8697569188768],[-73.07402358866331,-36.8703196500027]]]}},{"type":"Feature","properties":{"comuna":"SanPedroDeLaPaz","zona":"ZRR","zona_code":"ZRR","nombre":"ZRR Zona de riesgo de remocion en masa","decreto":"Publicacion PRC San Pedro de la Paz. Decreto Alc. N°310. Fecha de promulgacion 10.03.2011. Fecha de publicacion D.O. 24.03.2011."},"geometry":{"type":"Polygon","coordinates":[[[-73.0757329642694,-36.86700118580649],[-73.07540013706053,-36.866913016820554],[-73.07507714348958,-36.86714674932361],[-73.07476123842302,-36.867239623124405],[-73.07415886735018,-36.86724199876589],[-73.07389273138295,-36.86689960067092],[-73.07428067633403,-36.86624179795683],[-73.07464396515853,-36.86606307643457],[-73.07589089446373,-36.865926507946526],[-73.0761777996201,-36.8656998716031],[-73.07649618600084,-36.86565378012999],[-73.07702109831993,-36.865377952837946],[-73.07688099709625,-36.865639826956674],[-73.07724032484269,-36.86581496625869],[-73.07688867313807,-36.86590394688702],[-73.07616675036927,-36.86672556305263],[-73.0757329642694,-36.86700118580649]]]}},{"type":"Feature","properties":{"comuna":"SanPedroDeLaPaz","zona":"ZRR","zona_code":"ZRR","nombre":"ZRR Zona de riesgo de remocion en masa","decreto":"Publicacion PRC San Pedro de la Paz. Decreto Alc. N°310. Fecha de promulgacion 10.03.2011. Fecha de publicacion D.O. 24.03.2011."},"geometry":{"type":"Polygon","coordinates":[[[-73.07665167896805,-36.86516727452826],[-73.07575203509629,-36.86550943484184],[-73.07530325793908,-36.86557172066181],[-73.07510343981666,-36.86537937951213],[-73.07443133168825,-36.86535558914086],[-73.07455263964327,-36.864894427314184],[-73.07549036806263,-36.86442866220503],[-73.07592209251379,-36.86432009065563],[-73.07640493885648,-36.864367219897225],[-73.07613745237447,-36.8648216870115],[-73.07665167896805,-36.86516727452826]]]}},{"type":"Feature","properties":{"comuna":"SanPedroDeLaPaz","zona":"ZRR","zona_code":"ZRR","nombre":"ZRR Zona de riesgo de remocion en masa","decreto":"Publicacion PRC San Pedro de la Paz. Decreto Alc. N°310. Fecha de promulgacion 10.03.2011. Fecha de publicacion D.O. 24.03.2011."},"geometry":{"type":"Polygon","coordinates":[[[-73.07530222945742,-36.8639246656154],[-73.0749994184367,-36.86424632076952],[-73.07431562452773,-36.86455103018621],[-73.07341508456197,-36.86516784076135],[-73.0730122244703,-36.86569945297415],[-73.07213745017435,-36.865155301764844],[-73.07192085374471,-36.86464714927317],[-73.07187832087737,-36.86412130446637],[-73.07229326356067,-36.86369693991375],[-73.07236257312039,-36.86335474278878],[-73.07159879062401,-36.8632520565824],[-73.07264239114213,-36.862428949047796],[-73.0745200286215,-36.86183059573404],[-73.07431847874898,-36.862153897452465],[-73.07427455870291,-36.86242491646815],[-73.07451567196331,-36.86311970919864],[-73.0746836319941,-36.863535784360465],[-73.07503647611999,-36.86386348528758],[-73.07530222945742,-36.8639246656154]]]}},{"type":"Feature","properties":{"comuna":"SanPedroDeLaPaz","zona":"ZRR","zona_code":"ZRR","nombre":"ZRR Zona de riesgo de remocion en masa","decreto":"Publicacion PRC San Pedro de la Paz. Decreto Alc. N°310. Fecha de promulgacion 10.03.2011. Fecha de publicacion D.O. 24.03.2011."},"geometry":{"type":"Polygon","coordinates":[[[-73.0709219905952,-36.8628651523511],[-73.07034859876984,-36.86222862151812],[-73.07106856450771,-36.859705819122965],[-73.07237150165237,-36.85980172564489],[-73.07332908296263,-36.859710269963635],[-73.07425052838651,-36.85945916848154],[-73.07422842276526,-36.85963765018487],[-73.0738979910603,-36.85973101950603],[-73.07360475358358,-36.85997544378705],[-73.07321010335879,-36.86105531658434],[-73.07395122334133,-36.86100643922487],[-73.07428253265442,-36.86065524611594],[-73.07465228193722,-36.860478499928064],[-73.07564420286343,-36.86021007874437],[-73.07594652208606,-36.86041061610315],[-73.07631553473115,-36.86104242191969],[-73.075792529333,-36.861336488673075],[-73.07454007602641,-36.86136778359545],[-73.07239855412566,-36.86195688498698],[-73.07210157386434,-36.86213112642292],[-73.07149279339257,-36.86274962800824],[-73.0709219905952,-36.8628651523511]]]}},{"type":"Feature","properties":{"comuna":"SanPedroDeLaPaz","zona":"ZRR","zona_code":"ZRR","nombre":"ZRR Zona de riesgo de remocion en masa","decreto":"Publicacion PRC San Pedro de la Paz. Decreto Alc. N°310. Fecha de promulgacion 10.03.2011. Fecha de publicacion D.O. 24.03.2011."},"geometry":{"type":"Polygon","coordinates":[[[-73.07761662972284,-36.85754095365741],[-73.07860181683873,-36.85767773756426],[-73.07886774307937,-36.85787951863732],[-73.07872288589026,-36.85817158494785],[-73.07848583412785,-36.858238321593454],[-73.07754710590386,-36.85815267126416],[-73.07761662972284,-36.85754095365741]]]}},{"type":"Feature","properties":{"comuna":"SanPedroDeLaPaz","zona":"ZRR","zona_code":"ZRR","nombre":"ZRR Zona de riesgo de remocion en masa","decreto":"Publicacion PRC San Pedro de la Paz. Decreto Alc. N°310. Fecha de promulgacion 10.03.2011. Fecha de publicacion D.O. 24.03.2011."},"geometry":{"type":"Polygon","coordinates":[[[-73.07514321500891,-36.857902022017065],[-73.07544177516544,-36.858049227144676],[-73.07521946113332,-36.858256065581486],[-73.07543505902451,-36.858471300565235],[-73.07459327534347,-36.85825486517705],[-73.07470207107421,-36.85796990086353],[-73.07514321500891,-36.857902022017065]]]}},{"type":"Feature","properties":{"comuna":"SanPedroDeLaPaz","zona":"ZRR","zona_code":"ZRR","nombre":"ZRR Zona de riesgo de remocion en masa","decreto":"Publicacion PRC San Pedro de la Paz. Decreto Alc. N°310. Fecha de promulgacion 10.03.2011. Fecha de publicacion D.O. 24.03.2011."},"geometry":{"type":"Polygon","coordinates":[[[-73.0753443677414,-36.85868533735789],[-73.07441653547072,-36.858787505374636],[-73.07426637412306,-36.85898014729545],[-73.0742794342495,-36.859225773174174],[-73.07359302383492,-36.859326237279085],[-73.07339701486929,-36.859479439243806],[-73.07187716968531,-36.8595550373328],[-73.07113619254751,-36.85946914159393],[-73.07137342041061,-36.85858216198403],[-73.07171175018942,-36.858500245700455],[-73.07346645876423,-36.85831698687127],[-73.07380229776396,-36.85818827901673],[-73.0741544300471,-36.858228920193305],[-73.07439820372657,-36.85842561294954],[-73.0753443677414,-36.85868533735789]]]}},{"type":"Feature","properties":{"comuna":"SanPedroDeLaPaz","zona":"ZH-2","zona_code":"ZH-2","nombre":"ZH-2 Zona residencial","decreto":"Publicacion PRC San Pedro de la Paz. Decreto Alc. N°310. Fecha de promulgacion 10.03.2011. Fecha de publicacion D.O. 24.03.2011."},"geometry":{"type":"Polygon","coordinates":[[[-73.07137342041061,-36.85858216198403],[-73.07250936554176,-36.85560492629615],[-73.07381857742945,-36.85568302669453],[-73.07406968802292,-36.855469343275566],[-73.07406036087282,-36.85529389601286],[-73.0738210779744,-36.855044317396555],[-73.07434014199248,-36.855208124352814],[-73.07452151723732,-36.855465548785105],[-73.07430449304621,-36.85577180503715],[-73.07360988806384,-36.855871817815306],[-73.07272277111576,-36.85577922951138],[-73.07268084322274,-36.855950577304164],[-73.07277954563686,-36.856298726033415],[-73.0730303299455,-36.85676469207813],[-73.07294224857559,-36.85689075360943],[-73.07204776515802,-36.85720853889541],[-73.07199145874982,-36.85752099451793],[-73.07244987905585,-36.857915388527374],[-73.07300024907525,-36.8581191384862],[-73.07297156598744,-36.85833397439825],[-73.07137342041061,-36.85858216198403]]]}},{"type":"Feature","properties":{"comuna":"SanPedroDeLaPaz","zona":"ZH-2","zona_code":"ZH-2","nombre":"ZH-2 Zona residencial","decreto":"Publicacion PRC San Pedro de la Paz. Decreto Alc. N°310. Fecha de promulgacion 10.03.2011. Fecha de publicacion D.O. 24.03.2011."},"geometry":{"type":"Polygon","coordinates":[[[-73.07256802603956,-36.85547401642434],[-73.07312198651684,-36.85355085012735],[-73.0734762394765,-36.85150563961187],[-73.0736160319113,-36.85139245114502],[-73.0737941208189,-36.85076529096386],[-73.07394123536186,-36.85126996753892],[-73.07359947479513,-36.85183536871585],[-73.07357776299708,-36.85204410703747],[-73.07368859403546,-36.85227758925618],[-73.07411412218214,-36.852465114093256],[-73.07412994849129,-36.85262569220483],[-73.07400069543614,-36.8528000381568],[-73.07352175706149,-36.85304790716309],[-73.07346117027004,-36.85321110774025],[-73.0735706039326,-36.85341827225016],[-73.07417474497386,-36.853605525197636],[-73.07425127889385,-36.853810889536845],[-73.07390907922614,-36.85416245567391],[-73.07309095308872,-36.854407320087766],[-73.07303136102261,-36.85452068446418],[-73.07311000453215,-36.85483436837269],[-73.0735226092021,-36.85498425580221],[-73.07382754336201,-36.85523451076546],[-73.07392382640016,-36.85546849237427],[-73.07347333156227,-36.855565981388544],[-73.07256802603956,-36.85547401642434]]]}},{"type":"Feature","properties":{"comuna":"SanPedroDeLaPaz","zona":"ZRQ","zona_code":"ZRQ","nombre":"ZRQ Zona de riesgo por drenajes y quebradas","decreto":"Publicacion PRC San Pedro de la Paz. Decreto Alc. N°310. Fecha de promulgacion 10.03.2011. Fecha de publicacion D.O. 24.03.2011."},"geometry":{"type":"Polygon","coordinates":[[[-73.07401896460541,-36.8482060056904],[-73.07508716545516,-36.84841540594171],[-73.07525534044623,-36.84856196383054],[-73.07518910132973,-36.848687276105146],[-73.0750084223066,-36.84871691598293],[-73.07399812106091,-36.84849966822011],[-73.07401896460541,-36.8482060056904]]]}},{"type":"Feature","properties":{"comuna":"SanPedroDeLaPaz","zona":"AV","zona_code":"AV","nombre":"AV Area verde","decreto":"Publicacion PRC San Pedro de la Paz. Decreto Alc. N°310. Fecha de promulgacion 10.03.2011. Fecha de publicacion D.O. 24.03.2011."},"geometry":{"type":"Polygon","coordinates":[[[-73.0810541388351,-36.84971610784057],[-73.08113084254865,-36.84992439107568],[-73.08085935649505,-36.84996009232295],[-73.08081331952819,-36.84978004871607],[-73.0810541388351,-36.84971610784057]]]}},{"type":"Feature","properties":{"comuna":"SanPedroDeLaPaz","zona":"AV","zona_code":"AV","nombre":"AV Area verde","decreto":"Publicacion PRC San Pedro de la Paz. Decreto Alc. N°310. Fecha de promulgacion 10.03.2011. Fecha de publicacion D.O. 24.03.2011."},"geometry":{"type":"Polygon","coordinates":[[[-73.07833496876202,-36.84499061630725],[-73.07842913222608,-36.84511627723023],[-73.0783584847054,-36.84522709538849],[-73.07810178408685,-36.84519783244646],[-73.07813548744865,-36.84500918894112],[-73.07833496876202,-36.84499061630725]]]}},{"type":"Feature","properties":{"comuna":"SanPedroDeLaPaz","zona":"ZRR","zona_code":"ZRR","nombre":"ZRR Zona de riesgo de remocion en masa","decreto":"Publicacion PRC San Pedro de la Paz. Decreto Alc. N°310. Fecha de promulgacion 10.03.2011. Fecha de publicacion D.O. 24.03.2011."},"geometry":{"type":"Polygon","coordinates":[[[-73.07500964618413,-36.84909990205697],[-73.07532285926374,-36.8497805007942],[-73.07533716285776,-36.85004952013337],[-73.0749052647198,-36.85042760479013],[-73.07504756362871,-36.85118438014824],[-73.07533653256178,-36.85140881384875],[-73.07688028539486,-36.851648737604464],[-73.07453073721305,-36.851867846814415],[-73.07381146605621,-36.85232610182947],[-73.07360783081026,-36.85219833644586],[-73.07357776299708,-36.85204410703747],[-73.07359947479513,-36.85183536871585],[-73.07394123536186,-36.85126996753892],[-73.0737941208189,-36.85076529096386],[-73.074404702345,-36.849634061254974],[-73.07500964618413,-36.84909990205697]]]}},{"type":"Feature","properties":{"comuna":"SanPedroDeLaPaz","zona":"ZRR","zona_code":"ZRR","nombre":"ZRR Zona de riesgo de remocion en masa","decreto":"Publicacion PRC San Pedro de la Paz. Decreto Alc. N°310. Fecha de promulgacion 10.03.2011. Fecha de publicacion D.O. 24.03.2011."},"geometry":{"type":"Polygon","coordinates":[[[-73.07399812106091,-36.84849966822011],[-73.0750084223066,-36.84871691598293],[-73.07518910132973,-36.848687276105146],[-73.07525534044623,-36.84856196383054],[-73.07508716545516,-36.84841540594171],[-73.07401896460541,-36.8482060056904],[-73.0743579356082,-36.84655972555488],[-73.0750876795875,-36.84499670020275],[-73.07564598250394,-36.84507713048277],[-73.07582634059075,-36.845041641937264],[-73.0759283373899,-36.84490338378632],[-73.07574219741608,-36.84469299543102],[-73.07542215698459,-36.84456923035326],[-73.07605098630385,-36.843645359200124],[-73.07664161864693,-36.84364850861148],[-73.07696221447857,-36.84350860008406],[-73.0791102272674,-36.84318871717677],[-73.07933093389806,-36.8429526333329],[-73.08065370464253,-36.84246774154705],[-73.0809966217119,-36.84247352718371],[-73.08126658209864,-36.842341206656606],[-73.08157556317522,-36.841709534883826],[-73.08183034448813,-36.841566017799195],[-73.08246150192758,-36.841509155570485],[-73.08410428352472,-36.84073784885805],[-73.0854426545734,-36.84082068218687],[-73.08448990034093,-36.84139139684094],[-73.08292590164308,-36.8421365631084],[-73.07963473659889,-36.84343910102563],[-73.07622358269745,-36.84396094113646],[-73.07597095891157,-36.844145384656926],[-73.07586821576922,-36.844406706390835],[-73.07602742713553,-36.84465903156559],[-73.0764359061882,-36.844937948933435],[-73.07635207063967,-36.84528064656341],[-73.07526655165793,-36.84570461625895],[-73.0748059373268,-36.8463649149779],[-73.07496303110457,-36.846851671741746],[-73.07482507252459,-36.847547762260426],[-73.0748817896927,-36.84779189021015],[-73.07529525754524,-36.84816438287622],[-73.07572166761531,-36.84823176447306],[-73.07582205077745,-36.84847439172787],[-73.07577457962434,-36.84866131165205],[-73.07467986783719,-36.84905043799234],[-73.07422166074315,-36.849482154362796],[-73.07409912485981,-36.84991992242468],[-73.07366988882085,-36.85048539705152],[-73.07399812106091,-36.84849966822011]]]}},{"type":"Feature","properties":{"comuna":"SanPedroDeLaPaz","zona":"ZRR","zona_code":"ZRR","nombre":"ZRR Zona de riesgo de remocion en masa","decreto":"Publicacion PRC San Pedro de la Paz. Decreto Alc. N°310. Fecha de promulgacion 10.03.2011. Fecha de publicacion D.O. 24.03.2011."},"geometry":{"type":"Polygon","coordinates":[[[-73.07911610366551,-36.8528374344317],[-73.07965337515586,-36.8527955297619],[-73.08042374824183,-36.8524760983926],[-73.08057139145424,-36.85223666489067],[-73.08084386447949,-36.85105551050151],[-73.08086720743373,-36.850398508840904],[-73.08196917688633,-36.85000907566953],[-73.08214467267162,-36.84974524639351],[-73.08219813105589,-36.84938015405142],[-73.08206862067816,-36.84913853461276],[-73.08179917841161,-36.849007188318105],[-73.08140622840389,-36.849020702660944],[-73.08129036130627,-36.84889835479529],[-73.08170202750506,-36.8488256069786],[-73.08231970898696,-36.84906215366371],[-73.08245494082442,-36.849274281942776],[-73.08242444741555,-36.849796774373026],[-73.08136973494342,-36.8507997741723],[-73.08142854186086,-36.85121959345857],[-73.08116509300636,-36.85147472857262],[-73.08115851960837,-36.85176204152512],[-73.08088410042559,-36.852632739826916],[-73.08067917370009,-36.85289172111195],[-73.08044389085184,-36.85312830861942],[-73.07911610366551,-36.8528374344317]]]}},{"type":"Feature","properties":{"comuna":"SanPedroDeLaPaz","zona":"ZRQ","zona_code":"ZRQ","nombre":"ZRQ Zona de riesgo por drenajes y quebradas","decreto":"Publicacion PRC San Pedro de la Paz. Decreto Alc. N°310. Fecha de promulgacion 10.03.2011. Fecha de publicacion D.O. 24.03.2011."},"geometry":{"type":"Polygon","coordinates":[[[-73.08028449346787,-36.8534208769276],[-73.07920568526072,-36.85315073717738],[-73.07841724973008,-36.853130965075195],[-73.07844970978718,-36.85291892855598],[-73.07911610366551,-36.8528374344317],[-73.08044389085184,-36.85312830861942],[-73.08028449346787,-36.8534208769276]]]}},{"type":"Feature","properties":{"comuna":"SanPedroDeLaPaz","zona":"ZRR","zona_code":"ZRR","nombre":"ZRR Zona de riesgo de remocion en masa","decreto":"Publicacion PRC San Pedro de la Paz. Decreto Alc. N°310. Fecha de promulgacion 10.03.2011. Fecha de publicacion D.O. 24.03.2011."},"geometry":{"type":"Polygon","coordinates":[[[-73.0794865794115,-36.85322310631232],[-73.08028449346787,-36.8534208769276],[-73.08042541297165,-36.85401364104689],[-73.08067428400567,-36.854169134586016],[-73.08083092758808,-36.85450942331928],[-73.08042720384043,-36.85471481912102],[-73.0799605010314,-36.85473013373493],[-73.07997466509579,-36.854448418316764],[-73.07954892188145,-36.85357249913831],[-73.0794865794115,-36.85322310631232]]]}},{"type":"Feature","properties":{"comuna":"SanPedroDeLaPaz","zona":"ZRQ","zona_code":"ZRQ","nombre":"ZRQ Zona de riesgo por drenajes y quebradas","decreto":"Publicacion PRC San Pedro de la Paz. Decreto Alc. N°310. Fecha de promulgacion 10.03.2011. Fecha de publicacion D.O. 24.03.2011."},"geometry":{"type":"Polygon","coordinates":[[[-73.08089639054069,-36.85491729675798],[-73.07933503048622,-36.855032864396456],[-73.07893496315296,-36.85518723081926],[-73.07904665861545,-36.85482013822092],[-73.07897536548849,-36.85457651392219],[-73.0791178001059,-36.85451302904409],[-73.07931884191771,-36.854728757272206],[-73.07965733962897,-36.85478742778064],[-73.08042720384043,-36.85471481912102],[-73.08083092758808,-36.85450942331928],[-73.08089639054069,-36.85491729675798]]]}},{"type":"Feature","properties":{"comuna":"SanPedroDeLaPaz","zona":"ZRQ","zona_code":"ZRQ","nombre":"ZRQ Zona de riesgo por drenajes y quebradas","decreto":"Publicacion PRC San Pedro de la Paz. Decreto Alc. N°310. Fecha de promulgacion 10.03.2011. Fecha de publicacion D.O. 24.03.2011."},"geometry":{"type":"Polygon","coordinates":[[[-73.07688028539486,-36.851648737604464],[-73.0770178737945,-36.85204241727209],[-73.07632946322677,-36.85198404121694],[-73.07484744796022,-36.852202650058004],[-73.07447447257194,-36.85231798696022],[-73.07438278749353,-36.85258185744688],[-73.07412994849129,-36.85262569220483],[-73.07411412218214,-36.852465114093256],[-73.07381146605621,-36.85232610182947],[-73.07453073721305,-36.851867846814415],[-73.07688028539486,-36.851648737604464]]]}},{"type":"Feature","properties":{"comuna":"SanPedroDeLaPaz","zona":"ZRR","zona_code":"ZRR","nombre":"ZRR Zona de riesgo de remocion en masa","decreto":"Publicacion PRC San Pedro de la Paz. Decreto Alc. N°310. Fecha de promulgacion 10.03.2011. Fecha de publicacion D.O. 24.03.2011."},"geometry":{"type":"Polygon","coordinates":[[[-73.07613692162823,-36.854943554970596],[-73.07506304214114,-36.854954803812895],[-73.07416778447121,-36.855120298637026],[-73.0738210779744,-36.855044317396555],[-73.07363728373315,-36.85467272565409],[-73.07391528971324,-36.85462216873637],[-73.0741831508634,-36.85492935588531],[-73.0743966853575,-36.85496889541995],[-73.07511805958514,-36.85482401745988],[-73.07528925118459,-36.85463285051764],[-73.07613692162823,-36.854943554970596]]]}},{"type":"Feature","properties":{"comuna":"SanPedroDeLaPaz","zona":"ZRR","zona_code":"ZRR","nombre":"ZRR Zona de riesgo de remocion en masa","decreto":"Publicacion PRC San Pedro de la Paz. Decreto Alc. N°310. Fecha de promulgacion 10.03.2011. Fecha de publicacion D.O. 24.03.2011."},"geometry":{"type":"Polygon","coordinates":[[[-73.0735226092021,-36.85498425580221],[-73.07311000453215,-36.85483436837269],[-73.07303136102261,-36.85452068446418],[-73.07309095308872,-36.854407320087766],[-73.07390907922614,-36.85416245567391],[-73.07425127889385,-36.853810889536845],[-73.0742561319028,-36.85369647426907],[-73.0735706039326,-36.85341827225016],[-73.07346117027004,-36.85321110774025],[-73.07352175706149,-36.85304790716309],[-73.07400069543614,-36.8528000381568],[-73.07412994849129,-36.85262569220483],[-73.07438278749353,-36.85258185744688],[-73.07447447257194,-36.85231798696022],[-73.07585414490255,-36.85209410958074],[-73.07548443734849,-36.85227085735409],[-73.07542634299404,-36.85282359191086],[-73.0756400578028,-36.85300373821462],[-73.07649293414526,-36.853138493504716],[-73.07643571423365,-36.853433406204694],[-73.07655066173861,-36.85367553215411],[-73.07679411453393,-36.85386637245811],[-73.07682049116035,-36.854088105316535],[-73.07629900739245,-36.85415289109832],[-73.07594222663299,-36.85402453132349],[-73.07530817708864,-36.854011886302885],[-73.07511520075883,-36.854153268361486],[-73.07511184538663,-36.854637274830246],[-73.07427245222905,-36.854799956593865],[-73.07407962264587,-36.854559143154354],[-73.07364900942079,-36.85449353756607],[-73.07340432938283,-36.85469303667618],[-73.0735226092021,-36.85498425580221]]]}},{"type":"Feature","properties":{"comuna":"SanPedroDeLaPaz","zona":"ZRQ","zona_code":"ZRQ","nombre":"ZRQ Zona de riesgo por drenajes y quebradas","decreto":"Publicacion PRC San Pedro de la Paz. Decreto Alc. N°310. Fecha de promulgacion 10.03.2011. Fecha de publicacion D.O. 24.03.2011."},"geometry":{"type":"Polygon","coordinates":[[[-73.0763834884384,-36.85519287828945],[-73.07599610180142,-36.855311645831954],[-73.07537199309934,-36.85514339747607],[-73.0750484551966,-36.85516036704219],[-73.0744798434963,-36.85536737760562],[-73.07416778447121,-36.855120298637026],[-73.07506304214114,-36.854954803812895],[-73.07613692162823,-36.854943554970596],[-73.0763834884384,-36.85519287828945]]]}},{"type":"Feature","properties":{"comuna":"SanPedroDeLaPaz","zona":"ZRR","zona_code":"ZRR","nombre":"ZRR Zona de riesgo de remocion en masa","decreto":"Publicacion PRC San Pedro de la Paz. Decreto Alc. N°310. Fecha de promulgacion 10.03.2011. Fecha de publicacion D.O. 24.03.2011."},"geometry":{"type":"Polygon","coordinates":[[[-73.07504157908414,-36.855922263941395],[-73.0744798434963,-36.85536737760562],[-73.0750484551966,-36.85516036704219],[-73.07537199309934,-36.85514339747607],[-73.07599610180142,-36.855311645831954],[-73.07555111742491,-36.85544410772069],[-73.07543380636587,-36.85570592886838],[-73.07558868821009,-36.85587637776386],[-73.07617649214988,-36.85596164930484],[-73.07644843961072,-36.85613979328281],[-73.07654050386307,-36.85649988410084],[-73.07504157908414,-36.855922263941395]]]}},{"type":"Feature","properties":{"comuna":"SanPedroDeLaPaz","zona":"ZRQ","zona_code":"ZRQ","nombre":"ZRQ Zona de riesgo por drenajes y quebradas","decreto":"Publicacion PRC San Pedro de la Paz. Decreto Alc. N°310. Fecha de promulgacion 10.03.2011. Fecha de publicacion D.O. 24.03.2011."},"geometry":{"type":"Polygon","coordinates":[[[-73.07430449304621,-36.85577180503715],[-73.07452151723732,-36.855465548785105],[-73.07504157908414,-36.855922263941395],[-73.07654050386307,-36.85649988410084],[-73.07622713289472,-36.856639545156995],[-73.07580924260536,-36.85637340292336],[-73.07517814251246,-36.85622809784617],[-73.07430449304621,-36.85577180503715]]]}},{"type":"Feature","properties":{"comuna":"SanPedroDeLaPaz","zona":"ZRQ","zona_code":"ZRQ","nombre":"ZRQ Zona de riesgo por drenajes y quebradas","decreto":"Publicacion PRC San Pedro de la Paz. Decreto Alc. N°310. Fecha de promulgacion 10.03.2011. Fecha de publicacion D.O. 24.03.2011."},"geometry":{"type":"Polygon","coordinates":[[[-73.07584086700338,-36.857601959334325],[-73.07595333156453,-36.857797300358754],[-73.07544177516544,-36.858049227144676],[-73.07514321500891,-36.857902022017065],[-73.07470207107421,-36.85796990086353],[-73.07458550131405,-36.858108658580406],[-73.07459327534347,-36.85825486517705],[-73.07478050690314,-36.85834803820954],[-73.0756589925929,-36.85856907035308],[-73.0753443677414,-36.85868533735789],[-73.07439820372657,-36.85842561294954],[-73.0741544300471,-36.858228920193305],[-73.07380229776396,-36.85818827901673],[-73.07346645876423,-36.85831698687127],[-73.07297156598744,-36.85833397439825],[-73.07300024907525,-36.8581191384862],[-73.07292467275491,-36.85806900265917],[-73.07367745818124,-36.85803437370777],[-73.07584086700338,-36.857601959334325]]]}},{"type":"Feature","properties":{"comuna":"SanPedroDeLaPaz","zona":"ZRR","zona_code":"ZRR","nombre":"ZRR Zona de riesgo de remocion en masa","decreto":"Publicacion PRC San Pedro de la Paz. Decreto Alc. N°310. Fecha de promulgacion 10.03.2011. Fecha de publicacion D.O. 24.03.2011."},"geometry":{"type":"Polygon","coordinates":[[[-73.07584086700338,-36.857601959334325],[-73.07367745818124,-36.85803437370777],[-73.07292467275491,-36.85806900265917],[-73.0721858332667,-36.857748681550945],[-73.07197672147268,-36.85738088581159],[-73.07204776515802,-36.85720853889541],[-73.07225260303557,-36.85708433086439],[-73.07272857979106,-36.856985971058975],[-73.0730303299455,-36.85676469207813],[-73.07277954563686,-36.856298726033415],[-73.07268084322274,-36.855950577304164],[-73.07272277111576,-36.85577922951138],[-73.07360988806384,-36.855871817815306],[-73.07430449304621,-36.85577180503715],[-73.07517814251246,-36.85622809784617],[-73.07580924260536,-36.85637340292336],[-73.07622713289472,-36.856639545156995],[-73.07567652041372,-36.85670532911154],[-73.07534573057289,-36.85651748658137],[-73.07508311285676,-36.85651478733135],[-73.07447676694689,-36.85662935085378],[-73.07422011584005,-36.85701313443695],[-73.07426228682003,-36.85725776122607],[-73.07509231777892,-36.857510489408114],[-73.07548531499668,-36.8574969928087],[-73.07584086700338,-36.857601959334325]]]}},{"type":"Feature","properties":{"comuna":"SanPedroDeLaPaz","zona":"ZRQ","zona_code":"ZRQ","nombre":"ZRQ Zona de riesgo por drenajes y quebradas","decreto":"Publicacion PRC San Pedro de la Paz. Decreto Alc. N°310. Fecha de promulgacion 10.03.2011. Fecha de publicacion D.O. 24.03.2011."},"geometry":{"type":"Polygon","coordinates":[[[-73.0742794342495,-36.859225773174174],[-73.07425052838651,-36.85945916848154],[-73.07332908296263,-36.859710269963635],[-73.07237150165237,-36.85980172564489],[-73.07106856450771,-36.859705819122965],[-73.07113619254751,-36.85946914159393],[-73.07187716968531,-36.8595550373328],[-73.07305619627327,-36.85951457385815],[-73.0742794342495,-36.859225773174174]]]}},{"type":"Feature","properties":{"comuna":"SanPedroDeLaPaz","zona":"ZRQ","zona_code":"ZRQ","nombre":"ZRQ Zona de riesgo por drenajes y quebradas","decreto":"Publicacion PRC San Pedro de la Paz. Decreto Alc. N°310. Fecha de promulgacion 10.03.2011. Fecha de publicacion D.O. 24.03.2011."},"geometry":{"type":"Polygon","coordinates":[[[-73.07631553473115,-36.86104242191969],[-73.0763710263242,-36.86126315506824],[-73.07622210978285,-36.86147919168347],[-73.0745200286215,-36.86183059573404],[-73.07264239114213,-36.862428949047796],[-73.07159879062401,-36.8632520565824],[-73.07118250420437,-36.86310228983865],[-73.0709219905952,-36.8628651523511],[-73.07149279339257,-36.86274962800824],[-73.07210157386434,-36.86213112642292],[-73.07239855412566,-36.86195688498698],[-73.07454007602641,-36.86136778359545],[-73.075792529333,-36.861336488673075],[-73.07631553473115,-36.86104242191969]]]}},{"type":"Feature","properties":{"comuna":"SanPedroDeLaPaz","zona":"ZRQ","zona_code":"ZRQ","nombre":"ZRQ Zona de riesgo por drenajes y quebradas","decreto":"Publicacion PRC San Pedro de la Paz. Decreto Alc. N°310. Fecha de promulgacion 10.03.2011. Fecha de publicacion D.O. 24.03.2011."},"geometry":{"type":"Polygon","coordinates":[[[-73.07717290214772,-36.862630029437206],[-73.07728724684459,-36.86286045736886],[-73.0763272805667,-36.863455895258994],[-73.07634035078834,-36.86370152100345],[-73.07668573248401,-36.86388885900786],[-73.07702838727752,-36.864298928474],[-73.07674223323447,-36.86440250302832],[-73.07592209251379,-36.86432009065563],[-73.07549036806263,-36.86442866220503],[-73.07455263964327,-36.864894427314184],[-73.07443133168825,-36.86535558914086],[-73.07510343981666,-36.86537937951213],[-73.07530325793908,-36.86557172066181],[-73.07575203509629,-36.86550943484184],[-73.07692265803024,-36.865052503589666],[-73.07714536822691,-36.86512687611154],[-73.07702109831993,-36.865377952837946],[-73.07649618600084,-36.86565378012999],[-73.0761777996201,-36.8656998716031],[-73.07589089446373,-36.865926507946526],[-73.07487345723295,-36.86599074718044],[-73.07428067633403,-36.86624179795683],[-73.07432210779939,-36.865923993656345],[-73.07360993666225,-36.865421141533574],[-73.0730122244703,-36.86569945297415],[-73.07341508456197,-36.86516784076135],[-73.07431562452773,-36.86455103018621],[-73.0749994184367,-36.86424632076952],[-73.07530222945742,-36.8639246656154],[-73.07570034948458,-36.863184484967846],[-73.07689570891743,-36.862627835336085],[-73.07717290214772,-36.862630029437206]]]}},{"type":"Feature","properties":{"comuna":"SanPedroDeLaPaz","zona":"ZRQ","zona_code":"ZRQ","nombre":"ZRQ Zona de riesgo por drenajes y quebradas","decreto":"Publicacion PRC San Pedro de la Paz. Decreto Alc. N°310. Fecha de promulgacion 10.03.2011. Fecha de publicacion D.O. 24.03.2011."},"geometry":{"type":"Polygon","coordinates":[[[-73.07756057782962,-36.865803960778756],[-73.0776433247359,-36.865988602863155],[-73.0771685190841,-36.866229755211336],[-73.07640572747283,-36.86710550709459],[-73.07580462540224,-36.86745718557169],[-73.0756915994431,-36.86725161175416],[-73.0757329642694,-36.86700118580649],[-73.07616675036927,-36.86672556305263],[-73.07688867313807,-36.86590394688702],[-73.07756057782962,-36.865803960778756]]]}},{"type":"Feature","properties":{"comuna":"SanPedroDeLaPaz","zona":"ZRQ","zona_code":"ZRQ","nombre":"ZRQ Zona de riesgo por drenajes y quebradas","decreto":"Publicacion PRC San Pedro de la Paz. Decreto Alc. N°310. Fecha de promulgacion 10.03.2011. Fecha de publicacion D.O. 24.03.2011."},"geometry":{"type":"Polygon","coordinates":[[[-73.07493849356416,-36.86736755872653],[-73.07546801143441,-36.8670923116457],[-73.07547940175823,-36.86744345642112],[-73.07566922525265,-36.867584873671625],[-73.0750916969531,-36.86810564819237],[-73.0749689563403,-36.868402809207275],[-73.0750780808843,-36.868809186658304],[-73.07479209544903,-36.86905336560879],[-73.07444989179538,-36.86805225533648],[-73.07474041951718,-36.86803056028394],[-73.07518696685688,-36.86765197133065],[-73.07514789677278,-36.867465827011635],[-73.07493849356416,-36.86736755872653]]]}},{"type":"Feature","properties":{"comuna":"SanPedroDeLaPaz","zona":"ZRQ","zona_code":"ZRQ","nombre":"ZRQ Zona de riesgo por drenajes y quebradas","decreto":"Publicacion PRC San Pedro de la Paz. Decreto Alc. N°310. Fecha de promulgacion 10.03.2011. Fecha de publicacion D.O. 24.03.2011."},"geometry":{"type":"Polygon","coordinates":[[[-73.07286572967,-36.86870425320353],[-73.07296192998632,-36.86946773893045],[-73.07380422566376,-36.86994854944882],[-73.07382935939084,-36.870146889248595],[-73.07285983104245,-36.87001612344536],[-73.07285733319006,-36.870654833030706],[-73.07402184743795,-36.870835295095304],[-73.07440321890954,-36.87115029933452],[-73.07479741762498,-36.87198044715283],[-73.0745338783306,-36.87223557311788],[-73.07417968653266,-36.87152342557723],[-73.07378450231214,-36.87108585799259],[-73.07350167782855,-36.870978389408],[-73.07277066633013,-36.87094489469752],[-73.07251447210399,-36.87078963882593],[-73.07242744880286,-36.87011298973644],[-73.07254783977788,-36.869634285010186],[-73.07246690903605,-36.86920936034866],[-73.0721844051596,-36.8691077371568],[-73.07142833436328,-36.86923694662052],[-73.07144346706895,-36.86888041520631],[-73.07206140985573,-36.86886881260727],[-73.07263379838687,-36.86900516106823],[-73.07286572967,-36.86870425320353]]]}},{"type":"Feature","properties":{"comuna":"SanPedroDeLaPaz","zona":"ZRQ","zona_code":"ZRQ","nombre":"ZRQ Zona de riesgo por drenajes y quebradas","decreto":"Publicacion PRC San Pedro de la Paz. Decreto Alc. N°310. Fecha de promulgacion 10.03.2011. Fecha de publicacion D.O. 24.03.2011."},"geometry":{"type":"Polygon","coordinates":[[[-73.07052160152135,-36.87028751080569],[-73.07009853569798,-36.87055981723176],[-73.06937055983089,-36.86989709389444],[-73.06901274249627,-36.86975044156677],[-73.06917997958348,-36.86960409233473],[-73.06932007605505,-36.86922138626985],[-73.06958639613448,-36.86956745037693],[-73.07052160152135,-36.87028751080569]]]}},{"type":"Feature","properties":{"comuna":"SanPedroDeLaPaz","zona":"ZRQ","zona_code":"ZRQ","nombre":"ZRQ Zona de riesgo por drenajes y quebradas","decreto":"Publicacion PRC San Pedro de la Paz. Decreto Alc. N°310. Fecha de promulgacion 10.03.2011. Fecha de publicacion D.O. 24.03.2011."},"geometry":{"type":"Polygon","coordinates":[[[-73.07051967648079,-36.87162341339498],[-73.07070494339497,-36.8718162613219],[-73.0702113686244,-36.87254578642408],[-73.06899099913124,-36.87318452402744],[-73.06882739327848,-36.87285031590643],[-73.06790213184055,-36.87272970983849],[-73.06900781372511,-36.87254019651825],[-73.06956347255291,-36.87229264122573],[-73.07001174070913,-36.87194550250689],[-73.07014427011137,-36.87169488161755],[-73.07051967648079,-36.87162341339498]]]}},{"type":"Feature","properties":{"comuna":"SanPedroDeLaPaz","zona":"ZRQ","zona_code":"ZRQ","nombre":"ZRQ Zona de riesgo por drenajes y quebradas","decreto":"Publicacion PRC San Pedro de la Paz. Decreto Alc. N°310. Fecha de promulgacion 10.03.2011. Fecha de publicacion D.O. 24.03.2011."},"geometry":{"type":"Polygon","coordinates":[[[-73.07648615835593,-36.88342935147341],[-73.07613469252894,-36.88285553704211],[-73.07605862904326,-36.88224882261579],[-73.07569821668294,-36.881780774025515],[-73.07576627483664,-36.88141518351615],[-73.07593998685061,-36.881116269377756],[-73.07595837521326,-36.880365696549205],[-73.07575851279553,-36.88017335930626],[-73.07540472081985,-36.88010348854487],[-73.07543470404438,-36.87984466608422],[-73.07630665279866,-36.879510046469],[-73.07654295704965,-36.879291004741084],[-73.0765270028129,-36.878717380174315],[-73.07620966089617,-36.87823613479101],[-73.07670055789876,-36.877867733313344],[-73.07681726763276,-36.877594212325164],[-73.07664403920276,-36.87735408989552],[-73.07570837339635,-36.87676519116289],[-73.07529324854822,-36.87663883711467],[-73.07475331810456,-36.876633946019105],[-73.07442509372484,-36.87613622467639],[-73.07438883238588,-36.87581449728884],[-73.07466656352824,-36.875277656080996],[-73.07497627622874,-36.875067815991954],[-73.07602723837854,-36.87480907600081],[-73.07625083883329,-36.87462562646235],[-73.07634029769868,-36.874388195843906],[-73.0763064391913,-36.874026106164294],[-73.07599098836702,-36.873579948434035],[-73.07597355844091,-36.873252447814714],[-73.07600540645112,-36.87302871458291],[-73.07622651126633,-36.87279847946289],[-73.07615319605627,-36.87196903161269],[-73.07650790725833,-36.87096082802126],[-73.07683177271957,-36.87046926924107],[-73.07778963089258,-36.870021102895365],[-73.07824660621314,-36.86929060858006],[-73.07842300999465,-36.8687689604596],[-73.0792306302277,-36.86763972121811],[-73.0795039414576,-36.867020997370986],[-73.0810938385368,-36.866204665349876],[-73.0812519212749,-36.86561333650334],[-73.08102155767425,-36.864847883958596],[-73.08103888586206,-36.86380440113459],[-73.08061726236811,-36.862459632463306],[-73.0797068175088,-36.86069810954543],[-73.0796898424317,-36.85983157286474],[-73.07919899376493,-36.85882899518582],[-73.07877960638723,-36.85862077232951],[-73.0775701362198,-36.85858543998649],[-73.07741711115294,-36.85845008414629],[-73.07754710590386,-36.85815267126416],[-73.07848583412785,-36.858238321593454],[-73.07872288589026,-36.85817158494785],[-73.07886774307937,-36.85787951863732],[-73.07860181683873,-36.85767773756426],[-73.07761662972284,-36.85754095365741],[-73.07686956784754,-36.857203369119006],[-73.07701474107671,-36.85691715257218],[-73.07745053740383,-36.857159972045174],[-73.07853945927127,-36.857345189917936],[-73.08023283625755,-36.856832544941824],[-73.0803121171995,-36.857362979965856],[-73.08166730671932,-36.85761920729081],[-73.08135442281264,-36.85831546216315],[-73.08082475631826,-36.859048466062895],[-73.0808540345025,-36.85959819785711],[-73.08112266376988,-36.859987365379055],[-73.08137945827224,-36.86015430071062],[-73.0819818553146,-36.86023904049937],[-73.0823280800752,-36.86016854106128],[-73.08308708065569,-36.85970300767876],[-73.08380166621967,-36.859567098272784],[-73.08484051689854,-36.859906312016214],[-73.085318978886,-36.86026481018732],[-73.08522581907472,-36.86043206705984],[-73.08513786007937,-36.86042337771442],[-73.08389501730557,-36.859950573912926],[-73.0832808711588,-36.8599189782949],[-73.08238545744996,-36.86042435896944],[-73.0814018875801,-36.860575371704584],[-73.08120223918499,-36.86093377317309],[-73.08114191978001,-36.86117020435117],[-73.08139951399076,-36.86189956792483],[-73.08177650395676,-36.86213267496409],[-73.08334823044453,-36.86152493179388],[-73.08498910795151,-36.86166765702577],[-73.08543789897598,-36.86194808087434],[-73.08551482734931,-36.863117214172185],[-73.08584837176538,-36.863902540315586],[-73.08578161768615,-36.86429152613716],[-73.08604696304222,-36.86489171571474],[-73.08589806800414,-36.865107763152494],[-73.08518666110655,-36.86516741181172],[-73.08332648955812,-36.864537159742426],[-73.08302080119539,-36.86454767856784],[-73.0824816718996,-36.864829880269596],[-73.08232805418744,-36.86577845028303],[-73.08344836596346,-36.86723392267088],[-73.08390815298759,-36.86765165761331],[-73.08505265539945,-36.868192290757406],[-73.085415648751,-36.868982462888944],[-73.0857396556148,-36.86904161243363],[-73.08629439488531,-36.86864168018897],[-73.08675575929102,-36.86867852068852],[-73.08760081014381,-36.86852637467242],[-73.08791504076362,-36.86853898434143],[-73.08815482446398,-36.86865961823739],[-73.08819611256843,-36.868886692686594],[-73.08768702797202,-36.86918545999547],[-73.08753844493974,-36.86940735759086],[-73.08756995533544,-36.86958789825615],[-73.08777272317593,-36.869698090171546],[-73.08808125416147,-36.87015031355086],[-73.08826978040887,-36.87026685419479],[-73.08826438872052,-36.87071231650483],[-73.08894397656611,-36.87073869841765],[-73.08904443520905,-36.870981310381],[-73.08850388462842,-36.8712372235844],[-73.08860081126113,-36.87155026416035],[-73.08834314011197,-36.8716411671845],[-73.08792012366497,-36.87150341152992],[-73.08788581490175,-36.87168036005325],[-73.08817209143228,-36.87185212246513],[-73.08843290257289,-36.872229822834825],[-73.08846057261724,-36.87247494325578],[-73.08830372860558,-36.872951988865296],[-73.08805289071186,-36.872351306080624],[-73.08777149229508,-36.87199774980762],[-73.08760428863684,-36.87214412430428],[-73.08745955550786,-36.87271156425987],[-73.08715695631518,-36.87278057745804],[-73.08676678962152,-36.87230187050051],[-73.08646564218526,-36.87171805279939],[-73.08654395943054,-36.87140580965967],[-73.08647075052986,-36.87112710405673],[-73.08625570790787,-36.8709235904603],[-73.0857474328395,-36.87096452949963],[-73.08443201615266,-36.87200583307601],[-73.08423610128251,-36.872434418129785],[-73.08452413557008,-36.8731861602582],[-73.08502441877062,-36.873473599264194],[-73.0855824697277,-36.87354519689631],[-73.08572114052822,-36.87388902626785],[-73.08605499765578,-36.87413239156674],[-73.08645920330137,-36.874259083806194],[-73.08553587390045,-36.87451718216743],[-73.08532914379865,-36.87419620203681],[-73.08465884752272,-36.87372932961248],[-73.08429083437156,-36.87366583320831],[-73.08397814176456,-36.87368245568422],[-73.08374031719818,-36.87387226757905],[-73.08359483115954,-36.874152644136664],[-73.08304617898477,-36.87439416481908],[-73.0830880589518,-36.87545318530273],[-73.0836522972473,-36.87632431911443],[-73.08385040042955,-36.87634679461941],[-73.08428934727613,-36.87678282056813],[-73.08462503314436,-36.876923595136894],[-73.08458249807855,-36.877493373368075],[-73.08514032177334,-36.87810692862075],[-73.08483156259544,-36.87833433866617],[-73.08497679219668,-36.87859591821188],[-73.0849348186949,-36.879107820073784],[-73.08476863399356,-36.879547100167876],[-73.08446267699952,-36.87982714355896],[-73.08393083669077,-36.879974348005874],[-73.08407504363493,-36.87966984770192],[-73.0839730271076,-36.879397991419886],[-73.08376170813328,-36.87926465152102],[-73.08346250927833,-36.87939798727616],[-73.08322778614435,-36.879646281184144],[-73.08290393923218,-36.87972773356248],[-73.08247443281455,-36.879742513465224],[-73.08211117678843,-36.87963197577239],[-73.0819959066848,-36.87897461805681],[-73.08250860295749,-36.879015566389604],[-73.08288091045607,-36.87888557602195],[-73.08311719328478,-36.87866652418014],[-73.08365793125535,-36.87841282450498],[-73.08371929353777,-36.878059177668504],[-73.08364296720544,-36.877721988737434],[-73.08325820060868,-36.87720793041248],[-73.08239952862971,-36.87724333854633],[-73.08202622991298,-36.87626016887123],[-73.08176314267537,-36.8759762751982],[-73.08166354102698,-36.875475836310805],[-73.08170827936394,-36.87494699485855],[-73.08216567757091,-36.87367745225659],[-73.0827576100434,-36.87274309553887],[-73.08300824171342,-36.871972812367986],[-73.08356333784243,-36.871168615745034],[-73.08471778497885,-36.870390655076974],[-73.08479452651046,-36.87018881117286],[-73.08392461134598,-36.86973832590311],[-73.08154975720888,-36.867593657382734],[-73.08073766549097,-36.86768017909865],[-73.08031963928555,-36.86804608993804],[-73.08004944686023,-36.86872329767532],[-73.0801269907616,-36.8690838835642],[-73.08040993958808,-36.86946743254502],[-73.0809058706289,-36.87056356986639],[-73.08085404626611,-36.871233268675134],[-73.08050652446535,-36.871280374477976],[-73.08012240896798,-36.87118812346022],[-73.07966946944123,-36.870762082642834],[-73.07877334073927,-36.870640559519536],[-73.07767744347039,-36.871697679474984],[-73.07774851944149,-36.87221082112579],[-73.07840441888013,-36.87275073311143],[-73.07837693777387,-36.87305634144161],[-73.0777380042513,-36.87338296602265],[-73.07758844859319,-36.87358731047393],[-73.07779553745739,-36.8741895191798],[-73.07840551782998,-36.87441462728285],[-73.07962028318447,-36.87517773234454],[-73.07988398333622,-36.875473327976565],[-73.0801561857212,-36.87620219016452],[-73.08037621490153,-36.87649928631892],[-73.08027470034246,-36.87678400579904],[-73.07992528401293,-36.876796022128026],[-73.07958963452832,-36.87624510786295],[-73.07950460484115,-36.875744165632426],[-73.07879853378367,-36.87535831732491],[-73.078389642203,-36.87534893810706],[-73.07795015521855,-36.8755866826863],[-73.07763024920894,-36.875878905710394],[-73.07757092274116,-36.87640824730498],[-73.07781881502449,-36.87668095590751],[-73.07828899474725,-36.87756706680535],[-73.08040648339532,-36.87816217595697],[-73.07999401072533,-36.87863335614543],[-73.08047317825013,-36.8794136881159],[-73.08102786764397,-36.87996878186158],[-73.08117262091015,-36.8802215946593],[-73.08120463784333,-36.88054859190509],[-73.08089638987974,-36.88051232430943],[-73.08051890550855,-36.879998006374905],[-73.08008358680512,-36.879766904063594],[-73.07926909980655,-36.87953711972985],[-73.07845983096085,-36.87913138319762],[-73.07787122143685,-36.87903443767323],[-73.07764387569124,-36.879147712279156],[-73.07747118740447,-36.879739538933464],[-73.0776456702979,-36.88000305164781],[-73.07789295277931,-36.88026406284023],[-73.07924445520554,-36.880990976645016],[-73.07927085600753,-36.88121270775616],[-73.07903206224044,-36.881384967758464],[-73.07754282112872,-36.88108462729141],[-73.07703322537097,-36.881102140900154],[-73.07681147792914,-36.88132068187735],[-73.07673657386688,-36.88155761178455],[-73.07682494437,-36.881847520902085],[-73.07739169712988,-36.882355346111495],[-73.07738064276515,-36.88269554351281],[-73.07712618986761,-36.88339563976391],[-73.07648615835593,-36.88342935147341]]]}},{"type":"Feature","properties":{"comuna":"SanPedroDeLaPaz","zona":"ZRQ","zona_code":"ZRQ","nombre":"ZRQ Zona de riesgo por drenajes y quebradas","decreto":"Publicacion PRC San Pedro de la Paz. Decreto Alc. N°310. Fecha de promulgacion 10.03.2011. Fecha de publicacion D.O. 24.03.2011."},"geometry":{"type":"Polygon","coordinates":[[[-73.09678959734343,-36.87120041913024],[-73.09817085800269,-36.870848056426304],[-73.09872420669429,-36.870559434118334],[-73.09905543297434,-36.87020817642922],[-73.09949607060891,-36.869993751004785],[-73.09952033579016,-36.86962966229223],[-73.09934956384909,-36.869436360246894],[-73.09946226630356,-36.86936215999993],[-73.10050788280034,-36.86927915734408],[-73.10163144437585,-36.86901768509305],[-73.10197846136552,-36.86868930975261],[-73.10174757784559,-36.86846293663165],[-73.1017976635177,-36.86830887509411],[-73.10287613454005,-36.86829502193686],[-73.10367050226662,-36.86815037371472],[-73.10402565259201,-36.86797404099402],[-73.10415994139346,-36.86775847725793],[-73.10407023672829,-36.8674452013844],[-73.10347683209955,-36.86698529790454],[-73.10348261731865,-36.866821050106026],[-73.10373070789718,-36.866824186995245],[-73.10430140903176,-36.867132544347115],[-73.10461100205198,-36.86692263323557],[-73.1049493624554,-36.866160993936454],[-73.10490737023927,-36.86537735751851],[-73.10566075276112,-36.86610122648916],[-73.1063042385526,-36.86640705460426],[-73.1065953698343,-36.86639697936931],[-73.10693155797829,-36.86613927043849],[-73.10693733563885,-36.86597502313831],[-73.10685138480494,-36.865731925697965],[-73.10634406345685,-36.865245621944965],[-73.10639037673246,-36.865021382307596],[-73.10696335721904,-36.86455627816177],[-73.10725009082269,-36.86446432875201],[-73.10785930736174,-36.864947101250564],[-73.10825708528904,-36.86556608532905],[-73.10866767135671,-36.865879964522755],[-73.10909357251063,-36.86593552217544],[-73.10940076255824,-36.8654093041571],[-73.10945472155527,-36.86505590426141],[-73.11012505962,-36.864774896151786],[-73.11028529984291,-36.864499838520324],[-73.11001487637678,-36.863536635631384],[-73.10940691523483,-36.86307726629979],[-73.10893548104956,-36.86298813377316],[-73.1082715549857,-36.86311658187982],[-73.10644099568385,-36.86378926915724],[-73.10464467150825,-36.864284978793115],[-73.10371716856355,-36.86493810043173],[-73.10138377748282,-36.86602650437502],[-73.09951863961749,-36.867145557803674],[-73.09821241090074,-36.86808123149677],[-73.09666021621072,-36.86959955326971],[-73.09657150317959,-36.868758937875334],[-73.09725352280499,-36.86814950006122],[-73.09884323023323,-36.86733294060892],[-73.09913828441108,-36.867123545913664],[-73.09917381808064,-36.866969987270544],[-73.09860939418294,-36.86677856611133],[-73.09765990757036,-36.867022279692506],[-73.09725106541988,-36.867012962262294],[-73.09654155971792,-36.86656289147385],[-73.09724716628051,-36.86666742371492],[-73.09810038488835,-36.866532497951276],[-73.09984906856856,-36.86650724125426],[-73.10026057013035,-36.866293820274585],[-73.10034071156842,-36.86561142177293],[-73.10112723144093,-36.865320589954706],[-73.10159241165277,-36.86529279249592],[-73.10206791559901,-36.86491310469343],[-73.10238189176421,-36.86478507255049],[-73.10293377944417,-36.86474255511958],[-73.10331817655734,-36.86429570545973],[-73.10378349484476,-36.86399838760318],[-73.10423801280602,-36.86377174773531],[-73.10467218819029,-36.863709858228766],[-73.1052963603934,-36.86338360383579],[-73.10563894886695,-36.862973347578574],[-73.10582141988726,-36.86256863080909],[-73.10731090594855,-36.86179058306389],[-73.10822002139058,-36.86106776532959],[-73.1083062309659,-36.86077183756473],[-73.10820886481106,-36.86058772488793],[-73.10795326935867,-36.86044424362323],[-73.10734068867083,-36.86044201370211],[-73.10610494048962,-36.861328458727876],[-73.1051946891332,-36.861758357312226],[-73.10448868988841,-36.862462408519356],[-73.10404936337507,-36.86270024119211],[-73.10346274112543,-36.862638505037395],[-73.10198938591061,-36.86276561341341],[-73.10183067494103,-36.86252502756868],[-73.10205480218295,-36.86235323094341],[-73.10308576316147,-36.862270715552654],[-73.10371730291871,-36.862354335298974],[-73.10401608315522,-36.86221510590935],[-73.1043702421685,-36.8614763572971],[-73.10548239421072,-36.861004327019145],[-73.1056058731779,-36.86085944200266],[-73.10544778305366,-36.86063055640708],[-73.10516120250995,-36.86045298817977],[-73.10517854841335,-36.85996024282972],[-73.10500465368227,-36.859708467846076],[-73.10517743697203,-36.859667337791045],[-73.10568408539281,-36.86014195358409],[-73.10601370548666,-36.8603063144857],[-73.1066845090586,-36.86030653616012],[-73.10728781897659,-36.8598638169269],[-73.10760028620446,-36.858892146576665],[-73.10753015288383,-36.858671938139416],[-73.1071329123988,-36.858334156453225],[-73.10617067861864,-36.85779328843136],[-73.10578424403722,-36.85738482136342],[-73.10475002809096,-36.85658864153619],[-73.10449961078608,-36.85626920677006],[-73.10436139373131,-36.855594358147265],[-73.1042033209158,-36.85536547117169],[-73.10359140465718,-36.85537491508548],[-73.10332706821609,-36.855067676919624],[-73.10299544633266,-36.85513773133456],[-73.10293284450768,-36.85505787227708],[-73.1036807296364,-36.85404772129473],[-73.103604616085,-36.853375118303056],[-73.10383324710376,-36.85301567951165],[-73.10404452097099,-36.8531489857125],[-73.1040454768065,-36.85371140467445],[-73.10392137863045,-36.853844590962666],[-73.1036443997794,-36.85466269447298],[-73.10389104889082,-36.854911954982015],[-73.10450594780357,-36.85523050249866],[-73.10490467767333,-36.85627716565982],[-73.1061101016488,-36.85700297286615],[-73.10689112285941,-36.85797195105894],[-73.10795600918475,-36.858251469985376],[-73.10815713930677,-36.858467143688365],[-73.1081499111037,-36.859012267402576],[-73.10787070994188,-36.85910835197642],[-73.10771197076382,-36.85954740320779],[-73.10780512682483,-36.859925004334436],[-73.1083207683038,-36.86015908312506],[-73.10868895028938,-36.860090675824296],[-73.10878285142107,-36.86024414920579],[-73.10963088694555,-36.86082996209019],[-73.10879240766246,-36.86110214123902],[-73.10855324099494,-36.861333059203204],[-73.10805534177214,-36.86200795453447],[-73.10792891243209,-36.86236972240603],[-73.10791541248038,-36.8627978864191],[-73.10942964279596,-36.86285530799393],[-73.1103024940812,-36.86322347697093],[-73.11049699458992,-36.86345109387434],[-73.11056268796725,-36.86372418370966],[-73.1105219834666,-36.86486807049396],[-73.1103038322499,-36.86515099351913],[-73.10977146309583,-36.86542136544953],[-73.10980484454204,-36.865771740303344],[-73.10955970842038,-36.866231362679166],[-73.10930835801487,-36.86643926912722],[-73.10815426053195,-36.86585819429653],[-73.1078808891315,-36.865791493872344],[-73.10762483136236,-36.865911676982336],[-73.10753013321231,-36.866729337286294],[-73.10684848047458,-36.86679980351892],[-73.10673032494316,-36.86704410666305],[-73.10678577605113,-36.8675343317155],[-73.1069132041308,-36.867734980613605],[-73.10622229767478,-36.86793905304789],[-73.1059817275143,-36.86807627367976],[-73.1060459113016,-36.86818537097351],[-73.10593111500239,-36.86827136777302],[-73.10563879183555,-36.86812329403667],[-73.10483965764249,-36.86831499164106],[-73.10336997936346,-36.86905717434321],[-73.10275756600753,-36.8691955290091],[-73.10258945739314,-36.86932437812529],[-73.10237275602239,-36.86977128582541],[-73.10164379987837,-36.87004841919885],[-73.10157061447242,-36.86963496936077],[-73.10129629510513,-36.869550710536615],[-73.10054111827851,-36.86974671904983],[-73.09773423392288,-36.871665802313025],[-73.0969129731968,-36.87171759925447],[-73.09676944117918,-36.8714882002329],[-73.09678959734343,-36.87120041913024]]]}},{"type":"Feature","properties":{"comuna":"SanPedroDeLaPaz","zona":"ZRQ","zona_code":"ZRQ","nombre":"ZRQ Zona de riesgo por drenajes y quebradas","decreto":"Publicacion PRC San Pedro de la Paz. Decreto Alc. N°310. Fecha de promulgacion 10.03.2011. Fecha de publicacion D.O. 24.03.2011."},"geometry":{"type":"Polygon","coordinates":[[[-73.09507114209224,-36.8664056584303],[-73.09630704493895,-36.866796555180365],[-73.09671509157059,-36.86706369365676],[-73.0961375929062,-36.867036759952136],[-73.09584096642178,-36.86721690732772],[-73.0952968353148,-36.867950473152554],[-73.09385659714015,-36.86876768891832],[-73.09336607167194,-36.86879925908841],[-73.09293982836101,-36.86853273737032],[-73.0929866336609,-36.86840222733398],[-73.09352743778892,-36.86842458220121],[-73.09388480240541,-36.868289215863854],[-73.09468267237172,-36.86766407846056],[-73.09494206051065,-36.8673328873442],[-73.09513701009007,-36.86681936602749],[-73.09507114209224,-36.8664056584303]]]}},{"type":"Feature","properties":{"comuna":"SanPedroDeLaPaz","zona":"ZRQ","zona_code":"ZRQ","nombre":"ZRQ Zona de riesgo por drenajes y quebradas","decreto":"Publicacion PRC San Pedro de la Paz. Decreto Alc. N°310. Fecha de promulgacion 10.03.2011. Fecha de publicacion D.O. 24.03.2011."},"geometry":{"type":"Polygon","coordinates":[[[-73.08920648981794,-36.8663677033445],[-73.09104905927522,-36.866052256146695],[-73.09197141366795,-36.865709930129256],[-73.09200767960019,-36.86543331179418],[-73.09191324877291,-36.86516705898867],[-73.09165766491738,-36.86502354130615],[-73.08997709956556,-36.86495844453157],[-73.08987186623877,-36.86476286943962],[-73.09029088447743,-36.86468983622661],[-73.09027901879855,-36.86446760753612],[-73.09048883856327,-36.86443693864633],[-73.09071967728826,-36.86466333702263],[-73.09107849790303,-36.86469197802913],[-73.09140486535432,-36.86452253583885],[-73.09130740931653,-36.86406304275239],[-73.09110599618928,-36.86384149056634],[-73.09036552022079,-36.863424671962214],[-73.09072524725691,-36.86306073689559],[-73.09104236140507,-36.86299121530401],[-73.09198251595254,-36.863392355500984],[-73.09234417614171,-36.863883747415834],[-73.09253116183783,-36.864381162609824],[-73.09349241054021,-36.865449475814124],[-73.09403913124906,-36.865582944330356],[-73.09434491017835,-36.86448264106025],[-73.09454432396414,-36.86439373487613],[-73.09483027383448,-36.86455963364872],[-73.095219819801,-36.86502661829074],[-73.09492790355893,-36.865209530370734],[-73.09475554859307,-36.86553185844518],[-73.09466865716745,-36.86581608336016],[-73.09473182493231,-36.8660599765875],[-73.09442698225749,-36.86622282752997],[-73.09363841723683,-36.86620316446634],[-73.0923851917828,-36.866357714410356],[-73.09171101691813,-36.866568449421024],[-73.0916582872397,-36.866400359511175],[-73.09088468431182,-36.866251266907916],[-73.08953641970247,-36.86653795889565],[-73.08920648981794,-36.8663677033445]]]}},{"type":"Feature","properties":{"comuna":"SanPedroDeLaPaz","zona":"ZRQ","zona_code":"ZRQ","nombre":"ZRQ Zona de riesgo por drenajes y quebradas","decreto":"Publicacion PRC San Pedro de la Paz. Decreto Alc. N°310. Fecha de promulgacion 10.03.2011. Fecha de publicacion D.O. 24.03.2011."},"geometry":{"type":"Polygon","coordinates":[[[-73.09275974685781,-36.86838661765026],[-73.09272173690555,-36.86861349660833],[-73.0930563341132,-36.86875135545414],[-73.09175161587085,-36.86917132563902],[-73.09164418507005,-36.86893481664529],[-73.0919446701433,-36.86869009828647],[-73.09251196269435,-36.86838930596043],[-73.09275974685781,-36.86838661765026]]]}},{"type":"Feature","properties":{"comuna":"SanPedroDeLaPaz","zona":"ZRR","zona_code":"ZRR","nombre":"ZRR Zona de riesgo de remocion en masa","decreto":"Publicacion PRC San Pedro de la Paz. Decreto Alc. N°310. Fecha de promulgacion 10.03.2011. Fecha de publicacion D.O. 24.03.2011."},"geometry":{"type":"Polygon","coordinates":[[[-73.07795404986507,-36.869822108922406],[-73.07829676127582,-36.8683836818778],[-73.07879221677757,-36.86741750664318],[-73.07893633122505,-36.86671753829255],[-73.0802217789005,-36.86593511933144],[-73.08036633066908,-36.865637202548605],[-73.08017505609669,-36.865057888887016],[-73.08038032460695,-36.8648047554568],[-73.08039947063816,-36.86461661218364],[-73.08018219967393,-36.86409678113781],[-73.07939847408639,-36.863619860285375],[-73.0789631016646,-36.86283801435793],[-73.07866971782605,-36.862531717548855],[-73.07864854708325,-36.862134038841454],[-73.07844063625099,-36.86178964935634],[-73.07811939141752,-36.8615077446411],[-73.07783769773867,-36.860872944000114],[-73.07744703157827,-36.8603825007328],[-73.07721710654745,-36.859898251934844],[-73.07708907590784,-36.8594105006706],[-73.07752498361747,-36.85883306662532],[-73.0775701362198,-36.85858543998649],[-73.07877960638723,-36.85862077232951],[-73.07919899376493,-36.85882899518582],[-73.0796898424317,-36.85983157286474],[-73.0797068175088,-36.86069810954543],[-73.08061726236811,-36.862459632463306],[-73.08103888586206,-36.86380440113459],[-73.08102155767425,-36.864847883958596],[-73.0812519212749,-36.86561333650334],[-73.0810938385368,-36.866204665349876],[-73.0795039414576,-36.867020997370986],[-73.0792306302277,-36.86763972121811],[-73.07842300999465,-36.8687689604596],[-73.07795404986507,-36.869822108922406]]]}},{"type":"Feature","properties":{"comuna":"SanPedroDeLaPaz","zona":"ZRR","zona_code":"ZRR","nombre":"ZRR Zona de riesgo de remocion en masa","decreto":"Publicacion PRC San Pedro de la Paz. Decreto Alc. N°310. Fecha de promulgacion 10.03.2011. Fecha de publicacion D.O. 24.03.2011."},"geometry":{"type":"Polygon","coordinates":[[[-73.08023283625755,-36.856832544941824],[-73.07959974233452,-36.85699236168326],[-73.07990937142934,-36.8567825137993],[-73.08049289365546,-36.8559656368729],[-73.08044533064215,-36.85534622741428],[-73.0799469582735,-36.85502354481428],[-73.08089639054069,-36.85491729675798],[-73.08106342884423,-36.85531581711571],[-73.08092240437264,-36.85595343034328],[-73.08023283625755,-36.856832544941824]]]}},{"type":"Feature","properties":{"comuna":"SanPedroDeLaPaz","zona":"ZRQ","zona_code":"ZRQ","nombre":"ZRQ Zona de riesgo por drenajes y quebradas","decreto":"Publicacion PRC San Pedro de la Paz. Decreto Alc. N°310. Fecha de promulgacion 10.03.2011. Fecha de publicacion D.O. 24.03.2011."},"geometry":{"type":"Polygon","coordinates":[[[-73.08280297810855,-36.85676575010258],[-73.08333275609114,-36.85740371961489],[-73.08392930419753,-36.85765270021712],[-73.08486842889093,-36.857831296786124],[-73.08489930272462,-36.85800014243331],[-73.08529509557268,-36.85844937106743],[-73.08512032405598,-36.858590142491174],[-73.08455017715671,-36.85815277451412],[-73.08409106549173,-36.857951796636215],[-73.08375629217636,-36.857963317884185],[-73.08263775205425,-36.857222570812404],[-73.08241817678964,-36.857206689314594],[-73.08254377463271,-36.856963983822425],[-73.08280297810855,-36.85676575010258]]]}},{"type":"Feature","properties":{"comuna":"SanPedroDeLaPaz","zona":"ZRQ","zona_code":"ZRQ","nombre":"ZRQ Zona de riesgo por drenajes y quebradas","decreto":"Publicacion PRC San Pedro de la Paz. Decreto Alc. N°310. Fecha de promulgacion 10.03.2011. Fecha de publicacion D.O. 24.03.2011."},"geometry":{"type":"Polygon","coordinates":[[[-73.08709564089841,-36.85495698055985],[-73.08725678124748,-36.85442412833515],[-73.08784853050874,-36.85431000322743],[-73.08808722360124,-36.85413773176599],[-73.0881304673228,-36.85385501459459],[-73.088001553687,-36.85362509851724],[-73.08768717553669,-36.85347187923691],[-73.08734343052002,-36.85345149484314],[-73.08704204900636,-36.85326853120094],[-73.08811221310076,-36.853102773995765],[-73.08794982483411,-36.85279198702581],[-73.08767058815933,-36.85261412045655],[-73.08773426073765,-36.852304334608654],[-73.0885811197272,-36.85287276921686],[-73.08942465838841,-36.85324210886589],[-73.08907462859959,-36.853377206769224],[-73.08889052318355,-36.85375266204791],[-73.0889047757382,-36.85415643531832],[-73.08901789122237,-36.85436345874414],[-73.08930628574417,-36.85457615869863],[-73.08928435382214,-36.85471166969865],[-73.08917956339421,-36.85479730483613],[-73.0881585511608,-36.85479147153702],[-73.08772919157327,-36.855216385595966],[-73.08757512194597,-36.85560838082312],[-73.08754635464996,-36.856145461330016],[-73.08798165951941,-36.8566519084851],[-73.08794860104102,-36.85685224982383],[-73.0871560735557,-36.856346388832556],[-73.0869989827457,-36.85613501982348],[-73.08695303065127,-36.85582022134265],[-73.08720035842849,-36.85512621138266],[-73.08709564089841,-36.85495698055985]]]}},{"type":"Feature","properties":{"comuna":"SanPedroDeLaPaz","zona":"AV","zona_code":"AV","nombre":"AV Area verde","decreto":"Publicacion PRC San Pedro de la Paz. Decreto Alc. N°310. Fecha de promulgacion 10.03.2011. Fecha de publicacion D.O. 24.03.2011."},"geometry":{"type":"Polygon","coordinates":[[[-73.12505784258983,-36.90528596484923],[-73.12527039248852,-36.9055070658625],[-73.12512725065794,-36.90569366743278],[-73.12493317725023,-36.905679911254154],[-73.12477522831873,-36.905524287491865],[-73.12479330358205,-36.90538597666814],[-73.12505784258983,-36.90528596484923]]]}},{"type":"Feature","properties":{"comuna":"SanPedroDeLaPaz","zona":"ZRC","zona_code":"ZRC","nombre":"ZRC Zona de riesgo costero","decreto":"Publicacion PRC San Pedro de la Paz. Decreto Alc. N°310. Fecha de promulgacion 10.03.2011. Fecha de publicacion D.O. 24.03.2011."},"geometry":{"type":"Polygon","coordinates":[[[-73.15366056059639,-36.82708088445871],[-73.15402868472675,-36.827282768015614],[-73.15413183890833,-36.82777076082232],[-73.15378473620186,-36.828510347838524],[-73.15341743468358,-36.828508072659545],[-73.15369657091357,-36.82745413016194],[-73.15366056059639,-36.82708088445871]]]}}]}