{"type":"FeatureCollection","name":"PRC_Concon","crs":{"type":"name","properties":{"name":"urn:ogc:def:crs:OGC:1.3:CRS84"}},"features":[{"type":"Feature","properties":{"comuna":"Concon","zona":"ZAV","zona_code":"ZAV","nombre":"ZAV Zona Area Verde","decreto":""},"geometry":{"type":"Polygon","coordinates":[[[-71.55228476648128,-32.938807616511774],[-71.55210903804539,-32.93886430243492],[-71.55198227767396,-32.938519175077104],[-71.55217382903525,-32.93847953496355],[-71.55228476648128,-32.938807616511774]]]}},{"type":"Feature","properties":{"comuna":"Concon","zona":"ZE","zona_code":"ZE","nombre":"ZE Zona de Equipamiento","decreto":""},"geometry":{"type":"Polygon","coordinates":[[[-71.54053664141637,-32.937340116298614],[-71.5415493787115,-32.93848774359502],[-71.54183866228412,-32.93857490974484],[-71.54167247485488,-32.93884170089798],[-71.54115401847686,-32.93874420338477],[-71.54048931637058,-32.93879356885548],[-71.54053664141637,-32.937340116298614]]]}},{"type":"Feature","properties":{"comuna":"Concon","zona":"ZSR","zona_code":"ZSR","nombre":"ZSR Zona Servicio Ruta","decreto":""},"geometry":{"type":"Polygon","coordinates":[[[-71.50758901226479,-32.92532946393626],[-71.50760614223894,-32.92583266431416],[-71.50746989026821,-32.92583965184765],[-71.50703083777478,-32.925351645916614],[-71.50682355421792,-32.92493687408532],[-71.50729473675412,-32.92493210634767],[-71.50729417261213,-32.925328699352306],[-71.50758901226479,-32.92532946393626]]]}},{"type":"Feature","properties":{"comuna":"Concon","zona":"ZRM-2","zona_code":"ZRM-2","nombre":"ZRM-2 Zona Residencial Mixta 2","decreto":""},"geometry":{"type":"MultiPolygon","coordinates":[[[[-71.44246923720704,-32.936825851114705],[-71.44258460783898,-32.936775037753904],[-71.44358057538437,-32.93494309398874],[-71.44338296219155,-32.93459543615622],[-71.4434006149852,-32.934021168985474],[-71.44355231708049,-32.93380746965707],[-71.44866179966927,-32.93219292068527],[-71.44882678874593,-32.93379813795164],[-71.4487065761946,-32.93262857425469],[-71.44460086840935,-32.933960900938494],[-71.444981364221,-32.93742347399921],[-71.44438708374479,-32.93785359139885],[-71.44438153125802,-32.937949196046866],[-71.44467331035048,-32.93813804903787],[-71.44383242436248,-32.93831624124158],[-71.44350610864059,-32.938618149002615],[-71.44331529120288,-32.93864326490024],[-71.44252309749653,-32.93917613429863],[-71.44137866897739,-32.93911240403971],[-71.44129717381483,-32.93867248886736],[-71.44137425016451,-32.9383886654831],[-71.44117832580442,-32.937848537867396],[-71.44117046015579,-32.937562398048165],[-71.44139701437213,-32.93674680457807],[-71.4415026248085,-32.93656671985911],[-71.44246923720704,-32.936825851114705]]],[[[-71.44572905448983,-32.93183737001912],[-71.44432340397091,-32.930186729476155],[-71.44787465718977,-32.92907096992608],[-71.44871951552796,-32.930109614752354],[-71.44708059139437,-32.93071887548523],[-71.44572905448983,-32.93183737001912]]],[[[-71.45047198671347,-32.93020164482944],[-71.4516334949011,-32.93068356048609],[-71.45160923050696,-32.93119861988478],[-71.4491995527579,-32.931571402942424],[-71.44445996945367,-32.93306812064424],[-71.44662387622581,-32.931387489551945],[-71.4472656209867,-32.93147870551441],[-71.44793735779996,-32.93139350100194],[-71.44878587048473,-32.93072554973048],[-71.44907708274027,-32.93060094363024],[-71.44966609010577,-32.930567454730664],[-71.44999030646485,-32.9303350158132],[-71.45047198671347,-32.93020164482944]]],[[[-71.44914008608274,-32.930418282851825],[-71.4480888326215,-32.92901560249752],[-71.45075312526141,-32.92860479804698],[-71.45170307660636,-32.92950650164413],[-71.4521973054212,-32.92977765106829],[-71.45080788745943,-32.929905942316466],[-71.44991070674754,-32.93016835633911],[-71.44959310288725,-32.93039587519244],[-71.44914008608274,-32.930418282851825]]],[[[-71.451823190343,-32.931177974469065],[-71.45178481251743,-32.93054335064704],[-71.45079088235111,-32.93012244308341],[-71.45236504154597,-32.92994414087712],[-71.4526333773045,-32.93112389615398],[-71.451823190343,-32.931177974469065]]],[[[-71.44785006940212,-32.93122653439128],[-71.44678864970682,-32.931236188316284],[-71.44719792843846,-32.93087039550604],[-71.448815984708,-32.93027075968763],[-71.44892914099277,-32.93046207273553],[-71.44865589594122,-32.930581977194734],[-71.44785006940212,-32.93122653439128]]],[[[-71.45106900345803,-32.94078592461329],[-71.45139890255959,-32.94068743711559],[-71.45106926396946,-32.940787459545135],[-71.45106900345803,-32.94078592461329]]],[[[-71.44912891912544,-32.93653353026741],[-71.44904437238584,-32.93581630498876],[-71.44906652933233,-32.935967659459024],[-71.44912891912544,-32.93653353026741]]],[[[-71.45073820873611,-32.93997989849548],[-71.45053268767383,-32.93985615734365],[-71.45043437515082,-32.939806483365366],[-71.45061088781596,-32.93989443302883],[-71.45073820873611,-32.93997989849548]]],[[[-71.44828615386184,-32.93869767938701],[-71.44820017969927,-32.93858817713428],[-71.44814251414624,-32.938488867682864],[-71.44828615386184,-32.93869767938701]]],[[[-71.44910265777642,-32.9368364807673],[-71.44907731989551,-32.93687900238054],[-71.44902436600614,-32.93690487194709],[-71.44910265777642,-32.9368364807673]]],[[[-71.44871641903516,-32.9370201242308],[-71.44856222860653,-32.937112734427366],[-71.44867830261936,-32.93703649125069],[-71.44871641903516,-32.9370201242308]]],[[[-71.45012548135554,-32.939666438768754],[-71.44987309877814,-32.939554898398995],[-71.44977608701568,-32.93951395826069],[-71.45001784791316,-32.93961472763041],[-71.45012548135554,-32.939666438768754]]],[[[-71.44842063704978,-32.938816275198626],[-71.44837599167847,-32.938783006536376],[-71.44828615386184,-32.93869767938701],[-71.44842063704978,-32.938816275198626]]],[[[-71.44797792122664,-32.93811514499397],[-71.44796138593719,-32.938046981679726],[-71.44796035467122,-32.93801362527343],[-71.44797792122664,-32.93811514499397]]],[[[-71.44804429684464,-32.93766230413869],[-71.44805444601073,-32.93764851338809],[-71.44798905943782,-32.93777975537818],[-71.44804429684464,-32.93766230413869]]],[[[-71.4509263213465,-32.94017722099774],[-71.45085605692162,-32.94009011372377],[-71.45088755275378,-32.940123552276006],[-71.4509263213465,-32.94017722099774]]],[[[-71.44864561741772,-32.938957982762346],[-71.44853340795727,-32.938888534677794],[-71.4484238952393,-32.938818702797185],[-71.44864561741772,-32.938957982762346]]],[[[-71.44921071163037,-32.939248740281876],[-71.44900236536652,-32.93915223234704],[-71.44898417717695,-32.93914246469176],[-71.44921071163037,-32.939248740281876]]],[[[-71.45081665501661,-32.940048278951465],[-71.45075851066153,-32.9399956716463],[-71.45079055356773,-32.94002056776714],[-71.45081665501661,-32.940048278951465]]],[[[-71.44977608701568,-32.93951395826069],[-71.44939091277804,-32.93933272795855],[-71.44952164010977,-32.93939365653773],[-71.44977608701568,-32.93951395826069]]],[[[-71.44795967105331,-32.93799148114829],[-71.44795870266942,-32.937960117331436],[-71.44796382486318,-32.937910244007085],[-71.44795967105331,-32.93799148114829]]],[[[-71.44798905943782,-32.93777975537818],[-71.44796893178557,-32.937860516915244],[-71.44797060085536,-32.93784425936638],[-71.44798905943782,-32.93777975537818]]],[[[-71.44818698254943,-32.9374870154864],[-71.4481050373309,-32.937579776732626],[-71.44811441214921,-32.937567038446],[-71.44818698254943,-32.9374870154864]]],[[[-71.4485247688592,-32.937143303905806],[-71.44846107381397,-32.93719834507441],[-71.4484850732051,-32.93717569863004],[-71.4485247688592,-32.937143303905806]]],[[[-71.44913571038897,-32.93672824582886],[-71.44911454338593,-32.9368165340524],[-71.44911263985585,-32.936819729206256],[-71.44913571038897,-32.93672824582886]]],[[[-71.4481359411733,-32.93847754839619],[-71.44813145588509,-32.938469823777595],[-71.4480739044181,-32.93836113924216],[-71.4481359411733,-32.93847754839619]]],[[[-71.45097466238688,-32.94026739580603],[-71.45096011057761,-32.940239115495494],[-71.45097407848196,-32.94026470061262],[-71.45097466238688,-32.94026739580603]]],[[[-71.44880316395226,-32.93698387536856],[-71.44877240653524,-32.93699608297374],[-71.44879119479941,-32.93698801518838],[-71.44880316395226,-32.93698387536856]]],[[[-71.44800527402872,-32.93820038223524],[-71.44798732658764,-32.938153915249174],[-71.44798684598896,-32.93815193772154],[-71.44800527402872,-32.93820038223524]]],[[[-71.44902436600614,-32.93690487194709],[-71.44893856791336,-32.93693697197256],[-71.44893548130204,-32.936938036519784],[-71.44902436600614,-32.93690487194709]]],[[[-71.45106900345803,-32.94078592461329],[-71.45104926118303,-32.94066925237227],[-71.45104651233825,-32.94065272996803],[-71.45106900345803,-32.94078592461329]]],[[[-71.44844454391445,-32.937213943056534],[-71.44842725943006,-32.937232061410974],[-71.4484424032291,-32.93721596282501],[-71.44844454391445,-32.937213943056534]]]]}},{"type":"Feature","properties":{"comuna":"Concon","zona":"ZEUPM","zona_code":"ZEUPM","nombre":"ZEUPM  Zona Productiva Molesta","decreto":""},"geometry":{"type":"MultiPolygon","coordinates":[[[[-71.46344283027113,-32.93237792414616],[-71.45987833588501,-32.931956673207154],[-71.45742088662745,-32.92690307381803],[-71.45848806272713,-32.925858776136636],[-71.45978331299256,-32.924879184668974],[-71.4609890425467,-32.924153059243984],[-71.46450015454707,-32.922697200485544],[-71.46569090828709,-32.92230517731451],[-71.46695110539184,-32.92213314213883],[-71.46991524848708,-32.92209324659792],[-71.47169506079658,-32.92224523231546],[-71.47352841179868,-32.922525108764106],[-71.47402345718207,-32.92282915687577],[-71.47468399739365,-32.92370288558819],[-71.47520436179333,-32.92408312826144],[-71.47365417144687,-32.92590571858394],[-71.47354980877043,-32.926194342907735],[-71.47365834951125,-32.92874190900876],[-71.47414788552703,-32.930498768366924],[-71.4748406519011,-32.93141462815785],[-71.47197309207193,-32.932126664873856],[-71.46850426826359,-32.932766508340606],[-71.46344283027113,-32.93237792414616]]],[[[-71.47634223620416,-32.930464160516706],[-71.47571677520445,-32.93103566030446],[-71.4751521975231,-32.93131798802229],[-71.47445456497515,-32.93041716318528],[-71.47397718406349,-32.92870395120859],[-71.47389617309284,-32.92611857515526],[-71.47558929797742,-32.92409881753276],[-71.47580593748796,-32.92422984813757],[-71.47472342984136,-32.92542290524581],[-71.47634223620416,-32.930464160516706]]],[[[-71.45611976317669,-32.92841436241009],[-71.4567943889719,-32.92825794922982],[-71.4572691162602,-32.92803389103697],[-71.45737429640356,-32.92774552983054],[-71.45737770101849,-32.927268950893584],[-71.45889122123674,-32.9303881076449],[-71.45619206767557,-32.9304673453443],[-71.45553093457593,-32.929904346876654],[-71.4547652492553,-32.92983087065868],[-71.45400034187571,-32.92847987755725],[-71.45611976317669,-32.92841436241009]]],[[[-71.45486431187157,-32.93001107238823],[-71.4554147527653,-32.93005802620417],[-71.45607025612306,-32.93061851519405],[-71.45628581046876,-32.93067110093362],[-71.45897846651543,-32.930564966586985],[-71.45963451065901,-32.93192828845295],[-71.45565367498645,-32.93144711244142],[-71.45486431187157,-32.93001107238823]]],[[[-71.47662318341095,-32.931307681162494],[-71.47607281438246,-32.931360994833355],[-71.47646034759605,-32.93081878327412],[-71.47662318341095,-32.931307681162494]]],[[[-71.47544152511317,-32.92400674415942],[-71.47533138986272,-32.92393812056563],[-71.47485049204673,-32.923589803430154],[-71.47544152511317,-32.92400674415942]]]]}},{"type":"Feature","properties":{"comuna":"Concon","zona":"ZAV","zona_code":"ZAV","nombre":"ZAV Zona Area Verde","decreto":""},"geometry":{"type":"Polygon","coordinates":[[[-71.47514773738772,-32.93218166769609],[-71.47566069158462,-32.931841374364886],[-71.47594740597553,-32.931790203773396],[-71.47587116775401,-32.93223993969237],[-71.47590104841531,-32.933092233087436],[-71.47626254216374,-32.933460138348536],[-71.47624956420282,-32.93360354034236],[-71.47644296519529,-32.93384305106311],[-71.47685691786137,-32.93407818971584],[-71.4772351391387,-32.93485798630271],[-71.47741736059744,-32.935913647402955],[-71.47741635987423,-32.9364862466506],[-71.47716626081429,-32.93664866768358],[-71.47667265363366,-32.936601199415136],[-71.4765393211876,-32.93668973053117],[-71.47648302736201,-32.93710596793102],[-71.47598261095152,-32.93803201864458],[-71.47600356505384,-32.93817474827011],[-71.47622548216667,-32.93804353853079],[-71.47628892478531,-32.93893919076457],[-71.47690520320619,-32.940788695934266],[-71.47726650022358,-32.94105316218603],[-71.47712843724925,-32.94117518881912],[-71.47713641967886,-32.94146131996422],[-71.4773613218934,-32.94199465863767],[-71.47735765047882,-32.942291944599994],[-71.47671156326187,-32.94347377719536],[-71.47669592359277,-32.94392738060728],[-71.47739524227852,-32.94465309116954],[-71.47741043728156,-32.94519761593996],[-71.47764875673317,-32.945626218725316],[-71.47774557535786,-32.94605373313373],[-71.47826991480268,-32.946592048891944],[-71.47839501598578,-32.947019000032576],[-71.47836099678597,-32.94782743079577],[-71.47816469154017,-32.9477162218552],[-71.47771763236263,-32.94708015926805],[-71.47699732993016,-32.9466172997247],[-71.47650327179525,-32.94614994933471],[-71.47623745131952,-32.94574964347641],[-71.47527962983436,-32.94488590632815],[-71.47491302736692,-32.943915014892546],[-71.47500221390494,-32.94305437634684],[-71.47529333453234,-32.94233287968272],[-71.47519653297563,-32.94190536462216],[-71.47479200004362,-32.941603232870484],[-71.47408770379289,-32.94171261906045],[-71.47385618907954,-32.94166622553927],[-71.47417981794044,-32.940989032208186],[-71.47398681400333,-32.94056028632046],[-71.47399215179274,-32.94021030819929],[-71.47459612239592,-32.939692798312144],[-71.47460141886283,-32.937854927346514],[-71.47503074350004,-32.93684719485868],[-71.4752526489348,-32.936023264549824],[-71.47555345968915,-32.93562302141316],[-71.4754933067011,-32.93513224969891],[-71.47525342507922,-32.934915522946525],[-71.47539332959985,-32.93474037511599],[-71.4754231294128,-32.93446281649835],[-71.47513804187086,-32.933386595719846],[-71.47514773738772,-32.93218166769609]]]}},{"type":"Feature","properties":{"comuna":"Concon","zona":"ZAV","zona_code":"ZAV","nombre":"ZAV Zona Area Verde","decreto":""},"geometry":{"type":"Polygon","coordinates":[[[-71.48015790493362,-32.93980900592867],[-71.4801830757279,-32.93943451983315],[-71.48000751168371,-32.93919875459784],[-71.47906279931347,-32.93946586352556],[-71.47948811566789,-32.938875073577975],[-71.47961605732392,-32.93818590022573],[-71.47957046423,-32.93776699601058],[-71.47912420275641,-32.937183865162616],[-71.47792626069747,-32.937245747430815],[-71.47757243496832,-32.93753877536607],[-71.47747509352413,-32.93811311092157],[-71.47731556530607,-32.938078297968886],[-71.47693858460215,-32.93834323372354],[-71.47739715838503,-32.93775217391141],[-71.47758588993464,-32.93721387520316],[-71.4778821462305,-32.93688362170422],[-71.47910392149223,-32.93646834226027],[-71.47914566889844,-32.9363339393416],[-71.47892723455395,-32.935813278680804],[-71.47885109065552,-32.935108661803056],[-71.47809407138244,-32.93436021895977],[-71.47764806413208,-32.93335766028036],[-71.47771341207743,-32.93245909398805],[-71.4779665699009,-32.931891346865804],[-71.47809117162069,-32.93192661991435],[-71.47791800697664,-32.93220555268229],[-71.47779827592231,-32.93295977855542],[-71.47792366456632,-32.9337246265162],[-71.47811109266046,-32.934080490026446],[-71.47924483392265,-32.93537829748046],[-71.47938516604138,-32.936396873187434],[-71.47923746863563,-32.936779413563656],[-71.47937166885426,-32.93717740702769],[-71.4797120171592,-32.93746751222563],[-71.47979375576523,-32.93802114863541],[-71.48020624058411,-32.9382125587619],[-71.48043128293583,-32.93902754991025],[-71.48125410739674,-32.94051000132631],[-71.48054021444382,-32.939737242517054],[-71.48038499813913,-32.93978291330207],[-71.48014349326152,-32.94045571837914],[-71.48020498923093,-32.94103662100616],[-71.48008802498768,-32.941306148143326],[-71.48018745142164,-32.942029439893176],[-71.48007845703158,-32.941773944052414],[-71.47993300990562,-32.94183409067666],[-71.47968270782643,-32.942192151545136],[-71.47936918860574,-32.942312892744006],[-71.47979913936871,-32.94190355077175],[-71.47992741519802,-32.941633799288915],[-71.48006632528367,-32.94093440125582],[-71.4799377628918,-32.940383460934434],[-71.48015790493362,-32.93980900592867]]]}},{"type":"Feature","properties":{"comuna":"Concon","zona":"ZAV","zona_code":"ZAV","nombre":"ZAV Zona Area Verde","decreto":""},"geometry":{"type":"MultiPolygon","coordinates":[[[[-71.45248383835242,-32.940392424796165],[-71.45248274779766,-32.93970665659543],[-71.45235235823249,-32.93946933074415],[-71.45242513524524,-32.939196032231116],[-71.4527665013414,-32.93891275485144],[-71.45292411524957,-32.938520197386026],[-71.45383682244287,-32.93820217655974],[-71.45425828682136,-32.93762851709745],[-71.45419973732606,-32.93720540107143],[-71.45401386601232,-32.93698785761739],[-71.4539070024261,-32.93653056882216],[-71.45332268696136,-32.9353901735729],[-71.45331171673512,-32.93496060588227],[-71.45349514193633,-32.9349792780942],[-71.45349598186114,-32.9352661304534],[-71.45401490805804,-32.936269747134574],[-71.45448918798533,-32.937661219998226],[-71.45490984118513,-32.93807400289278],[-71.45495457279469,-32.93850836619493],[-71.45508537468658,-32.93869315590513],[-71.4553791237845,-32.93882660832436],[-71.45516698932508,-32.93886088268912],[-71.45523030438295,-32.939133388370756],[-71.45511373899168,-32.93903314166659],[-71.45496949291325,-32.93910182668048],[-71.45491808682111,-32.939703962138815],[-71.45481942844673,-32.93944438018679],[-71.45477101284617,-32.93858080384957],[-71.45453101983317,-32.93805118854861],[-71.45422592052167,-32.93799133338005],[-71.45364814209722,-32.93847963448038],[-71.45316156153872,-32.93855410320518],[-71.45265301717154,-32.93924706057276],[-71.45261294512336,-32.940300520668835],[-71.45248383835242,-32.940392424796165]]],[[[-71.45333539273273,-32.934663516934485],[-71.45350633853803,-32.93385699244412],[-71.45393486367466,-32.93327033970445],[-71.45504377190915,-32.93252291800933],[-71.45523151441363,-32.93257496956297],[-71.45463866944525,-32.93316814188978],[-71.45413213460935,-32.93338026925046],[-71.45387974484545,-32.933603261378245],[-71.45370493628444,-32.93391193990567],[-71.45350775068968,-32.934790219316035],[-71.45340106496988,-32.93479113309975],[-71.45333539273273,-32.934663516934485]]]]}},{"type":"Feature","properties":{"comuna":"Concon","zona":"ZRDM","zona_code":"ZRDM","nombre":"ZRDM  Zona Residencial Densidad Media","decreto":""},"geometry":{"type":"Polygon","coordinates":[[[-71.45294274451193,-32.934294660668655],[-71.45292882152336,-32.933323106325815],[-71.45282001847445,-32.932902123775115],[-71.45294746605708,-32.93270562269561],[-71.45320317240102,-32.93169333408632],[-71.45504377190915,-32.93252291800933],[-71.45393486367466,-32.93327033970445],[-71.45374061557088,-32.93350745600331],[-71.45350633853803,-32.93385699244412],[-71.45333539273273,-32.934663516934485],[-71.45294274451193,-32.934294660668655]]]}},{"type":"Feature","properties":{"comuna":"Concon","zona":"ZAV","zona_code":"ZAV","nombre":"ZAV Zona Area Verde","decreto":""},"geometry":{"type":"MultiPolygon","coordinates":[[[[-71.45037805796905,-32.93498353939309],[-71.45099093896151,-32.93390753153403],[-71.45243866836498,-32.93323710213027],[-71.45233122087384,-32.933565525065596],[-71.45238573603518,-32.93394916338174],[-71.45197686783362,-32.93396895015112],[-71.45133175978032,-32.934307732672956],[-71.45084644315145,-32.93441837039671],[-71.45057422756919,-32.93499446255177],[-71.45037805796905,-32.93498353939309]]],[[[-71.45294274451193,-32.934294660668655],[-71.45254365806551,-32.933823490452106],[-71.45254154343132,-32.933602091236885],[-71.45292463717075,-32.93198040595198],[-71.45314984840574,-32.931668094825305],[-71.45312154249113,-32.93211518870117],[-71.45282001847445,-32.932902123775115],[-71.45292882152336,-32.933323106325815],[-71.45294274451193,-32.934294660668655]]],[[[-71.45044218151065,-32.935172111464325],[-71.45029036802426,-32.93588183350238],[-71.4502715734719,-32.93678195430763],[-71.4503629447127,-32.9372183316613],[-71.45019067389235,-32.93701266185185],[-71.45010948505528,-32.93615463862858],[-71.45019881442543,-32.93543876812585],[-71.4503070389593,-32.935163910064546],[-71.45044218151065,-32.935172111464325]]],[[[-71.45299986927918,-32.93461591641357],[-71.4530047031137,-32.93463445223362],[-71.45298995367507,-32.934607846903226],[-71.45299986927918,-32.93461591641357]]]]}},{"type":"Feature","properties":{"comuna":"Concon","zona":"ZRM-3","zona_code":"ZRM-3","nombre":"ZRM-3 Zona Residencial Mixta 3","decreto":""},"geometry":{"type":"MultiPolygon","coordinates":[[[[-71.4400203866234,-32.93581318745428],[-71.44018562812667,-32.93465278523774],[-71.44051359764698,-32.9340545917375],[-71.44038373898617,-32.93344256282544],[-71.44057532089018,-32.9333969211864],[-71.44117708702764,-32.93409811669158],[-71.44153685690904,-32.93483544782734],[-71.44129555235574,-32.935937623361724],[-71.44129577693457,-32.936357515601635],[-71.4400203866234,-32.93581318745428]]],[[[-71.43895996405806,-32.934378556544445],[-71.43912615238561,-32.934176728303214],[-71.4390765689752,-32.93380930252244],[-71.4395536884771,-32.93350338086091],[-71.44017411980954,-32.93346915945885],[-71.44030310800288,-32.93401878046079],[-71.44006958824984,-32.93432267070385],[-71.43995122712631,-32.93471184046556],[-71.43981113485776,-32.93576604066921],[-71.4390462535293,-32.93568154446591],[-71.4390480816009,-32.934487058240656],[-71.43895996405806,-32.934378556544445]]]]}},{"type":"Feature","properties":{"comuna":"Concon","zona":"ZRM-3","zona_code":"ZRM-3","nombre":"ZRM-3 Zona Residencial Mixta 3","decreto":""},"geometry":{"type":"MultiPolygon","coordinates":[[[[-71.44244647569438,-32.9335600083593],[-71.44162922617814,-32.93336007445751],[-71.4403838943947,-32.932751331794144],[-71.44120015845907,-32.932095732509914],[-71.44214519691776,-32.93112316177919],[-71.4433583968618,-32.930500789042725],[-71.44411826020105,-32.930253997081294],[-71.4455681275949,-32.93196235814899],[-71.4439922966353,-32.93321888268073],[-71.4431662472225,-32.93348039569719],[-71.44244647569438,-32.9335600083593]]],[[[-71.44268720802086,-32.933985516779444],[-71.44323620981348,-32.93390212040272],[-71.44316883796378,-32.9346264287158],[-71.44335800160307,-32.934920180824],[-71.44242575695066,-32.936625780594326],[-71.44164778716852,-32.936416522947326],[-71.44182723283306,-32.935435202736855],[-71.44268720802086,-32.933985516779444]]],[[[-71.44170650015718,-32.93524597228031],[-71.4416959925633,-32.9348609658987],[-71.44152663048784,-32.934463466403],[-71.4413238627619,-32.93408570511911],[-71.44079649779121,-32.93346881339204],[-71.4418704462898,-32.933918929816876],[-71.4424542874441,-32.93398778014872],[-71.44170650015718,-32.93524597228031]]]]}},{"type":"Feature","properties":{"comuna":"Concon","zona":"ZAV","zona_code":"ZAV","nombre":"ZAV Zona Area Verde","decreto":""},"geometry":{"type":"Polygon","coordinates":[[[-71.434393323514,-32.93659011285172],[-71.43535005534274,-32.936104795951394],[-71.4357937009222,-32.9355175911572],[-71.43635291206803,-32.93437343646681],[-71.43598113620286,-32.935388681522],[-71.43549720297953,-32.936054210618984],[-71.43460976449687,-32.93667738189864],[-71.434393323514,-32.93659011285172]]]}},{"type":"Feature","properties":{"comuna":"Concon","zona":"ZRM-2","zona_code":"ZRM-2","nombre":"ZRM-2 Zona Residencial Mixta 2","decreto":""},"geometry":{"type":"MultiPolygon","coordinates":[[[[-71.44034789081643,-32.93893776888734],[-71.44046357226546,-32.938957829718305],[-71.43979320089142,-32.93824371139231],[-71.4400203866234,-32.93581318745428],[-71.44127516509036,-32.936372422375086],[-71.44102191923199,-32.93668733453923],[-71.44084060596997,-32.937502042697275],[-71.44090476364757,-32.93777753960301],[-71.44084256070404,-32.938108468290636],[-71.4410875420618,-32.93845709542012],[-71.4412547679435,-32.93909801038706],[-71.44034789081643,-32.93893776888734]]],[[[-71.43888173516986,-32.934423050918866],[-71.43895996405806,-32.934378556544445],[-71.4390480816009,-32.934487058240656],[-71.4390462535293,-32.93568154446591],[-71.43981113485776,-32.93576604066921],[-71.43957146433996,-32.93823691557972],[-71.44011175696589,-32.938881571546275],[-71.43907939956667,-32.93856874046084],[-71.43858829060085,-32.93831739699615],[-71.43883929336594,-32.93586707064837],[-71.4389684001369,-32.935417215954075],[-71.43888173516986,-32.934423050918866]]]]}},{"type":"Feature","properties":{"comuna":"Concon","zona":"ZRM-2","zona_code":"ZRM-2","nombre":"ZRM-2 Zona Residencial Mixta 2","decreto":""},"geometry":{"type":"MultiPolygon","coordinates":[[[[-71.434393323514,-32.93659011285172],[-71.43398031857056,-32.936471075266],[-71.43356073077271,-32.93277704951327],[-71.43569335191846,-32.93324839192925],[-71.43618565564361,-32.93359010784249],[-71.43636273514568,-32.93408695140333],[-71.43635291206803,-32.93437343646681],[-71.43553471393085,-32.935874545187005],[-71.4351076970656,-32.936294418878],[-71.434393323514,-32.93659011285172]]],[[[-71.43354021953981,-32.93259646286403],[-71.43338824345837,-32.93125836806173],[-71.43591152485318,-32.932703145921494],[-71.43602616964637,-32.93323068668288],[-71.43550178348917,-32.932981807076224],[-71.43354021953981,-32.93259646286403]]]]}},{"type":"Feature","properties":{"comuna":"Concon","zona":"ZRM-2","zona_code":"ZRM-2","nombre":"ZRM-2 Zona Residencial Mixta 2","decreto":""},"geometry":{"type":"MultiPolygon","coordinates":[[[[-71.43598113620286,-32.935388681522],[-71.43640564048029,-32.93410400807887],[-71.43622557138494,-32.93360838527023],[-71.43689936983179,-32.93397252389271],[-71.43676144070643,-32.93442312405201],[-71.43685096860429,-32.93562381078818],[-71.43666967600352,-32.93602815985891],[-71.43602777313916,-32.9365560102573],[-71.43576216646248,-32.93718089318416],[-71.43460976449687,-32.93667738189864],[-71.43549720297953,-32.936054210618984],[-71.43598113620286,-32.935388681522]]],[[[-71.43608608547919,-32.93327332613953],[-71.43606384498939,-32.93278260170474],[-71.43736053974581,-32.93330782809035],[-71.43695959827832,-32.93378847601276],[-71.43608608547919,-32.93327332613953]]]]}},{"type":"Feature","properties":{"comuna":"Concon","zona":"ZRM-2","zona_code":"ZRM-2","nombre":"ZRM-2 Zona Residencial Mixta 2","decreto":""},"geometry":{"type":"MultiPolygon","coordinates":[[[[-71.43584292500653,-32.937221052581044],[-71.43596868824798,-32.93693705113506],[-71.43599994692492,-32.93678732982808],[-71.43606655251166,-32.93663691917452],[-71.43603405505795,-32.936720389119635],[-71.43676900541944,-32.93603934299659],[-71.43702933898541,-32.93563253387159],[-71.43695142181261,-32.93464487255198],[-71.43705411631757,-32.93407270621546],[-71.43748617093495,-32.93436650464571],[-71.43826277348121,-32.934653906358584],[-71.43870878432483,-32.93452172181709],[-71.43884881640628,-32.93544226339815],[-71.43849160043523,-32.93768232907075],[-71.43848636685038,-32.93831596907757],[-71.4374625066154,-32.9378388024867],[-71.43726087346168,-32.93679270082461],[-71.43708749771353,-32.936757662680996],[-71.43672489095246,-32.936955567620444],[-71.43645472532572,-32.9375252854117],[-71.43584292500653,-32.937221052581044]]],[[[-71.43715996929909,-32.93391328496036],[-71.43757989666011,-32.933363449932486],[-71.4384369855609,-32.93350590058821],[-71.43845770699954,-32.93388171386765],[-71.43866100832476,-32.934331298917805],[-71.43831131125265,-32.93447687464386],[-71.43759179484604,-32.934209378195774],[-71.43715996929909,-32.93391328496036]]]]}},{"type":"Feature","properties":{"comuna":"Concon","zona":"ZAV","zona_code":"ZAV","nombre":"ZAV Zona Area Verde","decreto":""},"geometry":{"type":"Polygon","coordinates":[[[-71.48376663236434,-32.94443303832865],[-71.48232367750663,-32.94467616163144],[-71.48149113596928,-32.94413162686467],[-71.4809682904228,-32.944456934329665],[-71.48113129961256,-32.944215120644174],[-71.48193810801025,-32.943521535031245],[-71.48219817208165,-32.94268677485439],[-71.48236103933762,-32.94286447164085],[-71.48228209718707,-32.94327612431355],[-71.48189227686278,-32.943806934868476],[-71.48294432443474,-32.94340288898957],[-71.48376663236434,-32.94443303832865]]]}},{"type":"Feature","properties":{"comuna":"Concon","zona":"ZES","zona_code":"ZES","nombre":"ZES Zona Equipamiento Seguridad","decreto":""},"geometry":{"type":"Polygon","coordinates":[[[-71.48294432443474,-32.94340288898957],[-71.48246251662536,-32.943587931573035],[-71.48189227686278,-32.943806934868476],[-71.48222927265509,-32.943410776013906],[-71.48236103933762,-32.94286447164085],[-71.48294432443474,-32.94340288898957]]]}},{"type":"Feature","properties":{"comuna":"Concon","zona":"ZES","zona_code":"ZES","nombre":"ZES Zona Equipamiento Seguridad","decreto":""},"geometry":{"type":"Polygon","coordinates":[[[-71.46861461102486,-32.936103495412254],[-71.47186497084436,-32.935584643605246],[-71.47525342507922,-32.934915522946525],[-71.4754933067011,-32.93513224969891],[-71.47555345968915,-32.93562302141316],[-71.4752526489348,-32.936023264549824],[-71.47503074350004,-32.93684719485868],[-71.47460141886283,-32.937854927346514],[-71.47459612239592,-32.939692798312144],[-71.47399215179274,-32.94021030819929],[-71.47398681400333,-32.94056028632046],[-71.47417981794044,-32.940989032208186],[-71.47385618907954,-32.94166622553927],[-71.47408770379289,-32.94171261906045],[-71.47479200004362,-32.941603232870484],[-71.47519653297563,-32.94190536462216],[-71.47529333453234,-32.94233287968272],[-71.47500221390494,-32.94305437634684],[-71.47491302736692,-32.943915014892546],[-71.47527962983436,-32.94488590632815],[-71.47623745131952,-32.94574964347641],[-71.47650327179525,-32.94614994933471],[-71.47699732993016,-32.9466172997247],[-71.47771763236263,-32.94708015926805],[-71.47816469154017,-32.9477162218552],[-71.47092220961491,-32.943612887746085],[-71.47024711489912,-32.94473986451074],[-71.47004374709859,-32.943820564084405],[-71.47036916091194,-32.943313118439896],[-71.47032827678672,-32.942860632893456],[-71.46986387922588,-32.94244038328133],[-71.4698196821139,-32.94186867598481],[-71.46929740879423,-32.94140185460352],[-71.46901064858923,-32.94126437878101],[-71.46888993747294,-32.94107867318605],[-71.46891288493687,-32.940887570821175],[-71.46806792059746,-32.94005492836785],[-71.46869514678671,-32.93941106577252],[-71.46949979024458,-32.939118457183625],[-71.46992293806592,-32.938605137948564],[-71.46988327115793,-32.93827229466182],[-71.46965478017381,-32.937830472413744],[-71.46909270070728,-32.93742466670778],[-71.46861461102486,-32.936103495412254]]]}},{"type":"Feature","properties":{"comuna":"Concon","zona":"ZES","zona_code":"ZES","nombre":"ZES Zona Equipamiento Seguridad","decreto":""},"geometry":{"type":"MultiPolygon","coordinates":[[[[-71.48075642186473,-32.93969665981419],[-71.48133261835594,-32.93958849999728],[-71.48152199938752,-32.94123387556182],[-71.48167060499001,-32.941802955896534],[-71.48219817208165,-32.94268677485439],[-71.48193810801025,-32.943521535031245],[-71.48113129961256,-32.944215120644174],[-71.4809682904228,-32.944456934329665],[-71.48149113596928,-32.94413162686467],[-71.48232367750663,-32.94467616163144],[-71.48376663236434,-32.94443303832865],[-71.48389948151679,-32.944735444617045],[-71.48395251535621,-32.94529081688918],[-71.48379906963096,-32.94747715050363],[-71.48365086377873,-32.94834627032255],[-71.48319537211562,-32.949361536632836],[-71.48293186120848,-32.95041668160557],[-71.47836099678597,-32.94782743079577],[-71.47833046933766,-32.94673399200945],[-71.47774557535786,-32.94605373313373],[-71.47764875673317,-32.945626218725316],[-71.47741043728156,-32.94519761593996],[-71.47739524227852,-32.94465309116954],[-71.47675647183955,-32.94406932423355],[-71.47666365431112,-32.94378487587368],[-71.47695143679893,-32.94294415501278],[-71.47735765047882,-32.942291944599994],[-71.4773613218934,-32.94199465863767],[-71.47713641967886,-32.94146131996422],[-71.47712843724925,-32.94117518881912],[-71.47726650022358,-32.94105316218603],[-71.47690520320619,-32.940788695934266],[-71.47676330981548,-32.940453700946364],[-71.4801588203169,-32.939808834792444],[-71.4799377628918,-32.940383460934434],[-71.48006632528367,-32.94093440125582],[-71.47992741519802,-32.941633799288915],[-71.47979913936871,-32.94190355077175],[-71.47936918860574,-32.942312892744006],[-71.47968270782643,-32.942192151545136],[-71.47993300990562,-32.94183409067666],[-71.48007845703158,-32.941773944052414],[-71.48018745142164,-32.942029439893176],[-71.48008802498768,-32.941306148143326],[-71.48020498923093,-32.94103662100616],[-71.48014349326152,-32.94045571837914],[-71.48038499813913,-32.93978291330207],[-71.48054021444382,-32.939737242517054],[-71.48125410739674,-32.94051000132631],[-71.48075642186473,-32.93969665981419]]],[[[-71.48167738188052,-32.94044180819424],[-71.48159444492191,-32.939558162059406],[-71.48159348552119,-32.93953953227905],[-71.48167738188052,-32.94044180819424]]]]}},{"type":"Feature","properties":{"comuna":"Concon","zona":"ZVLM-2","zona_code":"ZVLM-2","nombre":"ZVLM-2 Zona Vivienda Lomas Montemar 2","decreto":""},"geometry":{"type":"MultiPolygon","coordinates":[[[[-71.53869661413508,-32.95036573735296],[-71.53886056565756,-32.94918478312357],[-71.54161894694204,-32.949228080514224],[-71.54152426451108,-32.94974223437081],[-71.54104677849655,-32.95008148941327],[-71.54017565072449,-32.95021036179937],[-71.53978673051213,-32.95001575733815],[-71.53970585339047,-32.950149914824074],[-71.53987620540937,-32.95038354847169],[-71.53972382418772,-32.950473095497784],[-71.53869661413508,-32.95036573735296]]],[[[-71.5387077065322,-32.9504350746581],[-71.5397764537853,-32.950556657162004],[-71.54045607062024,-32.95021732931545],[-71.54090010606852,-32.95018569921531],[-71.53993527323256,-32.950871199949816],[-71.53904592313499,-32.95112276628531],[-71.53888030523761,-32.95103846868544],[-71.5387077065322,-32.9504350746581]]],[[[-71.54168344957269,-32.9496291319807],[-71.54168562169906,-32.94922912606789],[-71.54223420218182,-32.949237729458886],[-71.54223195190204,-32.949239412747325],[-71.54168344957269,-32.9496291319807]]],[[[-71.53979124993633,-32.950143430498755],[-71.53987370809288,-32.95008703373393],[-71.54006162037898,-32.95032558317215],[-71.53997781025791,-32.95033265470553],[-71.53979124993633,-32.950143430498755]]],[[[-71.53889272534474,-32.95116610117089],[-71.53893165832916,-32.95113162126373],[-71.5390082666566,-32.951133418341065],[-71.53889272534474,-32.95116610117089]]],[[[-71.53889274331105,-32.95111338665577],[-71.53888348078216,-32.951069414776455],[-71.5389582331902,-32.95110958897216],[-71.53889274331105,-32.95111338665577]]]]}},{"type":"Feature","properties":{"comuna":"Concon","zona":"ZSR-R","zona_code":"ZSR-R","nombre":"ZSR-R Sub-Zona Servicio Ruta Residencial","decreto":""},"geometry":{"type":"Polygon","coordinates":[[[-71.48075642186473,-32.93969665981419],[-71.48043128293583,-32.93902754991025],[-71.48020624058411,-32.9382125587619],[-71.47979375576523,-32.93802114863541],[-71.4797120171592,-32.93746751222563],[-71.47944025702282,-32.93726024014922],[-71.47930906795703,-32.93700081990408],[-71.47923347921746,-32.936636503004515],[-71.47938516604138,-32.936396873187434],[-71.47924483392265,-32.93537829748046],[-71.47811109266046,-32.934080490026446],[-71.47782873959022,-32.93346671738821],[-71.47781722767986,-32.93261530672518],[-71.47809117162069,-32.93192661991435],[-71.4785964488152,-32.93209608310594],[-71.4797221555455,-32.93286161107023],[-71.48012276373804,-32.93336603827402],[-71.48056436565022,-32.93425292720014],[-71.48095409883793,-32.935544120819905],[-71.48133261835594,-32.93958849999728],[-71.48075642186473,-32.93969665981419]]]}},{"type":"Feature","properties":{"comuna":"Concon","zona":"ZSR-R","zona_code":"ZSR-R","nombre":"ZSR-R Sub-Zona Servicio Ruta Residencial","decreto":""},"geometry":{"type":"MultiPolygon","coordinates":[[[[-71.47665478614266,-32.931737635286446],[-71.4779665699009,-32.931891346865804],[-71.47771341207743,-32.93245909398805],[-71.47764806413208,-32.93335766028036],[-71.47809407138244,-32.93436021895977],[-71.47885109065552,-32.935108661803056],[-71.47892723455395,-32.935813278680804],[-71.47914566889844,-32.9363339393416],[-71.47910392149223,-32.93646834226027],[-71.4778821462305,-32.93688362170422],[-71.47758588993464,-32.93721387520316],[-71.47739715838503,-32.93775217391141],[-71.47693858460215,-32.93834323372354],[-71.47731556530607,-32.938078297968886],[-71.47747509352413,-32.93811311092157],[-71.47757243496832,-32.93753877536607],[-71.47792626069747,-32.937245747430815],[-71.47912420275641,-32.937183865162616],[-71.47957046423,-32.93776699601058],[-71.47961605732392,-32.93818590022573],[-71.47948811566789,-32.938875073577975],[-71.47906279931347,-32.93946586352556],[-71.48000751168371,-32.93919875459784],[-71.4801830757279,-32.93943451983315],[-71.48015790493362,-32.93980900592867],[-71.47676330981548,-32.940453700946364],[-71.47628892478531,-32.93893919076457],[-71.47622548216667,-32.93804353853079],[-71.47600356505384,-32.93817474827011],[-71.47598261095152,-32.93803201864458],[-71.47648302736201,-32.93710596793102],[-71.4765393211876,-32.93668973053117],[-71.47667265363366,-32.936601199415136],[-71.47716626081429,-32.93664866768358],[-71.47741635987423,-32.9364862466506],[-71.47741736059744,-32.935913647402955],[-71.47715969323124,-32.93458750838636],[-71.47685691786137,-32.93407818971584],[-71.47644296519529,-32.93384305106311],[-71.47624956420282,-32.93360354034236],[-71.47626254216374,-32.933460138348536],[-71.47590104841531,-32.933092233087436],[-71.47587116775401,-32.93223993969237],[-71.47594740597553,-32.931790203773396],[-71.47665478614266,-32.931737635286446]]],[[[-71.47706623071245,-32.93152138954611],[-71.47706273985926,-32.93152227546649],[-71.47689045736081,-32.93151571814749],[-71.47706623071245,-32.93152138954611]]],[[[-71.47689045736081,-32.93151571814749],[-71.47688926170316,-32.93151571060774],[-71.47688357806234,-32.93151549572489],[-71.47689045736081,-32.93151571814749]]]]}},{"type":"Feature","properties":{"comuna":"Concon","zona":"ZRDM","zona_code":"ZRDM","nombre":"ZRDM  Zona Residencial Densidad Media","decreto":""},"geometry":{"type":"Polygon","coordinates":[[[-71.45855256356114,-32.939089975965544],[-71.45870486662936,-32.93873420197129],[-71.45889325322591,-32.93856967908466],[-71.45965705747433,-32.93868292152653],[-71.46026746450652,-32.93897697831217],[-71.45944285778809,-32.93915179206375],[-71.4591368844158,-32.939639280831436],[-71.45858742088912,-32.9399252216855],[-71.45855256356114,-32.939089975965544]]]}},{"type":"Feature","properties":{"comuna":"Concon","zona":"ZRDB","zona_code":"ZRDB","nombre":"ZRDB  Zona Residencial Densidad Baja","decreto":""},"geometry":{"type":"Polygon","coordinates":[[[-71.45258426820455,-32.94039327444051],[-71.45260888743323,-32.939386213960674],[-71.4529588989157,-32.93876974897702],[-71.45316156153872,-32.93855410320518],[-71.45364814209722,-32.93847963448038],[-71.45422592052167,-32.93799133338005],[-71.45453101983317,-32.93805118854861],[-71.45473348482686,-32.93847429826639],[-71.45491808682111,-32.939703962138815],[-71.45496949291325,-32.93910182668048],[-71.45511373899168,-32.93903314166659],[-71.45523030438295,-32.939133388370756],[-71.45516698932508,-32.93886088268912],[-71.4553791237845,-32.93882660832436],[-71.45508537468658,-32.93869315590513],[-71.45495457279469,-32.93850836619493],[-71.45490984118513,-32.93807400289278],[-71.4545701711082,-32.937785917931905],[-71.45445545894137,-32.937430546564606],[-71.45647030466516,-32.93752223503669],[-71.45687637102135,-32.937746407164234],[-71.45756605437737,-32.937589092960586],[-71.45697094565448,-32.940926308951255],[-71.45258426820455,-32.94039327444051]]]}},{"type":"Feature","properties":{"comuna":"Concon","zona":"ZAV","zona_code":"ZAV","nombre":"ZAV Zona Area Verde","decreto":""},"geometry":{"type":"Polygon","coordinates":[[[-71.54640272556162,-32.94147530763942],[-71.54668761906746,-32.9415265020293],[-71.54675394168488,-32.94222176108174],[-71.54639011501168,-32.942240679788235],[-71.54640272556162,-32.94147530763942]]]}},{"type":"Feature","properties":{"comuna":"Concon","zona":"ZE","zona_code":"ZE","nombre":"ZE Zona de Equipamiento","decreto":""},"geometry":{"type":"MultiPolygon","coordinates":[[[[-71.54260182244047,-32.93289060849697],[-71.54326282708104,-32.932733119030225],[-71.5433317305583,-32.93303196139167],[-71.54355904564767,-32.93338355651145],[-71.54405936414179,-32.93378556800642],[-71.54366353857984,-32.93429878478142],[-71.54281384910205,-32.93401837257193],[-71.54278576956288,-32.93336389326044],[-71.54260182244047,-32.93289060849697]]],[[[-71.54307157126549,-32.93575440211798],[-71.54290559673697,-32.93468068508315],[-71.54283589375912,-32.93424307003744],[-71.54340371076538,-32.93442137564181],[-71.54378429191696,-32.93468858494858],[-71.54307157126549,-32.93575440211798]]]]}},{"type":"Feature","properties":{"comuna":"Concon","zona":"ZR-1 V1","zona_code":"ZR-1 V1","nombre":"ZR-1 V1 Zona Residencial 1 V1","decreto":""},"geometry":{"type":"Polygon","coordinates":[[[-71.5453735958092,-32.93953640884456],[-71.54494169570206,-32.9388669456511],[-71.54496464136938,-32.938663177277014],[-71.54514441132572,-32.938448043908],[-71.5457393260125,-32.93935186667043],[-71.5453735958092,-32.93953640884456]]]}},{"type":"Feature","properties":{"comuna":"Concon","zona":"ZR-1 V2","zona_code":"ZR-1 V2","nombre":"ZR-1 V2 Zona Residencial 1 V2","decreto":""},"geometry":{"type":"MultiPolygon","coordinates":[[[[-71.5439712798366,-32.939377893080334],[-71.54403952484874,-32.939439679574924],[-71.54475810071924,-32.93886237317358],[-71.54630527272634,-32.94125557483278],[-71.54549894313068,-32.94141426213374],[-71.5439712798366,-32.939377893080334]]],[[[-71.54399990644977,-32.93788103939001],[-71.54451648534885,-32.93736054465353],[-71.5446770250699,-32.937474666211244],[-71.54467932475704,-32.937725743674825],[-71.54502287196271,-32.93811683527942],[-71.54505083022929,-32.93829919517927],[-71.54449875530007,-32.93880364414574],[-71.54438258157427,-32.9387302951924],[-71.54430516206814,-32.938811059630964],[-71.5444118055671,-32.93888521444926],[-71.54391279052845,-32.93937132277337],[-71.54310409297372,-32.93880738732233],[-71.54360392727591,-32.9382891296325],[-71.54433857131188,-32.93874563506599],[-71.54364538901784,-32.93824880712054],[-71.54398059446778,-32.93790274551508],[-71.54439262294254,-32.93819011915073],[-71.54443124061827,-32.938150892036866],[-71.54399990644977,-32.93788103939001]]],[[[-71.54388011700493,-32.93945883183396],[-71.5440695213927,-32.93959617099086],[-71.54543652189653,-32.94142349502982],[-71.5446167463177,-32.94159236857751],[-71.54335486936337,-32.939930955118854],[-71.54344499464088,-32.939969678589904],[-71.54395364141601,-32.93952117239334],[-71.54388011700493,-32.93945883183396]]],[[[-71.54327465609671,-32.93795957224734],[-71.54319207307432,-32.93710013027251],[-71.54297612616486,-32.93602226709192],[-71.54455167505347,-32.93712205447418],[-71.544073588066,-32.93760583683667],[-71.54342927681836,-32.93714942729972],[-71.54336451637121,-32.93720304429759],[-71.54402994790951,-32.93764592743363],[-71.54355649083901,-32.93811893871224],[-71.54327465609671,-32.93795957224734]]],[[[-71.54327706986989,-32.93999317396709],[-71.54338767314262,-32.94004611299067],[-71.54455247365576,-32.94160975853218],[-71.54375162827492,-32.94177904033111],[-71.54275263161038,-32.94045698719057],[-71.542850980066,-32.94048877305886],[-71.5433447965541,-32.94005271415749],[-71.54327706986989,-32.93999317396709]]],[[[-71.54183866228412,-32.93857490974484],[-71.54223730675945,-32.93866052425386],[-71.54231064521923,-32.938086862487275],[-71.54314460250144,-32.93797108988121],[-71.54343933884786,-32.93821005047747],[-71.54298203977437,-32.93871633271604],[-71.54256741606677,-32.93842247862102],[-71.54250695944818,-32.938480785709324],[-71.54293605860825,-32.938762757187455],[-71.54244604379043,-32.939276894252465],[-71.54167247485488,-32.93884170089798],[-71.54183866228412,-32.93857490974484]]],[[[-71.54256012623824,-32.939363424080085],[-71.54306436318363,-32.93884676341961],[-71.5438714150248,-32.939408083314184],[-71.54329580603175,-32.93983999967692],[-71.54332244197825,-32.93990120609692],[-71.54256012623824,-32.939363424080085]]],[[[-71.54200890291192,-32.93991430969044],[-71.54251753172073,-32.93940506165261],[-71.54327895902692,-32.93993617815947],[-71.54272011439373,-32.94042740646509],[-71.54200890291192,-32.93991430969044]]]]}},{"type":"Feature","properties":{"comuna":"Concon","zona":"ZCS-1 V1","zona_code":"ZCS-1 V1","nombre":"ZCS-1 Sub-Zona Centro Servicio 1 V1","decreto":""},"geometry":{"type":"Polygon","coordinates":[[[-71.54483608436738,-32.93734307696285],[-71.54555249799297,-32.9372147482498],[-71.54617420223819,-32.93813166184099],[-71.54557638689133,-32.93812128641461],[-71.5453950484765,-32.93798852201365],[-71.54520285481978,-32.9381626237586],[-71.54484185334812,-32.93765367323401],[-71.54483608436738,-32.93734307696285]]]}},{"type":"Feature","properties":{"comuna":"Concon","zona":"ZRDM","zona_code":"ZRDM","nombre":"ZRDM  Zona Residencial Densidad Media","decreto":""},"geometry":{"type":"MultiPolygon","coordinates":[[[[-71.45968172072045,-32.93715557406491],[-71.46056474667844,-32.93510961328067],[-71.46073631681287,-32.93436236847289],[-71.46102778778321,-32.93380240835491],[-71.46213126749844,-32.933620044460696],[-71.4628054540175,-32.933133142270215],[-71.46497340410673,-32.93339644694633],[-71.46514333481575,-32.93475488030813],[-71.46511175813522,-32.9351425719459],[-71.4640227314146,-32.935322654287084],[-71.46348868477482,-32.9351205982472],[-71.4629941379564,-32.93518825415104],[-71.46222473450881,-32.936724491255305],[-71.46175033510559,-32.9366664355759],[-71.46189325437234,-32.93824419239169],[-71.46106309696377,-32.93802259465279],[-71.46097054713331,-32.939043388067255],[-71.46052033037752,-32.93900131079432],[-71.45993733543624,-32.93872013847113],[-71.45968172072045,-32.93715557406491]]],[[[-71.46272578063831,-32.93849905911077],[-71.46254005395332,-32.93815118681894],[-71.4624156750157,-32.936854484601795],[-71.46304896213819,-32.93541526776897],[-71.46324476522571,-32.9352934073487],[-71.4639982586113,-32.935506094314135],[-71.46500367373854,-32.93539126528063],[-71.46530121732022,-32.93524093971029],[-71.46533710052424,-32.935004413873855],[-71.46607248207708,-32.935869019577446],[-71.4658190071483,-32.9362089408024],[-71.46531645184912,-32.93687309836134],[-71.46441578657222,-32.9377832550815],[-71.46272578063831,-32.93849905911077]]],[[[-71.46213675710314,-32.93337442380649],[-71.46199340395012,-32.933473248928024],[-71.4610496455907,-32.933595103562524],[-71.46077933892845,-32.93377788142975],[-71.46011235869462,-32.93565776973959],[-71.45884488882933,-32.93533576685233],[-71.45869599486763,-32.93516198524613],[-71.45900536477,-32.9330301104151],[-71.46213675710314,-32.93337442380649]]],[[[-71.46232729606311,-32.93842039027375],[-71.46233499732003,-32.93820423400153],[-71.46246275032985,-32.93847589204385],[-71.46232729606311,-32.93842039027375]]],[[[-71.4623238456341,-32.93812293825014],[-71.46226391812318,-32.937438045850605],[-71.46230151621108,-32.937810014764466],[-71.4623238456341,-32.93812293825014]]]]}},{"type":"Feature","properties":{"comuna":"Concon","zona":"ZRDM","zona_code":"ZRDM","nombre":"ZRDM  Zona Residencial Densidad Media","decreto":""},"geometry":{"type":"MultiPolygon","coordinates":[[[[-71.45349514193633,-32.9349792780942],[-71.45405082988962,-32.93467313580278],[-71.45425620093324,-32.93374370838706],[-71.45514590047549,-32.93340961860591],[-71.45547398228524,-32.93262966147273],[-71.45879424001699,-32.933036836509345],[-71.45836418954102,-32.93553520773474],[-71.45937154233431,-32.93607469581609],[-71.45950070210586,-32.93665673851558],[-71.45938942689331,-32.93706388068915],[-71.45881609423121,-32.937743505319425],[-71.45882687850619,-32.93851425804236],[-71.45855360291193,-32.93883436231437],[-71.45827246795724,-32.937741044518745],[-71.45798510677932,-32.93766892056191],[-71.45824579068824,-32.93622194994721],[-71.45781289794273,-32.936167038601724],[-71.45756605437737,-32.937589092960586],[-71.45687637102135,-32.937746407164234],[-71.45647030466516,-32.93752223503669],[-71.45445545894137,-32.937430546564606],[-71.45414304285187,-32.936815777107],[-71.45401490805804,-32.936269747134574],[-71.45349598186114,-32.9352661304534],[-71.45349514193633,-32.9349792780942]]],[[[-71.45350775068968,-32.934790219316035],[-71.45370493628444,-32.93391193990567],[-71.45387974484545,-32.933603261378245],[-71.45413213460935,-32.93338026925046],[-71.45463866944525,-32.93316814188978],[-71.45503461358483,-32.932696544960066],[-71.4552665361333,-32.932582775370776],[-71.45494533541863,-32.933347384570524],[-71.45411630629405,-32.93359902036972],[-71.45398087179024,-32.933757552523446],[-71.45387111113725,-32.93457518735639],[-71.45350775068968,-32.934790219316035]]]]}},{"type":"Feature","properties":{"comuna":"Concon","zona":"ZE","zona_code":"ZE","nombre":"ZE Zona de Equipamiento","decreto":""},"geometry":{"type":"MultiPolygon","coordinates":[[[[-71.45044218151065,-32.935172111464325],[-71.45074368217114,-32.935190408167735],[-71.45099868603252,-32.934594180831795],[-71.45297315428094,-32.93459417178441],[-71.45331171673512,-32.93496060588227],[-71.45332268696136,-32.9353901735729],[-71.4539070024261,-32.93653056882216],[-71.45401386601232,-32.93698785761739],[-71.45423933865705,-32.93730622132291],[-71.45425828682136,-32.93762851709745],[-71.45392031276367,-32.93811492937325],[-71.45369068361413,-32.93828312769819],[-71.45292411524957,-32.938520197386026],[-71.4527665013414,-32.93891275485144],[-71.45234721986905,-32.939323620746855],[-71.45248274779766,-32.93970665659543],[-71.45248383835242,-32.940392424796165],[-71.45139890255959,-32.94068743711559],[-71.45162279955932,-32.940606820646785],[-71.45145084404763,-32.94005479568109],[-71.45120353335835,-32.9397335604461],[-71.44877608603466,-32.938479620156],[-71.44851007331945,-32.93805216939743],[-71.4485429426757,-32.937836779716775],[-71.44883323236147,-32.937525578688],[-71.44944000750496,-32.93721110980155],[-71.44962300151485,-32.93695683120457],[-71.44967110180673,-32.936604847689566],[-71.44949645584077,-32.935265127709364],[-71.4503070389593,-32.935163910064546],[-71.45010948505528,-32.93615463862858],[-71.45019067389235,-32.93701266185185],[-71.4503629447127,-32.9372183316613],[-71.4502715734719,-32.93678195430763],[-71.45029036802426,-32.93588183350238],[-71.45044218151065,-32.935172111464325]]],[[[-71.45037805796905,-32.93498353939309],[-71.44947788676554,-32.93508183721746],[-71.44917036739265,-32.93201823944908],[-71.4516290751899,-32.931625338482874],[-71.45295679595961,-32.93158456507212],[-71.45273074390151,-32.931904450892084],[-71.45243866836498,-32.93323710213027],[-71.45099093896151,-32.93390753153403],[-71.45037805796905,-32.93498353939309]]],[[[-71.4509827265632,-32.93441828595431],[-71.45216581408059,-32.933916739579416],[-71.45238573603518,-32.93394916338174],[-71.45278220479088,-32.93442018063091],[-71.4509827265632,-32.93441828595431]]]]}},{"type":"Feature","properties":{"comuna":"Concon","zona":"ZSR","zona_code":"ZSR","nombre":"ZSR Zona Servicio Ruta","decreto":""},"geometry":{"type":"MultiPolygon","coordinates":[[[[-71.46785237613325,-32.93614753504985],[-71.46668039718267,-32.936135586681324],[-71.46638743500895,-32.93592997240711],[-71.46535395651222,-32.93471466173743],[-71.46515013416416,-32.933236716102655],[-71.4678961016297,-32.93347737986471],[-71.46897349786234,-32.93341871210138],[-71.47201328359608,-32.93286558144129],[-71.47236819179516,-32.93247423213235],[-71.47324596530368,-32.93227231660932],[-71.47419167929546,-32.93210354665367],[-71.4747438629208,-32.932224730634914],[-71.47514773738772,-32.93218166769609],[-71.47513804187086,-32.933386595719846],[-71.4754231294128,-32.93446281649835],[-71.47539332959985,-32.93474037511599],[-71.47525342507922,-32.934915522946525],[-71.4693836470615,-32.93601419544806],[-71.46785237613325,-32.93614753504985]]],[[[-71.4588500424641,-32.93285753665208],[-71.45521190778423,-32.93238552263028],[-71.45348466488518,-32.93162649432487],[-71.46262853082227,-32.93271999024588],[-71.4588500424641,-32.93285753665208]]],[[[-71.45923416746949,-32.933022547422595],[-71.46165242682446,-32.932942590469715],[-71.46279035782914,-32.932901859134084],[-71.46213675710314,-32.93337442380649],[-71.45923416746949,-32.933022547422595]]],[[[-71.4628054540175,-32.933133142270215],[-71.4632699144604,-32.93279610896967],[-71.46482461165465,-32.932932945024525],[-71.46497340410673,-32.93339644694633],[-71.4628054540175,-32.933133142270215]]]]}},{"type":"Feature","properties":{"comuna":"Concon","zona":"ZAV","zona_code":"ZAV","nombre":"ZAV Zona Area Verde","decreto":""},"geometry":{"type":"Polygon","coordinates":[[[-71.54352055193942,-32.927599098537335],[-71.54448893312076,-32.92756425430211],[-71.54489318937168,-32.927648906798986],[-71.54353811040997,-32.92773082895516],[-71.54352055193942,-32.927599098537335]]]}},{"type":"Feature","properties":{"comuna":"Concon","zona":"ZE","zona_code":"ZE","nombre":"ZE Zona de Equipamiento","decreto":""},"geometry":{"type":"Polygon","coordinates":[[[-71.54638253053572,-32.938525728107344],[-71.5454977510663,-32.93851791226921],[-71.54535146132059,-32.938292164902755],[-71.5462887311487,-32.93831191677425],[-71.54638253053572,-32.938525728107344]]]}},{"type":"Feature","properties":{"comuna":"Concon","zona":"ZE","zona_code":"ZE","nombre":"ZE Zona de Equipamiento","decreto":""},"geometry":{"type":"Polygon","coordinates":[[[-71.55250639074333,-32.9405513450927],[-71.55220348601604,-32.940453489854754],[-71.55206497208744,-32.940235652830474],[-71.55259145042095,-32.940419587025524],[-71.55250639074333,-32.9405513450927]]]}},{"type":"Feature","properties":{"comuna":"Concon","zona":"ZVLM- V12","zona_code":"ZVLM- V12","nombre":"ZVLM-V12 Zona Vivienda Lomas Montemar  V12","decreto":""},"geometry":{"type":"MultiPolygon","coordinates":[[[[-71.53538124054354,-32.942732355912185],[-71.53555267413402,-32.942361398304385],[-71.53547071454246,-32.941798134034144],[-71.53552579294747,-32.94165848385977],[-71.53583832941122,-32.94153525619388],[-71.53637292132838,-32.941613726248875],[-71.53697231501519,-32.94205964731505],[-71.53728423882791,-32.94213977921953],[-71.53742022489732,-32.94342343053269],[-71.53691904941041,-32.94338974369615],[-71.53538124054354,-32.942732355912185]]],[[[-71.53448297466674,-32.94235090727637],[-71.53384443419648,-32.942044676666114],[-71.53466157950817,-32.940747910161996],[-71.53520929491332,-32.94059116596684],[-71.5363460446334,-32.94075207393035],[-71.5370357926681,-32.94075137054526],[-71.53726694715702,-32.942070020771546],[-71.53702545036424,-32.942007711410604],[-71.53642500475024,-32.941559063265196],[-71.53574976271074,-32.94147287257488],[-71.53540488420181,-32.94170650804472],[-71.53546559684028,-32.94236178052276],[-71.53531114859517,-32.94270354942822],[-71.53461350796236,-32.942405810258904],[-71.53475794089039,-32.94223986936356],[-71.535169627107,-32.94241495484726],[-71.53516028193309,-32.941594885058784],[-71.5354368282933,-32.94132475116535],[-71.53568515138393,-32.941291121578864],[-71.53569587457348,-32.94087851503447],[-71.53510966366346,-32.94078740903414],[-71.53479163040848,-32.94091967995553],[-71.53414744492498,-32.94197348500642],[-71.53456760225471,-32.94215188810803],[-71.53448297466674,-32.94235090727637]]],[[[-71.53455988303149,-32.94138907012625],[-71.53486661817513,-32.94090257408347],[-71.53504470379032,-32.940832040408864],[-71.5356479269952,-32.94097151924665],[-71.5356522712479,-32.9411452117863],[-71.53551875734217,-32.941251935043],[-71.53518642380618,-32.94112988062177],[-71.5354174731922,-32.94128553298089],[-71.53517430912625,-32.94149341607412],[-71.53504980172956,-32.94179903794488],[-71.53477147670507,-32.941757019278626],[-71.53505728559419,-32.94188278270962],[-71.53508702252505,-32.9423122534514],[-71.53422558847323,-32.94195649015944],[-71.53451933757113,-32.94144272149431],[-71.53477810178029,-32.941540013236086],[-71.53455988303149,-32.94138907012625]]],[[[-71.53458244601646,-32.94235205770104],[-71.53462443506947,-32.9422130167856],[-71.5346530185635,-32.942214366991216],[-71.53458244601646,-32.94235205770104]]],[[[-71.53549219415922,-32.94215228540501],[-71.53545677268924,-32.94203559913525],[-71.53546161999851,-32.94202630523837],[-71.53548010553044,-32.94203744012282],[-71.53549219415922,-32.94215228540501]]]]}},{"type":"Feature","properties":{"comuna":"Concon","zona":"ZCS-1","zona_code":"ZCS-1","nombre":"ZCS-1 Zona Centro Servicio 1","decreto":""},"geometry":{"type":"MultiPolygon","coordinates":[[[[-71.52666228492234,-32.95121355332873],[-71.52726692117714,-32.950942110058385],[-71.52788622961549,-32.950810858206076],[-71.5285451447747,-32.95192073973035],[-71.529572174266,-32.95282117290971],[-71.53012790803336,-32.95364494669443],[-71.52887851855978,-32.95400196624259],[-71.52826505276406,-32.95317309564102],[-71.52748828133451,-32.95255005720072],[-71.52666228492234,-32.95121355332873]]],[[[-71.52505044589287,-32.95190780902909],[-71.52618897248061,-32.95142603691932],[-71.52703608648847,-32.9527916897913],[-71.52785298117018,-32.953460293763385],[-71.52837409027323,-32.95415380140204],[-71.52715235363905,-32.954521557980485],[-71.52677591461926,-32.95406828104245],[-71.52591690242545,-32.953320600199454],[-71.52505044589287,-32.95190780902909]]]]}},{"type":"Feature","properties":{"comuna":"Concon","zona":"ZVLM-2","zona_code":"ZVLM-2","nombre":"ZVLM-2 Zona Vivienda Lomas Montemar 2","decreto":""},"geometry":{"type":"MultiPolygon","coordinates":[[[[-71.52045744338848,-32.9547912776783],[-71.5228975398897,-32.95298020202592],[-71.52348093098803,-32.952614745646635],[-71.52505044589287,-32.95190780902909],[-71.52591690242545,-32.953320600199454],[-71.52677591461926,-32.95406828104245],[-71.52715235363905,-32.954521557980485],[-71.52182722058487,-32.956124307619255],[-71.52045744338848,-32.9547912776783]]],[[[-71.51447029508903,-32.95724464861741],[-71.51729369553546,-32.95639374277979],[-71.52024229687795,-32.95492494399233],[-71.521550524206,-32.95620757977171],[-71.51493459832678,-32.958198422281214],[-71.51447029508903,-32.95724464861741]]]]}},{"type":"Feature","properties":{"comuna":"Concon","zona":"ZRDB","zona_code":"ZRDB","nombre":"ZRDB  Zona Residencial Densidad Baja","decreto":""},"geometry":{"type":"Polygon","coordinates":[[[-71.45855360291193,-32.93883436231437],[-71.45818742444929,-32.939246187546196],[-71.45812801526628,-32.93947783556917],[-71.45818573920982,-32.93974950854676],[-71.45840552372218,-32.939951201938555],[-71.45854302974104,-32.94025531304597],[-71.45850437433606,-32.940505060277516],[-71.45833737932135,-32.940722197022275],[-71.45745944231946,-32.94061775517328],[-71.45798510677932,-32.93766892056191],[-71.45827246795724,-32.937741044518745],[-71.45855360291193,-32.93883436231437]]]}},{"type":"Feature","properties":{"comuna":"Concon","zona":"ZRDB","zona_code":"ZRDB","nombre":"ZRDB  Zona Residencial Densidad Baja","decreto":""},"geometry":{"type":"Polygon","coordinates":[[[-71.45855256356114,-32.939089975965544],[-71.45858742088912,-32.9399252216855],[-71.4591368844158,-32.939639280831436],[-71.45944285778809,-32.93915179206375],[-71.4600225047083,-32.938974156422326],[-71.46049099140035,-32.93908583624406],[-71.46109182059499,-32.94036968945565],[-71.46164384432021,-32.94110683034355],[-71.45842166105793,-32.940732241936935],[-71.45856975911231,-32.94056414326127],[-71.45865106293373,-32.94019660002118],[-71.45830569304634,-32.93973021461657],[-71.45826448552761,-32.939450689636466],[-71.4582929423592,-32.93930996143537],[-71.45855256356114,-32.939089975965544]]]}},{"type":"Feature","properties":{"comuna":"Concon","zona":"ZAV","zona_code":"ZAV","nombre":"ZAV Zona Area Verde","decreto":""},"geometry":{"type":"Polygon","coordinates":[[[-71.46198062721182,-32.942476433897816],[-71.46194325819431,-32.94206932719745],[-71.46213626931794,-32.94180778303583],[-71.4621152783847,-32.942033362357904],[-71.46246192837137,-32.942932669689476],[-71.46219536768386,-32.942453110311604],[-71.46198062721182,-32.942476433897816]]]}},{"type":"Feature","properties":{"comuna":"Concon","zona":"ZRDB","zona_code":"ZRDB","nombre":"ZRDB  Zona Residencial Densidad Baja","decreto":""},"geometry":{"type":"Polygon","coordinates":[[[-71.46052033037752,-32.93900131079432],[-71.46097054713331,-32.939043388067255],[-71.46106309696377,-32.93802259465279],[-71.46189325437234,-32.93824419239169],[-71.46187327134884,-32.94113317739532],[-71.46175406131738,-32.94112016671131],[-71.46122199815775,-32.94039722637988],[-71.46067182316536,-32.939102108642885],[-71.46052033037752,-32.93900131079432]]]}},{"type":"Feature","properties":{"comuna":"Concon","zona":"ZAV","zona_code":"ZAV","nombre":"ZAV Zona Area Verde","decreto":""},"geometry":{"type":"Polygon","coordinates":[[[-71.45818742444929,-32.939246187546196],[-71.45883691538286,-32.93849546821204],[-71.45881609423121,-32.937743505319425],[-71.45938942689331,-32.93706388068915],[-71.45950070210586,-32.93665673851558],[-71.45937154233431,-32.93607469581609],[-71.45836418954102,-32.93553520773474],[-71.45846742393346,-32.934964809128246],[-71.45850224173554,-32.935243990163976],[-71.45875655209755,-32.935502465596834],[-71.46026212402214,-32.935862514602356],[-71.45968172072045,-32.93715557406491],[-71.45993733543624,-32.93872013847113],[-71.46067182316536,-32.939102108642885],[-71.46122199815775,-32.94039722637988],[-71.46175406131738,-32.94112016671131],[-71.46187327134884,-32.94113317739532],[-71.46189333252578,-32.93823281803772],[-71.46175033510559,-32.9366664355759],[-71.46222473450881,-32.936724491255305],[-71.46233499732003,-32.93820423400153],[-71.4623004939283,-32.941494269477374],[-71.4625159548492,-32.94157082770591],[-71.45697094565448,-32.940926308951255],[-71.45781289794273,-32.936167038601724],[-71.45824579068824,-32.93622194994721],[-71.45745944231946,-32.94061775517328],[-71.45833737932135,-32.940722197022275],[-71.45850437433606,-32.940505060277516],[-71.45854302974104,-32.94025531304597],[-71.45840552372218,-32.939951201938555],[-71.45818573920982,-32.93974950854676],[-71.45812801526628,-32.93947783556917],[-71.45818742444929,-32.939246187546196]],[[-71.46060268073624,-32.93919777753131],[-71.45965705747433,-32.93868292152653],[-71.45880268687559,-32.93862166375103],[-71.45826448552761,-32.939450689636466],[-71.45830569304634,-32.93973021461657],[-71.45865106293373,-32.94019660002118],[-71.45856975911231,-32.94056414326127],[-71.45842166105793,-32.940732241936935],[-71.46164384432021,-32.94110683034355],[-71.46109182059499,-32.94036968945565],[-71.46060268073624,-32.93919777753131]]]}},{"type":"Feature","properties":{"comuna":"Concon","zona":"ZEP","zona_code":"ZEP","nombre":"ZEP Zona Espacios Publicos","decreto":""},"geometry":{"type":"Polygon","coordinates":[[[-71.52323649939923,-32.92710846175934],[-71.52277466113861,-32.92712765212714],[-71.52276236859227,-32.92677759446222],[-71.5232087154058,-32.92671679291511],[-71.52323649939923,-32.92710846175934]]]}},{"type":"Feature","properties":{"comuna":"Concon","zona":"ZEP","zona_code":"ZEP","nombre":"ZEP Zona Espacios Publicos","decreto":""},"geometry":{"type":"Polygon","coordinates":[[[-71.5103187624445,-32.92381846196762],[-71.51134717084976,-32.92379735411081],[-71.51134671899717,-32.92470397700303],[-71.51034476418042,-32.92472271396466],[-71.5103187624445,-32.92381846196762]]]}},{"type":"Feature","properties":{"comuna":"Concon","zona":"ZAV","zona_code":"ZAV","nombre":"ZAV Zona Area Verde","decreto":""},"geometry":{"type":"Polygon","coordinates":[[[-71.52240177495574,-32.92905704060866],[-71.52263957787608,-32.92893573994241],[-71.52360560547136,-32.93027737289387],[-71.52326655882526,-32.930342199781165],[-71.52240177495574,-32.92905704060866]]]}},{"type":"Feature","properties":{"comuna":"Concon","zona":"ZAV","zona_code":"ZAV","nombre":"ZAV Zona Area Verde","decreto":""},"geometry":{"type":"Polygon","coordinates":[[[-71.5206362296896,-32.92654193875199],[-71.5212361336195,-32.92739202350665],[-71.52111324588526,-32.92756592216898],[-71.52128532356782,-32.92784384399233],[-71.52050944775861,-32.92822848129472],[-71.51967198075859,-32.92702456275849],[-71.5206362296896,-32.92654193875199]]]}},{"type":"Feature","properties":{"comuna":"Concon","zona":"ZEP","zona_code":"ZEP","nombre":"ZEP Zona Espacios Publicos","decreto":""},"geometry":{"type":"Polygon","coordinates":[[[-71.5282250831238,-32.9325914685955],[-71.52854103947385,-32.932354674801246],[-71.52909574467023,-32.932758946833424],[-71.52879689403983,-32.93302094148346],[-71.5282250831238,-32.9325914685955]]]}},{"type":"Feature","properties":{"comuna":"Concon","zona":"ZEP","zona_code":"ZEP","nombre":"ZEP Zona Espacios Publicos","decreto":""},"geometry":{"type":"Polygon","coordinates":[[[-71.52470513798924,-32.93537920899627],[-71.5250458042978,-32.93480546939944],[-71.52559809931425,-32.93493333190012],[-71.52537395976941,-32.935674890197056],[-71.52470513798924,-32.93537920899627]]]}},{"type":"Feature","properties":{"comuna":"Concon","zona":"ZVLM- V6","zona_code":"ZVLM- V6","nombre":"ZVLM-V6 Zona Vivienda Lomas Montemar  V6","decreto":""},"geometry":{"type":"MultiPolygon","coordinates":[[[[-71.53319647848373,-32.94295496184499],[-71.53363391221302,-32.94238694888277],[-71.53724507946806,-32.94389508937488],[-71.53745330895092,-32.94410921137152],[-71.53749764709839,-32.94445683481955],[-71.53649198223951,-32.94458889972422],[-71.53319647848373,-32.94295496184499]]],[[[-71.5374436448751,-32.94738321611182],[-71.5371844557628,-32.94589613970647],[-71.5366190282752,-32.94472255281944],[-71.53666754897864,-32.9446463508815],[-71.5375097662699,-32.94452620540612],[-71.53858876689364,-32.94748906793998],[-71.5374436448751,-32.94738321611182]]]]}},{"type":"Feature","properties":{"comuna":"Concon","zona":"ZVLM- V11","zona_code":"ZVLM- V11","nombre":"ZVLM-V11 Zona Vivienda Lomas Montemar  V11","decreto":""},"geometry":{"type":"MultiPolygon","coordinates":[[[[-71.52622731167861,-32.941766979640306],[-71.52843103717406,-32.94144798440183],[-71.52961129140503,-32.94148711506299],[-71.52960299276843,-32.94162296967854],[-71.52943979493246,-32.941658202659426],[-71.5297906220852,-32.94167611052239],[-71.52964653860184,-32.941624038692716],[-71.52965234171856,-32.94148935034639],[-71.5314144185894,-32.94161311032174],[-71.5312124279062,-32.94226836539871],[-71.52853123615915,-32.94212575923239],[-71.52619754779829,-32.94246962936394],[-71.52611198775908,-32.94225759843839],[-71.52622731167861,-32.941766979640306]]],[[[-71.52187315863188,-32.943467983681856],[-71.52141947887065,-32.942737202601634],[-71.5231044847817,-32.94247800574053],[-71.52614972598415,-32.94177669649528],[-71.52604611250266,-32.94213604824615],[-71.52609342137877,-32.9425287042501],[-71.5231052249935,-32.943120134706525],[-71.52187315863188,-32.943467983681856]]],[[[-71.52068803463372,-32.941535610521896],[-71.52162621804847,-32.94151445110465],[-71.52232007138404,-32.94179126461377],[-71.52238551814405,-32.94164508123104],[-71.5234437613965,-32.941432682691506],[-71.5237663850426,-32.94193779152685],[-71.5212197061279,-32.942392044372255],[-71.52068803463372,-32.941535610521896]]],[[[-71.5286833460896,-32.941080481776154],[-71.52879863497482,-32.940489353560594],[-71.53168077625767,-32.94070774030434],[-71.53151022930435,-32.94125876379512],[-71.5286833460896,-32.941080481776154]]],[[[-71.53158786620277,-32.94127332069058],[-71.53182321941733,-32.94069678769545],[-71.53304786120313,-32.9408718528638],[-71.53298323280833,-32.94110470888839],[-71.53269096413402,-32.94106885523269],[-71.53296340878664,-32.94114204392883],[-71.53290714460546,-32.9413516062747],[-71.53261689714053,-32.94132742370972],[-71.53309231613159,-32.94147038398404],[-71.53295332968916,-32.94137361235033],[-71.5330045651014,-32.94118646252694],[-71.53331428085515,-32.941236089742596],[-71.53303665471996,-32.94112072006874],[-71.53311796482959,-32.94089229548076],[-71.53401691612093,-32.94125503278456],[-71.5338778308638,-32.941489988137164],[-71.53341551200451,-32.94128771700474],[-71.53355696072917,-32.94141703645062],[-71.53345539181325,-32.94158716674358],[-71.53319955611191,-32.9415389329126],[-71.53343639693657,-32.94164280524161],[-71.53360778291635,-32.941460149926826],[-71.53383807951417,-32.941558339531504],[-71.53357234078514,-32.94194956722545],[-71.53158786620277,-32.94127332069058]]],[[[-71.52628885436042,-32.94075940481584],[-71.52809597365791,-32.94045223913687],[-71.52857921787343,-32.94047365362599],[-71.52863207743968,-32.940570047787965],[-71.52861121047395,-32.941072605852334],[-71.52814253603403,-32.94107164916164],[-71.52628636872204,-32.941379598243195],[-71.52628885436042,-32.94075940481584]]],[[[-71.53295040207965,-32.94285668784908],[-71.53135648623673,-32.942302925658865],[-71.53148441531636,-32.941628271023674],[-71.53337518303816,-32.942276702592494],[-71.53295040207965,-32.94285668784908]]],[[[-71.52393360553442,-32.94189285614009],[-71.52367650590348,-32.94136491621937],[-71.52496046254919,-32.94109543072541],[-71.52535911780429,-32.94068146022263],[-71.52596027398567,-32.9407828562572],[-71.52592993518358,-32.94102958943946],[-71.52560268880706,-32.941503311631],[-71.52393360553442,-32.94189285614009]]],[[[-71.52932559121209,-32.94045363686498],[-71.52934797094075,-32.94013788544965],[-71.53180545523259,-32.94030374434502],[-71.53167081933107,-32.940601142291726],[-71.52932559121209,-32.94045363686498]]],[[[-71.5336385124856,-32.9406181916798],[-71.53346263492938,-32.940872668578265],[-71.53179529708336,-32.94057343278845],[-71.5318735457345,-32.94031639855456],[-71.5336385124856,-32.9406181916798]]],[[[-71.52383120118532,-32.941920374496775],[-71.52356347538286,-32.9414686387287],[-71.5235665161801,-32.9414500734315],[-71.52375501686268,-32.94169553218901],[-71.52383120118532,-32.941920374496775]]],[[[-71.52869264814434,-32.94057725203377],[-71.5286716733808,-32.94049709006516],[-71.52870743441393,-32.940484226297755],[-71.52869264814434,-32.94057725203377]]],[[[-71.53385261605212,-32.94153334282247],[-71.53374727780525,-32.941490837771006],[-71.53386239601059,-32.9415165273166],[-71.53385261605212,-32.94153334282247]]]]}},{"type":"Feature","properties":{"comuna":"Concon","zona":"ZRM-2","zona_code":"ZRM-2","nombre":"ZRM-2 Zona Residencial Mixta 2","decreto":""},"geometry":{"type":"MultiPolygon","coordinates":[[[[-71.52282016619765,-32.93064560502701],[-71.52340151812028,-32.93077475907886],[-71.52494741901126,-32.933047689789994],[-71.52482197646835,-32.933106537996146],[-71.52459920505767,-32.93280037489749],[-71.5243760572529,-32.93290660533126],[-71.52410959088849,-32.93254961519674],[-71.52394224283589,-32.93262010873117],[-71.52368628496366,-32.932244532869426],[-71.52338624496382,-32.93238622155808],[-71.52326344975607,-32.93222128876723],[-71.52307936339479,-32.93230471990332],[-71.52252977500227,-32.9317697356793],[-71.52238766691421,-32.9318574332146],[-71.52230116813551,-32.93168952425897],[-71.52212703870083,-32.931756661792015],[-71.52201988495881,-32.93152554620911],[-71.5218649085043,-32.93160290097029],[-71.52173965730255,-32.931398658196876],[-71.5218069213544,-32.9313749396215],[-71.5217036968434,-32.93118884154938],[-71.52282016619765,-32.93064560502701]]],[[[-71.52088026781631,-32.930963511276204],[-71.5205964567804,-32.93059781234024],[-71.52041350499132,-32.930679625454275],[-71.520265221884,-32.93045243305172],[-71.52045197534336,-32.93035918705822],[-71.52000499970913,-32.93000485575966],[-71.52012896721833,-32.929889736084654],[-71.51994276083298,-32.92974810070049],[-71.5200296306159,-32.92964911307915],[-71.51982030967996,-32.92952861320998],[-71.52077222653878,-32.92895777625125],[-71.52096530862933,-32.9292323557695],[-71.52073587171922,-32.929408067183125],[-71.52099919937004,-32.92927595623376],[-71.52132012070867,-32.92972716164409],[-71.5209097011166,-32.92996108148338],[-71.52133531930495,-32.92974666962762],[-71.52158937185047,-32.930109137478695],[-71.52057952263898,-32.930584058187264],[-71.52160367213146,-32.93013016164517],[-71.52185074656384,-32.930473641862626],[-71.52088026781631,-32.930963511276204]]],[[[-71.52168546014482,-32.928038080285994],[-71.52295022338618,-32.929821046178745],[-71.52326655882526,-32.930342199781165],[-71.52305732143266,-32.930372728622515],[-71.52255388488616,-32.929636001932884],[-71.52264478900304,-32.92958878701196],[-71.52252184467494,-32.929593894548695],[-71.52229791533586,-32.92927585896856],[-71.52235640823727,-32.9291804990416],[-71.52226477289179,-32.92922588649807],[-71.52215788954263,-32.92908002541379],[-71.52222072040855,-32.9292456486882],[-71.52149039547245,-32.92961283556034],[-71.52118564291064,-32.92918424564143],[-71.52200051009476,-32.928774799924796],[-71.52196759672104,-32.92872271597509],[-71.52115402311094,-32.9291374677966],[-71.5209600939091,-32.9288618029815],[-71.52179604545125,-32.928445246297215],[-71.52162067454486,-32.92818796795741],[-71.52168546014482,-32.928038080285994]]],[[[-71.52098618817146,-32.93094107284179],[-71.52186646258974,-32.930496202560995],[-71.52209770960512,-32.9308284772046],[-71.52121520377169,-32.93127133571192],[-71.52098618817146,-32.93094107284179]]],[[[-71.52179764085919,-32.930046699806624],[-71.52252995466533,-32.92968023328824],[-71.52275888043401,-32.92999795300176],[-71.52203440442874,-32.93038085054415],[-71.52179764085919,-32.930046699806624]]],[[[-71.52151909305253,-32.92965391675414],[-71.52225484201631,-32.92929024290975],[-71.522484696643,-32.929619327423204],[-71.52175631116961,-32.92998558986316],[-71.52151909305253,-32.92965391675414]]],[[[-71.52337143893132,-32.93050700789842],[-71.52397734630225,-32.93141251928776],[-71.52504281021297,-32.93300294063844],[-71.52490707746847,-32.93292587285349],[-71.52343799960228,-32.930737864510846],[-71.52289063274347,-32.93061026511718],[-71.52337143893132,-32.93050700789842]]],[[[-71.5228223733583,-32.9300849518396],[-71.52300132405111,-32.93036365969541],[-71.5224677589083,-32.930616515632444],[-71.52224568548861,-32.930306692365434],[-71.5228223733583,-32.9300849518396]]],[[[-71.52161034661404,-32.931102700316586],[-71.52211267643607,-32.93084998299369],[-71.52215876719666,-32.93091621488],[-71.5216585457206,-32.93116765251333],[-71.52161034661404,-32.931102700316586]]],[[[-71.52168546014482,-32.928038080285994],[-71.52167203212797,-32.928020306890396],[-71.52167206806057,-32.928020288794286],[-71.52168546014482,-32.928038080285994]]]]}},{"type":"Feature","properties":{"comuna":"Concon","zona":"ZE","zona_code":"ZE","nombre":"ZE Zona de Equipamiento","decreto":""},"geometry":{"type":"MultiPolygon","coordinates":[[[[-71.51460813617949,-32.93709909513041],[-71.51450895857886,-32.936362395813546],[-71.51427115116697,-32.93425765447602],[-71.51691448431467,-32.93541163980189],[-71.51731488858964,-32.936839721156204],[-71.51460813617949,-32.93709909513041]]],[[[-71.51721224618696,-32.93535778648802],[-71.51742433483227,-32.93504210508988],[-71.51900092396998,-32.935730787246264],[-71.51878189314415,-32.936088167143325],[-71.51721224618696,-32.93535778648802]]]]}},{"type":"Feature","properties":{"comuna":"Concon","zona":"ZTR-M2","zona_code":"ZTR-M2","nombre":"ZTR-M2 Sub-Zona Turístico Residencial Mirador 2","decreto":""},"geometry":{"type":"Polygon","coordinates":[[[-71.53657913948331,-32.93129405831182],[-71.53692421202835,-32.93122312565976],[-71.53694186841527,-32.932166722517884],[-71.53662653459772,-32.932183414642644],[-71.53657913948331,-32.93129405831182]]]}},{"type":"Feature","properties":{"comuna":"Concon","zona":"ZLM-1","zona_code":"ZLM-1","nombre":"ZLM-1 Zona Litoral Maritimo 1","decreto":""},"geometry":{"type":"Polygon","coordinates":[[[-71.55310379286516,-32.93930748936968],[-71.55338668582284,-32.939428544363345],[-71.55311552216781,-32.93968565656841],[-71.55329596136906,-32.93974292092758],[-71.55320581004038,-32.93982447227105],[-71.55324563954346,-32.9399415075001],[-71.553539290725,-32.9397412811848],[-71.5536879969388,-32.93984040075382],[-71.55323694744476,-32.940122651363744],[-71.55328788461634,-32.940231795121456],[-71.55312361149696,-32.94043920347399],[-71.55332374087088,-32.94046351444465],[-71.5529208078384,-32.94061935946664],[-71.55299869357017,-32.940892921213546],[-71.55275156973045,-32.94090412710682],[-71.55272905884775,-32.94068507214172],[-71.55305672653415,-32.9402097435276],[-71.55310379286516,-32.93930748936968]]]}},{"type":"Feature","properties":{"comuna":"Concon","zona":"ZLM-1","zona_code":"ZLM-1","nombre":"ZLM-1 Zona Litoral Maritimo 1","decreto":""},"geometry":{"type":"Polygon","coordinates":[[[-71.55254590763268,-32.93832961949561],[-71.55250338138711,-32.93840390137554],[-71.55322984805909,-32.93826569939341],[-71.5532247725777,-32.93842017013026],[-71.55342943215564,-32.93828614412068],[-71.55355330893501,-32.93831391314624],[-71.55355005793199,-32.93843515948679],[-71.55304311795591,-32.938640107507965],[-71.55286618128598,-32.93883452063599],[-71.55335223902496,-32.93886650913592],[-71.55340135081987,-32.938975419977595],[-71.55315422877676,-32.93909426571493],[-71.55346801389878,-32.93907738867851],[-71.55310379286516,-32.93930748936968],[-71.55296711149973,-32.93905427378292],[-71.55252652378547,-32.93871032327155],[-71.5524228528118,-32.93837199563904],[-71.55254590763268,-32.93832961949561]]]}},{"type":"Feature","properties":{"comuna":"Concon","zona":"ZLM-1","zona_code":"ZLM-1","nombre":"ZLM-1 Zona Litoral Maritimo 1","decreto":""},"geometry":{"type":"Polygon","coordinates":[[[-71.5511452670181,-32.93710150317403],[-71.5512522958943,-32.93703069279188],[-71.55134659743958,-32.9371415645965],[-71.55160598957112,-32.93710408688264],[-71.55165013637743,-32.93724843517697],[-71.55180874651725,-32.937186765517914],[-71.5522702227568,-32.937267324790454],[-71.5523440768496,-32.93746724759826],[-71.55245047600678,-32.93740790470319],[-71.55257093379817,-32.93748424933939],[-71.5523517062413,-32.93756871366351],[-71.55259394234754,-32.93755185593795],[-71.552418844529,-32.93768735773225],[-71.55273967513777,-32.93767790731646],[-71.55246978798877,-32.9379011811302],[-71.55295340590342,-32.937866858142556],[-71.5524228528118,-32.93837199563904],[-71.55232511341394,-32.93783500423289],[-71.55205387430043,-32.937460196145715],[-71.5511452670181,-32.93710150317403]]]}},{"type":"Feature","properties":{"comuna":"Concon","zona":"ZLM-1","zona_code":"ZLM-1","nombre":"ZLM-1 Zona Litoral Maritimo 1","decreto":""},"geometry":{"type":"Polygon","coordinates":[[[-71.55013688385715,-32.9358581628733],[-71.55044769375894,-32.9356616118154],[-71.55063209003899,-32.935831414662744],[-71.55064192120145,-32.935678559620015],[-71.55077018355604,-32.93569515306998],[-71.55082057185696,-32.93583405721564],[-71.550944630096,-32.93575668353652],[-71.55082784282088,-32.93575961032649],[-71.55087256993887,-32.93561550991024],[-71.55100220491921,-32.935579680416964],[-71.5509890041761,-32.93569599069644],[-71.55112643114322,-32.93570914693477],[-71.55083307460909,-32.936105121651615],[-71.55097999137885,-32.93632501125734],[-71.55094547810565,-32.93642220307896],[-71.55123986590573,-32.936389672370744],[-71.55105175868522,-32.93659342411921],[-71.55114785057285,-32.936651957084905],[-71.55096443974467,-32.93676633966285],[-71.55106619012027,-32.93681313232169],[-71.55098510997935,-32.936920014608006],[-71.55104457036632,-32.937035073112526],[-71.55078897541348,-32.93677519984886],[-71.55084923260608,-32.93646715783206],[-71.55072129723828,-32.936243279512176],[-71.55054285139867,-32.93604200363772],[-71.55013688385715,-32.9358581628733]]]}},{"type":"Feature","properties":{"comuna":"Concon","zona":"ZLM-1","zona_code":"ZLM-1","nombre":"ZLM-1 Zona Litoral Maritimo 1","decreto":""},"geometry":{"type":"Polygon","coordinates":[[[-71.55023778352817,-32.93428643279923],[-71.55057508474769,-32.934240585012915],[-71.5505304806989,-32.934299470122994],[-71.55065494048488,-32.93441197388378],[-71.55081948759042,-32.93439671091539],[-71.55083235595686,-32.934311787421585],[-71.55095478465198,-32.93456834074733],[-71.55068758436398,-32.93470255861609],[-71.5507032545758,-32.93448558653119],[-71.55059522048478,-32.934636277542346],[-71.55046339810673,-32.9345780975986],[-71.55055439205512,-32.934466416608224],[-71.5503974689514,-32.934474587914686],[-71.55032791150063,-32.93457690635958],[-71.55056018259545,-32.93478640208262],[-71.55044998176797,-32.93488459080392],[-71.55055127220614,-32.93491543398092],[-71.55024347076224,-32.93502226653837],[-71.55006850679267,-32.934904386411375],[-71.55023778352817,-32.93428643279923]]]}},{"type":"Feature","properties":{"comuna":"Concon","zona":"ZLM-1","zona_code":"ZLM-1","nombre":"ZLM-1 Zona Litoral Maritimo 1","decreto":""},"geometry":{"type":"Polygon","coordinates":[[[-71.54972266349311,-32.935301566515676],[-71.55006850679267,-32.934904386411375],[-71.55024347076224,-32.93502226653837],[-71.54990852312878,-32.93535802850342],[-71.54999512521375,-32.93560350115464],[-71.55029938999039,-32.935710531166976],[-71.55013688385715,-32.9358581628733],[-71.54985642892714,-32.93576533196692],[-71.54971139951779,-32.935541229457975],[-71.54972266349311,-32.935301566515676]]]}},{"type":"Feature","properties":{"comuna":"Concon","zona":"ZLM-2","zona_code":"ZLM-2","nombre":"ZLM-2 Zona Litoral Maritimo 2","decreto":""},"geometry":{"type":"Polygon","coordinates":[[[-71.53850007353068,-32.93041732981579],[-71.53850420847594,-32.930186936068374],[-71.53870992447264,-32.929962473345405],[-71.53800645916354,-32.92955712691275],[-71.53796040972544,-32.92941235061621],[-71.53819612675767,-32.929401435062104],[-71.53904770629083,-32.929761202782274],[-71.53925976529175,-32.929474484877105],[-71.53935457438514,-32.9295894150867],[-71.53951665651354,-32.929424538154606],[-71.53994461211826,-32.929493140905336],[-71.5402397041975,-32.92942360546565],[-71.54016267366191,-32.92910948024735],[-71.54044667064909,-32.92889818335188],[-71.54058108376842,-32.929265777315],[-71.54129505307814,-32.929086463028035],[-71.54145182795983,-32.92896874840984],[-71.54157033910201,-32.92882709194722],[-71.54146295000137,-32.92836372065349],[-71.54036176548169,-32.928649902295085],[-71.54018301421489,-32.92856915119793],[-71.54115278598827,-32.92825787307556],[-71.54199279162732,-32.92769394668981],[-71.54189729083114,-32.92727238842986],[-71.54152768080411,-32.927295786896586],[-71.5404196753765,-32.927701683559626],[-71.539721554145,-32.928126316109335],[-71.53953397962549,-32.92800076384195],[-71.53973233392841,-32.927817275827834],[-71.54173703767266,-32.927028076459585],[-71.54310861149959,-32.926779854999886],[-71.54340698422627,-32.926808584482835],[-71.5436220013794,-32.92668563471682],[-71.5436979485468,-32.926720516244806],[-71.54365850442097,-32.926836554663616],[-71.54382356087127,-32.9269179512702],[-71.5442818139556,-32.92672783019698],[-71.5443351163913,-32.92677092670528],[-71.54420398841096,-32.926989460424416],[-71.54440440255084,-32.927282481620765],[-71.54493844469904,-32.92696863683319],[-71.54522545733064,-32.927138255800735],[-71.54557429651166,-32.9269804756],[-71.5453225095173,-32.92713357263111],[-71.54548836097665,-32.92711197922718],[-71.54532750954017,-32.927270706985304],[-71.54547831871007,-32.92731370973184],[-71.54563891951656,-32.92721341494673],[-71.5459009077793,-32.927352885855186],[-71.54599559919339,-32.92725086895291],[-71.54598912323851,-32.92740915536612],[-71.54623631624851,-32.92740916592223],[-71.54619457513051,-32.9275083905467],[-71.5461196538392,-32.92742723350441],[-71.54602429857009,-32.92766650006138],[-71.54587191824677,-32.927688090313964],[-71.54593557825768,-32.92755532759473],[-71.54576467826645,-32.92733366085176],[-71.54553159419632,-32.92740811181646],[-71.54580894005714,-32.92794914842783],[-71.54618052098789,-32.9281861583497],[-71.54604281644136,-32.9282023204074],[-71.5456957388566,-32.92813612041938],[-71.54520314856887,-32.92757340268711],[-71.5447996334281,-32.927368758525205],[-71.543489799014,-32.92737467147294],[-71.5428829070895,-32.92753070393234],[-71.54201967371219,-32.92806203274336],[-71.54187847292258,-32.928294212978194],[-71.54175651674127,-32.92885716288096],[-71.54114597855505,-32.92937614538365],[-71.5405823396132,-32.92953906730547],[-71.53940010908858,-32.929659473665545],[-71.53909846290102,-32.92986774223134],[-71.53882779601433,-32.930287795987475],[-71.53850007353068,-32.93041732981579]]]}},{"type":"Feature","properties":{"comuna":"Concon","zona":"ZVCM-H5","zona_code":"ZVCM-H5","nombre":"ZVCM-H5 Zona Vivienda Costa Montemar H5","decreto":""},"geometry":{"type":"Polygon","coordinates":[[[-71.54432149164337,-32.93049173370042],[-71.54349114469028,-32.93009150097081],[-71.54331835284708,-32.92982357882871],[-71.54334812121895,-32.92959053853365],[-71.54365910000402,-32.92908909673448],[-71.54396385795573,-32.92891511058648],[-71.5442493407564,-32.92894210669148],[-71.54479430731678,-32.92922339002271],[-71.54506311199586,-32.92954317505217],[-71.5450356433111,-32.92980712150339],[-71.54468004251093,-32.93036551902157],[-71.54432149164337,-32.93049173370042]]]}},{"type":"Feature","properties":{"comuna":"Concon","zona":"ZTRS-M4","zona_code":"ZTRS-M4","nombre":"ZTRS Zona Turística Residencial Sur Mirador 4","decreto":""},"geometry":{"type":"Polygon","coordinates":[[[-71.54812043643722,-32.93475468578973],[-71.54816138164786,-32.933956680303886],[-71.54826217980924,-32.93376548036771],[-71.54877246061987,-32.93343768245242],[-71.54954819359696,-32.933481919446486],[-71.54938676813703,-32.93396079840077],[-71.54942437969967,-32.93437796997098],[-71.54897296099803,-32.93507022270242],[-71.54812043643722,-32.93475468578973]]]}},{"type":"Feature","properties":{"comuna":"Concon","zona":"ZAV","zona_code":"ZAV","nombre":"ZAV Zona Area Verde","decreto":""},"geometry":{"type":"MultiPolygon","coordinates":[[[[-71.54685885862186,-32.94041535765233],[-71.5466828076908,-32.93859496538074],[-71.5458242482479,-32.937107048308675],[-71.54581908024007,-32.93694335397824],[-71.54629444353559,-32.93669748546247],[-71.54656285385428,-32.93683606610607],[-71.54705127236583,-32.93678402082965],[-71.54717421759224,-32.9368600320137],[-71.5489181700539,-32.93636554047027],[-71.550039491209,-32.937200618162514],[-71.5504188335838,-32.93771478541913],[-71.55113302118414,-32.938079122002236],[-71.55157923145374,-32.93914958084639],[-71.55149520483872,-32.93976615476012],[-71.55187553266538,-32.940185378960244],[-71.55117404185326,-32.94032911684372],[-71.55101517749023,-32.94046202549497],[-71.55098847686503,-32.94062045487934],[-71.55117954313607,-32.94092176598211],[-71.55183578041742,-32.94133021461493],[-71.55183299114847,-32.941955677470496],[-71.54922997259409,-32.94187052677634],[-71.54875209491408,-32.94170119162656],[-71.54854203017308,-32.94151472325879],[-71.54891132578977,-32.9413375944554],[-71.54898740051792,-32.9409711626547],[-71.54816068904677,-32.94040464550103],[-71.54804638741001,-32.94018209496767],[-71.54750415891462,-32.940262850541345],[-71.5473488393037,-32.9403825049902],[-71.54685885862186,-32.94041535765233]]],[[[-71.54520285481978,-32.9381626237586],[-71.5453950484765,-32.93798852201365],[-71.54557638689133,-32.93812128641461],[-71.54617420223819,-32.93813166184099],[-71.5462887311487,-32.93831191677425],[-71.54535146132059,-32.938292164902755],[-71.5454977510663,-32.93851791226921],[-71.54638253053572,-32.938525728107344],[-71.54646836905269,-32.93900333278371],[-71.5457393260125,-32.93935186667043],[-71.54514441132572,-32.938448043908],[-71.54520285481978,-32.9381626237586]]],[[[-71.54472073888826,-32.936934796134466],[-71.54509883440146,-32.936552196869734],[-71.54555249799297,-32.9372147482498],[-71.5449197570462,-32.93728203689772],[-71.54500923104513,-32.93721676500255],[-71.54472073888826,-32.936934796134466]]]]}},{"type":"Feature","properties":{"comuna":"Concon","zona":"ZLM-2","zona_code":"ZLM-2","nombre":"ZLM-2 Zona Litoral Maritimo 2","decreto":""},"geometry":{"type":"Polygon","coordinates":[[[-71.55062614768339,-32.945344183193406],[-71.55093245972054,-32.94495030336168],[-71.55112329871783,-32.94425166130404],[-71.55126079665183,-32.9440853424158],[-71.55152468934295,-32.94416507444268],[-71.55168148129265,-32.94431461439278],[-71.55164375205072,-32.944441800498],[-71.55119076039901,-32.94457188201017],[-71.551476890885,-32.94460787371013],[-71.55119022679975,-32.944705883415565],[-71.55166370992139,-32.944812434263504],[-71.55192429142237,-32.94472595726138],[-71.55186051373214,-32.94485466858981],[-71.55194438493865,-32.944866929386464],[-71.55165949951764,-32.94501566830425],[-71.55191241120274,-32.9450194262951],[-71.55158105503376,-32.945169834752825],[-71.55169389870483,-32.94523019542425],[-71.5514984019428,-32.945333917168725],[-71.55062614768339,-32.945344183193406]]]}},{"type":"Feature","properties":{"comuna":"Concon","zona":"ZLM-1","zona_code":"ZLM-1","nombre":"ZLM-1 Zona Litoral Maritimo 1","decreto":""},"geometry":{"type":"Polygon","coordinates":[[[-71.55265384919721,-32.94257575771811],[-71.5529203838336,-32.94222384029262],[-71.55299888850459,-32.941821362049495],[-71.55321911768301,-32.941824945274305],[-71.55315123109868,-32.941897826512914],[-71.55324428578233,-32.94215885324371],[-71.5531217636624,-32.94230102813562],[-71.55329942437446,-32.942391711156354],[-71.55302127272483,-32.942413539056986],[-71.55306332645655,-32.94251123305697],[-71.55289301396351,-32.942590545838065],[-71.55265384919721,-32.94257575771811]]]}},{"type":"Feature","properties":{"comuna":"Concon","zona":"ZLM-2","zona_code":"ZLM-2","nombre":"ZLM-2 Zona Litoral Maritimo 2","decreto":""},"geometry":{"type":"Polygon","coordinates":[[[-71.55265384919721,-32.94257575771811],[-71.55315427369254,-32.94253534141787],[-71.55324615517642,-32.9427257911316],[-71.55298971131563,-32.9428927051252],[-71.55294179966997,-32.942766097278444],[-71.55250838679989,-32.94274054304023],[-71.55265384919721,-32.94257575771811]]]}},{"type":"Feature","properties":{"comuna":"Concon","zona":"AP","zona_code":"AP","nombre":"AP Area de Proteccion","decreto":""},"geometry":{"type":"MultiPolygon","coordinates":[[[[-71.5504108466626,-32.937696099460204],[-71.5508646144587,-32.937201806350494],[-71.55177630296247,-32.937544664262376],[-71.55212031369884,-32.93803757804537],[-71.55217382903525,-32.93847953496355],[-71.55198227767396,-32.938519175077104],[-71.55210903804539,-32.93886430243492],[-71.55228476648128,-32.938807616511774],[-71.55282272887736,-32.939265510984434],[-71.55274148164982,-32.94024955173932],[-71.55259145042095,-32.940419587025524],[-71.55203833973422,-32.94029086547148],[-71.55220348601604,-32.940453489854754],[-71.55250639074333,-32.9405513450927],[-71.55248614361513,-32.94094594564245],[-71.55276035166067,-32.941511223703124],[-71.55267056774295,-32.94213848178467],[-71.55193692712515,-32.942881507776605],[-71.55171883054722,-32.943469555506965],[-71.55116984043269,-32.94379148580786],[-71.55088885370003,-32.944130096514016],[-71.55068781612934,-32.94485875225549],[-71.55030378634537,-32.94535021932591],[-71.54722900673974,-32.94541298166066],[-71.54591190675163,-32.94656102057193],[-71.54709652948983,-32.943284514937396],[-71.54685885862186,-32.94041535765233],[-71.5473488393037,-32.9403825049902],[-71.54750415891462,-32.940262850541345],[-71.54804638741001,-32.94018209496767],[-71.54816068904677,-32.94040464550103],[-71.54898740051792,-32.9409711626547],[-71.54891132578977,-32.9413375944554],[-71.54854203017308,-32.94151472325879],[-71.54875209491408,-32.94170119162656],[-71.54922997259409,-32.94187052677634],[-71.55183299114847,-32.941955677470496],[-71.55183578041742,-32.94133021461493],[-71.55113166382975,-32.9408801328932],[-71.55098158229522,-32.94056275307387],[-71.55121867824143,-32.94030813882763],[-71.55187553266538,-32.940185378960244],[-71.55149520483872,-32.93976615476012],[-71.55157923145374,-32.93914958084639],[-71.55113302118414,-32.938079122002236],[-71.5504108466626,-32.937696099460204]]],[[[-71.55275156973045,-32.94090412710682],[-71.5532919737475,-32.94097262219393],[-71.55327855740873,-32.94090022117769],[-71.55337966908216,-32.94094693475198],[-71.55366918531845,-32.94077384117016],[-71.55373631911456,-32.94089581767775],[-71.55402876924859,-32.94071698533654],[-71.55420528730359,-32.94076801657],[-71.55439195272805,-32.94064769996734],[-71.55443023353558,-32.940826081619186],[-71.55420387694859,-32.9409714604429],[-71.55453439409108,-32.94101952495734],[-71.55472491598307,-32.94094033515969],[-71.55434310593617,-32.94123938952777],[-71.55462963707078,-32.941248764927685],[-71.55436693913899,-32.94153627545237],[-71.55482183072749,-32.94155095443223],[-71.55477314024247,-32.94171695542369],[-71.55484777676784,-32.94181335199978],[-71.55469933645536,-32.941905745334736],[-71.55480062150365,-32.941976980020456],[-71.55467495168695,-32.941942761897145],[-71.55459895601055,-32.94206288751256],[-71.55472781215155,-32.94214464855799],[-71.55448095421315,-32.94219856935799],[-71.55447449802121,-32.94211168948669],[-71.55421824639988,-32.94209556163364],[-71.55424906400403,-32.94199628929205],[-71.55405481769687,-32.942009007339614],[-71.5542229957928,-32.94184443777358],[-71.55410152560007,-32.941729433775116],[-71.55388592094873,-32.941847546802705],[-71.55357317158425,-32.94183383510899],[-71.55337712056169,-32.94170601877142],[-71.55321911768301,-32.941824945274305],[-71.55299888850459,-32.941821362049495],[-71.55299066802142,-32.94132389022153],[-71.55275156973045,-32.94090412710682]]]]}},{"type":"Feature","properties":{"comuna":"Concon","zona":"ZLM-1","zona_code":"ZLM-1","nombre":"ZLM-1 Zona Litoral Maritimo 1","decreto":""},"geometry":{"type":"Polygon","coordinates":[[[-71.55131802472532,-32.94401559077985],[-71.55192661356737,-32.943615438094085],[-71.55213071079993,-32.94304938116112],[-71.55226760686271,-32.94290448597381],[-71.55250838679989,-32.94274054304023],[-71.5528133262113,-32.94282778415532],[-71.55267250540902,-32.9428394097136],[-71.55253899240162,-32.943004801415285],[-71.55275942909088,-32.94315502256964],[-71.55268998303121,-32.94328357937907],[-71.55257965823621,-32.94328475316173],[-71.55263920845472,-32.94336982635271],[-71.55245353566865,-32.94336875283642],[-71.5522946892719,-32.94319608239611],[-71.55238784995674,-32.9434012937932],[-71.5521901244745,-32.943516601689446],[-71.55226414655223,-32.94377774878398],[-71.55211834010015,-32.94392472698822],[-71.55185512563708,-32.94387862034424],[-71.551925786219,-32.94372894019069],[-71.55177554478438,-32.943833269807676],[-71.55173986280296,-32.94400189148421],[-71.55131802472532,-32.94401559077985]]]}},{"type":"Feature","properties":{"comuna":"Concon","zona":"ZVLM- V10","zona_code":"ZVLM- V10","nombre":"ZVLM-V10 Zona Vivienda Lomas Montemar  V10","decreto":""},"geometry":{"type":"MultiPolygon","coordinates":[[[[-71.51966261761837,-32.93988377509546],[-71.51822699211503,-32.93755985581875],[-71.51909024615362,-32.93723213906536],[-71.51959948491852,-32.937196785200676],[-71.52013678884951,-32.93739497338709],[-71.52060432422566,-32.93796167417603],[-71.52095410933268,-32.93812158195068],[-71.52200531518322,-32.93810028751897],[-71.52284937671574,-32.93834741871475],[-71.52384157223526,-32.93842063454254],[-71.5255294823996,-32.93879624675375],[-71.52577970452873,-32.93907018355663],[-71.52595349440023,-32.9407081353461],[-71.52534208035661,-32.94057743296919],[-71.52531422539627,-32.939826585464026],[-71.52510672175217,-32.93906413719458],[-71.524540261202,-32.93882084089332],[-71.52393905202,-32.938700327131635],[-71.52272516935636,-32.93868883447189],[-71.52234640819152,-32.93918627061195],[-71.52198331184863,-32.94000316016014],[-71.52092228741205,-32.9398274313443],[-71.52088487347879,-32.93953881682182],[-71.52095951090247,-32.939314028771165],[-71.52163174717904,-32.93933432473616],[-71.52183008171905,-32.93887688749052],[-71.52181547062095,-32.938705861611226],[-71.52210593278323,-32.93860506481886],[-71.5220602624342,-32.93852050875299],[-71.52176396840909,-32.93864663941966],[-71.52111423133712,-32.93861541530928],[-71.52038946337937,-32.93841720196294],[-71.52043284482106,-32.93857578428585],[-71.52012089944876,-32.93900615844218],[-71.51976988005656,-32.939068235452],[-71.52008806333019,-32.93924866941444],[-71.52080980486375,-32.93929833692085],[-71.52071945141415,-32.93977633699396],[-71.51980280421003,-32.93975915551027],[-71.51987782341772,-32.939830667854096],[-71.51966261761837,-32.93988377509546]]],[[[-71.51969842626222,-32.939941461512],[-71.52022193207046,-32.93986808334628],[-71.52117430796838,-32.9399334724013],[-71.52281707150149,-32.94032975841241],[-71.52333051617853,-32.94055190523879],[-71.52325407403944,-32.940957644575924],[-71.52337449230497,-32.94136547937584],[-71.52249881905757,-32.941574457681995],[-71.52154332061572,-32.94144529150606],[-71.5206529626084,-32.94147911629137],[-71.51969842626222,-32.939941461512]]],[[[-71.5261001470653,-32.93960069141092],[-71.52607548651412,-32.93921651670051],[-71.52620622821888,-32.93889250704004],[-71.52648736856348,-32.93865860101936],[-71.5268892523637,-32.93856016769603],[-71.52853414759899,-32.93859914885222],[-71.52894976394496,-32.938914656216944],[-71.5290798867105,-32.93936528246317],[-71.5289649885924,-32.93988682915856],[-71.52865282133622,-32.9402185362715],[-71.52683726326495,-32.940596630215666],[-71.52649613342571,-32.94054955910873],[-71.52625110894881,-32.94039144548111],[-71.5261145228048,-32.939739284845054],[-71.52665252113353,-32.93963551281116],[-71.52683149428421,-32.939869500685106],[-71.52706231459982,-32.939940571906455],[-71.52812749104964,-32.9397708787257],[-71.52839110166978,-32.93958942730171],[-71.52837491313005,-32.93921006851484],[-71.52812650020789,-32.93907701172335],[-71.52696515910691,-32.93905644579929],[-71.52673165911678,-32.93919940069816],[-71.52665814548551,-32.93949826343024],[-71.5261001470653,-32.93960069141092]]],[[[-71.52240420400027,-32.93923038862879],[-71.52267989336772,-32.93881754403354],[-71.5228626286628,-32.9387216839937],[-71.52368217876449,-32.93873768354293],[-71.52465599205836,-32.93892889911713],[-71.52507142784297,-32.939263467137685],[-71.52523155254235,-32.94010755599312],[-71.52509820572327,-32.9403040217802],[-71.52481524000204,-32.94044279278603],[-71.52363182190463,-32.940513289076215],[-71.52359454900686,-32.940274021835044],[-71.52371215105396,-32.93998590709977],[-71.52450253465501,-32.9399617294386],[-71.52460154966056,-32.93984474474787],[-71.5245480612736,-32.939613055467305],[-71.52423462290129,-32.93936256839454],[-71.52322751894133,-32.939216648634606],[-71.52298584518043,-32.93940048995682],[-71.52291970492101,-32.93968179958931],[-71.52361410443227,-32.939989199392556],[-71.52339715590126,-32.94044198083706],[-71.52327652832828,-32.94045234468268],[-71.52213925129712,-32.94002512661451],[-71.52240420400027,-32.93923038862879]]],[[[-71.52435686295023,-32.94055162026542],[-71.52524601452012,-32.94067147486009],[-71.52515395067823,-32.94087152416553],[-71.5249212843247,-32.94103815216422],[-71.52355390113856,-32.94128955423839],[-71.52343000279963,-32.94092778356912],[-71.52352535178052,-32.94060089576727],[-71.52435686295023,-32.94055162026542]]],[[[-71.5269982907712,-32.93986266805617],[-71.5267896229105,-32.93963559800249],[-71.52677467584247,-32.939296311168675],[-71.52691320953403,-32.93915925577002],[-71.52801302502121,-32.93914210658456],[-71.52832216046329,-32.93929031684177],[-71.52832674905777,-32.93952607429394],[-71.52821768639575,-32.93965981344812],[-71.5269982907712,-32.93986266805617]]],[[[-71.51772908919072,-32.93635813608895],[-71.51832599095093,-32.936343476603376],[-71.51954663253878,-32.937021903500714],[-71.51902695894356,-32.93705993614007],[-71.51816466610231,-32.93738537366296],[-71.51772908919072,-32.93635813608895]]],[[[-71.52017655277555,-32.93906345113603],[-71.52055233602522,-32.93857823450849],[-71.52163031077289,-32.93866933298396],[-71.52175578206189,-32.93885718022602],[-71.52151161906936,-32.93931873919054],[-71.52023432612644,-32.939187506269526],[-71.52017655277555,-32.93906345113603]]],[[[-71.52402188118076,-32.93992329470896],[-71.52312569310725,-32.939730620971254],[-71.52299255469728,-32.93966197489491],[-71.52300353570332,-32.93955424853175],[-71.5231510112252,-32.93933051599183],[-71.52333150522368,-32.939284292358145],[-71.52440312618735,-32.93951515320277],[-71.52451376000279,-32.93987435507051],[-71.52402188118076,-32.93992329470896]]],[[[-71.52339156029537,-32.93816972792943],[-71.52284209497205,-32.93815344706593],[-71.52204706438603,-32.93792372033217],[-71.52097257420334,-32.937946349998775],[-71.52074482971925,-32.937826122289344],[-71.52041548397987,-32.93737054848413],[-71.52283957429935,-32.937919161376435],[-71.52339156029537,-32.93816972792943]]],[[[-71.52932559121209,-32.94045363686498],[-71.52880431771732,-32.94039081145189],[-71.52916315604577,-32.93949446901721],[-71.52911336153126,-32.93905771161514],[-71.52893977288238,-32.93875485994766],[-71.5289947165401,-32.938612815812654],[-71.52930985452493,-32.9386164888833],[-71.52947581557872,-32.93922923137832],[-71.52932559121209,-32.94045363686498]]],[[[-71.52525120498584,-32.94054534481971],[-71.52491070217066,-32.94049275514991],[-71.52525797468981,-32.94024231957249],[-71.52525120498584,-32.94054534481971]]],[[[-71.52627349676233,-32.94068747481043],[-71.52624939406493,-32.940469825329394],[-71.52653615157497,-32.940631194144814],[-71.52627349676233,-32.94068747481043]]],[[[-71.52342829330564,-32.941289873134515],[-71.5233215797381,-32.940990846077376],[-71.52342338401262,-32.94060022479857],[-71.52336042468761,-32.940947829624704],[-71.52342829330564,-32.941289873134515]]],[[[-71.5264951991778,-32.93962330858594],[-71.52612526935054,-32.939655079675816],[-71.52656866250342,-32.93959282214049],[-71.5264951991778,-32.93962330858594]]],[[[-71.52866935662567,-32.94041854589108],[-71.5286902703038,-32.94030051765324],[-71.52877245088094,-32.94024164784721],[-71.52873647065886,-32.940409298565996],[-71.52866935662567,-32.94041854589108]]],[[[-71.52858781205575,-32.940416168847634],[-71.52847379428663,-32.94037550352745],[-71.52861474264965,-32.94033537345728],[-71.52858781205575,-32.940416168847634]]],[[[-71.52889220439314,-32.93860977376818],[-71.52882905193034,-32.93867934948307],[-71.52872927515344,-32.93860493966907],[-71.52889220439314,-32.93860977376818]]],[[[-71.52011036490543,-32.939144929222955],[-71.52003624491134,-32.93912650743469],[-71.52009011418399,-32.939108248487194],[-71.52011036490543,-32.939144929222955]]],[[[-71.52349510730153,-32.94046112986345],[-71.5234990607871,-32.94035968596428],[-71.52352436183706,-32.94035635146691],[-71.52349510730153,-32.94046112986345]]],[[[-71.52083059008278,-32.9397500815143],[-71.52080332082403,-32.93967384513479],[-71.52082051188361,-32.93966215884784],[-71.52083059008278,-32.9397500815143]]]]}},{"type":"Feature","properties":{"comuna":"Concon","zona":"ZCS","zona_code":"ZCS","nombre":"ZCS Zona Centro Servicio","decreto":""},"geometry":{"type":"MultiPolygon","coordinates":[[[[-71.51013471111753,-32.92256186801158],[-71.50903190693539,-32.92256968450556],[-71.50900867021393,-32.92156811424632],[-71.51013927366085,-32.92165283732904],[-71.51013471111753,-32.92256186801158]]],[[[-71.51412695269924,-32.92466473863012],[-71.51410644056803,-32.92376877068804],[-71.51530551450422,-32.92374693441573],[-71.51534572489297,-32.92464336706347],[-71.51412695269924,-32.92466473863012]]],[[[-71.51411296503193,-32.92358264530539],[-71.51407931234478,-32.92268850779668],[-71.5152694076197,-32.92267364773054],[-71.5153007462467,-32.923573394711994],[-71.51411296503193,-32.92358264530539]]],[[[-71.51537838943335,-32.92357217165498],[-71.51535212898264,-32.9226726757598],[-71.51654117322867,-32.92265793784714],[-71.5165276679567,-32.92355591148],[-71.51537838943335,-32.92357217165498]]],[[[-71.51414905574681,-32.925744345522766],[-71.51413037438216,-32.924847798860014],[-71.51536640770406,-32.92482531740267],[-71.51531230307282,-32.925310212856196],[-71.51538729892432,-32.92572486078547],[-71.51414905574681,-32.925744345522766]]],[[[-71.51021408895096,-32.92166212130177],[-71.51135913281608,-32.921642661303544],[-71.51137446705798,-32.92253976224512],[-71.51020590619706,-32.9225618031632],[-71.51021408895096,-32.92166212130177]]],[[[-71.51405301596147,-32.92466490451742],[-71.51291259572513,-32.924683327055526],[-71.51290006332859,-32.923783551396006],[-71.5140323942358,-32.92376909040137],[-71.51405301596147,-32.92466490451742]]],[[[-71.5178976993763,-32.92462150914],[-71.51678590485479,-32.92463023029229],[-71.51674227188481,-32.923746641847785],[-71.5178833766374,-32.92371469236819],[-71.5178976993763,-32.92462150914]]],[[[-71.51401588679414,-32.922506816227575],[-71.51287188317814,-32.922522023185415],[-71.51285083205775,-32.921623499908485],[-71.51399278751494,-32.92161429887818],[-71.51401588679414,-32.922506816227575]]],[[[-71.51788273703691,-32.92353424406075],[-71.51674058305207,-32.923539828502086],[-71.51672627199129,-32.92265094327596],[-71.51786097445084,-32.92263707176373],[-71.51788273703691,-32.92353424406075]]],[[[-71.51785579835818,-32.922455726952975],[-71.51671847102136,-32.92247325866166],[-71.51670048854601,-32.92157299979848],[-71.51783612884672,-32.92155564662359],[-71.51785579835818,-32.922455726952975]]],[[[-71.51407214019555,-32.92161561395749],[-71.51517913951005,-32.92159955174056],[-71.51522650138678,-32.92246000091996],[-71.51408098410953,-32.922506901435405],[-71.51407214019555,-32.92161561395749]]],[[[-71.51403176092353,-32.92358141546212],[-71.51289149519741,-32.92360174670689],[-71.51287852442302,-32.92270317331543],[-71.51401870840243,-32.9226893184005],[-71.51403176092353,-32.92358141546212]]],[[[-71.5154208159659,-32.92464349977335],[-71.51541223435999,-32.9242591733835],[-71.51586303591901,-32.92423828279441],[-71.51540108087741,-32.924193755397845],[-71.51538337867642,-32.923745522096816],[-71.51653532250123,-32.92374035163703],[-71.51655256117154,-32.92463204675902],[-71.5154208159659,-32.92464349977335]]],[[[-71.51021156019345,-32.92579603837955],[-71.50911862490302,-32.92577048376214],[-71.50908057675916,-32.92490384149264],[-71.51024570964898,-32.92489877968109],[-71.51021156019345,-32.92579603837955]]],[[[-71.51024422742876,-32.923638003315176],[-71.51021057025,-32.922741289778315],[-71.51132703601098,-32.922727599252205],[-71.51134057002906,-32.92361713897094],[-71.51024422742876,-32.923638003315176]]],[[[-71.51543264767649,-32.92482316162553],[-71.51654585345132,-32.924814233133525],[-71.5165663655825,-32.925711993361475],[-71.51545968067835,-32.92572474918986],[-71.51543264767649,-32.92482316162553]]],[[[-71.51030918281032,-32.92489607421693],[-71.51136534286965,-32.92488417107856],[-71.51138567982936,-32.92578095036609],[-71.51030778772669,-32.92579533789162],[-71.51030918281032,-32.92489607421693]]],[[[-71.51159246661787,-32.92254022900289],[-71.51156513627366,-32.921640513743505],[-71.51264442076503,-32.92162442136876],[-71.51265575660561,-32.922520641009015],[-71.51159246661787,-32.92254022900289]]],[[[-71.50903825353288,-32.923859698922115],[-71.51008054809579,-32.92381765891454],[-71.51013290280886,-32.92470861958348],[-71.50910708065331,-32.92473331868054],[-71.50903825353288,-32.923859698922115]]],[[[-71.51162021737362,-32.92469886088963],[-71.51161412859264,-32.92381027610412],[-71.51263286663385,-32.923785826336925],[-71.51264533435167,-32.92468285578485],[-71.51162021737362,-32.92469886088963]]],[[[-71.5116078376907,-32.92361798123602],[-71.51159409526348,-32.92271427594623],[-71.5126113510845,-32.92270676862552],[-71.5126243056892,-32.92360446427528],[-71.5116078376907,-32.92361798123602]]],[[[-71.5116528891005,-32.925778881324945],[-71.51163288990735,-32.92490130643973],[-71.51264986455567,-32.924868169777476],[-71.51266395013933,-32.92577154844374],[-71.5116528891005,-32.925778881324945]]],[[[-71.50902144515558,-32.92319082286301],[-71.50900521170009,-32.922753985711005],[-71.51013650325652,-32.922741689424626],[-71.5101691156946,-32.92363775975962],[-71.50937628957428,-32.923661294161015],[-71.50936528072049,-32.923185065723175],[-71.50902144515558,-32.92319082286301]]],[[[-71.51408553138148,-32.92574700044135],[-71.51293105790083,-32.92576318179524],[-71.51292293443574,-32.925242469470305],[-71.51405266561851,-32.92523241902634],[-71.51408553138148,-32.92574700044135]]],[[[-71.51292249336292,-32.925214161734814],[-71.51291698848686,-32.9248613224171],[-71.51407351192299,-32.9248473630297],[-71.51402793679536,-32.9252010868787],[-71.51292249336292,-32.925214161734814]]],[[[-71.51790782788112,-32.92479278016752],[-71.51791429036128,-32.92536671666063],[-71.5174953071296,-32.92537144214931],[-71.5174875016681,-32.92479902279944],[-71.51790782788112,-32.92479278016752]]],[[[-71.51717282901059,-32.92570261329854],[-71.51716682107796,-32.925411206519605],[-71.51791472514587,-32.9254027734826],[-71.51791822857548,-32.92569324756105],[-71.51717282901059,-32.92570261329854]]],[[[-71.5167690785112,-32.9251023935195],[-71.51676870032048,-32.924807940736564],[-71.51744475713193,-32.92479988390409],[-71.51744877619451,-32.925094604394346],[-71.5167690785112,-32.9251023935195]]],[[[-71.50902123854307,-32.92322040709092],[-71.50932713466025,-32.92321444259044],[-71.50933870585943,-32.923661563353924],[-71.50904190248956,-32.923667113855345],[-71.50902123854307,-32.92322040709092]]],[[[-71.51713007998285,-32.92570318484905],[-71.51677220734335,-32.925138418779966],[-71.51711835337514,-32.92513445183225],[-71.51713007998285,-32.92570318484905]]],[[[-71.51708789689374,-32.925703748105256],[-71.51678104317247,-32.925707848489736],[-71.51677435162192,-32.925242106028655],[-71.51684228042708,-32.92534211878012],[-71.51708789689374,-32.925703748105256]]],[[[-71.51540106021615,-32.92556757119685],[-71.51534357163125,-32.92531192751526],[-71.5153764589538,-32.925023445840765],[-71.51540106021615,-32.92556757119685]]]]}},{"type":"Feature","properties":{"comuna":"Concon","zona":"ZRM-2","zona_code":"ZRM-2","nombre":"ZRM-2 Zona Residencial Mixta 2","decreto":""},"geometry":{"type":"MultiPolygon","coordinates":[[[[-71.51534771466133,-32.92590775142901],[-71.51534047873172,-32.92648662176794],[-71.51467261545395,-32.92650719287674],[-71.51404702330021,-32.92649895674281],[-71.51371917864569,-32.92592799542666],[-71.51534771466133,-32.92590775142901]]],[[[-71.5163200178872,-32.92743126293214],[-71.5152036392628,-32.92715175864946],[-71.51517899667793,-32.92659483002949],[-71.51631976905387,-32.9265696609455],[-71.5163200178872,-32.92743126293214]]],[[[-71.5139671549866,-32.926925808850136],[-71.51425003985946,-32.92670604668201],[-71.51577730609819,-32.92746319071141],[-71.51553640938002,-32.927834513165806],[-71.5139671549866,-32.926925808850136]]],[[[-71.51631772179333,-32.92648891775182],[-71.5154824305129,-32.92649674747119],[-71.51544488093404,-32.92590678250992],[-71.51630263279151,-32.92589724713892],[-71.51631772179333,-32.92648891775182]]],[[[-71.51392080012131,-32.926866458128714],[-71.5135519312044,-32.926532660569364],[-71.51331679089058,-32.925934085665965],[-71.51365980090372,-32.92592830759197],[-71.51379568726011,-32.92630338924216],[-71.51410624832857,-32.92662715773941],[-71.51392080012131,-32.926866458128714]]]]}},{"type":"Feature","properties":{"comuna":"Concon","zona":"ZCS-2","zona_code":"ZCS-2","nombre":"ZCS-2 Zona Centro Servicio 2","decreto":""},"geometry":{"type":"Polygon","coordinates":[[[-71.51967198075859,-32.92702456275849],[-71.51947950592917,-32.92660045801061],[-71.51934792609623,-32.92588133574977],[-71.52016490342297,-32.925846476511595],[-71.5206362296896,-32.92654193875199],[-71.51967198075859,-32.92702456275849]]]}},{"type":"Feature","properties":{"comuna":"Concon","zona":"ZRAN","zona_code":"ZRAN","nombre":"ZRAN Zona Residencial Alto Norte","decreto":""},"geometry":{"type":"MultiPolygon","coordinates":[[[[-71.52274376627938,-32.92889729740522],[-71.52484549975239,-32.92874119723418],[-71.52491378159544,-32.92909284107622],[-71.52467583224971,-32.92952706224887],[-71.5239378294129,-32.929879284292575],[-71.52373203526277,-32.930262508070356],[-71.52274376627938,-32.92889729740522]]],[[[-71.52164631605632,-32.92732931247312],[-71.52247048888846,-32.92716183752786],[-71.52324794034267,-32.92718580077861],[-71.52329585737826,-32.92778563696084],[-71.52384609255776,-32.92812952062517],[-71.52285641232105,-32.928208833485854],[-71.52193463034676,-32.92771892469014],[-71.52164631605632,-32.92732931247312]]],[[[-71.5257870958669,-32.93126497591628],[-71.5261980292953,-32.93113823304805],[-71.5272519076338,-32.93054253785324],[-71.52770639138718,-32.93094315759575],[-71.52675952665352,-32.931681141582665],[-71.52605774748221,-32.931741669041685],[-71.5257870958669,-32.93126497591628]]],[[[-71.52541654440545,-32.93119970862837],[-71.52545094538927,-32.930622428363115],[-71.52602969848579,-32.93046402027574],[-71.52662738627187,-32.929990266849934],[-71.52676863736714,-32.92996802269757],[-71.52728835497983,-32.930324133548304],[-71.526195655048,-32.93106226897128],[-71.52541654440545,-32.93119970862837]]],[[[-71.52647427921147,-32.92853938629036],[-71.52692317634208,-32.928488474673095],[-71.52755419162521,-32.92865507849994],[-71.5279819091764,-32.92902379617338],[-71.5283408624892,-32.929193203098265],[-71.52857987903347,-32.9295285838043],[-71.52808825892626,-32.92941211989442],[-71.52776402280423,-32.92916224256476],[-71.52769776935709,-32.929249964550856],[-71.52785984968885,-32.92934124002087],[-71.52737460402689,-32.929686773401556],[-71.52647427921147,-32.92853938629036]]],[[[-71.52262959489833,-32.928743611537335],[-71.52205647154368,-32.9279139107396],[-71.52285361676388,-32.92830780914673],[-71.52401523274935,-32.928192819213955],[-71.52480830051647,-32.928653512443546],[-71.52280624231074,-32.928789365661025],[-71.52262959489833,-32.928743611537335]]],[[[-71.52535222053955,-32.93120367832004],[-71.5245667983338,-32.93099053012947],[-71.52401780282938,-32.93062442641659],[-71.52386131990013,-32.9303988994238],[-71.52401221710494,-32.93000567459031],[-71.52434388049774,-32.92984673006629],[-71.52458221791565,-32.930220345943454],[-71.52488632458878,-32.93049949219109],[-71.52537984912442,-32.930618906510944],[-71.52535222053955,-32.93120367832004]]],[[[-71.5278013370245,-32.92996613169553],[-71.5278757049536,-32.92997455901962],[-71.52816625784574,-32.929455340257924],[-71.52910472243316,-32.92972660746136],[-71.52956622382554,-32.93028757883971],[-71.5290953440216,-32.93050844272889],[-71.5278013370245,-32.92996613169553]]],[[[-71.52617991297096,-32.93179288489959],[-71.52685531760554,-32.931703278240064],[-71.52855899320312,-32.930327359850054],[-71.52897894212373,-32.930529127508024],[-71.52707282848192,-32.93189103698347],[-71.5263152612365,-32.93203172496561],[-71.52617991297096,-32.93179288489959]]],[[[-71.52962428733224,-32.9302734981628],[-71.52922066169869,-32.929765466594496],[-71.52861499687288,-32.92950397878693],[-71.52841067865478,-32.92920560178535],[-71.52963189696104,-32.929274286137165],[-71.53008565038407,-32.92951066744969],[-71.53023604543063,-32.929680620085364],[-71.5301139338408,-32.93004150483349],[-71.52962428733224,-32.9302734981628]]],[[[-71.52337143893132,-32.93050700789842],[-71.52371136233313,-32.93044201299346],[-71.52527124370488,-32.93276089884685],[-71.5250689493911,-32.93304183980025],[-71.52337143893132,-32.93050700789842]]],[[[-71.52149851893756,-32.92582894547123],[-71.52209104051245,-32.92582787249604],[-71.52215456847102,-32.92718895631774],[-71.52156285448159,-32.92721372710748],[-71.52149851893756,-32.92582894547123]]],[[[-71.52483244723132,-32.93194442042209],[-71.52565080077704,-32.931345056529715],[-71.525991132014,-32.931816197725816],[-71.52556908552722,-32.932325579936965],[-71.52538320612862,-32.93272712501245],[-71.52483244723132,-32.93194442042209]]],[[[-71.52547386231048,-32.930561410049286],[-71.52544036143858,-32.93008469623799],[-71.5256426871934,-32.929980517786476],[-71.52599172580041,-32.92955733049049],[-71.52653716667125,-32.92983691162002],[-71.52656907033857,-32.92998495425139],[-71.52603455837146,-32.930416853297764],[-71.52547386231048,-32.930561410049286]]],[[[-71.52262156036643,-32.92582426977253],[-71.52271785796825,-32.927073886513426],[-71.52224332381773,-32.9270952816214],[-71.52215205228993,-32.92582951098871],[-71.52262156036643,-32.92582426977253]]],[[[-71.5243918747884,-32.92982756667789],[-71.52483259635164,-32.92957922564812],[-71.52498301565272,-32.929665641309015],[-71.52517611750618,-32.92991024231316],[-71.52540794662987,-32.93005776004665],[-71.52538667542227,-32.930543116912276],[-71.52506535612996,-32.93053112933354],[-71.52480654071682,-32.93039344359276],[-71.5243918747884,-32.92982756667789]]],[[[-71.52774327531444,-32.930905441259725],[-71.52730284390704,-32.93051770315295],[-71.52778431305155,-32.93003682784943],[-71.52846350049178,-32.93025932248145],[-71.52842051790208,-32.930383272342425],[-71.52774327531444,-32.930905441259725]]],[[[-71.52505375348974,-32.929177743190735],[-71.52592108677804,-32.92950970686393],[-71.52557127472157,-32.929995937592345],[-71.52527544692208,-32.92996287597503],[-71.52502099103302,-32.9296512581828],[-71.52486305283304,-32.92954811218939],[-71.52505375348974,-32.929177743190735]]],[[[-71.52726037515367,-32.92980334778627],[-71.52595421934066,-32.92912951691772],[-71.52590514527499,-32.929061891063526],[-71.52659693607868,-32.928791909650535],[-71.52733561894017,-32.92971553059215],[-71.52726037515367,-32.92980334778627]]],[[[-71.52146827805184,-32.9270827461623],[-71.52066386815594,-32.92586822856925],[-71.52069058225585,-32.92583757300559],[-71.52142968193566,-32.92583056511331],[-71.52146827805184,-32.9270827461623]]],[[[-71.5243426444159,-32.92793409094176],[-71.52357950941236,-32.92704385644427],[-71.52357418419936,-32.92697309154543],[-71.52408956205089,-32.926951767285225],[-71.52473128255727,-32.92771551129944],[-71.5243426444159,-32.92793409094176]]],[[[-71.52552298668178,-32.92854525542786],[-71.52486605051114,-32.92775868272734],[-71.52486080345156,-32.927728312079395],[-71.52525091572832,-32.927539096050005],[-71.52602528775775,-32.92846638848326],[-71.52552298668178,-32.92854525542786]]],[[[-71.52366970386015,-32.9257584005297],[-71.52381531088623,-32.92573692215577],[-71.52460607896623,-32.926793722092555],[-71.524101104504,-32.92685000402332],[-71.523734081625,-32.92634652441224],[-71.52366970386015,-32.9257584005297]]],[[[-71.52334337376521,-32.92698134045345],[-71.52346294042785,-32.92698351804441],[-71.5242939961517,-32.92797925660622],[-71.52400771115548,-32.92811695892247],[-71.52342464345065,-32.927745973940624],[-71.52334337376521,-32.92698134045345]]],[[[-71.5212361336195,-32.92739202350665],[-71.52016490342297,-32.925846476511595],[-71.52051623992048,-32.92584177065288],[-71.52144307761317,-32.927292317692775],[-71.5212361336195,-32.92739202350665]]],[[[-71.5233379362628,-32.926889433700794],[-71.52325895009481,-32.92580843829672],[-71.5235924828817,-32.92576977724182],[-71.52370406352145,-32.92642269235318],[-71.52402245610254,-32.92685150300439],[-71.5233379362628,-32.926889433700794]]],[[[-71.52480005308385,-32.92767868482428],[-71.52417625396741,-32.92695488437799],[-71.52417103655223,-32.92692929164058],[-71.5247115654351,-32.92688256990856],[-71.52521935970901,-32.927459573728314],[-71.52480005308385,-32.92767868482428]]],[[[-71.52495224476097,-32.92863202798649],[-71.52441586070482,-32.928008533107146],[-71.52478936223365,-32.92778782508811],[-71.52545896644644,-32.92854935191067],[-71.52495224476097,-32.92863202798649]]],[[[-71.52320510597498,-32.92667466906119],[-71.52275595821439,-32.92667610319984],[-71.52268459155665,-32.92582889042753],[-71.5231335596542,-32.92582052906257],[-71.52320510597498,-32.92667466906119]]],[[[-71.52480421767352,-32.93190660800462],[-71.52431790840623,-32.93119707649271],[-71.5241276425341,-32.93090085932283],[-71.52512211258792,-32.93132593870452],[-71.52527903569167,-32.93153348631701],[-71.52480421767352,-32.93190660800462]]],[[[-71.52518340733471,-32.928717487748266],[-71.52642557076013,-32.92854633289409],[-71.52655921222664,-32.928732440295214],[-71.52580117336572,-32.92904523906553],[-71.52518340733471,-32.928717487748266]]],[[[-71.52167206806057,-32.928020288794286],[-71.52190534796345,-32.927901450043024],[-71.52263957787608,-32.92893573994241],[-71.52240177495574,-32.92905704060866],[-71.52167206806057,-32.928020288794286]]],[[[-71.52506523485741,-32.929138562597494],[-71.52501032982724,-32.92874506223036],[-71.52512947338339,-32.928726081071005],[-71.52605111432216,-32.929224398867206],[-71.52589259311554,-32.929447706084424],[-71.52506523485741,-32.929138562597494]]],[[[-71.52545205121537,-32.93269421294697],[-71.52570202451116,-32.93219512302893],[-71.52601418458082,-32.93190739288895],[-71.52635535753922,-32.932148474950964],[-71.52579385658773,-32.93249867874456],[-71.52589645676959,-32.93254582350146],[-71.5258331336269,-32.93277487055701],[-71.52545205121537,-32.93269421294697]]],[[[-71.52686932413744,-32.92998787444645],[-71.52675273898323,-32.92980378660814],[-71.52656653708947,-32.92980944756068],[-71.52592798583942,-32.9294665574023],[-71.52607488194795,-32.92923302531646],[-71.52706866928213,-32.929736004439484],[-71.52686932413744,-32.92998787444645]]],[[[-71.5264800284293,-32.92841965625293],[-71.52607706665071,-32.928354827956824],[-71.52575510955457,-32.927906528270974],[-71.52611117478374,-32.92774576960472],[-71.52646055834381,-32.92819225144958],[-71.5264800284293,-32.92841965625293]]],[[[-71.52155448218313,-32.92786471487996],[-71.52132695958294,-32.92756160848615],[-71.52157697330291,-32.927432893100985],[-71.52179452909505,-32.92774727912671],[-71.52155448218313,-32.92786471487996]]],[[[-71.5241101442507,-32.92814617958155],[-71.52435669406694,-32.928037230522925],[-71.52468403656322,-32.92842923508412],[-71.52467122299399,-32.928429111427945],[-71.5241101442507,-32.92814617958155]]],[[[-71.53012909291122,-32.9301008941402],[-71.53022098427657,-32.929809586294716],[-71.53029277044756,-32.9297537450688],[-71.53042175414932,-32.92996323411935],[-71.53012909291122,-32.9301008941402]]],[[[-71.52661709247703,-32.929950406519204],[-71.52658332390718,-32.929851359559095],[-71.5267481414056,-32.92984903425686],[-71.52672851860655,-32.92992743249608],[-71.52661709247703,-32.929950406519204]]]]}},{"type":"Feature","properties":{"comuna":"Concon","zona":"ZRM-2","zona_code":"ZRM-2","nombre":"ZRM-2 Zona Residencial Mixta 2","decreto":""},"geometry":{"type":"MultiPolygon","coordinates":[[[[-71.5184675241172,-32.92911687769549],[-71.51764052877844,-32.9283029925806],[-71.5182402135194,-32.92790606229546],[-71.51875056170367,-32.92861586072927],[-71.51881261013696,-32.92858692749925],[-71.51831693683118,-32.92787809546885],[-71.51890988061426,-32.92756795045183],[-71.51945763464694,-32.92825444914961],[-71.5189853265217,-32.927540190116694],[-71.51956433833301,-32.92723432292962],[-71.52016048999998,-32.92808624758766],[-71.51900305118058,-32.92869737860069],[-71.5184675241172,-32.92911687769549]]],[[[-71.5183374381826,-32.92587094078985],[-71.51846922732298,-32.92666883523838],[-71.51885760944451,-32.92747784412869],[-71.51826542473783,-32.92778085052657],[-71.51776507659932,-32.92690295317578],[-71.51757005145282,-32.925881206811866],[-71.5183374381826,-32.92587094078985]]],[[[-71.51951429139191,-32.927161511794665],[-71.5189003970998,-32.92743333947469],[-71.518504264314,-32.92656966471561],[-71.51840026006535,-32.92587010080828],[-71.51913039096537,-32.92586033017817],[-71.51922233083975,-32.92650817385354],[-71.51951429139191,-32.927161511794665]]],[[[-71.51787764808083,-32.92800844111856],[-71.51732017697171,-32.926955201063755],[-71.51712878371391,-32.925885587684625],[-71.51751478529991,-32.925881945754256],[-71.51769431450775,-32.92688093595945],[-71.51818717069682,-32.92781515933192],[-71.51787764808083,-32.92800844111856]]],[[[-71.51721734771945,-32.928724472037935],[-71.5175577427368,-32.928381124519326],[-71.51844585226097,-32.92921496111903],[-71.51825650895864,-32.929423726104474],[-71.51721734771945,-32.928724472037935]]]]}},{"type":"Feature","properties":{"comuna":"Concon","zona":"ZLM-2","zona_code":"ZLM-2","nombre":"ZLM-2 Zona Litoral Maritimo 2","decreto":""},"geometry":{"type":"Polygon","coordinates":[[[-71.52282086957851,-32.91809008990471],[-71.52298878446805,-32.917794176489046],[-71.52305663422146,-32.91780849216628],[-71.52303637182192,-32.91796828178256],[-71.5232352103168,-32.91801594027662],[-71.5233185236695,-32.917735416883815],[-71.52351602726786,-32.91778338241862],[-71.52349015219443,-32.91789759785428],[-71.52333062038312,-32.917952416475345],[-71.52345355033816,-32.917977108409055],[-71.52344884855599,-32.918063433599386],[-71.5232054823691,-32.91813306016262],[-71.52328630649015,-32.918227619843165],[-71.52344238068592,-32.91819621885545],[-71.52344549245008,-32.918299332837265],[-71.52371033555876,-32.91841344203496],[-71.52381684700536,-32.91861279815182],[-71.5240623969967,-32.918549937619936],[-71.52385711668293,-32.91891705425864],[-71.52388867449886,-32.919041511670294],[-71.52398645252427,-32.918942294140855],[-71.523934473307,-32.91914330653492],[-71.52379452926046,-32.91917423437841],[-71.52378318533505,-32.91926284853985],[-71.52354500602061,-32.9191967836305],[-71.52356243872703,-32.91892395561883],[-71.52338538437779,-32.918534815191194],[-71.52282086957851,-32.91809008990471]]]}},{"type":"Feature","properties":{"comuna":"Concon","zona":"ZLM-1","zona_code":"ZLM-1","nombre":"ZLM-1 Zona Litoral Maritimo 1","decreto":""},"geometry":{"type":"MultiPolygon","coordinates":[[[[-71.51816250924732,-32.918473163403824],[-71.51815066316367,-32.91824378221169],[-71.51832354932999,-32.91800481820409],[-71.51842514339873,-32.918084189156026],[-71.51851458954988,-32.917859008752195],[-71.51868696816807,-32.917947467379676],[-71.51878190392392,-32.917755116788406],[-71.51892582121897,-32.9179005425792],[-71.51906354732506,-32.917781465517066],[-71.51914754878727,-32.917888054079334],[-71.51918146018924,-32.91774891362646],[-71.51927242359493,-32.91788244062586],[-71.5193969768057,-32.917822466237716],[-71.51947019578957,-32.917905555775185],[-71.51959761193113,-32.917853399821446],[-71.51994435624093,-32.91798820032146],[-71.52095661922557,-32.91812473426675],[-71.52010535500109,-32.91813563085164],[-71.51905711538762,-32.9179209188664],[-71.5184877541774,-32.91808057103544],[-71.51816250924732,-32.918473163403824]]],[[[-71.52109526251158,-32.91812295989539],[-71.52122230675064,-32.91797684146113],[-71.52147160541166,-32.917956760790226],[-71.52154816612838,-32.91773394640385],[-71.52184572048982,-32.91808294566276],[-71.52282086957851,-32.91809008990471],[-71.52109526251158,-32.91812295989539]]]]}},{"type":"Feature","properties":{"comuna":"Concon","zona":"ZLM-2","zona_code":"ZLM-2","nombre":"ZLM-2 Zona Litoral Maritimo 2","decreto":""},"geometry":{"type":"Polygon","coordinates":[[[-71.51769229599331,-32.91895099850897],[-71.51779011623955,-32.91897454018948],[-71.51807437463647,-32.91869188351471],[-71.51788812692864,-32.919005999719374],[-71.51771250718889,-32.9190998292712],[-71.51769229599331,-32.91895099850897]]]}},{"type":"Feature","properties":{"comuna":"Concon","zona":"ZTR-M1","zona_code":"ZTR-M1","nombre":"ZTR-M1 Sub-Zona Turístico Residencial Mirador 1","decreto":""},"geometry":{"type":"Polygon","coordinates":[[[-71.5187849932302,-32.91929251250515],[-71.51846595655704,-32.919113680977716],[-71.51869109772342,-32.918468651707194],[-71.51918004444438,-32.91830261764226],[-71.51937717164864,-32.91855430905259],[-71.51927662501552,-32.91863909610148],[-71.51939690494048,-32.91873978066365],[-71.5191598691814,-32.91888973083948],[-71.51924933689212,-32.91898815211764],[-71.5187849932302,-32.91929251250515]]]}},{"type":"Feature","properties":{"comuna":"Concon","zona":"ZAV","zona_code":"ZAV","nombre":"ZAV Zona Area Verde","decreto":""},"geometry":{"type":"Polygon","coordinates":[[[-71.5139618360618,-32.92052385615325],[-71.51294072467161,-32.92037674103234],[-71.5130563980358,-32.919935400234856],[-71.51472719978557,-32.92043673027908],[-71.5139618360618,-32.92052385615325]]]}},{"type":"Feature","properties":{"comuna":"Concon","zona":"ZLM-1","zona_code":"ZLM-1","nombre":"ZLM-1 Zona Litoral Maritimo 1","decreto":""},"geometry":{"type":"Polygon","coordinates":[[[-71.50652700327464,-32.92079206887185],[-71.50672750365281,-32.9205439030627],[-71.50705342950587,-32.920352717874124],[-71.50755699361312,-32.920213011972386],[-71.50803968626305,-32.91993184628618],[-71.50804637422034,-32.919832951744716],[-71.50817441918261,-32.91983830642694],[-71.5085200064623,-32.91906324881095],[-71.50861944547269,-32.919084151932964],[-71.5086434906779,-32.91896586146249],[-71.50905201931629,-32.918699094820994],[-71.50934404544549,-32.91866156254059],[-71.50910903987895,-32.91839523235217],[-71.51100314394371,-32.91741787710299],[-71.51151712222006,-32.918035527005294],[-71.5125914857403,-32.91888667755958],[-71.513030789762,-32.919094046226455],[-71.51309259115861,-32.919219265009644],[-71.51456207685993,-32.919904661175835],[-71.51542429154773,-32.91997740438315],[-71.5157595392185,-32.919541994671334],[-71.51593405133548,-32.9196243971392],[-71.51593162768084,-32.919558348335364],[-71.51625705586724,-32.91942892529393],[-71.51634063512128,-32.919235252250644],[-71.51665457385519,-32.91925074858306],[-71.51682659045233,-32.91908665095666],[-71.51693941436044,-32.91922243742262],[-71.51706953982092,-32.9190924965906],[-71.51719560669295,-32.91918323432303],[-71.51731262483511,-32.91908484794955],[-71.51749479958147,-32.919101017702324],[-71.51743640998633,-32.91902079328813],[-71.51753987165255,-32.91887944364611],[-71.51769229599331,-32.91895099850897],[-71.51764920919904,-32.91913364752001],[-71.51677558411049,-32.91927402701023],[-71.51602460780433,-32.919567419124114],[-71.51496711554344,-32.92032031925144],[-71.5126254231934,-32.91962073609922],[-71.51137976082995,-32.918663730533204],[-71.5106425152729,-32.918601694252345],[-71.50934356844006,-32.91918469874628],[-71.50667325169785,-32.92088596816629],[-71.50652700327464,-32.92079206887185]]]}},{"type":"Feature","properties":{"comuna":"Concon","zona":"ZTC","zona_code":"ZTC","nombre":"ZTC Zona Turismo Centro","decreto":""},"geometry":{"type":"MultiPolygon","coordinates":[[[[-71.51525237735854,-32.92131874109838],[-71.51066265909485,-32.92140240948846],[-71.5092346728647,-32.921274658637444],[-71.50843507524377,-32.921387920204445],[-71.50763315457952,-32.9216349367229],[-71.50754627671178,-32.92154478288436],[-71.50865726364783,-32.920812477672236],[-71.5095388019957,-32.920383898662394],[-71.50980544802319,-32.9202670019437],[-71.51043956878225,-32.920211609399985],[-71.51105447906895,-32.92029653361009],[-71.51085608254519,-32.92086743323588],[-71.5111166829108,-32.92031145440103],[-71.51426166495756,-32.921077976394535],[-71.51515022992757,-32.92082585555727],[-71.51524937429056,-32.92099133668346],[-71.51525237735854,-32.92131874109838]]],[[[-71.50881033747056,-32.92256187178186],[-71.50701680249679,-32.92254783738059],[-71.5072854661404,-32.92203767422398],[-71.50879710169316,-32.92159143202903],[-71.50881033747056,-32.92256187178186]]],[[[-71.5077845970617,-32.92365963149886],[-71.50774720558631,-32.92275740607958],[-71.50881406188573,-32.92274681997812],[-71.50883075887191,-32.92366066453612],[-71.5077845970617,-32.92365963149886]]],[[[-71.50885030800913,-32.924708115135495],[-71.5077990554462,-32.9247440855121],[-71.50776732784868,-32.92384329251612],[-71.50881692930811,-32.923844126484624],[-71.50885030800913,-32.924708115135495]]],[[[-71.50889737164518,-32.92578017296761],[-71.5078171520076,-32.92579021807123],[-71.50778902485774,-32.92493596170789],[-71.50885920402538,-32.92491075746654],[-71.50889737164518,-32.92578017296761]]],[[[-71.50674515105656,-32.924757567613305],[-71.50669785565518,-32.92384293811721],[-71.50754397702465,-32.9238392101422],[-71.50756194872022,-32.9247522102126],[-71.50674515105656,-32.924757567613305]]],[[[-71.50672161609444,-32.923639219584906],[-71.50695900758636,-32.922716170873535],[-71.50753410274304,-32.92272715285477],[-71.50755423848013,-32.92363837731999],[-71.50672161609444,-32.923639219584906]]],[[[-71.51538827090147,-32.92107506495417],[-71.51655298337971,-32.92041167632415],[-71.51655510430211,-32.920779687103334],[-71.51579879829136,-32.92126354677727],[-71.51539195579076,-32.92131715304433],[-71.51538827090147,-32.92107506495417]]],[[[-71.50758901226479,-32.92532946393626],[-71.50729417261213,-32.925328699352306],[-71.50729473675412,-32.92493210634767],[-71.50757538841519,-32.92492926591301],[-71.50758901226479,-32.92532946393626]]],[[[-71.51654909816611,-32.921307160971296],[-71.5164878429452,-32.92130899862002],[-71.5160089546605,-32.92131389248119],[-71.51653069797415,-32.92096467521953],[-71.51654909816611,-32.921307160971296]]],[[[-71.51535978712043,-32.92097149347286],[-71.51540236546828,-32.92096272596206],[-71.51540407496225,-32.92100159346876],[-71.51535978712043,-32.92097149347286]]]]}},{"type":"Feature","properties":{"comuna":"Concon","zona":"ZLM-2","zona_code":"ZLM-2","nombre":"ZLM-2 Zona Litoral Maritimo 2","decreto":""},"geometry":{"type":"MultiPolygon","coordinates":[[[[-71.5089668033318,-32.919688428741445],[-71.50946284494685,-32.91933430883288],[-71.51060217642507,-32.918798668550345],[-71.51116650976465,-32.918776966786574],[-71.51158421289703,-32.91903725639023],[-71.51124833999883,-32.920192199605566],[-71.51031963470867,-32.920030615541094],[-71.50974397810491,-32.92009076186947],[-71.50933090488951,-32.9202741799425],[-71.5089668033318,-32.919688428741445]]],[[[-71.51270111973082,-32.92045296765109],[-71.51145371643236,-32.92023220534385],[-71.51176452902907,-32.91917602682662],[-71.51236579570325,-32.919711015566286],[-71.51285192440913,-32.91987687656823],[-71.51270111973082,-32.92045296765109]]]]}},{"type":"Feature","properties":{"comuna":"Concon","zona":"ZAV","zona_code":"ZAV","nombre":"ZAV Zona Area Verde","decreto":""},"geometry":{"type":"Polygon","coordinates":[[[-71.50856155893409,-32.9206303313188],[-71.5078100993343,-32.921106019268855],[-71.507368004247,-32.92115747881361],[-71.50685308543457,-32.920998308763934],[-71.50824094931089,-32.920149578728555],[-71.50856155893409,-32.9206303313188]]]}},{"type":"Feature","properties":{"comuna":"Concon","zona":"ZLM-2-SP","zona_code":"ZLM-2-SP","nombre":"ZLM-2SP Sub-Zona Litoral Marítimo 2 Servicio Público","decreto":""},"geometry":{"type":"Polygon","coordinates":[[[-71.50824094931089,-32.920149578728555],[-71.50879413096452,-32.91979940673819],[-71.50914337708237,-32.92035744815499],[-71.50856155893409,-32.9206303313188],[-71.50824094931089,-32.920149578728555]]]}},{"type":"Feature","properties":{"comuna":"Concon","zona":"ZAV","zona_code":"ZAV","nombre":"ZAV Zona Area Verde","decreto":""},"geometry":{"type":"MultiPolygon","coordinates":[[[[-71.51772908919072,-32.93635813608895],[-71.51755687137096,-32.93574391859946],[-71.52004187555156,-32.93684129460696],[-71.51989917547371,-32.93708498688857],[-71.51954663253878,-32.937021903500714],[-71.51832599095093,-32.936343476603376],[-71.51772908919072,-32.93635813608895]]],[[[-71.52041548397987,-32.93737054848413],[-71.52010526516956,-32.93716101741607],[-71.52023864612464,-32.9369273179158],[-71.52115834939735,-32.93733299095127],[-71.52107711564453,-32.937562539785766],[-71.52041548397987,-32.93737054848413]]]]}},{"type":"Feature","properties":{"comuna":"Concon","zona":"ZTR-M3","zona_code":"ZTR-M3","nombre":"ZTR-M3 Sub-Zona Turístico Residencial Mirador 3","decreto":""},"geometry":{"type":"Polygon","coordinates":[[[-71.54664415048917,-32.929344108211666],[-71.54628401589177,-32.92896672996103],[-71.54676018138285,-32.92875443141481],[-71.54724737099909,-32.92889347388551],[-71.5472564053559,-32.92909533830929],[-71.54681572960676,-32.92920338956532],[-71.54664415048917,-32.929344108211666]]]}},{"type":"Feature","properties":{"comuna":"Concon","zona":"ZVLM- V7","zona_code":"ZVLM- V7","nombre":"ZVLM-V7 Zona Vivienda Lomas Montemar  V7","decreto":""},"geometry":{"type":"MultiPolygon","coordinates":[[[[-71.52934797094075,-32.94013788544965],[-71.52948423279292,-32.93938300608309],[-71.52930985452493,-32.9386164888833],[-71.53021249250219,-32.93863602129337],[-71.53159337377379,-32.9388244898301],[-71.53210076650078,-32.9387943122135],[-71.53211741228299,-32.93912890562228],[-71.53155609818107,-32.939523155921584],[-71.53130850631909,-32.940101218695986],[-71.52938559148653,-32.940010056106004],[-71.53125793655849,-32.9401543529153],[-71.53152249310462,-32.93999415630214],[-71.53185869927779,-32.94007095406245],[-71.53180545523259,-32.94030374434502],[-71.52934797094075,-32.94013788544965]]],[[[-71.53217490356285,-32.938786084008775],[-71.53382573217058,-32.93876632168842],[-71.5338817223656,-32.93978390393241],[-71.53357491356012,-32.9400928059069],[-71.533796679756,-32.94023869481902],[-71.5336385124856,-32.9406181916798],[-71.5318735457345,-32.94031639855456],[-71.5321655260496,-32.939413558190836],[-71.53217490356285,-32.938786084008775]]],[[[-71.53488644489177,-32.940358432983366],[-71.53485721371243,-32.93881381819734],[-71.53552848430006,-32.938978110686854],[-71.53593851312498,-32.93922970709495],[-71.53646997890495,-32.93907105884668],[-71.53684133885014,-32.93911417572841],[-71.53697114720532,-32.9404415322673],[-71.53488644489177,-32.940358432983366]]],[[[-71.53390010099801,-32.93875789520193],[-71.53464347755687,-32.93880942665613],[-71.53465005052982,-32.93976320473168],[-71.53439583628756,-32.93973964898106],[-71.53437372335851,-32.93892469756737],[-71.5342320105292,-32.93892084055507],[-71.5342444944167,-32.940015646292444],[-71.53410777172878,-32.9405345361852],[-71.53389855589572,-32.94089412970705],[-71.53398725824184,-32.9408792252036],[-71.5344105327256,-32.94024603554778],[-71.53439703553846,-32.93981007345697],[-71.53465022300634,-32.9398029664023],[-71.53469880659186,-32.9402039686478],[-71.53408832499949,-32.941139542512545],[-71.53358340802944,-32.94088729037226],[-71.53392033375316,-32.940010868812834],[-71.53390010099801,-32.93875789520193]]],[[[-71.53185111929342,-32.93935798237234],[-71.5321107413937,-32.93930554051637],[-71.5319240508164,-32.93998238863604],[-71.5315044836798,-32.939935969328324],[-71.53147312978143,-32.939823302212005],[-71.53183790777055,-32.93988482302133],[-71.5318626967808,-32.93979425202317],[-71.53149468755163,-32.9397337157505],[-71.53187053907324,-32.93978253031865],[-71.53190989696077,-32.93965260385022],[-71.53154961234472,-32.93962893121473],[-71.53161567804398,-32.939544792284174],[-71.5319173035703,-32.939642392199794],[-71.53195070113593,-32.93950825269484],[-71.5316599299532,-32.93949262797672],[-71.5317440895189,-32.9394177348384],[-71.53196033017745,-32.939501958327405],[-71.53199186194225,-32.93937458945617],[-71.53185111929342,-32.93935798237234]]],[[[-71.53438246845782,-32.940175361877806],[-71.53421858880053,-32.94030303718688],[-71.53433091773691,-32.93983482714219],[-71.53438246845782,-32.940175361877806]]],[[[-71.53382823577527,-32.939931005630335],[-71.53375040933233,-32.94011873710718],[-71.53379430191544,-32.940171741644974],[-71.53369691375885,-32.940099943848246],[-71.53382823577527,-32.939931005630335]]],[[[-71.53433153487951,-32.939293816485346],[-71.53429708628501,-32.93924633983578],[-71.53430847063458,-32.939238735155904],[-71.53433153487951,-32.939293816485346]]],[[[-71.53432596442643,-32.939150128938806],[-71.53429509022844,-32.93908977542541],[-71.53430930876276,-32.93908433671645],[-71.53432596442643,-32.939150128938806]]],[[[-71.53431944804738,-32.939003515230176],[-71.5342934777525,-32.93895682852396],[-71.53430900872544,-32.93895055824247],[-71.53431944804738,-32.939003515230176]]]]}},{"type":"Feature","properties":{"comuna":"Concon","zona":"ZRM-3","zona_code":"ZRM-3","nombre":"ZRM-3 Zona Residencial Mixta 3","decreto":""},"geometry":{"type":"MultiPolygon","coordinates":[[[[-71.51468714839862,-32.92922009959114],[-71.51735382337067,-32.930484251921094],[-71.51686409152218,-32.93126169159247],[-71.51667428558747,-32.931163057772416],[-71.51695678867634,-32.93062771227204],[-71.51662335200918,-32.93115037812592],[-71.51626013169877,-32.93097285006651],[-71.51654225929187,-32.93046194908218],[-71.51623099035098,-32.93096324813736],[-71.51585597066929,-32.930810753378324],[-71.51618157043391,-32.93024911351642],[-71.51578925279316,-32.930776840820826],[-71.51543415774448,-32.93061050789958],[-71.51576215690923,-32.93007686382018],[-71.51538692342854,-32.93058873665033],[-71.5149049233797,-32.93036986498899],[-71.51526781221175,-32.92986752960645],[-71.51485715456614,-32.93034810423633],[-71.5145156788755,-32.93016418151667],[-71.51490397655539,-32.92963022711659],[-71.51448074069914,-32.93013107170707],[-71.51413594214029,-32.92993549263154],[-71.51468714839862,-32.92922009959114]],[[-71.51497283062527,-32.930380239062714],[-71.51521548624477,-32.93048919880761],[-71.51532449410955,-32.93032130459652],[-71.51506237828606,-32.930186810152655],[-71.51497283062527,-32.930380239062714]]],[[[-71.51643292264367,-32.93214511224714],[-71.51579824133587,-32.9319548976052],[-71.5146135844617,-32.9322250963098],[-71.5144711808279,-32.93181787531414],[-71.51533574461017,-32.93157549476126],[-71.51445221020573,-32.931786066726126],[-71.5143035794504,-32.931374101200134],[-71.51507705136791,-32.93118116530274],[-71.5154083563329,-32.93067730168176],[-71.51575631426662,-32.93083701603571],[-71.51551830114052,-32.931308794785956],[-71.5158203470784,-32.93085917024588],[-71.51618856651336,-32.93102451574103],[-71.51593236519768,-32.93149206369138],[-71.51623102628356,-32.931043768593625],[-71.51660459069448,-32.931209005170956],[-71.51634863641551,-32.93166635993214],[-71.5166366704316,-32.93122044150041],[-71.51683251304499,-32.93131193886835],[-71.5165327578111,-32.931779507918726],[-71.51660716346944,-32.93184320123921],[-71.51643292264367,-32.93214511224714]]],[[[-71.51285761972805,-32.929634777451675],[-71.51331955500672,-32.92966127947317],[-71.51333962337016,-32.92974764755257],[-71.51350770624467,-32.929472028370355],[-71.51381840475534,-32.92965440458612],[-71.51353373672663,-32.92941808699308],[-71.5135786497959,-32.92910663466881],[-71.51364777246208,-32.92909243391863],[-71.51437435860996,-32.929490002036225],[-71.51405539380202,-32.92991150599795],[-71.51434595657562,-32.93017418088335],[-71.51379584087204,-32.930842766645796],[-71.51343776700989,-32.93063528074723],[-71.51377166630942,-32.93021901289637],[-71.51371683673773,-32.93013375062162],[-71.51376143809159,-32.9301978047784],[-71.51385036232158,-32.930088178904064],[-71.51360694942228,-32.92993840905834],[-71.51366503089531,-32.93005934945181],[-71.5135942598206,-32.92996127375035],[-71.51347925210804,-32.93007581050019],[-71.51368918569497,-32.93021119104628],[-71.51361698629897,-32.93004647662634],[-71.51371198314025,-32.930240953129385],[-71.51337912408982,-32.93065999477738],[-71.51390455049615,-32.930970151573895],[-71.51362442614614,-32.931303103016305],[-71.51347399965857,-32.93120998232575],[-71.51354808012677,-32.93102855556062],[-71.51327281835742,-32.930855635585495],[-71.51341077892381,-32.93068288868818],[-71.51315169940598,-32.930550012087814],[-71.51285761972805,-32.929634777451675]]],[[[-71.5107594112442,-32.926856959807864],[-71.51030615369118,-32.92688320554261],[-71.510163703345,-32.92731328974792],[-71.50992510002575,-32.92719642706562],[-71.50930016813373,-32.92674706588827],[-71.50911492833563,-32.92633492156854],[-71.50908966860815,-32.92597321791287],[-71.51032023119,-32.925976071132396],[-71.51044903972027,-32.92635509383664],[-71.5107594112442,-32.926856959807864]]],[[[-71.5113813382716,-32.927027593137204],[-71.51151390535301,-32.9267886061],[-71.51207395911858,-32.92755797039484],[-71.51208095160476,-32.9277855525121],[-71.5129092387209,-32.92876778397118],[-71.5130322585075,-32.92916304481535],[-71.51286337343745,-32.92955029197913],[-71.51224861766097,-32.928559626669866],[-71.51161800931466,-32.928015390025976],[-71.51166662613784,-32.92751273740849],[-71.51164270400182,-32.92742674641411],[-71.5113813382716,-32.927027593137204]]],[[[-71.51503176998939,-32.93346522681281],[-71.51487210792236,-32.933017435560025],[-71.51551508696845,-32.932814952034335],[-71.51485505879657,-32.93296286603198],[-71.51476665918274,-32.932710820528136],[-71.51543166941116,-32.932493466574215],[-71.51478650925557,-32.932660377261975],[-71.51465229107065,-32.93231196176688],[-71.51559633329767,-32.93208952884533],[-71.51591099966697,-32.93292531341305],[-71.5151539687158,-32.93310445253921],[-71.51525774748731,-32.93341624062497],[-71.51503176998939,-32.93346522681281]]],[[[-71.51359071776342,-32.93189613307772],[-71.513658758858,-32.93187919887381],[-71.51349681327352,-32.93156769263446],[-71.51376174082384,-32.93147400447913],[-71.51398252066953,-32.9320438473017],[-71.5137606394893,-32.93211746719772],[-71.51400891766416,-32.93210381959076],[-71.51422755412959,-32.93275647986236],[-71.51403413786578,-32.9328607161157],[-71.51425938772832,-32.932827162476826],[-71.51440020044573,-32.93328603413219],[-71.5144397074536,-32.933292068071964],[-71.51427398355506,-32.932810187737104],[-71.51469437534507,-32.93272958821454],[-71.51496305336171,-32.933480636963765],[-71.51480838233442,-32.93351532506126],[-71.51402142850112,-32.93324468395349],[-71.51359071776342,-32.93189613307772]]],[[[-71.51420646348335,-32.93384988868083],[-71.51409023226537,-32.93346972568145],[-71.51486627066966,-32.93373160664076],[-71.51513849074344,-32.93366218988814],[-71.51608131934653,-32.934082992396384],[-71.51581211491714,-32.93457126983851],[-71.51420646348335,-32.93384988868083]]],[[[-71.5133188210831,-32.92834816710476],[-71.51351721491193,-32.92905599406246],[-71.51350205045162,-32.92934006077523],[-71.51332701731177,-32.92964834627052],[-71.51286612677379,-32.92960605190243],[-71.5130588360635,-32.92915385361701],[-71.51292941488217,-32.928725088808804],[-71.51266068655988,-32.92830038901088],[-71.51214104889728,-32.9278059378333],[-71.51212301611625,-32.92759962558909],[-71.51324209148312,-32.92838260914841],[-71.5133188210831,-32.92834816710476]]],[[[-71.51042691331651,-32.92696194722423],[-71.51102752691547,-32.92693115782504],[-71.511338598227,-32.92703232984737],[-71.51164210033394,-32.92747346635078],[-71.51159623864375,-32.92799204226793],[-71.51138159518977,-32.92777797549905],[-71.51024421305571,-32.927324655703984],[-71.5103440814608,-32.92697102630224],[-71.51090553300494,-32.92726898407008],[-71.51152687253415,-32.92741780461265],[-71.51088471544655,-32.927236039813444],[-71.51042691331651,-32.92696194722423]]],[[[-71.5143171970118,-32.93133388184623],[-71.51424083572105,-32.93111793143231],[-71.51479750463464,-32.93043920364902],[-71.51534053263063,-32.93064963355416],[-71.5150419685628,-32.9311656416545],[-71.5143171970118,-32.93133388184623]]],[[[-71.51462708254714,-32.92918209826444],[-71.51439806425199,-32.92946134806924],[-71.51368961239473,-32.92905898968778],[-71.51357353389037,-32.92907168320597],[-71.51339835432512,-32.92840727479776],[-71.51462708254714,-32.92918209826444]]],[[[-71.51400281181517,-32.932035414142966],[-71.51383054818136,-32.93151752391723],[-71.5136482036534,-32.931342298484374],[-71.51394660422785,-32.93098643677559],[-71.51413773787255,-32.931098186247965],[-71.51440994177668,-32.931898186142384],[-71.51400281181517,-32.932035414142966]]],[[[-71.51416339824864,-32.93107548847907],[-71.51381764657725,-32.93086144349688],[-71.51441426806308,-32.93017379710432],[-71.51474979331326,-32.93039679279145],[-71.51416339824864,-32.93107548847907]]],[[[-71.51082540238329,-32.92685562821817],[-71.51059688085648,-32.9265849433608],[-71.51034431861603,-32.92597564812603],[-71.51079212698853,-32.92596939351276],[-71.5109360344021,-32.92642689148073],[-71.51126943154338,-32.926802075071386],[-71.51082540238329,-32.92685562821817]]],[[[-71.51131451439423,-32.92678274589415],[-71.51101115062785,-32.92645205004911],[-71.51085606457887,-32.92596851733905],[-71.51129081863368,-32.9259625620721],[-71.51144583281742,-32.926251942492215],[-71.5114561526634,-32.92659922820933],[-71.51131451439423,-32.92678274589415]]],[[[-71.51424767190038,-32.9327419177952],[-71.51403087608298,-32.93207876139969],[-71.51440649404262,-32.93199167103032],[-71.51466272859594,-32.93263527776048],[-71.51424767190038,-32.9327419177952]]],[[[-71.515977192927,-32.93289136924575],[-71.51568201820274,-32.93209844303171],[-71.51571973486826,-32.93202951583215],[-71.51589432783362,-32.932021490570115],[-71.51628128612542,-32.93216376922007],[-71.51573424086347,-32.93207564976526],[-71.515977192927,-32.93289136924575]]],[[[-71.51144459134568,-32.92621015169387],[-71.5113611666019,-32.92603965703606],[-71.51132322625587,-32.92596211719901],[-71.5114371748547,-32.925960555619056],[-71.51144459134568,-32.92621015169387]]],[[[-71.51109533265144,-32.926929354223724],[-71.51125593705119,-32.926909630724964],[-71.51136561146592,-32.92686560307628],[-71.51130396008796,-32.92700218817013],[-71.51109533265144,-32.926929354223724]]]]}},{"type":"Feature","properties":{"comuna":"Concon","zona":"ZLM-2","zona_code":"ZLM-2","nombre":"ZLM-2 Zona Litoral Maritimo 2","decreto":""},"geometry":{"type":"MultiPolygon","coordinates":[[[[-71.5346079321194,-32.93065239312907],[-71.53580158292621,-32.93082577946161],[-71.53584559857852,-32.930910635428155],[-71.53610938976001,-32.93087578269546],[-71.53625540372292,-32.93068130834201],[-71.53654756370109,-32.93074300138649],[-71.5368752789982,-32.930520939249455],[-71.53699659018912,-32.93066282824223],[-71.53722413075563,-32.93070815914354],[-71.53775113999347,-32.93059279835532],[-71.53686296668891,-32.93100237740582],[-71.53632091067006,-32.931082554012264],[-71.53568542626842,-32.931019182093166],[-71.5346079321194,-32.93065239312907]]],[[[-71.53796956355818,-32.9305315085871],[-71.5381951233395,-32.9303112434197],[-71.53841963299026,-32.93034564247591],[-71.53842041452455,-32.93043518189816],[-71.53796956355818,-32.9305315085871]]]]}},{"type":"Feature","properties":{"comuna":"Concon","zona":"ZAV","zona_code":"ZAV","nombre":"ZAV Zona Area Verde","decreto":""},"geometry":{"type":"Polygon","coordinates":[[[-71.53220103914774,-32.932423386866766],[-71.53233709169244,-32.9323739628008],[-71.53238413646388,-32.93261871314115],[-71.53229767361778,-32.93255039705952],[-71.53220103914774,-32.932423386866766]]]}},{"type":"Feature","properties":{"comuna":"Concon","zona":"ZTR","zona_code":"ZTR","nombre":"ZTR Zona Densidad Turístico Residencial","decreto":""},"geometry":{"type":"Polygon","coordinates":[[[-71.54225865971372,-32.92817086037689],[-71.54283286104672,-32.927801551023585],[-71.54352055193942,-32.927599098537335],[-71.54353811040997,-32.92773082895516],[-71.54284689812134,-32.9280521062764],[-71.54272766922526,-32.92831846772105],[-71.54225865971372,-32.92817086037689]]]}},{"type":"Feature","properties":{"comuna":"Concon","zona":"ZE","zona_code":"ZE","nombre":"ZE Zona de Equipamiento","decreto":""},"geometry":{"type":"Polygon","coordinates":[[[-71.54214323608119,-32.92833821201784],[-71.54225865971372,-32.92817086037689],[-71.54272766922526,-32.92831846772105],[-71.54280102834632,-32.92853952050242],[-71.54214323608119,-32.92833821201784]]]}},{"type":"Feature","properties":{"comuna":"Concon","zona":"ZDTR","zona_code":"ZDTR","nombre":"ZDTR Zona Densidad Turístico Residencial","decreto":""},"geometry":{"type":"Polygon","coordinates":[[[-71.54664415048917,-32.929344108211666],[-71.54627914702293,-32.9296335499545],[-71.5460042337999,-32.92960587697651],[-71.54434258228962,-32.928779188948276],[-71.54317326774218,-32.9286051840948],[-71.54297946520278,-32.92844709963169],[-71.54294153114495,-32.928281397954066],[-71.54345719106749,-32.9279298903777],[-71.54477110473128,-32.92787711903126],[-71.54574510487473,-32.92840159415145],[-71.54670434030815,-32.92835087170933],[-71.5472297271886,-32.928499230491724],[-71.54724737099909,-32.92889347388551],[-71.54676018138285,-32.92875443141481],[-71.54628401589177,-32.92896672996103],[-71.54664415048917,-32.929344108211666]]]}},{"type":"Feature","properties":{"comuna":"Concon","zona":"ZTR","zona_code":"ZTR","nombre":"ZTR Zona Densidad Turístico Residencial","decreto":""},"geometry":{"type":"Polygon","coordinates":[[[-71.5390077851596,-32.9304544959517],[-71.53950329407367,-32.92986853467363],[-71.54063909337621,-32.92975957190233],[-71.541305594808,-32.92955715556443],[-71.54198829825425,-32.9289696554677],[-71.54214323608119,-32.92833821201784],[-71.54280102834632,-32.92853952050242],[-71.54341975018477,-32.92898066230865],[-71.54309666660126,-32.929729663383185],[-71.54329069641442,-32.93017979808094],[-71.54299652241339,-32.93038246482501],[-71.54216246990974,-32.929840228418264],[-71.54199632020973,-32.92994314712062],[-71.54212268622076,-32.93012223875301],[-71.54197882551959,-32.92997443159566],[-71.54190321432212,-32.93001835817082],[-71.54206774166472,-32.93016855840743],[-71.54184049035571,-32.93034130781707],[-71.54132025261849,-32.93051227145668],[-71.54104049208618,-32.930067913992715],[-71.53957955924469,-32.93023099750147],[-71.5390077851596,-32.9304544959517]]]}},{"type":"Feature","properties":{"comuna":"Concon","zona":"ZEP","zona_code":"ZEP","nombre":"ZEP Zona Espacios Publicos","decreto":""},"geometry":{"type":"Polygon","coordinates":[[[-71.51716607727293,-32.925375153471194],[-71.51716110419952,-32.92513396171326],[-71.51744926757297,-32.92513065906512],[-71.51745255630524,-32.92537192397272],[-71.51716607727293,-32.925375153471194]]]}},{"type":"Feature","properties":{"comuna":"Concon","zona":"ZEP","zona_code":"ZEP","nombre":"ZEP Zona Espacios Publicos","decreto":""},"geometry":{"type":"Polygon","coordinates":[[[-71.51972764396685,-32.925340715534965],[-71.5197226637069,-32.92509952443718],[-71.52001082708037,-32.92509621500149],[-71.52001412299916,-32.92533748000302],[-71.51972764396685,-32.925340715534965]]]}},{"type":"Feature","properties":{"comuna":"Concon","zona":"ZEP","zona_code":"ZEP","nombre":"ZEP Zona Espacios Publicos","decreto":""},"geometry":{"type":"Polygon","coordinates":[[[-71.53104715675855,-32.93077305206549],[-71.5310064999071,-32.93063404044625],[-71.53112909838381,-32.93070259702013],[-71.53104715675855,-32.93077305206549]]]}},{"type":"Feature","properties":{"comuna":"Concon","zona":"ZEP","zona_code":"ZEP","nombre":"ZEP Zona Espacios Publicos","decreto":""},"geometry":{"type":"MultiPolygon","coordinates":[[[[-71.53286455996941,-32.933123422203664],[-71.53223433879701,-32.93323134338227],[-71.53129938392739,-32.933133618019646],[-71.5311086617111,-32.93303342935554],[-71.53145583451726,-32.932365277094405],[-71.53223767873324,-32.93265154531446],[-71.53286455996941,-32.933123422203664]]],[[[-71.53137385067117,-32.93227867708654],[-71.53151345695116,-32.932048864974206],[-71.53197920827316,-32.932279792205705],[-71.53183195822841,-32.93233033219679],[-71.53155631377675,-32.93223294738659],[-71.53137385067117,-32.93227867708654]]],[[[-71.53216705857548,-32.93256310138621],[-71.53193263421892,-32.932493750065625],[-71.53146528030248,-32.932310263830786],[-71.53181985163332,-32.932374489824106],[-71.53200856162339,-32.93230975339441],[-71.53216705857548,-32.93256310138621]]]]}},{"type":"Feature","properties":{"comuna":"Concon","zona":"ZEP","zona_code":"ZEP","nombre":"ZEP Zona Espacios Publicos","decreto":""},"geometry":{"type":"Polygon","coordinates":[[[-71.53694876837496,-32.935077260774555],[-71.53696126394057,-32.93463878894395],[-71.53704066872346,-32.934622388306586],[-71.5370377312325,-32.935069773351465],[-71.53694876837496,-32.935077260774555]]]}},{"type":"Feature","properties":{"comuna":"Concon","zona":"ZEP","zona_code":"ZEP","nombre":"ZEP Zona Espacios Publicos","decreto":""},"geometry":{"type":"Polygon","coordinates":[[[-71.5371318171821,-32.935048953924095],[-71.5371394115395,-32.93463262089326],[-71.53722816508959,-32.93462098822448],[-71.53727267840854,-32.935037089095026],[-71.5371318171821,-32.935048953924095]]]}},{"type":"Feature","properties":{"comuna":"Concon","zona":"ZEP","zona_code":"ZEP","nombre":"ZEP Zona Espacios Publicos","decreto":""},"geometry":{"type":"Polygon","coordinates":[[[-71.53661882705258,-32.93509822872228],[-71.53665484320726,-32.93461243090992],[-71.53686567331286,-32.93462800672966],[-71.53685925664679,-32.93507676166326],[-71.53661882705258,-32.93509822872228]]]}},{"type":"Feature","properties":{"comuna":"Concon","zona":"ZEP","zona_code":"ZEP","nombre":"ZEP Zona Espacios Publicos","decreto":""},"geometry":{"type":"Polygon","coordinates":[[[-71.53961969597157,-32.93421795289021],[-71.53926178021293,-32.93441991071678],[-71.53919660654074,-32.93410453810767],[-71.53943979845445,-32.93410728626551],[-71.53961969597157,-32.93421795289021]]]}},{"type":"Feature","properties":{"comuna":"Concon","zona":"ZEP","zona_code":"ZEP","nombre":"ZEP Zona Espacios Publicos","decreto":""},"geometry":{"type":"Polygon","coordinates":[[[-71.54083997464004,-32.934933231625344],[-71.54062347796162,-32.93494243504028],[-71.54059899617518,-32.93478499521757],[-71.54083997464004,-32.934933231625344]]]}},{"type":"Feature","properties":{"comuna":"Concon","zona":"ZEP","zona_code":"ZEP","nombre":"ZEP Zona Espacios Publicos","decreto":""},"geometry":{"type":"Polygon","coordinates":[[[-71.54142702098328,-32.933417016448416],[-71.54138590239776,-32.93332743103708],[-71.54183167698447,-32.933176866723336],[-71.54190838951648,-32.93335697266962],[-71.54142702098328,-32.933417016448416]]]}},{"type":"Feature","properties":{"comuna":"Concon","zona":"ZEP","zona_code":"ZEP","nombre":"ZEP Zona Espacios Publicos","decreto":""},"geometry":{"type":"Polygon","coordinates":[[[-71.54140549195918,-32.93347809235514],[-71.54097988904218,-32.93358520033514],[-71.54091357091632,-32.93349128058963],[-71.54136354602528,-32.933372713827445],[-71.54140549195918,-32.93347809235514]]]}},{"type":"Feature","properties":{"comuna":"Concon","zona":"ZEP","zona_code":"ZEP","nombre":"ZEP Zona Espacios Publicos","decreto":""},"geometry":{"type":"Polygon","coordinates":[[[-71.53518093509979,-32.93383376309082],[-71.53541097208449,-32.93365913485613],[-71.53564388277977,-32.93384003675088],[-71.53518093509979,-32.93383376309082]]]}},{"type":"Feature","properties":{"comuna":"Concon","zona":"ZEP","zona_code":"ZEP","nombre":"ZEP Zona Espacios Publicos","decreto":""},"geometry":{"type":"Polygon","coordinates":[[[-71.53553179010031,-32.93505454367015],[-71.53493598248812,-32.93505396841037],[-71.53491328295921,-32.935049361808176],[-71.53524013138207,-32.93485139982705],[-71.53553179010031,-32.93505454367015]]]}},{"type":"Feature","properties":{"comuna":"Concon","zona":"ZEP","zona_code":"ZEP","nombre":"ZEP Zona Espacios Publicos","decreto":""},"geometry":{"type":"Polygon","coordinates":[[[-71.53680091556068,-32.935659800852676],[-71.53696858341351,-32.935467256551355],[-71.53711694018267,-32.9356713881485],[-71.53680091556068,-32.935659800852676]]]}},{"type":"Feature","properties":{"comuna":"Concon","zona":"ZEP","zona_code":"ZEP","nombre":"ZEP Zona Espacios Publicos","decreto":""},"geometry":{"type":"Polygon","coordinates":[[[-71.53617281800558,-32.935747937093225],[-71.53624148702254,-32.935637925294664],[-71.53632768756056,-32.93574125870333],[-71.53626559600812,-32.935817265506024],[-71.53617281800558,-32.935747937093225]]]}},{"type":"Feature","properties":{"comuna":"Concon","zona":"ZEP","zona_code":"ZEP","nombre":"ZEP Zona Espacios Publicos","decreto":""},"geometry":{"type":"Polygon","coordinates":[[[-71.53572630769867,-32.935788973971185],[-71.53572412119927,-32.93571240470561],[-71.53580118407423,-32.93561740757695],[-71.53588653929758,-32.93573526790514],[-71.53572630769867,-32.935788973971185]]]}},{"type":"Feature","properties":{"comuna":"Concon","zona":"ZEP","zona_code":"ZEP","nombre":"ZEP Zona Espacios Publicos","decreto":""},"geometry":{"type":"Polygon","coordinates":[[[-71.53917808777115,-32.93609041010252],[-71.53912208140645,-32.935394492151545],[-71.53952541059599,-32.93533140605004],[-71.53957031737704,-32.936045657212794],[-71.53917808777115,-32.93609041010252]]]}},{"type":"Feature","properties":{"comuna":"Concon","zona":"ZEP","zona_code":"ZEP","nombre":"ZEP Zona Espacios Publicos","decreto":""},"geometry":{"type":"Polygon","coordinates":[[[-71.53905595821502,-32.93314425791746],[-71.53895039538935,-32.93304504413803],[-71.53922194262502,-32.93302466982559],[-71.53905595821502,-32.93314425791746]]]}},{"type":"Feature","properties":{"comuna":"Concon","zona":"ZEP","zona_code":"ZEP","nombre":"ZEP Zona Espacios Publicos","decreto":""},"geometry":{"type":"MultiPolygon","coordinates":[[[[-71.53058320745701,-32.93587679493704],[-71.53076480458662,-32.93588702285496],[-71.53181180811828,-32.936158605836084],[-71.53175031664045,-32.93628892571389],[-71.53058320745701,-32.93587679493704]]],[[[-71.53051144733718,-32.93585145433421],[-71.53053104857668,-32.935807955876825],[-71.53060742334213,-32.93584875599045],[-71.53051144733718,-32.93585145433421]]]]}},{"type":"Feature","properties":{"comuna":"Concon","zona":"ZEP","zona_code":"ZEP","nombre":"ZEP Zona Espacios Publicos","decreto":""},"geometry":{"type":"Polygon","coordinates":[[[-71.5208722494541,-32.933291308834505],[-71.52094374636755,-32.93313589648994],[-71.52145200866373,-32.93325597902919],[-71.52139313397834,-32.93342787194431],[-71.52145586782619,-32.93344453819648],[-71.5208722494541,-32.933291308834505]]]}},{"type":"Feature","properties":{"comuna":"Concon","zona":"ZEP","zona_code":"ZEP","nombre":"ZEP Zona Espacios Publicos","decreto":""},"geometry":{"type":"Polygon","coordinates":[[[-71.52205084090349,-32.93040429116584],[-71.52224568548861,-32.930306692365434],[-71.5224677589083,-32.930616515632444],[-71.52227092275821,-32.93071780558529],[-71.52205084090349,-32.93040429116584]]]}},{"type":"Feature","properties":{"comuna":"Concon","zona":"ZEP","zona_code":"ZEP","nombre":"ZEP Zona Espacios Publicos","decreto":""},"geometry":{"type":"Polygon","coordinates":[[[-71.51431360105572,-32.926594580449965],[-71.51509099950933,-32.926583347107076],[-71.51510904666338,-32.92708107753233],[-71.51431033657796,-32.92666434658008],[-71.51431360105572,-32.926594580449965]]]}},{"type":"Feature","properties":{"comuna":"Concon","zona":"ZEP","zona_code":"ZEP","nombre":"ZEP Zona Espacios Publicos","decreto":""},"geometry":{"type":"Polygon","coordinates":[[[-71.51361151735551,-32.93005123127061],[-71.51370212682495,-32.930190409682595],[-71.51368918569497,-32.93021119104628],[-71.51347925210804,-32.93007581050019],[-71.51356323829889,-32.92997707281552],[-71.51348824604065,-32.93008026581],[-71.51361151735551,-32.93005123127061]]]}},{"type":"Feature","properties":{"comuna":"Concon","zona":"ZEP","zona_code":"ZEP","nombre":"ZEP Zona Espacios Publicos","decreto":""},"geometry":{"type":"Polygon","coordinates":[[[-71.51376143809159,-32.9301978047784],[-71.51360694942228,-32.92993840905834],[-71.51385036232158,-32.930088178904064],[-71.51376143809159,-32.9301978047784]]]}},{"type":"Feature","properties":{"comuna":"Concon","zona":"ZEP","zona_code":"ZEP","nombre":"ZEP Zona Espacios Publicos","decreto":""},"geometry":{"type":"Polygon","coordinates":[[[-71.51501603779381,-32.92838192602297],[-71.51514866865563,-32.92820681728171],[-71.51538018336898,-32.928336335306994],[-71.51525636947166,-32.928504489645455],[-71.51501603779381,-32.92838192602297]]]}},{"type":"Feature","properties":{"comuna":"Concon","zona":"ZEP","zona_code":"ZEP","nombre":"ZEP Zona Espacios Publicos","decreto":""},"geometry":{"type":"Polygon","coordinates":[[[-71.51497283062527,-32.930380239062714],[-71.51506237828606,-32.930186810152655],[-71.51532449410955,-32.93032130459652],[-71.51521548624477,-32.93048919880761],[-71.51497283062527,-32.930380239062714]]]}},{"type":"Feature","properties":{"comuna":"Concon","zona":"ZEP","zona_code":"ZEP","nombre":"ZEP Zona Espacios Publicos","decreto":""},"geometry":{"type":"Polygon","coordinates":[[[-71.51603069838195,-32.93286393026154],[-71.51574590638575,-32.93206327108366],[-71.51625935375773,-32.9321922300496],[-71.51605797033567,-32.93242640499709],[-71.51657732862223,-32.93274557904621],[-71.51688471863773,-32.932477031610574],[-71.51673725299732,-32.933147254158314],[-71.51603069838195,-32.93286393026154]]]}},{"type":"Feature","properties":{"comuna":"Concon","zona":"ZEP","zona_code":"ZEP","nombre":"ZEP Zona Espacios Publicos","decreto":""},"geometry":{"type":"Polygon","coordinates":[[[-71.51711171841845,-32.93430968992984],[-71.51700035247605,-32.93435337233405],[-71.51696976573895,-32.934110884128025],[-71.51711171841845,-32.93430968992984]]]}},{"type":"Feature","properties":{"comuna":"Concon","zona":"ZEP","zona_code":"ZEP","nombre":"ZEP Zona Espacios Publicos","decreto":""},"geometry":{"type":"Polygon","coordinates":[[[-71.51721224618696,-32.93535778648802],[-71.51706348337927,-32.934819640582496],[-71.51703974809283,-32.934509861441],[-71.51761187341918,-32.934763558994355],[-71.51721224618696,-32.93535778648802]]]}},{"type":"Feature","properties":{"comuna":"Concon","zona":"ZEP","zona_code":"ZEP","nombre":"ZEP Zona Espacios Publicos","decreto":""},"geometry":{"type":"Polygon","coordinates":[[[-71.51851029200957,-32.93428251376064],[-71.51861080360838,-32.934065625842024],[-71.51876248055085,-32.934128117977814],[-71.51851029200957,-32.93428251376064]]]}},{"type":"Feature","properties":{"comuna":"Concon","zona":"ZEP","zona_code":"ZEP","nombre":"ZEP Zona Espacios Publicos","decreto":""},"geometry":{"type":"Polygon","coordinates":[[[-71.51789254753812,-32.933524037797234],[-71.5178870444587,-32.933420368548475],[-71.51837027699612,-32.93339078245353],[-71.51837834656232,-32.93349352738447],[-71.51789254753812,-32.933524037797234]]]}},{"type":"Feature","properties":{"comuna":"Concon","zona":"ZEP","zona_code":"ZEP","nombre":"ZEP Zona Espacios Publicos","decreto":""},"geometry":{"type":"Polygon","coordinates":[[[-71.52010891592289,-32.93494173613264],[-71.5203595144461,-32.934431032987874],[-71.520874742279,-32.9345352340941],[-71.52069748491051,-32.9350905030546],[-71.52010891592289,-32.93494173613264]]]}},{"type":"Feature","properties":{"comuna":"Concon","zona":"ZEP","zona_code":"ZEP","nombre":"ZEP Zona Espacios Publicos","decreto":""},"geometry":{"type":"Polygon","coordinates":[[[-71.52099815912095,-32.93620545611548],[-71.52085475656057,-32.93611093449589],[-71.52102522895372,-32.93614589448646],[-71.52099815912095,-32.93620545611548]]]}},{"type":"Feature","properties":{"comuna":"Concon","zona":"ZEP","zona_code":"ZEP","nombre":"ZEP Zona Espacios Publicos","decreto":""},"geometry":{"type":"Polygon","coordinates":[[[-71.52107778488943,-32.93625794127617],[-71.52110784521376,-32.936155984403094],[-71.52145121095975,-32.93622554395398],[-71.52137039582185,-32.93644421942847],[-71.52107778488943,-32.93625794127617]]]}},{"type":"Feature","properties":{"comuna":"Concon","zona":"ZEP","zona_code":"ZEP","nombre":"ZEP Zona Espacios Publicos","decreto":""},"geometry":{"type":"Polygon","coordinates":[[[-71.52390832155244,-32.93753976074407],[-71.52377633388437,-32.93748253491628],[-71.52395108764817,-32.93691324432728],[-71.5240927465786,-32.936944976432514],[-71.52390832155244,-32.93753976074407]]]}},{"type":"Feature","properties":{"comuna":"Concon","zona":"ZEP","zona_code":"ZEP","nombre":"ZEP Zona Espacios Publicos","decreto":""},"geometry":{"type":"MultiPolygon","coordinates":[[[[-71.54338209190973,-32.93990457755274],[-71.54388011700493,-32.93945883183396],[-71.54395364141601,-32.93952117239334],[-71.54344499464088,-32.939969678589904],[-71.54338209190973,-32.93990457755274]]],[[[-71.54344765095918,-32.939779055573304],[-71.54329580603175,-32.93983999967692],[-71.54384482848563,-32.93943170398919],[-71.54344765095918,-32.939779055573304]]]]}},{"type":"Feature","properties":{"comuna":"Concon","zona":"ZEP","zona_code":"ZEP","nombre":"ZEP Zona Espacios Publicos","decreto":""},"geometry":{"type":"MultiPolygon","coordinates":[[[[-71.5427907722807,-32.94042327886862],[-71.54327706986989,-32.93999317396709],[-71.5433447965541,-32.94005271415749],[-71.542850980066,-32.94048877305886],[-71.5427907722807,-32.94042327886862]]],[[[-71.54276119165672,-32.94039110245699],[-71.54288191265448,-32.94020596497704],[-71.54324336148716,-32.9399646470426],[-71.54300468181111,-32.94017444362635],[-71.54276119165672,-32.94039110245699]]]]}},{"type":"Feature","properties":{"comuna":"Concon","zona":"ZEP","zona_code":"ZEP","nombre":"ZEP Zona Espacios Publicos","decreto":""},"geometry":{"type":"MultiPolygon","coordinates":[[[[-71.54216442105054,-32.94098649007726],[-71.54268327178897,-32.940518287420794],[-71.5427400785526,-32.940583101525085],[-71.54224580751698,-32.941056449915706],[-71.54216442105054,-32.94098649007726]]],[[[-71.5420746640823,-32.94090933953542],[-71.54261238393327,-32.94045490190691],[-71.54264989668121,-32.94048946438367],[-71.54213093994159,-32.940957711672525],[-71.5420746640823,-32.94090933953542]]]]}},{"type":"Feature","properties":{"comuna":"Concon","zona":"ZEP","zona_code":"ZEP","nombre":"ZEP Zona Espacios Publicos","decreto":""},"geometry":{"type":"MultiPolygon","coordinates":[[[[-71.54079016395586,-32.942127496935946],[-71.54070769412118,-32.942097481777836],[-71.54127125401132,-32.941608193459004],[-71.54133041795424,-32.941652558296866],[-71.54079016395586,-32.942127496935946]]],[[[-71.54083690509671,-32.9421445083355],[-71.54136609813902,-32.94167931379343],[-71.54139622314207,-32.941708928778986],[-71.5409200639392,-32.942174774521],[-71.54083690509671,-32.9421445083355]]]]}},{"type":"Feature","properties":{"comuna":"Concon","zona":"ZEP","zona_code":"ZEP","nombre":"ZEP Zona Espacios Publicos","decreto":""},"geometry":{"type":"MultiPolygon","coordinates":[[[[-71.54142677394657,-32.94157213570355],[-71.54136387031711,-32.94152680132344],[-71.54187515724085,-32.941080306119005],[-71.54193937510557,-32.94113314422405],[-71.54142677394657,-32.94157213570355]]],[[[-71.54145794369029,-32.94160274962772],[-71.54197355061224,-32.94116126216174],[-71.54205050029947,-32.94122457404174],[-71.54153430048945,-32.94163506582174],[-71.54145794369029,-32.94160274962772]]]]}},{"type":"Feature","properties":{"comuna":"Concon","zona":"ZEP","zona_code":"ZEP","nombre":"ZEP Zona Espacios Publicos","decreto":""},"geometry":{"type":"Polygon","coordinates":[[[-71.5438170903063,-32.943040413799345],[-71.5445547796311,-32.94302239840832],[-71.54455732904987,-32.94304491971971],[-71.5438170903063,-32.943040413799345]]]}},{"type":"Feature","properties":{"comuna":"Concon","zona":"ZEP","zona_code":"ZEP","nombre":"ZEP Zona Espacios Publicos","decreto":""},"geometry":{"type":"Polygon","coordinates":[[[-71.54368217952029,-32.943040333134576],[-71.54296694628097,-32.943010705025166],[-71.54370133250046,-32.94302673621507],[-71.54368217952029,-32.943040333134576]]]}},{"type":"Feature","properties":{"comuna":"Concon","zona":"ZEP","zona_code":"ZEP","nombre":"ZEP Zona Espacios Publicos","decreto":""},"geometry":{"type":"Polygon","coordinates":[[[-71.54198697683246,-32.94228581477721],[-71.54191087605318,-32.94218581213573],[-71.54243256097632,-32.94211346262307],[-71.54198697683246,-32.94228581477721]]]}},{"type":"Feature","properties":{"comuna":"Concon","zona":"ZEP","zona_code":"ZEP","nombre":"ZEP Zona Espacios Publicos","decreto":""},"geometry":{"type":"Polygon","coordinates":[[[-71.54185281074983,-32.942337709808655],[-71.5415656894221,-32.94239416278101],[-71.54142825616678,-32.94232571478187],[-71.54178549279908,-32.9422438393136],[-71.54185281074983,-32.942337709808655]]]}},{"type":"Feature","properties":{"comuna":"Concon","zona":"ZEP","zona_code":"ZEP","nombre":"ZEP Zona Espacios Publicos","decreto":""},"geometry":{"type":"MultiPolygon","coordinates":[[[[-71.5439712798366,-32.939377893080334],[-71.54447112761353,-32.938938803254004],[-71.54474948677398,-32.93868404636582],[-71.54475810071924,-32.93886237317358],[-71.54403952484874,-32.939439679574924],[-71.5439712798366,-32.939377893080334]]],[[[-71.54393501215364,-32.93935162768159],[-71.5444118055671,-32.93888521444926],[-71.54430516206814,-32.938811059630964],[-71.54438258157427,-32.9387302951924],[-71.54448588334037,-32.938809676955145],[-71.54471298642736,-32.938605549585795],[-71.54393501215364,-32.93935162768159]]]]}},{"type":"Feature","properties":{"comuna":"Concon","zona":"ZEP","zona_code":"ZEP","nombre":"ZEP Zona Espacios Publicos","decreto":""},"geometry":{"type":"Polygon","coordinates":[[[-71.54985642892714,-32.93576533196692],[-71.55054285139867,-32.93604200363772],[-71.55084923260608,-32.93646715783206],[-71.55078897541348,-32.93677519984886],[-71.55059985219839,-32.93628056910722],[-71.54985642892714,-32.93576533196692]]]}},{"type":"Feature","properties":{"comuna":"Concon","zona":"ZEP","zona_code":"ZEP","nombre":"ZEP Zona Espacios Publicos","decreto":""},"geometry":{"type":"Polygon","coordinates":[[[-71.549922613204,-32.93499603678932],[-71.5500250498925,-32.93487946773982],[-71.55007628710133,-32.934811798782675],[-71.55006548575837,-32.934940326254306],[-71.549922613204,-32.93499603678932]]]}},{"type":"Feature","properties":{"comuna":"Concon","zona":"ZEP","zona_code":"ZEP","nombre":"ZEP Zona Espacios Publicos","decreto":""},"geometry":{"type":"Polygon","coordinates":[[[-71.53904904478058,-32.93178507072841],[-71.53964328034104,-32.93160424153625],[-71.5396715242719,-32.931772414544234],[-71.53904904478058,-32.93178507072841]]]}},{"type":"Feature","properties":{"comuna":"Concon","zona":"ZEP","zona_code":"ZEP","nombre":"ZEP Zona Espacios Publicos","decreto":""},"geometry":{"type":"Polygon","coordinates":[[[-71.54077045491852,-32.93140619870899],[-71.54086033315933,-32.93134172018452],[-71.54111061996717,-32.931594826661225],[-71.54110624337508,-32.93159539666571],[-71.54077045491852,-32.93140619870899]]]}},{"type":"Feature","properties":{"comuna":"Concon","zona":"ZEP","zona_code":"ZEP","nombre":"ZEP Zona Espacios Publicos","decreto":""},"geometry":{"type":"Polygon","coordinates":[[[-71.54047634739281,-32.930487643339426],[-71.54083317888492,-32.930451385014095],[-71.54086403331998,-32.93050010216372],[-71.54062671908316,-32.93066882089188],[-71.54047634739281,-32.930487643339426]]]}},{"type":"Feature","properties":{"comuna":"Concon","zona":"ZEP","zona_code":"ZEP","nombre":"ZEP Zona Espacios Publicos","decreto":""},"geometry":{"type":"Polygon","coordinates":[[[-71.51650323378098,-32.922478143409826],[-71.51544093553332,-32.922488592305974],[-71.51542052670838,-32.921590622923276],[-71.51648311151861,-32.9215794801863],[-71.51650323378098,-32.922478143409826]]]}},{"type":"Feature","properties":{"comuna":"Concon","zona":"ZEP","zona_code":"ZEP","nombre":"ZEP Zona Espacios Publicos","decreto":""},"geometry":{"type":"Polygon","coordinates":[[[-71.51515022992757,-32.92082585555727],[-71.51540119676008,-32.920750130714005],[-71.51540236546828,-32.92096272596206],[-71.51520547362261,-32.92099954542968],[-71.51515022992757,-32.92082585555727]]]}},{"type":"Feature","properties":{"comuna":"Concon","zona":"ZLM-1","zona_code":"ZLM-1","nombre":"ZLM-1 Zona Litoral Maritimo 1","decreto":""},"geometry":{"type":"MultiPolygon","coordinates":[[[[-71.52413979853652,-32.920878269157825],[-71.52388614035144,-32.92018930547968],[-71.52358021638649,-32.91967200798873],[-71.52354500602061,-32.9191967836305],[-71.52380124237058,-32.91929591340141],[-71.52369089781266,-32.91948083524406],[-71.52379909449873,-32.91972101234394],[-71.5239718019003,-32.919582369446985],[-71.5240706246664,-32.91967925691891],[-71.52397251695926,-32.919787842247885],[-71.52418870371893,-32.920024224774515],[-71.52418584078812,-32.92016668786],[-71.52411592311292,-32.920150424042944],[-71.5241636461124,-32.920298238563355],[-71.52425717420819,-32.92027190943576],[-71.52431202713608,-32.920775629472274],[-71.5246308158742,-32.92083573457471],[-71.5245238283205,-32.92112896768228],[-71.52461412966781,-32.92133002563176],[-71.52457288172491,-32.92163845968677],[-71.52474329393092,-32.92173749397351],[-71.52459624510881,-32.92178500264248],[-71.52460149935492,-32.92199266463232],[-71.52496953283861,-32.92287734511035],[-71.52527486930536,-32.92320879705087],[-71.52580162791324,-32.92416812642202],[-71.52595000444535,-32.92405647979361],[-71.52610373673318,-32.92411570873776],[-71.52591413920764,-32.924215409836954],[-71.5259908265868,-32.924328290621936],[-71.52646983973733,-32.9243742204572],[-71.52648550006768,-32.92425507745607],[-71.5268161833985,-32.92421104471628],[-71.52690220786674,-32.92448782642102],[-71.52698914592162,-32.924521186419916],[-71.52705478671774,-32.92440106864877],[-71.5270669157707,-32.92466411956881],[-71.5271954260603,-32.924746108581466],[-71.52707118007336,-32.92483605330778],[-71.52717651382862,-32.92498719960254],[-71.52707174870693,-32.92501732085339],[-71.52719018528893,-32.925149701318176],[-71.52699616176399,-32.9252467757259],[-71.52695400292939,-32.92479456571563],[-71.52675020663246,-32.92452643600768],[-71.52638667730159,-32.92439332847418],[-71.52549154385021,-32.924467027124145],[-71.52491549378438,-32.923934324731064],[-71.52442563617174,-32.92316609845192],[-71.52419801924842,-32.92248284492313],[-71.52414181615266,-32.922183782183275],[-71.52430514514268,-32.92215917663139],[-71.52413000600161,-32.92213085735275],[-71.52412015777115,-32.921927610688485],[-71.52424443250419,-32.921753537313975],[-71.52413568694747,-32.92161192509972],[-71.52413979853652,-32.920878269157825]]],[[[-71.53460443048643,-32.93069547566191],[-71.53375438168251,-32.930693123992555],[-71.53272831159194,-32.930227870722305],[-71.53167725216682,-32.92949270509792],[-71.53041303420285,-32.928130021283636],[-71.52823448489157,-32.9270716847963],[-71.52693445199554,-32.92587498612292],[-71.52696601250642,-32.925402842853096],[-71.52705678277431,-32.925693427018885],[-71.52748616041211,-32.92598911646716],[-71.52783585389098,-32.92577547766173],[-71.52772767337459,-32.92602495286115],[-71.52776495256055,-32.92615819592587],[-71.52907877459619,-32.9272256058041],[-71.52934185431198,-32.92717244949151],[-71.52954016549579,-32.92698105242031],[-71.52970712188292,-32.92703966413209],[-71.52979827842636,-32.926976302889145],[-71.5298049214679,-32.927094768892886],[-71.52969741917954,-32.92707340696135],[-71.52954527241818,-32.92728611746139],[-71.52958707911318,-32.92756537928285],[-71.52996668379606,-32.92777513063171],[-71.53005808018969,-32.927929073035834],[-71.53032456002882,-32.92788644608325],[-71.53019512088123,-32.927984051323804],[-71.53026706246075,-32.928027321395305],[-71.5307208446299,-32.92795499875434],[-71.53065987686988,-32.928159295472646],[-71.53089362120176,-32.92827932595538],[-71.53098461425182,-32.928586395929386],[-71.53187772020561,-32.92943454363681],[-71.53327042330635,-32.9302260400447],[-71.53460443048643,-32.93069547566191]]]]}},{"type":"Feature","properties":{"comuna":"Concon","zona":"ZLM-2","zona_code":"ZLM-2","nombre":"ZLM-2 Zona Litoral Maritimo 2","decreto":""},"geometry":{"type":"Polygon","coordinates":[[[-71.52549154385021,-32.924467027124145],[-71.52527852005868,-32.92437042539539],[-71.5248390534419,-32.923944621893334],[-71.52418742272133,-32.922835130450785],[-71.52403553736973,-32.92181760809478],[-71.52410910579822,-32.921378339102816],[-71.52400147145751,-32.92063726723248],[-71.52413979853652,-32.920878269157825],[-71.52413568694747,-32.92161192509972],[-71.52424443250419,-32.921753537313975],[-71.52412015777115,-32.921927610688485],[-71.52413000600161,-32.92213085735275],[-71.52429295500427,-32.92211444383974],[-71.52414181615266,-32.922183782183275],[-71.52442563617174,-32.92316609845192],[-71.52491549378438,-32.923934324731064],[-71.52549154385021,-32.924467027124145]]]}},{"type":"Feature","properties":{"comuna":"Concon","zona":"ZEP","zona_code":"ZEP","nombre":"ZEP Zona Espacios Publicos","decreto":""},"geometry":{"type":"Polygon","coordinates":[[[-71.53371887936417,-32.93669181288788],[-71.53382544650633,-32.936481762260094],[-71.53429207638067,-32.93656001212766],[-71.53418963789557,-32.93683872370751],[-71.53371887936417,-32.93669181288788]]]}},{"type":"Feature","properties":{"comuna":"Concon","zona":"ZEP","zona_code":"ZEP","nombre":"ZEP Zona Espacios Publicos","decreto":""},"geometry":{"type":"Polygon","coordinates":[[[-71.54222613261562,-32.93484742954515],[-71.5422354885693,-32.934626252291885],[-71.54245242093064,-32.9345859477126],[-71.54249038642948,-32.9348170507756],[-71.54222613261562,-32.93484742954515]]]}},{"type":"Feature","properties":{"comuna":"Concon","zona":"ZRTL","zona_code":"ZRTL","nombre":"ZRTL Zona Residencial Turistica Local","decreto":""},"geometry":{"type":"MultiPolygon","coordinates":[[[[-71.53815351786713,-32.9316297914527],[-71.53872405856532,-32.93143834069076],[-71.53870655129873,-32.931374487235864],[-71.53958015482772,-32.931223599911505],[-71.53978523391888,-32.9322998643485],[-71.53991005931918,-32.93251832861656],[-71.53905679544486,-32.93314620766051],[-71.53900183471917,-32.933138668804624],[-71.53815351786713,-32.9316297914527]],[[-71.53904904478058,-32.93178507072841],[-71.5396715242719,-32.931772414544234],[-71.53964328034104,-32.93160424153625],[-71.53904904478058,-32.93178507072841]],[[-71.53895039538935,-32.93304504413803],[-71.53905595821502,-32.93314425791746],[-71.53922194262502,-32.93302466982559],[-71.53895039538935,-32.93304504413803]]],[[[-71.53766913458782,-32.93182628587444],[-71.53812211995131,-32.931642638412654],[-71.53905641276256,-32.93330112463552],[-71.53996051679036,-32.93257032136357],[-71.54028574016088,-32.93287550812214],[-71.5399760414751,-32.93313932776655],[-71.5403006755508,-32.932904238641385],[-71.540473484462,-32.933060830589085],[-71.53942746548393,-32.93378662655993],[-71.53907121071023,-32.93343724817233],[-71.5386627099196,-32.93356892390541],[-71.53766913458782,-32.93182628587444]]],[[[-71.53951392294012,-32.93025639701745],[-71.53957955924469,-32.93023099750147],[-71.54029062340277,-32.93015224892759],[-71.5407172692638,-32.93013886943668],[-71.54104049208618,-32.930067913992715],[-71.54117300077712,-32.930374670132814],[-71.54157825505628,-32.930682739399764],[-71.5413600911047,-32.93081179839582],[-71.54093838058785,-32.930392974614456],[-71.54014528407463,-32.9304630808119],[-71.5403794748692,-32.93048540551604],[-71.5406206249123,-32.93073360225343],[-71.54096931497297,-32.93051749882346],[-71.54130353946262,-32.930853684284],[-71.54061759848808,-32.93131352975895],[-71.54037225241433,-32.93118751831864],[-71.53986417337447,-32.9305734300452],[-71.53951392294012,-32.93025639701745]]],[[[-71.53850449324189,-32.93064951593292],[-71.5395044582903,-32.93026939346599],[-71.54034332396722,-32.93119796618624],[-71.5395518722693,-32.931111494719836],[-71.53866818155801,-32.931311555094275],[-71.53850449324189,-32.93064951593292]]],[[[-71.54247957161178,-32.93041723632176],[-71.54199632020973,-32.92994314712062],[-71.54216246990974,-32.929840228418264],[-71.54291067221831,-32.930349137195506],[-71.54299652241339,-32.93038246482501],[-71.54329069641442,-32.93017979808094],[-71.54387017085811,-32.93050168477511],[-71.54390340223542,-32.9306163444784],[-71.54310508740875,-32.93122413825135],[-71.5427661808998,-32.93087803031074],[-71.54316493407127,-32.930603193514415],[-71.54274908326501,-32.93086001470399],[-71.54235712495036,-32.93054745005328],[-71.5427566533679,-32.93025389906316],[-71.54247957161178,-32.93041723632176]]],[[[-71.53966943119728,-32.93122292434785],[-71.540371986513,-32.93130771207552],[-71.54104336040689,-32.93161081543612],[-71.5413293399759,-32.93185611527167],[-71.54081997724352,-32.93221551939752],[-71.54059718786652,-32.93199634414115],[-71.54030619569822,-32.93180749990107],[-71.5397424768063,-32.93163844782635],[-71.53966943119728,-32.93122292434785]]],[[[-71.54146998470836,-32.93261169824636],[-71.54183173986654,-32.932355790673434],[-71.54193129026801,-32.93245673859571],[-71.54235905992147,-32.93314295733479],[-71.5425112992093,-32.933797535541274],[-71.54202789509365,-32.93380698034008],[-71.54188658291294,-32.933207216651724],[-71.54146998470836,-32.93261169824636]]],[[[-71.54053860872683,-32.933022707262516],[-71.54019884702176,-32.93268869317045],[-71.54135041714743,-32.931875252585556],[-71.54168677513589,-32.93221549677846],[-71.54053860872683,-32.933022707262516]]],[[[-71.54088234907032,-32.93132592588693],[-71.54130843078934,-32.93102076544923],[-71.54216814187245,-32.931885019535535],[-71.54173954846388,-32.9321847348426],[-71.54088234907032,-32.93132592588693]]],[[[-71.53989281076738,-32.932363860389216],[-71.53975077813783,-32.93167822370539],[-71.54032633592688,-32.93184622391312],[-71.54078948303288,-32.932229755082915],[-71.54037646102142,-32.93252209694006],[-71.54012110861372,-32.932278426769024],[-71.5398557768215,-32.932156865876664],[-71.54031994351531,-32.932523697610435],[-71.5401614860891,-32.93265244177901],[-71.53989281076738,-32.932363860389216]]],[[[-71.54149125411934,-32.93115104087258],[-71.54234408859894,-32.930636405688915],[-71.54267025250557,-32.9309182038791],[-71.54182194643332,-32.93149416426584],[-71.54149125411934,-32.93115104087258]]],[[[-71.54219474278464,-32.93186448662179],[-71.54187286294362,-32.931506111753436],[-71.54269281549055,-32.93094085871154],[-71.5430204382612,-32.93128131535005],[-71.54219474278464,-32.93186448662179]]],[[[-71.54188465512834,-32.93231016958477],[-71.54207051027242,-32.932178214517215],[-71.54246327976578,-32.93263519482429],[-71.54278576956288,-32.93336389326044],[-71.54281113349494,-32.93392353195421],[-71.54258696969558,-32.933923573421694],[-71.54243576886022,-32.93314076481624],[-71.54188465512834,-32.93231016958477]]],[[[-71.54106642824506,-32.932886503167644],[-71.5414438796662,-32.93262659057177],[-71.54182514623236,-32.93315644871151],[-71.54137668568295,-32.93331272053388],[-71.54106642824506,-32.932886503167644]]],[[[-71.5402584331729,-32.9334514361617],[-71.54064211800377,-32.933191445306036],[-71.54094067488506,-32.93375660178528],[-71.54045773699508,-32.9337977413711],[-71.54038342655814,-32.933602982414136],[-71.5402584331729,-32.9334514361617]]],[[[-71.5406717776795,-32.93316491946142],[-71.54104231297127,-32.93290353745579],[-71.54134070276594,-32.93331823197788],[-71.54088841180015,-32.93347891718533],[-71.5406717776795,-32.93316491946142]]],[[[-71.54150825204115,-32.9337751867925],[-71.5414601778004,-32.933487001123886],[-71.54191820810254,-32.93338194982497],[-71.54199667055269,-32.9337949585217],[-71.54150825204115,-32.9337751867925]]],[[[-71.54098235940921,-32.933785997761035],[-71.5409460135728,-32.933610694640535],[-71.54141742338277,-32.93349953190572],[-71.54147608696408,-32.93377752330087],[-71.54098235940921,-32.933785997761035]]],[[[-71.53989809555623,-32.93371889946604],[-71.54023504373782,-32.93347103002912],[-71.54041159143725,-32.9337395299636],[-71.53997985841676,-32.93384811688669],[-71.53989809555623,-32.93371889946604]]],[[[-71.54183273340324,-32.93317125348581],[-71.54191351530348,-32.93335995382406],[-71.54144462077632,-32.93346723912731],[-71.54138133895613,-32.933325880896504],[-71.54183273340324,-32.93317125348581]],[[-71.54138590239776,-32.93332743103708],[-71.54144682883529,-32.933463314020734],[-71.54190838951648,-32.93335697266962],[-71.54183167698447,-32.933176866723336],[-71.54138590239776,-32.93332743103708]]],[[[-71.54086033315933,-32.93134172018452],[-71.5411148600153,-32.93158331196688],[-71.54111606106284,-32.931597828232384],[-71.54110437128604,-32.93160070916754],[-71.54076548274342,-32.93140976501437],[-71.54111061996717,-32.931594826661225],[-71.54086033315933,-32.93134172018452]]],[[[-71.54118679261168,-32.93353477641654],[-71.54097795317274,-32.93358890377286],[-71.54090927696927,-32.9334906653599],[-71.54132755502344,-32.933348254639476],[-71.54136655268655,-32.933369642952336],[-71.54140942388517,-32.93347707375772],[-71.5413249912316,-32.93335340267294],[-71.54091357091632,-32.93349128058963],[-71.54097988904218,-32.93358520033514],[-71.54118679261168,-32.93353477641654]]],[[[-71.54047634739281,-32.930487643339426],[-71.54083916974955,-32.93044945481523],[-71.54085793825078,-32.93045520469656],[-71.54087217295478,-32.93050054022816],[-71.5406448758317,-32.930669359989054],[-71.54063026203865,-32.930670558820545],[-71.54085021273933,-32.93045660635258],[-71.54047634739281,-32.930487643339426]]]]}},{"type":"Feature","properties":{"comuna":"Concon","zona":"ZRAS","zona_code":"ZRAS","nombre":"ZRAS Zona Residencial Alto Sur","decreto":""},"geometry":{"type":"MultiPolygon","coordinates":[[[[-71.52685558260855,-32.932195674180306],[-71.52746890018226,-32.93193335740208],[-71.52918748242365,-32.930771809504506],[-71.52938155266102,-32.93089565610608],[-71.53014751915433,-32.93093090391634],[-71.53055223893591,-32.930649301047985],[-71.53042668859517,-32.93051880623059],[-71.53069618677367,-32.93041644539231],[-71.53124477623959,-32.93131749190574],[-71.53036752465225,-32.93089105833511],[-71.53014742752616,-32.930951375974445],[-71.52987240291203,-32.931205496913776],[-71.52928661690515,-32.930936502970425],[-71.52924617564938,-32.931010719431555],[-71.52983383194868,-32.931242863276466],[-71.52944233446978,-32.93155409545898],[-71.5289572010972,-32.93137625380173],[-71.5287723781174,-32.93138161909507],[-71.52723363410429,-32.93251201037871],[-71.52685558260855,-32.932195674180306]]],[[[-71.5284869752668,-32.93348989707666],[-71.52913107002044,-32.93278855952844],[-71.52977169188722,-32.93235071119296],[-71.53109713452938,-32.93283529246671],[-71.53100446342634,-32.93306529630401],[-71.53047335876913,-32.932922320934495],[-71.52998009115167,-32.932955217081904],[-71.52966616858741,-32.93312442044821],[-71.52933794304724,-32.93354010689688],[-71.5284869752668,-32.93348989707666]]],[[[-71.52901713220139,-32.932008589379286],[-71.529547636784,-32.93164644598011],[-71.53136229294672,-32.93236960788424],[-71.53111003793012,-32.9327702894709],[-71.52985986063403,-32.93230789863288],[-71.52956478562277,-32.932309095934215],[-71.52901713220139,-32.932008589379286]]],[[[-71.52999768914808,-32.93121911299228],[-71.53103647938308,-32.93161482808586],[-71.53143312151361,-32.931605839207364],[-71.53182866500457,-32.93185817738491],[-71.5319929237509,-32.932268601806946],[-71.53151345695116,-32.932048864974206],[-71.53137385067117,-32.93227867708654],[-71.53082143438216,-32.93206804522273],[-71.53094820732998,-32.93174402520705],[-71.53075011892838,-32.93204938219784],[-71.52962347076365,-32.93161775727485],[-71.52999768914808,-32.93121911299228]]],[[[-71.53326456359575,-32.93182661837619],[-71.534701636285,-32.93162112226066],[-71.53532381753563,-32.93172739030133],[-71.5353422895928,-32.9318351669126],[-71.5359709872225,-32.931967736224266],[-71.53660682286544,-32.93194290720191],[-71.53662691278844,-32.93220296129091],[-71.53552607412016,-32.932184698652115],[-71.53545018983485,-32.932422308693795],[-71.53496962888708,-32.932459461923855],[-71.53503699534687,-32.93209066206216],[-71.53488684104882,-32.93187965050288],[-71.53334916692921,-32.93198036976139],[-71.53323634571605,-32.931901055758175],[-71.53326456359575,-32.93182661837619]]],[[[-71.53322675170882,-32.93265791707385],[-71.53398980945724,-32.93261082440031],[-71.53502598110316,-32.93334863011118],[-71.53493116482323,-32.933581427533184],[-71.53483144464018,-32.93351968369123],[-71.5346599059468,-32.93372269865061],[-71.53322675170882,-32.93265791707385]]],[[[-71.5367266033271,-32.93357497818269],[-71.53543333564348,-32.93352810615307],[-71.53504098925661,-32.933283238449356],[-71.5352512058129,-32.932803874043884],[-71.53590274041373,-32.93313878642255],[-71.53669065274944,-32.93316092120725],[-71.5367266033271,-32.93357497818269]]],[[[-71.52939945518632,-32.93353693499723],[-71.52960348055365,-32.93329980596009],[-71.53041214756567,-32.933442210726845],[-71.53040752034364,-32.933287304554405],[-71.52988674631217,-32.9333418572952],[-71.52969998476797,-32.93327179258516],[-71.52983335673991,-32.93307414630529],[-71.53029343250593,-32.9329570748457],[-71.53102514174589,-32.933134307140044],[-71.53118209629062,-32.93360742095921],[-71.53092079164584,-32.93360737195203],[-71.53092992930891,-32.93345525269879],[-71.53062066271279,-32.9334463718233],[-71.53061698321338,-32.93357241171203],[-71.52939945518632,-32.93353693499723]]],[[[-71.53361939094647,-32.93254435854537],[-71.53352866649266,-32.93203200167277],[-71.53477711902337,-32.931946437295046],[-71.53497232023967,-32.93207989235478],[-71.53488098043991,-32.93246260445747],[-71.53361939094647,-32.93254435854537]]],[[[-71.53386906420495,-32.93372630633017],[-71.5330698474697,-32.93313757631513],[-71.53250396184133,-32.93272742509033],[-71.53313637490302,-32.93266023325465],[-71.53442462908903,-32.93360365117405],[-71.5343198199499,-32.93371342951461],[-71.5339908119771,-32.933613556661236],[-71.53386906420495,-32.93372630633017]]],[[[-71.53123559366075,-32.93360112390996],[-71.5311149858507,-32.933161520606106],[-71.53219943745158,-32.933286062028735],[-71.53293725882872,-32.93317675966091],[-71.533443276235,-32.93354565074689],[-71.53333402582508,-32.93365375235993],[-71.53285051480995,-32.93348899308101],[-71.53152778058836,-32.93349768772457],[-71.531515074817,-32.93359586807505],[-71.53123559366075,-32.93360112390996]]],[[[-71.53214531665067,-32.93212424689317],[-71.53267328888248,-32.93216729101071],[-71.53339953456887,-32.932051843156856],[-71.53354790032121,-32.932546232905025],[-71.53238464760527,-32.932619117266604],[-71.53233709169244,-32.9323739628008],[-71.53220103914774,-32.932423386866766],[-71.53214464021926,-32.93234292722976],[-71.53214531665067,-32.93212424689317]]],[[[-71.53497646237145,-32.9325503171391],[-71.53662399236546,-32.93273235828007],[-71.53668888935654,-32.9331106116489],[-71.53587052592934,-32.933074068647265],[-71.53497646237145,-32.9325503171391]]],[[[-71.52726881123249,-32.932547399290506],[-71.52805720686182,-32.931957577218476],[-71.52845726438707,-32.93227794799914],[-71.52767101752792,-32.932856168962424],[-71.52726881123249,-32.932547399290506]]],[[[-71.53712166801601,-32.93316369125929],[-71.53826016675596,-32.93301380297082],[-71.53846806386217,-32.933351766581495],[-71.53716067196734,-32.93355325968612],[-71.53712166801601,-32.93316369125929]]],[[[-71.52690698690405,-32.9333680520987],[-71.52606209442988,-32.932629426989514],[-71.526152503575,-32.93239016706955],[-71.52664810232064,-32.932190307428414],[-71.52684728037869,-32.93230728641078],[-71.52644219498279,-32.93259889515712],[-71.52719802578474,-32.93321094046222],[-71.52690698690405,-32.9333680520987]]],[[[-71.52851974401172,-32.93223769286567],[-71.52818163700341,-32.93186642282158],[-71.52881265947305,-32.931414435894034],[-71.52939498966103,-32.931588179624654],[-71.52851974401172,-32.93223769286567]]],[[[-71.53709301984328,-32.93269483496792],[-71.53800968770867,-32.93258879050938],[-71.53821158137382,-32.932922548631296],[-71.53711658175487,-32.93310539122103],[-71.53709301984328,-32.93269483496792]]],[[[-71.53408971109998,-32.93260506636549],[-71.53488335199224,-32.93255533855273],[-71.53522365088988,-32.93279000638536],[-71.53501324119581,-32.93327009617541],[-71.53408971109998,-32.93260506636549]]],[[[-71.53548865389868,-32.932448767658066],[-71.53557738229593,-32.93223288857701],[-71.53662792159652,-32.93225503715984],[-71.53665616732398,-32.93261223129995],[-71.53599082741387,-32.93261762818487],[-71.53548865389868,-32.932448767658066]]],[[[-71.52724040560491,-32.93318056188459],[-71.52663317950713,-32.93264841183514],[-71.52688136246056,-32.932355662498914],[-71.52755456262943,-32.93292705431322],[-71.52724040560491,-32.93318056188459]]],[[[-71.52778888547634,-32.93291488384455],[-71.52816840212432,-32.932633947765645],[-71.5287791029056,-32.93308620968952],[-71.52848861020061,-32.93334988319141],[-71.52778888547634,-32.93291488384455]]],[[[-71.52704614402639,-32.9334693208059],[-71.5277382070196,-32.932951741314376],[-71.52847652786004,-32.93341748390278],[-71.52836647166133,-32.93354870050513],[-71.52768636704117,-32.933349724105994],[-71.52716213359756,-32.93356906112563],[-71.52704614402639,-32.9334693208059]]],[[[-71.53706060772953,-32.93226523986164],[-71.53773168428106,-32.93217335367763],[-71.53797647160272,-32.93250028921695],[-71.5370913678415,-32.932635401410785],[-71.53706060772953,-32.93226523986164]]],[[[-71.52892927157671,-32.93207066602289],[-71.52951518604269,-32.932339585644414],[-71.52952926982971,-32.93241738679629],[-71.52917820282677,-32.93267895194403],[-71.52893507918503,-32.93258207493658],[-71.52859833132773,-32.93231173783835],[-71.52892927157671,-32.93207066602289]]],[[[-71.53006229598331,-32.93115574494092],[-71.53022357950942,-32.9310290735442],[-71.53045288975706,-32.93102183006765],[-71.53125670945981,-32.93150117095554],[-71.53102155297631,-32.93155255358106],[-71.53006229598331,-32.93115574494092]]],[[[-71.53705975792326,-32.933636190446514],[-71.53831161866218,-32.93345692648623],[-71.53836467046791,-32.9336361851688],[-71.53707257059416,-32.93377028080337],[-71.53705975792326,-32.933636190446514]]],[[[-71.53705439498101,-32.93218873464886],[-71.53705705399426,-32.931894554261135],[-71.53761643222674,-32.93184442644376],[-71.53774103933641,-32.932066675258945],[-71.53705439498101,-32.93218873464886]]],[[[-71.53216584225659,-32.9320801781094],[-71.53229195763764,-32.93197079206869],[-71.53301805061044,-32.93184245631481],[-71.53318528188203,-32.93196638133838],[-71.53264009164117,-32.93209799366562],[-71.53216584225659,-32.9320801781094]]],[[[-71.5349354884147,-32.9336361851688],[-71.53505134773017,-32.93336691663636],[-71.53524310031408,-32.93350517603467],[-71.5351262744114,-32.93365741658905],[-71.5349354884147,-32.9336361851688]]]]}},{"type":"Feature","properties":{"comuna":"Concon","zona":"ZEP","zona_code":"ZEP","nombre":"ZEP Zona Espacios Publicos","decreto":""},"geometry":{"type":"MultiPolygon","coordinates":[[[[-71.52686932413744,-32.92998787444645],[-71.52706866928213,-32.929736004439484],[-71.52762652487021,-32.93004903867539],[-71.52732526226328,-32.93029850031636],[-71.52686932413744,-32.92998787444645]]],[[[-71.52737460402689,-32.929686773401556],[-71.52785984968885,-32.92934124002087],[-71.52816625784574,-32.929455340257924],[-71.5278757049536,-32.92997455901962],[-71.5274452169981,-32.929730715199334],[-71.52801609007295,-32.9296451335158],[-71.52761135591832,-32.92961743792169],[-71.52792696731531,-32.92956794970669],[-71.52782380119481,-32.92941810358092],[-71.52737460402689,-32.929686773401556]]],[[[-71.52769861557009,-32.929986084479204],[-71.52740064888191,-32.92986659993812],[-71.527400213199,-32.929855066923096],[-71.52769861557009,-32.929986084479204]]],[[[-71.52726037515367,-32.92980334778627],[-71.52732958315978,-32.92973762024006],[-71.5273394349835,-32.929722441666],[-71.52733579051839,-32.929789194649274],[-71.52726037515367,-32.92980334778627]]]]}},{"type":"Feature","properties":{"comuna":"Concon","zona":"ZEP","zona_code":"ZEP","nombre":"ZEP Zona Espacios Publicos","decreto":""},"geometry":{"type":"MultiPolygon","coordinates":[[[[-71.52527903569167,-32.93153348631701],[-71.52514855719326,-32.93145297007638],[-71.52512211258792,-32.93132593870452],[-71.52525260815432,-32.9313338222821],[-71.52527903569167,-32.93153348631701]]],[[[-71.52533950129343,-32.93133875027171],[-71.52547051608603,-32.931331733013465],[-71.52559855116685,-32.93131474667714],[-71.5253950414325,-32.93145410254738],[-71.52533950129343,-32.93133875027171]]]]}},{"type":"Feature","properties":{"comuna":"Concon","zona":"ZTRS","zona_code":"ZTRS","nombre":"ZTRS Zona Turística Residencial Sur","decreto":""},"geometry":{"type":"MultiPolygon","coordinates":[[[[-71.54911927769321,-32.93107922519694],[-71.54958139173661,-32.93128920647138],[-71.54978186875854,-32.93092453278652],[-71.5502641338104,-32.93097020736838],[-71.55015846498354,-32.931453161586106],[-71.55037278594233,-32.93224392592466],[-71.5503926306253,-32.93295681548259],[-71.54995705012043,-32.93375122080292],[-71.54994191260957,-32.9345319144561],[-71.54952453107404,-32.935099427493746],[-71.54943257952158,-32.93544417086984],[-71.54954443594411,-32.935794392526475],[-71.55037410556749,-32.9364034844278],[-71.55055496158701,-32.93689080212462],[-71.5508646144587,-32.937201806350494],[-71.5504108466626,-32.937696099460204],[-71.550039491209,-32.937200618162514],[-71.5489181700539,-32.93636554047027],[-71.54893596388305,-32.93626476438247],[-71.548778310449,-32.93613416475901],[-71.54825785711611,-32.93581339177153],[-71.54810274142272,-32.935496605968225],[-71.54812043643722,-32.93475468578973],[-71.54897296099803,-32.93507022270242],[-71.54942437969967,-32.93437796997098],[-71.54938676813703,-32.93396079840077],[-71.54954819359696,-32.933481919446486],[-71.54877246061987,-32.93343768245242],[-71.5494693206167,-32.932994418603585],[-71.54960019257719,-32.93270059902862],[-71.54941454943551,-32.931936407215886],[-71.54892644982587,-32.931523594922375],[-71.54911927769321,-32.93107922519694]]],[[[-71.54806483072113,-32.930599370822414],[-71.54813681452147,-32.93052400419164],[-71.54835750004405,-32.93056278606823],[-71.54906770720936,-32.931048219330776],[-71.54886247809955,-32.93145040354409],[-71.54830167244408,-32.93104710570403],[-71.54806483072113,-32.930599370822414]]]]}},{"type":"Feature","properties":{"comuna":"Concon","zona":"ZEP","zona_code":"ZEP","nombre":"ZEP Zona Espacios Publicos","decreto":""},"geometry":{"type":"Polygon","coordinates":[[[-71.53927213958478,-32.93448577803434],[-71.53976082759091,-32.9342693957616],[-71.54025056482931,-32.93457065989389],[-71.5394884251591,-32.93481982529947],[-71.53941228575226,-32.93445107222264],[-71.53927213958478,-32.93448577803434]]]}},{"type":"Feature","properties":{"comuna":"Concon","zona":"ZR-2 V4","zona_code":"ZR-2 V4","nombre":"ZR-2 V4 Zona Residencial 2 V4","decreto":""},"geometry":{"type":"MultiPolygon","coordinates":[[[[-71.53913078338663,-32.939009018780474],[-71.54130197459742,-32.93880647433406],[-71.54184859675284,-32.93896675904464],[-71.54239042909118,-32.93932485037128],[-71.54190510797073,-32.93983205956081],[-71.54148988418854,-32.939580891577265],[-71.54107961012355,-32.93948085873609],[-71.53962608209493,-32.93960680106438],[-71.53928024418526,-32.939416561758364],[-71.5392231454692,-32.939001596526595],[-71.53913078338663,-32.939009018780474]]],[[[-71.54192795302673,-32.94254042332896],[-71.54270970202127,-32.942282111703655],[-71.54268090382989,-32.94404460415007],[-71.54189906680044,-32.944009103742964],[-71.54192795302673,-32.94254042332896]]],[[[-71.53771342781953,-32.941419576307474],[-71.53943495923002,-32.94124484468983],[-71.53943554493158,-32.94188915154231],[-71.53952752972174,-32.941905479966756],[-71.53781289288105,-32.942079756440314],[-71.53771342781953,-32.941419576307474]]],[[[-71.53749063484929,-32.93987492049822],[-71.53919926824894,-32.939698560408964],[-71.53927881945722,-32.940331437347055],[-71.53761848667378,-32.94050413675219],[-71.53749063484929,-32.93987492049822]]],[[[-71.53770658355538,-32.94135992470764],[-71.53763893502459,-32.940725715456566],[-71.53928721690852,-32.94058391724225],[-71.53939054921733,-32.94119518807727],[-71.53770658355538,-32.94135992470764]]],[[[-71.53782181315184,-32.9421314111036],[-71.53950061619582,-32.941960495554845],[-71.53954581942092,-32.94228308044341],[-71.53915987712372,-32.942663530481035],[-71.5378997168499,-32.94278912450777],[-71.53782181315184,-32.9421314111036]]],[[[-71.53971380168412,-32.93964983475533],[-71.54107939183294,-32.93952928367413],[-71.54149189641478,-32.93964000081128],[-71.54185758978714,-32.93988317951168],[-71.5412414955209,-32.940455708578476],[-71.53971380168412,-32.93964983475533]]],[[[-71.5427400785526,-32.940583101525085],[-71.54272398523429,-32.940503165731265],[-71.54368114196615,-32.94179276183383],[-71.54290792157693,-32.941948584912105],[-71.54224580751698,-32.941056449915706],[-71.5427400785526,-32.940583101525085]]],[[[-71.53943931875409,-32.940545638085986],[-71.5405125503971,-32.94045259648483],[-71.54112392671146,-32.94066406857758],[-71.5406530927216,-32.94114132697679],[-71.53944163101764,-32.94119044006321],[-71.539552053729,-32.94115091950821],[-71.53943931875409,-32.940545638085986]]],[[[-71.53738995885877,-32.939154835597364],[-71.53814004223953,-32.93907957351084],[-71.53918093273566,-32.939653198681654],[-71.53748793631017,-32.93982367539453],[-71.53738995885877,-32.939154835597364]]],[[[-71.54145794369029,-32.94160274962772],[-71.54153430048945,-32.94163506582174],[-71.54205050029947,-32.94122457404174],[-71.54263790327387,-32.94200423298324],[-71.54191087605318,-32.94218581213573],[-71.54195376252315,-32.94229866169714],[-71.54145794369029,-32.94160274962772]]],[[[-71.5420746640823,-32.94090933953542],[-71.54142297586954,-32.9405239062232],[-71.54196563375963,-32.93995260042852],[-71.542680018091,-32.94046284422881],[-71.5420746640823,-32.94090933953542]]],[[[-71.54079016395586,-32.942127496935946],[-71.54010578515158,-32.94190689802686],[-71.54007533944997,-32.9418668515792],[-71.5406584835116,-32.94125870649933],[-71.5413553003893,-32.941631272254305],[-71.54127125401132,-32.941608193459004],[-71.54070769412118,-32.942097481777836],[-71.54079016395586,-32.942127496935946]]],[[[-71.54142677394657,-32.94157213570355],[-71.54073473341124,-32.94118790623089],[-71.54119257596547,-32.94070087155313],[-71.54187515724085,-32.941080306119005],[-71.54136387031711,-32.94152680132344],[-71.54142677394657,-32.94157213570355]]],[[[-71.53957204304069,-32.941259075152416],[-71.53949037180831,-32.94123917165301],[-71.54038980639328,-32.94115200360592],[-71.540563021343,-32.941226114243285],[-71.53995846593656,-32.94185958109643],[-71.5395785082158,-32.94190023970308],[-71.53966003751435,-32.941867995225195],[-71.53957204304069,-32.941259075152416]]],[[[-71.54136609813902,-32.94167931379343],[-71.54147787101823,-32.941757614095884],[-71.5418819008937,-32.94232645735631],[-71.54178549279908,-32.9422438393136],[-71.54142825616678,-32.94232571478187],[-71.54166991465631,-32.94240845261531],[-71.54157786608577,-32.942444056192976],[-71.54081449841858,-32.94216430985681],[-71.5409200639392,-32.942174774521],[-71.54136609813902,-32.94167931379343]]],[[[-71.5393968428142,-32.94030793753638],[-71.53934932732557,-32.93971586780656],[-71.54026784392379,-32.940204382539335],[-71.54026886710491,-32.940240158893765],[-71.5393968428142,-32.94030793753638]]],[[[-71.53821529141595,-32.93885833220398],[-71.53816302024619,-32.93850008217386],[-71.53869775230054,-32.93851400849642],[-71.53876779304493,-32.938964384223894],[-71.53849722497293,-32.93898975258342],[-71.53821529141595,-32.93885833220398]]],[[[-71.53738206356574,-32.939098434084606],[-71.53732739389419,-32.938722195900894],[-71.53804514061967,-32.93903883218488],[-71.53757884671525,-32.939083440317035],[-71.53738206356574,-32.939098434084606]]],[[[-71.53857548350554,-32.939034408236694],[-71.53909235974697,-32.938983152845076],[-71.5390943432271,-32.93925926635772],[-71.53903135066444,-32.93928314113966],[-71.53857548350554,-32.939034408236694]]],[[[-71.53955419261769,-32.94195489267532],[-71.53981102185573,-32.94200603703108],[-71.53959169009427,-32.94223614216379],[-71.53955419261769,-32.94195489267532]]]]}},{"type":"Feature","properties":{"comuna":"Concon","zona":"ZEP","zona_code":"ZEP","nombre":"ZEP Zona Espacios Publicos","decreto":""},"geometry":{"type":"Polygon","coordinates":[[[-71.54759106732511,-32.92950083690225],[-71.5471755021831,-32.92935376837405],[-71.54672754828351,-32.92941308802114],[-71.54693084960873,-32.92926659162855],[-71.54727440040767,-32.9291972987971],[-71.54759106732511,-32.92950083690225]]]}},{"type":"Feature","properties":{"comuna":"Concon","zona":"ZAV","zona_code":"ZAV","nombre":"ZAV Zona Area Verde","decreto":""},"geometry":{"type":"Polygon","coordinates":[[[-71.54847475893472,-32.928170720886285],[-71.5485958329704,-32.92813913567995],[-71.54870678299282,-32.928368325341836],[-71.54861121122975,-32.92839804280486],[-71.54847475893472,-32.928170720886285]]]}},{"type":"Feature","properties":{"comuna":"Concon","zona":"ZLM-1","zona_code":"ZLM-1","nombre":"ZLM-1 Zona Litoral Maritimo 1","decreto":""},"geometry":{"type":"MultiPolygon","coordinates":[[[[-71.54625378578582,-32.92817125999867],[-71.54658418165576,-32.927987255844776],[-71.54672163018242,-32.92807056053143],[-71.54681614013684,-32.92802491461263],[-71.54688189681565,-32.92812716813354],[-71.54703466880443,-32.928017032248185],[-71.54702593628156,-32.92813162429548],[-71.5471100158972,-32.92799510805171],[-71.54734008522125,-32.92791620819447],[-71.5471334493497,-32.92810987430229],[-71.54734182435963,-32.92823672556165],[-71.54767844555447,-32.92822814123943],[-71.54839169711029,-32.92778456853341],[-71.54848213500152,-32.927782644308444],[-71.54827550362155,-32.92792571921967],[-71.54873736074677,-32.92784367207894],[-71.54881443440152,-32.92769100304478],[-71.54903992231762,-32.92775790459224],[-71.54918262688703,-32.92749233241549],[-71.54924076675054,-32.92754976753508],[-71.54914850527928,-32.92762450634902],[-71.54980395114487,-32.92788677105973],[-71.54989066192599,-32.9280432459706],[-71.55013836697569,-32.92814772830487],[-71.55059655088972,-32.92809355916493],[-71.55067849520995,-32.92824336983404],[-71.55082754098693,-32.92815854146919],[-71.5510879509097,-32.928252512116806],[-71.55112513038267,-32.92837147933077],[-71.55150909189469,-32.928427130666904],[-71.55162340251458,-32.92859891006342],[-71.55157796123592,-32.92876637851839],[-71.55202155471312,-32.929026466827494],[-71.55205047238044,-32.92911000276612],[-71.5518884055234,-32.92912197017955],[-71.5518132452802,-32.92926723327744],[-71.55190698717504,-32.92936430618344],[-71.55200961250974,-32.92932904417707],[-71.55197397185086,-32.92942823573461],[-71.5521857388993,-32.929534725067185],[-71.55202642178534,-32.92957918719455],[-71.55207319796048,-32.929826554070345],[-71.55151329241694,-32.93030794850469],[-71.55160565090627,-32.93040398429422],[-71.55131462819524,-32.93037846116718],[-71.55128397408448,-32.93045401641795],[-71.55138908775251,-32.93050281424237],[-71.55108501162208,-32.93061470230448],[-71.55108336141691,-32.93091029085928],[-71.55127674713802,-32.930902208947195],[-71.5512969637235,-32.93098817695996],[-71.55110386905655,-32.931078129666076],[-71.55096799617488,-32.93097055118303],[-71.55088305237992,-32.93108427459128],[-71.55073135028464,-32.93109242208284],[-71.55064536264732,-32.93125170215044],[-71.55077657776424,-32.93148687935878],[-71.55096287398112,-32.93149209686627],[-71.55074543137671,-32.93172050954305],[-71.55099732347395,-32.931605184003864],[-71.5509849428927,-32.931720672401234],[-71.55109842167265,-32.93166271974771],[-71.55118089869383,-32.93180891209131],[-71.5511106198959,-32.932090769879856],[-71.55120886414694,-32.93224646679896],[-71.55098077740472,-32.932551024359256],[-71.55113631979785,-32.93250573964028],[-71.55112167995367,-32.932665629382655],[-71.55122890466262,-32.93268813448251],[-71.55129979970484,-32.932580473513305],[-71.55148692057516,-32.932583424535295],[-71.55092341548227,-32.93310023638748],[-71.55105492344997,-32.9331408311648],[-71.55092545825123,-32.933271779013886],[-71.55109088480742,-32.93317255331411],[-71.55112720998257,-32.933271360566145],[-71.55090864897564,-32.93346093905223],[-71.55108150729417,-32.933638285692375],[-71.55093416921451,-32.933679346167835],[-71.55109173191873,-32.93375601596163],[-71.55096196488604,-32.93383927676421],[-71.55079426559217,-32.933789413179404],[-71.550755569763,-32.93400200800934],[-71.55059722821944,-32.93405465356169],[-71.5507409173424,-32.934083818728816],[-71.55069802458421,-32.93419866755461],[-71.55023778352817,-32.93428643279923],[-71.55019925119238,-32.93406463740949],[-71.55023562487656,-32.933749935308285],[-71.55059435540716,-32.93319880169897],[-71.5506642928453,-32.93291820354323],[-71.55063659509015,-32.93220645819901],[-71.55042892525769,-32.93137764941137],[-71.55080077119146,-32.93050141409505],[-71.55165400811632,-32.92977810874003],[-71.55168038804294,-32.92947570559058],[-71.55135037216039,-32.928793247243064],[-71.55080868804407,-32.92835888750237],[-71.5490038046533,-32.92790276804491],[-71.54841170169335,-32.9279486703885],[-71.54754776313852,-32.92831573144739],[-71.54674663568669,-32.928127359650496],[-71.54625378578582,-32.92817125999867]]],[[[-71.54619611394459,-32.92818358870665],[-71.5461767076395,-32.928177468462074],[-71.54621652456616,-32.92817922453575],[-71.54619611394459,-32.92818358870665]]]]}},{"type":"Feature","properties":{"comuna":"Concon","zona":"ZAV","zona_code":"ZAV","nombre":"ZAV Zona Area Verde","decreto":""},"geometry":{"type":"Polygon","coordinates":[[[-71.54132025261849,-32.93051227145668],[-71.54184049035571,-32.93034130781707],[-71.5420780677989,-32.9301598543888],[-71.54225149564934,-32.93047580730389],[-71.54157825505628,-32.930682739399764],[-71.54132025261849,-32.93051227145668]]]}},{"type":"Feature","properties":{"comuna":"Concon","zona":"ZEP","zona_code":"ZEP","nombre":"ZEP Zona Espacios Publicos","decreto":""},"geometry":{"type":"MultiPolygon","coordinates":[[[[-71.5413348529368,-32.93100206752033],[-71.54163869460693,-32.93080797872876],[-71.54210833473577,-32.93067875083517],[-71.54147067551281,-32.93111566271177],[-71.5413348529368,-32.93100206752033]]],[[[-71.5423317143059,-32.93050293864966],[-71.54215641436642,-32.93009380590902],[-71.54247957161178,-32.93041723632176],[-71.5423317143059,-32.93050293864966]]]]}},{"type":"Feature","properties":{"comuna":"Concon","zona":"ZRM-1","zona_code":"ZRM-1","nombre":"ZRM-1 Zona Residencial Mixta 1","decreto":""},"geometry":{"type":"MultiPolygon","coordinates":[[[[-71.53006235796708,-32.935493958881615],[-71.52785825517923,-32.93466854275183],[-71.52800212666017,-32.934302513069674],[-71.52773081118985,-32.93405916069387],[-71.52825312403539,-32.93401964449149],[-71.52835514300726,-32.93426545184187],[-71.52891017159713,-32.93456123854909],[-71.53116825235378,-32.93545820473324],[-71.53410976329376,-32.93604812559999],[-71.53390236205759,-32.93645421431553],[-71.53130187046409,-32.93602186373591],[-71.5305353757614,-32.93573527167486],[-71.53050630807543,-32.935849639605664],[-71.53009514378,-32.93571329586159],[-71.53006235796708,-32.935493958881615]]],[[[-71.53844775205528,-32.93634978099673],[-71.53538867410249,-32.936688551383476],[-71.53402258718533,-32.93641805192362],[-71.53450101732923,-32.935100360876774],[-71.53693580838036,-32.935188791712775],[-71.53573798579737,-32.93521058067842],[-71.53541686952433,-32.935584842645426],[-71.535496783652,-32.9357145466465],[-71.53508636675488,-32.93620232426997],[-71.53511312038067,-32.93624456874024],[-71.53540443504416,-32.93628331342778],[-71.53831389948468,-32.935925327399765],[-71.53874929134334,-32.93608965088911],[-71.53876695851002,-32.936149130377046],[-71.53851521193985,-32.93617946119116],[-71.53844775205528,-32.93634978099673]]],[[[-71.54053664590795,-32.93734006729349],[-71.54058323433522,-32.93718247266028],[-71.54134369774908,-32.937967069980616],[-71.54054611864261,-32.937114790386644],[-71.5407730923722,-32.93682947902379],[-71.54143931173297,-32.93761219768425],[-71.5417000773886,-32.93781644118851],[-71.54179788146517,-32.93781180532729],[-71.54143866764092,-32.937559823400065],[-71.5417961674796,-32.937328517158626],[-71.54222735701934,-32.9375064237485],[-71.54270885940151,-32.93734985248813],[-71.54300135355298,-32.93764742698567],[-71.54314460250144,-32.93797108988121],[-71.54231064521923,-32.938086862487275],[-71.54223730675945,-32.93866052425386],[-71.54197055832401,-32.93862174441987],[-71.5415493787115,-32.93848774359502],[-71.54053664590795,-32.93734006729349]]],[[[-71.53788836483965,-32.937564956863845],[-71.54034609616821,-32.93774047832347],[-71.54044505008832,-32.937798066620545],[-71.54043209368697,-32.93807776117863],[-71.54031876492567,-32.93825778853873],[-71.53808502402165,-32.93820013268841],[-71.53763527528814,-32.93799262258262],[-71.53788836483965,-32.937564956863845]]],[[[-71.5380273171461,-32.936953857710634],[-71.535349082653,-32.93724116733022],[-71.53525572972866,-32.937186294313854],[-71.53540213625534,-32.93673880537765],[-71.5383586921797,-32.9364349174046],[-71.5380273171461,-32.936953857710634]]],[[[-71.53896077452414,-32.93611871209602],[-71.53916938489269,-32.93608828475731],[-71.53916084371097,-32.93601065647003],[-71.53878459603231,-32.93605671067127],[-71.53846907177191,-32.9359630129458],[-71.53820568303567,-32.93572431392644],[-71.53891544733155,-32.93575507086161],[-71.53890109404993,-32.93566388343513],[-71.53815664041106,-32.93563702132092],[-71.5380059570053,-32.93536690240148],[-71.53818605574503,-32.93527321148467],[-71.53837512236625,-32.935378564375924],[-71.5395152910743,-32.93533014395055],[-71.5395052461128,-32.935236580411186],[-71.53885605072496,-32.93534759922178],[-71.53827044168618,-32.935288810560245],[-71.5385697684237,-32.93508065955623],[-71.53907358495753,-32.93509050531641],[-71.53872325726807,-32.935007569134115],[-71.53896469567036,-32.93477575710472],[-71.53927654492293,-32.934706510055804],[-71.53927004651015,-32.9349016857769],[-71.53944569230103,-32.93490821344103],[-71.53950110757427,-32.935051506780916],[-71.54052789182549,-32.9347412557265],[-71.54062347796162,-32.93494243504028],[-71.54085265436026,-32.93494041748172],[-71.54027578862417,-32.93500981212072],[-71.53961641532416,-32.935264892479175],[-71.53961103441561,-32.936045715265884],[-71.53952541059599,-32.93533140605004],[-71.53912208140645,-32.935394492151545],[-71.53917808777115,-32.93609041010252],[-71.53896077452414,-32.93611871209602]]],[[[-71.53792537273442,-32.93750685574681],[-71.5381929772643,-32.93705208926136],[-71.54041789042401,-32.937211263602514],[-71.54048253139523,-32.937534644619056],[-71.54046931538078,-32.93768567422387],[-71.54033088319885,-32.93771328662218],[-71.53792537273442,-32.93750685574681]]],[[[-71.5383725280317,-32.93850604790552],[-71.53837235106359,-32.93825995228158],[-71.54033150034147,-32.93829927735625],[-71.54045573465031,-32.93823137730118],[-71.54048931637058,-32.93879356885548],[-71.53876779304493,-32.938964384223894],[-71.53869775230054,-32.93851400849642],[-71.5383725280317,-32.93850604790552]]],[[[-71.53922024211418,-32.93443544661109],[-71.5387031152428,-32.93495488418981],[-71.53795019138907,-32.93535160868626],[-71.53818378749894,-32.93578114582817],[-71.53811979511136,-32.93594775627653],[-71.53789427755086,-32.93595874113897],[-71.53750821398108,-32.93542169964463],[-71.53768835853491,-32.93524716124847],[-71.53744347150024,-32.93530390222974],[-71.53702733502972,-32.935237336616126],[-71.53705009833901,-32.93515833766613],[-71.53813199153797,-32.934836815486385],[-71.53899867714092,-32.93412242412773],[-71.53922024211418,-32.93443544661109]]],[[[-71.53822193984736,-32.9369997425408],[-71.53865618815064,-32.936308347055785],[-71.53964911939039,-32.93620360068176],[-71.53953934436436,-32.9365988471488],[-71.53890268316965,-32.93666181247126],[-71.53953060824821,-32.93664551474367],[-71.53944995480705,-32.93709082680983],[-71.53822193984736,-32.9369997425408]]],[[[-71.53503787569585,-32.934612109727894],[-71.53686384524127,-32.93459730670269],[-71.53689386424311,-32.93463005973094],[-71.53687704778099,-32.93508196388015],[-71.53683144480559,-32.935121302431014],[-71.53570140011078,-32.93508239589034],[-71.53503787569585,-32.934612109727894]],[[-71.53661882705258,-32.93509822872228],[-71.53685925664679,-32.93507676166326],[-71.53686567331286,-32.93462800672966],[-71.53665484320726,-32.93461243090992],[-71.53661882705258,-32.93509822872228]]],[[[-71.54107434779262,-32.93489286913208],[-71.54107684690574,-32.93456453707543],[-71.54211983945962,-32.93458754231405],[-71.54231535778122,-32.93568486330683],[-71.54107434779262,-32.93489286913208]]],[[[-71.5344222180108,-32.93503685838792],[-71.53268012775675,-32.934698090722],[-71.53233634070088,-32.93450245388856],[-71.53459176064766,-32.93455579579189],[-71.5344222180108,-32.93503685838792]]],[[[-71.534277278433,-32.935537078261284],[-71.53290419813133,-32.93522379730443],[-71.53267630991678,-32.93475542541194],[-71.53437979147826,-32.93509389429635],[-71.534277278433,-32.935537078261284]]],[[[-71.5318001372061,-32.93417259966104],[-71.5341111826319,-32.9342129843476],[-71.53425706903404,-32.93433428154731],[-71.53458353028302,-32.934364805995116],[-71.53441316838266,-32.934494949829954],[-71.53222478521396,-32.93443384295949],[-71.5318001372061,-32.93417259966104]]],[[[-71.5283132851083,-32.93401565984712],[-71.52886713241355,-32.93412371037089],[-71.52929157380889,-32.93408910016915],[-71.52947647045055,-32.93428025567659],[-71.52985226717496,-32.93441745510129],[-71.52978661470071,-32.93486791426782],[-71.52854307236134,-32.934327650549534],[-71.52832627923887,-32.93414548075012],[-71.5283132851083,-32.93401565984712]]],[[[-71.53743563729265,-32.9379214600793],[-71.53619290882692,-32.937392719906036],[-71.53592067797332,-32.93724116506844],[-71.5367676213013,-32.93714237129824],[-71.53767988472683,-32.937524388996536],[-71.53743563729265,-32.9379214600793]]],[[[-71.54109430745991,-32.935074563161095],[-71.54104255102482,-32.93541116632653],[-71.54062961525165,-32.93541369127709],[-71.5403733151213,-32.93545497258706],[-71.53999903744807,-32.93559215737258],[-71.5396655657466,-32.93577903178462],[-71.53963862796618,-32.935344432664564],[-71.53981848775406,-32.93522749162624],[-71.54049814950474,-32.9350288077646],[-71.54109430745991,-32.935074563161095]]],[[[-71.53296450383297,-32.935758836031475],[-71.53175466718137,-32.93555659401082],[-71.53171120758623,-32.935479930301454],[-71.53193336544757,-32.93506606168235],[-71.53270709518156,-32.93522376639277],[-71.5328637416042,-32.93529119151121],[-71.53304462547149,-32.93569851036127],[-71.53296450383297,-32.935758836031475]]],[[[-71.5424482922736,-32.93583864643636],[-71.54295093830261,-32.93581179040675],[-71.54327529839213,-32.93795956772383],[-71.54310312009827,-32.9375977510128],[-71.54277185735408,-32.93726712650798],[-71.54288907222731,-32.936886307199636],[-71.5428588969186,-32.93661762833493],[-71.5424482922736,-32.93583864643636]]],[[[-71.53165384386715,-32.935500659908435],[-71.53115386403788,-32.935354802385156],[-71.53142517142336,-32.93482704735445],[-71.53152002094096,-32.9344708536021],[-71.53195628596205,-32.934469422605645],[-71.53187564060573,-32.935032877559095],[-71.53165384386715,-32.935500659908435]]],[[[-71.54245242093064,-32.9345859477126],[-71.54267375593517,-32.93457940192993],[-71.54284734278743,-32.93575980107296],[-71.54241892275368,-32.93580209777636],[-71.54236398268922,-32.93573372685405],[-71.54222445366435,-32.93485084718433],[-71.54249038642948,-32.9348170507756],[-71.54245242093064,-32.9345859477126]]],[[[-71.5397190738965,-32.936052542912186],[-71.5396736640589,-32.93585379908101],[-71.54003718799986,-32.9356025617454],[-71.5405319054982,-32.93545183694527],[-71.5410343691692,-32.9354656001426],[-71.5409563630632,-32.93580801393009],[-71.54046900995357,-32.93585650270217],[-71.54000099487708,-32.93611364941826],[-71.5397190738965,-32.936052542912186]]],[[[-71.5340878542823,-32.93593982712002],[-71.53318709647891,-32.93577127224913],[-71.53293829278961,-32.93530699188628],[-71.53424106554725,-32.93557956129443],[-71.5340878542823,-32.93593982712002]]],[[[-71.54176225877258,-32.93730248260633],[-71.54140293894713,-32.9375219583467],[-71.54078600924765,-32.93672408036321],[-71.54102200565595,-32.93647793454462],[-71.54176225877258,-32.93730248260633]]],[[[-71.53099506076026,-32.93537298897524],[-71.53071324398428,-32.935254448107685],[-71.53094723984444,-32.93447542932246],[-71.53143529902987,-32.9344583237118],[-71.53132722541298,-32.934943276443576],[-71.53112131807515,-32.93532714929155],[-71.53099506076026,-32.93537298897524]]],[[[-71.54095603877138,-32.936436444118755],[-71.54068905048578,-32.936724970755066],[-71.5396075022399,-32.9365347026318],[-71.53967511843135,-32.93620810921226],[-71.54095603877138,-32.936436444118755]]],[[[-71.53623084737632,-32.93427715392094],[-71.53655724125164,-32.934522314421194],[-71.53492035449712,-32.93450368131815],[-71.53469559241977,-32.93435369502496],[-71.534755785832,-32.93419207349035],[-71.53597308658532,-32.93433299078349],[-71.53623084737632,-32.93427715392094]]],[[[-71.53706196688056,-32.93428880096005],[-71.53844294427188,-32.93431347099419],[-71.53857740590024,-32.934196827911755],[-71.5387401734432,-32.934327232860774],[-71.53837231423267,-32.93456954178781],[-71.53711679914717,-32.93454783258284],[-71.53706196688056,-32.93428880096005]]],[[[-71.53713454626393,-32.93461849793294],[-71.53723202155709,-32.93459460681277],[-71.53833604205812,-32.934636011398624],[-71.53783115922405,-32.93491371121457],[-71.53716373432412,-32.93508116319116],[-71.53710092950935,-32.93503251189586],[-71.53713454626393,-32.93461849793294]],[[-71.5371318171821,-32.935048953924095],[-71.53727267840854,-32.935037089095026],[-71.53722816508959,-32.93462098822448],[-71.5371394115395,-32.93463262089326],[-71.5371318171821,-32.935048953924095]]],[[[-71.53545496078732,-32.93562336973336],[-71.53574622424684,-32.93524376624288],[-71.53608568411796,-32.9352661236679],[-71.53581633595813,-32.93561689565176],[-71.53589555389145,-32.93569560543351],[-71.53590590787343,-32.93573638222682],[-71.53551309705756,-32.93620908932759],[-71.53515346551671,-32.93619688161376],[-71.53553569777179,-32.93570390856574],[-71.53545496078732,-32.93562336973336]],[[-71.53572630769867,-32.935788973971185],[-71.53588653929758,-32.93573526790514],[-71.53580118407423,-32.93561740757695],[-71.53572412119927,-32.93571240470561],[-71.53572630769867,-32.935788973971185]]],[[[-71.53278219613597,-32.93515010912309],[-71.53193591217139,-32.93500911396757],[-71.53203596742607,-32.93447932950377],[-71.53257477423854,-32.93470825242882],[-71.53278219613597,-32.93515010912309]]],[[[-71.5303278254049,-32.9351137501725],[-71.53040934661861,-32.93444349879631],[-71.53089026060428,-32.93444583604094],[-71.53066540420383,-32.9352191696007],[-71.5303278254049,-32.9351137501725]]],[[[-71.53448058514809,-32.935047575713114],[-71.5346306657843,-32.934558973686606],[-71.53484610604393,-32.93456965940383],[-71.53550999427657,-32.93501099129078],[-71.5355507202983,-32.93507976990175],[-71.53544736912485,-32.935094586417236],[-71.53448058514809,-32.935047575713114]],[[-71.53491328295921,-32.935049361808176],[-71.53553179010031,-32.93505454367015],[-71.53524013138207,-32.93485139982705],[-71.53491328295921,-32.935049361808176]]],[[[-71.53589972836258,-32.93563587985621],[-71.53617986528899,-32.93525725503737],[-71.53651404486288,-32.93526588692985],[-71.53624728474936,-32.93563360069635],[-71.53632842777236,-32.93570796475827],[-71.53633893177299,-32.93573876919726],[-71.536327019214,-32.935763447120344],[-71.53599565316357,-32.936156727783306],[-71.53561023727912,-32.93619250577523],[-71.53598683530075,-32.93570940176621],[-71.53589972836258,-32.93563587985621]],[[-71.53617281800558,-32.935747937093225],[-71.53626559600812,-32.935817265506024],[-71.53632768756056,-32.93574125870333],[-71.53624148702254,-32.935637925294664],[-71.53617281800558,-32.935747937093225]]],[[[-71.54255856406797,-32.93675014147332],[-71.54184654410243,-32.935735197034894],[-71.54167720987475,-32.93581804658596],[-71.54158800177713,-32.93570075860792],[-71.54191019063862,-32.93553979395521],[-71.54221731205784,-32.9357922370166],[-71.54263565658734,-32.936451649436236],[-71.54270385039551,-32.93665513264248],[-71.54255856406797,-32.93675014147332]]],[[[-71.53088780371198,-32.93438422474371],[-71.52966384105252,-32.934322807922925],[-71.5293261805069,-32.934091231594],[-71.53089825920357,-32.93413369119511],[-71.53088780371198,-32.93438422474371]]],[[[-71.54046859313529,-32.937174525520234],[-71.53956049340108,-32.937097778019485],[-71.53956838779581,-32.93676435607278],[-71.54051192606796,-32.936925050852125],[-71.54046859313529,-32.937174525520234]]],[[[-71.5418793568648,-32.937187797643304],[-71.54261105083339,-32.936749848194474],[-71.54270984754835,-32.93668450428308],[-71.542672969011,-32.93712720831939],[-71.54254155895964,-32.93729570255385],[-71.54223398029795,-32.93737132578075],[-71.5418793568648,-32.937187797643304]]],[[[-71.53769161672444,-32.93750532603545],[-71.53689872772206,-32.93716015718569],[-71.5368928635199,-32.9371321932847],[-71.53798808592101,-32.93701738973415],[-71.53769161672444,-32.93750532603545]]],[[[-71.53611398374437,-32.93614413630914],[-71.53640931567381,-32.93573968447901],[-71.53633250342881,-32.93560355770014],[-71.53659071337744,-32.935288404939094],[-71.53692382665109,-32.93530463129221],[-71.53633335593001,-32.93610514653149],[-71.53611398374437,-32.93614413630914]]],[[[-71.53747437713929,-32.936000095326435],[-71.53702219217472,-32.935397940681185],[-71.53704545764226,-32.93532524332526],[-71.53740896990513,-32.935365016038524],[-71.53781124896409,-32.935934459841356],[-71.53747437713929,-32.936000095326435]]],[[[-71.53026967835487,-32.93502818576006],[-71.52985427850288,-32.934915955711475],[-71.52991980700956,-32.93441120334673],[-71.53036305283875,-32.934451199640165],[-71.53026967835487,-32.93502818576006]]],[[[-71.53694178038037,-32.93546521714048],[-71.53699599730102,-32.93546537772995],[-71.53713375125488,-32.93565364569018],[-71.53712749898054,-32.93571175104041],[-71.53682259011184,-32.936076544467134],[-71.5364410540511,-32.93610963169505],[-71.53694178038037,-32.93546521714048]],[[-71.53680091556068,-32.935659800852676],[-71.53711694018267,-32.9356713881485],[-71.53696858341351,-32.935467256551355],[-71.53680091556068,-32.935659800852676]]],[[[-71.53626845175242,-32.93425951070455],[-71.53699456448815,-32.93421893076572],[-71.53698360863493,-32.93449271361585],[-71.5366712904618,-32.93453061615569],[-71.53626845175242,-32.93425951070455]]],[[[-71.54049950775746,-32.9368871621552],[-71.5395834390684,-32.93669615326696],[-71.53956926005993,-32.93662286438806],[-71.53964063120925,-32.93656478677794],[-71.54067137343763,-32.9367499462054],[-71.54049950775746,-32.9368871621552]]],[[[-71.53695362017581,-32.93605557901309],[-71.53717561454377,-32.93574161154669],[-71.5373763547721,-32.93598991416567],[-71.5373515226427,-32.936021906710295],[-71.53695362017581,-32.93605557901309]]],[[[-71.53921233065147,-32.93469312748398],[-71.53905612889493,-32.93468250812908],[-71.53920079897817,-32.93457776661509],[-71.53921233065147,-32.93469312748398]]],[[[-71.53477603475683,-32.93450102063078],[-71.53461941348704,-32.934490674182484],[-71.5346423214251,-32.93442411549637],[-71.53477603475683,-32.93450102063078]]],[[[-71.53927723123581,-32.934646149740196],[-71.53926509409801,-32.93449871882321],[-71.53926940690968,-32.934489111999135],[-71.53927878621957,-32.934509506330876],[-71.53927723123581,-32.934646149740196]]],[[[-71.53698311635816,-32.935362577035995],[-71.53697193053625,-32.93531537572685],[-71.53697866700257,-32.93531163240245],[-71.53698311635816,-32.935362577035995]]],[[[-71.54048183250593,-32.93800686864698],[-71.54049535215096,-32.93787440790426],[-71.54052584276833,-32.937628258501945],[-71.54048183250593,-32.93800686864698]]],[[[-71.54052647787724,-32.93746518561576],[-71.54052658567507,-32.93743744874248],[-71.54053664141637,-32.937340116298614],[-71.54052647787724,-32.93746518561576]]]]}},{"type":"Feature","properties":{"comuna":"Concon","zona":"ZEP","zona_code":"ZEP","nombre":"ZEP Zona Espacios Publicos","decreto":""},"geometry":{"type":"Polygon","coordinates":[[[-71.53652416977447,-32.93845097211673],[-71.53686506695006,-32.93899160569699],[-71.53660074576254,-32.93894076719362],[-71.53608006964744,-32.939046261220845],[-71.53541767082156,-32.93881373828262],[-71.53451353175946,-32.93864728100051],[-71.53157990173948,-32.938698093285595],[-71.53003605439723,-32.938504328978716],[-71.52727000060193,-32.93841152422122],[-71.52646775295094,-32.938476507238896],[-71.52603162986365,-32.93867175606309],[-71.52584185177672,-32.9382724431835],[-71.52585521960646,-32.938189766317095],[-71.52640538651401,-32.93828486095373],[-71.52643298994607,-32.93820648670798],[-71.53652416977447,-32.93845097211673]]]}},{"type":"Feature","properties":{"comuna":"Concon","zona":"ZEP","zona_code":"ZEP","nombre":"ZEP Zona Espacios Publicos","decreto":""},"geometry":{"type":"Polygon","coordinates":[[[-71.53821529141595,-32.93885833220398],[-71.53736707068366,-32.938481020930936],[-71.53816302024619,-32.93850008217386],[-71.53821529141595,-32.93885833220398]]]}},{"type":"Feature","properties":{"comuna":"Concon","zona":"ZEP","zona_code":"ZEP","nombre":"ZEP Zona Espacios Publicos","decreto":""},"geometry":{"type":"Polygon","coordinates":[[[-71.51709558467594,-32.920127329839865],[-71.51680075939632,-32.920176212537456],[-71.51703151952483,-32.92001605665779],[-71.51709558467594,-32.920127329839865]]]}},{"type":"Feature","properties":{"comuna":"Concon","zona":"ZE","zona_code":"ZE","nombre":"ZE Zona de Equipamiento","decreto":""},"geometry":{"type":"Polygon","coordinates":[[[-71.51540119676008,-32.920750130714005],[-71.51568447419672,-32.9206646647648],[-71.51579044575584,-32.92078291375316],[-71.51541253260065,-32.92100307218914],[-71.51540119676008,-32.920750130714005]]]}},{"type":"Feature","properties":{"comuna":"Concon","zona":"ZEP","zona_code":"ZEP","nombre":"ZEP Zona Espacios Publicos","decreto":""},"geometry":{"type":"Polygon","coordinates":[[[-71.51568447419672,-32.9206646647648],[-71.51620968949895,-32.92051211002707],[-71.51579044575584,-32.92078291375316],[-71.51568447419672,-32.9206646647648]]]}},{"type":"Feature","properties":{"comuna":"Concon","zona":"ZRDB","zona_code":"ZRDB","nombre":"ZRDB  Zona Residencial Densidad Baja","decreto":""},"geometry":{"type":"MultiPolygon","coordinates":[[[[-71.46229775945656,-32.941588951952696],[-71.4625159548492,-32.94157082770591],[-71.4623004939283,-32.941494269477374],[-71.46232729606311,-32.93842039027375],[-71.46294285583177,-32.93893701120619],[-71.46366628979133,-32.939255919756334],[-71.46439701178278,-32.939238318998136],[-71.4665300201024,-32.93890047438135],[-71.46611028048927,-32.93962968135089],[-71.46576606224208,-32.940022805349265],[-71.46545706064896,-32.9401275396608],[-71.46479827035557,-32.940807112852895],[-71.46492227020413,-32.941155332796065],[-71.46535023119874,-32.94159053964287],[-71.4655663532797,-32.942185354528185],[-71.46461972210801,-32.942786917904655],[-71.46465989117426,-32.942933259221675],[-71.46515224161182,-32.94343017920653],[-71.4652310103875,-32.94369285163744],[-71.4647999529001,-32.944171819290645],[-71.46477863048851,-32.94445568366839],[-71.46406036094352,-32.94469450160024],[-71.46400963757102,-32.944971838886815],[-71.46378007310014,-32.945148197505],[-71.46381936630901,-32.94536682754591],[-71.46415914418374,-32.94561989237766],[-71.46411094956876,-32.94579121773353],[-71.46384376724706,-32.94605498301854],[-71.46408409712828,-32.946253063151545],[-71.46188134001673,-32.946036594331616],[-71.46114280088567,-32.94517226594628],[-71.46074467563659,-32.94429016953891],[-71.46079127394532,-32.94407920291708],[-71.46165959538041,-32.943713849958925],[-71.46206363873058,-32.943390812688925],[-71.46222598765863,-32.942862490449144],[-71.46198062721182,-32.942476433897816],[-71.46203690127449,-32.942415833873596],[-71.46219536768386,-32.942453110311604],[-71.46246192837137,-32.942932669689476],[-71.4621152783847,-32.942033362357904],[-71.46213626931794,-32.94180778303583],[-71.46229775945656,-32.941588951952696]]],[[[-71.46272578063831,-32.93849905911077],[-71.46441578657222,-32.9377832550815],[-71.46531645184912,-32.93687309836134],[-71.46607248207708,-32.935869019577446],[-71.4664039649085,-32.936219748457745],[-71.46683618212091,-32.9363069929903],[-71.46689726037371,-32.938187000945994],[-71.46676214836509,-32.938702199853],[-71.46400053404392,-32.93910513408441],[-71.46346993154495,-32.93902197398567],[-71.46272578063831,-32.93849905911077]]]]}},{"type":"Feature","properties":{"comuna":"Concon","zona":"ZAV","zona_code":"ZAV","nombre":"ZAV Zona Area Verde","decreto":""},"geometry":{"type":"MultiPolygon","coordinates":[[[[-71.47358136478974,-32.92234997184213],[-71.47172491271176,-32.92206656812265],[-71.46992878160684,-32.921913187847444],[-71.46692853162708,-32.921953585671076],[-71.46563433239051,-32.922130261649414],[-71.46441356773346,-32.92253216593152],[-71.46087981998456,-32.92399729906836],[-71.45964960954231,-32.924738167110355],[-71.45835915897541,-32.9257091069564],[-71.45717853823179,-32.92686494557568],[-71.45714288769143,-32.9278368317349],[-71.45695335214964,-32.928011274668336],[-71.45573966531872,-32.928265352027196],[-71.45164855695347,-32.928314678860424],[-71.44791871146961,-32.92886655542742],[-71.44326781434181,-32.930337126216926],[-71.44200160750779,-32.93098782334365],[-71.44110046881873,-32.93192400363376],[-71.44018984032702,-32.93265478434875],[-71.43994065934531,-32.93253140389922],[-71.4407713126239,-32.93168916989146],[-71.44171167175828,-32.930998245599575],[-71.44208010678891,-32.93047628683752],[-71.44268824018509,-32.929974726404936],[-71.44836170936377,-32.928228378750326],[-71.45152638697314,-32.92776693231615],[-71.45447061531685,-32.92752183226417],[-71.45693543614962,-32.926677713024205],[-71.45714984693993,-32.92656797420942],[-71.45737805764966,-32.92589702017807],[-71.45803028664822,-32.925253007015385],[-71.4589380504125,-32.923714524971025],[-71.46060384405455,-32.92366720660248],[-71.4630802657309,-32.92278441537419],[-71.4632562025759,-32.92264044764782],[-71.46391896162623,-32.922559850170664],[-71.46466055862251,-32.921095224094216],[-71.4652641878659,-32.920795445580396],[-71.4664742607744,-32.92106378717486],[-71.4693651444616,-32.92136159215509],[-71.47127446329233,-32.92197116046045],[-71.47358136478974,-32.92234997184213]]],[[[-71.45452907408227,-32.9298310855456],[-71.45248319965025,-32.92975331604859],[-71.45184565810658,-32.92937143971267],[-71.45098122008847,-32.928575410905374],[-71.45376184455766,-32.92847713148657],[-71.45452907408227,-32.9298310855456]]],[[[-71.45540165802338,-32.93141716453212],[-71.45285200927835,-32.93113180689276],[-71.45259130380985,-32.929941817839314],[-71.45462878528218,-32.930011288028695],[-71.45540165802338,-32.93141716453212]]],[[[-71.43338824345837,-32.93125836806173],[-71.43335993305219,-32.93100910139227],[-71.43612605871272,-32.93260535513431],[-71.43708158230739,-32.933040527906655],[-71.43863597317612,-32.933342998035585],[-71.43959194323348,-32.93284892035777],[-71.44038762779302,-32.93325527181469],[-71.43934752152613,-32.933402132549595],[-71.43890337917831,-32.93370034912899],[-71.43890102020238,-32.934193150133865],[-71.43866100832476,-32.934331298917805],[-71.43845770699954,-32.93388171386765],[-71.4384369855609,-32.93350590058821],[-71.43757989666011,-32.933363449932486],[-71.43715996929909,-32.93391328496036],[-71.43695959827832,-32.93378847601276],[-71.43736053974581,-32.93330782809035],[-71.43606384498939,-32.93278260170474],[-71.43608608547919,-32.93327332613953],[-71.43591152485318,-32.932703145921494],[-71.43338824345837,-32.93125836806173]]],[[[-71.44079649779121,-32.93346881339204],[-71.4413238627619,-32.93408570511911],[-71.44172254766141,-32.93500359358158],[-71.44142191567181,-32.93646928693783],[-71.4415026248085,-32.93656671985911],[-71.44119652746872,-32.937275594602404],[-71.44117046015579,-32.937562398048165],[-71.44117832580442,-32.937848537867396],[-71.44137425016451,-32.9383886654831],[-71.44129717381483,-32.93867248886736],[-71.44137866897739,-32.93911240403971],[-71.4412547679435,-32.93909801038706],[-71.4410875420618,-32.93845709542012],[-71.44084256070404,-32.938108468290636],[-71.44090476364757,-32.93777753960301],[-71.44084060596997,-32.937502042697275],[-71.44102191923199,-32.93668733453923],[-71.44129577693457,-32.936357515601635],[-71.44129555235574,-32.935937623361724],[-71.44153685690904,-32.93483544782734],[-71.44117708702764,-32.93409811669158],[-71.44057532089018,-32.9333969211864],[-71.44079649779121,-32.93346881339204]]],[[[-71.43888173516986,-32.934423050918866],[-71.4389684001369,-32.935417215954075],[-71.43878087861798,-32.936315544863334],[-71.4386154314005,-32.93837098162147],[-71.43848636685038,-32.93831596907757],[-71.43849160043523,-32.93768232907075],[-71.43884881640628,-32.93544226339815],[-71.43870878432483,-32.93452172181709],[-71.43888173516986,-32.934423050918866]]],[[[-71.43602777313916,-32.9365560102573],[-71.43666967600352,-32.93602815985891],[-71.43685096860429,-32.93562381078818],[-71.43676144070643,-32.93442312405201],[-71.43689936983179,-32.93397252389271],[-71.43705411631757,-32.93407270621546],[-71.43695142181261,-32.93464487255198],[-71.43702933898541,-32.93563253387159],[-71.43676900541944,-32.93603934299659],[-71.43603405505795,-32.936720389119635],[-71.43606655251166,-32.93663691917452],[-71.43599994692492,-32.93678732982808],[-71.43596868824798,-32.93693705113506],[-71.43584292500653,-32.937221052581044],[-71.43576216646248,-32.93718089318416],[-71.4358543857129,-32.936836143760814],[-71.43602777313916,-32.9365560102573]]],[[[-71.43635291206803,-32.93437343646681],[-71.43633069762937,-32.93395039383481],[-71.43618565564361,-32.93359010784249],[-71.43637196803016,-32.93390783763957],[-71.43642337681725,-32.934234879860824],[-71.43635291206803,-32.93437343646681]]],[[[-71.4737155569235,-32.92238750859068],[-71.47358136478974,-32.92234997184213],[-71.47365500598178,-32.92236348899453],[-71.4737155569235,-32.92238750859068]]],[[[-71.4743272988522,-32.92289558327878],[-71.47424747545436,-32.92279239924738],[-71.47419171522805,-32.92271567395466],[-71.4743272988522,-32.92289558327878]]],[[[-71.43979189923257,-32.932671332374085],[-71.43971801369877,-32.93274258957745],[-71.43970899012174,-32.932749319463355],[-71.43979189923257,-32.932671332374085]]]]}},{"type":"Feature","properties":{"comuna":"Concon","zona":"ZAV","zona_code":"ZAV","nombre":"ZAV Zona Area Verde","decreto":""},"geometry":{"type":"Polygon","coordinates":[[[-71.46796662027782,-32.933209541111744],[-71.46891405993325,-32.9331529608885],[-71.47203250933978,-32.93255006305256],[-71.47192770109896,-32.93266522751929],[-71.46854109290202,-32.93328236234809],[-71.46510193685421,-32.933050994404454],[-71.46506068891131,-32.93295292352774],[-71.46796662027782,-32.933209541111744]]]}},{"type":"Feature","properties":{"comuna":"Concon","zona":"ZAV","zona_code":"ZAV","nombre":"ZAV Zona Area Verde","decreto":""},"geometry":{"type":"MultiPolygon","coordinates":[[[[-71.46785237613325,-32.93614753504985],[-71.46861461102486,-32.936103495412254],[-71.46909270070728,-32.93742466670778],[-71.46965478017381,-32.937830472413744],[-71.4699235183776,-32.938397736603115],[-71.46992293806592,-32.938605137948564],[-71.4696770494097,-32.93897969767001],[-71.46924128924181,-32.93926784056255],[-71.46869514678671,-32.93941106577252],[-71.46806792059746,-32.94005492836785],[-71.46891288493687,-32.940887570821175],[-71.46888993747294,-32.94107867318605],[-71.46901064858923,-32.94126437878101],[-71.46929740879423,-32.94140185460352],[-71.4698196821139,-32.94186867598481],[-71.46986387922588,-32.94244038328133],[-71.47032827678672,-32.942860632893456],[-71.47036916091194,-32.943313118439896],[-71.47004374709859,-32.943820564084405],[-71.47024711489912,-32.94473986451074],[-71.4691985779433,-32.946490198918376],[-71.46635836013647,-32.946457122359064],[-71.46408409712828,-32.946253063151545],[-71.46384376724706,-32.94605498301854],[-71.46411094956876,-32.94579121773353],[-71.46415914418374,-32.94561989237766],[-71.46381936630901,-32.94536682754591],[-71.46378007310014,-32.945148197505],[-71.46400963757102,-32.944971838886815],[-71.46406036094352,-32.94469450160024],[-71.46477863048851,-32.94445568366839],[-71.4647999529001,-32.944171819290645],[-71.4652310103875,-32.94369285163744],[-71.46515224161182,-32.94343017920653],[-71.46465989117426,-32.942933259221675],[-71.46461972210801,-32.942786917904655],[-71.4655663532797,-32.942185354528185],[-71.46535023119874,-32.94159053964287],[-71.46492227020413,-32.941155332796065],[-71.46479827035557,-32.940807112852895],[-71.46545706064896,-32.9401275396608],[-71.46576606224208,-32.940022805349265],[-71.46611028048927,-32.93962968135089],[-71.4665300201024,-32.93890047438135],[-71.46691683376544,-32.93882666486778],[-71.46793828022724,-32.9376692801829],[-71.46804218206795,-32.93737677062646],[-71.46804372627192,-32.936516225262736],[-71.46785237613325,-32.93614753504985]]],[[[-71.46683618212091,-32.9363069929903],[-71.46772372570646,-32.936291213904035],[-71.4678299443023,-32.93651377573689],[-71.46782856538833,-32.93736919594279],[-71.4677506643852,-32.93758281730466],[-71.46684513023945,-32.938587059078976],[-71.46683618212091,-32.9363069929903]]]]}},{"type":"Feature","properties":{"comuna":"Concon","zona":"ZE","zona_code":"ZE","nombre":"ZE Zona de Equipamiento","decreto":""},"geometry":{"type":"Polygon","coordinates":[[[-71.54003341507567,-32.93612567846084],[-71.54029452029447,-32.93596642828005],[-71.5412036099721,-32.93592920565298],[-71.54044712609493,-32.9358979805832],[-71.5410120217799,-32.935812112338375],[-71.54116174129335,-32.93511199725225],[-71.54191019063862,-32.93553979395521],[-71.54158800177713,-32.93570075860792],[-71.54167720987475,-32.93581804658596],[-71.54184654410243,-32.935735197034894],[-71.54255856406797,-32.93675014147332],[-71.54186654778717,-32.937174695907636],[-71.54107798147794,-32.93629006867805],[-71.54003341507567,-32.93612567846084]]]}},{"type":"Feature","properties":{"comuna":"Concon","zona":"ZAV","zona_code":"ZAV","nombre":"ZAV Zona Area Verde","decreto":""},"geometry":{"type":"MultiPolygon","coordinates":[[[[-71.5293616334179,-32.930525708947854],[-71.53042175414932,-32.92996323411935],[-71.53069618677367,-32.93041644539231],[-71.53042668859517,-32.93051880623059],[-71.53055223893591,-32.930649301047985],[-71.5301790446309,-32.930921764172346],[-71.52938155266102,-32.93089565610608],[-71.52918748242365,-32.930771809504506],[-71.52733791503405,-32.93200957708085],[-71.52685558260855,-32.932195674180306],[-71.52658349818034,-32.93204883933924],[-71.5263152612365,-32.93203172496561],[-71.52707282848192,-32.93189103698347],[-71.52897894212373,-32.930529127508024],[-71.5293616334179,-32.930525708947854]]],[[[-71.52635535753922,-32.932148474950964],[-71.52664810232064,-32.932190307428414],[-71.526152503575,-32.93239016706955],[-71.52606209442988,-32.932629426989514],[-71.52690698690405,-32.9333680520987],[-71.52663220483504,-32.933595111856064],[-71.52560025616926,-32.93356879724056],[-71.52589645676959,-32.93254582350146],[-71.52579385658773,-32.93249867874456],[-71.52635535753922,-32.932148474950964]]],[[[-71.52323529475842,-32.93287217108068],[-71.52330600744264,-32.93277261545031],[-71.52442251093287,-32.933408704053996],[-71.52323529475842,-32.93287217108068]]],[[[-71.52577019316652,-32.93391029477712],[-71.5255731162679,-32.9338021904618],[-71.52559983216446,-32.93375482923528],[-71.52581575212446,-32.93376751454011],[-71.52577019316652,-32.93391029477712]]],[[[-71.52962428733224,-32.9302734981628],[-71.53006245498513,-32.930057125189364],[-71.53009187391237,-32.930076448373285],[-71.52984726445713,-32.930243924587046],[-71.52962428733224,-32.9302734981628]]],[[[-71.5290953440216,-32.93050844272889],[-71.52927574729021,-32.93048542662756],[-71.52956622382554,-32.93028757883971],[-71.52933010344975,-32.93048108292778],[-71.5290953440216,-32.93050844272889]]]]}},{"type":"Feature","properties":{"comuna":"Concon","zona":"ZAV","zona_code":"ZAV","nombre":"ZAV Zona Area Verde","decreto":""},"geometry":{"type":"MultiPolygon","coordinates":[[[[-71.51248624271486,-32.92989559382274],[-71.51261006200205,-32.92955214679847],[-71.51408746455598,-32.93417738424161],[-71.51427115116697,-32.93425765447602],[-71.51493128534001,-32.939499333224006],[-71.51493488129609,-32.94028041340061],[-71.51399754589099,-32.944175854740365],[-71.51388494746,-32.943506243480094],[-71.51458958507057,-32.94035787208219],[-71.51457498565055,-32.93933696266091],[-71.51389935374222,-32.934254448674295],[-71.51248624271486,-32.92989559382274]]],[[[-71.51084729253013,-32.95702905695241],[-71.51055905908807,-32.95719144250996],[-71.50917901504631,-32.95394991373311],[-71.50909881705101,-32.95321471238819],[-71.50933110611213,-32.952607499415365],[-71.51305027781378,-32.94616161139484],[-71.51327872478042,-32.94605314286846],[-71.51292600397905,-32.947020559733026],[-71.5099020510522,-32.952220247680565],[-71.50941560703764,-32.95325807112322],[-71.50951590304079,-32.95395283162929],[-71.51084729253013,-32.95702905695241]]],[[[-71.51246849020822,-32.929841978427035],[-71.51217188806096,-32.92910763748269],[-71.511739880156,-32.92861247828718],[-71.50970661088405,-32.92747158509757],[-71.50774476306705,-32.92600617545812],[-71.50887717302601,-32.92597417476689],[-71.50890553822943,-32.9263712456726],[-71.50913157052459,-32.926857909866214],[-71.50932638636363,-32.9270400577269],[-71.51005916190381,-32.92747078207764],[-71.51124871729125,-32.92792325965386],[-71.51208062371967,-32.92867518841116],[-71.51258166266267,-32.92946283418817],[-71.51246849020822,-32.929841978427035]]],[[[-71.50969537565479,-32.96033887599127],[-71.5105254773678,-32.95836993958302],[-71.51062647944677,-32.957745606653354],[-71.51092516119391,-32.957564327042185],[-71.51083742992662,-32.95843293462593],[-71.51010553204047,-32.96014891570786],[-71.50969537565479,-32.96033887599127]]],[[[-71.51626144234078,-32.93492343937782],[-71.5142700597139,-32.93405789329857],[-71.51420646348335,-32.93384988868083],[-71.51581211491714,-32.93457126983851],[-71.51590805768441,-32.93440022206183],[-71.51641150321404,-32.93483150242495],[-71.51626144234078,-32.93492343937782]]],[[[-71.51359071776342,-32.93189613307772],[-71.51327051238209,-32.93085419095888],[-71.51315169940598,-32.930550012087814],[-71.51341077892381,-32.93068288868818],[-71.51327281835742,-32.930855635585495],[-71.51354808012677,-32.93102855556062],[-71.51346674845759,-32.93113014286304],[-71.51350094103225,-32.93126764574874],[-71.51344601084925,-32.931160890086055],[-71.51346780397806,-32.93105441251273],[-71.5133373991415,-32.93097651591462],[-71.5134934095569,-32.93140763050899],[-71.51376082005069,-32.93148799071807],[-71.51349681327352,-32.93156769263446],[-71.513658758858,-32.93187919887381],[-71.51359071776342,-32.93189613307772]]]]}},{"type":"Feature","properties":{"comuna":"Concon","zona":"ZAV","zona_code":"ZAV","nombre":"ZAV Zona Area Verde","decreto":""},"geometry":{"type":"Polygon","coordinates":[[[-71.51357804253476,-32.958606578537754],[-71.51352593845166,-32.95740428483763],[-71.51321261057213,-32.95636096917014],[-71.51394006718752,-32.95615542454176],[-71.51493459832678,-32.958198422281214],[-71.51357804253476,-32.958606578537754]]]}},{"type":"Feature","properties":{"comuna":"Concon","zona":"ZVLM-1","zona_code":"ZVLM-1","nombre":"ZVLM-1 Zona Vivienda Lomas Montemar 1","decreto":""},"geometry":{"type":"MultiPolygon","coordinates":[[[[-71.51678223074528,-32.945298084074345],[-71.51825032585455,-32.94462991214532],[-71.5200969090408,-32.94396944648978],[-71.52348231708852,-32.94942233768984],[-71.52125468472842,-32.950519741447906],[-71.51867140216082,-32.952368328976334],[-71.51807607784227,-32.95124951669534],[-71.51759262881086,-32.95007650517802],[-71.51718687955996,-32.94874450647308],[-71.5169509271691,-32.947510912674325],[-71.51678223074528,-32.945298084074345]]],[[[-71.51252335661081,-32.954838760302266],[-71.51223942520065,-32.95410115952428],[-71.51218721870961,-32.953611909747735],[-71.51233790031873,-32.95282208876844],[-71.51655456621125,-32.94547158266649],[-71.51667361364765,-32.947473816274645],[-71.51692393459146,-32.948785243327],[-71.51739982070647,-32.950295260979324],[-71.51845607958049,-32.95251329835486],[-71.5175098418709,-32.953078570299404],[-71.51569924339832,-32.95394227941277],[-71.51252335661081,-32.954838760302266]]]]}},{"type":"Feature","properties":{"comuna":"Concon","zona":"ZVLM- V9","zona_code":"ZVLM- V9","nombre":"ZVLM-V9 Zona Vivienda Lomas Montemar  V9","decreto":""},"geometry":{"type":"MultiPolygon","coordinates":[[[[-71.51672392379513,-32.94396568996207],[-71.51691333986099,-32.94252998283222],[-71.51790371180049,-32.93802212119142],[-71.520635148118,-32.942422289364316],[-71.51969912604982,-32.94260502788011],[-71.51672392379513,-32.94396568996207]]],[[[-71.51678223074528,-32.945298084074345],[-71.51672322041425,-32.944417596162175],[-71.51986192144057,-32.94293941689304],[-71.52080479495942,-32.94277723433136],[-71.52132899157209,-32.94362161381085],[-71.51901527186169,-32.9443344802605],[-71.51678223074528,-32.945298084074345]]]]}},{"type":"Feature","properties":{"comuna":"Concon","zona":"ZSR","zona_code":"ZSR","nombre":"ZSR Zona Servicio Ruta","decreto":""},"geometry":{"type":"MultiPolygon","coordinates":[[[[-71.51328056093685,-32.94605227066296],[-71.51644584490904,-32.94454930756341],[-71.5164769742286,-32.94500078786513],[-71.5162101395549,-32.94556616665098],[-71.51205916476417,-32.952830639797995],[-71.5119182011298,-32.95353240257778],[-71.51198779541147,-32.954177185972846],[-71.51278068171891,-32.956040691671184],[-71.51084729253013,-32.95702905695241],[-71.50951590304079,-32.95395283162929],[-71.50941560703764,-32.95325807112322],[-71.5099020510522,-32.952220247680565],[-71.51292600397905,-32.947020559733026],[-71.51328056093685,-32.94605227066296]]],[[[-71.51460813617949,-32.93709909513041],[-71.51731488858964,-32.936839721156204],[-71.51771596749936,-32.93762612188485],[-71.51660992938221,-32.94269671475662],[-71.51645024126405,-32.94413542710964],[-71.51534728167336,-32.94465869538582],[-71.51499509986117,-32.944737823805966],[-71.51442178426707,-32.94460304220051],[-71.51397850609854,-32.94413377161709],[-71.51424646546296,-32.94332000206567],[-71.51493488129609,-32.94028041340061],[-71.51493128534001,-32.939499333224006],[-71.51460813617949,-32.93709909513041]]],[[[-71.51092516119391,-32.957564327042185],[-71.51297602936059,-32.9564626351591],[-71.51326110612275,-32.95743489704811],[-71.51331390460356,-32.95868698789594],[-71.51010553204047,-32.96014891570786],[-71.51083742992662,-32.95843293462593],[-71.51092516119391,-32.957564327042185]]]]}},{"type":"Feature","properties":{"comuna":"Concon","zona":"ZR-1 V1","zona_code":"ZR-1 V1","nombre":"ZR-1 V1 Zona Residencial 1 V1","decreto":""},"geometry":{"type":"Polygon","coordinates":[[[-71.54296578026774,-32.935935820697985],[-71.54366933540837,-32.93591958918308],[-71.54489148436926,-32.93676201813548],[-71.54460158545065,-32.93700721773765],[-71.54341209294529,-32.93617963007263],[-71.54332637570089,-32.93626536300635],[-71.54296578026774,-32.935935820697985]]]}},{"type":"Feature","properties":{"comuna":"Concon","zona":"ZCS-1 V1","zona_code":"ZCS-1 V1","nombre":"ZCS-1 Sub-Zona Centro Servicio 1 V1","decreto":""},"geometry":{"type":"Polygon","coordinates":[[[-71.54307157126549,-32.93575440211798],[-71.54378429191696,-32.93468858494858],[-71.54509883440146,-32.936552196869734],[-71.54489148436926,-32.93676201813548],[-71.54366933540837,-32.93591958918308],[-71.54296578026774,-32.935935820697985],[-71.54295093830261,-32.93581179040675],[-71.54307157126549,-32.93575440211798]]]}},{"type":"Feature","properties":{"comuna":"Concon","zona":"ZEP","zona_code":"ZEP","nombre":"ZEP Zona Espacios Publicos","decreto":""},"geometry":{"type":"Polygon","coordinates":[[[-71.54468530843513,-32.943051963188175],[-71.54539103660045,-32.94303129038422],[-71.54540237962752,-32.9430546876978],[-71.54468530843513,-32.943051963188175]]]}},{"type":"Feature","properties":{"comuna":"Concon","zona":"ZVCM-H7","zona_code":"ZVCM-H7","nombre":"ZVCM-H7 Zona Vivienda Costa Montemar H7","decreto":""},"geometry":{"type":"MultiPolygon","coordinates":[[[[-71.54603316314532,-32.92976914455653],[-71.54640705364466,-32.929784682021634],[-71.5470138260932,-32.92953489697729],[-71.54747910040977,-32.929656511990146],[-71.54806028255084,-32.931071656005734],[-71.54921507762835,-32.931997018944955],[-71.54939230714906,-32.93257273028447],[-71.54925660315067,-32.932969905025715],[-71.54860985567197,-32.93332961073369],[-71.54743974162392,-32.932640036035394],[-71.54735839827663,-32.93229987415008],[-71.54771130682589,-32.932082584027754],[-71.54811332627173,-32.93214446307942],[-71.54812804606597,-32.93234422103852],[-71.54836529292913,-32.93261712453592],[-71.54849648199492,-32.93261433938746],[-71.54857337059671,-32.932487235040725],[-71.54832046609813,-32.93216876351275],[-71.54802371572886,-32.932024207879884],[-71.5475537153756,-32.932026434354796],[-71.54723293058089,-32.932254952715375],[-71.54703123095183,-32.93220281275901],[-71.54644635942992,-32.93122286930748],[-71.54707894227322,-32.930982328342],[-71.54721149857485,-32.930725222502474],[-71.54715951666262,-32.930419070011325],[-71.54692936469357,-32.93005502307281],[-71.54672693742913,-32.930064065642],[-71.54668581435206,-32.930183406659026],[-71.54684335100511,-32.93042472187669],[-71.5470842019092,-32.93051211462814],[-71.5470905790494,-32.93080526816744],[-71.54682903724938,-32.93104352128852],[-71.54643804013206,-32.93102410934632],[-71.54620669250538,-32.93075956635708],[-71.54619354386456,-32.93021901666632],[-71.54596380512052,-32.92988686187965],[-71.54603316314532,-32.92976914455653]]],[[[-71.54207051027242,-32.932178214517215],[-71.54419395243261,-32.93069124959359],[-71.54437809448945,-32.93076486232153],[-71.54476798757726,-32.931290353270036],[-71.54492606771107,-32.93175969351658],[-71.54473052513498,-32.931943064027934],[-71.54372153201794,-32.93224082032776],[-71.5434220022612,-32.932576368169556],[-71.54341523704878,-32.932963082419214],[-71.54375073534952,-32.93349474804248],[-71.54488402475913,-32.93438668337594],[-71.5454761519736,-32.9353750600538],[-71.54622828261492,-32.935672572587315],[-71.54628620688275,-32.93586142817801],[-71.54613094835724,-32.93603541725026],[-71.54607218955451,-32.93638566295336],[-71.54567516294502,-32.93662173349108],[-71.54545251370523,-32.93655460191252],[-71.5442079284218,-32.93477465860385],[-71.54366353857984,-32.93429878478142],[-71.54405936414179,-32.93378556800642],[-71.54355904564767,-32.93338355651145],[-71.5433317305583,-32.93303196139167],[-71.54326282708104,-32.932733119030225],[-71.54260182244047,-32.93289060849697],[-71.54207051027242,-32.932178214517215]]],[[[-71.546881812374,-32.93382944443594],[-71.54665743747054,-32.93356519257041],[-71.54606962755933,-32.932339051081236],[-71.54522738242028,-32.931212554142824],[-71.54491221658769,-32.930540127369085],[-71.54499090720995,-32.93016780894501],[-71.54534291564731,-32.92968069548438],[-71.54566385674886,-32.92968493969677],[-71.54605518354786,-32.93017362745739],[-71.54618441428632,-32.931093462573116],[-71.54667945068658,-32.93168339068539],[-71.54709844110475,-32.93247834351254],[-71.54793631504162,-32.932992221557576],[-71.54829802528404,-32.93344002726321],[-71.548239248515,-32.93357900356061],[-71.54760263403271,-32.9339336379574],[-71.54721856921445,-32.93394516893278],[-71.546881812374,-32.93382944443594]]],[[[-71.54614204704258,-32.935382190082535],[-71.54595970520958,-32.93547927512665],[-71.54560861395214,-32.93538640763339],[-71.54495312676406,-32.934344153024895],[-71.54363903972539,-32.93324081689198],[-71.54346702851817,-32.932776685348614],[-71.54350273026252,-32.93260264010426],[-71.54377460089168,-32.932298172443886],[-71.54475571928542,-32.93201948123861],[-71.54504543404938,-32.932076551513454],[-71.54531667675617,-32.93290335122691],[-71.54588345441164,-32.933996057806844],[-71.54614204704258,-32.935382190082535]]],[[[-71.54698919788139,-32.93472471035024],[-71.54742046826951,-32.934654279562885],[-71.54787116921722,-32.934762664813015],[-71.54793325537977,-32.935685069886226],[-71.54851874045103,-32.93628735828474],[-71.54764400594311,-32.93653940415203],[-71.54714954985454,-32.936197531505684],[-71.5469396171659,-32.93577697504033],[-71.54698919788139,-32.93472471035024]]],[[[-71.54697946373696,-32.93465932347553],[-71.54689192920074,-32.93390037047428],[-71.5472663146718,-32.93401425523168],[-71.54768378154726,-32.93401160131513],[-71.54764702518078,-32.934586540316246],[-71.54697946373696,-32.93465932347553]]],[[[-71.54792907911201,-32.93463630543843],[-71.54780584552638,-32.934658590637994],[-71.54772925606359,-32.93456060824783],[-71.54780839494516,-32.93418091876925],[-71.54775554615868,-32.934019695006384],[-71.54794618213671,-32.93386648775153],[-71.54792907911201,-32.93463630543843]]],[[[-71.54676508708262,-32.93015918635682],[-71.5468860380491,-32.93011628904355],[-71.54701899320273,-32.93038632522562],[-71.54691832260208,-32.930393761774155],[-71.54676508708262,-32.93015918635682]]],[[[-71.54820621476705,-32.93231073204495],[-71.54832584341342,-32.932283421055246],[-71.54847454513569,-32.932537918920836],[-71.54837835263673,-32.932548518930126],[-71.54820621476705,-32.93231073204495]]],[[[-71.5471211594983,-32.93233913477165],[-71.54724103877464,-32.93233543429745],[-71.54723099381316,-32.932458453870225],[-71.5471211594983,-32.93233913477165]]],[[[-71.54501649302587,-32.93199069313018],[-71.54492887584465,-32.93194448224775],[-71.54497415991811,-32.93186600662908],[-71.54497443480258,-32.93186591464453],[-71.54501649302587,-32.93199069313018]]],[[[-71.54841497784919,-32.93346647536762],[-71.54841179960972,-32.93338988448852],[-71.54850096997808,-32.93340127529846],[-71.54850745761105,-32.93341455552736],[-71.54841497784919,-32.93346647536762]]]]}},{"type":"Feature","properties":{"comuna":"Concon","zona":"ZCS-1 V1","zona_code":"ZCS-1 V1","nombre":"ZCS-1 Sub-Zona Centro Servicio 1 V1","decreto":""},"geometry":{"type":"MultiPolygon","coordinates":[[[[-71.5455001603479,-32.94456947115451],[-71.54553171636718,-32.943144999038765],[-71.54683860969703,-32.94316447767726],[-71.54628687522931,-32.94474024294952],[-71.5455001603479,-32.94456947115451]]],[[[-71.5453735958092,-32.93953640884456],[-71.54646836905269,-32.93900333278371],[-71.54665895652167,-32.941181863029236],[-71.5464150962614,-32.94119096326453],[-71.5453735958092,-32.93953640884456]]],[[[-71.54630479302598,-32.94297621138282],[-71.54552950291831,-32.942964655199226],[-71.54555180359527,-32.941638863158474],[-71.54632224908859,-32.94148634986482],[-71.54630479302598,-32.94297621138282]]],[[[-71.54639011501168,-32.942240679788235],[-71.54675394168488,-32.94222176108174],[-71.5468347756874,-32.94298410899952],[-71.54637561081307,-32.94297726681083],[-71.54639011501168,-32.942240679788235]]]]}},{"type":"Feature","properties":{"comuna":"Concon","zona":"ZVLM- V5","zona_code":"ZVLM- V5","nombre":"ZVLM-V5 Zona Vivienda Lomas Montemar V5","decreto":""},"geometry":{"type":"MultiPolygon","coordinates":[[[[-71.52788622961549,-32.950810858206076],[-71.53117219595788,-32.95025504193841],[-71.5337449951861,-32.95006794483618],[-71.5335766526985,-32.95065051581586],[-71.53357616401497,-32.95106899113627],[-71.53388671071039,-32.95258198194253],[-71.53012790803336,-32.95364494669443],[-71.529572174266,-32.95282117290971],[-71.5285451447747,-32.95192073973035],[-71.52788622961549,-32.950810858206076]]],[[[-71.53397099873519,-32.95022383549599],[-71.53748873311582,-32.95028819547346],[-71.53817371558796,-32.950459860797984],[-71.53838556258648,-32.9513078153251],[-71.53414077942557,-32.95251012788955],[-71.53382868133967,-32.95085716250201],[-71.53397099873519,-32.95022383549599]]]]}},{"type":"Feature","properties":{"comuna":"Concon","zona":"ZVLM- V13","zona_code":"ZVLM- V13","nombre":"ZVLM-V13 Zona Vivienda Lomas Montemar V13","decreto":""},"geometry":{"type":"MultiPolygon","coordinates":[[[[-71.53194214737779,-32.947368446885626],[-71.53417429556882,-32.947265251447234],[-71.53431822633858,-32.94843525554712],[-71.5315047010721,-32.94856892242724],[-71.52911193320995,-32.94888437461866],[-71.52681536144001,-32.94933450153118],[-71.52577349806843,-32.94974999117268],[-71.52512201287493,-32.94870076333298],[-71.52635354204402,-32.948229231141525],[-71.52877971735326,-32.94774649216412],[-71.53194214737779,-32.947368446885626]]],[[[-71.52666228492234,-32.95121355332873],[-71.52604125890518,-32.9501846182436],[-71.52680497242375,-32.94983170741852],[-71.52906867124418,-32.94935678981112],[-71.53096952614831,-32.94909567125703],[-71.53418557661216,-32.948889135788406],[-71.5337449951861,-32.95006794483618],[-71.53187270311476,-32.95017327934736],[-71.52936001914534,-32.95050319223953],[-71.52726692117714,-32.950942110058385],[-71.52666228492234,-32.95121355332873]]],[[[-71.52125468472842,-32.950519741447906],[-71.52461934079477,-32.94892127970833],[-71.52528488552079,-32.94999316015926],[-71.52344859612938,-32.95076082553784],[-71.52202899118083,-32.9514929076982],[-71.5193485055096,-32.95340608510067],[-71.51867140216082,-32.952368328976334],[-71.52125468472842,-32.950519741447906]]],[[[-71.52045744338848,-32.9547912776783],[-71.51963179552266,-32.95378653400739],[-71.52270288664572,-32.95164085603549],[-71.52557122082266,-32.95039953912642],[-71.52618897248061,-32.95142603691932],[-71.52348093098803,-32.952614745646635],[-71.52045744338848,-32.9547912776783]]],[[[-71.51252335661081,-32.954838760302266],[-71.51569924339832,-32.95394227941277],[-71.5175098418709,-32.953078570299404],[-71.51845607958049,-32.95251329835486],[-71.5191328442644,-32.953539462547795],[-71.51826657188647,-32.95406247088623],[-71.51628533932396,-32.95500563936587],[-71.51302014292925,-32.955937789019536],[-71.51252335661081,-32.954838760302266]]],[[[-71.51394006718752,-32.95615542454176],[-71.51672643278972,-32.95532391482899],[-71.51942085761921,-32.95392274510755],[-71.52024229687795,-32.95492494399233],[-71.51729369553546,-32.95639374277979],[-71.51447029508903,-32.95724464861741],[-71.51394006718752,-32.95615542454176]]],[[[-71.5340243901041,-32.950053410495556],[-71.53446667922749,-32.94888674841913],[-71.53613493155848,-32.948914009051826],[-71.53833677149012,-32.949093431643036],[-71.53816368859276,-32.95039180801117],[-71.53736802469447,-32.950196265449016],[-71.53410797744297,-32.95014888661907],[-71.5340243901041,-32.950053410495556]]],[[[-71.53860745724143,-32.9476200367585],[-71.53842633172734,-32.948651612203925],[-71.53628748705329,-32.94846570728294],[-71.53458522270901,-32.948437892446535],[-71.53444875604094,-32.9472635937518],[-71.53717376311597,-32.9473588979976],[-71.53860745724143,-32.9476200367585]]],[[[-71.53860100284612,-32.94758031478727],[-71.53807517489287,-32.947466172348854],[-71.5374436448751,-32.94738321611182],[-71.53857716605005,-32.94748668957895],[-71.53860100284612,-32.94758031478727]]]]}},{"type":"Feature","properties":{"comuna":"Concon","zona":"ZEP","zona_code":"ZEP","nombre":"ZEP Zona Espacios Publicos","decreto":""},"geometry":{"type":"Polygon","coordinates":[[[-71.53938623640563,-32.94323050207296],[-71.5393202183171,-32.94273039733392],[-71.53988693578545,-32.9426993661509],[-71.54012708061371,-32.942961484391446],[-71.53938623640563,-32.94323050207296]]]}},{"type":"Feature","properties":{"comuna":"Concon","zona":"ZE","zona_code":"ZE","nombre":"ZE Zona de Equipamiento","decreto":""},"geometry":{"type":"MultiPolygon","coordinates":[[[[-71.53962604256905,-32.94229746453104],[-71.53999616822905,-32.941932751798745],[-71.5407288413613,-32.94218854798035],[-71.54008190164313,-32.94275068120659],[-71.5398937629816,-32.942618128811276],[-71.5396731592057,-32.94261815218156],[-71.53962604256905,-32.94229746453104]]],[[[-71.5402250742348,-32.94293386307756],[-71.54009761317747,-32.9427708776247],[-71.54076114837217,-32.94220024071833],[-71.5414374315591,-32.942463010284364],[-71.5402250742348,-32.94293386307756]]],[[[-71.53897660463608,-32.942740298029506],[-71.53984959910728,-32.942663029150985],[-71.53998371398595,-32.94273090318689],[-71.54015611506202,-32.942950940663216],[-71.53988693578545,-32.9426993661509],[-71.5393202183171,-32.94273039733392],[-71.53938623640563,-32.94323050207296],[-71.53905535454714,-32.943307254051675],[-71.53897660463608,-32.942740298029506]]],[[[-71.53940561845621,-32.94264491794028],[-71.53936722266434,-32.94256247358766],[-71.53960212492461,-32.94232195592269],[-71.5396461639331,-32.94262096566242],[-71.53940561845621,-32.94264491794028]]]]}},{"type":"Feature","properties":{"comuna":"Concon","zona":"ZVLM- V5","zona_code":"ZVLM- V5","nombre":"ZVLM-V5 Zona Vivienda Lomas Montemar V5","decreto":""},"geometry":{"type":"MultiPolygon","coordinates":[[[[-71.53299485431316,-32.943171063533796],[-71.53335421905437,-32.94311902575502],[-71.53370709346765,-32.943252653932674],[-71.5360128702743,-32.94435521759221],[-71.53635575272666,-32.94459065321048],[-71.5363374459595,-32.94473180421665],[-71.53648219958608,-32.94470750648129],[-71.53674541943906,-32.94505705896482],[-71.5370692998282,-32.945785023321974],[-71.53727918400782,-32.94658192096605],[-71.53736097381781,-32.9473757666688],[-71.53444875604094,-32.9472635937518],[-71.53404248127559,-32.94638391318542],[-71.53267372905697,-32.94553625216908],[-71.53225848820678,-32.9449193830214],[-71.53219211797865,-32.944511559336355],[-71.53227883953953,-32.94407769367383],[-71.5324621129255,-32.943745927912154],[-71.53299485431316,-32.943171063533796]]],[[[-71.53194214737779,-32.947368446885626],[-71.53137531941667,-32.94499380863003],[-71.53198680173226,-32.94492710481503],[-71.53215910579027,-32.9453161909723],[-71.53248253792012,-32.94569399625479],[-71.53382800850152,-32.94651904186102],[-71.53417429556882,-32.947265251447234],[-71.53194214737779,-32.947368446885626]]]]}},{"type":"Feature","properties":{"comuna":"Concon","zona":"ZVLM- V5 E","zona_code":"ZVLM- V5 E","nombre":"ZVLM-V5E Zona Vivienda Lomas Montemar V5E","decreto":""},"geometry":{"type":"Polygon","coordinates":[[[-71.52609342137877,-32.9425287042501],[-71.52870482570634,-32.94218875756002],[-71.53112939572617,-32.942323568477825],[-71.53272802143611,-32.94285809157022],[-71.53278989918951,-32.943027399626565],[-71.53223527753647,-32.943626376017896],[-71.53197637768169,-32.944141847043085],[-71.53198680173226,-32.94492710481503],[-71.53137531941667,-32.94499380863003],[-71.53194214737779,-32.947368446885626],[-71.52889723675537,-32.94772659012505],[-71.52628891814079,-32.948248425972864],[-71.52310597329013,-32.943121339400236],[-71.52609342137877,-32.9425287042501]]]}},{"type":"Feature","properties":{"comuna":"Concon","zona":"ZR-3 V5","zona_code":"ZR-3 V5","nombre":"ZR-3 V5 Zona Residencial 3 V5","decreto":""},"geometry":{"type":"MultiPolygon","coordinates":[[[[-71.53980830265537,-32.94761869718917],[-71.53983868996647,-32.94607936029173],[-71.54164975286808,-32.94615530920869],[-71.54163734354073,-32.94685733982965],[-71.5405512965319,-32.946817766776896],[-71.54049493173942,-32.94688852333747],[-71.5406412978419,-32.94695452384458],[-71.54163469171402,-32.94694025811415],[-71.54163153054253,-32.94763660007571],[-71.53980830265537,-32.94761869718917]]],[[[-71.54167039435667,-32.94604704873743],[-71.54077743213334,-32.946039072993855],[-71.54083567350645,-32.94408728136349],[-71.5417970909477,-32.94412262719638],[-71.54170038101917,-32.944453709297164],[-71.54167039435667,-32.94604704873743]]],[[[-71.54263605903259,-32.94609946021047],[-71.54174557346448,-32.9460545352311],[-71.54177073797054,-32.944516927602166],[-71.54193100011216,-32.94409357238904],[-71.54267925631966,-32.94410907944471],[-71.54263605903259,-32.94609946021047]]],[[[-71.53817062448508,-32.94440204769803],[-71.53803409762989,-32.94362912991083],[-71.53920488451608,-32.94351930281474],[-71.54022540571314,-32.94317249891271],[-71.54019755973597,-32.94401568652111],[-71.53971491918831,-32.94424632543836],[-71.53817062448508,-32.94440204769803]]],[[[-71.54065297324567,-32.94606964767888],[-71.53981430340146,-32.9459820237906],[-71.53983844742135,-32.944299176728805],[-71.54020629764874,-32.94408187236273],[-71.54074270506108,-32.94411207606794],[-71.54065297324567,-32.94606964767888]]],[[[-71.54261494323352,-32.947658357328464],[-71.54172392855772,-32.94763661289095],[-71.54175883349639,-32.94616282735487],[-71.5426410967847,-32.94616023863401],[-71.54261494323352,-32.947658357328464]]],[[[-71.53819216339065,-32.944466489562004],[-71.539747584627,-32.944319058431205],[-71.53974482679908,-32.94531042245681],[-71.53845782396624,-32.94532140615623],[-71.53819216339065,-32.944466489562004]]],[[[-71.53868432967356,-32.94605459478531],[-71.53972905777259,-32.946093672899835],[-71.5396982671179,-32.94760777031293],[-71.53916983494865,-32.94761630300101],[-71.53868432967356,-32.94605459478531]]],[[[-71.54110924195152,-32.94284297480409],[-71.54185787455309,-32.94257410596579],[-71.54181934670888,-32.944025964760755],[-71.54108770933416,-32.943985853686286],[-71.54110924195152,-32.94284297480409]]],[[[-71.54169561725321,-32.94876787815224],[-71.54172228464074,-32.947739798849796],[-71.54261173534964,-32.94772684266033],[-71.54257452623226,-32.94878235164422],[-71.54169561725321,-32.94876787815224]]],[[[-71.53976498679067,-32.94873797455348],[-71.53978851187135,-32.94771566929288],[-71.54063903498572,-32.947704948979954],[-71.54065327418128,-32.948728660253934],[-71.53976498679067,-32.94873797455348]]],[[[-71.54072710491786,-32.9487321746005],[-71.54076053661946,-32.947720419971866],[-71.54162869905277,-32.94773566254863],[-71.54161940957442,-32.94875455198396],[-71.54072710491786,-32.9487321746005]]],[[[-71.54029098542382,-32.9431466485188],[-71.54103844213071,-32.94287343600494],[-71.54101578392428,-32.944006072438306],[-71.54028635999843,-32.943990977730614],[-71.54029098542382,-32.9431466485188]]],[[[-71.5396839910914,-32.94873619702699],[-71.53895655783221,-32.948705294595015],[-71.53917526436622,-32.947679157202856],[-71.53970510958541,-32.94771610350284],[-71.5396839910914,-32.94873619702699]]],[[[-71.53790478244979,-32.94284804991257],[-71.53897660463608,-32.942740298029506],[-71.53905535454714,-32.943307254051675],[-71.5379818309517,-32.94341042847825],[-71.53790478244979,-32.94284804991257]]],[[[-71.53967619281643,-32.94600268685842],[-71.53866312763623,-32.945985960403156],[-71.53972172392659,-32.94598971684502],[-71.53967619281643,-32.94600268685842]]],[[[-71.54061121416136,-32.94689016294771],[-71.54054713733215,-32.94688792855474],[-71.54058122839719,-32.946861467125764],[-71.54061121416136,-32.94689016294771]]],[[[-71.53790964592874,-32.94279291048676],[-71.53830337751776,-32.94273821807687],[-71.5383053618962,-32.94275466545744],[-71.53790964592874,-32.94279291048676]]]]}},{"type":"Feature","properties":{"comuna":"Concon","zona":"ZEP","zona_code":"ZEP","nombre":"ZEP Zona Espacios Publicos","decreto":""},"geometry":{"type":"Polygon","coordinates":[[[-71.53847829746988,-32.94538767620622],[-71.53971185503488,-32.945398916961125],[-71.53973895990195,-32.9459725561688],[-71.53866312763623,-32.945985960403156],[-71.53847829746988,-32.94538767620622]]]}},{"type":"Feature","properties":{"comuna":"Concon","zona":"ZEP","zona_code":"ZEP","nombre":"ZEP Zona Espacios Publicos","decreto":""},"geometry":{"type":"Polygon","coordinates":[[[-71.54292462125804,-32.94498620444438],[-71.54294445605952,-32.94419328338803],[-71.54407834823868,-32.94442122903687],[-71.54406399226214,-32.94499883159872],[-71.54292462125804,-32.94498620444438]]]}},{"type":"Feature","properties":{"comuna":"Concon","zona":"ZR1-V31","zona_code":"ZR1-V31","nombre":"ZR1- V3.1 SubZona Residencial 1 V3.1","decreto":""},"geometry":{"type":"MultiPolygon","coordinates":[[[[-71.54501143281588,-32.94446232596858],[-71.54503653354156,-32.94310362783774],[-71.54540264912211,-32.94310719593309],[-71.5453731143122,-32.944511714632355],[-71.54501143281588,-32.94446232596858]]],[[[-71.54506181123533,-32.941743721455204],[-71.54542780195007,-32.94169348161342],[-71.54540203287783,-32.94298695262382],[-71.5450432484483,-32.9429835895782],[-71.54506181123533,-32.941743721455204]]]]}},{"type":"Feature","properties":{"comuna":"Concon","zona":"ZR1-V32","zona_code":"ZR1-V32","nombre":"ZR1- V3.2 SubZona Residencial 1 V3.2","decreto":""},"geometry":{"type":"Polygon","coordinates":[[[-71.54284189001363,-32.94878313260962],[-71.54292462125804,-32.94498620444438],[-71.54340567717753,-32.94499153724996],[-71.54337905470577,-32.94612197621497],[-71.54325058573868,-32.94613471628462],[-71.54320285555268,-32.948548181560916],[-71.54284189001363,-32.94878313260962]]]}},{"type":"Feature","properties":{"comuna":"Concon","zona":"ZR-1 V3","zona_code":"ZR-1 V3","nombre":"ZR-1 V3 Zona Residencial 1 V3","decreto":""},"geometry":{"type":"MultiPolygon","coordinates":[[[[-71.54377052074365,-32.94419398222254],[-71.54378762915825,-32.9430917640893],[-71.5445782660842,-32.94309918298436],[-71.5445547796311,-32.94435949653206],[-71.54377052074365,-32.94419398222254]]],[[[-71.54380518493383,-32.94200068896774],[-71.54459672915823,-32.94183844361942],[-71.54457943389406,-32.94297924046116],[-71.54379003304994,-32.94297183437196],[-71.54380518493383,-32.94200068896774]]],[[[-71.5437071589734,-32.944177596172956],[-71.54295098681165,-32.94399336673986],[-71.54296701095967,-32.94308406022845],[-71.54372540555345,-32.94309118058914],[-71.5437071589734,-32.944177596172956]]],[[[-71.54296690495846,-32.942964105622714],[-71.54298173973707,-32.94219605214],[-71.5437421654217,-32.94201370555329],[-71.54372807444815,-32.942971252378776],[-71.54296690495846,-32.942964105622714]]],[[[-71.54461664840133,-32.94437259418781],[-71.54464394371126,-32.943099798147244],[-71.54503653354156,-32.94310362783774],[-71.54501143281588,-32.94446232596858],[-71.54461664840133,-32.94437259418781]]],[[[-71.54466741489298,-32.94182609269025],[-71.54506181123533,-32.941743721455204],[-71.5450432484483,-32.9429835895782],[-71.54464532711678,-32.94297985864041],[-71.54466741489298,-32.94182609269025]]],[[[-71.54456772525265,-32.943038952032595],[-71.54455732096503,-32.94303558521957],[-71.54455731288019,-32.94302458917413],[-71.54456772525265,-32.943038952032595]]],[[[-71.54381234181169,-32.943026996302535],[-71.54380417073588,-32.9430391231626],[-71.54381228881111,-32.94302107610848],[-71.54381234181169,-32.943026996302535]]],[[[-71.54467819737134,-32.94303697762972],[-71.54467166302597,-32.943037586762046],[-71.54467819198146,-32.943029411723494],[-71.54467819737134,-32.94303697762972]]]]}},{"type":"Feature","properties":{"comuna":"Concon","zona":"ZCS-1","zona_code":"ZCS-1","nombre":"ZCS-1 Zona Centro Servicio 1","decreto":""},"geometry":{"type":"MultiPolygon","coordinates":[[[[-71.5200969090408,-32.94396944648978],[-71.52132899157209,-32.94362161381085],[-71.52461934079477,-32.94892127970833],[-71.52348231708852,-32.94942233768984],[-71.5200969090408,-32.94396944648978]]],[[[-71.52187315863188,-32.943467983681856],[-71.5231052249935,-32.943120134706525],[-71.52628891814079,-32.948248425972864],[-71.52512201287493,-32.94870076333298],[-71.52187315863188,-32.943467983681856]]]]}},{"type":"Feature","properties":{"comuna":"Concon","zona":"ZCS-1","zona_code":"ZCS-1","nombre":"ZCS-1 Zona Centro Servicio 1","decreto":""},"geometry":{"type":"Polygon","coordinates":[[[-71.54340567717753,-32.94499153724996],[-71.54406399226214,-32.94499883159872],[-71.54407834823868,-32.94442122903687],[-71.54623213009928,-32.944890104579216],[-71.54550651323358,-32.946912668950866],[-71.54320285555268,-32.948548181560916],[-71.54325058573868,-32.94613471628462],[-71.54337905470577,-32.94612197621497],[-71.54340567717753,-32.94499153724996]]]}},{"type":"Feature","properties":{"comuna":"Concon","zona":"ZTR","zona_code":"ZTR","nombre":"ZTR Zona Densidad Turístico Residencial","decreto":""},"geometry":{"type":"MultiPolygon","coordinates":[[[[-71.52275555756579,-32.92034937809812],[-71.52294680799146,-32.92012846999658],[-71.52338164828453,-32.9205518215341],[-71.523730132631,-32.92155539325951],[-71.52392983889845,-32.92289893200727],[-71.52462066760644,-32.92407519954947],[-71.52531832800219,-32.92465612002978],[-71.52642750393463,-32.924642617554255],[-71.52561404980044,-32.92502036261131],[-71.52394660954648,-32.924538893409405],[-71.52374787884943,-32.92455664789946],[-71.52353237570773,-32.924439822294],[-71.52343818645186,-32.924491327404276],[-71.52287446576332,-32.92359038555087],[-71.5225413731509,-32.9224981122092],[-71.52250549533679,-32.92166118702286],[-71.52298099158295,-32.921600011716784],[-71.52250485843123,-32.92164584871082],[-71.52248283623204,-32.92074613491502],[-71.52288992397271,-32.920546424667215],[-71.5230875578268,-32.92072620643989],[-71.52275555756579,-32.92034937809812]]],[[[-71.52725774488651,-32.9278776279852],[-71.52806656371384,-32.9272459354575],[-71.53029113641205,-32.928338570168734],[-71.5314708534505,-32.929635842840774],[-71.53193672155346,-32.92996272819335],[-71.53192196402998,-32.930037679101254],[-71.53077317508846,-32.93032612482268],[-71.53015502008695,-32.92941941100428],[-71.52743448841866,-32.9280534348321],[-71.52725774488651,-32.9278776279852]]],[[[-71.53113024104086,-32.93070321453118],[-71.53141320586377,-32.93086740974379],[-71.53145528564663,-32.93081256670229],[-71.53090250284497,-32.930519020361864],[-71.53105816471403,-32.930285845427456],[-71.53193054743252,-32.93007998231084],[-71.53348602077118,-32.93085553756802],[-71.53390920811836,-32.93094583120782],[-71.53473426399442,-32.93093275418283],[-71.53551782758583,-32.931211763974495],[-71.53628271789746,-32.93133663009015],[-71.53575071941651,-32.931529301757344],[-71.53466648969952,-32.93130457628669],[-71.53397516422315,-32.93135317233028],[-71.53335994222105,-32.93126841631322],[-71.53348721193723,-32.93136586702724],[-71.53457136619576,-32.931374454814915],[-71.53395520725081,-32.93166555996617],[-71.5322962938055,-32.931845369662824],[-71.53150748225622,-32.93152881921348],[-71.53104715675855,-32.93077305206549],[-71.53113024104086,-32.93070321453118]]],[[[-71.52470668488816,-32.924874790927845],[-71.52562212475654,-32.92513311192227],[-71.52657959589875,-32.924703268966134],[-71.52673889774135,-32.925113553155505],[-71.52662088516415,-32.92574530991949],[-71.52667721222741,-32.92594555359219],[-71.52805507426133,-32.927238255098686],[-71.5272349869671,-32.927855107335404],[-71.52509204058548,-32.92562090189943],[-71.52469386143748,-32.9254018158684],[-71.52470668488816,-32.924874790927845]]],[[[-71.51673498205628,-32.92016296877893],[-71.51434341883493,-32.920964994188886],[-71.51351926127415,-32.92083703986275],[-71.51313815460811,-32.92067176280023],[-71.51430806653525,-32.920769768868176],[-71.51491836666793,-32.920618615369484],[-71.51612541674551,-32.91979126951776],[-71.51685153576945,-32.91950415131452],[-71.5177688369471,-32.91935389451571],[-71.5180687862171,-32.91919101190326],[-71.51822802248267,-32.919049008744786],[-71.5184689174042,-32.91845029951346],[-71.51892863923402,-32.91817945019109],[-71.51921194721336,-32.91816075256477],[-71.52006662144267,-32.91837398595795],[-71.52139894967148,-32.91835693002012],[-71.52139867927858,-32.91844160414512],[-71.52009807774897,-32.91883104887802],[-71.51942709911381,-32.91887163436705],[-71.51924933689212,-32.91898815211764],[-71.5191598691814,-32.91888973083948],[-71.51939690494048,-32.91873978066365],[-71.51927662501552,-32.91863909610148],[-71.51937717164864,-32.91855430905259],[-71.51918004444438,-32.91830261764226],[-71.51869109772342,-32.918468651707194],[-71.51846595655704,-32.919113680977716],[-71.5187849932302,-32.91929251250515],[-71.51799189222541,-32.919831025838654],[-71.51709558467594,-32.920127329839865],[-71.51703151952483,-32.92001605665779],[-71.51793224498886,-32.91949553673603],[-71.51801501216586,-32.91942831599904],[-71.51809157108596,-32.919308020138736],[-71.51673498205628,-32.92016296877893]]],[[[-71.52392075872754,-32.92572445361239],[-71.52482662884321,-32.9256380793433],[-71.52497490656063,-32.92572407886236],[-71.52595272544235,-32.926888584680704],[-71.52725882106822,-32.92810604094652],[-71.52746312132003,-32.92848106661637],[-71.52654789884394,-32.92840966196598],[-71.52648431878308,-32.92809159347641],[-71.52610053962908,-32.92764625796954],[-71.52567484598225,-32.92785125436441],[-71.52392075872754,-32.92572445361239]]],[[[-71.52141976722987,-32.91853709102114],[-71.52163964067545,-32.918354686611295],[-71.52264539446755,-32.9183386185239],[-71.52316234077757,-32.918660450266124],[-71.52329521148957,-32.91894982364932],[-71.52325660010202,-32.91949513330468],[-71.52365149141608,-32.92026206730482],[-71.52383964534897,-32.92137599925075],[-71.52338589192591,-32.920311182935706],[-71.52285148775667,-32.9199223540076],[-71.5223768287403,-32.91971240155693],[-71.52196915889134,-32.9187211532855],[-71.52143258259572,-32.918680876147945],[-71.52141976722987,-32.91853709102114]]],[[[-71.53692421202835,-32.93122312565976],[-71.5378432164118,-32.93080437168413],[-71.53850449324189,-32.93064951593292],[-71.53866818155801,-32.931311555094275],[-71.53756488420078,-32.93174673046178],[-71.53693785743754,-32.931889241776965],[-71.53692421202835,-32.93122312565976]]],[[[-71.52943513806602,-32.929175748874535],[-71.52845735242198,-32.92912305140874],[-71.52814462282045,-32.929003236205666],[-71.52766263444968,-32.92861642924495],[-71.52739859892642,-32.92815614147611],[-71.52943513806602,-32.929175748874535]]],[[[-71.53421140317657,-32.9316999434163],[-71.5346532179895,-32.93149980776879],[-71.53585340224338,-32.93163368421973],[-71.53628656717842,-32.931507948436334],[-71.53657913948331,-32.93129405831182],[-71.53660682286544,-32.93194290720191],[-71.5359709872225,-32.931967736224266],[-71.5353422895928,-32.9318351669126],[-71.53532381753563,-32.93172739030133],[-71.534701636285,-32.93162112226066],[-71.53421140317657,-32.9316999434163]]],[[[-71.53096130476685,-32.93063403893829],[-71.53096567596901,-32.93063099134152],[-71.53097506336374,-32.93062647347894],[-71.53096130476685,-32.93063403893829]]]]}},{"type":"Feature","properties":{"comuna":"Concon","zona":"ZEP","zona_code":"ZEP","nombre":"ZEP Zona Espacios Publicos","decreto":""},"geometry":{"type":"Polygon","coordinates":[[[-71.53755306955817,-32.938192650807174],[-71.53763527528814,-32.93799262258262],[-71.53808502402165,-32.93820013268841],[-71.53755306955817,-32.938192650807174]]]}},{"type":"Feature","properties":{"comuna":"Concon","zona":"ZEP","zona_code":"ZEP","nombre":"ZEP Zona Espacios Publicos","decreto":""},"geometry":{"type":"MultiPolygon","coordinates":[[[[-71.5395240721062,-32.941880808280914],[-71.53943554493158,-32.94188915154231],[-71.53937740327146,-32.94129576479663],[-71.53944042907179,-32.94128388497391],[-71.5395240721062,-32.941880808280914]]],[[[-71.53949496219943,-32.941273604907714],[-71.53957204304069,-32.941259075152416],[-71.53966003751435,-32.941867995225195],[-71.53957527428076,-32.94187598265338],[-71.53949496219943,-32.941273604907714]]]]}},{"type":"Feature","properties":{"comuna":"Concon","zona":"ZEP","zona_code":"ZEP","nombre":"ZEP Zona Espacios Publicos","decreto":""},"geometry":{"type":"MultiPolygon","coordinates":[[[[-71.53935696031054,-32.940555355075155],[-71.53943931875409,-32.940545638085986],[-71.539552053729,-32.94115091950821],[-71.53943824616564,-32.94116505348768],[-71.53935696031054,-32.940555355075155]]],[[[-71.53928721690852,-32.94058391724225],[-71.53930180734535,-32.940561865736235],[-71.539387214671,-32.94117138995469],[-71.53928721690852,-32.94058391724225]]]]}},{"type":"Feature","properties":{"comuna":"Concon","zona":"ZEP","zona_code":"ZEP","nombre":"ZEP Zona Espacios Publicos","decreto":""},"geometry":{"type":"MultiPolygon","coordinates":[[[[-71.53913078338663,-32.939009018780474],[-71.5392231454692,-32.939001596526595],[-71.53928024418526,-32.939416561758364],[-71.5391772972537,-32.93936137646608],[-71.53913078338663,-32.939009018780474]]],[[[-71.53903135066444,-32.93928314113966],[-71.5390943432271,-32.93925926635772],[-71.5390967471188,-32.93901175396944],[-71.53914448449133,-32.93934378628356],[-71.53903135066444,-32.93928314113966]]]]}},{"type":"Feature","properties":{"comuna":"Concon","zona":"ZEP","zona_code":"ZEP","nombre":"ZEP Zona Espacios Publicos","decreto":""},"geometry":{"type":"MultiPolygon","coordinates":[[[[-71.53933775702471,-32.940319702143526],[-71.53926526837117,-32.939692242684046],[-71.53929852579962,-32.939689157704116],[-71.5393968428142,-32.94030793753638],[-71.53933775702471,-32.940319702143526]]],[[[-71.53921292533619,-32.93973234665939],[-71.53922129763464,-32.93969632131081],[-71.53927881945722,-32.940331437347055],[-71.53921292533619,-32.93973234665939]]],[[[-71.53918093273566,-32.939653198681654],[-71.53916765563577,-32.939620352521494],[-71.53918610164182,-32.939630050010784],[-71.53918093273566,-32.939653198681654]]]]}},{"type":"Feature","properties":{"comuna":"Concon","zona":"ZAV","zona_code":"ZAV","nombre":"ZAV Zona Area Verde","decreto":""},"geometry":{"type":"Polygon","coordinates":[[[-71.54852838835717,-32.92935519040536],[-71.54857566758889,-32.92924911102949],[-71.54867137140434,-32.92904998622362],[-71.54852838835717,-32.92935519040536]]]}},{"type":"Feature","properties":{"comuna":"Concon","zona":"ZAV","zona_code":"ZAV","nombre":"ZAV Zona Area Verde","decreto":""},"geometry":{"type":"Polygon","coordinates":[[[-71.54770289051,-32.92960340463958],[-71.5477999516798,-32.92950393053145],[-71.54798136645144,-32.929613986150706],[-71.54783640441573,-32.929775319732244],[-71.54802383610313,-32.92990923196852],[-71.5479664885537,-32.929982445733586],[-71.54810242341912,-32.93018507523048],[-71.54808339171151,-32.930419900901896],[-71.54835076806931,-32.930556640352826],[-71.54831142545314,-32.930613969433466],[-71.54813681452147,-32.93052400419164],[-71.54806483072113,-32.930599370822414],[-71.54770289051,-32.92960340463958]]]}},{"type":"Feature","properties":{"comuna":"Concon","zona":"ZAV","zona_code":"ZAV","nombre":"ZAV Zona Area Verde","decreto":""},"geometry":{"type":"Polygon","coordinates":[[[-71.54916940548269,-32.929906529673545],[-71.54898367250946,-32.93029490757667],[-71.54874470716918,-32.930650495355856],[-71.54908072828941,-32.92999274822389],[-71.54916940548269,-32.929906529673545]]]}},{"type":"Feature","properties":{"comuna":"Concon","zona":"ZAV","zona_code":"ZAV","nombre":"ZAV Zona Area Verde","decreto":""},"geometry":{"type":"Polygon","coordinates":[[[-71.54866301886882,-32.93058759813638],[-71.54877716779195,-32.93043083367196],[-71.54882614483958,-32.930321946237775],[-71.54877977021135,-32.93043165099073],[-71.54866301886882,-32.93058759813638]]]}},{"type":"Feature","properties":{"comuna":"Concon","zona":"ZAV","zona_code":"ZAV","nombre":"ZAV Zona Area Verde","decreto":""},"geometry":{"type":"Polygon","coordinates":[[[-71.54907554680685,-32.929843336361394],[-71.54899597224235,-32.93000849902826],[-71.54885984423913,-32.930261902619996],[-71.54894748926814,-32.929977712197335],[-71.54907554680685,-32.929843336361394]]]}},{"type":"Feature","properties":{"comuna":"Concon","zona":"ZAV","zona_code":"ZAV","nombre":"ZAV Zona Area Verde","decreto":""},"geometry":{"type":"Polygon","coordinates":[[[-71.55013566214836,-32.93017661776697],[-71.55011298597566,-32.92986701463202],[-71.55025994496624,-32.929974766366314],[-71.55019813728143,-32.9300546973503],[-71.55059913085121,-32.93017318788339],[-71.55013566214836,-32.93017661776697]]]}},{"type":"Feature","properties":{"comuna":"Concon","zona":"ZAV","zona_code":"ZAV","nombre":"ZAV Zona Area Verde","decreto":""},"geometry":{"type":"Polygon","coordinates":[[[-71.55013666646484,-32.929685142520185],[-71.55005591510734,-32.92947556308604],[-71.55005729312299,-32.929441962923555],[-71.55025453261665,-32.92955992723731],[-71.55013666646484,-32.929685142520185]]]}},{"type":"Feature","properties":{"comuna":"Concon","zona":"ZAV","zona_code":"ZAV","nombre":"ZAV Zona Area Verde","decreto":""},"geometry":{"type":"MultiPolygon","coordinates":[[[[-71.55021175394451,-32.92919832573775],[-71.5502838940517,-32.92918981917024],[-71.55037146452057,-32.92918622789356],[-71.55030310452408,-32.929266791436945],[-71.55021175394451,-32.92919832573775]]],[[[-71.55017350906961,-32.92912955310948],[-71.55025301626044,-32.929042810444685],[-71.55033921140858,-32.92909654470205],[-71.5502612412352,-32.929100925415604],[-71.55017350906961,-32.92912955310948]]]]}},{"type":"Feature","properties":{"comuna":"Concon","zona":"ZAV","zona_code":"ZAV","nombre":"ZAV Zona Area Verde","decreto":""},"geometry":{"type":"Polygon","coordinates":[[[-71.55046302979747,-32.92910384036188],[-71.55054399764897,-32.928940486352374],[-71.55058584386984,-32.92896406307512],[-71.55047870360255,-32.92907965444794],[-71.55085000156397,-32.92933640164521],[-71.55077452331719,-32.9294171920037],[-71.55046302979747,-32.92910384036188]]]}},{"type":"Feature","properties":{"comuna":"Concon","zona":"ZAV","zona_code":"ZAV","nombre":"ZAV Zona Area Verde","decreto":""},"geometry":{"type":"Polygon","coordinates":[[[-71.54977356742701,-32.929344714422335],[-71.54993092441703,-32.929001967983936],[-71.54999701167584,-32.92888329869276],[-71.54977356742701,-32.929344714422335]]]}},{"type":"Feature","properties":{"comuna":"Concon","zona":"ZAV","zona_code":"ZAV","nombre":"ZAV Zona Area Verde","decreto":""},"geometry":{"type":"Polygon","coordinates":[[[-71.54948441949999,-32.9299246804384],[-71.54961160567285,-32.92967089285351],[-71.54966420472768,-32.92955211362285],[-71.54972356989323,-32.929431698068726],[-71.54973493447991,-32.929429634390935],[-71.54948441949999,-32.9299246804384]]]}},{"type":"Feature","properties":{"comuna":"Concon","zona":"ZAV","zona_code":"ZAV","nombre":"ZAV Zona Area Verde","decreto":""},"geometry":{"type":"Polygon","coordinates":[[[-71.54937992387288,-32.92992419788581],[-71.54980474525559,-32.929001716903166],[-71.54989472141276,-32.92891370136606],[-71.54945770450176,-32.929812384349304],[-71.54937992387288,-32.92992419788581]]]}},{"type":"Feature","properties":{"comuna":"Concon","zona":"ZRP","zona_code":"ZRP","nombre":"ZRP Zona Residencial Puntillas","decreto":""},"geometry":{"type":"MultiPolygon","coordinates":[[[[-71.5485958329704,-32.92813913567995],[-71.55075117250968,-32.9285936584553],[-71.55115695499823,-32.92896412867281],[-71.55139446237285,-32.929452893552494],[-71.55140532390296,-32.92968993563736],[-71.55078777795919,-32.9301880135146],[-71.55100198483196,-32.929795260495155],[-71.55085000156397,-32.92933640164521],[-71.55047870360255,-32.92907965444794],[-71.55058584386984,-32.92896406307512],[-71.5504385875369,-32.929102332371066],[-71.55052303007193,-32.92887926631515],[-71.55038111601998,-32.92908972255078],[-71.55025301626044,-32.929042810444685],[-71.55005442839554,-32.92919666845757],[-71.54990808115765,-32.92945825820848],[-71.54976490587104,-32.92933873299283],[-71.54993227727984,-32.92886150666052],[-71.54944495201798,-32.92987337829812],[-71.54939622649866,-32.92993456145597],[-71.54939058867194,-32.929930977749365],[-71.54945770450176,-32.929812384349304],[-71.54989472141276,-32.92891370136606],[-71.54937992387288,-32.92992419788581],[-71.54901563995718,-32.92968484620195],[-71.54956620392008,-32.92855859821377],[-71.54895838583255,-32.9296475817239],[-71.54950849794285,-32.92853572712723],[-71.54963664171983,-32.928460762882814],[-71.54946598966362,-32.92853222555001],[-71.54891769664175,-32.929621097040084],[-71.54857892038855,-32.929400595114075],[-71.54885102907126,-32.9288307149064],[-71.54929070409717,-32.92842175614637],[-71.5492447319142,-32.92832125526678],[-71.54913007544292,-32.92854712233224],[-71.54889969350515,-32.92865614842488],[-71.54869001054816,-32.92837612775082],[-71.54800124527036,-32.928706563814444],[-71.5486607838604,-32.92847915447054],[-71.54880795665001,-32.92867848866498],[-71.54810087382526,-32.92898614537071],[-71.5472564053559,-32.92909533830929],[-71.5472297271886,-32.928499230491724],[-71.5477328367483,-32.92851004135105],[-71.54847475893472,-32.928170720886285],[-71.54861121122975,-32.92839804280486],[-71.54870678299282,-32.928368325341836],[-71.5485958329704,-32.92813913567995]],[[-71.54907815731107,-32.92960882658974],[-71.54904738102942,-32.92967603280712],[-71.54911840632737,-32.929588471843594],[-71.54907815731107,-32.92960882658974]],[[-71.54993092441703,-32.929001967983936],[-71.54977356742701,-32.929344714422335],[-71.54999701167584,-32.92888329869276],[-71.54993092441703,-32.929001967983936]],[[-71.54861421339943,-32.92936307189658],[-71.54890263189444,-32.92885038821308],[-71.5488720730051,-32.92883010416822],[-71.54861421339943,-32.92936307189658]]],[[[-71.54808122856831,-32.929194422307596],[-71.54906118993198,-32.92983425833212],[-71.54885984423913,-32.930261902619996],[-71.54907554680685,-32.929843336361394],[-71.54908603643443,-32.9298503959611],[-71.54887812585349,-32.930259415221684],[-71.5488488389786,-32.930270923302494],[-71.5484493267307,-32.930004334000124],[-71.54837878203145,-32.9297815250671],[-71.54809097349252,-32.929610758314915],[-71.54806698128792,-32.92970619468508],[-71.54823621670091,-32.93033166435019],[-71.54830041210775,-32.93031827206867],[-71.54810834691011,-32.92966477497378],[-71.54832327333341,-32.92977346114763],[-71.54843885956102,-32.93003827022741],[-71.54883243753815,-32.930295513026834],[-71.54883759925777,-32.93033751678113],[-71.54877378743154,-32.93047235782835],[-71.54868604897776,-32.930589382813544],[-71.54873256464148,-32.93061936116241],[-71.54913504402475,-32.92988337995963],[-71.54873007630815,-32.9306390084359],[-71.54916940548269,-32.929906529673545],[-71.54949211806199,-32.93013542974982],[-71.54913092345254,-32.9309020671989],[-71.5495146361312,-32.93014831085618],[-71.54906770720936,-32.931048219330776],[-71.54808339171151,-32.930419900901896],[-71.54810242341912,-32.93018507523048],[-71.5479664885537,-32.929982445733586],[-71.54802383610313,-32.92990923196852],[-71.54783640441573,-32.929775319732244],[-71.54798136645144,-32.929613986150706],[-71.5477999516798,-32.92950393053145],[-71.54770289051,-32.92960340463958],[-71.54727440040767,-32.9291972987971],[-71.54808122856831,-32.929194422307596]],[[-71.54882614483958,-32.930321946237775],[-71.54877716779195,-32.93043083367196],[-71.54863304568104,-32.93056776461768],[-71.54866301886882,-32.93058759813638],[-71.54877977021135,-32.93043165099073],[-71.54882614483958,-32.930321946237775]]],[[[-71.55011462090947,-32.92993851235468],[-71.55017304284397,-32.930062703941104],[-71.55013566214836,-32.93017661776697],[-71.55059913085121,-32.93017318788339],[-71.55059681229947,-32.930355116294685],[-71.5502641338104,-32.93097020736838],[-71.54978186875854,-32.93092453278652],[-71.54958139173661,-32.93128920647138],[-71.54911927769321,-32.93107922519694],[-71.54955516003199,-32.93016064004262],[-71.54921339149057,-32.9309031423745],[-71.54952742634423,-32.930260132261935],[-71.54983253284227,-32.930095034153766],[-71.5500244920387,-32.93022975267091],[-71.54955641138518,-32.93108133482894],[-71.54960568487682,-32.93110136426691],[-71.54992516262278,-32.9304423138331],[-71.55002531579382,-32.93022977755244],[-71.55007360832516,-32.93011547172189],[-71.54998096237499,-32.930021995406996],[-71.55003932232572,-32.93000380017682],[-71.55008513371025,-32.93007256458557],[-71.55007937730593,-32.930143915114755],[-71.54967313398163,-32.931117998536365],[-71.55015096225429,-32.93010115652767],[-71.55011462090947,-32.92993851235468]]],[[[-71.55037146452057,-32.92918622789356],[-71.55056016642575,-32.92926776333525],[-71.55083327762834,-32.92968985269842],[-71.550605013918,-32.930126564374746],[-71.55019813728143,-32.9300546973503],[-71.55025994496624,-32.929974766366314],[-71.55011298597566,-32.92986701463202],[-71.55025453261665,-32.92955992723731],[-71.55005926941661,-32.92942957934948],[-71.5506459788916,-32.92975030310502],[-71.55006827502733,-32.92937318068281],[-71.55018564261414,-32.92920868713091],[-71.55030310452408,-32.929266791436945],[-71.55037146452057,-32.92918622789356]]],[[[-71.54948441949999,-32.9299246804384],[-71.54973493447991,-32.929429634390935],[-71.54945046228394,-32.92996903831941],[-71.54972354653705,-32.92942505690155],[-71.54976131620316,-32.9294259986384],[-71.54997536856571,-32.92954850954301],[-71.54999899605431,-32.92958606359542],[-71.55003139469335,-32.92975744263504],[-71.54987211081705,-32.929985574029416],[-71.5496764703246,-32.930035377931546],[-71.54948441949999,-32.9299246804384]]],[[[-71.54815708500585,-32.92908814971611],[-71.54840382436662,-32.928910261631565],[-71.54869958928403,-32.92879566456082],[-71.54876425271313,-32.928828428031274],[-71.54877350086898,-32.92888991426469],[-71.54853070151903,-32.92936921090898],[-71.54867137140434,-32.92904998622362],[-71.54849017761825,-32.92934256177128],[-71.54815708500585,-32.92908814971611]],[[-71.54869863167993,-32.928995577865265],[-71.54869784745071,-32.92881270642269],[-71.5485106870545,-32.92888112793452],[-71.54869863167993,-32.928995577865265]]]]}},{"type":"Feature","properties":{"comuna":"Concon","zona":"ZAV","zona_code":"ZAV","nombre":"ZAV Zona Area Verde","decreto":""},"geometry":{"type":"Polygon","coordinates":[[[-71.54861421339943,-32.92936307189658],[-71.5487497512095,-32.92908372904013],[-71.5488720730051,-32.92883010416822],[-71.54871003848741,-32.92924859680548],[-71.54861421339943,-32.92936307189658]]]}},{"type":"Feature","properties":{"comuna":"Concon","zona":"ZAV","zona_code":"ZAV","nombre":"ZAV Zona Area Verde","decreto":""},"geometry":{"type":"MultiPolygon","coordinates":[[[[-71.54998096237499,-32.930021995406996],[-71.55007360832516,-32.93011547172189],[-71.55002531579382,-32.93022977755244],[-71.54992516262278,-32.9304423138331],[-71.54960568487682,-32.93110136426691],[-71.5500244920387,-32.93022975267091],[-71.54983253284227,-32.930095034153766],[-71.54952742634423,-32.930260132261935],[-71.54931293560382,-32.930786138161864],[-71.54921339149057,-32.9309031423745],[-71.54928130861761,-32.930768354008634],[-71.54946811328095,-32.930379911833434],[-71.54959483232987,-32.93012391561947],[-71.54998096237499,-32.930021995406996]]],[[[-71.54961201530463,-32.93003206114063],[-71.54948441949999,-32.9299246804384],[-71.5496764703246,-32.930035377931546],[-71.54961201530463,-32.93003206114063]]],[[[-71.54974316753949,-32.930033845828994],[-71.54981022947038,-32.92995243474743],[-71.54987155206494,-32.929985782884046],[-71.54974316753949,-32.930033845828994]]]]}},{"type":"Feature","properties":{"comuna":"Concon","zona":"ZAV","zona_code":"ZAV","nombre":"ZAV Zona Area Verde","decreto":""},"geometry":{"type":"Polygon","coordinates":[[[-71.54950237053431,-32.930141304813304],[-71.54931421929638,-32.93052304437087],[-71.54913092345254,-32.9309020671989],[-71.54942916951677,-32.93020646883204],[-71.54950237053431,-32.930141304813304]]]}},{"type":"Feature","properties":{"comuna":"Concon","zona":"ZAV","zona_code":"ZAV","nombre":"ZAV Zona Area Verde","decreto":""},"geometry":{"type":"Polygon","coordinates":[[[-71.54869863167993,-32.928995577865265],[-71.5485106870545,-32.92888112793452],[-71.54874195742609,-32.92883281252806],[-71.54869863167993,-32.928995577865265]]]}},{"type":"Feature","properties":{"comuna":"Concon","zona":"ZAV","zona_code":"ZAV","nombre":"ZAV Zona Area Verde","decreto":""},"geometry":{"type":"Polygon","coordinates":[[[-71.54891769664175,-32.929621097040084],[-71.54946598966362,-32.92853222555001],[-71.54963664171983,-32.928460762882814],[-71.54950849794285,-32.92853572712723],[-71.54891769664175,-32.929621097040084]]]}},{"type":"Feature","properties":{"comuna":"Concon","zona":"ZAV","zona_code":"ZAV","nombre":"ZAV Zona Area Verde","decreto":""},"geometry":{"type":"Polygon","coordinates":[[[-71.54907815731107,-32.92960882658974],[-71.54911840632737,-32.929588471843594],[-71.54904738102942,-32.92967603280712],[-71.54907815731107,-32.92960882658974]]]}},{"type":"Feature","properties":{"comuna":"Concon","zona":"ZCS-2","zona_code":"ZCS-2","nombre":"ZCS-2 Zona Centro Servicio 2","decreto":""},"geometry":{"type":"MultiPolygon","coordinates":[[[[-71.51722154914002,-32.93342122881526],[-71.5175128323625,-32.93217979860647],[-71.51828612461694,-32.93089998696788],[-71.52127817657143,-32.93224215711421],[-71.52030796372523,-32.93430672011668],[-71.51837834656232,-32.93349352738447],[-71.51837027699612,-32.93339078245353],[-71.51752208950148,-32.933547620083985],[-71.51722154914002,-32.93342122881526]]],[[[-71.52494741901126,-32.933047689789994],[-71.52531645052323,-32.933535101372286],[-71.52443792063325,-32.933151039796094],[-71.5211761378366,-32.93131242970712],[-71.51881441036079,-32.92996401525104],[-71.51949983031247,-32.929282245296996],[-71.52059951823888,-32.928709937204985],[-71.52077222653878,-32.92895777625125],[-71.51982030967996,-32.92952861320998],[-71.5200296306159,-32.92964911307915],[-71.51994276083298,-32.92974810070049],[-71.52012896721833,-32.929889736084654],[-71.52000499970913,-32.93000485575966],[-71.52045197534336,-32.93035918705822],[-71.520265221884,-32.93045243305172],[-71.52041350499132,-32.930679625454275],[-71.5205964567804,-32.93059781234024],[-71.52088026781631,-32.930963511276204],[-71.5207506633787,-32.93102945505756],[-71.52098618817146,-32.93094107284179],[-71.52119228325722,-32.93131291074418],[-71.52161034661404,-32.931102700316586],[-71.5218649085043,-32.93160290097029],[-71.52201988495881,-32.93152554620911],[-71.52212703870083,-32.931756661792015],[-71.52230116813551,-32.93168952425897],[-71.52238766691421,-32.9318574332146],[-71.52252977500227,-32.9317697356793],[-71.52307936339479,-32.93230471990332],[-71.52326344975607,-32.93222128876723],[-71.52338624496382,-32.93238622155808],[-71.52368628496366,-32.932244532869426],[-71.52394224283589,-32.93262010873117],[-71.52410959088849,-32.93254961519674],[-71.5243760572529,-32.93290660533126],[-71.52459920505767,-32.93280037489749],[-71.52482197646835,-32.933106537996146],[-71.52494741901126,-32.933047689789994]]],[[[-71.51501603779381,-32.92838192602297],[-71.51525636947166,-32.928504489645455],[-71.51538018336898,-32.928336335306994],[-71.5166326989797,-32.92903702955773],[-71.51663006242437,-32.929293151063895],[-71.516345261445,-32.929726562975965],[-71.51467411743712,-32.92888404892001],[-71.51501603779381,-32.92838192602297]]],[[[-71.51180717385225,-32.92661453399405],[-71.51176798215303,-32.926101197989084],[-71.51273796862378,-32.926638146775424],[-71.51274010571584,-32.92681406692547],[-71.51500181476793,-32.928059825018806],[-71.51474271818209,-32.92839067470265],[-71.51308816066762,-32.92728784565433],[-71.51286742753432,-32.927036476919106],[-71.51244438840915,-32.92695454808789],[-71.51180717385225,-32.92661453399405]]],[[[-71.51510780968323,-32.93344937257767],[-71.51525774748731,-32.93341624062497],[-71.5151539687158,-32.93310445253921],[-71.51591099966697,-32.93292531341305],[-71.51669672729992,-32.933256959177186],[-71.51670534124516,-32.93415751986175],[-71.51510780968323,-32.93344937257767]]],[[[-71.51842230562075,-32.930696967037996],[-71.51870426522886,-32.93019809657103],[-71.52060512282793,-32.93124892977662],[-71.52033138729625,-32.93155980907774],[-71.51842230562075,-32.930696967037996]]],[[[-71.51653184871603,-32.929813866692385],[-71.51692988952347,-32.92920863359731],[-71.51824927931725,-32.929955388119055],[-71.51795422586554,-32.93047938269459],[-71.51653184871603,-32.929813866692385]]],[[[-71.51534953913968,-32.928037794518296],[-71.51382038374392,-32.927184313867436],[-71.51320874152822,-32.92671661722944],[-71.5130267168005,-32.92648502023429],[-71.51293752577088,-32.92596160370991],[-71.51331679089058,-32.925934085665965],[-71.5135519312044,-32.926532660569364],[-71.51392080012131,-32.926866458128714],[-71.51373864513789,-32.92709495890403],[-71.51380303727579,-32.92712991114781],[-71.5139671549866,-32.926925808850136],[-71.51521969125862,-32.92760259713545],[-71.51553640938002,-32.927834513165806],[-71.51534953913968,-32.928037794518296]]],[[[-71.5154124939731,-32.928077994258636],[-71.51587684841482,-32.92745568605567],[-71.51659749669868,-32.92753035935031],[-71.51663546129922,-32.928768822226765],[-71.5154124939731,-32.928077994258636]]],[[[-71.53371887936417,-32.93669181288788],[-71.53418963789557,-32.93683872370751],[-71.53429207638067,-32.93656001212766],[-71.53525179600604,-32.93672166853967],[-71.53512073629766,-32.9375378374852],[-71.53359270649095,-32.936961069036386],[-71.53371887936417,-32.93669181288788]]],[[[-71.53518755209018,-32.937577809747054],[-71.53525472002228,-32.93731332179292],[-71.53576134199474,-32.937253752616805],[-71.53740533981306,-32.9379712074927],[-71.53733760773898,-32.93809171244702],[-71.53636783686387,-32.93804365538826],[-71.53518755209018,-32.937577809747054]]],[[[-71.52260191600779,-32.933198414163265],[-71.5227157738768,-32.932898133802645],[-71.52423765920696,-32.93357797893268],[-71.52511506260959,-32.9340805020897],[-71.52502520862328,-32.9343409117906],[-71.52260191600779,-32.933198414163265]]],[[[-71.51712395077767,-32.927514857681686],[-71.51686998536877,-32.92661694307712],[-71.51678402737586,-32.925888667113824],[-71.51712878371391,-32.925885587684625],[-71.51732017697171,-32.926955201063755],[-71.51787764808083,-32.92800844111856],[-71.5175506783854,-32.928207330757786],[-71.51712395077767,-32.927514857681686]]],[[[-71.52773543481864,-32.93493764597741],[-71.52700438404379,-32.934540391859834],[-71.52723695068433,-32.93382749998565],[-71.5282676174542,-32.933845591891426],[-71.52825312403539,-32.93401964449149],[-71.52773081118985,-32.93405916069387],[-71.52800212666017,-32.934302513069674],[-71.52785825517923,-32.93466854275183],[-71.52820277166708,-32.934808557565525],[-71.52783075505343,-32.93469670345817],[-71.52773543481864,-32.93493764597741]]],[[[-71.5293261805069,-32.934091231594],[-71.52928075629625,-32.933863904702314],[-71.53145069705216,-32.93392059982578],[-71.5319973012413,-32.93439075621577],[-71.53088780371198,-32.93438422474371],[-71.53089825920357,-32.93413369119511],[-71.5293261805069,-32.934091231594]]],[[[-71.53312516752153,-32.93803753582587],[-71.53340071585347,-32.93738280051754],[-71.534913459029,-32.93796840140309],[-71.53483522654753,-32.93809753043814],[-71.53312516752153,-32.93803753582587]]],[[[-71.51326051053971,-32.92798024586076],[-71.513113209291,-32.927519437531934],[-71.51316597722911,-32.92745345343366],[-71.51471425596064,-32.928444692860474],[-71.51448404021119,-32.928755657416175],[-71.51326051053971,-32.92798024586076]]],[[[-71.52165850709302,-32.933305853470195],[-71.52168794578321,-32.93290458395645],[-71.52186041243631,-32.932507568762766],[-71.52265153175757,-32.932867038852436],[-71.52242661786494,-32.93349656432721],[-71.52165850709302,-32.933305853470195]]],[[[-71.5318001372061,-32.93417259966104],[-71.53150880906789,-32.933922137892644],[-71.53408424395316,-32.933981120474755],[-71.5345586730008,-32.93433748583826],[-71.53425706903404,-32.93433428154731],[-71.5341111826319,-32.9342129843476],[-71.5318001372061,-32.93417259966104]]],[[[-71.53180946171877,-32.936309810441664],[-71.53188651920382,-32.936154681602886],[-71.53375096269454,-32.936525813772256],[-71.53355454605766,-32.9369415339946],[-71.53180946171877,-32.936309810441664]]],[[[-71.51182931912064,-32.92670748082009],[-71.51284382160529,-32.92712423569759],[-71.51317228879229,-32.92794541459375],[-71.51297056940031,-32.927938617989916],[-71.5124040729175,-32.92744413312207],[-71.51182931912064,-32.92670748082009]]],[[[-71.5184675241172,-32.92911687769549],[-71.51900305118058,-32.92869737860069],[-71.52016048999998,-32.92808624758766],[-71.52033010180708,-32.9283232722223],[-71.51922041652986,-32.928892851083845],[-71.51870299321443,-32.929295631703425],[-71.5184675241172,-32.92911687769549]]],[[[-71.52577019316652,-32.93391029477712],[-71.52581575212446,-32.93376751454011],[-71.52707446880561,-32.933843865334495],[-71.52684661562537,-32.93451301822681],[-71.52577019316652,-32.93391029477712]]],[[[-71.51590805768441,-32.93440022206183],[-71.51608131934653,-32.934082992396384],[-71.51672980326867,-32.93437241561784],[-71.51689345205892,-32.9351960559585],[-71.51626144234078,-32.93492343937782],[-71.51641150321404,-32.93483150242495],[-71.51590805768441,-32.93440022206183]]],[[[-71.54266981322938,-32.93455465054343],[-71.54110134306522,-32.93454056602207],[-71.54108252964822,-32.934196095070405],[-71.54261853649466,-32.934232716773444],[-71.54266981322938,-32.93455465054343]]],[[[-71.52777096139148,-32.93495239616951],[-71.52788768937782,-32.93472097831005],[-71.53002235508914,-32.93551604859444],[-71.53008610942318,-32.93561404274319],[-71.5300158512865,-32.935696878082894],[-71.52777096139148,-32.93495239616951]]],[[[-71.53123559366075,-32.93360112390996],[-71.531515074817,-32.93359586807505],[-71.53152778058836,-32.93349768772457],[-71.53285051480995,-32.93348899308101],[-71.53333402582508,-32.93365375235993],[-71.533443276235,-32.93354565074689],[-71.5337418142517,-32.93376760124498],[-71.53134121847016,-32.933747873993084],[-71.53123559366075,-32.93360112390996]]],[[[-71.51643292264367,-32.93214511224714],[-71.51660716346944,-32.93184320123921],[-71.5165327578111,-32.931779507918726],[-71.51683251304499,-32.93131193886835],[-71.51728299390547,-32.93152138502227],[-71.51694135382313,-32.93229515506319],[-71.51643292264367,-32.93214511224714]]],[[[-71.51686409152218,-32.93126169159247],[-71.51735382337067,-32.930484251921094],[-71.51781254537555,-32.93069107768576],[-71.51732772192177,-32.93145889858461],[-71.51686409152218,-32.93126169159247]]],[[[-71.518634149026,-32.92935946479305],[-71.5183393201531,-32.92973494357549],[-71.5170723192084,-32.928992064242316],[-71.51725386603238,-32.928761759524804],[-71.51825650895864,-32.929423726104474],[-71.51844585226097,-32.92921496111903],[-71.518634149026,-32.92935946479305]]],[[[-71.54100476698565,-32.93485863545051],[-71.5398619662138,-32.93416424587025],[-71.53986351940094,-32.93413256479004],[-71.54096087170761,-32.934146671240995],[-71.54100476698565,-32.93485863545051]]],[[[-71.51714957072957,-32.928655361249675],[-71.51684170460697,-32.928290598291056],[-71.5168185963446,-32.92758062231772],[-71.51702593649534,-32.927536926766855],[-71.51746801900622,-32.92827860739106],[-71.51714957072957,-32.928655361249675]]],[[[-71.53706196688056,-32.93428880096005],[-71.53707345633303,-32.93405363497091],[-71.5389536544772,-32.934099951812755],[-71.5387401734432,-32.934327232860774],[-71.53857740590024,-32.934196827911755],[-71.53844294427188,-32.93431347099419],[-71.53706196688056,-32.93428880096005]]],[[[-71.52154033910732,-32.932106192333784],[-71.52053253446141,-32.931650718749175],[-71.52078394955323,-32.93134774671714],[-71.52174337093793,-32.931881941069],[-71.52154033910732,-32.932106192333784]]],[[[-71.52094374636755,-32.93313589648994],[-71.52134454590124,-32.93227222010137],[-71.52167267532171,-32.93242084825947],[-71.52147884493452,-32.93286704036035],[-71.52145200866373,-32.93325597902919],[-71.52094374636755,-32.93313589648994]]],[[[-71.51176192571138,-32.92603530105363],[-71.5117572365056,-32.92595872485315],[-71.51272046764541,-32.92594586274137],[-71.51275032764546,-32.926581085810405],[-71.51176192571138,-32.92603530105363]]],[[[-71.53831161866218,-32.93345692648623],[-71.53851249633274,-32.933432307482356],[-71.53871493078371,-32.933874441220475],[-71.53708217807613,-32.933870804142714],[-71.53707257059416,-32.93377028080337],[-71.53836467046791,-32.9336361851688],[-71.53831161866218,-32.93345692648623]]],[[[-71.534755785832,-32.93419207349035],[-71.5348246219356,-32.93399670696101],[-71.53586874007854,-32.93402452106266],[-71.53623084737632,-32.93427715392094],[-71.53597308658532,-32.93433299078349],[-71.534755785832,-32.93419207349035]]],[[[-71.52939945518632,-32.93353693499723],[-71.53061698321338,-32.93357241171203],[-71.53062066271279,-32.9334463718233],[-71.53092992930891,-32.93345525269879],[-71.53092079164584,-32.93360737195203],[-71.53118209629062,-32.93360742095921],[-71.5312744170507,-32.933745361058286],[-71.52933385840764,-32.93369305158634],[-71.52939945518632,-32.93353693499723]]],[[[-71.53578404152366,-32.93384334133577],[-71.53545290993353,-32.93358092615159],[-71.53685802864979,-32.93364876418275],[-71.53685284626891,-32.93385927466556],[-71.53578404152366,-32.93384334133577]]],[[[-71.53927878621957,-32.934509506330876],[-71.53941228575226,-32.93445107222264],[-71.5394884251591,-32.93481982529947],[-71.54025056482931,-32.93457065989389],[-71.54052789182549,-32.9347412557265],[-71.53950110757427,-32.935051506780916],[-71.53944569230103,-32.93490821344103],[-71.53927004651015,-32.9349016857769],[-71.53927878621957,-32.934509506330876]]],[[[-71.52521879017712,-32.933099817938924],[-71.52545205121537,-32.93269421294697],[-71.5258331336269,-32.93277487055701],[-71.52557573216201,-32.93355395181909],[-71.52521879017712,-32.933099817938924]]],[[[-71.52704614402639,-32.9334693208059],[-71.52716213359756,-32.93356906112563],[-71.52768636704117,-32.933349724105994],[-71.52836647166133,-32.93354870050513],[-71.5282865611269,-32.933664656079955],[-71.52685843296294,-32.93360993540585],[-71.52704614402639,-32.9334693208059]]],[[[-71.5209600939091,-32.9288618029815],[-71.52078542907851,-32.92861451634804],[-71.52162067454486,-32.92818796795741],[-71.52179604545125,-32.928445246297215],[-71.5209600939091,-32.9288618029815]]],[[[-71.5227404362246,-32.93264852643785],[-71.52164912868147,-32.93205844944421],[-71.52178786269732,-32.93190688471216],[-71.52284388441609,-32.932509331536195],[-71.5227404362246,-32.93264852643785]]],[[[-71.51625935375773,-32.9321922300496],[-71.51690355630923,-32.932360208923974],[-71.51688471863773,-32.932477031610574],[-71.51657732862223,-32.93274557904621],[-71.51605797033567,-32.93242640499709],[-71.51625935375773,-32.9321922300496]]],[[[-71.53736707068366,-32.938481020930936],[-71.53746633901412,-32.93824045220691],[-71.53837235106359,-32.93825995228158],[-71.5383725280317,-32.93850604790552],[-71.53736707068366,-32.938481020930936]]],[[[-71.5163200178872,-32.92743126293214],[-71.51631976905387,-32.9265696609455],[-71.51657954656267,-32.92656672706528],[-71.51659549794716,-32.927456111317],[-71.5163200178872,-32.92743126293214]]],[[[-71.5386627099196,-32.93356892390541],[-71.53907121071023,-32.93343724817233],[-71.53942746548393,-32.93378662655993],[-71.53921541995773,-32.93393727503257],[-71.53885283475626,-32.93388027381419],[-71.5386627099196,-32.93356892390541]]],[[[-71.5283132851083,-32.93401565984712],[-71.52832440355657,-32.93384519154135],[-71.52923684664515,-32.93386378331557],[-71.52929157380889,-32.93408910016915],[-71.52886713241355,-32.93412371037089],[-71.5283132851083,-32.93401565984712]]],[[[-71.53626845175242,-32.93425951070455],[-71.53601042416177,-32.93402903648983],[-71.5370009389334,-32.93404764933612],[-71.53699456448815,-32.93421893076572],[-71.53626845175242,-32.93425951070455]]],[[[-71.53263946192214,-32.937364875198774],[-71.53273810233023,-32.93713632631228],[-71.53336102469095,-32.93736379407033],[-71.53323743447416,-32.937570767350415],[-71.53263946192214,-32.937364875198774]]],[[[-71.51631772179333,-32.92648891775182],[-71.51630263279151,-32.92589724713892],[-71.51656885571248,-32.92589426497894],[-71.51657848924559,-32.926485646069004],[-71.51631772179333,-32.92648891775182]]],[[[-71.5284869752668,-32.93348989707666],[-71.52893465607853,-32.9334722273147],[-71.52933794304724,-32.93354010689688],[-71.5292736596055,-32.93368580154235],[-71.52836906419924,-32.93366473222959],[-71.5284869752668,-32.93348989707666]]],[[[-71.53476666443011,-32.9339966285498],[-71.5346447666393,-32.93434120130772],[-71.53417089903873,-32.933983521063716],[-71.53476666443011,-32.9339966285498]]],[[[-71.5349354884147,-32.9336361851688],[-71.5351262744114,-32.93365741658905],[-71.53524310031408,-32.93350517603467],[-71.53569001665952,-32.93384105760601],[-71.53541097208449,-32.93365913485613],[-71.53518093509979,-32.93383376309082],[-71.53485483227861,-32.93383427351842],[-71.5349354884147,-32.9336361851688]]],[[[-71.53386906420495,-32.93372630633017],[-71.5339908119771,-32.933613556661236],[-71.5343198199499,-32.93371342951461],[-71.53442462908903,-32.93360365117405],[-71.53468771688968,-32.93381176267853],[-71.53386906420495,-32.93372630633017]]],[[[-71.54150825204115,-32.9337751867925],[-71.54199667055269,-32.9337949585217],[-71.54199859204908,-32.933982959368144],[-71.54152145458087,-32.93396707280577],[-71.54150825204115,-32.9337751867925]]],[[[-71.54202861554252,-32.93398359570516],[-71.54202789509365,-32.93380698034008],[-71.5425112992093,-32.933797535541274],[-71.54250954659616,-32.9340006606941],[-71.54202861554252,-32.93398359570516]]],[[[-71.54098235940921,-32.933785997761035],[-71.54147608696408,-32.93377752330087],[-71.54148915475653,-32.93396462396331],[-71.54099813292727,-32.93395663205082],[-71.54098235940921,-32.933785997761035]]],[[[-71.54045773699508,-32.9337977413711],[-71.54094067488506,-32.93375660178528],[-71.54096279230569,-32.93395532771031],[-71.54047444026946,-32.93394324031809],[-71.54045773699508,-32.9337977413711]]],[[[-71.53997985841676,-32.93384811688669],[-71.54041159143725,-32.9337395299636],[-71.54043879601731,-32.93394149340629],[-71.54000211238129,-32.933936432111764],[-71.53997985841676,-32.93384811688669]]],[[[-71.52323529475842,-32.93287217108068],[-71.52288208707017,-32.93271254409135],[-71.52297682340004,-32.93258507119646],[-71.52330600744264,-32.93277261545031],[-71.52323529475842,-32.93287217108068]]],[[[-71.53997137652384,-32.93394226997907],[-71.53967242528212,-32.93394123706185],[-71.53964480747702,-32.9338952714797],[-71.53987080383958,-32.933736351285475],[-71.53997137652384,-32.93394226997907]]],[[[-71.5346599059468,-32.93372269865061],[-71.53483144464018,-32.93351968369123],[-71.53493116482323,-32.933581427533184],[-71.53481021834835,-32.933829751295676],[-71.5346599059468,-32.93372269865061]]],[[[-71.515977192927,-32.93289136924575],[-71.51673725299732,-32.933147254158314],[-71.51672619743113,-32.93319206958536],[-71.51669663387511,-32.93319330155693],[-71.515977192927,-32.93289136924575]]],[[[-71.53899867714092,-32.93412242412773],[-71.53915746784213,-32.93410409553738],[-71.53922024211418,-32.93443544661109],[-71.53909414559774,-32.93435541629428],[-71.53917792697271,-32.93427517630661],[-71.53899867714092,-32.93412242412773]]],[[[-71.54258710444286,-32.93401263046176],[-71.54258696969558,-32.933923573421694],[-71.54281113349494,-32.93392353195421],[-71.54281384910205,-32.93401837257193],[-71.54258710444286,-32.93401263046176]]],[[[-71.53490693276845,-32.93809581376515],[-71.5349568988612,-32.93798719737674],[-71.53526273389292,-32.93810791265259],[-71.5350425154943,-32.93809883320976],[-71.53490693276845,-32.93809581376515]]],[[[-71.53928505825687,-32.934480370708144],[-71.53933787739896,-32.934446995615836],[-71.53976082759091,-32.9342693957616],[-71.53928505825687,-32.934480370708144]]],[[[-71.53926178021293,-32.93441991071678],[-71.53961039122186,-32.93426614472319],[-71.53925757160582,-32.934428489160545],[-71.53919174216348,-32.93410448231517],[-71.53926178021293,-32.93441991071678]]],[[[-71.52504545934472,-32.93306710731983],[-71.52504281021297,-32.93300294063844],[-71.5250689493911,-32.93304183980025],[-71.52504545934472,-32.93306710731983]]],[[[-71.53342785036494,-32.93638300232255],[-71.53332064002906,-32.93636692092253],[-71.53326822872212,-32.93635645934067],[-71.53342785036494,-32.93638300232255]]],[[[-71.5252781158168,-32.934180220609555],[-71.52527970224159,-32.93417479667773],[-71.5252946196652,-32.93418360434672],[-71.5252781158168,-32.934180220609555]]]]}},{"type":"Feature","properties":{"comuna":"Concon","zona":"ZRM-3","zona_code":"ZRM-3","nombre":"ZRM-3 Zona Residencial Mixta 3","decreto":""},"geometry":{"type":"MultiPolygon","coordinates":[[[[-71.52585521960646,-32.938189766317095],[-71.52588994667872,-32.938108023478634],[-71.5261585977459,-32.93814982147292],[-71.52687303956945,-32.93800831994204],[-71.53233207729653,-32.938111707879],[-71.53620988608748,-32.938221202428615],[-71.53652416977447,-32.93845097211673],[-71.52643298994607,-32.93820648670798],[-71.52640538651401,-32.93828486095373],[-71.52585521960646,-32.938189766317095]]],[[[-71.51696426355782,-32.933370558258595],[-71.51735419347658,-32.93353252660692],[-71.51725875376584,-32.933691554229135],[-71.51734185331951,-32.93372778408394],[-71.51743261729919,-32.9335666906837],[-71.51837623462309,-32.93353716193848],[-71.51901857586532,-32.933832585412944],[-71.51883353279824,-32.93412828460135],[-71.51844398196856,-32.93439158857693],[-71.51814591197413,-32.934857656074215],[-71.5173847990783,-32.9345221598616],[-71.5175805060461,-32.93415995135797],[-71.5173581146228,-32.9345104449978],[-71.51706830104413,-32.93438320464881],[-71.51711171841845,-32.93430968992984],[-71.51696976573895,-32.934110884128025],[-71.51696426355782,-32.933370558258595]],[[-71.51861080360838,-32.934065625842024],[-71.51851029200957,-32.93428251376064],[-71.51876248055085,-32.934128117977814],[-71.51861080360838,-32.934065625842024]]],[[[-71.52453639395469,-32.93529616074721],[-71.5222750370422,-32.934289389041965],[-71.52242962452618,-32.9336634708603],[-71.5248845090936,-32.93472587369124],[-71.52453639395469,-32.93529616074721]]],[[[-71.5241069408584,-32.93594189969319],[-71.52201563053762,-32.935004706404584],[-71.52219864431045,-32.9343554924433],[-71.52449672345344,-32.93534167248204],[-71.5241069408584,-32.93594189969319]]],[[[-71.52630279801024,-32.93670315728281],[-71.52708269108541,-32.93688613681165],[-71.52935484035773,-32.93694934017097],[-71.52914355929784,-32.93742206793005],[-71.5264446878077,-32.937403659353535],[-71.52611408712188,-32.937337690167276],[-71.52630279801024,-32.93670315728281]]],[[[-71.52608374382821,-32.937421534905425],[-71.52636124330095,-32.937451153578664],[-71.52913717317449,-32.93747776182336],[-71.52893283070185,-32.93793650832612],[-71.5268644840147,-32.93791435664245],[-71.5262014914024,-32.938071408657635],[-71.52590215119015,-32.938006049890376],[-71.52608374382821,-32.937421534905425]]],[[[-71.52394296418306,-32.93636282857139],[-71.52170310485363,-32.93587158748936],[-71.52193666772581,-32.93508952669661],[-71.52406614117483,-32.936000194846066],[-71.52394296418306,-32.93636282857139]]],[[[-71.52144338753196,-32.93649324540553],[-71.52168114104494,-32.93593785406649],[-71.52392655645438,-32.93642414521038],[-71.52372193909729,-32.93700895101818],[-71.52144338753196,-32.93649324540553]]],[[[-71.52418300031518,-32.93621206133867],[-71.52617536569899,-32.93666061824455],[-71.52600286580824,-32.937311151995495],[-71.52398263737926,-32.936828787670386],[-71.52418300031518,-32.93621206133867]]],[[[-71.52121177041067,-32.937158882295535],[-71.52141414287787,-32.93662729373441],[-71.52370318137585,-32.937146566901305],[-71.52354136065719,-32.93768715191148],[-71.52121177041067,-32.937158882295535]]],[[[-71.52422064152222,-32.93615759857854],[-71.52467736208065,-32.93542769724949],[-71.52533489832591,-32.93572038665823],[-71.52641618336541,-32.935967943693235],[-71.52620027238856,-32.93659645567801],[-71.52422064152222,-32.93615759857854]]],[[[-71.5293785316267,-32.936896505597566],[-71.52712270833638,-32.93685055286017],[-71.52691004566759,-32.936779835764405],[-71.52710813137426,-32.93615041809865],[-71.5280464854689,-32.93637407047361],[-71.52958351998801,-32.936411593732764],[-71.5293785316267,-32.936896505597566]]],[[[-71.51821550266257,-32.93488850076849],[-71.51850318633566,-32.934413027152175],[-71.5188746298242,-32.93416730993223],[-71.51910851159829,-32.93386314169999],[-71.52027559652723,-32.93439025710064],[-71.52011378569003,-32.934766009322615],[-71.51950340470898,-32.934515752800884],[-71.51939592398018,-32.93453415820873],[-71.51894708613838,-32.93521325189969],[-71.51821550266257,-32.93488850076849]]],[[[-71.52960656536833,-32.936360289323225],[-71.52800546300314,-32.93631529908088],[-71.52712696814744,-32.93609467360969],[-71.52733245507375,-32.93537223277142],[-71.52966981035759,-32.93622919450574],[-71.52960656536833,-32.936360289323225]]],[[[-71.5239581412198,-32.93689436217744],[-71.5259587468497,-32.93739058705291],[-71.52580090926102,-32.937976719400325],[-71.52390832155244,-32.93753976074407],[-71.5240927465786,-32.936944976432514],[-71.5239581412198,-32.93689436217744]]],[[[-71.52556613815477,-32.938651419988574],[-71.52356823375891,-32.938188758328785],[-71.52371779606719,-32.93766834833481],[-71.52574592967068,-32.93810018950954],[-71.52556613815477,-32.938651419988574]]],[[[-71.53287383148145,-32.93803546631749],[-71.53094492847922,-32.93733001143856],[-71.53113264133928,-32.93688513710171],[-71.53321418966787,-32.93761514853836],[-71.53307079968391,-32.93802118406964],[-71.53287383148145,-32.93803546631749]]],[[[-71.524912709007,-32.934659200582],[-71.5225067377068,-32.93358509025739],[-71.52260191600779,-32.933198414163265],[-71.52502520862328,-32.9343409117906],[-71.524912709007,-32.934659200582]]],[[[-71.52537395976941,-32.935674890197056],[-71.52559809931425,-32.93493333190012],[-71.52665995020091,-32.93517499680674],[-71.52643337711996,-32.9359086751859],[-71.52537395976941,-32.935674890197056]]],[[[-71.52107711564453,-32.937562539785766],[-71.52118711704601,-32.93725818419333],[-71.52352366833767,-32.937768210578206],[-71.52339156029537,-32.93816972792943],[-71.52283957429935,-32.937919161376435],[-71.52107711564453,-32.937562539785766]]],[[[-71.52108218932925,-32.9345318390612],[-71.52040401249371,-32.934333388115554],[-71.5208722494541,-32.933291308834505],[-71.52144133218658,-32.93349155427639],[-71.52108218932925,-32.9345318390612]]],[[[-71.52010891592289,-32.93494173613264],[-71.52069748491051,-32.9350905030546],[-71.520874742279,-32.9345352340941],[-71.52106112293752,-32.93458336393043],[-71.52058135520215,-32.93594463422309],[-71.51981199487369,-32.9355900312615],[-71.52010891592289,-32.93494173613264]]],[[[-71.51897439671964,-32.935225148370726],[-71.51942365317636,-32.93454269894392],[-71.52009523547942,-32.93480560737173],[-71.51973178699693,-32.93555509065364],[-71.51897439671964,-32.935225148370726]]],[[[-71.52962191577991,-32.93695357574136],[-71.53081927034063,-32.937327400595265],[-71.53067818902696,-32.93776874058505],[-71.52944497641501,-32.93741408386921],[-71.52962191577991,-32.93695357574136]]],[[[-71.52965646229079,-32.936884672681394],[-71.52986390484945,-32.93643615611634],[-71.53107148493307,-32.93683904488145],[-71.5308401741373,-32.937278317028266],[-71.52965646229079,-32.936884672681394]]],[[[-71.53066185406182,-32.937969096517186],[-71.530940625549,-32.937392754586575],[-71.53260182790162,-32.93801453600816],[-71.53096746271811,-32.93799510599389],[-71.53066185406182,-32.937969096517186]]],[[[-71.52508109910531,-32.93474805406954],[-71.5252781158168,-32.934180220609555],[-71.52672594133999,-32.934971143023745],[-71.52666293709923,-32.93510382223497],[-71.52508109910531,-32.93474805406954]]],[[[-71.51742433483227,-32.93504210508988],[-71.51761187341918,-32.934763558994355],[-71.51917122029334,-32.93544504091813],[-71.51900092396998,-32.935730787246264],[-71.51742433483227,-32.93504210508988]]],[[[-71.53059945977714,-32.937980151243096],[-71.52927788977217,-32.937951146437904],[-71.52922826863251,-32.93791714614755],[-71.52943132112439,-32.937456493624],[-71.53060763534454,-32.93782899548244],[-71.53059945977714,-32.937980151243096]]],[[[-71.52677075918784,-32.935205922816245],[-71.52728844211639,-32.93536618012505],[-71.52709249080685,-32.93607048508351],[-71.5265448697248,-32.93591728967426],[-71.52677075918784,-32.935205922816245]]],[[[-71.53263946192214,-32.937364875198774],[-71.53119684213601,-32.93683683059058],[-71.53124192947844,-32.93659803214884],[-71.53273810233023,-32.93713632631228],[-71.53263946192214,-32.937364875198774]]],[[[-71.52652193304067,-32.935990019716826],[-71.52705530504568,-32.93613525721153],[-71.52686541826259,-32.93678227171215],[-71.52633257895856,-32.936619902191865],[-71.52652193304067,-32.935990019716826]]],[[[-71.51928072402815,-32.93631067068031],[-71.51967760960214,-32.93566623346447],[-71.52008996686028,-32.93584742981365],[-71.5197023213573,-32.936486856581986],[-71.51928072402815,-32.93631067068031]]],[[[-71.51881416512072,-32.936102693224605],[-71.51920337728556,-32.93545539177844],[-71.51961475088844,-32.93563458684954],[-71.5192250491418,-32.93627982422019],[-71.51881416512072,-32.936102693224605]]],[[[-71.51976577745066,-32.936516909833216],[-71.52015916767986,-32.935877220157884],[-71.52053197121774,-32.93604085011522],[-71.52014128132426,-32.93668168081223],[-71.51976577745066,-32.936516909833216]]],[[[-71.52988682087236,-32.93638413623834],[-71.52998018816973,-32.936158406797176],[-71.5311952709826,-32.936581555727685],[-71.53106704186568,-32.93677395209467],[-71.52988682087236,-32.93638413623834]]],[[[-71.52108136916739,-32.934977785282435],[-71.52185084448021,-32.93516997704975],[-71.52173867005405,-32.93549097779911],[-71.52095624103484,-32.93532625436196],[-71.52108136916739,-32.934977785282435]]],[[[-71.520636193757,-32.936901363161866],[-71.52027747041289,-32.936747002861736],[-71.52066037460781,-32.93613015608397],[-71.52099118819434,-32.93635452248526],[-71.520636193757,-32.936901363161866]]],[[[-71.52105986529612,-32.936246130138656],[-71.52132861877125,-32.93551035181794],[-71.52168321255998,-32.93557548021597],[-71.521399703358,-32.93645703854756],[-71.52145121095975,-32.93622554395398],[-71.52110784521376,-32.936155984403094],[-71.52105986529612,-32.936246130138656]]],[[[-71.52108675097428,-32.93496223440453],[-71.52121942226026,-32.9346212754788],[-71.5219666939142,-32.93484780878019],[-71.52185203564626,-32.935144165029435],[-71.52108675097428,-32.93496223440453]]],[[[-71.52135125901135,-32.93420570569608],[-71.52146660808373,-32.9338647242512],[-71.52223310458305,-32.93405534644471],[-71.52209566953111,-32.93438922117286],[-71.52135125901135,-32.93420570569608]]],[[[-71.52123161599192,-32.934569139933096],[-71.5213443383904,-32.93422931720521],[-71.52211386580551,-32.93442753616769],[-71.52196679183056,-32.93474582615526],[-71.52123161599192,-32.934569139933096]]],[[[-71.52147858352478,-32.93383665752435],[-71.52159025938597,-32.933499606547535],[-71.52236273327519,-32.933695118934466],[-71.52224553906322,-32.9340263313049],[-71.52147858352478,-32.93383665752435]]],[[[-71.52071665495868,-32.93693429100228],[-71.52102754031894,-32.93639997562268],[-71.52134781487057,-32.936582376759276],[-71.52115806732635,-32.937119695436365],[-71.52071665495868,-32.93693429100228]]],[[[-71.5209311708519,-32.935382346148515],[-71.52126401193603,-32.93549039123305],[-71.5210027117828,-32.93620845828412],[-71.52102522895372,-32.93614589448646],[-71.5206976142679,-32.93603990392519],[-71.5209311708519,-32.935382346148515]]],[[[-71.52679241936599,-32.935157372618036],[-71.52684140898998,-32.935026818103964],[-71.52787439790488,-32.93549847951139],[-71.52973795296178,-32.93608116458664],[-71.5296334187071,-32.93616956277674],[-71.52679241936599,-32.935157372618036]]],[[[-71.5215968449353,-32.93348151080119],[-71.52165850709302,-32.933305853470195],[-71.52242661786494,-32.93349656432721],[-71.522344808292,-32.93366635625195],[-71.5215968449353,-32.93348151080119]]]]}},{"type":"Feature","properties":{"comuna":"Concon","zona":"ZRP","zona_code":"ZRP","nombre":"ZRP Zona Residencial Puntillas","decreto":""},"geometry":{"type":"MultiPolygon","coordinates":[[[[-71.519428168109,-32.91906162376648],[-71.51983487316737,-32.91903094322226],[-71.51982637330815,-32.91896493092552],[-71.52141976722987,-32.91853709102114],[-71.52143258259572,-32.918680876147945],[-71.52196410676618,-32.91876165135124],[-71.52225957344291,-32.91958181293846],[-71.522217214284,-32.91964478434067],[-71.52084764729341,-32.91954361065809],[-71.52087700244026,-32.91923786438199],[-71.521444778124,-32.919195928503946],[-71.52089775531995,-32.91917423739472],[-71.5208705399601,-32.91907037110541],[-71.52142561346574,-32.918908585914984],[-71.52141730315105,-32.91884554536745],[-71.52084723047513,-32.91901746100267],[-71.5207707173691,-32.91916561976782],[-71.52020437359992,-32.919148734404686],[-71.52023741543269,-32.91952100343045],[-71.51976837807341,-32.919494846001236],[-71.51944153593874,-32.919232969651944],[-71.519428168109,-32.91906162376648]]],[[[-71.52202814586614,-32.920624436018],[-71.52113503991237,-32.920446060377586],[-71.52014054650236,-32.919683912582315],[-71.52220112905052,-32.91978413974057],[-71.52202814586614,-32.920624436018]]],[[[-71.52275555756579,-32.92034937809812],[-71.52283074116518,-32.92050659326085],[-71.52247077724766,-32.92071147423559],[-71.52211967341383,-32.920641778064464],[-71.52226058584422,-32.9198171335244],[-71.52294680799146,-32.92012846999658],[-71.52275555756579,-32.92034937809812]]],[[[-71.5202920994773,-32.91952239998119],[-71.52026422924563,-32.91921235839396],[-71.52079096000571,-32.91924230591004],[-71.52077484333121,-32.91954067428271],[-71.5202920994773,-32.91952239998119]]]]}},{"type":"Feature","properties":{"comuna":"Concon","zona":"ZRC","zona_code":"ZRC","nombre":"ZRC Zona Residencial Centro","decreto":""},"geometry":{"type":"MultiPolygon","coordinates":[[[[-71.52376000520746,-32.92556659020961],[-71.52323991120068,-32.92559818387462],[-71.52321126841784,-32.92471303746194],[-71.52392605609279,-32.92465344170344],[-71.52466320373345,-32.92486194901734],[-71.52461136375504,-32.92548444813587],[-71.52382423924185,-32.92555954534858],[-71.52381621998131,-32.92514688200331],[-71.52374657629227,-32.92514540335217],[-71.52376000520746,-32.92556659020961]]],[[[-71.52050646175861,-32.92350175460959],[-71.52048387002752,-32.92260072350516],[-71.52163729876749,-32.9225843854844],[-71.52163164746605,-32.92348518601792],[-71.52050646175861,-32.92350175460959]]],[[[-71.51796626688362,-32.92479115145807],[-71.51911076457303,-32.92478849952691],[-71.5191332323366,-32.92566007047804],[-71.51797246795401,-32.925692988930685],[-71.51796626688362,-32.92479115145807]]],[[[-71.51793803283424,-32.9226344431436],[-71.51907557846168,-32.92263398015657],[-71.51909353937745,-32.92350601344518],[-71.5179532943126,-32.92353448987872],[-71.51793803283424,-32.9226344431436]]],[[[-71.5204449954336,-32.92242113782409],[-71.51932132069247,-32.9224371554028],[-71.51926445194509,-32.92156168588777],[-71.52040040935111,-32.92152234055303],[-71.5204449954336,-32.92242113782409]]],[[[-71.52044517419836,-32.923501548001745],[-71.51930044294696,-32.92349561896025],[-71.51928802553478,-32.92261654198199],[-71.52042902159123,-32.92260142552648],[-71.52044517419836,-32.923501548001745]]],[[[-71.5179312891814,-32.922456437270014],[-71.51791161697497,-32.921555314083236],[-71.51905757263012,-32.921559368662365],[-71.51905703004768,-32.922440680596836],[-71.5179312891814,-32.922456437270014]]],[[[-71.51797008202863,-32.92461919199472],[-71.51795594883426,-32.92371423240299],[-71.51909563335039,-32.92371561380669],[-71.51910389874932,-32.924606677297724],[-71.51797008202863,-32.92461919199472]]],[[[-71.52045795902147,-32.9245827352154],[-71.51930771301255,-32.92458363553194],[-71.51930371011964,-32.92372441497662],[-71.52044272089931,-32.9236849092386],[-71.52045795902147,-32.9245827352154]]],[[[-71.52046901907926,-32.92152042750275],[-71.521616486599,-32.92150402292521],[-71.52162751970731,-32.922402766090556],[-71.52050260439277,-32.922419651586864],[-71.52046901907926,-32.92152042750275]]],[[[-71.52190788750075,-32.92565366277543],[-71.52189522754345,-32.92475657229048],[-71.52294261735067,-32.924747860199055],[-71.52301333632307,-32.92564559546364],[-71.52190788750075,-32.92565366277543]]],[[[-71.52056070473041,-32.92566506061376],[-71.52057031760226,-32.92544623256912],[-71.52104788805845,-32.92541152773507],[-71.52056039211668,-32.92540161906736],[-71.52054128135732,-32.92476336989277],[-71.52086479433555,-32.92476174721505],[-71.5208719916376,-32.9250905597796],[-71.52092251109256,-32.92476145691256],[-71.52128696299322,-32.924759628383946],[-71.52129471904736,-32.92501088445109],[-71.52136922172377,-32.925006495240666],[-71.52134674946863,-32.924759328279045],[-71.52168080776995,-32.924757649802835],[-71.52169740414483,-32.92566061563794],[-71.52056070473041,-32.92566506061376]]],[[[-71.5218838926012,-32.92456815219787],[-71.5218914285681,-32.923670560580064],[-71.52264872991219,-32.923652769718174],[-71.52306804372388,-32.924356879142195],[-71.5230432475271,-32.924534111323666],[-71.5218838926012,-32.92456815219787]]],[[[-71.51789446005138,-32.92128475326657],[-71.51794506125302,-32.9205175249937],[-71.51903454162286,-32.92049352449576],[-71.5190070792263,-32.92127295521111],[-71.51789446005138,-32.92128475326657]]],[[[-71.51924370804855,-32.92050420663348],[-71.52035348046235,-32.920497088224735],[-71.52039426217962,-32.92125272145937],[-71.51925501783798,-32.92124820538005],[-71.51924370804855,-32.92050420663348]]],[[[-71.52134688601255,-32.92061681842609],[-71.5223979993366,-32.92077123100296],[-71.52245817298592,-32.92231369283854],[-71.52213748251434,-32.921804056172356],[-71.52134688601255,-32.92061681842609]]],[[[-71.51718824859245,-32.92053044746598],[-71.5178110838166,-32.920531947308135],[-71.51782775834491,-32.921285078267296],[-71.5166276315832,-32.92130480528208],[-71.51661143585694,-32.92091150835897],[-71.51718824859245,-32.92053044746598]]],[[[-71.51788350329986,-32.9200714387669],[-71.51854232144103,-32.91965591223969],[-71.51901537157468,-32.91960615829657],[-71.5190288543888,-32.92039856230088],[-71.51794004326382,-32.92043854758599],[-71.51788350329986,-32.9200714387669]]],[[[-71.51924263635841,-32.92041777146754],[-71.51923234076695,-32.91961927620767],[-71.51974075128516,-32.91968612805663],[-71.51968545638616,-32.92013708451346],[-71.51985304518725,-32.920131720046385],[-71.51980560425876,-32.91969134022746],[-71.52031045475351,-32.920058296038434],[-71.52031646538107,-32.92042567637703],[-71.51924263635841,-32.92041777146754]]],[[[-71.52046495240596,-32.92125131739534],[-71.52046149029884,-32.92052078709429],[-71.52079840434448,-32.92046196143311],[-71.52118952003939,-32.92073467385556],[-71.52149700707294,-32.92120609249582],[-71.52046495240596,-32.92125131739534]]],[[[-71.52190359804527,-32.92348072886793],[-71.52185280819742,-32.92258369024942],[-71.52230307705548,-32.92257950149615],[-71.52260778290491,-32.92346088018319],[-71.52190359804527,-32.92348072886793]]],[[[-71.52053994376587,-32.924580473867614],[-71.52054606488623,-32.92420698950466],[-71.52166985730666,-32.92418674963748],[-71.52167735464602,-32.924565960974874],[-71.52053994376587,-32.924580473867614]]],[[[-71.52051644293972,-32.92367900509276],[-71.52103419863182,-32.923671543850446],[-71.52103292751569,-32.92413828463007],[-71.52054116637298,-32.924143609644325],[-71.52051644293972,-32.92367900509276]]],[[[-71.52046671400224,-32.92476374389285],[-71.52047378554015,-32.92533228626142],[-71.52005687292521,-32.925336997425404],[-71.52004912495588,-32.924769895288904],[-71.52046671400224,-32.92476374389285]]],[[[-71.51973445050174,-32.92567041795915],[-71.5197283886702,-32.925376767089354],[-71.52047435776699,-32.925368340835334],[-71.52047766536386,-32.92566363399896],[-71.51973445050174,-32.92567041795915]]],[[[-71.52121343049731,-32.923662506660214],[-71.52165974137824,-32.92364935918677],[-71.52166528218692,-32.92413547960968],[-71.52122755381022,-32.92412849495774],[-71.52121343049731,-32.923662506660214]]],[[[-71.51933087607215,-32.925067960755314],[-71.5193247603417,-32.9247720638859],[-71.52000637772477,-32.92477061011157],[-71.52001033300697,-32.9250601603167],[-71.51933087607215,-32.925067960755314]]],[[[-71.5196917005757,-32.925670913353365],[-71.51934342374004,-32.92567494663119],[-71.51933162167383,-32.92510401317487],[-71.51967991378085,-32.9251000153104],[-71.5196917005757,-32.925670913353365]]],[[[-71.51661602714636,-32.92038312574091],[-71.51756945137822,-32.92007100442121],[-71.51758287759846,-32.920092104118],[-71.51663091672219,-32.920728121769535],[-71.51661602714636,-32.92038312574091]]],[[[-71.52228866718,-32.922384486347624],[-71.52184559652231,-32.92239857205037],[-71.52183279732616,-32.92171030036912],[-71.52228866718,-32.922384486347624]]],[[[-71.5172879031985,-32.92046567597718],[-71.51760672068272,-32.92024689464588],[-71.51782312842793,-32.92010979314198],[-71.5178192944183,-32.920448195147436],[-71.5172879031985,-32.92046567597718]]],[[[-71.52108770768004,-32.92366884588919],[-71.52115883897919,-32.92366993020119],[-71.52113546032392,-32.92411574643965],[-71.5210952867661,-32.92408653123577],[-71.52108770768004,-32.92366884588919]]],[[[-71.52063125392124,-32.92041695481036],[-71.5206739679147,-32.92041451765792],[-71.52067082830278,-32.92041557410921],[-71.52063125392124,-32.92041695481036]]]]}},{"type":"Feature","properties":{"comuna":"Concon","zona":"ZEP","zona_code":"ZEP","nombre":"ZEP Zona Espacios Publicos","decreto":""},"geometry":{"type":"Polygon","coordinates":[[[-71.52031646538107,-32.92042567637703],[-71.52031045475351,-32.920058296038434],[-71.52074486026197,-32.92039066719188],[-71.5206739679147,-32.92041451765792],[-71.52031646538107,-32.92042567637703]]]}},{"type":"Feature","properties":{"comuna":"Concon","zona":"ZEP","zona_code":"ZEP","nombre":"ZEP Zona Espacios Publicos","decreto":""},"geometry":{"type":"Polygon","coordinates":[[[-71.5193676836426,-32.919302542509556],[-71.51959639740888,-32.91949137422934],[-71.51876836361764,-32.919474651055005],[-71.51935143491575,-32.91909572103971],[-71.5193676836426,-32.919302542509556]]]}}]}