{"type":"FeatureCollection","name":"PRC_Nunoa","crs":{"type":"name","properties":{"name":"urn:ogc:def:crs:OGC:1.3:CRS84"}},"features":[{"type":"Feature","properties":{"comuna":"Nunoa","zona":"Z-2","zona_code":"Z-2","nombre":"Z-2","decreto":""},"geometry":{"type":"Polygon","coordinates":[[[-70.62345635133677,-33.47199937351708],[-70.62312999423389,-33.47330608048834],[-70.61998608468664,-33.473097371912985],[-70.62012206703525,-33.47113276068165],[-70.62199862145225,-33.47125526655049],[-70.62278187992777,-33.471463980444376],[-70.6232115840244,-33.47171806530142],[-70.62345635133677,-33.47199937351708]]]}},{"type":"Feature","properties":{"comuna":"Nunoa","zona":"Z-2","zona_code":"Z-2","nombre":"Z-2","decreto":""},"geometry":{"type":"Polygon","coordinates":[[[-70.62311911561054,-33.47343312074847],[-70.6227329258657,-33.47478064051231],[-70.61990449471219,-33.474639991326654],[-70.62000784140538,-33.473260709539886],[-70.62311911561054,-33.47343312074847]]]}},{"type":"Feature","properties":{"comuna":"Nunoa","zona":"Z-4","zona_code":"Z-4","nombre":"Z-4","decreto":""},"geometry":{"type":"Polygon","coordinates":[[[-70.61976851310072,-33.47324709827808],[-70.6197467560289,-33.47463999163919],[-70.61873504812725,-33.47459915775229],[-70.61881663721607,-33.47320626369012],[-70.61976851310072,-33.47324709827808]]]}},{"type":"Feature","properties":{"comuna":"Nunoa","zona":"Z-4","zona_code":"Z-4","nombre":"Z-4","decreto":""},"geometry":{"type":"Polygon","coordinates":[[[-70.61863170165621,-33.473183577933895],[-70.61856099012248,-33.47455378688757],[-70.61756016058013,-33.474522026978214],[-70.61765262911472,-33.47317450385493],[-70.61863170165621,-33.473183577933895]]]}},{"type":"Feature","properties":{"comuna":"Nunoa","zona":"Z-4","zona_code":"Z-4","nombre":"Z-4","decreto":""},"geometry":{"type":"Polygon","coordinates":[[[-70.61747313207243,-33.47314728042216],[-70.61740242196531,-33.4745084157289],[-70.61637983460483,-33.47446758190107],[-70.61647230295611,-33.473088297882164],[-70.61747313207243,-33.47314728042216]]]}},{"type":"Feature","properties":{"comuna":"Nunoa","zona":"Z-4","zona_code":"Z-4","nombre":"Z-4","decreto":""},"geometry":{"type":"Polygon","coordinates":[[[-70.61628736742138,-33.473070149310416],[-70.61623297475616,-33.47444035936844],[-70.61510160212163,-33.4743949888971],[-70.61519950965797,-33.47299301674522],[-70.61628736742138,-33.473070149310416]]]}},{"type":"Feature","properties":{"comuna":"Nunoa","zona":"Z-4","zona_code":"Z-4","nombre":"Z-4","decreto":""},"geometry":{"type":"Polygon","coordinates":[[[-70.61504176986989,-33.47296125677238],[-70.61494386226501,-33.47442674816957],[-70.61387232202058,-33.474358692122706],[-70.61398654783848,-33.47283421660177],[-70.61504176986989,-33.47296125677238]]]}},{"type":"Feature","properties":{"comuna":"Nunoa","zona":"Z-4","zona_code":"Z-4","nombre":"Z-4","decreto":""},"geometry":{"type":"Polygon","coordinates":[[[-70.61992625200985,-33.47114637235903],[-70.61980114831509,-33.473106445747575],[-70.61650493883614,-33.472943108123545],[-70.61664636013421,-33.47095580784789],[-70.61992625200985,-33.47114637235903]]]}},{"type":"Feature","properties":{"comuna":"Nunoa","zona":"Z-4","zona_code":"Z-4","nombre":"Z-4","decreto":""},"geometry":{"type":"Polygon","coordinates":[[[-70.61648296383726,-33.47094237733285],[-70.61633675592404,-33.47290535901469],[-70.61398350152153,-33.47269338264017],[-70.61400786898186,-33.47221715894119],[-70.61506613797022,-33.4722229663281],[-70.61504176958616,-33.47155508809358],[-70.6141645208797,-33.47149410709995],[-70.61421325664182,-33.470808799898876],[-70.61648296383726,-33.47094237733285]]]}},{"type":"Feature","properties":{"comuna":"Nunoa","zona":"Z-4","zona_code":"Z-4","nombre":"Z-4","decreto":""},"geometry":{"type":"Polygon","coordinates":[[[-70.614906005006,-33.47162187643453],[-70.61493733498551,-33.47204873797572],[-70.61412274728295,-33.472010988331704],[-70.6141366714556,-33.471589933752455],[-70.614906005006,-33.47162187643453]]]}},{"type":"Feature","properties":{"comuna":"Nunoa","zona":"PM y AP","zona_code":"PM y AP","nombre":"PM y AP","decreto":""},"geometry":{"type":"Polygon","coordinates":[[[-70.6140078689521,-33.47080589629569],[-70.61391039709737,-33.47204002696563],[-70.61354835803567,-33.47203131495811],[-70.61357968826236,-33.47080589610653],[-70.6140078689521,-33.47080589629569]]]}},{"type":"Feature","properties":{"comuna":"Nunoa","zona":"PM y AP","zona_code":"PM y AP","nombre":"PM y AP","decreto":""},"geometry":{"type":"Polygon","coordinates":[[[-70.61387906658578,-33.47217360161916],[-70.61381988742419,-33.47268757465084],[-70.61357272585904,-33.47269047837208],[-70.61359013176418,-33.472164890913284],[-70.61387906658578,-33.47217360161916]]]}},{"type":"Feature","properties":{"comuna":"Nunoa","zona":"PM y AP","zona_code":"PM y AP","nombre":"PM y AP","decreto":""},"geometry":{"type":"Polygon","coordinates":[[[-70.6138198878641,-33.47280663036338],[-70.61368412277045,-33.47440660411521],[-70.61349265993815,-33.474392085100334],[-70.61358316930387,-33.472797918746146],[-70.6138198878641,-33.47280663036338]]]}},{"type":"Feature","properties":{"comuna":"Nunoa","zona":"Z-4","zona_code":"Z-4","nombre":"Z-4","decreto":""},"geometry":{"type":"Polygon","coordinates":[[[-70.61339518830545,-33.47282695666342],[-70.61331512166684,-33.47432820242421],[-70.61228818378001,-33.47427883933838],[-70.6123647685878,-33.4728008225319],[-70.61339518830545,-33.47282695666342]]]}},{"type":"Feature","properties":{"comuna":"Nunoa","zona":"Z-4","zona_code":"Z-4","nombre":"Z-4","decreto":""},"geometry":{"type":"Polygon","coordinates":[[[-70.61218026774031,-33.472745651113904],[-70.61212108881415,-33.4742672242837],[-70.61109763200463,-33.47422947567032],[-70.61121599064901,-33.47273984347757],[-70.61218026774031,-33.472745651113904]]]}},{"type":"Feature","properties":{"comuna":"Nunoa","zona":"Z-4","zona_code":"Z-4","nombre":"Z-4","decreto":""},"geometry":{"type":"Polygon","coordinates":[[[-70.61101060318738,-33.47271080539848],[-70.6109305363493,-33.474209149156266],[-70.60994189074057,-33.4741626894065],[-70.61002195755182,-33.47269338216803],[-70.61101060318738,-33.47271080539848]]]}},{"type":"Feature","properties":{"comuna":"Nunoa","zona":"Z-4","zona_code":"Z-4","nombre":"Z-4","decreto":""},"geometry":{"type":"Polygon","coordinates":[[[-70.6098165695849,-33.47353547877265],[-70.60976087169651,-33.47414236363196],[-70.6081734689143,-33.474055250676024],[-70.60822568655284,-33.4734570771763],[-70.6098165695849,-33.47353547877265]]]}},{"type":"Feature","properties":{"comuna":"Nunoa","zona":"Z-4","zona_code":"Z-4","nombre":"Z-4","decreto":""},"geometry":{"type":"Polygon","coordinates":[[[-70.60983745670042,-33.472687575133534],[-70.60981308920923,-33.47341352010916],[-70.60821872430324,-33.47332931074623],[-70.60830227142836,-33.47260917215875],[-70.60983745670042,-33.472687575133534]]]}},{"type":"Feature","properties":{"comuna":"Nunoa","zona":"Z-4","zona_code":"Z-4","nombre":"Z-4","decreto":""},"geometry":{"type":"Polygon","coordinates":[[[-70.6080620727165,-33.47259755697459],[-70.60802726057355,-33.47330898447431],[-70.60651992456373,-33.4732451018181],[-70.60657562352571,-33.47255690451846],[-70.6080620727165,-33.47259755697459]]]}},{"type":"Feature","properties":{"comuna":"Nunoa","zona":"Z-4","zona_code":"Z-4","nombre":"Z-4","decreto":""},"geometry":{"type":"Polygon","coordinates":[[[-70.60800637430104,-33.473433846760315],[-70.60800637373356,-33.47404363636713],[-70.60647815151263,-33.47398265687966],[-70.60653384927221,-33.47338157907687],[-70.60800637430104,-33.473433846760315]]]}},{"type":"Feature","properties":{"comuna":"Nunoa","zona":"Z-4","zona_code":"Z-4","nombre":"Z-4","decreto":""},"geometry":{"type":"Polygon","coordinates":[[[-70.6061509231613,-33.47335834884754],[-70.60615440499255,-33.47395071619895],[-70.6043685769437,-33.473881026001216],[-70.60442079382992,-33.47327123539301],[-70.6061509231613,-33.47335834884754]]]}},{"type":"Feature","properties":{"comuna":"Nunoa","zona":"Z-4","zona_code":"Z-4","nombre":"Z-4","decreto":""},"geometry":{"type":"Polygon","coordinates":[[[-70.60532937315419,-33.472658536554555],[-70.60569837492558,-33.47319864119808],[-70.60439294445968,-33.473157987978134],[-70.60444516223176,-33.47264692148106],[-70.60532937315419,-33.472658536554555]]]}},{"type":"Feature","properties":{"comuna":"Nunoa","zona":"Z-4","zona_code":"Z-4","nombre":"Z-4","decreto":""},"geometry":{"type":"Polygon","coordinates":[[[-70.60419103823185,-33.4732596200052],[-70.60416318895268,-33.47387231464095],[-70.60276724962311,-33.47379100992027],[-70.60277769350317,-33.47317541119327],[-70.60419103823185,-33.4732596200052]]]}},{"type":"Feature","properties":{"comuna":"Nunoa","zona":"Z-4","zona_code":"Z-4","nombre":"Z-4","decreto":""},"geometry":{"type":"Polygon","coordinates":[[[-70.60423281248225,-33.47262949936408],[-70.60417015186704,-33.473131854027045],[-70.60273940045822,-33.47308249041235],[-70.6027115513238,-33.472986665026276],[-70.60271503275166,-33.47255400048346],[-70.60423281248225,-33.47262949936408]]]}},{"type":"Feature","properties":{"comuna":"Nunoa","zona":"Z-4","zona_code":"Z-4","nombre":"Z-4","decreto":""},"geometry":{"type":"Polygon","coordinates":[[[-70.60251660741433,-33.47254238528275],[-70.6025374936868,-33.473053451848024],[-70.60131213060971,-33.47299827985951],[-70.60130865022082,-33.47247559793643],[-70.60251660741433,-33.47254238528275]]]}},{"type":"Feature","properties":{"comuna":"Nunoa","zona":"Z-4","zona_code":"Z-4","nombre":"Z-4","decreto":""},"geometry":{"type":"Polygon","coordinates":[[[-70.60255141873711,-33.473160891640006],[-70.60259667415093,-33.47376197207466],[-70.60134694273778,-33.473703897108386],[-70.60131561202422,-33.47311152817974],[-70.60255141873711,-33.473160891640006]]]}},{"type":"Feature","properties":{"comuna":"Nunoa","zona":"Áreas verdes","zona_code":"Áreas verdes","nombre":"Áreas verdes","decreto":""},"geometry":{"type":"Polygon","coordinates":[[[-70.60621135579217,-33.47210716304653],[-70.6061489742385,-33.47308841333335],[-70.60586825403779,-33.47313115740336],[-70.60552960901268,-33.47278734897605],[-70.60551401262335,-33.47261265745848],[-70.6057323505801,-33.47223353664036],[-70.60621135579217,-33.47210716304653]]]}},{"type":"Feature","properties":{"comuna":"Nunoa","zona":"Z-4","zona_code":"Z-4","nombre":"Z-4","decreto":""},"geometry":{"type":"Polygon","coordinates":[[[-70.6133882257075,-33.471581948271414],[-70.61337190787242,-33.4720129847626],[-70.61250162096266,-33.47198122436124],[-70.61253425724765,-33.471541113307126],[-70.6133882257075,-33.471581948271414]]]}},{"type":"Feature","properties":{"comuna":"Nunoa","zona":"Z-4","zona_code":"Z-4","nombre":"Z-4","decreto":""},"geometry":{"type":"Polygon","coordinates":[[[-70.61344261829417,-33.47218539823453],[-70.61340998260269,-33.47266634057069],[-70.61179995311642,-33.472571060431164],[-70.61190329955728,-33.471554724626124],[-70.6123928350759,-33.471581948481],[-70.61239827490085,-33.472135489364085],[-70.61344261829417,-33.47218539823453]]]}},{"type":"Feature","properties":{"comuna":"Nunoa","zona":"Z-4","zona_code":"Z-4","nombre":"Z-4","decreto":""},"geometry":{"type":"Polygon","coordinates":[[[-70.61169116721203,-33.47154565075583],[-70.61162045665986,-33.47259828355345],[-70.61003762254046,-33.47252115122937],[-70.6101300910934,-33.4714957411851],[-70.61169116721203,-33.47154565075583]]]}},{"type":"Feature","properties":{"comuna":"Nunoa","zona":"Z-4","zona_code":"Z-4","nombre":"Z-4","decreto":""},"geometry":{"type":"Polygon","coordinates":[[[-70.60990359903586,-33.47148249227811],[-70.60986878748399,-33.47251044307703],[-70.60828834734036,-33.47247269421784],[-70.60836841277036,-33.47141860740984],[-70.60990359903586,-33.47148249227811]]]}},{"type":"Feature","properties":{"comuna":"Nunoa","zona":"Z-4","zona_code":"Z-4","nombre":"Z-4","decreto":""},"geometry":{"type":"Polygon","coordinates":[[[-70.60663132192612,-33.47136053081348],[-70.6081699879728,-33.471436031108055],[-70.60805162879039,-33.47242623316222],[-70.60658954814609,-33.47238848324159],[-70.60663132192612,-33.47136053081348]]]}},{"type":"Feature","properties":{"comuna":"Nunoa","zona":"Z-4","zona_code":"Z-4","nombre":"Z-4","decreto":""},"geometry":{"type":"Polygon","coordinates":[[[-70.60624839503652,-33.47133730073968],[-70.60622054673809,-33.4719906619394],[-70.60567748806349,-33.47213294860395],[-70.60548602444943,-33.472278139223256],[-70.60535374139594,-33.4725423854],[-70.60444864290633,-33.47251625090778],[-70.60452522818504,-33.471296646647374],[-70.60624839503652,-33.47133730073968]]]}},{"type":"Feature","properties":{"comuna":"Nunoa","zona":"Z-4","zona_code":"Z-4","nombre":"Z-4","decreto":""},"geometry":{"type":"Polygon","coordinates":[[[-70.60429199132717,-33.471285031337835],[-70.60427458581992,-33.47197033524574],[-70.60391602828192,-33.47195291225743],[-70.60392647080697,-33.47183385551523],[-70.60368279083879,-33.47179610574326],[-70.60367234764875,-33.47199066186888],[-70.60426066158983,-33.47202260338144],[-70.60423977444361,-33.47247850157596],[-70.6031014401382,-33.472440752231556],[-70.6031084024116,-33.47202260359285],[-70.60301441137348,-33.47243204085302],[-70.60269066456327,-33.47240590689523],[-70.60176468018875,-33.471192108699434],[-70.60429199132717,-33.471285031337835]]]}},{"type":"Feature","properties":{"comuna":"Nunoa","zona":"Z-4","zona_code":"Z-4","nombre":"Z-4","decreto":""},"geometry":{"type":"Polygon","coordinates":[[[-70.60124598903437,-33.47099755024834],[-70.60155581081659,-33.47117758862562],[-70.6024817957866,-33.472397195312936],[-70.60129472456917,-33.472336215148864],[-70.60124598903437,-33.47099755024834]]]}},{"type":"Feature","properties":{"comuna":"Nunoa","zona":"Z-4m","zona_code":"Z-4m","nombre":"Z-4m","decreto":""},"geometry":{"type":"Polygon","coordinates":[[[-70.6133991039584,-33.470774316863576],[-70.61337734641101,-33.47111007482554],[-70.61330663661414,-33.47110553749768],[-70.61328487934442,-33.47140045884525],[-70.61319241135767,-33.47149574129046],[-70.6119141781161,-33.47141860814024],[-70.61194681404378,-33.4707153318735],[-70.6133991039584,-33.470774316863576]]]}},{"type":"Feature","properties":{"comuna":"Nunoa","zona":"Z-4m","zona_code":"Z-4m","nombre":"Z-4m","decreto":""},"geometry":{"type":"Polygon","coordinates":[[[-70.61175643862528,-33.4707107944533],[-70.61172380215444,-33.47140953360418],[-70.61011921206872,-33.471323325712774],[-70.61015184744241,-33.47062004877062],[-70.61175643862528,-33.4707107944533]]]}},{"type":"Feature","properties":{"comuna":"Nunoa","zona":"Z-4m","zona_code":"Z-4m","nombre":"Z-4m","decreto":""},"geometry":{"type":"Polygon","coordinates":[[[-70.60998324767513,-33.47061482257579],[-70.60994091662349,-33.47133776537981],[-70.6083345760468,-33.471261568254285],[-70.6084103267905,-33.470518181343245],[-70.60998324767513,-33.47061482257579]]]}},{"type":"Feature","properties":{"comuna":"Nunoa","zona":"Z-4m","zona_code":"Z-4m","nombre":"Z-4m","decreto":""},"geometry":{"type":"Polygon","coordinates":[[[-70.60821426818319,-33.47051446435174],[-70.60816525401496,-33.47127829408739],[-70.60664803147122,-33.47121882346411],[-70.60667476595908,-33.47042711610633],[-70.60821426818319,-33.47051446435174]]]}},{"type":"Feature","properties":{"comuna":"Nunoa","zona":"Z-4m","zona_code":"Z-4m","nombre":"Z-4m","decreto":""},"geometry":{"type":"Polygon","coordinates":[[[-70.60628042197825,-33.47031560788214],[-70.60626037064429,-33.471207672569015],[-70.60454709026409,-33.47115377708786],[-70.60457159775318,-33.47026357016697],[-70.60628042197825,-33.47031560788214]]]}},{"type":"Feature","properties":{"comuna":"Nunoa","zona":"Z-4m","zona_code":"Z-4m","nombre":"Z-4m","decreto":""},"geometry":{"type":"Polygon","coordinates":[[[-70.6043650955289,-33.47024835409194],[-70.60430939766854,-33.47115435812454],[-70.60163935848499,-33.47103239639919],[-70.60116940339867,-33.47080008838847],[-70.60117288471609,-33.47012058359977],[-70.6043650955289,-33.47024835409194]]]}},{"type":"Feature","properties":{"comuna":"Nunoa","zona":"Áreas verdes","zona_code":"Áreas verdes","nombre":"Áreas verdes","decreto":""},"geometry":{"type":"Polygon","coordinates":[[[-70.60112694532326,-33.47102234744339],[-70.60107276124366,-33.470977148825085],[-70.60097580240917,-33.470921247035506],[-70.60109985357023,-33.47092005743909],[-70.60112694532326,-33.47102234744339]]]}},{"type":"Feature","properties":{"comuna":"Nunoa","zona":"Áreas verdes","zona_code":"Áreas verdes","nombre":"Áreas verdes","decreto":""},"geometry":{"type":"Polygon","coordinates":[[[-70.6007841109082,-33.472096011696586],[-70.60078411035775,-33.472201943396094],[-70.60024495032613,-33.47221681037745],[-70.600236038872,-33.472107162771756],[-70.6007841109082,-33.472096011696586]]]}},{"type":"Feature","properties":{"comuna":"Nunoa","zona":"Z-4","zona_code":"Z-4","nombre":"Z-4","decreto":""},"geometry":{"type":"Polygon","coordinates":[[[-70.59956459555546,-33.47192677779119],[-70.60106148760616,-33.47189773950016],[-70.60110674375629,-33.4736922819995],[-70.59974213426655,-33.473642917597296],[-70.59974213453359,-33.473279946227876],[-70.59966903014511,-33.47327704271227],[-70.59965510506063,-33.47300699170173],[-70.5995854824676,-33.47301570295354],[-70.59956459555546,-33.47192677779119]],[[-70.60078411034115,-33.47220194249448],[-70.6007841109082,-33.472096011696586],[-70.60023603994783,-33.472107162757865],[-70.60024495032613,-33.47221681037745],[-70.60078411034115,-33.47220194249448]]]}},{"type":"Feature","properties":{"comuna":"Nunoa","zona":"Z-2","zona_code":"Z-2","nombre":"Z-2","decreto":""},"geometry":{"type":"Polygon","coordinates":[[[-70.59956476120811,-33.47193544044086],[-70.5995854824676,-33.47301570295354],[-70.59965510506063,-33.47300699170173],[-70.59966903014511,-33.47327704271227],[-70.59974213453359,-33.473279946227876],[-70.59974213362067,-33.473640013712135],[-70.59940446254143,-33.47362839909666],[-70.59894147094145,-33.47343094251799],[-70.59885096125598,-33.47197904663702],[-70.59956476120811,-33.47193544044086]]]}},{"type":"Feature","properties":{"comuna":"Nunoa","zona":"Z-4","zona_code":"Z-4","nombre":"Z-4","decreto":""},"geometry":{"type":"Polygon","coordinates":[[[-70.60052344249677,-33.47099952511185],[-70.6008175298375,-33.471005100248874],[-70.60100913207512,-33.47113890971239],[-70.60107374149028,-33.471813528798734],[-70.6005501774404,-33.47182839578026],[-70.60054572144634,-33.471544052997146],[-70.60069053735887,-33.47154777031427],[-70.60068608110903,-33.47124670038412],[-70.60051898670376,-33.471250417788774],[-70.60052344249677,-33.47099952511185]]]}},{"type":"Feature","properties":{"comuna":"Nunoa","zona":"Z-4","zona_code":"Z-4","nombre":"Z-4","decreto":""},"geometry":{"type":"Polygon","coordinates":[[[-70.60045214896671,-33.470988373944444],[-70.60046328798825,-33.471242983676795],[-70.60028950982274,-33.471263426764146],[-70.60030064901696,-33.47155892098998],[-70.60045883222556,-33.47155334574983],[-70.60047888384072,-33.47183582956274],[-70.59957657029747,-33.47186928213597],[-70.5995231002455,-33.471031119216114],[-70.60045214896671,-33.470988373944444]]]}},{"type":"Feature","properties":{"comuna":"Nunoa","zona":"Áreas verdes","zona_code":"Áreas verdes","nombre":"Áreas verdes","decreto":""},"geometry":{"type":"Polygon","coordinates":[[[-70.60028950982274,-33.471263426764146],[-70.60068608218486,-33.47124670037023],[-70.60069053735887,-33.47154777031427],[-70.60030064901696,-33.47155892098998],[-70.60028950982274,-33.471263426764146]]]}},{"type":"Feature","properties":{"comuna":"Nunoa","zona":"Z-2","zona_code":"Z-2","nombre":"Z-2","decreto":""},"geometry":{"type":"Polygon","coordinates":[[[-70.5995231002455,-33.471031119216114],[-70.5995765713733,-33.47186928212209],[-70.59882659249259,-33.4719035468342],[-70.59879178139934,-33.47104401195846],[-70.5995231002455,-33.471031119216114]]]}},{"type":"Feature","properties":{"comuna":"Nunoa","zona":"MH- 1","zona_code":"MH- 1","nombre":"MH- 1","decreto":""},"geometry":{"type":"Polygon","coordinates":[[[-70.61463795652004,-33.461928351561696],[-70.61471106050524,-33.462695045224564],[-70.61451263533812,-33.465703669598454],[-70.61359013210203,-33.46767257809415],[-70.61343348001927,-33.46996667794972],[-70.61228818334517,-33.469931831236245],[-70.612229003728,-33.470408066802676],[-70.60670094450798,-33.470117679150654],[-70.60699336027666,-33.46569495782617],[-70.60651644322158,-33.462477235077934],[-70.61463795652004,-33.461928351561696]]]}},{"type":"Feature","properties":{"comuna":"Nunoa","zona":"Z-4m","zona_code":"Z-4m","nombre":"Z-4m","decreto":""},"geometry":{"type":"Polygon","coordinates":[[[-70.61342703403022,-33.46996648140149],[-70.61345784799448,-33.470469047938394],[-70.612229003728,-33.470408066802676],[-70.61228818334517,-33.469931831236245],[-70.61342703403022,-33.46996648140149]]]}},{"type":"Feature","properties":{"comuna":"Nunoa","zona":"PM y AP","zona_code":"PM y AP","nombre":"PM y AP","decreto":""},"geometry":{"type":"Polygon","coordinates":[[[-70.61399742638062,-33.47054745290323],[-70.6136458301572,-33.47052712569713],[-70.6137920385959,-33.470024754950906],[-70.6139455822793,-33.46780134635499],[-70.61383008586849,-33.469879310433384],[-70.61399742638062,-33.47054745290323]]]}},{"type":"Feature","properties":{"comuna":"Nunoa","zona":"Z-4m","zona_code":"Z-4m","nombre":"Z-4m","decreto":""},"geometry":{"type":"Polygon","coordinates":[[[-70.62149581349811,-33.46977792460627],[-70.62141226611405,-33.47089881983655],[-70.618905841988,-33.47076524196406],[-70.61909730411669,-33.46964144189896],[-70.62149581349811,-33.46977792460627]]]}},{"type":"Feature","properties":{"comuna":"Nunoa","zona":"Z-4m","zona_code":"Z-4m","nombre":"Z-4m","decreto":""},"geometry":{"type":"Polygon","coordinates":[[[-70.61879444457011,-33.469629826442876],[-70.61869349167638,-33.470721684412425],[-70.61673012497462,-33.47064327971949],[-70.61686589002407,-33.469894079960554],[-70.6169598806485,-33.46988246459817],[-70.6170295037354,-33.46953399805353],[-70.61879444457011,-33.469629826442876]]]}},{"type":"Feature","properties":{"comuna":"Nunoa","zona":"Z-4m","zona_code":"Z-4m","nombre":"Z-4m","decreto":""},"geometry":{"type":"Polygon","coordinates":[[[-70.62291960251933,-33.46690012087151],[-70.62263414888288,-33.468337583271165],[-70.62240787446505,-33.470794280405066],[-70.62172208884182,-33.4709278583769],[-70.62188918293525,-33.46967919271522],[-70.62203539205855,-33.469676288947895],[-70.62204583478287,-33.46988536889525],[-70.62220944920216,-33.46987084883576],[-70.62225122232925,-33.46960078745591],[-70.6219031082322,-33.46955722866129],[-70.62198665568403,-33.468709286299614],[-70.62220944872033,-33.46873251779041],[-70.6222094488511,-33.46893288841708],[-70.6223173646937,-33.46892998416336],[-70.62232780799141,-33.46862797620161],[-70.62200057995999,-33.46859022521678],[-70.62219552457233,-33.46674040154951],[-70.62291960251933,-33.46690012087151]]]}},{"type":"Feature","properties":{"comuna":"Nunoa","zona":"Áreas verdes","zona_code":"Áreas verdes","nombre":"Áreas verdes","decreto":""},"geometry":{"type":"Polygon","coordinates":[[[-70.62313195222781,-33.46748382064513],[-70.62292656500883,-33.468186577966],[-70.6228012437309,-33.469618210749644],[-70.62268636542963,-33.469615306852354],[-70.62267592190018,-33.47002765869966],[-70.62279776232647,-33.47009154494077],[-70.62275250709781,-33.470367412925356],[-70.62240965319977,-33.47077343935086],[-70.62262487617667,-33.468439328856036],[-70.62287086667968,-33.467443164776036],[-70.62313195222781,-33.46748382064513]]]}},{"type":"Feature","properties":{"comuna":"Nunoa","zona":"Z-1A","zona_code":"Z-1A","nombre":"Z-1A","decreto":""},"geometry":{"type":"Polygon","coordinates":[[[-70.62608744540742,-33.46755351604661],[-70.6256731884444,-33.468895137390696],[-70.62510576180878,-33.46930168539632],[-70.62476460935683,-33.4687470368848],[-70.62466365676454,-33.467942645900735],[-70.62487600619592,-33.46733281355959],[-70.62608744540742,-33.46755351604661]]]}},{"type":"Feature","properties":{"comuna":"Nunoa","zona":"Z-3","zona_code":"Z-3","nombre":"Z-3","decreto":""},"geometry":{"type":"Polygon","coordinates":[[[-70.62462536440809,-33.46890384936069],[-70.62486556268222,-33.469394609950065],[-70.6241171169734,-33.47000152459459],[-70.62399179540641,-33.47000152377974],[-70.62425636228508,-33.46900258251414],[-70.62462536440809,-33.46890384936069]]]}},{"type":"Feature","properties":{"comuna":"Nunoa","zona":"Áreas verdes","zona_code":"Áreas verdes","nombre":"Áreas verdes","decreto":""},"geometry":{"type":"Polygon","coordinates":[[[-70.62453610747558,-33.46973761903013],[-70.62445813017253,-33.469784081512],[-70.62444476260873,-33.4697376187769],[-70.62453610747558,-33.46973761903013]]]}},{"type":"Feature","properties":{"comuna":"Nunoa","zona":"Áreas verdes","zona_code":"Áreas verdes","nombre":"Áreas verdes","decreto":""},"geometry":{"type":"Polygon","coordinates":[[[-70.62434758229834,-33.469782134246636],[-70.62440911520666,-33.46983426041775],[-70.62398803610729,-33.470280296955316],[-70.62410834389672,-33.470001524134275],[-70.62434758229834,-33.469782134246636]]]}},{"type":"Feature","properties":{"comuna":"Nunoa","zona":"Áreas verdes","zona_code":"Áreas verdes","nombre":"Áreas verdes","decreto":""},"geometry":{"type":"Polygon","coordinates":[[[-70.62391674160251,-33.47041224855352],[-70.62363156649245,-33.47134148180659],[-70.62347338345968,-33.47137121678644],[-70.62340654498074,-33.471332189261894],[-70.62361819934503,-33.471202097494405],[-70.6237229113133,-33.47045685220172],[-70.62391674160251,-33.47041224855352]]]}},{"type":"Feature","properties":{"comuna":"Nunoa","zona":"Z-3","zona_code":"Z-3","nombre":"Z-3","decreto":""},"geometry":{"type":"Polygon","coordinates":[[[-70.62372765811924,-33.470447350589865],[-70.62361819934503,-33.471202097494405],[-70.62340654498074,-33.471332189261894],[-70.62317261205182,-33.47113890965611],[-70.62316370072931,-33.47040667285621],[-70.62372765811924,-33.470447350589865]]]}},{"type":"Feature","properties":{"comuna":"Nunoa","zona":"Áreas verdes","zona_code":"Áreas verdes","nombre":"Áreas verdes","decreto":""},"geometry":{"type":"Polygon","coordinates":[[[-70.62293867897141,-33.47047543702757],[-70.62288520881148,-33.47107014700247],[-70.6225510191345,-33.47097722397353],[-70.62259334991484,-33.47087686638415],[-70.62293867897141,-33.47047543702757]]]}},{"type":"Feature","properties":{"comuna":"Nunoa","zona":"Áreas verdes","zona_code":"Áreas verdes","nombre":"Áreas verdes","decreto":""},"geometry":{"type":"Polygon","coordinates":[[[-70.62248195242806,-33.47087686662598],[-70.62245521801698,-33.47097722380453],[-70.62229703421713,-33.470958639218054],[-70.62237055612874,-33.47093633771336],[-70.62248195242806,-33.47087686662598]]]}},{"type":"Feature","properties":{"comuna":"Nunoa","zona":"Áreas verdes","zona_code":"Áreas verdes","nombre":"Áreas verdes","decreto":""},"geometry":{"type":"Polygon","coordinates":[[[-70.62302779662284,-33.47099952529821],[-70.62304339160087,-33.4710775806614],[-70.62309463447927,-33.47118165487976],[-70.62296318655993,-33.471129617636194],[-70.62302779662284,-33.47099952529821]]]}},{"type":"Feature","properties":{"comuna":"Nunoa","zona":"Áreas verdes","zona_code":"Áreas verdes","nombre":"Áreas verdes","decreto":""},"geometry":{"type":"Polygon","coordinates":[[[-70.62292976747838,-33.47125227624065],[-70.62361819927598,-33.47177821846654],[-70.62288075318723,-33.47132289715485],[-70.62292976747838,-33.47125227624065]]]}},{"type":"Feature","properties":{"comuna":"Nunoa","zona":"Áreas verdes","zona_code":"Áreas verdes","nombre":"Áreas verdes","decreto":""},"geometry":{"type":"Polygon","coordinates":[[[-70.62280054743609,-33.471194663415474],[-70.6227537605391,-33.47127457729503],[-70.62253765179379,-33.47117422085021],[-70.62257998229227,-33.47113705155664],[-70.62280054743609,-33.471194663415474]]]}},{"type":"Feature","properties":{"comuna":"Nunoa","zona":"Áreas verdes","zona_code":"Áreas verdes","nombre":"Áreas verdes","decreto":""},"geometry":{"type":"Polygon","coordinates":[[[-70.6223995198933,-33.4710757218289],[-70.62241288731789,-33.47119652236343],[-70.62201185884366,-33.47111475011709],[-70.6222457921294,-33.471058996126764],[-70.6223995198933,-33.4710757218289]]]}},{"type":"Feature","properties":{"comuna":"Nunoa","zona":"Áreas verdes","zona_code":"Áreas verdes","nombre":"Áreas verdes","decreto":""},"geometry":{"type":"Polygon","coordinates":[[[-70.62329013135447,-33.47266490554326],[-70.62345635133677,-33.47199937351708],[-70.62347115493179,-33.47188600759019],[-70.62354244955951,-33.47206070155336],[-70.62350011845129,-33.47234504283513],[-70.62340877306453,-33.47266097597218],[-70.62329013135447,-33.47266490554326]]]}},{"type":"Feature","properties":{"comuna":"Nunoa","zona":"Áreas verdes","zona_code":"Áreas verdes","nombre":"Áreas verdes","decreto":""},"geometry":{"type":"Polygon","coordinates":[[[-70.62325037310266,-33.47282409275173],[-70.62336198654326,-33.47285982742016],[-70.623246133949,-33.473270538747435],[-70.62312999423389,-33.47330608048834],[-70.62325037310266,-33.47282409275173]]]}},{"type":"Feature","properties":{"comuna":"Nunoa","zona":"Áreas verdes","zona_code":"Áreas verdes","nombre":"Áreas verdes","decreto":""},"geometry":{"type":"Polygon","coordinates":[[[-70.6237206840071,-33.47023569309646],[-70.62368503738595,-33.47029516394402],[-70.62342882443043,-33.47030073994222],[-70.6234243684358,-33.47023011765543],[-70.6237206840071,-33.47023569309646]]]}},{"type":"Feature","properties":{"comuna":"Nunoa","zona":"Z-4m","zona_code":"Z-4m","nombre":"Z-4m","decreto":""},"geometry":{"type":"Polygon","coordinates":[[[-70.62384990377814,-33.4697060247124],[-70.62370286052617,-33.47020409845648],[-70.6233419354053,-33.47019852339991],[-70.62336421400946,-33.47029516440165],[-70.62315924482121,-33.47029888177158],[-70.62319043610657,-33.4698100998281],[-70.62384990377814,-33.4697060247124]]]}},{"type":"Feature","properties":{"comuna":"Nunoa","zona":"Áreas verdes","zona_code":"Áreas verdes","nombre":"Áreas verdes","decreto":""},"geometry":{"type":"Polygon","coordinates":[[[-70.62344664786262,-33.469674430455974],[-70.62352016977391,-33.469750628500385],[-70.62342214112527,-33.469756203570306],[-70.62344664786262,-33.469674430455974]]]}},{"type":"Feature","properties":{"comuna":"Nunoa","zona":"Z-4m","zona_code":"Z-4m","nombre":"Z-4m","decreto":""},"geometry":{"type":"Polygon","coordinates":[[[-70.62394793304152,-33.4691521919232],[-70.62387218323488,-33.469637259792925],[-70.62336421479608,-33.46962053403031],[-70.62338203811788,-33.46974133561932],[-70.62317038405682,-33.469739477081156],[-70.62321048720177,-33.469252551569944],[-70.62394793304152,-33.4691521919232]]]}},{"type":"Feature","properties":{"comuna":"Nunoa","zona":"Áreas verdes","zona_code":"Áreas verdes","nombre":"Áreas verdes","decreto":""},"geometry":{"type":"Polygon","coordinates":[[[-70.62361374258961,-33.46913174874818],[-70.62361151466368,-33.469222815538814],[-70.62345778726416,-33.469219098327294],[-70.62346892707262,-33.46911873870516],[-70.62361374258961,-33.46913174874818]]]}},{"type":"Feature","properties":{"comuna":"Nunoa","zona":"Z-4m","zona_code":"Z-4m","nombre":"Z-4m","decreto":""},"geometry":{"type":"Polygon","coordinates":[[[-70.62405710172861,-33.468609507533145],[-70.62398580798185,-33.46907971000618],[-70.62338426570282,-33.46907971012771],[-70.62339095006445,-33.469185644928],[-70.6231926637648,-33.4691819284873],[-70.62319711972539,-33.46873216877486],[-70.62405710172861,-33.468609507533145]]]}},{"type":"Feature","properties":{"comuna":"Nunoa","zona":"Áreas verdes","zona_code":"Áreas verdes","nombre":"Áreas verdes","decreto":""},"geometry":{"type":"Polygon","coordinates":[[[-70.6235157138801,-33.46858906370998],[-70.62373627979973,-33.46864853628505],[-70.62352239738247,-33.46865225283204],[-70.6235157138801,-33.46858906370998]]]}},{"type":"Feature","properties":{"comuna":"Nunoa","zona":"Z-4m","zona_code":"Z-4m","nombre":"Z-4m","decreto":""},"geometry":{"type":"Polygon","coordinates":[[[-70.62341322892675,-33.46782892707474],[-70.62362933855523,-33.46786609835911],[-70.6239167419722,-33.46835303206011],[-70.62391005779786,-33.46853144957272],[-70.62347561160965,-33.468540742502505],[-70.62346224315712,-33.46863924380367],[-70.62323053878897,-33.46864667796708],[-70.62341322892675,-33.46782892707474]]]}},{"type":"Feature","properties":{"comuna":"Nunoa","zona":"Áreas verdes","zona_code":"Áreas verdes","nombre":"Áreas verdes","decreto":""},"geometry":{"type":"Polygon","coordinates":[[[-70.62378752232283,-33.467670951983756],[-70.62374073518845,-33.467890258906884],[-70.62337981016579,-33.46768210280282],[-70.62343105233134,-33.467591035148835],[-70.62378752232283,-33.467670951983756]]]}},{"type":"Feature","properties":{"comuna":"Nunoa","zona":"Z-4m","zona_code":"Z-4m","nombre":"Z-4m","decreto":""},"geometry":{"type":"Polygon","coordinates":[[[-70.62465864340574,-33.46731597090322],[-70.62425093163216,-33.468414363302266],[-70.62407715364296,-33.46843480622287],[-70.62379643350464,-33.467983185664416],[-70.6239033742013,-33.467624488769594],[-70.62349566234124,-33.467548288103096],[-70.62360928695188,-33.46718958954296],[-70.62465864340574,-33.46731597090322]]]}},{"type":"Feature","properties":{"comuna":"Nunoa","zona":"Z-1A","zona_code":"Z-1A","nombre":"Z-1A","decreto":""},"geometry":{"type":"Polygon","coordinates":[[[-70.62774251234215,-33.46185356991081],[-70.62757389420689,-33.462375408831015],[-70.62718226575988,-33.46229826737378],[-70.62710067599824,-33.46253422836225],[-70.6275031837483,-33.46265674691276],[-70.62623582905772,-33.46715803091427],[-70.62496847460419,-33.466944769814084],[-70.62664377550175,-33.46161760693349],[-70.62774251234215,-33.46185356991081]]]}},{"type":"Feature","properties":{"comuna":"Nunoa","zona":"ZR-1","zona_code":"ZR-1","nombre":"ZR-1","decreto":""},"geometry":{"type":"Polygon","coordinates":[[[-70.62590947167101,-33.46134987850595],[-70.62663986379307,-33.46162978333748],[-70.62557223616768,-33.46489380494609],[-70.62527307463834,-33.466109870342855],[-70.62519148517356,-33.46614616923383],[-70.62496863904656,-33.46694418327424],[-70.62476178106574,-33.466922082474056],[-70.62555047900673,-33.46419501387263],[-70.62552328162238,-33.46343722799756],[-70.62532746805086,-33.46339638926659],[-70.62590947167101,-33.46134987850595]]]}},{"type":"Feature","properties":{"comuna":"Nunoa","zona":"Z-2","zona_code":"Z-2","nombre":"Z-2","decreto":""},"geometry":{"type":"Polygon","coordinates":[[[-70.6259139636105,-33.46135159978738],[-70.62532746803403,-33.46339638836497],[-70.6255232826981,-33.463437227983455],[-70.62555047902356,-33.46419501477424],[-70.62476178106574,-33.466922082474056],[-70.62375551217512,-33.46670428282503],[-70.62521324295611,-33.46181272995158],[-70.625843764749,-33.46131847666227],[-70.6259139636105,-33.46135159978738]]]}},{"type":"Feature","properties":{"comuna":"Nunoa","zona":"Áreas verdes","zona_code":"Áreas verdes","nombre":"Áreas verdes","decreto":""},"geometry":{"type":"Polygon","coordinates":[[[-70.62757929308563,-33.46235870103127],[-70.6275304494771,-33.46252451382843],[-70.6271344070732,-33.462436677710464],[-70.62718226575988,-33.46229826737378],[-70.62757929308563,-33.46235870103127]]]}},{"type":"Feature","properties":{"comuna":"Nunoa","zona":"Áreas verdes","zona_code":"Áreas verdes","nombre":"Áreas verdes","decreto":""},"geometry":{"type":"Polygon","coordinates":[[[-70.62455922218489,-33.462326220192224],[-70.623316453655,-33.4665719692584],[-70.62294397079877,-33.466508081416656],[-70.62417629651901,-33.46223909542752],[-70.62455922218489,-33.462326220192224]]]}},{"type":"Feature","properties":{"comuna":"Nunoa","zona":"Z-4m","zona_code":"Z-4m","nombre":"Z-4m","decreto":""},"geometry":{"type":"Polygon","coordinates":[[[-70.62414148472993,-33.46105419659263],[-70.62477505349692,-33.46159146874802],[-70.62454743989224,-33.46232353837933],[-70.62399527615797,-33.46220424540457],[-70.62391521066927,-33.46284315528055],[-70.62337215164575,-33.46270956535882],[-70.62366108694863,-33.461704731169206],[-70.62362627566598,-33.461089046751745],[-70.62414148472993,-33.46105419659263]]]}},{"type":"Feature","properties":{"comuna":"Nunoa","zona":"Z-4m","zona_code":"Z-4m","nombre":"Z-4m","decreto":""},"geometry":{"type":"MultiPolygon","coordinates":[[[[-70.62389780453682,-33.46289252572366],[-70.62344873623572,-33.464460737290665],[-70.62295789547886,-33.464434600769],[-70.62342436891451,-33.46452753016698],[-70.62294400806347,-33.46650794475276],[-70.62232084522809,-33.46638901719268],[-70.62334082071501,-33.46278216882782],[-70.62389780453682,-33.46289252572366]]],[[[-70.62295143096172,-33.46650936081457],[-70.62294397079877,-33.466508081416656],[-70.62294400806347,-33.46650794475276],[-70.62295143096172,-33.46650936081457]]]]}},{"type":"Feature","properties":{"comuna":"Nunoa","zona":"Z-3A","zona_code":"Z-3A","nombre":"Z-3A","decreto":""},"geometry":{"type":"Polygon","coordinates":[[[-70.6254874346178,-33.461180703079464],[-70.62505076015054,-33.461474372746835],[-70.6249393631657,-33.461405602524124],[-70.62501956946574,-33.46102271539334],[-70.6254874346178,-33.461180703079464]]]}},{"type":"Feature","properties":{"comuna":"Nunoa","zona":"Áreas verdes","zona_code":"Áreas verdes","nombre":"Áreas verdes","decreto":""},"geometry":{"type":"Polygon","coordinates":[[[-70.62484801800007,-33.46095208596856],[-70.62473884912895,-33.46131452766527],[-70.62436010087438,-33.46099297624063],[-70.62439351961724,-33.46097624855306],[-70.62484801800007,-33.46095208596856]]]}},{"type":"Feature","properties":{"comuna":"Nunoa","zona":"Áreas verdes","zona_code":"Áreas verdes","nombre":"Áreas verdes","decreto":""},"geometry":{"type":"Polygon","coordinates":[[[-70.62562556709989,-33.46125133253391],[-70.62553867771399,-33.461390733091214],[-70.62518220768743,-33.461589609952206],[-70.62520894317358,-33.46152269820805],[-70.62562556709989,-33.46125133253391]]]}},{"type":"Feature","properties":{"comuna":"Nunoa","zona":"Áreas verdes","zona_code":"Áreas verdes","nombre":"Áreas verdes","decreto":""},"geometry":{"type":"Polygon","coordinates":[[[-70.62589300823952,-33.460685699290785],[-70.62579890011844,-33.46106873592114],[-70.62575184589798,-33.46108539032623],[-70.62584452815634,-33.46074041872876],[-70.62589300823952,-33.460685699290785]]]}},{"type":"Feature","properties":{"comuna":"Nunoa","zona":"Áreas verdes","zona_code":"Áreas verdes","nombre":"Áreas verdes","decreto":""},"geometry":{"type":"Polygon","coordinates":[[[-70.62616695449574,-33.45974765253728],[-70.62594416128546,-33.46059521797389],[-70.62589960251194,-33.460617523012196],[-70.62605555816512,-33.45991121839182],[-70.62616695449574,-33.45974765253728]]]}},{"type":"Feature","properties":{"comuna":"Nunoa","zona":"Z-3A","zona_code":"Z-3A","nombre":"Z-3A","decreto":""},"geometry":{"type":"Polygon","coordinates":[[[-70.62615010598934,-33.45910837232795],[-70.62561749014081,-33.46100772952583],[-70.62506398827931,-33.46081024502499],[-70.62551653706136,-33.459085137848426],[-70.62615010598934,-33.45910837232795]]]}},{"type":"Feature","properties":{"comuna":"Nunoa","zona":"Z-4m","zona_code":"Z-4m","nombre":"Z-4m","decreto":""},"geometry":{"type":"Polygon","coordinates":[[[-70.62519279095073,-33.45974730439883],[-70.62490385537646,-33.46078120344128],[-70.62425636298886,-33.460836382417675],[-70.62459403406949,-33.45963984795171],[-70.62519279095073,-33.45974730439883]]]}},{"type":"Feature","properties":{"comuna":"Nunoa","zona":"Z-5A","zona_code":"Z-5A","nombre":"Z-5A","decreto":""},"geometry":{"type":"Polygon","coordinates":[[[-70.62447219412522,-33.45959918882035],[-70.62414844661248,-33.46085671241357],[-70.62346614244954,-33.46090608294796],[-70.62386299323332,-33.459442359837944],[-70.62447219412522,-33.45959918882035]]]}},{"type":"Feature","properties":{"comuna":"Nunoa","zona":"Z-4m","zona_code":"Z-4m","nombre":"Z-4m","decreto":""},"geometry":{"type":"Polygon","coordinates":[[[-70.62539121566184,-33.45903576581646],[-70.62518582826955,-33.4596369434438],[-70.62389084193504,-33.45932619035175],[-70.62402312570453,-33.45887603223032],[-70.62539121566184,-33.45903576581646]]]}},{"type":"Feature","properties":{"comuna":"Nunoa","zona":"Z-3A","zona_code":"Z-3A","nombre":"Z-3A","decreto":""},"geometry":{"type":"Polygon","coordinates":[[[-70.62636245563115,-33.458263231401524],[-70.6262232100869,-33.458957350899695],[-70.62559660384568,-33.45888474418081],[-70.62578458568294,-33.45815577341665],[-70.62636245563115,-33.458263231401524]]]}},{"type":"Feature","properties":{"comuna":"Nunoa","zona":"Z-3A","zona_code":"Z-3A","nombre":"Z-3A","decreto":""},"geometry":{"type":"Polygon","coordinates":[[[-70.6255896415878,-33.45811511284737],[-70.62537381013131,-33.45883537255464],[-70.62408578671157,-33.45866111633222],[-70.62421458916184,-33.4582370925952],[-70.6244687124741,-33.4579757078649],[-70.6255896415878,-33.45811511284737]]]}},{"type":"Feature","properties":{"comuna":"Nunoa","zona":"Áreas verdes","zona_code":"Áreas verdes","nombre":"Áreas verdes","decreto":""},"geometry":{"type":"Polygon","coordinates":[[[-70.6242052492262,-33.458267841064725],[-70.6240788239133,-33.45870758497288],[-70.62397090894956,-33.45868435105213],[-70.6238769181011,-33.45859722316699],[-70.6242052492262,-33.458267841064725]]]}},{"type":"Feature","properties":{"comuna":"Nunoa","zona":"Áreas verdes","zona_code":"Áreas verdes","nombre":"Áreas verdes","decreto":""},"geometry":{"type":"Polygon","coordinates":[[[-70.62378292667425,-33.45866111624864],[-70.62393957843123,-33.45875405259486],[-70.6239117295746,-33.45884989309208],[-70.62368893548832,-33.458719201484605],[-70.62378292667425,-33.45866111624864]]]}},{"type":"Feature","properties":{"comuna":"Nunoa","zona":"Áreas verdes","zona_code":"Áreas verdes","nombre":"Áreas verdes","decreto":""},"geometry":{"type":"Polygon","coordinates":[[[-70.62367849183461,-33.458809234320235],[-70.62385951150294,-33.458939925828474],[-70.62381425700146,-33.459041573945484],[-70.62355317130822,-33.458942829588324],[-70.62367849183461,-33.458809234320235]]]}},{"type":"Feature","properties":{"comuna":"Nunoa","zona":"ZT-3","zona_code":"ZT-3","nombre":"ZT-3","decreto":""},"geometry":{"type":"Polygon","coordinates":[[[-70.62379690052737,-33.45903633624892],[-70.6232990479909,-33.46090898753726],[-70.62279428105168,-33.46094093336386],[-70.62270029017165,-33.46045012477541],[-70.62239743124748,-33.460159703884806],[-70.62355889437012,-33.458945728853095],[-70.62379690052737,-33.45903633624892]]]}},{"type":"Feature","properties":{"comuna":"Nunoa","zona":"ZT-3","zona_code":"ZT-3","nombre":"ZT-3","decreto":""},"geometry":{"type":"Polygon","coordinates":[[[-70.62231388314636,-33.46023230882469],[-70.62259585648683,-33.46042979489738],[-70.62266199804486,-33.46098740043376],[-70.62182304118127,-33.46100772940626],[-70.62171860725397,-33.46083928705528],[-70.62231388314636,-33.46023230882469]]]}},{"type":"Feature","properties":{"comuna":"Nunoa","zona":"Áreas verdes","zona_code":"Áreas verdes","nombre":"Áreas verdes","decreto":""},"geometry":{"type":"Polygon","coordinates":[[[-70.62164647847543,-33.460916770739125],[-70.62171860725397,-33.46083928705528],[-70.62182166399087,-33.46099738993091],[-70.62177569772885,-33.461009704335844],[-70.62164647847543,-33.460916770739125]]]}},{"type":"Feature","properties":{"comuna":"Nunoa","zona":"Z-3A","zona_code":"Z-3A","nombre":"Z-3A","decreto":""},"geometry":{"type":"Polygon","coordinates":[[[-70.62661922525425,-33.45741866330017],[-70.62642762294172,-33.458162162516906],[-70.62579711805715,-33.45803948607985],[-70.62599540354174,-33.457346172463126],[-70.62661922525425,-33.45741866330017]]]}},{"type":"Feature","properties":{"comuna":"Nunoa","zona":"Z-3A","zona_code":"Z-3A","nombre":"Z-3A","decreto":""},"geometry":{"type":"Polygon","coordinates":[[[-70.62581939670318,-33.45732572627619],[-70.6256010595356,-33.458028333519],[-70.62458289384863,-33.45782015389117],[-70.62515770127551,-33.45723650575349],[-70.62581939670318,-33.45732572627619]]]}},{"type":"Feature","properties":{"comuna":"Nunoa","zona":"Z-3A","zona_code":"Z-3A","nombre":"Z-3A","decreto":""},"geometry":{"type":"Polygon","coordinates":[[[-70.6270113415088,-33.456260650966385],[-70.62675958439756,-33.45721791775974],[-70.62537158198239,-33.457046912007215],[-70.6263385050429,-33.456123101488004],[-70.6270113415088,-33.456260650966385]]]}},{"type":"Feature","properties":{"comuna":"Nunoa","zona":"Z-3A","zona_code":"Z-3A","nombre":"Z-3A","decreto":""},"geometry":{"type":"Polygon","coordinates":[[[-70.62721185479633,-33.455561747343694],[-70.62704921570825,-33.456111949239926],[-70.62655238734064,-33.45592235283425],[-70.62695564253313,-33.45554687644224],[-70.62721185479633,-33.455561747343694]]]}},{"type":"Feature","properties":{"comuna":"Nunoa","zona":"Z-2","zona_code":"Z-2","nombre":"Z-2","decreto":""},"geometry":{"type":"Polygon","coordinates":[[[-70.6283153779916,-33.455750995956436],[-70.6278663104558,-33.457319336843675],[-70.62703431716075,-33.45722930290175],[-70.62752515823398,-33.45561449069945],[-70.6283153779916,-33.455750995956436]]]}},{"type":"Feature","properties":{"comuna":"Nunoa","zona":"Z-1A","zona_code":"Z-1A","nombre":"Z-1A","decreto":""},"geometry":{"type":"Polygon","coordinates":[[[-70.62786631043896,-33.45731933594207],[-70.62839196344028,-33.45550702847841],[-70.62951289272036,-33.455730665194295],[-70.62898027728338,-33.45751392503006],[-70.62786631043896,-33.45731933594207]]]}},{"type":"Feature","properties":{"comuna":"Nunoa","zona":"Áreas verdes","zona_code":"Áreas verdes","nombre":"Áreas verdes","decreto":""},"geometry":{"type":"Polygon","coordinates":[[[-70.62821094423676,-33.45534438364312],[-70.62818657663087,-33.455579637963716],[-70.62762263094154,-33.455469271906345],[-70.6276713662275,-33.45541989809015],[-70.62821094423676,-33.45534438364312]]]}},{"type":"Feature","properties":{"comuna":"Nunoa","zona":"Áreas verdes","zona_code":"Áreas verdes","nombre":"Áreas verdes","decreto":""},"geometry":{"type":"Polygon","coordinates":[[[-70.62766858152338,-33.45534055035906],[-70.6275126266589,-33.45542047907712],[-70.62742796454835,-33.45552828861278],[-70.62746806758415,-33.45534426807008],[-70.62766858152338,-33.45534055035906]]]}},{"type":"Feature","properties":{"comuna":"Nunoa","zona":"Z-2","zona_code":"Z-2","nombre":"Z-2","decreto":""},"geometry":{"type":"Polygon","coordinates":[[[-70.62744356068094,-33.45482937914829],[-70.62736558250594,-33.45500410670388],[-70.62646104166707,-33.455028271592276],[-70.62652342440978,-33.45474573185154],[-70.62744356068094,-33.45482937914829]]]}},{"type":"Feature","properties":{"comuna":"Nunoa","zona":"Áreas verdes","zona_code":"Áreas verdes","nombre":"Áreas verdes","decreto":""},"geometry":{"type":"Polygon","coordinates":[[[-70.62781936767635,-33.455146937271635],[-70.62817298562769,-33.45517548832605],[-70.62761689401228,-33.45516954087813],[-70.62781936767635,-33.455146937271635]]]}},{"type":"Feature","properties":{"comuna":"Nunoa","zona":"Áreas verdes","zona_code":"Áreas verdes","nombre":"Áreas verdes","decreto":""},"geometry":{"type":"Polygon","coordinates":[[[-70.62712068784798,-33.45520404003163],[-70.62735025409886,-33.45522069524332],[-70.62690680628651,-33.45526827992471],[-70.62712068784798,-33.45520404003163]]]}},{"type":"Feature","properties":{"comuna":"Nunoa","zona":"Áreas verdes","zona_code":"Áreas verdes","nombre":"Áreas verdes","decreto":""},"geometry":{"type":"Polygon","coordinates":[[[-70.6269021726638,-33.45532939720094],[-70.62637638017999,-33.455669557716874],[-70.62504603721396,-33.457021781727846],[-70.62649330222887,-33.45551096479474],[-70.62669862845408,-33.455350364826124],[-70.6269021726638,-33.45532939720094]]]}},{"type":"Feature","properties":{"comuna":"Nunoa","zona":"Z-3A","zona_code":"Z-3A","nombre":"Z-3A","decreto":""},"geometry":{"type":"Polygon","coordinates":[[[-70.62633182162915,-33.45531452719703],[-70.62507972343026,-33.456680734944946],[-70.6246029459297,-33.456611959922455],[-70.62488143657198,-33.455243892980214],[-70.62568572132989,-33.45519928165426],[-70.62633182162915,-33.45531452719703]]]}},{"type":"Feature","properties":{"comuna":"Nunoa","zona":"Áreas verdes","zona_code":"Áreas verdes","nombre":"Áreas verdes","decreto":""},"geometry":{"type":"Polygon","coordinates":[[[-70.62466817878516,-33.45709315823379],[-70.62451133263238,-33.457115760307246],[-70.62440296645057,-33.45705865907091],[-70.62442292833397,-33.457037245988424],[-70.62466817878516,-33.45709315823379]]]}},{"type":"Feature","properties":{"comuna":"Nunoa","zona":"Áreas verdes","zona_code":"Áreas verdes","nombre":"Áreas verdes","decreto":""},"geometry":{"type":"Polygon","coordinates":[[[-70.62468386443447,-33.45718832637295],[-70.6246296801478,-33.45724899642281],[-70.62452701704177,-33.457182378409435],[-70.62468386443447,-33.45718832637295]]]}},{"type":"Feature","properties":{"comuna":"Nunoa","zona":"Áreas verdes","zona_code":"Áreas verdes","nombre":"Áreas verdes","decreto":""},"geometry":{"type":"Polygon","coordinates":[[[-70.62480934139188,-33.45726327118836],[-70.6241320499527,-33.458051976404654],[-70.62382406000152,-33.458297032433364],[-70.62480934139188,-33.45726327118836]]]}},{"type":"Feature","properties":{"comuna":"Nunoa","zona":"Áreas verdes","zona_code":"Áreas verdes","nombre":"Áreas verdes","decreto":""},"geometry":{"type":"Polygon","coordinates":[[[-70.62330646659424,-33.458865655637645],[-70.62310541756999,-33.45916305106678],[-70.62304410549022,-33.45911070920239],[-70.62330646659424,-33.458865655637645]]]}},{"type":"Feature","properties":{"comuna":"Nunoa","zona":"Áreas verdes","zona_code":"Áreas verdes","nombre":"Áreas verdes","decreto":""},"geometry":{"type":"Polygon","coordinates":[[[-70.62357595687735,-33.45866818419597],[-70.62389963137254,-33.45837316671479],[-70.62330504091983,-33.45897271770156],[-70.62357595687735,-33.45866818419597]]]}},{"type":"Feature","properties":{"comuna":"Nunoa","zona":"Áreas verdes","zona_code":"Áreas verdes","nombre":"Áreas verdes","decreto":""},"geometry":{"type":"Polygon","coordinates":[[[-70.62290303197285,-33.4592550948651],[-70.6229743263166,-33.45929784501147],[-70.62262454101898,-33.45962126055062],[-70.62290303197285,-33.4592550948651]]]}},{"type":"Feature","properties":{"comuna":"Nunoa","zona":"Áreas verdes","zona_code":"Áreas verdes","nombre":"Áreas verdes","decreto":""},"geometry":{"type":"Polygon","coordinates":[[[-70.6226267690132,-33.45951159703474],[-70.62210097640852,-33.460098947247936],[-70.6219205132215,-33.460221621759615],[-70.62242848294663,-33.459684456948466],[-70.6226267690132,-33.45951159703474]]]}},{"type":"Feature","properties":{"comuna":"Nunoa","zona":"Áreas verdes","zona_code":"Áreas verdes","nombre":"Áreas verdes","decreto":""},"geometry":{"type":"Polygon","coordinates":[[[-70.62200294715444,-33.46025507763724],[-70.62148161049166,-33.46080339087804],[-70.62144373611606,-33.46076807655937],[-70.62178683776806,-33.460420501550594],[-70.62200294715444,-33.46025507763724]]]}},{"type":"Feature","properties":{"comuna":"Nunoa","zona":"Áreas verdes","zona_code":"Áreas verdes","nombre":"Áreas verdes","decreto":""},"geometry":{"type":"Polygon","coordinates":[[[-70.62104493594093,-33.46072532655114],[-70.62118752367023,-33.46084985824783],[-70.62105830379942,-33.460950227311415],[-70.62104493594093,-33.46072532655114]]]}},{"type":"Feature","properties":{"comuna":"Nunoa","zona":"ZT-5","zona_code":"ZT-5","nombre":"ZT-5","decreto":""},"geometry":{"type":"Polygon","coordinates":[[[-70.62310800218262,-33.46112680091319],[-70.62317261194966,-33.46176432444826],[-70.6212432223473,-33.461909299960844],[-70.62122539869854,-33.46126806093963],[-70.62310800218262,-33.46112680091319]]]}},{"type":"Feature","properties":{"comuna":"Nunoa","zona":"Áreas verdes","zona_code":"Áreas verdes","nombre":"Áreas verdes","decreto":""},"geometry":{"type":"Polygon","coordinates":[[[-70.62175012860574,-33.46122868802473],[-70.6213107719818,-33.46126165498279],[-70.62151280200679,-33.46105617198308],[-70.62174005119599,-33.461143529488844],[-70.62175012860574,-33.46122868802473]]]}},{"type":"Feature","properties":{"comuna":"Nunoa","zona":"Z-4m","zona_code":"Z-4m","nombre":"Z-4m","decreto":""},"geometry":{"type":"Polygon","coordinates":[[[-70.62095359026121,-33.46147251443721],[-70.62099146534659,-33.4621100354641],[-70.6201804980324,-33.46216021851691],[-70.62013371108816,-33.46150597019],[-70.62095359026121,-33.46147251443721]]]}},{"type":"Feature","properties":{"comuna":"Nunoa","zona":"Z-4m","zona_code":"Z-4m","nombre":"Z-4m","decreto":""},"geometry":{"type":"Polygon","coordinates":[[[-70.61994210866843,-33.46152641554641],[-70.61998221191486,-33.46181265026256],[-70.61849172418593,-33.46196134278459],[-70.61847612836696,-33.461623066717735],[-70.61994210866843,-33.46152641554641]]]}},{"type":"Feature","properties":{"comuna":"Nunoa","zona":"ZT-5","zona_code":"ZT-5","nombre":"ZT-5","decreto":""},"geometry":{"type":"Polygon","coordinates":[[[-70.61998216695301,-33.46181086973927],[-70.62002454284229,-33.4621806642824],[-70.61850286355742,-33.462282890388714],[-70.6184917252616,-33.46196134277055],[-70.61998216695301,-33.46181086973927]]]}},{"type":"Feature","properties":{"comuna":"Nunoa","zona":"ZT-5","zona_code":"ZT-5","nombre":"ZT-5","decreto":""},"geometry":{"type":"Polygon","coordinates":[[[-70.62004013751022,-33.462256868749314],[-70.62010252013272,-33.46290739425193],[-70.61858306915124,-33.463004043469006],[-70.61853851090964,-33.46236281207369],[-70.62004013751022,-33.462256868749314]]]}},{"type":"Feature","properties":{"comuna":"Nunoa","zona":"ZT-5","zona_code":"ZT-5","nombre":"ZT-5","decreto":""},"geometry":{"type":"Polygon","coordinates":[[[-70.62096695809386,-33.462225271427954],[-70.62097364259171,-33.46276985479022],[-70.62022728443331,-33.462823755587685],[-70.62018272576015,-33.46226987966714],[-70.62096695809386,-33.462225271427954]]]}},{"type":"Feature","properties":{"comuna":"Nunoa","zona":"Áreas verdes","zona_code":"Áreas verdes","nombre":"Áreas verdes","decreto":""},"geometry":{"type":"Polygon","coordinates":[[[-70.62098656379145,-33.46287445927699],[-70.62094806514672,-33.46312901855179],[-70.62025223744999,-33.4630600258013],[-70.62025794034562,-33.46290895545975],[-70.62098656379145,-33.46287445927699]]]}},{"type":"Feature","properties":{"comuna":"Nunoa","zona":"ZT-5","zona_code":"ZT-5","nombre":"ZT-5","decreto":""},"geometry":{"type":"MultiPolygon","coordinates":[[[[-70.62094756284303,-33.4631289701096],[-70.62091669655808,-33.46324202292404],[-70.62061583599882,-33.46321585333816],[-70.6205901701035,-33.4633359949857],[-70.62039910290716,-33.46332291045754],[-70.62042904602222,-33.463194442258555],[-70.62024938565533,-33.463175409602975],[-70.62027166002298,-33.46306160080065],[-70.6204646930821,-33.46303147669752],[-70.62094756284303,-33.4631289701096]]],[[[-70.62094870709824,-33.46312477787736],[-70.62094806512994,-33.46312901765018],[-70.62094756284303,-33.4631289701096],[-70.62094870709824,-33.46312477787736]]]]}},{"type":"Feature","properties":{"comuna":"Nunoa","zona":"ZT-5","zona_code":"ZT-5","nombre":"ZT-5","decreto":""},"geometry":{"type":"Polygon","coordinates":[[[-70.62021373871784,-33.46311712330357],[-70.62022657167279,-33.463295551778586],[-70.6191257944281,-33.463359785460995],[-70.61910725804964,-33.46316470423113],[-70.62021373871784,-33.46311712330357]]]}},{"type":"Feature","properties":{"comuna":"Nunoa","zona":"Áreas verdes","zona_code":"Áreas verdes","nombre":"Áreas verdes","decreto":""},"geometry":{"type":"Polygon","coordinates":[[[-70.6209112597983,-33.463411083962065],[-70.6208778414698,-33.46355605697303],[-70.62073970958156,-33.46363597700373],[-70.6203966069913,-33.4635895117339],[-70.62032308591081,-33.46387202183128],[-70.6187724436405,-33.463658280728616],[-70.61876353204892,-33.463202917000004],[-70.61911048348333,-33.46319865110243],[-70.6191257944281,-33.463359785460995],[-70.619842815739,-33.46331794429465],[-70.6209112597983,-33.463411083962065]]]}},{"type":"Feature","properties":{"comuna":"Nunoa","zona":"ZT-5","zona_code":"ZT-5","nombre":"ZT-5","decreto":""},"geometry":{"type":"MultiPolygon","coordinates":[[[[-70.620396608067,-33.46358951171983],[-70.62083773839633,-33.4636582805676],[-70.62077089993723,-33.46392220431555],[-70.62032309893874,-33.46387197025677],[-70.620396608067,-33.46358951171983]]],[[[-70.62032309893874,-33.46387197025677],[-70.62032308485188,-33.46387202274695],[-70.62031946457675,-33.46387152356874],[-70.62032309893874,-33.46387197025677]]]]}},{"type":"Feature","properties":{"comuna":"Nunoa","zona":"ZT-5","zona_code":"ZT-5","nombre":"ZT-5","decreto":""},"geometry":{"type":"Polygon","coordinates":[[[-70.62068846618345,-33.46396123571144],[-70.62026961506872,-33.46410063174166],[-70.62032085730095,-33.463894325216614],[-70.62068846618345,-33.46396123571144]]]}},{"type":"Feature","properties":{"comuna":"Nunoa","zona":"ZT-5","zona_code":"ZT-5","nombre":"ZT-5","decreto":""},"geometry":{"type":"Polygon","coordinates":[[[-70.6202629310529,-33.46389618453399],[-70.62021391674728,-33.464124793878824],[-70.61875907599483,-33.463903618242526],[-70.61881254723423,-33.46370288802695],[-70.6202629310529,-33.46389618453399]]]}},{"type":"Feature","properties":{"comuna":"Nunoa","zona":"ZT-5","zona_code":"ZT-5","nombre":"ZT-5","decreto":""},"geometry":{"type":"Polygon","coordinates":[[[-70.62255101883154,-33.4637902424935],[-70.6224240261895,-33.46440730217877],[-70.62098255365778,-33.46421214799392],[-70.6211273691271,-33.46358393624641],[-70.62255101883154,-33.4637902424935]]]}},{"type":"Feature","properties":{"comuna":"Nunoa","zona":"ZT-5","zona_code":"ZT-5","nombre":"ZT-5","decreto":""},"geometry":{"type":"Polygon","coordinates":[[[-70.62229257865049,-33.464518818532504],[-70.622107660446,-33.465360761863444],[-70.62064836397347,-33.46517861985991],[-70.62083328202425,-33.46433667484696],[-70.62229257865049,-33.464518818532504]]]}},{"type":"Feature","properties":{"comuna":"Nunoa","zona":"ZT-5","zona_code":"ZT-5","nombre":"ZT-5","decreto":""},"geometry":{"type":"Polygon","coordinates":[[[-70.62074193655664,-33.46432738204503],[-70.62059266523569,-33.465070821327195],[-70.6202317399834,-33.46502807431556],[-70.62039437924446,-33.4642734826877],[-70.62074193655664,-33.46432738204503]]]}},{"type":"Feature","properties":{"comuna":"Nunoa","zona":"ZT-5","zona_code":"ZT-5","nombre":"ZT-5","decreto":""},"geometry":{"type":"Polygon","coordinates":[[[-70.62203859412658,-33.465502013600855],[-70.62190269041243,-33.46631421040244],[-70.62045453361301,-33.466111626794635],[-70.62063499588186,-33.465336600093316],[-70.62203859412658,-33.465502013600855]]]}},{"type":"Feature","properties":{"comuna":"Nunoa","zona":"Áreas verdes","zona_code":"Áreas verdes","nombre":"Áreas verdes","decreto":""},"geometry":{"type":"Polygon","coordinates":[[[-70.62054142272534,-33.46524924612384],[-70.62045453352052,-33.46566556928628],[-70.62010920368445,-33.465611669863236],[-70.62018718144586,-33.46521393284329],[-70.62054142272534,-33.46524924612384]]]}},{"type":"Feature","properties":{"comuna":"Nunoa","zona":"ZT-5","zona_code":"ZT-5","nombre":"ZT-5","decreto":""},"geometry":{"type":"Polygon","coordinates":[[[-70.62045453350373,-33.46566556838467],[-70.6203810121063,-33.46603542498209],[-70.62003345444825,-33.46599267854767],[-70.62010920477695,-33.465611670750775],[-70.62045453350373,-33.46566556838467]]]}},{"type":"Feature","properties":{"comuna":"Nunoa","zona":"Z-1A","zona_code":"Z-1A","nombre":"Z-1A","decreto":""},"geometry":{"type":"Polygon","coordinates":[[[-70.62892283793236,-33.457751350944534],[-70.62778602631711,-33.46167205947976],[-70.62669816910216,-33.46142248256147],[-70.62781866223511,-33.457510838911986],[-70.62892283793236,-33.457751350944534]]]}},{"type":"Feature","properties":{"comuna":"Nunoa","zona":"Z-2","zona_code":"Z-2","nombre":"Z-2","decreto":""},"geometry":{"type":"Polygon","coordinates":[[[-70.62781816161454,-33.45751289353684],[-70.62773860052148,-33.457838956104325],[-70.62687070298492,-33.45767366166926],[-70.62698209980904,-33.457412273846785],[-70.62781816161454,-33.45751289353684]]]}},{"type":"Feature","properties":{"comuna":"Nunoa","zona":"ZR-1","zona_code":"ZR-1","nombre":"ZR-1","decreto":""},"geometry":{"type":"Polygon","coordinates":[[[-70.62696817530632,-33.45769399098546],[-70.62773860050463,-33.45783895520272],[-70.62670274318917,-33.46140757845314],[-70.62597256761653,-33.46114713074506],[-70.62696817530632,-33.45769399098546]]]}},{"type":"Feature","properties":{"comuna":"Nunoa","zona":"Áreas verdes","zona_code":"Áreas verdes","nombre":"Áreas verdes","decreto":""},"geometry":{"type":"Polygon","coordinates":[[[-70.62628726262167,-33.459126843190255],[-70.62622710843692,-33.4595840870511],[-70.62618700609188,-33.45959523853208],[-70.62628726262167,-33.459126843190255]]]}},{"type":"Feature","properties":{"comuna":"Nunoa","zona":"Áreas verdes","zona_code":"Áreas verdes","nombre":"Áreas verdes","decreto":""},"geometry":{"type":"Polygon","coordinates":[[[-70.6265145121658,-33.45835733039675],[-70.62640311554439,-33.458987439038516],[-70.62636078431328,-33.458978145626546],[-70.6265145121658,-33.45835733039675]]]}},{"type":"Feature","properties":{"comuna":"Nunoa","zona":"Áreas verdes","zona_code":"Áreas verdes","nombre":"Áreas verdes","decreto":""},"geometry":{"type":"Polygon","coordinates":[[[-70.62681082729446,-33.45749859022903],[-70.62663927608521,-33.4581528693911],[-70.62660362978397,-33.45816402113765],[-70.62664818783662,-33.45782201255113],[-70.62681082729446,-33.45749859022903]]]}},{"type":"Feature","properties":{"comuna":"Nunoa","zona":"Z-1A","zona_code":"Z-1A","nombre":"Z-1A","decreto":""},"geometry":{"type":"Polygon","coordinates":[[[-70.63054374733068,-33.45222394071962],[-70.63005421049131,-33.453921228419475],[-70.62934710336313,-33.45377146957811],[-70.62974961078034,-33.452396393805344],[-70.63054374733068,-33.45222394071962]]]}},{"type":"Feature","properties":{"comuna":"Nunoa","zona":"Z-1A","zona_code":"Z-1A","nombre":"Z-1A","decreto":""},"geometry":{"type":"Polygon","coordinates":[[[-70.62953203872372,-33.4524780819866],[-70.62920568117438,-33.45373970195069],[-70.62891196038214,-33.453671629546655],[-70.62922743821672,-33.45252800234302],[-70.62953203872372,-33.4524780819866]]]}},{"type":"Feature","properties":{"comuna":"Nunoa","zona":"Z-1A","zona_code":"Z-1A","nombre":"Z-1A","decreto":""},"geometry":{"type":"Polygon","coordinates":[[[-70.62996544183116,-33.454133251118144],[-70.62964517600935,-33.45525434842458],[-70.62853469118221,-33.455033615633155],[-70.62887932404789,-33.45383119134535],[-70.62979486521942,-33.45402288367121],[-70.62978094141084,-33.4541013029947],[-70.62996544183116,-33.454133251118144]]]}},{"type":"Feature","properties":{"comuna":"Nunoa","zona":"PM y AP","zona_code":"PM y AP","nombre":"PM y AP","decreto":""},"geometry":{"type":"Polygon","coordinates":[[[-70.6283391897673,-33.45492231921333],[-70.62827680696165,-33.45502269506364],[-70.62762402288335,-33.455028271526444],[-70.6276618973263,-33.45485168418838],[-70.6283391897673,-33.45492231921333]]]}},{"type":"Feature","properties":{"comuna":"Nunoa","zona":"PM y AP","zona_code":"PM y AP","nombre":"PM y AP","decreto":""},"geometry":{"type":"Polygon","coordinates":[[[-70.62900116414977,-33.45252709462622],[-70.62837803960285,-33.45475188917164],[-70.62767832855742,-33.45471994133639],[-70.62810302865638,-33.45325611345005],[-70.62870526675397,-33.4527972096072],[-70.62882014459313,-33.45258518466074],[-70.62900116414977,-33.45252709462622]]]}},{"type":"Feature","properties":{"comuna":"Nunoa","zona":"PM y AP","zona_code":"PM y AP","nombre":"PM y AP","decreto":""},"geometry":{"type":"Polygon","coordinates":[[[-70.62868089845273,-33.45257647098974],[-70.62844766183682,-33.45283206330083],[-70.62812043413228,-33.45302666179224],[-70.62826316175945,-33.452553234701966],[-70.62868089845273,-33.45257647098974]]]}},{"type":"Feature","properties":{"comuna":"Nunoa","zona":"Z-1B","zona_code":"Z-1B","nombre":"Z-1B","decreto":""},"geometry":{"type":"Polygon","coordinates":[[[-70.62806960931002,-33.45259320009966],[-70.62793593392168,-33.45303560786364],[-70.62699128966904,-33.45288689940358],[-70.62708486287332,-33.45248724526141],[-70.62806960931002,-33.45259320009966]]]}},{"type":"Feature","properties":{"comuna":"Nunoa","zona":"Z-2","zona_code":"Z-2","nombre":"Z-2","decreto":""},"geometry":{"type":"Polygon","coordinates":[[[-70.62793593392168,-33.45303560786364],[-70.62780448592686,-33.45353935472578],[-70.62685538632707,-33.4533404584754],[-70.62699129076145,-33.45288690029106],[-70.62793593392168,-33.45303560786364]]]}},{"type":"Feature","properties":{"comuna":"Nunoa","zona":"Áreas verdes","zona_code":"Áreas verdes","nombre":"Áreas verdes","decreto":""},"geometry":{"type":"Polygon","coordinates":[[[-70.62774655972795,-33.453691779424545],[-70.62772428005405,-33.453769850146976],[-70.62745915609503,-33.45371408477993],[-70.62749257474849,-33.45363229661407],[-70.62774655972795,-33.453691779424545]]]}},{"type":"Feature","properties":{"comuna":"Nunoa","zona":"Z-2","zona_code":"Z-2","nombre":"Z-2","decreto":""},"geometry":{"type":"Polygon","coordinates":[[[-70.62749166217971,-33.453634528896316],[-70.62745915609503,-33.45371408477993],[-70.62772428112964,-33.45376985013286],[-70.62747252326922,-33.45465465029298],[-70.62654347511891,-33.45454869796604],[-70.62681528311788,-33.45352634296208],[-70.62749166217971,-33.453634528896316]]]}},{"type":"Feature","properties":{"comuna":"Nunoa","zona":"Z-3A","zona_code":"Z-3A","nombre":"Z-3A","decreto":""},"geometry":{"type":"Polygon","coordinates":[[[-70.62654570351096,-33.453717802675605],[-70.62634964489274,-33.45452267492436],[-70.62592633824627,-33.45448549769478],[-70.62610011697718,-33.45370479061731],[-70.62654570351096,-33.453717802675605]]]}},{"type":"Feature","properties":{"comuna":"Nunoa","zona":"Z-3A","zona_code":"Z-3A","nombre":"Z-3A","decreto":""},"geometry":{"type":"Polygon","coordinates":[[[-70.62628949112992,-33.45471413226898],[-70.62620705760717,-33.455017118774684],[-70.62495718656305,-33.45496693058277],[-70.6250485325901,-33.45456170945264],[-70.62628949112992,-33.45471413226898]]]}},{"type":"Feature","properties":{"comuna":"Nunoa","zona":"Z-4C","zona_code":"Z-4C","nombre":"Z-4C","decreto":""},"geometry":{"type":"Polygon","coordinates":[[[-70.62487920895525,-33.45459330980962],[-70.62478563563369,-33.45499481292488],[-70.62346224330702,-33.45507659998789],[-70.62347338339262,-33.45473643853242],[-70.62398803579988,-33.45466208599409],[-70.62400585981847,-33.45458587431847],[-70.62389891801229,-33.45456914499915],[-70.62398580741886,-33.45438326347119],[-70.62487920895525,-33.45459330980962]]]}},{"type":"Feature","properties":{"comuna":"Nunoa","zona":"Z-4C","zona_code":"Z-4C","nombre":"Z-4C","decreto":""},"geometry":{"type":"Polygon","coordinates":[[[-70.62269360622182,-33.45415090982141],[-70.62381202925873,-33.45445575733513],[-70.62377638217245,-33.4545747209771],[-70.62251091600338,-33.454673238954044],[-70.62251091600851,-33.45480335572031],[-70.62333302379643,-33.45469926185048],[-70.62333970722484,-33.455132364116686],[-70.62191828619648,-33.45527735069608],[-70.62190714588195,-33.45450036883691],[-70.62269360622182,-33.45415090982141]]]}},{"type":"Feature","properties":{"comuna":"Nunoa","zona":"Z-3A","zona_code":"Z-3A","nombre":"Z-3A","decreto":""},"geometry":{"type":"Polygon","coordinates":[[[-70.62269302149856,-33.454151169987966],[-70.62190714694076,-33.45450036792122],[-70.62187595529613,-33.45453010983433],[-70.62185144781711,-33.454041239657684],[-70.62205864509238,-33.45396874500225],[-70.62269302149856,-33.454151169987966]]]}},{"type":"Feature","properties":{"comuna":"Nunoa","zona":"Z-4C","zona_code":"Z-4C","nombre":"Z-4C","decreto":""},"geometry":{"type":"Polygon","coordinates":[[[-70.62169549223569,-33.45412488658261],[-70.62177792596111,-33.45529036265194],[-70.62081991518637,-33.4554000318632],[-70.62077089985357,-33.45458215643911],[-70.62169549223569,-33.45412488658261]]]}},{"type":"Feature","properties":{"comuna":"Nunoa","zona":"Z-4C","zona_code":"Z-4C","nombre":"Z-4C","decreto":""},"geometry":{"type":"Polygon","coordinates":[[[-70.62094913508494,-33.45421039241843],[-70.62074862118327,-33.45431448632982],[-70.62073748074008,-33.454228980762124],[-70.62094913508494,-33.45421039241843]]]}},{"type":"Feature","properties":{"comuna":"Nunoa","zona":"Z-4C","zona_code":"Z-4C","nombre":"Z-4C","decreto":""},"geometry":{"type":"Polygon","coordinates":[[[-70.62051691603561,-33.45474387347315],[-70.62056370280747,-33.455444643181494],[-70.61925590529509,-33.455572899956145],[-70.619238082363,-33.455374008868134],[-70.62051691603561,-33.45474387347315]]]}},{"type":"Feature","properties":{"comuna":"Nunoa","zona":"Z-4C","zona_code":"Z-4C","nombre":"Z-4C","decreto":""},"geometry":{"type":"Polygon","coordinates":[[[-70.62048349630088,-33.454256863561795],[-70.62050800383295,-33.45446691017548],[-70.61918238423709,-33.45513979997857],[-70.61908212621996,-33.454496651435676],[-70.62048349630088,-33.454256863561795]]]}},{"type":"Feature","properties":{"comuna":"Nunoa","zona":"Z-4C","zona_code":"Z-4C","nombre":"Z-4C","decreto":""},"geometry":{"type":"Polygon","coordinates":[[[-70.61905761972368,-33.45539259635859],[-70.61906875929041,-33.455597064210764],[-70.61855410674274,-33.45566026337998],[-70.61905761972368,-33.45539259635859]]]}},{"type":"Feature","properties":{"comuna":"Nunoa","zona":"Z-4C","zona_code":"Z-4C","nombre":"Z-4C","decreto":""},"geometry":{"type":"Polygon","coordinates":[[[-70.61892171577026,-33.45452453347088],[-70.61901974443235,-33.45518255178327],[-70.61820654890347,-33.45558962917496],[-70.61806396115054,-33.454511521673],[-70.61892171577026,-33.45452453347088]]]}},{"type":"Feature","properties":{"comuna":"Nunoa","zona":"Z-1B","zona_code":"Z-1B","nombre":"Z-1B","decreto":""},"geometry":{"type":"Polygon","coordinates":[[[-70.62166875696613,-33.45380330951722],[-70.62070851835979,-33.45401521557964],[-70.62068846633493,-33.45366389690272],[-70.62166875696613,-33.45380330951722]]]}},{"type":"Feature","properties":{"comuna":"Nunoa","zona":"Z-1B","zona_code":"Z-1B","nombre":"Z-1B","decreto":""},"geometry":{"type":"Polygon","coordinates":[[[-70.62043893764866,-33.453628578845475],[-70.62046790129139,-33.45404681585793],[-70.61904425142444,-33.4542884627929],[-70.61902420092737,-33.45341295347365],[-70.62043893764866,-33.453628578845475]]]}},{"type":"Feature","properties":{"comuna":"Nunoa","zona":"Z-1B","zona_code":"Z-1B","nombre":"Z-1B","decreto":""},"geometry":{"type":"Polygon","coordinates":[[[-70.6188504213719,-33.45338507040857],[-70.61888161322233,-33.454299616071715],[-70.61801940262396,-33.45430891026045],[-70.61790577782132,-33.45326238689761],[-70.6188504213719,-33.45338507040857]]]}},{"type":"Feature","properties":{"comuna":"Nunoa","zona":"Z-3A","zona_code":"Z-3A","nombre":"Z-3A","decreto":""},"geometry":{"type":"Polygon","coordinates":[[[-70.6177297711675,-33.4539408624769],[-70.6177698739344,-33.45431076928196],[-70.61602540201189,-33.454433451434596],[-70.61604990900584,-33.45404123988789],[-70.6177297711675,-33.4539408624769]]]}},{"type":"Feature","properties":{"comuna":"Nunoa","zona":"Z-1B","zona_code":"Z-1B","nombre":"Z-1B","decreto":""},"geometry":{"type":"Polygon","coordinates":[[[-70.61762951403422,-33.4532214924694],[-70.61770972019208,-33.45383305067426],[-70.6160098065156,-33.45394643926202],[-70.61595410787181,-33.453189892292684],[-70.61762951403422,-33.4532214924694]]]}},{"type":"Feature","properties":{"comuna":"Nunoa","zona":"Z-1B","zona_code":"Z-1B","nombre":"Z-1B","decreto":""},"geometry":{"type":"Polygon","coordinates":[[[-70.61584271152839,-33.453195468492474],[-70.61590063818976,-33.45397989812515],[-70.61380638101032,-33.454130462938274],[-70.61374622667132,-33.45334045885526],[-70.61584271152839,-33.453195468492474]]]}},{"type":"Feature","properties":{"comuna":"Nunoa","zona":"Z-3A","zona_code":"Z-3A","nombre":"Z-3A","decreto":""},"geometry":{"type":"MultiPolygon","coordinates":[[[[-70.61592514476392,-33.4544427450518],[-70.61385316748166,-33.45460446281007],[-70.61380638101032,-33.454130462938274],[-70.61590056615817,-33.45397990086779],[-70.61592514476392,-33.4544427450518]]],[[[-70.61590056615817,-33.45397990086779],[-70.6159003811415,-33.4539764231173],[-70.61590063818976,-33.45397989812515],[-70.61590056615817,-33.45397990086779]]]]}},{"type":"Feature","properties":{"comuna":"Nunoa","zona":"Z-4m","zona_code":"Z-4m","nombre":"Z-4m","decreto":""},"geometry":{"type":"Polygon","coordinates":[[[-70.62161692701484,-33.468698096527156],[-70.62156085996652,-33.469668590040556],[-70.62108194718908,-33.46963546098228],[-70.62118941067072,-33.4686825058606],[-70.62161692701484,-33.468698096527156]]]}},{"type":"Feature","properties":{"comuna":"Nunoa","zona":"Z-4m","zona_code":"Z-4m","nombre":"Z-4m","decreto":""},"geometry":{"type":"Polygon","coordinates":[[[-70.62103288840449,-33.469354837247984],[-70.62101887120329,-33.46962181983715],[-70.62078291951384,-33.46960622907012],[-70.62082496989656,-33.46935093999828],[-70.62103288840449,-33.469354837247984]]]}},{"type":"Feature","properties":{"comuna":"Nunoa","zona":"Z-4m","zona_code":"Z-4m","nombre":"Z-4m","decreto":""},"geometry":{"type":"Polygon","coordinates":[[[-70.62073853196361,-33.46934509301771],[-70.62070582640068,-33.46961012674743],[-70.62019888000835,-33.46958284398353],[-70.62022457788268,-33.469323656537405],[-70.62073853196361,-33.46934509301771]]]}},{"type":"Feature","properties":{"comuna":"Nunoa","zona":"Z-4m","zona_code":"Z-4m","nombre":"Z-4m","decreto":""},"geometry":{"type":"Polygon","coordinates":[[[-70.6210842839935,-33.468674711241626],[-70.62103288794806,-33.468945592595816],[-70.62026662822218,-33.46889687343058],[-70.62027130027288,-33.46863573513399],[-70.6210842839935,-33.468674711241626]]]}},{"type":"Feature","properties":{"comuna":"Nunoa","zona":"Z-4m","zona_code":"Z-4m","nombre":"Z-4m","decreto":""},"geometry":{"type":"Polygon","coordinates":[[[-70.62101887088724,-33.46900600537162],[-70.62101186262548,-33.46928273252423],[-70.62022924968629,-33.469245705538356],[-70.6202596197893,-33.46896508097867],[-70.62101887088724,-33.46900600537162]]]}},{"type":"Feature","properties":{"comuna":"Nunoa","zona":"Áreas verdes","zona_code":"Áreas verdes","nombre":"Áreas verdes","decreto":""},"geometry":{"type":"Polygon","coordinates":[[[-70.62015215692283,-33.469315861917096],[-70.62013813979479,-33.46957894675544],[-70.62003534895308,-33.469573100237994],[-70.62005637372533,-33.469315861430466],[-70.62015215692283,-33.469315861917096]]]}},{"type":"Feature","properties":{"comuna":"Nunoa","zona":"Z-4m","zona_code":"Z-4m","nombre":"Z-4m","decreto":""},"geometry":{"type":"Polygon","coordinates":[[[-70.6200556648375,-33.46932454627608],[-70.62003538835279,-33.469572615441706],[-70.61923638324643,-33.46954776645626],[-70.61926208118905,-33.46923596203604],[-70.6200556648375,-33.46932454627608]]]}},{"type":"Feature","properties":{"comuna":"Nunoa","zona":"Z-4m","zona_code":"Z-4m","nombre":"Z-4m","decreto":""},"geometry":{"type":"Polygon","coordinates":[[[-70.61910322231181,-33.4692242693765],[-70.61908920559414,-33.46952243162865],[-70.61897239683981,-33.469518534044255],[-70.6190097759725,-33.46922037141373],[-70.61910322231181,-33.4692242693765]]]}},{"type":"Feature","properties":{"comuna":"Nunoa","zona":"Z-4m","zona_code":"Z-4m","nombre":"Z-4m","decreto":""},"geometry":{"type":"Polygon","coordinates":[[[-70.61894202734184,-33.46908395682307],[-70.61891866532,-33.46950684214822],[-70.61856356982506,-33.469497097988665],[-70.61861029300707,-33.46906446906309],[-70.61894202734184,-33.46908395682307]]]}},{"type":"Feature","properties":{"comuna":"Nunoa","zona":"Áreas verdes","zona_code":"Áreas verdes","nombre":"Áreas verdes","decreto":""},"geometry":{"type":"Polygon","coordinates":[[[-70.61860562087656,-33.46899821058371],[-70.61895604362948,-33.46905472495584],[-70.61860328422625,-33.46903133997869],[-70.61860562087656,-33.46899821058371]]]}},{"type":"Feature","properties":{"comuna":"Nunoa","zona":"Z-4m","zona_code":"Z-4m","nombre":"Z-4m","decreto":""},"geometry":{"type":"Polygon","coordinates":[[[-70.62019187123455,-33.46861040052259],[-70.62014047607171,-33.46917165191017],[-70.61982275830232,-33.46916190787763],[-70.61986247298269,-33.46860065685],[-70.62019187123455,-33.46861040052259]]]}},{"type":"Feature","properties":{"comuna":"Nunoa","zona":"Z-4m","zona_code":"Z-4m","nombre":"Z-4m","decreto":""},"geometry":{"type":"Polygon","coordinates":[[[-70.61979472501285,-33.46860455444706],[-70.61975501033801,-33.46915021556993],[-70.61901444813044,-33.469103444352626],[-70.61903313715148,-33.46857142495414],[-70.61979472501285,-33.46860455444706]]]}},{"type":"Feature","properties":{"comuna":"Nunoa","zona":"Z-4m","zona_code":"Z-4m","nombre":"Z-4m","decreto":""},"geometry":{"type":"Polygon","coordinates":[[[-70.61897006071264,-33.46854803940511],[-70.61894903534129,-33.46896897875826],[-70.61862664621735,-33.46896508059473],[-70.61865935212369,-33.468546090871584],[-70.61897006071264,-33.46854803940511]]]}},{"type":"Feature","properties":{"comuna":"Nunoa","zona":"Z-4m","zona_code":"Z-4m","nombre":"Z-4m","decreto":""},"geometry":{"type":"Polygon","coordinates":[[[-70.61858225904672,-33.468536347069],[-70.61854254388533,-33.468797484933155],[-70.61804027019635,-33.46877215050134],[-70.61807764900531,-33.46849737066517],[-70.61858225904672,-33.468536347069]]]}},{"type":"Feature","properties":{"comuna":"Nunoa","zona":"Z-4m","zona_code":"Z-4m","nombre":"Z-4m","decreto":""},"geometry":{"type":"Polygon","coordinates":[[[-70.61855422453695,-33.46885594847393],[-70.61854020849248,-33.46915216455835],[-70.61802625302899,-33.469111239464226],[-70.61805428729157,-33.46885010274998],[-70.61855422453695,-33.46885594847393]]]}},{"type":"Feature","properties":{"comuna":"Nunoa","zona":"Z-4m","zona_code":"Z-4m","nombre":"Z-4m","decreto":""},"geometry":{"type":"Polygon","coordinates":[[[-70.61852385499968,-33.469216473728736],[-70.61850750189451,-33.46948735371277],[-70.61802158089299,-33.469463969193896],[-70.6180332615477,-33.46917360043067],[-70.61852385499968,-33.469216473728736]]]}},{"type":"Feature","properties":{"comuna":"Nunoa","zona":"Z-4m","zona_code":"Z-4m","nombre":"Z-4m","decreto":""},"geometry":{"type":"Polygon","coordinates":[[[-70.61797018559228,-33.46916970286756],[-70.6179047736929,-33.46945227608333],[-70.61707310095709,-33.46940940261395],[-70.6170987994308,-33.469128778295236],[-70.61797018559228,-33.46916970286756]]]}},{"type":"Feature","properties":{"comuna":"Nunoa","zona":"Z-4m","zona_code":"Z-4m","nombre":"Z-4m","decreto":""},"geometry":{"type":"Polygon","coordinates":[[[-70.61796551359802,-33.46882866556288],[-70.6179538327558,-33.46910734214384],[-70.61713617802603,-33.4690683668007],[-70.61716888370844,-33.46879163890609],[-70.61796551359802,-33.46882866556288]]]}},{"type":"Feature","properties":{"comuna":"Nunoa","zona":"Z-4m","zona_code":"Z-4m","nombre":"Z-4m","decreto":""},"geometry":{"type":"Polygon","coordinates":[[[-70.61800289206705,-33.46850516630946],[-70.6179608412519,-33.468766304750716],[-70.6171782284801,-33.46872343076377],[-70.61719691804332,-33.46846034372548],[-70.61800289206705,-33.46850516630946]]]}},{"type":"Feature","properties":{"comuna":"Nunoa","zona":"Z-4m","zona_code":"Z-4m","nombre":"Z-4m","decreto":""},"geometry":{"type":"Polygon","coordinates":[[[-70.62165766960527,-33.467450860354795],[-70.62162178655606,-33.46776516576663],[-70.62133023442088,-33.4677514460735],[-70.62134069957459,-33.467422173756255],[-70.62165766960527,-33.467450860354795]]]}},{"type":"Feature","properties":{"comuna":"Nunoa","zona":"Z-4m","zona_code":"Z-4m","nombre":"Z-4m","decreto":""},"geometry":{"type":"Polygon","coordinates":[[[-70.62117473904128,-33.467419679651634],[-70.6211627779162,-33.467738973876656],[-70.6208233809142,-33.467732737234485],[-70.62084431366323,-33.46739972342374],[-70.62117473904128,-33.467419679651634]]]}},{"type":"Feature","properties":{"comuna":"Nunoa","zona":"Z-4m","zona_code":"Z-4m","nombre":"Z-4m","decreto":""},"geometry":{"type":"Polygon","coordinates":[[[-70.62067984770286,-33.4673884983568],[-70.6206439640627,-33.46773024255665],[-70.62031204378502,-33.46771402902332],[-70.62034344124226,-33.46737353125758],[-70.62067984770286,-33.4673884983568]]]}},{"type":"Feature","properties":{"comuna":"Nunoa","zona":"Z-4m","zona_code":"Z-4m","nombre":"Z-4m","decreto":""},"geometry":{"type":"Polygon","coordinates":[[[-70.62171738213716,-33.46786400959369],[-70.62166365029368,-33.46851491024898],[-70.62133658839846,-33.46850516607559],[-70.62138331186244,-33.46785036752552],[-70.62171738213716,-33.46786400959369]]]}},{"type":"Feature","properties":{"comuna":"Nunoa","zona":"Z-4m","zona_code":"Z-4m","nombre":"Z-4m","decreto":""},"geometry":{"type":"Polygon","coordinates":[[[-70.62122211630852,-33.46783672589775],[-70.62117305761849,-33.46849931968888],[-70.62084599581503,-33.4684895760202],[-70.62089038254919,-33.46782113554824],[-70.62122211630852,-33.46783672589775]]]}},{"type":"Feature","properties":{"comuna":"Nunoa","zona":"Z-4m","zona_code":"Z-4m","nombre":"Z-4m","decreto":""},"geometry":{"type":"Polygon","coordinates":[[[-70.62074086816303,-33.46780944267488],[-70.62068947278931,-33.46846618968892],[-70.6203530657496,-33.46847008802338],[-70.62039278063533,-33.46778995432664],[-70.62074086816303,-33.46780944267488]]]}},{"type":"Feature","properties":{"comuna":"Nunoa","zona":"Z-4m","zona_code":"Z-4m","nombre":"Z-4m","decreto":""},"geometry":{"type":"Polygon","coordinates":[[[-70.62017318180979,-33.468049146357146],[-70.62014047573004,-33.46844865060175],[-70.61988583425605,-33.46844085519905],[-70.61992554978642,-33.46802770942229],[-70.62017318180979,-33.468049146357146]]]}},{"type":"Feature","properties":{"comuna":"Nunoa","zona":"Z-4m","zona_code":"Z-4m","nombre":"Z-4m","decreto":""},"geometry":{"type":"Polygon","coordinates":[[[-70.61979472406863,-33.46801991412397],[-70.61976201840241,-33.46843890678614],[-70.61950036909307,-33.4684291631487],[-70.6195284023071,-33.46800042602149],[-70.61979472406863,-33.46801991412397]]]}},{"type":"Feature","properties":{"comuna":"Nunoa","zona":"Z-4m","zona_code":"Z-4m","nombre":"Z-4m","decreto":""},"geometry":{"type":"Polygon","coordinates":[[[-70.61939524182233,-33.46800432324481],[-70.61937421601584,-33.46842136767959],[-70.61908453237623,-33.46840187998734],[-70.61913359184152,-33.46797509122386],[-70.61939524182233,-33.46800432324481]]]}},{"type":"Feature","properties":{"comuna":"Nunoa","zona":"Z-4m","zona_code":"Z-4m","nombre":"Z-4m","decreto":""},"geometry":{"type":"Polygon","coordinates":[[[-70.61900977625706,-33.4679692452462],[-70.61898875069838,-33.46838044309713],[-70.61883690024149,-33.46837654499493],[-70.61887895038818,-33.46796924527988],[-70.61900977625706,-33.4679692452462]]]}},{"type":"Feature","properties":{"comuna":"Nunoa","zona":"Z-4m","zona_code":"Z-4m","nombre":"Z-4m","decreto":""},"geometry":{"type":"Polygon","coordinates":[[[-70.61870841102665,-33.467953654540324],[-70.6186780415315,-33.46836095496126],[-70.61830191962353,-33.46833951824325],[-70.61835798752956,-33.46792637123636],[-70.61870841102665,-33.467953654540324]]]}},{"type":"Feature","properties":{"comuna":"Nunoa","zona":"Z-4m","zona_code":"Z-4m","nombre":"Z-4m","decreto":""},"geometry":{"type":"Polygon","coordinates":[[[-70.61820146578022,-33.467881548872754],[-70.61815707854788,-33.46833562066498],[-70.61782300784425,-33.46832782548925],[-70.61787206682114,-33.46786206012177],[-70.61820146578022,-33.467881548872754]]]}},{"type":"Feature","properties":{"comuna":"Nunoa","zona":"Z-4m","zona_code":"Z-4m","nombre":"Z-4m","decreto":""},"geometry":{"type":"Polygon","coordinates":[[[-70.61772956184825,-33.46786790734739],[-70.61768283795702,-33.468306388051175],[-70.61731138955868,-33.46829664444336],[-70.61736512092132,-33.467826981877856],[-70.61772956184825,-33.46786790734739]]]}},{"type":"Feature","properties":{"comuna":"Nunoa","zona":"Áreas verdes","zona_code":"Áreas verdes","nombre":"Áreas verdes","decreto":""},"geometry":{"type":"Polygon","coordinates":[[[-70.61809636957723,-33.46787533039787],[-70.61787206682114,-33.46786206012177],[-70.61786505914623,-33.46774513221819],[-70.61811269173819,-33.46776851763025],[-70.61809636957723,-33.46787533039787]]]}},{"type":"Feature","properties":{"comuna":"Nunoa","zona":"Áreas verdes","zona_code":"Áreas verdes","nombre":"Áreas verdes","decreto":""},"geometry":{"type":"Polygon","coordinates":[[[-70.61810801914487,-33.467602868667235],[-70.61809633769475,-33.46767302557287],[-70.61786973085769,-33.46766717945303],[-70.61787907605367,-33.46759897035039],[-70.61810801914487,-33.467602868667235]]]}},{"type":"Feature","properties":{"comuna":"Nunoa","zona":"Z-4m","zona_code":"Z-4m","nombre":"Z-4m","decreto":""},"geometry":{"type":"Polygon","coordinates":[[[-70.61810801914487,-33.467602868667235],[-70.6175520140486,-33.4675638918837],[-70.61758939221082,-33.46723648956974],[-70.61816408680545,-33.46725792694464],[-70.61810801914487,-33.467602868667235]]]}},{"type":"Feature","properties":{"comuna":"Nunoa","zona":"Z-4m","zona_code":"Z-4m","nombre":"Z-4m","decreto":""},"geometry":{"type":"Polygon","coordinates":[[[-70.61901678452249,-33.46730469875077],[-70.61897473375538,-33.4678679074207],[-70.61826220579165,-33.46780944283049],[-70.61829491197223,-33.467250131391324],[-70.61901678452249,-33.46730469875077]]]}},{"type":"Feature","properties":{"comuna":"Nunoa","zona":"Z-4m","zona_code":"Z-4m","nombre":"Z-4m","decreto":""},"geometry":{"type":"Polygon","coordinates":[[[-70.62021990555837,-33.467359266060285],[-70.62018719870962,-33.46794585898158],[-70.61918498764933,-33.46790493482507],[-70.61922003034778,-33.46730859614213],[-70.62021990555837,-33.467359266060285]]]}},{"type":"Feature","properties":{"comuna":"Nunoa","zona":"Z-4m","zona_code":"Z-4m","nombre":"Z-4m","decreto":""},"geometry":{"type":"Polygon","coordinates":[[[-70.61694227607123,-33.46817387020706],[-70.6168745284236,-33.46844670213266],[-70.61656615479988,-33.468403828091205],[-70.61663156761318,-33.46813489381234],[-70.61694227607123,-33.46817387020706]]]}},{"type":"Feature","properties":{"comuna":"Nunoa","zona":"Z-4m","zona_code":"Z-4m","nombre":"Z-4m","decreto":""},"geometry":{"type":"Polygon","coordinates":[[[-70.61648906238864,-33.46816022812753],[-70.61644467443031,-33.46841552121577],[-70.61587698882909,-33.46832977443442],[-70.6159190400391,-33.468080326975546],[-70.61648906238864,-33.46816022812753]]]}},{"type":"Feature","properties":{"comuna":"Nunoa","zona":"Z-4m","zona_code":"Z-4m","nombre":"Z-4m","decreto":""},"geometry":{"type":"Polygon","coordinates":[[[-70.61582792900161,-33.4680608386996],[-70.6157718612803,-33.4683297743112],[-70.61519015887067,-33.46823623133426],[-70.615248562327,-33.46798678468314],[-70.61582792900161,-33.4680608386996]]]}},{"type":"Feature","properties":{"comuna":"Nunoa","zona":"Z-4m","zona_code":"Z-4m","nombre":"Z-4m","decreto":""},"geometry":{"type":"Polygon","coordinates":[[[-70.61512708164119,-33.46797704005302],[-70.61510605649892,-33.468253770438245],[-70.61454304241217,-33.46821869258475],[-70.61456874034626,-33.46790883223949],[-70.61512708164119,-33.46797704005302]]]}},{"type":"Feature","properties":{"comuna":"Nunoa","zona":"Z-4m","zona_code":"Z-4m","nombre":"Z-4m","decreto":""},"geometry":{"type":"Polygon","coordinates":[[[-70.61687219137947,-33.468532448667304],[-70.61675538357602,-33.46900795438868],[-70.61650541515903,-33.46895143927826],[-70.61662689477886,-33.46846813874812],[-70.61687219137947,-33.468532448667304]]]}},{"type":"Feature","properties":{"comuna":"Nunoa","zona":"Z-4m","zona_code":"Z-4m","nombre":"Z-4m","decreto":""},"geometry":{"type":"Polygon","coordinates":[[[-70.61650541551793,-33.46847398536784],[-70.61640028795776,-33.46895143969673],[-70.61624376556941,-33.46892610519533],[-70.61632085864856,-33.46844475367259],[-70.61650541551793,-33.46847398536784]]]}},{"type":"Feature","properties":{"comuna":"Nunoa","zona":"Z-4m","zona_code":"Z-4m","nombre":"Z-4m","decreto":""},"geometry":{"type":"Polygon","coordinates":[[[-70.61625544652621,-33.46843890708289],[-70.61617134415688,-33.46891831004423],[-70.61590969438495,-33.46887933420249],[-70.6160031414919,-33.46840967464026],[-70.61625544652621,-33.46843890708289]]]}},{"type":"Feature","properties":{"comuna":"Nunoa","zona":"Z-4m","zona_code":"Z-4m","nombre":"Z-4m","decreto":""},"geometry":{"type":"Polygon","coordinates":[[[-70.61589334155914,-33.4684155216767],[-70.61582092084461,-33.46886959037456],[-70.61557095184601,-33.46884035817834],[-70.61563636433779,-33.468417469690024],[-70.61589334155914,-33.4684155216767]]]}},{"type":"Feature","properties":{"comuna":"Nunoa","zona":"Z-4m","zona_code":"Z-4m","nombre":"Z-4m","decreto":""},"geometry":{"type":"Polygon","coordinates":[[[-70.61557095258154,-33.46839018717777],[-70.61549619495517,-33.468840358717934],[-70.61524389050632,-33.46881892194459],[-70.61529995800404,-33.46835705753928],[-70.61557095258154,-33.46839018717777]]]}},{"type":"Feature","properties":{"comuna":"Nunoa","zona":"Z-4m","zona_code":"Z-4m","nombre":"Z-4m","decreto":""},"geometry":{"type":"Polygon","coordinates":[[[-70.61524389011849,-33.46836680117587],[-70.61515511600633,-33.468809177649455],[-70.61494252580837,-33.46878969007049],[-70.61495654300886,-33.46832003002242],[-70.61524389011849,-33.46836680117587]]]}},{"type":"Feature","properties":{"comuna":"Nunoa","zona":"Z-4m","zona_code":"Z-4m","nombre":"Z-4m","decreto":""},"geometry":{"type":"Polygon","coordinates":[[[-70.61482805381054,-33.46835316007394],[-70.61481870916111,-33.468711737856424],[-70.61448931161458,-33.468707840860105],[-70.6145453786307,-33.46835121108661],[-70.61482805381054,-33.46835316007394]]]}},{"type":"Feature","properties":{"comuna":"Nunoa","zona":"Z-4m","zona_code":"Z-4m","nombre":"Z-4m","decreto":""},"geometry":{"type":"Polygon","coordinates":[[[-70.61444258774058,-33.46828690067062],[-70.61439586469005,-33.46870004531485],[-70.61409450026662,-33.46868640397481],[-70.61412253466423,-33.46825182196809],[-70.61444258774058,-33.46828690067062]]]}},{"type":"Feature","properties":{"comuna":"Nunoa","zona":"Z-4m","zona_code":"Z-4m","nombre":"Z-4m","decreto":""},"geometry":{"type":"Polygon","coordinates":[[[-70.61439586497777,-33.468750713637135],[-70.61435147830977,-33.469245705704644],[-70.61405244995757,-33.469237910178464],[-70.61407347475627,-33.4687175843746],[-70.61439586497777,-33.468750713637135]]]}},{"type":"Feature","properties":{"comuna":"Nunoa","zona":"Z-4m","zona_code":"Z-4m","nombre":"Z-4m","decreto":""},"geometry":{"type":"Polygon","coordinates":[[[-70.6148000206056,-33.468764355947634],[-70.61477198589877,-33.469253500437205],[-70.61451968142647,-33.46924180826546],[-70.61455939629207,-33.46874097004167],[-70.6148000206056,-33.468764355947634]]]}},{"type":"Feature","properties":{"comuna":"Nunoa","zona":"Z-4m","zona_code":"Z-4m","nombre":"Z-4m","decreto":""},"geometry":{"type":"Polygon","coordinates":[[[-70.61475796940141,-33.46930611806707],[-70.61473694431137,-33.469600382605385],[-70.61447763095777,-33.4695867417519],[-70.6145103364626,-33.46930611763689],[-70.61475796940141,-33.46930611806707]]]}},{"type":"Feature","properties":{"comuna":"Nunoa","zona":"Z-4m","zona_code":"Z-4m","nombre":"Z-4m","decreto":""},"geometry":{"type":"Polygon","coordinates":[[[-70.61435614988814,-33.46930027129792],[-70.61432811594192,-33.46960038255815],[-70.6140150713795,-33.469580895165954],[-70.6140477769693,-33.469292476644],[-70.61435614988814,-33.46930027129792]]]}},{"type":"Feature","properties":{"comuna":"Nunoa","zona":"Z-4m","zona_code":"Z-4m","nombre":"Z-4m","decreto":""},"geometry":{"type":"Polygon","coordinates":[[[-70.61473227106522,-33.46966274359139],[-70.61471358220942,-33.470167474283535],[-70.61447062170673,-33.470155781156286],[-70.61448463875456,-33.46964130756319],[-70.61473227106522,-33.46966274359139]]]}},{"type":"Feature","properties":{"comuna":"Nunoa","zona":"Z-4m","zona_code":"Z-4m","nombre":"Z-4m","decreto":""},"geometry":{"type":"Polygon","coordinates":[[[-70.61431877203428,-33.46964520429378],[-70.6142720488358,-33.47014798604818],[-70.61399404572259,-33.470140191618675],[-70.61401974402533,-33.4696393584606],[-70.61431877203428,-33.46964520429378]]]}},{"type":"Feature","properties":{"comuna":"Nunoa","zona":"Z-4m","zona_code":"Z-4m","nombre":"Z-4m","decreto":""},"geometry":{"type":"Polygon","coordinates":[[[-70.61435147803341,-33.47018111534829],[-70.61432344357802,-33.47043055556064],[-70.61415290427851,-33.47042471008798],[-70.61418093840125,-33.47019280776367],[-70.61435147803341,-33.47018111534829]]]}},{"type":"Feature","properties":{"comuna":"Nunoa","zona":"Z-4m","zona_code":"Z-4m","nombre":"Z-4m","decreto":""},"geometry":{"type":"Polygon","coordinates":[[[-70.61473227208725,-33.470225936167964],[-70.61469956554089,-33.47049876220299],[-70.61438184750483,-33.47048901871598],[-70.61440520992014,-33.470214243875894],[-70.61473227208725,-33.470225936167964]]]}},{"type":"Feature","properties":{"comuna":"Nunoa","zona":"Z-4m","zona_code":"Z-4m","nombre":"Z-4m","decreto":""},"geometry":{"type":"Polygon","coordinates":[[[-70.61515277992567,-33.47003300965005],[-70.61512474607804,-33.4705065569738],[-70.61481870992463,-33.47050071066713],[-70.61485375164325,-33.47001741889986],[-70.61515277992567,-33.47003300965005]]]}},{"type":"Feature","properties":{"comuna":"Nunoa","zona":"Z-4m","zona_code":"Z-4m","nombre":"Z-4m","decreto":""},"geometry":{"type":"Polygon","coordinates":[[[-70.61556627963967,-33.47005639447327],[-70.61553357371264,-33.470539686585326],[-70.61520183908215,-33.47051824995081],[-70.61526024285456,-33.470031060735124],[-70.61556627963967,-33.47005639447327]]]}},{"type":"Feature","properties":{"comuna":"Nunoa","zona":"Z-4m","zona_code":"Z-4m","nombre":"Z-4m","decreto":""},"geometry":{"type":"Polygon","coordinates":[[[-70.61605687320534,-33.470097318704596],[-70.61601715799992,-33.47055137846424],[-70.6156900958402,-33.47054358368304],[-70.61574149143864,-33.47009342092169],[-70.61605687320534,-33.470097318704596]]]}},{"type":"Feature","properties":{"comuna":"Nunoa","zona":"Z-4m","zona_code":"Z-4m","nombre":"Z-4m","decreto":""},"geometry":{"type":"Polygon","coordinates":[[[-70.61648438926946,-33.47014603759887],[-70.61644000238692,-33.47059230256805],[-70.61610359607367,-33.47057671271337],[-70.61620405102136,-33.4701070627229],[-70.61648438926946,-33.47014603759887]]]}},{"type":"Feature","properties":{"comuna":"Nunoa","zona":"Z-4m","zona_code":"Z-4m","nombre":"Z-4m","decreto":""},"geometry":{"type":"Polygon","coordinates":[[[-70.61663390346204,-33.46962181985032],[-70.61653578519719,-33.470097318710394],[-70.6162717988329,-33.47005834351993],[-70.6163932792731,-33.469578946351014],[-70.61663390346204,-33.46962181985032]]]}},{"type":"Feature","properties":{"comuna":"Nunoa","zona":"Z-4m","zona_code":"Z-4m","nombre":"Z-4m","decreto":""},"geometry":{"type":"Polygon","coordinates":[[[-70.61609191567221,-33.46953022700803],[-70.61601248559438,-33.47002131700002],[-70.61575317182735,-33.46999793189184],[-70.61582792899348,-33.46950684164261],[-70.61609191567221,-33.46953022700803]]]}},{"type":"Feature","properties":{"comuna":"Nunoa","zona":"Z-4m","zona_code":"Z-4m","nombre":"Z-4m","decreto":""},"geometry":{"type":"Polygon","coordinates":[[[-70.61561300276466,-33.46948345644104],[-70.61557328863182,-33.46971146300385],[-70.61543078225695,-33.46970366750484],[-70.615477505811,-33.469452276292564],[-70.61561300276466,-33.46948345644104]]]}},{"type":"Feature","properties":{"comuna":"Nunoa","zona":"Z-4m","zona_code":"Z-4m","nombre":"Z-4m","decreto":""},"geometry":{"type":"Polygon","coordinates":[[[-70.61536536971491,-33.469462020374635],[-70.6153583618933,-33.46972315578208],[-70.61561300336854,-33.46974264361943],[-70.61558029708412,-33.47000767535411],[-70.61482104510817,-33.469910237140525],[-70.6148630960128,-33.46944642998647],[-70.61536536971491,-33.469462020374635]]]}},{"type":"Feature","properties":{"comuna":"Nunoa","zona":"Z-4m","zona_code":"Z-4m","nombre":"Z-4m","decreto":""},"geometry":{"type":"Polygon","coordinates":[[[-70.61677640890194,-33.4690859055535],[-70.61665025723426,-33.46956335655317],[-70.61640262425148,-33.46953412446261],[-70.61651709554326,-33.469046929387275],[-70.61677640890194,-33.4690859055535]]]}},{"type":"Feature","properties":{"comuna":"Nunoa","zona":"Áreas verdes","zona_code":"Áreas verdes","nombre":"Áreas verdes","decreto":""},"geometry":{"type":"Polygon","coordinates":[[[-70.61643533040883,-33.46901964692193],[-70.61627413503302,-33.46979136207395],[-70.61611994942115,-33.46978161843166],[-70.61624142951429,-33.46898846640725],[-70.61643533040883,-33.46901964692193]]]}},{"type":"Feature","properties":{"comuna":"Nunoa","zona":"Z-4m","zona_code":"Z-4m","nombre":"Z-4m","decreto":""},"geometry":{"type":"Polygon","coordinates":[[[-70.61617134467171,-33.46900405674969],[-70.61608023426622,-33.46947760977508],[-70.61584428196116,-33.46944448075183],[-70.61593305638918,-33.46894559261694],[-70.61617134467171,-33.46900405674969]]]}},{"type":"Feature","properties":{"comuna":"Nunoa","zona":"Z-4m","zona_code":"Z-4m","nombre":"Z-4m","decreto":""},"geometry":{"type":"Polygon","coordinates":[[[-70.61580223127204,-33.468914412315335],[-70.61572513893888,-33.46945812223216],[-70.61547049775967,-33.46942109585412],[-70.61554525444366,-33.46890272000834],[-70.61580223127204,-33.468914412315335]]]}},{"type":"Feature","properties":{"comuna":"Nunoa","zona":"Z-4m","zona_code":"Z-4m","nombre":"Z-4m","decreto":""},"geometry":{"type":"Polygon","coordinates":[[[-70.61547984121687,-33.468910514081585],[-70.61540742142601,-33.469403556841456],[-70.61489580236865,-33.46938406894699],[-70.61490748359233,-33.468871539408376],[-70.61547984121687,-33.468910514081585]]]}},{"type":"Feature","properties":{"comuna":"Nunoa","zona":"Z-4m","zona_code":"Z-4m","nombre":"Z-4m","decreto":""},"geometry":{"type":"Polygon","coordinates":[[[-70.61446604354079,-33.46788240641933],[-70.61442866493506,-33.46821042932803],[-70.61411019936715,-33.46819421509911],[-70.61413711265239,-33.467863697935776],[-70.61446604354079,-33.46788240641933]]]}},{"type":"Feature","properties":{"comuna":"Nunoa","zona":"ZT-5","zona_code":"ZT-5","nombre":"ZT-5","decreto":""},"geometry":{"type":"Polygon","coordinates":[[[-70.62295196324466,-33.462829416363796],[-70.62270742499061,-33.463663170843674],[-70.62113121443865,-33.46347025473261],[-70.62128006434257,-33.46258106231238],[-70.62295196324466,-33.462829416363796]]]}},{"type":"Feature","properties":{"comuna":"Nunoa","zona":"ZT-5","zona_code":"ZT-5","nombre":"ZT-5","decreto":""},"geometry":{"type":"Polygon","coordinates":[[[-70.62313536725827,-33.46204665502279],[-70.62295462191916,-33.462700804369746],[-70.62125880013745,-33.46247462445257],[-70.62123487730453,-33.46203556765351],[-70.62247617611432,-33.461940217200315],[-70.62313536725827,-33.46204665502279]]]}},{"type":"Feature","properties":{"comuna":"Nunoa","zona":"ZT-5","zona_code":"ZT-5","nombre":"ZT-5","decreto":""},"geometry":{"type":"Polygon","coordinates":[[[-70.62014774374842,-33.464244133863865],[-70.62000421049072,-33.465108917824026],[-70.61857153348919,-33.46490935328053],[-70.6187363305793,-33.46405343663732],[-70.62014774374842,-33.464244133863865]]]}},{"type":"Feature","properties":{"comuna":"Nunoa","zona":"ZT-5","zona_code":"ZT-5","nombre":"ZT-5","decreto":""},"geometry":{"type":"Polygon","coordinates":[[[-70.61998294574707,-33.46519317849864],[-70.61981814899544,-33.4660402143782],[-70.61839876184621,-33.46586282532663],[-70.618560900956,-33.46500470084055],[-70.61998294574707,-33.46519317849864]]]}},{"type":"Feature","properties":{"comuna":"Nunoa","zona":"ZT-5","zona_code":"ZT-5","nombre":"ZT-5","decreto":""},"geometry":{"type":"Polygon","coordinates":[[[-70.61830573062664,-33.46515991797051],[-70.61818346137353,-33.46583621716834],[-70.61752958596944,-33.46576082688742],[-70.6176412237109,-33.46508230962783],[-70.61830573062664,-33.46515991797051]]]}},{"type":"Feature","properties":{"comuna":"Nunoa","zona":"ZT-5","zona_code":"ZT-5","nombre":"ZT-5","decreto":""},"geometry":{"type":"Polygon","coordinates":[[[-70.61834942173529,-33.462454806625566],[-70.6184657105134,-33.46366400274665],[-70.61856538686548,-33.46368825529554],[-70.61829958355608,-33.465049879602795],[-70.61764338360621,-33.464942475502234],[-70.61759354520011,-33.462520636987726],[-70.61834942173529,-33.462454806625566]]]}},{"type":"Feature","properties":{"comuna":"Nunoa","zona":"ZT-5","zona_code":"ZT-5","nombre":"ZT-5","decreto":""},"geometry":{"type":"Polygon","coordinates":[[[-70.61832965321437,-33.46164972820784],[-70.61832433683978,-33.46239257882665],[-70.61535797812047,-33.462592149834045],[-70.61522507566696,-33.462521190870945],[-70.61519849574157,-33.46186260589162],[-70.61832965321437,-33.46164972820784]]]}},{"type":"Feature","properties":{"comuna":"Nunoa","zona":"ZI-1","zona_code":"ZI-1","nombre":"ZI-1","decreto":""},"geometry":{"type":"Polygon","coordinates":[[[-70.61753540097618,-33.462544890265725],[-70.61756862589023,-33.464564825798355],[-70.617456490355,-33.465732416428786],[-70.61508087858456,-33.465444851323134],[-70.61523454516285,-33.46277702909474],[-70.61536329345518,-33.46266615679522],[-70.61753540097618,-33.462544890265725]]]}},{"type":"Feature","properties":{"comuna":"Nunoa","zona":"Z-4m","zona_code":"Z-4m","nombre":"Z-4m","decreto":""},"geometry":{"type":"Polygon","coordinates":[[[-70.621851539543,-33.46667216034751],[-70.62184622333452,-33.46686728615274],[-70.62121627137634,-33.46679854833807],[-70.621256141367,-33.4665945528644],[-70.621851539543,-33.46667216034751]]]}},{"type":"Feature","properties":{"comuna":"Nunoa","zona":"Z-4m","zona_code":"Z-4m","nombre":"Z-4m","decreto":""},"geometry":{"type":"Polygon","coordinates":[[[-70.62109665951645,-33.46659677069712],[-70.62104881546736,-33.46679854822017],[-70.62084414701835,-33.466776375238396],[-70.62086541197718,-33.4665812491748],[-70.62109665951645,-33.46659677069712]]]}},{"type":"Feature","properties":{"comuna":"Nunoa","zona":"Z-4m","zona_code":"Z-4m","nombre":"Z-4m","decreto":""},"geometry":{"type":"Polygon","coordinates":[[[-70.62114982015852,-33.466865068820915],[-70.62113918852558,-33.467199886871164],[-70.620926546586,-33.46718214801555],[-70.62098236500174,-33.466834025899935],[-70.62114982015852,-33.466865068820915]]]}},{"type":"Feature","properties":{"comuna":"Nunoa","zona":"Z-4m","zona_code":"Z-4m","nombre":"Z-4m","decreto":""},"geometry":{"type":"Polygon","coordinates":[[[-70.62183027515641,-33.46693824140533],[-70.62182230201903,-33.46721762542651],[-70.62129601153836,-33.467179930534],[-70.62130398648205,-33.4668894594266],[-70.62183027515641,-33.46693824140533]]]}},{"type":"Feature","properties":{"comuna":"Nunoa","zona":"Z-4m","zona_code":"Z-4m","nombre":"Z-4m","decreto":""},"geometry":{"type":"Polygon","coordinates":[[[-70.62068732333478,-33.466532467080974],[-70.62065808481805,-33.46673424556025],[-70.62006002869337,-33.46665885580881],[-70.62011584777495,-33.46644820770723],[-70.62068732333478,-33.466532467080974]]]}},{"type":"Feature","properties":{"comuna":"Nunoa","zona":"Áreas verdes","zona_code":"Áreas verdes","nombre":"Áreas verdes","decreto":""},"geometry":{"type":"Polygon","coordinates":[[[-70.62075111665708,-33.4668295912532],[-70.62074048469343,-33.46695819742601],[-70.62019558805547,-33.466942675391174],[-70.62020090488879,-33.4668052007228],[-70.62075111665708,-33.4668295912532]]]}},{"type":"Feature","properties":{"comuna":"Nunoa","zona":"Z-4m","zona_code":"Z-4m","nombre":"Z-4m","decreto":""},"geometry":{"type":"Polygon","coordinates":[[[-70.62074048361767,-33.46695819744008],[-70.62075908997006,-33.467091237004595],[-70.62014774368454,-33.46707349860715],[-70.62016103386806,-33.46693602341877],[-70.62074048361767,-33.46695819744008]]]}},{"type":"Feature","properties":{"comuna":"Nunoa","zona":"Z-4m","zona_code":"Z-4m","nombre":"Z-4m","decreto":""},"geometry":{"type":"Polygon","coordinates":[[[-70.6200361062446,-33.466738680860175],[-70.61998294590836,-33.46721984245763],[-70.61981017428599,-33.467210973050165],[-70.6198580189159,-33.46671650688329],[-70.6200361062446,-33.466738680860175]]]}},{"type":"Feature","properties":{"comuna":"Nunoa","zona":"Z-4m","zona_code":"Z-4m","nombre":"Z-4m","decreto":""},"geometry":{"type":"Polygon","coordinates":[[[-70.6196719572629,-33.4666610737465],[-70.61965866677136,-33.466971501422606],[-70.61945931480257,-33.46696263168084],[-70.61949121063462,-33.466654421079596],[-70.6196719572629,-33.4666610737465]]]}},{"type":"Feature","properties":{"comuna":"Nunoa","zona":"Z-4m","zona_code":"Z-4m","nombre":"Z-4m","decreto":""},"geometry":{"type":"Polygon","coordinates":[[[-70.61991915365411,-33.46643933821076],[-70.61987396733723,-33.466663290803524],[-70.61965335074665,-33.46662781310683],[-70.61969322070097,-33.46640164392975],[-70.61991915365411,-33.46643933821076]]]}},{"type":"Feature","properties":{"comuna":"Nunoa","zona":"Z-4m","zona_code":"Z-4m","nombre":"Z-4m","decreto":""},"geometry":{"type":"Polygon","coordinates":[[[-70.6195656363157,-33.46637060105412],[-70.61952576563374,-33.46654798853805],[-70.61886125804246,-33.46645042500454],[-70.61890112918887,-33.466295210946875],[-70.6195656363157,-33.46637060105412]]]}},{"type":"Feature","properties":{"comuna":"Nunoa","zona":"Z-4m","zona_code":"Z-4m","nombre":"Z-4m","decreto":""},"geometry":{"type":"Polygon","coordinates":[[[-70.61876291120797,-33.466286341400895],[-70.61872569854414,-33.46649698942618],[-70.61841470993927,-33.466470381521525],[-70.61844129037549,-33.466246428870285],[-70.61876291120797,-33.466286341400895]]]}},{"type":"Feature","properties":{"comuna":"Nunoa","zona":"Z-4m","zona_code":"Z-4m","nombre":"Z-4m","decreto":""},"geometry":{"type":"Polygon","coordinates":[[[-70.6186220356838,-33.466561292727086],[-70.61857950729998,-33.467113410608185],[-70.61832433657527,-33.467104541151926],[-70.61838015583193,-33.46654133675429],[-70.6186220356838,-33.466561292727086]]]}},{"type":"Feature","properties":{"comuna":"Nunoa","zona":"Z-4m","zona_code":"Z-4m","nombre":"Z-4m","decreto":""},"geometry":{"type":"Polygon","coordinates":[[[-70.61943539208205,-33.466652204193736],[-70.6193795742568,-33.46717549583344],[-70.61872569909814,-33.46713114937538],[-70.61875759554971,-33.46657903144764],[-70.61943539208205,-33.466652204193736]]]}},{"type":"Feature","properties":{"comuna":"Nunoa","zona":"Z-4m","zona_code":"Z-4m","nombre":"Z-4m","decreto":""},"geometry":{"type":"Polygon","coordinates":[[[-70.61821801580498,-33.46621316842558],[-70.61821801587585,-33.46641051274908],[-70.61718670067982,-33.466286340903636],[-70.61722391360172,-33.466082344252634],[-70.61821801580498,-33.46621316842558]]]}},{"type":"Feature","properties":{"comuna":"Nunoa","zona":"Áreas verdes","zona_code":"Áreas verdes","nombre":"Áreas verdes","decreto":""},"geometry":{"type":"Polygon","coordinates":[[[-70.61790702603173,-33.46664111756777],[-70.61789373593616,-33.46679633153609],[-70.61752161235677,-33.46679854828804],[-70.61753224413008,-33.466634465294554],[-70.61790702603173,-33.46664111756777]]]}},{"type":"Feature","properties":{"comuna":"Nunoa","zona":"Z-4m","zona_code":"Z-4m","nombre":"Z-4m","decreto":""},"geometry":{"type":"Polygon","coordinates":[[[-70.61717341069058,-33.46640386110868],[-70.61821269873624,-33.46650142421315],[-70.61816219708602,-33.46707128135204],[-70.6173275765205,-33.46700919635787],[-70.61730365395128,-33.46716219164685],[-70.61703519287869,-33.46712671408458],[-70.61717341069058,-33.46640386110868]],[[-70.61789373593616,-33.46679633153609],[-70.61790702710748,-33.46664111755372],[-70.61753224413008,-33.466634465294554],[-70.61752161237352,-33.46679854918965],[-70.61789373593616,-33.46679633153609]]]}},{"type":"Feature","properties":{"comuna":"Nunoa","zona":"Áreas verdes","zona_code":"Áreas verdes","nombre":"Áreas verdes","decreto":""},"geometry":{"type":"Polygon","coordinates":[[[-70.61743371317597,-33.467017091951824],[-70.61805853428203,-33.46710675816474],[-70.61743123935575,-33.467073498412105],[-70.61743371317597,-33.467017091951824]]]}},{"type":"Feature","properties":{"comuna":"Nunoa","zona":"Áreas verdes","zona_code":"Áreas verdes","nombre":"Áreas verdes","decreto":""},"geometry":{"type":"Polygon","coordinates":[[[-70.61810623530673,-33.467255769377],[-70.61766457857578,-33.467239294083704],[-70.61767046140963,-33.467159974570876],[-70.61810903679353,-33.467184364842645],[-70.61810623530673,-33.467255769377]]]}},{"type":"Feature","properties":{"comuna":"Nunoa","zona":"Áreas verdes","zona_code":"Áreas verdes","nombre":"Áreas verdes","decreto":""},"geometry":{"type":"Polygon","coordinates":[[[-70.61760666969941,-33.46715332293789],[-70.61755578313675,-33.46753087095702],[-70.61734884006401,-33.467534702666285],[-70.61744718737296,-33.467137801646444],[-70.61760666969941,-33.46715332293789]]]}},{"type":"Feature","properties":{"comuna":"Nunoa","zona":"Z-4m","zona_code":"Z-4m","nombre":"Z-4m","decreto":""},"geometry":{"type":"Polygon","coordinates":[[[-70.61715746283818,-33.46734623071624],[-70.61704316750142,-33.46798481849324],[-70.61672951972409,-33.467936037230636],[-70.61685444773214,-33.467308536040676],[-70.61715746283818,-33.46734623071624]]]}},{"type":"Feature","properties":{"comuna":"Nunoa","zona":"Z-4m","zona_code":"Z-4m","nombre":"Z-4m","decreto":""},"geometry":{"type":"Polygon","coordinates":[[[-70.61678268009896,-33.46729079725327],[-70.61665775312416,-33.467938254921265],[-70.61631486732513,-33.46789390861781],[-70.61644776915324,-33.4672641890044],[-70.61678268009896,-33.46729079725327]]]}},{"type":"Feature","properties":{"comuna":"Nunoa","zona":"Z-4m","zona_code":"Z-4m","nombre":"Z-4m","decreto":""},"geometry":{"type":"Polygon","coordinates":[[[-70.6163467642554,-33.4672486674183],[-70.61624310037655,-33.467876169516586],[-70.6159055308671,-33.467842910159014],[-70.61603045878223,-33.46720210411986],[-70.6163467642554,-33.4672486674183]]]}},{"type":"Feature","properties":{"comuna":"Nunoa","zona":"Z-4m","zona_code":"Z-4m","nombre":"Z-4m","decreto":""},"geometry":{"type":"Polygon","coordinates":[[[-70.6157726299208,-33.46717327864803],[-70.61565301897761,-33.46780521600781],[-70.61535266175338,-33.46775865232309],[-70.61546961434159,-33.46713114898376],[-70.6157726299208,-33.46717327864803]]]}},{"type":"Feature","properties":{"comuna":"Nunoa","zona":"Z-4m","zona_code":"Z-4m","nombre":"Z-4m","decreto":""},"geometry":{"type":"Polygon","coordinates":[[[-70.61537126779585,-33.467117845613885],[-70.61524634074625,-33.46776086956256],[-70.61492206088606,-33.46770765359665],[-70.61502572388267,-33.46708458492943],[-70.61537126779585,-33.467117845613885]]]}},{"type":"Feature","properties":{"comuna":"Nunoa","zona":"Áreas verdes","zona_code":"Áreas verdes","nombre":"Áreas verdes","decreto":""},"geometry":{"type":"Polygon","coordinates":[[[-70.61536063526972,-33.46688059048574],[-70.61535531907431,-33.467024716952594],[-70.6150204076997,-33.466991457445154],[-70.61506293643507,-33.46680963570283],[-70.61536063526972,-33.46688059048574]]]}},{"type":"Feature","properties":{"comuna":"Nunoa","zona":"Áreas verdes","zona_code":"Áreas verdes","nombre":"Áreas verdes","decreto":""},"geometry":{"type":"Polygon","coordinates":[[[-70.61497256312762,-33.46703580426364],[-70.6148423196357,-33.467736478885094],[-70.61457917553633,-33.467692133004384],[-70.61488484832867,-33.4670468907966],[-70.61497256312762,-33.46703580426364]]]}},{"type":"Feature","properties":{"comuna":"Nunoa","zona":"Z-4m","zona_code":"Z-4m","nombre":"Z-4m","decreto":""},"geometry":{"type":"Polygon","coordinates":[[[-70.61500977539545,-33.466698768666],[-70.614552594698,-33.467674394023994],[-70.6143931130132,-33.467638916744484],[-70.61464031023591,-33.46704910746812],[-70.61446487968713,-33.46699145736267],[-70.61464296796142,-33.46659455303294],[-70.61500977539545,-33.466698768666]]]}},{"type":"Feature","properties":{"comuna":"Nunoa","zona":"Z-4m","zona_code":"Z-4m","nombre":"Z-4m","decreto":""},"geometry":{"type":"Polygon","coordinates":[[[-70.6170298770154,-33.46604021482096],[-70.61695013591844,-33.46646594687692],[-70.61662585675437,-33.46641273078041],[-70.61668699202511,-33.465986998116016],[-70.6170298770154,-33.46604021482096]]]}},{"type":"Feature","properties":{"comuna":"Nunoa","zona":"Z-4m","zona_code":"Z-4m","nombre":"Z-4m","decreto":""},"geometry":{"type":"Polygon","coordinates":[[[-70.61652219339729,-33.4659892153655],[-70.61646637513981,-33.46639942668655],[-70.61613677995875,-33.46636394906097],[-70.61620323033839,-33.46592491204858],[-70.61652219339729,-33.4659892153655]]]}},{"type":"Feature","properties":{"comuna":"Nunoa","zona":"Z-4m","zona_code":"Z-4m","nombre":"Z-4m","decreto":""},"geometry":{"type":"Polygon","coordinates":[[[-70.61604374911659,-33.46589830361444],[-70.61595337635647,-33.46634842752101],[-70.61563441228591,-33.466301862639035],[-70.61571149554953,-33.465867260406014],[-70.61604374911659,-33.46589830361444]]]}},{"type":"Feature","properties":{"comuna":"Nunoa","zona":"Z-4m","zona_code":"Z-4m","nombre":"Z-4m","decreto":""},"geometry":{"type":"Polygon","coordinates":[[[-70.61688900222121,-33.466554641148186],[-70.61678268045559,-33.467219842310435],[-70.61644776860972,-33.46717549600889],[-70.61656472179547,-33.466519162974585],[-70.61688900222121,-33.466554641148186]]]}},{"type":"Feature","properties":{"comuna":"Nunoa","zona":"Z-4m","zona_code":"Z-4m","nombre":"Z-4m","decreto":""},"geometry":{"type":"Polygon","coordinates":[[[-70.6163972660919,-33.46648368584253],[-70.61628828741244,-33.467142236049064],[-70.61596400824241,-33.46710675902745],[-70.61608096152119,-33.466457077366385],[-70.6163972660919,-33.46648368584253]]]}},{"type":"Feature","properties":{"comuna":"Nunoa","zona":"Z-4m","zona_code":"Z-4m","nombre":"Z-4m","decreto":""},"geometry":{"type":"Polygon","coordinates":[[[-70.61590818980575,-33.46642381704182],[-70.61579655265626,-33.46709788954537],[-70.6154722730437,-33.46705576025076],[-70.61555998748054,-33.46639942587299],[-70.61590818980575,-33.46642381704182]]]}},{"type":"Feature","properties":{"comuna":"Nunoa","zona":"Z-4m","zona_code":"Z-4m","nombre":"Z-4m","decreto":""},"geometry":{"type":"Polygon","coordinates":[[[-70.61545366691887,-33.46594486800177],[-70.61513204519768,-33.46666107329165],[-70.61466954882103,-33.4664947720076],[-70.61499382776566,-33.465802956545666],[-70.61545366691887,-33.46594486800177]]]}},{"type":"Feature","properties":{"comuna":"Nunoa","zona":"Z-4m","zona_code":"Z-4m","nombre":"Z-4m","decreto":""},"geometry":{"type":"Polygon","coordinates":[[[-70.60635523680872,-33.46879191588],[-70.60629410257363,-33.47021318743579],[-70.60457435840169,-33.470133366098864],[-70.6046328345887,-33.46889169360909],[-70.60635523680872,-33.46879191588]]]}},{"type":"Feature","properties":{"comuna":"Nunoa","zona":"Z-3A","zona_code":"Z-3A","nombre":"Z-3A","decreto":""},"geometry":{"type":"Polygon","coordinates":[[[-70.60442019248936,-33.46969656588063],[-70.60439095375843,-33.470128931786945],[-70.60381947783956,-33.47012671442254],[-70.60384605844511,-33.46968769683541],[-70.60442019248936,-33.46969656588063]]]}},{"type":"Feature","properties":{"comuna":"Nunoa","zona":"Z-4m","zona_code":"Z-4m","nombre":"Z-4m","decreto":""},"geometry":{"type":"Polygon","coordinates":[[[-70.60372910513433,-33.469638917078676],[-70.60370252536362,-33.47011784513237],[-70.60118271461964,-33.47002915527556],[-70.60123853328588,-33.46910233615193],[-70.60447601170398,-33.46891164969483],[-70.60443614121047,-33.469534704572006],[-70.60135017065602,-33.46946596915061],[-70.60135017067078,-33.469536922473104],[-70.60372910513433,-33.469638917078676]]]}},{"type":"Feature","properties":{"comuna":"Nunoa","zona":"Z-3A","zona_code":"Z-3A","nombre":"Z-3A","decreto":""},"geometry":{"type":"Polygon","coordinates":[[[-70.60069845497378,-33.47077331944996],[-70.600644464305,-33.46911730255014],[-70.6012385332693,-33.46910233525033],[-70.60116946870863,-33.47078743486395],[-70.60069845497378,-33.47077331944996]]]}},{"type":"Feature","properties":{"comuna":"Nunoa","zona":"Z-3A","zona_code":"Z-3A","nombre":"Z-3A","decreto":""},"geometry":{"type":"Polygon","coordinates":[[[-70.60035374192545,-33.46913462511408],[-70.60046587761187,-33.47078717681871],[-70.59951895517261,-33.47084607287077],[-70.59947327051415,-33.4691727346541],[-70.60035374192545,-33.46913462511408]]]}},{"type":"Feature","properties":{"comuna":"Nunoa","zona":"Z-2","zona_code":"Z-2","nombre":"Z-2","decreto":""},"geometry":{"type":"Polygon","coordinates":[[[-70.59947434461914,-33.46917268742376],[-70.59951895517261,-33.47084607287077],[-70.59874231246164,-33.47086685961513],[-70.59868832147929,-33.469190056766976],[-70.59947434461914,-33.46917268742376]]]}},{"type":"Feature","properties":{"comuna":"Nunoa","zona":"Z-2","zona_code":"Z-2","nombre":"Z-2","decreto":""},"geometry":{"type":"Polygon","coordinates":[[[-70.59832284304615,-33.46920737934414],[-70.59835606823455,-33.470000746145956],[-70.59741329814335,-33.47008389391355],[-70.59837268097381,-33.4700734999332],[-70.5984059058132,-33.47085993062928],[-70.59658266457403,-33.47094654151006],[-70.59650375499618,-33.469266275773776],[-70.59688584637294,-33.46925588248912],[-70.59689830542018,-33.46971665966663],[-70.59702290087607,-33.46971665938964],[-70.59698552193393,-33.46925241837255],[-70.5972014872305,-33.46924548951321],[-70.59722640595352,-33.470000746035105],[-70.59731362283446,-33.470004211354976],[-70.5972928565395,-33.46923509520953],[-70.59832284304615,-33.46920737934414]]]}},{"type":"Feature","properties":{"comuna":"Nunoa","zona":"Áreas verdes","zona_code":"Áreas verdes","nombre":"Áreas verdes","decreto":""},"geometry":{"type":"Polygon","coordinates":[[[-70.59700668505263,-33.4691751373798],[-70.5972255195736,-33.46920964853386],[-70.5970110401222,-33.46921691450997],[-70.59700668505263,-33.4691751373798]]]}},{"type":"Feature","properties":{"comuna":"Nunoa","zona":"Áreas verdes","zona_code":"Áreas verdes","nombre":"Áreas verdes","decreto":""},"geometry":{"type":"Polygon","coordinates":[[[-70.59654288639007,-33.46919057696388],[-70.59690869901898,-33.46922417994284],[-70.59654397485997,-33.46923326195428],[-70.59654288639007,-33.46919057696388]]]}},{"type":"Feature","properties":{"comuna":"Nunoa","zona":"MH- 3","zona_code":"MH- 3","nombre":"MH- 3","decreto":""},"geometry":{"type":"Polygon","coordinates":[[[-70.62469961648404,-33.45522699516506],[-70.6245916349384,-33.45578833313436],[-70.62371531589412,-33.45585763343255],[-70.62365717099328,-33.455355201819344],[-70.62469961648404,-33.45522699516506]]]}},{"type":"Feature","properties":{"comuna":"Nunoa","zona":"MH- 3","zona_code":"MH- 3","nombre":"MH- 3","decreto":""},"geometry":{"type":"Polygon","coordinates":[[[-70.62453764282048,-33.45591653944933],[-70.62443796692237,-33.456356596954514],[-70.62374854067218,-33.456425897527],[-70.62373608142754,-33.45601009508449],[-70.62380253254575,-33.45596504942485],[-70.62453764282048,-33.45591653944933]]]}},{"type":"Feature","properties":{"comuna":"Nunoa","zona":"MH- 3","zona_code":"MH- 3","nombre":"MH- 3","decreto":""},"geometry":{"type":"Polygon","coordinates":[[[-70.62360317981145,-33.45599623432742],[-70.62361979246509,-33.45641550222729],[-70.62253996862228,-33.456543707749574],[-70.62251089703919,-33.45620760160594],[-70.62263133896795,-33.45620067084649],[-70.62263964463297,-33.456089790509765],[-70.62360317981145,-33.45599623432742]]]}},{"type":"Feature","properties":{"comuna":"Nunoa","zona":"MH- 3","zona_code":"MH- 3","nombre":"MH- 3","decreto":""},"geometry":{"type":"Polygon","coordinates":[[[-70.62356995445596,-33.45536906270471],[-70.62361148659414,-33.45590267895597],[-70.62240291403053,-33.45603088491948],[-70.62241122033943,-33.456554102853794],[-70.62202497637026,-33.456581822529174],[-70.62195437257866,-33.45552845448964],[-70.62356995445596,-33.45536906270471]]]}},{"type":"Feature","properties":{"comuna":"Nunoa","zona":"MH- 3","zona_code":"MH- 3","nombre":"MH- 3","decreto":""},"geometry":{"type":"Polygon","coordinates":[[[-70.62179655209206,-33.45556657008506],[-70.62185054346251,-33.45660607715758],[-70.62087870193642,-33.45670656252069],[-70.62082886348045,-33.45637045689032],[-70.62124418046065,-33.456280366277305],[-70.62086208916578,-33.456304621790146],[-70.62081225130137,-33.455680916542654],[-70.62179655209206,-33.45556657008506]]]}},{"type":"Feature","properties":{"comuna":"Nunoa","zona":"MH- 3","zona_code":"MH- 3","nombre":"MH- 3","decreto":""},"geometry":{"type":"Polygon","coordinates":[[[-70.62440474213498,-33.456585287809844],[-70.62430506579757,-33.45696643687357],[-70.62204574244113,-33.45713968621513],[-70.62207066089377,-33.456768932219475],[-70.62440474213498,-33.456585287809844]]]}},{"type":"Feature","properties":{"comuna":"Nunoa","zona":"MH- 3","zona_code":"MH- 3","nombre":"MH- 3","decreto":""},"geometry":{"type":"Polygon","coordinates":[[[-70.62183393019136,-33.45681051273669],[-70.62185884911962,-33.45722631116615],[-70.62088285461984,-33.45730254041171],[-70.62089946730195,-33.45690406745509],[-70.62183393019136,-33.45681051273669]]]}},{"type":"Feature","properties":{"comuna":"Nunoa","zona":"MH- 3","zona_code":"MH- 3","nombre":"MH- 3","decreto":""},"geometry":{"type":"Polygon","coordinates":[[[-70.6206461239556,-33.4569387168639],[-70.62067934974009,-33.45735105040065],[-70.61954138133902,-33.45745846450868],[-70.61948739050803,-33.45705306189581],[-70.6206461239556,-33.4569387168639]]]}},{"type":"Feature","properties":{"comuna":"Nunoa","zona":"MH- 3","zona_code":"MH- 3","nombre":"MH- 3","decreto":""},"geometry":{"type":"Polygon","coordinates":[[[-70.62057967392464,-33.45570863692532],[-70.62066273690037,-33.456730817479716],[-70.61944170502039,-33.45683130200572],[-70.6192880377225,-33.45583684333265],[-70.62057967392464,-33.45570863692532]]]}},{"type":"Feature","properties":{"comuna":"Nunoa","zona":"MH- 3","zona_code":"MH- 3","nombre":"MH- 3","decreto":""},"geometry":{"type":"Polygon","coordinates":[[[-70.61912191152267,-33.45585416866501],[-70.61928388506756,-33.45687634770594],[-70.61832865632967,-33.456956042538316],[-70.61818744848887,-33.45604474506835],[-70.61834942154796,-33.45590960880669],[-70.61912191152267,-33.45585416866501]]]}},{"type":"Feature","properties":{"comuna":"Nunoa","zona":"MH- 3","zona_code":"MH- 3","nombre":"MH- 3","decreto":""},"geometry":{"type":"Polygon","coordinates":[[[-70.61805039426706,-33.45595465401085],[-70.61818744814417,-33.45696297239625],[-70.61736096792139,-33.45705306163804],[-70.61772229314114,-33.45637045660711],[-70.617776284362,-33.45603434984889],[-70.61805039426706,-33.45595465401085]]]}},{"type":"Feature","properties":{"comuna":"Nunoa","zona":"MH- 3","zona_code":"MH- 3","nombre":"MH- 3","decreto":""},"geometry":{"type":"Polygon","coordinates":[[[-70.61933372297617,-33.457042666676294],[-70.61936279545381,-33.45747232404853],[-70.6184117199185,-33.45752429814709],[-70.61839926017434,-33.45712929189589],[-70.61933372297617,-33.457042666676294]]]}},{"type":"Feature","properties":{"comuna":"Nunoa","zona":"MH- 3","zona_code":"MH- 3","nombre":"MH- 3","decreto":""},"geometry":{"type":"Polygon","coordinates":[[[-70.61823728590089,-33.45715701136848],[-70.61825389854557,-33.45758320279207],[-70.6170494796865,-33.45769754717854],[-70.61727375109223,-33.457240170391806],[-70.61823728590089,-33.45715701136848]]]}},{"type":"Feature","properties":{"comuna":"Nunoa","zona":"MH- 3","zona_code":"MH- 3","nombre":"MH- 3","decreto":""},"geometry":{"type":"Polygon","coordinates":[[[-70.62420954240848,-33.45717087140412],[-70.6245251831832,-33.457309470029855],[-70.62287637583614,-33.45902115162593],[-70.62271855516047,-33.458813256951316],[-70.62214541782899,-33.4588513707122],[-70.62209142707526,-33.45738569970925],[-70.62420954240848,-33.45717087140412]]]}},{"type":"Feature","properties":{"comuna":"Nunoa","zona":"MH- 3","zona_code":"MH- 3","nombre":"MH- 3","decreto":""},"geometry":{"type":"Polygon","coordinates":[[[-70.62190038082602,-33.45739262947191],[-70.62198344400828,-33.4588479062729],[-70.62100744998823,-33.45897610735762],[-70.62091608022963,-33.457496578984156],[-70.62190038082602,-33.45739262947191]]]}},{"type":"Feature","properties":{"comuna":"Nunoa","zona":"MH- 3","zona_code":"MH- 3","nombre":"MH- 3","decreto":""},"geometry":{"type":"Polygon","coordinates":[[[-70.62069180930018,-33.45752776317148],[-70.62071672763508,-33.457770310663435],[-70.62043015986012,-33.45780842513786],[-70.6204301593141,-33.457877724374434],[-70.62072088166659,-33.45782575037899],[-70.62077902568079,-33.45899689659066],[-70.61978226553515,-33.459104309130566],[-70.61956214699082,-33.45765943181137],[-70.62069180930018,-33.45752776317148]]]}},{"type":"Feature","properties":{"comuna":"Nunoa","zona":"MH- 3","zona_code":"MH- 3","nombre":"MH- 3","decreto":""},"geometry":{"type":"Polygon","coordinates":[[[-70.61937940739716,-33.457652502582846],[-70.61962859820179,-33.4591077736439],[-70.61871074710197,-33.45922558076392],[-70.61844909786682,-33.457732196670555],[-70.61937940739716,-33.457652502582846]]]}},{"type":"Feature","properties":{"comuna":"Nunoa","zona":"MH- 3","zona_code":"MH- 3","nombre":"MH- 3","decreto":""},"geometry":{"type":"Polygon","coordinates":[[[-70.61830789042358,-33.45774259150421],[-70.61853216082095,-33.45923597524631],[-70.61798394325321,-33.45929487877892],[-70.61773890623219,-33.45784307502961],[-70.61830789042358,-33.45774259150421]]]}},{"type":"Feature","properties":{"comuna":"Nunoa","zona":"ZT-3","zona_code":"ZT-3","nombre":"ZT-3","decreto":""},"geometry":{"type":"Polygon","coordinates":[[[-70.6225506017155,-33.459019765754064],[-70.62266755468994,-33.45918164599685],[-70.62278184932305,-33.45919051617057],[-70.62204823344729,-33.45989125474979],[-70.62174521844662,-33.45968946048821],[-70.62098236517363,-33.45960741144619],[-70.62097970643725,-33.45916390532529],[-70.6225506017155,-33.459019765754064]]]}},{"type":"Feature","properties":{"comuna":"Nunoa","zona":"Áreas verdes","zona_code":"Áreas verdes","nombre":"Áreas verdes","decreto":""},"geometry":{"type":"MultiPolygon","coordinates":[[[[-70.62270742541294,-33.45915060074517],[-70.6225745235989,-33.459101814771685],[-70.62259518019371,-33.459045805061855],[-70.62270742541294,-33.45915060074517]]],[[[-70.62259518019371,-33.459045805061855],[-70.62259016740595,-33.459041123459734],[-70.62259578753311,-33.45904415848931],[-70.62259518019371,-33.459045805061855]]]]}},{"type":"Feature","properties":{"comuna":"Nunoa","zona":"ZT-3","zona_code":"ZT-3","nombre":"ZT-3","decreto":""},"geometry":{"type":"Polygon","coordinates":[[[-70.62195786112802,-33.45998439049949],[-70.62134119840574,-33.46061416276502],[-70.62113918797407,-33.46056759504926],[-70.62105147364969,-33.45975598568984],[-70.62168142644923,-33.459798118631014],[-70.62195786112802,-33.45998439049949]]]}},{"type":"Feature","properties":{"comuna":"Nunoa","zona":"MH- 3","zona_code":"MH- 3","nombre":"MH- 3","decreto":""},"geometry":{"type":"Polygon","coordinates":[[[-70.6208080974096,-33.459204791037266],[-70.62089531417128,-33.46102730896871],[-70.62047999755069,-33.46108621170653],[-70.62048415020311,-33.460961477840684],[-70.62003976115142,-33.46091643478313],[-70.61981964396811,-33.45932259798842],[-70.6208080974096,-33.459204791037266]]]}},{"type":"Feature","properties":{"comuna":"Nunoa","zona":"MH- 3","zona_code":"MH- 3","nombre":"MH- 3","decreto":""},"geometry":{"type":"Polygon","coordinates":[[[-70.6195912196537,-33.45930527286566],[-70.61991516685265,-33.461148577812295],[-70.61901392846411,-33.461193620974065],[-70.61873151381943,-33.459419614904164],[-70.6195912196537,-33.45930527286566]]]}},{"type":"Feature","properties":{"comuna":"Nunoa","zona":"MH- 3","zona_code":"MH- 3","nombre":"MH- 3","decreto":""},"geometry":{"type":"Polygon","coordinates":[[[-70.61857419123088,-33.45944109750222],[-70.61871240918263,-33.460381324844036],[-70.61814093275365,-33.46043010959842],[-70.61798145160809,-33.459509840604206],[-70.61857419123088,-33.45944109750222]]]}},{"type":"Feature","properties":{"comuna":"Nunoa","zona":"MH- 3","zona_code":"MH- 3","nombre":"MH- 3","decreto":""},"geometry":{"type":"Polygon","coordinates":[[[-70.6172664413893,-33.459560843818515],[-70.61787247166275,-33.459536451236396],[-70.6179761355651,-33.460443414769315],[-70.61738339504451,-33.46051215693763],[-70.6172664413893,-33.459560843818515]]]}},{"type":"Feature","properties":{"comuna":"Nunoa","zona":"MH- 3","zona_code":"MH- 3","nombre":"MH- 3","decreto":""},"geometry":{"type":"Polygon","coordinates":[[[-70.61709366944359,-33.45958745372219],[-70.6172106234875,-33.460523244746426],[-70.616593960109,-33.46058977017005],[-70.61649295510739,-33.45964954448773],[-70.61709366944359,-33.45958745372219]]]}},{"type":"Feature","properties":{"comuna":"Nunoa","zona":"MH- 3","zona_code":"MH- 3","nombre":"MH- 3","decreto":""},"geometry":{"type":"Polygon","coordinates":[[[-70.61631486761225,-33.45965841511487],[-70.61645840088923,-33.46058533447811],[-70.61541113768176,-33.46071838488263],[-70.61595071792239,-33.459696112442906],[-70.61631486761225,-33.45965841511487]]]}},{"type":"Feature","properties":{"comuna":"Nunoa","zona":"MH- 3","zona_code":"MH- 3","nombre":"MH- 3","decreto":""},"geometry":{"type":"Polygon","coordinates":[[[-70.61871506735172,-33.46049885252334],[-70.61882138776548,-33.46121288553084],[-70.61821269991853,-33.4612483650428],[-70.61813295837887,-33.46055207242477],[-70.61871506735172,-33.46049885252334]]]}},{"type":"Feature","properties":{"comuna":"Nunoa","zona":"MH- 3","zona_code":"MH- 3","nombre":"MH- 3","decreto":""},"geometry":{"type":"Polygon","coordinates":[[[-70.61795221319592,-33.46055650705911],[-70.61807182380493,-33.46126167008369],[-70.61747110952403,-33.461308237170876],[-70.61737807868711,-33.46064520730357],[-70.61795221319592,-33.46055650705911]]]}},{"type":"Feature","properties":{"comuna":"Nunoa","zona":"MH- 3","zona_code":"MH- 3","nombre":"MH- 3","decreto":""},"geometry":{"type":"Polygon","coordinates":[[[-70.61720530674266,-33.46064742472445],[-70.61732757665622,-33.46132154176961],[-70.6166869917918,-33.46134815200291],[-70.61663117327527,-33.460705079656115],[-70.61720530674266,-33.46064742472445]]]}},{"type":"Feature","properties":{"comuna":"Nunoa","zona":"MH- 3","zona_code":"MH- 3","nombre":"MH- 3","decreto":""},"geometry":{"type":"Polygon","coordinates":[[[-70.61643979445559,-33.4607206025971],[-70.61651156118555,-33.46137032636457],[-70.61514001883522,-33.46145680799699],[-70.61537126743609,-33.460840346648695],[-70.61643979445559,-33.4607206025971]]]}},{"type":"Feature","properties":{"comuna":"Nunoa","zona":"MH- 3","zona_code":"MH- 3","nombre":"MH- 3","decreto":""},"geometry":{"type":"Polygon","coordinates":[[[-70.61759869469344,-33.457824502831755],[-70.61770501593257,-33.45846759579108],[-70.61668433386626,-33.458558516140855],[-70.61658332835822,-33.45850085929339],[-70.61689697577147,-33.45787550699692],[-70.61759869469344,-33.457824502831755]]]}},{"type":"Feature","properties":{"comuna":"Nunoa","zona":"MH- 3","zona_code":"MH- 3","nombre":"MH- 3","decreto":""},"geometry":{"type":"Polygon","coordinates":[[[-70.61769970006742,-33.458538557961624],[-70.61784323333151,-33.459292522883494],[-70.61610222528059,-33.4594965354667],[-70.61653814191146,-33.458618389735264],[-70.61769970006742,-33.458538557961624]]]}},{"type":"Feature","properties":{"comuna":"Nunoa","zona":"MH- 3","zona_code":"MH- 3","nombre":"MH- 3","decreto":""},"geometry":{"type":"Polygon","coordinates":[[[-70.61663383095437,-33.45790211817549],[-70.61580186870805,-33.459514275464706],[-70.61563441282472,-33.45953423338853],[-70.6154058224713,-33.45803073631652],[-70.61663383095437,-33.45790211817549]]]}},{"type":"Feature","properties":{"comuna":"Nunoa","zona":"MH- 3","zona_code":"MH- 3","nombre":"MH- 3","decreto":""},"geometry":{"type":"Polygon","coordinates":[[[-70.61524899828765,-33.4580706523911],[-70.61546961489552,-33.45955862591147],[-70.61458183333656,-33.459651762289894],[-70.61438513884704,-33.45813717983226],[-70.61524899828765,-33.4580706523911]]]}},{"type":"Feature","properties":{"comuna":"Nunoa","zona":"MH- 3","zona_code":"MH- 3","nombre":"MH- 3","decreto":""},"geometry":{"type":"Polygon","coordinates":[[[-70.61417781266726,-33.4581527030859],[-70.61440108705057,-33.45968280742476],[-70.61374455410365,-33.45972494017944],[-70.61354520201427,-33.458217011996226],[-70.61417781266726,-33.4581527030859]]]}},{"type":"Feature","properties":{"comuna":"Nunoa","zona":"MH- 3","zona_code":"MH- 3","nombre":"MH- 3","decreto":""},"geometry":{"type":"Polygon","coordinates":[[[-70.61339901096622,-33.45824584001393],[-70.6136169694707,-33.459749332732216],[-70.61292588184338,-33.45982694619625],[-70.61273184643078,-33.45831458425259],[-70.61339901096622,-33.45824584001393]]]}},{"type":"Feature","properties":{"comuna":"Nunoa","zona":"MH- 3","zona_code":"MH- 3","nombre":"MH- 3","decreto":""},"geometry":{"type":"Polygon","coordinates":[[[-70.61256438991585,-33.458307932218254],[-70.61279032243884,-33.459804771081735],[-70.61206999651294,-33.459915647265284],[-70.61186267054049,-33.45841215744359],[-70.61256438991585,-33.458307932218254]]]}},{"type":"Feature","properties":{"comuna":"Nunoa","zona":"MH- 3","zona_code":"MH- 3","nombre":"MH- 3","decreto":""},"geometry":{"type":"Polygon","coordinates":[[[-70.61168989930228,-33.458396634400856],[-70.6119211476878,-33.459884602293414],[-70.61119550619073,-33.45998439051625],[-70.61091907056665,-33.45849420638477],[-70.61168989930228,-33.458396634400856]]]}},{"type":"Feature","properties":{"comuna":"Nunoa","zona":"MH- 3","zona_code":"MH- 3","nombre":"MH- 3","decreto":""},"geometry":{"type":"Polygon","coordinates":[[[-70.61079945969362,-33.458487554197504],[-70.61091907052457,-33.4591572527805],[-70.60997547105781,-33.45925925938988],[-70.60988509812059,-33.458596214319385],[-70.61079945969362,-33.458487554197504]]]}},{"type":"Feature","properties":{"comuna":"Nunoa","zona":"MH- 3","zona_code":"MH- 3","nombre":"MH- 3","decreto":""},"geometry":{"type":"Polygon","coordinates":[[[-70.61087920001178,-33.45929695763877],[-70.61103336620458,-33.4599821728991],[-70.6102572224615,-33.46007752573693],[-70.61016684906859,-33.45934352589676],[-70.61087920001178,-33.45929695763877]]]}},{"type":"Feature","properties":{"comuna":"Nunoa","zona":"MH- 3","zona_code":"MH- 3","nombre":"MH- 3","decreto":""},"geometry":{"type":"Polygon","coordinates":[[[-70.61192912148285,-33.460119658880664],[-70.612014178368,-33.46078269179849],[-70.611942411983,-33.460827041953856],[-70.61041670368836,-33.46095343952801],[-70.61032367286177,-33.46026601431468],[-70.61192912148285,-33.460119658880664]]]}},{"type":"Feature","properties":{"comuna":"Nunoa","zona":"MH- 3","zona_code":"MH- 3","nombre":"MH- 3","decreto":""},"geometry":{"type":"Polygon","coordinates":[[[-70.61045840162559,-33.46108274684808],[-70.61206152478289,-33.46098573173582],[-70.61212382192221,-33.461661370456866],[-70.61055392481481,-33.46170294771204],[-70.61045840162559,-33.46108274684808]]]}},{"type":"Feature","properties":{"comuna":"Nunoa","zona":"MH- 3","zona_code":"MH- 3","nombre":"MH- 3","decreto":""},"geometry":{"type":"Polygon","coordinates":[[[-70.61280494167359,-33.459998249718694],[-70.61300844697227,-33.46158168007524],[-70.61229410174369,-33.46164751110744],[-70.61209059636865,-33.460109125782566],[-70.61280494167359,-33.459998249718694]]]}},{"type":"Feature","properties":{"comuna":"Nunoa","zona":"MH- 3","zona_code":"MH- 3","nombre":"MH- 3","decreto":""},"geometry":{"type":"Polygon","coordinates":[[[-70.61364388200299,-33.45995320621356],[-70.61389722513945,-33.46155049644517],[-70.61315380804352,-33.46160246837339],[-70.61293784311084,-33.46004675765893],[-70.61364388200299,-33.45995320621356]]]}},{"type":"Feature","properties":{"comuna":"Nunoa","zona":"MH- 3","zona_code":"MH- 3","nombre":"MH- 3","decreto":""},"geometry":{"type":"Polygon","coordinates":[[[-70.61446205631339,-33.45985618995172],[-70.61459495711887,-33.46080555972545],[-70.61394290966439,-33.46087832178826],[-70.61378508970357,-33.45992895189841],[-70.61446205631339,-33.45985618995172]]]}},{"type":"Feature","properties":{"comuna":"Nunoa","zona":"MH- 3","zona_code":"MH- 3","nombre":"MH- 3","decreto":""},"geometry":{"type":"Polygon","coordinates":[[[-70.61567478128721,-33.45974877906513],[-70.61514317553753,-33.46070161470223],[-70.61483584070182,-33.46068775578268],[-70.61466971458906,-33.459838865387745],[-70.61567478128721,-33.45974877906513]]]}},{"type":"Feature","properties":{"comuna":"Nunoa","zona":"MH- 3","zona_code":"MH- 3","nombre":"MH- 3","decreto":""},"geometry":{"type":"Polygon","coordinates":[[[-70.61507356822716,-33.46088026238069],[-70.61479447545184,-33.461277191980145],[-70.61479447598622,-33.46146346030651],[-70.61401567324745,-33.461532202575],[-70.61395453912425,-33.460971178738646],[-70.61507356822716,-33.46088026238069]]]}},{"type":"Feature","properties":{"comuna":"Nunoa","zona":"PM y AP","zona_code":"PM y AP","nombre":"PM y AP","decreto":""},"geometry":{"type":"Polygon","coordinates":[[[-70.61421151679608,-33.4670546958466],[-70.61402098958892,-33.467599626295474],[-70.61398186301024,-33.46760246436892],[-70.61421151679608,-33.4670546958466]]]}},{"type":"Feature","properties":{"comuna":"Nunoa","zona":"PM y AP","zona_code":"PM y AP","nombre":"PM y AP","decreto":""},"geometry":{"type":"Polygon","coordinates":[[[-70.61452452665021,-33.46638062302716],[-70.61431188457537,-33.46694542522333],[-70.61427615979315,-33.466942587154705],[-70.61452452665021,-33.46638062302716]]]}},{"type":"Feature","properties":{"comuna":"Nunoa","zona":"PM y AP","zona_code":"PM y AP","nombre":"PM y AP","decreto":""},"geometry":{"type":"Polygon","coordinates":[[[-70.6148358342861,-33.46572925170029],[-70.61469974387089,-33.466102478146894],[-70.6146129855692,-33.466272770768384],[-70.61472185864685,-33.465969081911254],[-70.6148358342861,-33.46572925170029]]]}},{"type":"Feature","properties":{"comuna":"Nunoa","zona":"PM y AP","zona_code":"PM y AP","nombre":"PM y AP","decreto":""},"geometry":{"type":"Polygon","coordinates":[[[-70.61496512128782,-33.46494447672063],[-70.61491578817967,-33.465415626157984],[-70.6148732598544,-33.46549367805129],[-70.61489877638228,-33.46505091108869],[-70.61496512128782,-33.46494447672063]]]}},{"type":"Feature","properties":{"comuna":"Nunoa","zona":"PM y AP","zona_code":"PM y AP","nombre":"PM y AP","decreto":""},"geometry":{"type":"Polygon","coordinates":[[[-70.61492769549777,-33.46453008976094],[-70.61496342041215,-33.464853652257794],[-70.6149310978704,-33.4648635859197],[-70.61492769549777,-33.46453008976094]]]}},{"type":"Feature","properties":{"comuna":"Nunoa","zona":"PM y AP","zona_code":"PM y AP","nombre":"PM y AP","decreto":""},"geometry":{"type":"Polygon","coordinates":[[[-70.61496512155658,-33.463970948856854],[-70.6149821328885,-33.464432169589294],[-70.61494130524845,-33.464446360686125],[-70.61496512155658,-33.463970948856854]]]}},{"type":"Feature","properties":{"comuna":"Nunoa","zona":"PM y AP","zona_code":"PM y AP","nombre":"PM y AP","decreto":""},"geometry":{"type":"Polygon","coordinates":[[[-70.61498723595619,-33.46359771294578],[-70.6150246612656,-33.46389857231829],[-70.61498893709974,-33.46391843977217],[-70.61498723595619,-33.46359771294578]]]}},{"type":"Feature","properties":{"comuna":"Nunoa","zona":"PM y AP","zona_code":"PM y AP","nombre":"PM y AP","decreto":""},"geometry":{"type":"Polygon","coordinates":[[[-70.61500935062409,-33.46332949229239],[-70.61503486780214,-33.46351682138215],[-70.6150076497663,-33.463522497742694],[-70.61500935062409,-33.46332949229239]]]}},{"type":"Feature","properties":{"comuna":"Nunoa","zona":"PM y AP","zona_code":"PM y AP","nombre":"PM y AP","decreto":""},"geometry":{"type":"Polygon","coordinates":[[[-70.61509270634438,-33.462720672534964],[-70.6150603846135,-33.46324576252073],[-70.61502466038786,-33.46325853529414],[-70.61503656831556,-33.46280440389787],[-70.61509270634438,-33.462720672534964]]]}},{"type":"Feature","properties":{"comuna":"Nunoa","zona":"PM y AP","zona_code":"PM y AP","nombre":"PM y AP","decreto":""},"geometry":{"type":"Polygon","coordinates":[[[-70.61498383326946,-33.46188478073266],[-70.61506889068455,-33.46233891666481],[-70.61503146580587,-33.46234885099442],[-70.61498383326946,-33.46188478073266]]]}},{"type":"Feature","properties":{"comuna":"Nunoa","zona":"Áreas verdes","zona_code":"Áreas verdes","nombre":"Áreas verdes","decreto":""},"geometry":{"type":"Polygon","coordinates":[[[-70.62128538011518,-33.460942352161425],[-70.62106476354012,-33.46117740534613],[-70.62078301303924,-33.461292714722724],[-70.61930780681817,-33.46137476132851],[-70.62081225143116,-33.46123505997028],[-70.62128538011518,-33.460942352161425]]]}},{"type":"Feature","properties":{"comuna":"Nunoa","zona":"Áreas verdes","zona_code":"Áreas verdes","nombre":"Áreas verdes","decreto":""},"geometry":{"type":"Polygon","coordinates":[[[-70.61913237735209,-33.46145459057014],[-70.61822333175962,-33.46152333268566],[-70.61878949167216,-33.46145459086966],[-70.61913237735209,-33.46145459057014]]]}},{"type":"Feature","properties":{"comuna":"Nunoa","zona":"Áreas verdes","zona_code":"Áreas verdes","nombre":"Áreas verdes","decreto":""},"geometry":{"type":"Polygon","coordinates":[[[-70.61807979833623,-33.46143019802982],[-70.61784854966086,-33.46148120034586],[-70.61784323378384,-33.461461242822985],[-70.61800803168722,-33.4614168932364],[-70.61807979833623,-33.46143019802982]]]}},{"type":"Feature","properties":{"comuna":"Nunoa","zona":"Áreas verdes","zona_code":"Áreas verdes","nombre":"Áreas verdes","decreto":""},"geometry":{"type":"Polygon","coordinates":[[[-70.61621652060943,-33.46161203140972],[-70.61518254736376,-33.461702948270535],[-70.61517988927163,-33.46166968557215],[-70.61621652060943,-33.46161203140972]]]}},{"type":"Feature","properties":{"comuna":"Nunoa","zona":"Áreas verdes","zona_code":"Áreas verdes","nombre":"Áreas verdes","decreto":""},"geometry":{"type":"Polygon","coordinates":[[[-70.6130880216575,-33.46186925787917],[-70.61431868912723,-33.4618293437471],[-70.6130614412232,-33.46189365019528],[-70.6130880216575,-33.46186925787917]]]}},{"type":"Feature","properties":{"comuna":"Nunoa","zona":"Áreas verdes","zona_code":"Áreas verdes","nombre":"Áreas verdes","decreto":""},"geometry":{"type":"Polygon","coordinates":[[[-70.61448348597897,-33.46171846997499],[-70.61481573956657,-33.46174064457621],[-70.61447551177265,-33.46173621002017],[-70.61448348597897,-33.46171846997499]]]}},{"type":"Feature","properties":{"comuna":"Nunoa","zona":"Áreas verdes","zona_code":"Áreas verdes","nombre":"Áreas verdes","decreto":""},"geometry":{"type":"Polygon","coordinates":[[[-70.61518254783128,-33.46160094416763],[-70.61762261693825,-33.46148563546418],[-70.615171915662,-33.46164307639763],[-70.61518254783128,-33.46160094416763]]]}},{"type":"Feature","properties":{"comuna":"Nunoa","zona":"Áreas verdes","zona_code":"Áreas verdes","nombre":"Áreas verdes","decreto":""},"geometry":{"type":"Polygon","coordinates":[[[-70.61275311007911,-33.46183156117821],[-70.61298170045173,-33.46184930067677],[-70.61275310995755,-33.46185595296488],[-70.61275311007911,-33.46183156117821]]]}},{"type":"Feature","properties":{"comuna":"Nunoa","zona":"Áreas verdes","zona_code":"Áreas verdes","nombre":"Áreas verdes","decreto":""},"geometry":{"type":"Polygon","coordinates":[[[-70.61272121433541,-33.46177834168868],[-70.61169787273364,-33.461869258049504],[-70.61169255745872,-33.46183821403897],[-70.61272121433541,-33.46177834168868]]]}},{"type":"Feature","properties":{"comuna":"Nunoa","zona":"Áreas verdes","zona_code":"Áreas verdes","nombre":"Áreas verdes","decreto":""},"geometry":{"type":"Polygon","coordinates":[[[-70.6096113206479,-33.46201117587629],[-70.60995154877135,-33.46206217804889],[-70.60958474070844,-33.4620222636584],[-70.6096113206479,-33.46201117587629]]]}},{"type":"Feature","properties":{"comuna":"Nunoa","zona":"Áreas verdes","zona_code":"Áreas verdes","nombre":"Áreas verdes","decreto":""},"geometry":{"type":"Polygon","coordinates":[[[-70.60855342625904,-33.46215309332194],[-70.60967245602514,-33.462110962127134],[-70.60853747824333,-33.462179703181924],[-70.60855342625904,-33.46215309332194]]]}},{"type":"Feature","properties":{"comuna":"Nunoa","zona":"Áreas verdes","zona_code":"Áreas verdes","nombre":"Áreas verdes","decreto":""},"geometry":{"type":"Polygon","coordinates":[[[-70.60811219320954,-33.462186355409564],[-70.6083354680187,-33.462188572589994],[-70.60810421979996,-33.46220409505555],[-70.60811219320954,-33.462186355409564]]]}},{"type":"Feature","properties":{"comuna":"Nunoa","zona":"Áreas verdes","zona_code":"Áreas verdes","nombre":"Áreas verdes","decreto":""},"geometry":{"type":"Polygon","coordinates":[[[-70.60677520512616,-33.46223957439353],[-70.60637118512062,-33.462275053359924],[-70.60635257919095,-33.46223513958965],[-70.60677520512616,-33.46223957439353]]]}},{"type":"Feature","properties":{"comuna":"Nunoa","zona":"Áreas verdes","zona_code":"Áreas verdes","nombre":"Áreas verdes","decreto":""},"geometry":{"type":"Polygon","coordinates":[[[-70.60570136214542,-33.46229944542023],[-70.6060282999447,-33.46231940287442],[-70.60567212402896,-33.46233492525807],[-70.60570136214542,-33.46229944542023]]]}},{"type":"Feature","properties":{"comuna":"Nunoa","zona":"Áreas verdes","zona_code":"Áreas verdes","nombre":"Áreas verdes","decreto":""},"geometry":{"type":"Polygon","coordinates":[[[-70.60487471557964,-33.4625455830612],[-70.60550466762503,-33.462388144464384],[-70.6043377934566,-33.462802806763726],[-70.60487471557964,-33.4625455830612]]]}},{"type":"Feature","properties":{"comuna":"Nunoa","zona":"Áreas verdes","zona_code":"Áreas verdes","nombre":"Áreas verdes","decreto":""},"geometry":{"type":"Polygon","coordinates":[[[-70.60355367496511,-33.46332168690524],[-70.60438563803606,-33.46284715634029],[-70.60356164971313,-33.46333942645401],[-70.60355367496511,-33.46332168690524]]]}},{"type":"Feature","properties":{"comuna":"Nunoa","zona":"Áreas verdes","zona_code":"Áreas verdes","nombre":"Áreas verdes","decreto":""},"geometry":{"type":"Polygon","coordinates":[[[-70.6032161056527,-33.463499081929356],[-70.60337027103208,-33.463439210846914],[-70.603202816174,-33.463543430025595],[-70.6032161056527,-33.463499081929356]]]}},{"type":"Feature","properties":{"comuna":"Nunoa","zona":"Áreas verdes","zona_code":"Áreas verdes","nombre":"Áreas verdes","decreto":""},"geometry":{"type":"Polygon","coordinates":[[[-70.60273234445066,-33.463685344978906],[-70.60296359298886,-33.463574473746455],[-70.60274829287816,-33.46371195378741],[-70.60273234445066,-33.463685344978906]]]}},{"type":"Feature","properties":{"comuna":"Nunoa","zona":"Áreas verdes","zona_code":"Áreas verdes","nombre":"Áreas verdes","decreto":""},"geometry":{"type":"Polygon","coordinates":[[[-70.60139004090199,-33.46427961243803],[-70.60258083735083,-33.46376517269968],[-70.60138738304687,-33.46430622104083],[-70.60139004090199,-33.46427961243803]]]}},{"type":"Feature","properties":{"comuna":"Nunoa","zona":"Áreas verdes","zona_code":"Áreas verdes","nombre":"Áreas verdes","decreto":""},"geometry":{"type":"Polygon","coordinates":[[[-70.60148572940923,-33.46433061190516],[-70.60089298989735,-33.46453683028284],[-70.60037999058555,-33.46457452630535],[-70.60077869392448,-33.464514656938825],[-70.60148572940923,-33.46433061190516]]]}},{"type":"Feature","properties":{"comuna":"Nunoa","zona":"Áreas verdes","zona_code":"Áreas verdes","nombre":"Áreas verdes","decreto":""},"geometry":{"type":"Polygon","coordinates":[[[-70.59848215824786,-33.4645723091175],[-70.60013279357692,-33.464587831158234],[-70.59838115307527,-33.464621092309336],[-70.59848215824786,-33.4645723091175]]]}},{"type":"Feature","properties":{"comuna":"Nunoa","zona":"Áreas verdes","zona_code":"Áreas verdes","nombre":"Áreas verdes","decreto":""},"geometry":{"type":"Polygon","coordinates":[[[-70.59815522109817,-33.464561222110014],[-70.59815787841266,-33.464643266259564],[-70.59433563455275,-33.464767439868574],[-70.59557161712002,-33.464627744193095],[-70.59815522109817,-33.464561222110014]]]}},{"type":"Feature","properties":{"comuna":"Nunoa","zona":"Áreas verdes","zona_code":"Áreas verdes","nombre":"Áreas verdes","decreto":""},"geometry":{"type":"Polygon","coordinates":[[[-70.59550516694301,-33.46473196133864],[-70.59650990100891,-33.4647386135194],[-70.59548390308065,-33.46476078798256],[-70.59550516694301,-33.46473196133864]]]}},{"type":"Feature","properties":{"comuna":"Nunoa","zona":"Áreas verdes","zona_code":"Áreas verdes","nombre":"Áreas verdes","decreto":""},"geometry":{"type":"Polygon","coordinates":[[[-70.59408025109354,-33.46475573185936],[-70.59169185329492,-33.46510199999352],[-70.58829468112235,-33.46550361155676],[-70.5883593250049,-33.465472390427664],[-70.59408025109354,-33.46475573185936]]]}},{"type":"Feature","properties":{"comuna":"Nunoa","zona":"Áreas verdes","zona_code":"Áreas verdes","nombre":"Áreas verdes","decreto":""},"geometry":{"type":"Polygon","coordinates":[[[-70.58817964191968,-33.465499176945904],[-70.58565717314043,-33.46585839061174],[-70.58564388314079,-33.46581182581416],[-70.58817964191968,-33.465499176945904]]]}},{"type":"Feature","properties":{"comuna":"Nunoa","zona":"Áreas verdes","zona_code":"Áreas verdes","nombre":"Áreas verdes","decreto":""},"geometry":{"type":"Polygon","coordinates":[[[-70.58178782860809,-33.46721647200819],[-70.58549773863568,-33.46590011280647],[-70.58178272555689,-33.46723492012765],[-70.58178782860809,-33.46721647200819]]]}},{"type":"Feature","properties":{"comuna":"Nunoa","zona":"Áreas verdes","zona_code":"Áreas verdes","nombre":"Áreas verdes","decreto":""},"geometry":{"type":"Polygon","coordinates":[[[-70.5816245194969,-33.467261883043754],[-70.57742100747105,-33.468831383405735],[-70.57728151481261,-33.46896761334959],[-70.57718114771681,-33.46889524143861],[-70.5816245194969,-33.467261883043754]]]}},{"type":"Feature","properties":{"comuna":"Nunoa","zona":"PM y AP","zona_code":"PM y AP","nombre":"PM y AP","decreto":""},"geometry":{"type":"Polygon","coordinates":[[[-70.62922225100593,-33.45160399260916],[-70.62903618946683,-33.45227596223153],[-70.62891657804525,-33.4523114454955],[-70.62915314237667,-33.451592903861716],[-70.62922225100593,-33.45160399260916]]]}},{"type":"Feature","properties":{"comuna":"Nunoa","zona":"PM y AP","zona_code":"PM y AP","nombre":"PM y AP","decreto":""},"geometry":{"type":"Polygon","coordinates":[[[-70.62946679007045,-33.450750162430765],[-70.62923022567922,-33.45147092857907],[-70.62916643257046,-33.45147092919605],[-70.62935249512579,-33.45073685583645],[-70.62946679007045,-33.450750162430765]]]}},{"type":"Feature","properties":{"comuna":"Nunoa","zona":"PM y AP","zona_code":"PM y AP","nombre":"PM y AP","decreto":""},"geometry":{"type":"Polygon","coordinates":[[[-70.62960766491287,-33.450138060605696],[-70.62948805403545,-33.450641492194535],[-70.62941628687405,-33.45063483944743],[-70.62950931878741,-33.45013362498937],[-70.62960766491287,-33.450138060605696]]]}},{"type":"Feature","properties":{"comuna":"Nunoa","zona":"PM y AP","zona_code":"PM y AP","nombre":"PM y AP","decreto":""},"geometry":{"type":"Polygon","coordinates":[[[-70.62977777931474,-33.44954591492507],[-70.6296501934166,-33.45002717186657],[-70.62959171733445,-33.45004047870239],[-70.62967943179152,-33.44956143871368],[-70.62977777931474,-33.44954591492507]]]}},{"type":"Feature","properties":{"comuna":"Nunoa","zona":"Z-1","zona_code":"Z-1","nombre":"Z-1","decreto":""},"geometry":{"type":"Polygon","coordinates":[[[-70.63074530104544,-33.45155520299352],[-70.6306575869431,-33.45182576529278],[-70.62924351591177,-33.4521539878462],[-70.62945084134245,-33.45133564678884],[-70.63074530104544,-33.45155520299352]]]}},{"type":"Feature","properties":{"comuna":"Nunoa","zona":"Z-1","zona_code":"Z-1","nombre":"Z-1","decreto":""},"geometry":{"type":"Polygon","coordinates":[[[-70.63088617686417,-33.45102959872509],[-70.63077188217231,-33.451464275528345],[-70.63015256064138,-33.45133342899181],[-70.63029609430562,-33.45091649401002],[-70.63088617686417,-33.45102959872509]]]}},{"type":"Feature","properties":{"comuna":"Nunoa","zona":"Z-2","zona_code":"Z-2","nombre":"Z-2","decreto":""},"geometry":{"type":"Polygon","coordinates":[[[-70.63029609428875,-33.45091649310842],[-70.63015256171694,-33.45133342897766],[-70.62948805376989,-33.45118484093293],[-70.62961563938472,-33.45078786454724],[-70.63029609428875,-33.45091649310842]]]}},{"type":"Feature","properties":{"comuna":"Nunoa","zona":"Z-1","zona_code":"Z-1","nombre":"Z-1","decreto":""},"geometry":{"type":"Polygon","coordinates":[[[-70.63127424910519,-33.44988079895161],[-70.63093933687107,-33.45091649369958],[-70.63032533293361,-33.450783428936106],[-70.63063898001516,-33.44974329707139],[-70.63127424910519,-33.44988079895161]]]}},{"type":"Feature","properties":{"comuna":"Nunoa","zona":"Z-2","zona_code":"Z-2","nombre":"Z-2","decreto":""},"geometry":{"type":"Polygon","coordinates":[[[-70.63063724389811,-33.44974905643664],[-70.63032595385685,-33.45078136911126],[-70.62965019412576,-33.45060600846323],[-70.62976980526972,-33.4501890692646],[-70.63034925561247,-33.4502799979878],[-70.63036786147761,-33.450206811629684],[-70.62983359797572,-33.45007818046947],[-70.6299505505165,-33.44966567516294],[-70.63063724389811,-33.44974905643664]]]}},{"type":"Feature","properties":{"comuna":"Nunoa","zona":"Z-4C","zona_code":"Z-4C","nombre":"Z-4C","decreto":""},"geometry":{"type":"Polygon","coordinates":[[[-70.62949868651198,-33.44952151895497],[-70.62919567115361,-33.45056387124818],[-70.62861887935868,-33.45044411224836],[-70.62895379030478,-33.449410630052654],[-70.62949868651198,-33.44952151895497]]]}},{"type":"Feature","properties":{"comuna":"Nunoa","zona":"Z-4C","zona_code":"Z-4C","nombre":"Z-4C","decreto":""},"geometry":{"type":"Polygon","coordinates":[[[-70.62882620540243,-33.44938401613931],[-70.62856040290069,-33.45046185380065],[-70.6277842579347,-33.45028443328631],[-70.6280792995071,-33.44924651312101],[-70.62882620540243,-33.44938401613931]]]}},{"type":"Feature","properties":{"comuna":"Nunoa","zona":"Z-4C","zona_code":"Z-4C","nombre":"Z-4C","decreto":""},"geometry":{"type":"Polygon","coordinates":[[[-70.62783210298872,-33.44919550445829],[-70.62754503565617,-33.45022455362176],[-70.62644195453393,-33.45001830141405],[-70.62682471003124,-33.44900255619905],[-70.62783210298872,-33.44919550445829]]]}},{"type":"Feature","properties":{"comuna":"Nunoa","zona":"Z-4C","zona_code":"Z-4C","nombre":"Z-4C","decreto":""},"geometry":{"type":"Polygon","coordinates":[[[-70.62913985237121,-33.45071911416168],[-70.62896442292475,-33.45144653360165],[-70.62752908758338,-33.451315686883824],[-70.62778159997153,-33.45042193480731],[-70.62913985237121,-33.45071911416168]]]}},{"type":"Feature","properties":{"comuna":"Nunoa","zona":"Z-4C","zona_code":"Z-4C","nombre":"Z-4C","decreto":""},"geometry":{"type":"Polygon","coordinates":[[[-70.62748655890924,-33.45036648999174],[-70.62737758025695,-33.45080338843905],[-70.62630373708794,-33.4505882659947],[-70.62642866378054,-33.45016689155456],[-70.62748655890924,-33.45036648999174]]]}},{"type":"Feature","properties":{"comuna":"Nunoa","zona":"Z-4C","zona_code":"Z-4C","nombre":"Z-4C","decreto":""},"geometry":{"type":"Polygon","coordinates":[[[-70.627374922358,-33.4508787918449],[-70.62724999513416,-33.45132234039754],[-70.62615222897273,-33.451078389101106],[-70.626314368375,-33.450657016314224],[-70.627374922358,-33.4508787918449]]]}},{"type":"Feature","properties":{"comuna":"Nunoa","zona":"Z-1B","zona_code":"Z-1B","nombre":"Z-1B","decreto":""},"geometry":{"type":"Polygon","coordinates":[[[-70.62888999828425,-33.45161951636024],[-70.62874114812685,-33.45220943076454],[-70.6284726872364,-33.45219834190084],[-70.62843813289317,-33.452273744968586],[-70.62731112891251,-33.45215177011667],[-70.62747326939925,-33.45150863001611],[-70.62888999828425,-33.45161951636024]]]}},{"type":"Feature","properties":{"comuna":"Nunoa","zona":"Z-1B","zona_code":"Z-1B","nombre":"Z-1B","decreto":""},"geometry":{"type":"Polygon","coordinates":[[[-70.62722341382666,-33.45147092918226],[-70.62701077201747,-33.452136245857666],[-70.62584655540107,-33.45205197261199],[-70.62612564869201,-33.45127133231212],[-70.62722341382666,-33.45147092918226]]]}},{"type":"Feature","properties":{"comuna":"Nunoa","zona":"Z-1B","zona_code":"Z-1B","nombre":"Z-1B","decreto":""},"geometry":{"type":"Polygon","coordinates":[[[-70.62593958687113,-33.451222541825345],[-70.6256684675251,-33.45209854474442],[-70.6252990016167,-33.45214955230825],[-70.62427831974065,-33.45254652265366],[-70.62478866075422,-33.450925364273566],[-70.62593958687113,-33.451222541825345]]]}},{"type":"Feature","properties":{"comuna":"Nunoa","zona":"Z-4C","zona_code":"Z-4C","nombre":"Z-4C","decreto":""},"geometry":{"type":"Polygon","coordinates":[[[-70.62627184030177,-33.45012253637914],[-70.6260033796162,-33.45102738083382],[-70.62484447961006,-33.450714677843905],[-70.62509699219459,-33.44982535509132],[-70.62627184030177,-33.45012253637914]]]}},{"type":"Feature","properties":{"comuna":"Nunoa","zona":"Z-4C","zona_code":"Z-4C","nombre":"Z-4C","decreto":""},"geometry":{"type":"Polygon","coordinates":[[[-70.62663864833173,-33.44898481393128],[-70.62631702639992,-33.44995398608505],[-70.625144836173,-33.449650150011294],[-70.62541861298956,-33.44865879712699],[-70.62612830717713,-33.44883400312934],[-70.62600869583711,-33.44924873148643],[-70.62613362304215,-33.44927756290371],[-70.62627715611941,-33.44887614184344],[-70.62663864833173,-33.44898481393128]]]}},{"type":"Feature","properties":{"comuna":"Nunoa","zona":"Z-1B","zona_code":"Z-1B","nombre":"Z-1B","decreto":""},"geometry":{"type":"Polygon","coordinates":[[[-70.6268991353183,-33.45246890302757],[-70.62662004188856,-33.453404771174995],[-70.6258757938166,-33.45334489328247],[-70.62595553463109,-33.45300780443476],[-70.62543987793072,-33.452910225588894],[-70.62557543735839,-33.45245337895898],[-70.62570302259788,-33.45240015455483],[-70.6268991353183,-33.45246890302757]]]}},{"type":"Feature","properties":{"comuna":"Nunoa","zona":"Z-3A","zona_code":"Z-3A","nombre":"Z-3A","decreto":""},"geometry":{"type":"Polygon","coordinates":[[[-70.62660925429424,-33.453403903586604],[-70.62658282936991,-33.45361988559576],[-70.62600337913256,-33.453637627061354],[-70.62575086644945,-33.45446925311754],[-70.62508370161918,-33.45440937597319],[-70.62543987685515,-33.45291022560299],[-70.62595553463109,-33.45300780443476],[-70.6258757938166,-33.45334489328247],[-70.62660925429424,-33.453403903586604]]]}},{"type":"Feature","properties":{"comuna":"Nunoa","zona":"Z-3A","zona_code":"Z-3A","nombre":"Z-3A","decreto":""},"geometry":{"type":"Polygon","coordinates":[[[-70.62520065489723,-33.45301667569457],[-70.62490029774528,-33.45439607042579],[-70.62310878721719,-33.45393036086937],[-70.62520065489723,-33.45301667569457]]]}},{"type":"Feature","properties":{"comuna":"Nunoa","zona":"Z-1B","zona_code":"Z-1B","nombre":"Z-1B","decreto":""},"geometry":{"type":"Polygon","coordinates":[[[-70.62534153030141,-33.45246890307807],[-70.62519942215141,-33.45302233550013],[-70.62310878721719,-33.45393036086937],[-70.62264894817011,-33.453808388199214],[-70.62261173539768,-33.45367532798017],[-70.62534153030141,-33.45246890307807]]]}},{"type":"Feature","properties":{"comuna":"Nunoa","zona":"Áreas verdes","zona_code":"Áreas verdes","nombre":"Áreas verdes","decreto":""},"geometry":{"type":"Polygon","coordinates":[[[-70.62307444512062,-33.45312232634441],[-70.62314419228696,-33.45314929312382],[-70.62305743429502,-33.4531890346123],[-70.62307444512062,-33.45312232634441]]]}},{"type":"Feature","properties":{"comuna":"Nunoa","zona":"Z-1B","zona_code":"Z-1B","nombre":"Z-1B","decreto":""},"geometry":{"type":"Polygon","coordinates":[[[-70.62417731426274,-33.452118504325554],[-70.62399922617698,-33.45270176236591],[-70.6231938438351,-33.453072117371306],[-70.62352609797792,-33.4519943119831],[-70.62417731426274,-33.452118504325554]]]}},{"type":"Feature","properties":{"comuna":"Nunoa","zona":"Z-4C","zona_code":"Z-4C","nombre":"Z-4C","decreto":""},"geometry":{"type":"Polygon","coordinates":[[[-70.62417522078059,-33.452118105189946],[-70.62352382514104,-33.45200172141744],[-70.62385569307708,-33.45083221948071],[-70.62452019947615,-33.450967501734894],[-70.62417522078059,-33.452118105189946]]]}},{"type":"Feature","properties":{"comuna":"Nunoa","zona":"Z-4C+R","zona_code":"Z-4C+R","nombre":"Z-4C+R","decreto":""},"geometry":{"type":"Polygon","coordinates":[[[-70.6245202005517,-33.4509675017208],[-70.62387270173336,-33.45083568154878],[-70.62390087976706,-33.450699154263084],[-70.62456272866821,-33.450847743337995],[-70.6245202005517,-33.4509675017208]]]}},{"type":"Feature","properties":{"comuna":"Nunoa","zona":"Áreas verdes","zona_code":"Áreas verdes","nombre":"Áreas verdes","decreto":""},"geometry":{"type":"Polygon","coordinates":[[[-70.62522468384633,-33.44863857032768],[-70.62516514355367,-33.44903032269183],[-70.6251141094626,-33.449017548155844],[-70.62522468384633,-33.44863857032768]]]}},{"type":"Feature","properties":{"comuna":"Nunoa","zona":"Z-4C","zona_code":"Z-4C","nombre":"Z-4C","decreto":""},"geometry":{"type":"Polygon","coordinates":[[[-70.62522808566617,-33.448634312383525],[-70.62461737691922,-33.45064273402329],[-70.62429075854907,-33.4506072506718],[-70.62468372216041,-33.44926878011561],[-70.62447788423675,-33.449183616915],[-70.62451530867968,-33.44905587207469],[-70.62473305434811,-33.449108388953675],[-70.6248963644242,-33.44857043926999],[-70.62522808566617,-33.448634312383525]]]}},{"type":"Feature","properties":{"comuna":"Nunoa","zona":"Z-4C+R","zona_code":"Z-4C+R","nombre":"Z-4C+R","decreto":""},"geometry":{"type":"Polygon","coordinates":[[[-70.62489456643944,-33.44857636170203],[-70.62473305544047,-33.449108389841186],[-70.62451530867968,-33.44905587207469],[-70.62447788423675,-33.449183616915],[-70.62468372108488,-33.44926878012971],[-70.62429075854907,-33.4506072506718],[-70.62394373969151,-33.45053171382596],[-70.62454594918553,-33.44850452049329],[-70.62489456643944,-33.44857636170203]]]}},{"type":"Feature","properties":{"comuna":"Nunoa","zona":"Z-4C+R","zona_code":"Z-4C+R","nombre":"Z-4C+R","decreto":""},"geometry":{"type":"Polygon","coordinates":[[[-70.6241334376815,-33.448411240218064],[-70.62434356264757,-33.44847846278515],[-70.62375891504921,-33.45044243331629],[-70.62345298221223,-33.45043153299993],[-70.62399081396507,-33.44853115094102],[-70.62408662216357,-33.448550227548296],[-70.6241334376815,-33.448411240218064]]]}},{"type":"Feature","properties":{"comuna":"Nunoa","zona":"Z-4C","zona_code":"Z-4C","nombre":"Z-4C","decreto":""},"geometry":{"type":"Polygon","coordinates":[[[-70.6241334376815,-33.448411240218064],[-70.62408662216357,-33.448550227548296],[-70.62399081396507,-33.44853115094102],[-70.62345298221223,-33.45043153299993],[-70.62321019638955,-33.45037612047267],[-70.62367617175558,-33.44850298960421],[-70.62376000437591,-33.44834401730581],[-70.6241334376815,-33.448411240218064]]]}},{"type":"Feature","properties":{"comuna":"Nunoa","zona":"Z-4C","zona_code":"Z-4C","nombre":"Z-4C","decreto":""},"geometry":{"type":"Polygon","coordinates":[[[-70.62357117758509,-33.448269526523575],[-70.62332451240171,-33.449281554066054],[-70.62299619306364,-33.44922335976122],[-70.62328538690282,-33.44822410586602],[-70.62357117758509,-33.448269526523575]]]}},{"type":"Feature","properties":{"comuna":"Nunoa","zona":"Z-4C","zona_code":"Z-4C","nombre":"Z-4C","decreto":""},"geometry":{"type":"Polygon","coordinates":[[[-70.62295026270138,-33.449369556043465],[-70.62330069701278,-33.44944052567498],[-70.62302341124276,-33.450347506226336],[-70.6226712758073,-33.45026660194889],[-70.62295026270138,-33.449369556043465]]]}},{"type":"Feature","properties":{"comuna":"Nunoa","zona":"Z-4C","zona_code":"Z-4C","nombre":"Z-4C","decreto":""},"geometry":{"type":"Polygon","coordinates":[[[-70.62280842970003,-33.44933966030899],[-70.62246022858712,-33.45039753864933],[-70.62168674247786,-33.45023342444639],[-70.62196583545682,-33.449179979385434],[-70.62280842970003,-33.44933966030899]]]}},{"type":"Feature","properties":{"comuna":"Nunoa","zona":"Z-4C","zona_code":"Z-4C","nombre":"Z-4C","decreto":""},"geometry":{"type":"Polygon","coordinates":[[[-70.62307689035748,-33.44818196709305],[-70.62284032574817,-33.44917332597199],[-70.62204291778966,-33.44903804099862],[-70.62231669489199,-33.44801784838115],[-70.62307689035748,-33.44818196709305]]]}},{"type":"Feature","properties":{"comuna":"Nunoa","zona":"Z-4C","zona_code":"Z-4C","nombre":"Z-4C","decreto":""},"geometry":{"type":"Polygon","coordinates":[[[-70.6221279752397,-33.447997888510514],[-70.62178508871284,-33.448987031256834],[-70.62069529805306,-33.44877412251163],[-70.62097970632398,-33.447773888146195],[-70.6221279752397,-33.447997888510514]]]}},{"type":"Feature","properties":{"comuna":"Nunoa","zona":"Z-4C","zona_code":"Z-4C","nombre":"Z-4C","decreto":""},"geometry":{"type":"Polygon","coordinates":[[[-70.6207803541138,-33.447720660546786],[-70.62047468133562,-33.44871202430164],[-70.61960284858979,-33.448532382055106],[-70.61994041786609,-33.447541015608635],[-70.6207803541138,-33.447720660546786]]]}},{"type":"Feature","properties":{"comuna":"Nunoa","zona":"Z-4C","zona_code":"Z-4C","nombre":"Z-4C","decreto":""},"geometry":{"type":"Polygon","coordinates":[[[-70.6197011948919,-33.447498876695924],[-70.61958424227569,-33.44806664044965],[-70.61911908686302,-33.447964621397674],[-70.61910579745388,-33.44803337375218],[-70.61957361011328,-33.448119868295564],[-70.61945665621182,-33.448483590133584],[-70.61850774080065,-33.44832390802688],[-70.6188267041877,-33.44733032169276],[-70.6197011948919,-33.447498876695924]]]}},{"type":"Feature","properties":{"comuna":"Nunoa","zona":"Z-4C","zona_code":"Z-4C","nombre":"Z-4C","decreto":""},"geometry":{"type":"Polygon","coordinates":[[[-70.61939817967348,-33.44865657925006],[-70.61907655831669,-33.44972333726369],[-70.61835889132027,-33.44958139933387],[-70.61851039923002,-33.44847250127996],[-70.61939817967348,-33.44865657925006]]]}},{"type":"Feature","properties":{"comuna":"Nunoa","zona":"Z-4C","zona_code":"Z-4C","nombre":"Z-4C","decreto":""},"geometry":{"type":"Polygon","coordinates":[[[-70.62040823091849,-33.44885396347121],[-70.62012913825416,-33.44991406538578],[-70.61926527859441,-33.44974773240979],[-70.61955766186945,-33.44872089577015],[-70.62040823091849,-33.44885396347121]]]}},{"type":"Feature","properties":{"comuna":"Nunoa","zona":"Z-4C","zona_code":"Z-4C","nombre":"Z-4C","decreto":""},"geometry":{"type":"Polygon","coordinates":[[[-70.62177977265401,-33.449124535144755],[-70.62145017720185,-33.450173545072424],[-70.62030722604602,-33.44995842101179],[-70.6206261895068,-33.44889610207098],[-70.62177977265401,-33.449124535144755]]]}},{"type":"Feature","properties":{"comuna":"Nunoa","zona":"Z-4C","zona_code":"Z-4C","nombre":"Z-4C","decreto":""},"geometry":{"type":"Polygon","coordinates":[[[-70.62368823693922,-33.45066588813998],[-70.62334535190082,-33.45187233760454],[-70.6227924820266,-33.45177475780916],[-70.62312739352126,-33.45055500032725],[-70.62368823693922,-33.45066588813998]]]}},{"type":"Feature","properties":{"comuna":"Nunoa","zona":"Z-4C","zona_code":"Z-4C","nombre":"Z-4C","decreto":""},"geometry":{"type":"Polygon","coordinates":[[[-70.62294664775253,-33.45067254122376],[-70.62265957991968,-33.45175479775556],[-70.62226353454936,-33.45168383089315],[-70.62258249726402,-33.45059491976126],[-70.62294664775253,-33.45067254122376]]]}},{"type":"Feature","properties":{"comuna":"Nunoa","zona":"Z-4C","zona_code":"Z-4C","nombre":"Z-4C","decreto":""},"geometry":{"type":"Polygon","coordinates":[[[-70.62242035769502,-33.45057052453347],[-70.62209342072595,-33.451657218322765],[-70.62129335370338,-33.45147758200119],[-70.62163358208228,-33.45042637009822],[-70.62242035769502,-33.45057052453347]]]}},{"type":"Feature","properties":{"comuna":"Nunoa","zona":"Z-4C","zona_code":"Z-4C","nombre":"Z-4C","decreto":""},"geometry":{"type":"Polygon","coordinates":[[[-70.62324966289407,-33.45202536038651],[-70.62297056994636,-33.453085423602836],[-70.6218860945065,-33.45291244390206],[-70.62221568938115,-33.451843507244085],[-70.62324966289407,-33.45202536038651]]]}},{"type":"Feature","properties":{"comuna":"Nunoa","zona":"Z-4C","zona_code":"Z-4C","nombre":"Z-4C","decreto":""},"geometry":{"type":"Polygon","coordinates":[[[-70.62202165382503,-33.45177475762087],[-70.62176382536089,-33.45282151773512],[-70.62093186236665,-33.45271506878986],[-70.62126943222796,-33.45161951636426],[-70.62202165382503,-33.45177475762087]]]}},{"type":"Feature","properties":{"comuna":"Nunoa","zona":"Z-1B","zona_code":"Z-1B","nombre":"Z-1B","decreto":""},"geometry":{"type":"Polygon","coordinates":[[[-70.62283501006532,-33.45324288021986],[-70.62226087570217,-33.45346908342616],[-70.62171066470582,-33.45349347805656],[-70.62182496004502,-33.45316969603267],[-70.62227416607853,-33.45323400917464],[-70.62230872021725,-33.45313864846128],[-70.62283501006532,-33.45324288021986]]]}},{"type":"Feature","properties":{"comuna":"Nunoa","zona":"Z-4C","zona_code":"Z-4C","nombre":"Z-4C","decreto":""},"geometry":{"type":"Polygon","coordinates":[[[-70.62231818814762,-33.4531405230032],[-70.6222741671541,-33.45323400916057],[-70.62182496004502,-33.45316969603267],[-70.62188343625353,-33.453052158495446],[-70.62231818814762,-33.4531405230032]]]}},{"type":"Feature","properties":{"comuna":"Nunoa","zona":"Z-4C","zona_code":"Z-4C","nombre":"Z-4C","decreto":""},"geometry":{"type":"Polygon","coordinates":[[[-70.62169205815403,-33.453003368996775],[-70.6216468713259,-33.453189654892775],[-70.62084414696722,-33.45301224033921],[-70.62089464956131,-33.45284147692298],[-70.62169205815403,-33.453003368996775]]]}},{"type":"Feature","properties":{"comuna":"Nunoa","zona":"Z-1B","zona_code":"Z-1B","nombre":"Z-1B","decreto":""},"geometry":{"type":"MultiPolygon","coordinates":[[[[-70.62164578779766,-33.453189415653604],[-70.6215777628802,-33.45346464829588],[-70.62070858813807,-33.45335376436368],[-70.62084414804279,-33.45301224032516],[-70.62164578779766,-33.453189415653604]]],[[[-70.62165049529956,-33.45317471647982],[-70.6216468713259,-33.453189654892775],[-70.62164578779766,-33.453189415653604],[-70.62165049529956,-33.45317471647982]]]]}},{"type":"Feature","properties":{"comuna":"Nunoa","zona":"Z-4C","zona_code":"Z-4C","nombre":"Z-4C","decreto":""},"geometry":{"type":"Polygon","coordinates":[[[-70.6206713749658,-33.452805994553046],[-70.62061821446285,-33.453001151047346],[-70.61946994653188,-33.45279934094098],[-70.6195709514104,-33.45258644127291],[-70.6206713749658,-33.452805994553046]]]}},{"type":"Feature","properties":{"comuna":"Nunoa","zona":"Z-1B","zona_code":"Z-1B","nombre":"Z-1B","decreto":""},"geometry":{"type":"Polygon","coordinates":[[[-70.62061821446285,-33.453001151047346],[-70.62052784195937,-33.45331384604118],[-70.61936096783474,-33.453140866237376],[-70.61946994760747,-33.45279934092692],[-70.62061821446285,-33.453001151047346]]]}},{"type":"Feature","properties":{"comuna":"Nunoa","zona":"Z-4C","zona_code":"Z-4C","nombre":"Z-4C","decreto":""},"geometry":{"type":"Polygon","coordinates":[[[-70.6193078070773,-33.45253543467562],[-70.61929451715328,-33.45274168087441],[-70.61842002564902,-33.45256426444597],[-70.61849976692777,-33.45236688865247],[-70.6193078070773,-33.45253543467562]]]}},{"type":"Feature","properties":{"comuna":"Nunoa","zona":"Z-1B","zona_code":"Z-1B","nombre":"Z-1B","decreto":""},"geometry":{"type":"Polygon","coordinates":[[[-70.61927369209073,-33.452737456388384],[-70.61918022222697,-33.4531120357206],[-70.61830307294989,-33.45298562737817],[-70.61842002564902,-33.45256426444597],[-70.61927369209073,-33.452737456388384]]]}},{"type":"Feature","properties":{"comuna":"Nunoa","zona":"Z-1B","zona_code":"Z-1B","nombre":"Z-1B","decreto":""},"geometry":{"type":"Polygon","coordinates":[[[-70.61824193762754,-33.45256426450719],[-70.61812232641117,-33.45294570912331],[-70.61782994371667,-33.45291909678572],[-70.61794158090716,-33.45249108049506],[-70.61824193762754,-33.45256426450719]]]}},{"type":"Feature","properties":{"comuna":"Nunoa","zona":"Z-4C","zona_code":"Z-4C","nombre":"Z-4C","decreto":""},"geometry":{"type":"Polygon","coordinates":[[[-70.61824193762754,-33.45256426450719],[-70.61793932018617,-33.45249974772929],[-70.6179787933102,-33.45225600266756],[-70.61828446648015,-33.45232475234342],[-70.61824193762754,-33.45256426450719]]]}},{"type":"Feature","properties":{"comuna":"Nunoa","zona":"Z-4C","zona_code":"Z-4C","nombre":"Z-4C","decreto":""},"geometry":{"type":"Polygon","coordinates":[[[-70.62101957764443,-33.451581815588305],[-70.62070061347103,-33.45267071393015],[-70.6195417133863,-33.452437855441],[-70.61990054739907,-33.45135560655819],[-70.62101957764443,-33.451581815588305]]]}},{"type":"Feature","properties":{"comuna":"Nunoa","zona":"Z-4C","zona_code":"Z-4C","nombre":"Z-4C","decreto":""},"geometry":{"type":"Polygon","coordinates":[[[-70.61967727342794,-33.45129129171186],[-70.61940083769923,-33.45238241257707],[-70.61852368849809,-33.45224491405746],[-70.61883999423884,-33.45114048543938],[-70.61967727342794,-33.45129129171186]]]}},{"type":"Feature","properties":{"comuna":"Nunoa","zona":"Z-4C","zona_code":"Z-4C","nombre":"Z-4C","decreto":""},"geometry":{"type":"Polygon","coordinates":[[[-70.6186486158471,-33.45109391323679],[-70.61835623257691,-33.45215620583412],[-70.61798942505031,-33.452136246072506],[-70.6181356169786,-33.450996332044156],[-70.6186486158471,-33.45109391323679]]]}},{"type":"Feature","properties":{"comuna":"Nunoa","zona":"Z-4C","zona_code":"Z-4C","nombre":"Z-4C","decreto":""},"geometry":{"type":"Polygon","coordinates":[[[-70.62143688764195,-33.45036427279246],[-70.62124019291842,-33.45097637306859],[-70.62051189378528,-33.450807824227546],[-70.62048531352102,-33.450991896951955],[-70.62060758287777,-33.45102516328422],[-70.62065011162069,-33.45092758213742],[-70.62118703337185,-33.450994114681386],[-70.62107273759133,-33.45144209798669],[-70.6199563663321,-33.45122254262568],[-70.62027798724759,-33.45014249600089],[-70.62143688764195,-33.45036427279246]]]}},{"type":"Feature","properties":{"comuna":"Nunoa","zona":"Z-4C","zona_code":"Z-4C","nombre":"Z-4C","decreto":""},"geometry":{"type":"Polygon","coordinates":[[[-70.6200759767283,-33.45010701225201],[-70.61994307607318,-33.45050620891372],[-70.61907124262872,-33.450342094585686],[-70.61922274987431,-33.44994955024059],[-70.6200759767283,-33.45010701225201]]]}},{"type":"Feature","properties":{"comuna":"Nunoa","zona":"Z-4C","zona_code":"Z-4C","nombre":"Z-4C","decreto":""},"geometry":{"type":"Polygon","coordinates":[[[-70.61989788912395,-33.45062153290089],[-70.61973840792588,-33.45117596955752],[-70.61888252306508,-33.450994114962086],[-70.61905529474703,-33.45046850767546],[-70.61989788912395,-33.45062153290089]]]}},{"type":"Feature","properties":{"comuna":"Nunoa","zona":"Z-4C","zona_code":"Z-4C","nombre":"Z-4C","decreto":""},"geometry":{"type":"Polygon","coordinates":[[[-70.61904997885026,-33.449909630050925],[-70.6186991186792,-33.45096750170808],[-70.61815156471552,-33.45085883196079],[-70.61833762665455,-33.449765474453535],[-70.61904997885026,-33.449909630050925]]]}},{"type":"Feature","properties":{"comuna":"Nunoa","zona":"MH- 3","zona_code":"MH- 3","nombre":"MH- 3","decreto":""},"geometry":{"type":"Polygon","coordinates":[[[-70.61748942066218,-33.45602652662793],[-70.61750832220875,-33.4562670143524],[-70.61708303753073,-33.45707914970055],[-70.61629389827392,-33.45715405479811],[-70.61615686249732,-33.45614874224743],[-70.61748942066218,-33.45602652662793]]]}},{"type":"Feature","properties":{"comuna":"Nunoa","zona":"MH- 3","zona_code":"MH- 3","nombre":"MH- 3","decreto":""},"geometry":{"type":"Polygon","coordinates":[[[-70.61594894562067,-33.45617633896222],[-70.61615213704852,-33.45715011258769],[-70.61426670996724,-33.45732751905164],[-70.61410132067446,-33.45636951787522],[-70.61594894562067,-33.45617633896222]]]}},{"type":"Feature","properties":{"comuna":"Nunoa","zona":"MH- 3","zona_code":"MH- 3","nombre":"MH- 3","decreto":""},"geometry":{"type":"Polygon","coordinates":[[[-70.61696452459866,-33.45729014566341],[-70.61673165791564,-33.4577266439472],[-70.6163808454025,-33.45776449040231],[-70.61634757865616,-33.45733808468244],[-70.61696452459866,-33.45729014566341]]]}},{"type":"Feature","properties":{"comuna":"Nunoa","zona":"MH- 3","zona_code":"MH- 3","nombre":"MH- 3","decreto":""},"geometry":{"type":"Polygon","coordinates":[[[-70.61616914859712,-33.45736836171041],[-70.61619031851136,-33.457782151707896],[-70.61435460104006,-33.45794110762595],[-70.61431226198644,-33.45750713306556],[-70.61616914859712,-33.45736836171041]]]}},{"type":"Feature","properties":{"comuna":"Nunoa","zona":"MH- 3","zona_code":"MH- 3","nombre":"MH- 3","decreto":""},"geometry":{"type":"Polygon","coordinates":[[[-70.61410056492784,-33.457542456854156],[-70.61413987979422,-33.45796633882588],[-70.61187472051535,-33.45819846357911],[-70.61179609003457,-33.45776196762773],[-70.61410056492784,-33.457542456854156]]]}},{"type":"Feature","properties":{"comuna":"Nunoa","zona":"MH- 3","zona_code":"MH- 3","nombre":"MH- 3","decreto":""},"geometry":{"type":"Polygon","coordinates":[[[-70.61393120721783,-33.45640704951375],[-70.614073346618,-33.45734060748531],[-70.61176887203057,-33.457562641889034],[-70.61162975664604,-33.456636654826994],[-70.61246444836033,-33.45656600717052],[-70.61253098163371,-33.456931861926286],[-70.61264892783254,-33.456926815751835],[-70.61258239378718,-33.4565533920155],[-70.61393120721783,-33.45640704951375]]]}},{"type":"Feature","properties":{"comuna":"Nunoa","zona":"MH- 3","zona_code":"MH- 3","nombre":"MH- 3","decreto":""},"geometry":{"type":"Polygon","coordinates":[[[-70.61146947134253,-33.456674502632175],[-70.61159346564705,-33.45758282665046],[-70.61033538021928,-33.45769636612341],[-70.61030513764067,-33.45723715998831],[-70.61016299763196,-33.45725986764278],[-70.61020231250585,-33.45771150504492],[-70.60974565209834,-33.457754398026324],[-70.609600488665,-33.45690158389254],[-70.61146947134253,-33.456674502632175]]]}},{"type":"Feature","properties":{"comuna":"Nunoa","zona":"MH- 3","zona_code":"MH- 3","nombre":"MH- 3","decreto":""},"geometry":{"type":"Polygon","coordinates":[[[-70.61162522006236,-33.45779271791422],[-70.61167719911387,-33.45821454775843],[-70.60984847634796,-33.45838012617943],[-70.60980122271896,-33.45797406569606],[-70.61162522006236,-33.45779271791422]]]}},{"type":"Feature","properties":{"comuna":"Nunoa","zona":"ZCH- 1","zona_code":"ZCH- 1","nombre":"ZCH- 1","decreto":""},"geometry":{"type":"Polygon","coordinates":[[[-70.61777502260715,-33.45452980973137],[-70.61791716241503,-33.45559459262591],[-70.61746655029256,-33.4553700306861],[-70.61735767668175,-33.45458027339593],[-70.61777502260715,-33.45452980973137]]]}},{"type":"Feature","properties":{"comuna":"Nunoa","zona":"ZCH- 1","zona_code":"ZCH- 1","nombre":"ZCH- 1","decreto":""},"geometry":{"type":"Polygon","coordinates":[[[-70.61724275617934,-33.45461307530886],[-70.61732441058462,-33.45514294506921],[-70.61707037411522,-33.455024355439505],[-70.61682540969475,-33.45505463373649],[-70.61677399742452,-33.45461307493131],[-70.61724275617934,-33.45461307530886]]]}},{"type":"Feature","properties":{"comuna":"Nunoa","zona":"ZCH- 1","zona_code":"ZCH- 1","nombre":"ZCH- 1","decreto":""},"geometry":{"type":"Polygon","coordinates":[[[-70.61662883429197,-33.45462316765356],[-70.61670746377868,-33.454953706209494],[-70.61609656679207,-33.45465596915567],[-70.61662883429197,-33.45462316765356]]]}},{"type":"Feature","properties":{"comuna":"Nunoa","zona":"ZCH- 1","zona_code":"ZCH- 1","nombre":"ZCH- 1","decreto":""},"geometry":{"type":"Polygon","coordinates":[[[-70.61738791948271,-33.455491143431345],[-70.61777199903368,-33.45569047325105],[-70.61616310053272,-33.45585700194712],[-70.61611773619492,-33.45559963942244],[-70.61738791948271,-33.455491143431345]]]}},{"type":"Feature","properties":{"comuna":"Nunoa","zona":"ZCH- 1","zona_code":"ZCH- 1","nombre":"ZCH- 1","decreto":""},"geometry":{"type":"Polygon","coordinates":[[[-70.61674980384576,-33.45512023598741],[-70.61677097348432,-33.45527919685776],[-70.6169977920192,-33.455412924945264],[-70.6161056394186,-33.455508805212254],[-70.61605725198041,-33.455211071062585],[-70.61674980384576,-33.45512023598741]]]}},{"type":"Feature","properties":{"comuna":"Nunoa","zona":"ZCH- 1","zona_code":"ZCH- 1","nombre":"ZCH- 1","decreto":""},"geometry":{"type":"Polygon","coordinates":[[[-70.61598769407533,-33.454756897368284],[-70.61654415469913,-33.45502687862171],[-70.61654415513948,-33.45506220329097],[-70.61605422694416,-33.455100051048845],[-70.61598769407533,-33.454756897368284]]]}},{"type":"Feature","properties":{"comuna":"Nunoa","zona":"Áreas verdes","zona_code":"Áreas verdes","nombre":"Áreas verdes","decreto":""},"geometry":{"type":"Polygon","coordinates":[[[-70.61730638553553,-33.45526143357128],[-70.61724638518595,-33.45539869390283],[-70.6169037983622,-33.455162928344784],[-70.61704315576564,-33.455141935756146],[-70.61730638553553,-33.45526143357128]]]}},{"type":"Feature","properties":{"comuna":"Nunoa","zona":"Z-4C","zona_code":"Z-4C","nombre":"Z-4C","decreto":""},"geometry":{"type":"Polygon","coordinates":[[[-70.61575520481048,-33.45465060731224],[-70.61594422002614,-33.45589642659986],[-70.61407296882051,-33.45610537578188],[-70.61388867872924,-33.454796479923864],[-70.61575520481048,-33.45465060731224]]]}},{"type":"Feature","properties":{"comuna":"Nunoa","zona":"Z-4C","zona_code":"Z-4C","nombre":"Z-4C","decreto":""},"geometry":{"type":"Polygon","coordinates":[[[-70.61369229203103,-33.45482250050564],[-70.6138767706798,-33.45612697978615],[-70.6128575997199,-33.4562354757338],[-70.61268824247455,-33.45492595063229],[-70.61369229203103,-33.45482250050564]]]}},{"type":"Feature","properties":{"comuna":"Nunoa","zona":"Z-4C","zona_code":"Z-4C","nombre":"Z-4C","decreto":""},"geometry":{"type":"Polygon","coordinates":[[[-70.61247049695068,-33.45497893774412],[-70.61263985415547,-33.456258183330895],[-70.61160253889035,-33.45637677198468],[-70.61145435008297,-33.45506977257801],[-70.61247049695068,-33.45497893774412]]]}},{"type":"Feature","properties":{"comuna":"Nunoa","zona":"Z-4C","zona_code":"Z-4C","nombre":"Z-4C","decreto":""},"geometry":{"type":"Polygon","coordinates":[[[-70.61122753220795,-33.45510005102943],[-70.61143922917381,-33.45637929468316],[-70.60948254319732,-33.4566013312604],[-70.60938274269657,-33.455816631820774],[-70.60980916100564,-33.455846909044745],[-70.609842427607,-33.455733367567234],[-70.60936762184554,-33.45577626107937],[-70.60932528237655,-33.45531452047073],[-70.61122753220795,-33.45510005102943]]]}},{"type":"Feature","properties":{"comuna":"Nunoa","zona":"Z-1B","zona_code":"Z-1B","nombre":"Z-1B","decreto":""},"geometry":{"type":"Polygon","coordinates":[[[-70.61353503061191,-33.45336408367752],[-70.61362273459538,-33.45415889855964],[-70.61252493372808,-33.45425225686132],[-70.6124251334443,-33.45347762895434],[-70.61353503061191,-33.45336408367752]]]}},{"type":"Feature","properties":{"comuna":"Nunoa","zona":"Z-1B","zona_code":"Z-1B","nombre":"Z-1B","decreto":""},"geometry":{"type":"Polygon","coordinates":[[[-70.61231323567561,-33.45349276882014],[-70.61237674561734,-33.454282535355965],[-70.61133942934603,-33.45430776754021],[-70.61123055669411,-33.45364163937899],[-70.61231323567561,-33.45349276882014]]]}},{"type":"Feature","properties":{"comuna":"Nunoa","zona":"Z-3A","zona_code":"Z-3A","nombre":"Z-3A","decreto":""},"geometry":{"type":"Polygon","coordinates":[[[-70.61133801234493,-33.4542990977215],[-70.61362125174702,-33.45414546706109],[-70.6136983403617,-33.45462064443264],[-70.61138479277484,-33.454875487273554],[-70.61133801234493,-33.4542990977215]]]}},{"type":"Feature","properties":{"comuna":"Nunoa","zona":"Z-1B","zona_code":"Z-1B","nombre":"Z-1B","decreto":""},"geometry":{"type":"Polygon","coordinates":[[[-70.61110051339583,-33.45361892968974],[-70.61115192568211,-33.454063016538406],[-70.6098394034603,-33.45424973427947],[-70.60974262774705,-33.45415637545355],[-70.60970028840882,-33.45378293948775],[-70.61110051339583,-33.45361892968974]]]}},{"type":"Feature","properties":{"comuna":"Nunoa","zona":"Z-1B","zona_code":"Z-1B","nombre":"Z-1B","decreto":""},"geometry":{"type":"Polygon","coordinates":[[[-70.6096428277171,-33.453803125520935],[-70.60972750674108,-33.45427496601411],[-70.60910753610534,-33.454355708478246],[-70.60910753652453,-33.454166468202956],[-70.60920733631617,-33.45413366627687],[-70.60917104508209,-33.453863682709645],[-70.6096428277171,-33.453803125520935]]]}},{"type":"Feature","properties":{"comuna":"Nunoa","zona":"Z-3A","zona_code":"Z-3A","nombre":"Z-3A","decreto":""},"geometry":{"type":"Polygon","coordinates":[[[-70.60985416528155,-33.45424763429207],[-70.6111519224553,-33.45406301658034],[-70.6112396295843,-33.45487296429938],[-70.60929806375347,-33.45508743475282],[-70.60910753610534,-33.454355708478246],[-70.60972658479656,-33.454275086206316],[-70.60975774932805,-33.45449448479589],[-70.609872670048,-33.45444402110497],[-70.60985416528155,-33.45424763429207]]]}},{"type":"Feature","properties":{"comuna":"Nunoa","zona":"Z-1B","zona_code":"Z-1B","nombre":"Z-1B","decreto":""},"geometry":{"type":"Polygon","coordinates":[[[-70.60874160288189,-33.453921716316145],[-70.60879906362098,-33.45438094061924],[-70.60779199002239,-33.45449953116796],[-70.60771335897225,-33.45404535428841],[-70.60874160288189,-33.453921716316145]]]}},{"type":"Feature","properties":{"comuna":"Nunoa","zona":"Z-3A","zona_code":"Z-3A","nombre":"Z-3A","decreto":""},"geometry":{"type":"Polygon","coordinates":[[[-70.60879906254537,-33.4543809406332],[-70.60893515415611,-33.45513032843309],[-70.60789179007942,-33.45524639508093],[-70.60779198894677,-33.454499531181916],[-70.60879906254537,-33.4543809406332]]]}},{"type":"Feature","properties":{"comuna":"Nunoa","zona":"Z-1B","zona_code":"Z-1B","nombre":"Z-1B","decreto":""},"geometry":{"type":"Polygon","coordinates":[[[-70.60759238972202,-33.45405796971175],[-70.60768614114771,-33.454509623847045],[-70.6051457752513,-33.45479726794961],[-70.60504899926781,-33.45432038423138],[-70.60759238972202,-33.45405796971175]]]}},{"type":"Feature","properties":{"comuna":"Nunoa","zona":"Z-3A","zona_code":"Z-3A","nombre":"Z-3A","decreto":""},"geometry":{"type":"Polygon","coordinates":[[[-70.60768614114771,-33.454509623847045],[-70.60778291705675,-33.4552388259386],[-70.60595324878952,-33.45544824949598],[-70.60580618241254,-33.45472249111831],[-70.60768614114771,-33.454509623847045]]]}},{"type":"Feature","properties":{"comuna":"Nunoa","zona":"Z-2","zona_code":"Z-2","nombre":"Z-2","decreto":""},"geometry":{"type":"Polygon","coordinates":[[[-70.60515684759545,-33.4547960144158],[-70.60580618133692,-33.454722491132244],[-70.60595324878952,-33.45544824949598],[-70.60525767246543,-33.45552899103734],[-70.60515684759545,-33.4547960144158]]]}},{"type":"Feature","properties":{"comuna":"Nunoa","zona":"Z-4C","zona_code":"Z-4C","nombre":"Z-4C","decreto":""},"geometry":{"type":"Polygon","coordinates":[[[-70.60707221912094,-33.455554221972264],[-70.60725065012561,-33.456861214257664],[-70.60624055206895,-33.45697727789676],[-70.6059955883999,-33.4556803807149],[-70.60707221912094,-33.455554221972264]]]}},{"type":"Feature","properties":{"comuna":"Nunoa","zona":"Z-2","zona_code":"Z-2","nombre":"Z-2","decreto":""},"geometry":{"type":"Polygon","coordinates":[[[-70.60601843055207,-33.455677703928636],[-70.60624055206895,-33.45697727789676],[-70.6054844906271,-33.45705549495455],[-70.60529093887564,-33.455743459511226],[-70.60601843055207,-33.455677703928636]]]}},{"type":"Feature","properties":{"comuna":"Nunoa","zona":"Z-4C","zona_code":"Z-4C","nombre":"Z-4C","decreto":""},"geometry":{"type":"Polygon","coordinates":[[[-70.6089684208156,-33.45535236845469],[-70.60914685105828,-33.45665431725156],[-70.60742908007295,-33.45686373701813],[-70.60722343186328,-33.455518898165806],[-70.6089684208156,-33.45535236845469]]]}},{"type":"Feature","properties":{"comuna":"Nunoa","zona":"MH- 3","zona_code":"MH- 3","nombre":"MH- 3","decreto":""},"geometry":{"type":"Polygon","coordinates":[[[-70.60916802082679,-33.45690158418741],[-70.6092950399491,-33.45780486013341],[-70.60870833636547,-33.457875506850975],[-70.60855712340314,-33.45697475456972],[-70.60916802082679,-33.45690158418741]]]}},{"type":"Feature","properties":{"comuna":"Nunoa","zona":"MH- 3","zona_code":"MH- 3","nombre":"MH- 3","decreto":""},"geometry":{"type":"Polygon","coordinates":[[[-70.60840288662675,-33.457002509620075],[-70.60852688110752,-33.4578654146786],[-70.60763170437791,-33.45796633837751],[-70.60748351610128,-33.4570933416231],[-70.60840288662675,-33.457002509620075]]]}},{"type":"Feature","properties":{"comuna":"Nunoa","zona":"Áreas verdes","zona_code":"Áreas verdes","nombre":"Áreas verdes","decreto":""},"geometry":{"type":"Polygon","coordinates":[[[-70.60732625606558,-33.457126142417216],[-70.60744722525739,-33.45796129261326],[-70.60691193418735,-33.458029416260146],[-70.60676979459919,-33.4571791284996],[-70.60732625606558,-33.457126142417216]]]}},{"type":"Feature","properties":{"comuna":"Nunoa","zona":"MH- 3","zona_code":"MH- 3","nombre":"MH- 3","decreto":""},"geometry":{"type":"Polygon","coordinates":[[[-70.606660922113,-33.45720688223488],[-70.60683027927412,-33.458049600850636],[-70.60565384853322,-33.45819089392651],[-70.60553892681087,-33.457282576263694],[-70.606660922113,-33.45720688223488]]]}},{"type":"Feature","properties":{"comuna":"Nunoa","zona":"MH- 3","zona_code":"MH- 3","nombre":"MH- 3","decreto":""},"geometry":{"type":"Polygon","coordinates":[[[-70.60931620902652,-33.45801932380854],[-70.60938879069131,-33.45842049509348],[-70.6077073108621,-33.45857944961652],[-70.6076377536219,-33.45817827858295],[-70.60931620902652,-33.45801932380854]]]}},{"type":"Feature","properties":{"comuna":"Nunoa","zona":"MH- 3","zona_code":"MH- 3","nombre":"MH- 3","decreto":""},"geometry":{"type":"Polygon","coordinates":[[[-70.60744722619796,-33.458180801881134],[-70.6075077104619,-33.458617295478966],[-70.60617704253475,-33.45874849577261],[-70.60609236426286,-33.45856431091132],[-70.60572038212119,-33.45861477292624],[-70.60569013903077,-33.458359941046126],[-70.60744722619796,-33.458180801881134]]]}},{"type":"Feature","properties":{"comuna":"Nunoa","zona":"Áreas verdes","zona_code":"Áreas verdes","nombre":"Áreas verdes","decreto":""},"geometry":{"type":"Polygon","coordinates":[[[-70.60939483978034,-33.45681075146864],[-70.60955814911217,-33.45777962854579],[-70.60955210062097,-33.45784018385438],[-70.60933737861443,-33.456954570286264],[-70.60939483978034,-33.45681075146864]]]}},{"type":"Feature","properties":{"comuna":"Nunoa","zona":"Áreas verdes","zona_code":"Áreas verdes","nombre":"Áreas verdes","decreto":""},"geometry":{"type":"Polygon","coordinates":[[[-70.60959141517583,-33.45793878632929],[-70.60965915820358,-33.45837800628067],[-70.60964367423816,-33.45846197479689],[-70.60951012429679,-33.45795493405913],[-70.60959141517583,-33.45793878632929]]]}},{"type":"Feature","properties":{"comuna":"Nunoa","zona":"Áreas verdes","zona_code":"Áreas verdes","nombre":"Áreas verdes","decreto":""},"geometry":{"type":"Polygon","coordinates":[[[-70.60966302944855,-33.45854594269694],[-70.6097965805172,-33.45924029246821],[-70.60975787041988,-33.45929357935131],[-70.60964754516702,-33.45881883930707],[-70.60966302944855,-33.45854594269694]]]}},{"type":"Feature","properties":{"comuna":"Nunoa","zona":"Z-5A","zona_code":"Z-5A","nombre":"Z-5A","decreto":""},"geometry":{"type":"MultiPolygon","coordinates":[[[[-70.60617671743904,-33.45874778663685],[-70.60578993986589,-33.45876868016427],[-70.60573559303754,-33.45861270908334],[-70.60609236318722,-33.458564310925254],[-70.60617671743904,-33.45874778663685]]],[[[-70.60619333887888,-33.45874688856387],[-70.60617704361043,-33.45874849575867],[-70.60617671743904,-33.45874778663685],[-70.60619333887888,-33.45874688856387]]]]}},{"type":"Feature","properties":{"comuna":"Nunoa","zona":"Z-5A","zona_code":"Z-5A","nombre":"Z-5A","decreto":""},"geometry":{"type":"Polygon","coordinates":[[[-70.6061588973049,-33.45894024917693],[-70.6061679704017,-33.45907901810839],[-70.6063161585441,-33.459071448683915],[-70.60641898187862,-33.45937926288685],[-70.60650063714318,-33.45937926242445],[-70.60656414572698,-33.459742582389396],[-70.605986515805,-33.45979051969562],[-70.60585949720753,-33.45896800267768],[-70.6061588973049,-33.45894024917693]]]}},{"type":"Feature","properties":{"comuna":"Nunoa","zona":"Áreas verdes","zona_code":"Áreas verdes","nombre":"Áreas verdes","decreto":""},"geometry":{"type":"Polygon","coordinates":[[[-70.60586044907357,-33.45897416969279],[-70.60598482238976,-33.459779557334905],[-70.60588973957553,-33.45977538190279],[-70.60578086647028,-33.458965479884554],[-70.60586044907357,-33.45897416969279]]]}},{"type":"Feature","properties":{"comuna":"Nunoa","zona":"MH- 3","zona_code":"MH- 3","nombre":"MH- 3","decreto":""},"geometry":{"type":"MultiPolygon","coordinates":[[[[-70.60615890167932,-33.4589403113466],[-70.60780711133538,-33.45883175716039],[-70.60786457196191,-33.459442338557245],[-70.60739278912358,-33.459497846421655],[-70.60738976543986,-33.45958362990643],[-70.60788876573496,-33.45955587633625],[-70.60797041993092,-33.46030017382057],[-70.60693612822634,-33.46040614054589],[-70.60686959501405,-33.45975267432223],[-70.60670326105607,-33.45976781243513],[-70.60676979482524,-33.46040866395059],[-70.60599861198028,-33.46047678532258],[-70.60588973957553,-33.45977538190279],[-70.60656414571035,-33.45974258148778],[-70.60650063714318,-33.45937926242445],[-70.6064189829543,-33.4593792628729],[-70.60631615856073,-33.459071449585544],[-70.6061679704017,-33.45907901810839],[-70.60615890167932,-33.4589403113466]]],[[[-70.60615890167932,-33.4589403113466],[-70.606132342713,-33.45894271077325],[-70.6061588973049,-33.45894024917693],[-70.60615890167932,-33.4589403113466]]]]}},{"type":"Feature","properties":{"comuna":"Nunoa","zona":"Áreas verdes","zona_code":"Áreas verdes","nombre":"Áreas verdes","decreto":""},"geometry":{"type":"Polygon","coordinates":[[[-70.60762105882596,-33.45949865379886],[-70.60776428742865,-33.45952610462442],[-70.60758815587589,-33.45952610390954],[-70.60762105882596,-33.45949865379886]]]}},{"type":"Feature","properties":{"comuna":"Nunoa","zona":"MH- 3","zona_code":"MH- 3","nombre":"MH- 3","decreto":""},"geometry":{"type":"Polygon","coordinates":[[[-70.6094268961255,-33.45861376313909],[-70.60949657568369,-33.45933071909061],[-70.60799848513552,-33.459461513908224],[-70.60789977349347,-33.45876070745891],[-70.6094268961255,-33.45861376313909]]]}},{"type":"Feature","properties":{"comuna":"Nunoa","zona":"MH- 3","zona_code":"MH- 3","nombre":"MH- 3","decreto":""},"geometry":{"type":"Polygon","coordinates":[[[-70.60937669356272,-33.459437292989456],[-70.6095127852969,-33.460143745932655],[-70.60814582619517,-33.46028755864898],[-70.6080369533543,-33.45958110713794],[-70.60937669356272,-33.459437292989456]]]}},{"type":"Feature","properties":{"comuna":"Nunoa","zona":"MH- 3","zona_code":"MH- 3","nombre":"MH- 3","decreto":""},"geometry":{"type":"Polygon","coordinates":[[[-70.60951883354558,-33.460330449991666],[-70.60962165822154,-33.46101923493739],[-70.6082395784345,-33.46110754009654],[-70.60813372902781,-33.46050706244839],[-70.60820328728995,-33.46045660165394],[-70.60951883354558,-33.460330449991666]]]}},{"type":"Feature","properties":{"comuna":"Nunoa","zona":"MH- 3","zona_code":"MH- 3","nombre":"MH- 3","decreto":""},"geometry":{"type":"Polygon","coordinates":[[[-70.60797949311883,-33.46047426273514],[-70.60805509935152,-33.461137815544504],[-70.60695729804547,-33.46122107508497],[-70.60693310363817,-33.460580229494944],[-70.60797949311883,-33.46047426273514]]]}},{"type":"Feature","properties":{"comuna":"Nunoa","zona":"MH- 3","zona_code":"MH- 3","nombre":"MH- 3","decreto":""},"geometry":{"type":"Polygon","coordinates":[[[-70.60666999430558,-33.46057266057467],[-70.60680306104571,-33.46122359774555],[-70.60615284898329,-33.46129424258945],[-70.60606514543673,-33.4606433048432],[-70.60666999430558,-33.46057266057467]]]}},{"type":"Feature","properties":{"comuna":"Nunoa","zona":"MH- 3","zona_code":"MH- 3","nombre":"MH- 3","decreto":""},"geometry":{"type":"Polygon","coordinates":[[[-70.60964887610692,-33.46114790812435],[-70.60976077293532,-33.46174838144206],[-70.60835449904826,-33.46190480640913],[-70.60829401486755,-33.46126144356453],[-70.60964887610692,-33.46114790812435]]]}},{"type":"Feature","properties":{"comuna":"Nunoa","zona":"MH- 3","zona_code":"MH- 3","nombre":"MH- 3","decreto":""},"geometry":{"type":"Polygon","coordinates":[[[-70.60811558381765,-33.46128667334605],[-70.60820026317647,-33.46193255951963],[-70.60761658347754,-33.461952743633184],[-70.60757424375319,-33.461773611184626],[-70.60752888079323,-33.46196788116994],[-70.60706919455386,-33.46198301939997],[-70.6070208074225,-33.461352271558695],[-70.60811558381765,-33.46128667334605]]]}},{"type":"Feature","properties":{"comuna":"Nunoa","zona":"MH- 3","zona_code":"MH- 3","nombre":"MH- 3","decreto":""},"geometry":{"type":"Polygon","coordinates":[[[-70.60682120642613,-33.46140525454887],[-70.60689681271884,-33.461998156895284],[-70.60625264934978,-33.46205870819934],[-70.60617704222689,-33.46144814485033],[-70.60682120642613,-33.46140525454887]]]}},{"type":"Feature","properties":{"comuna":"Nunoa","zona":"Áreas verdes","zona_code":"Áreas verdes","nombre":"Áreas verdes","decreto":""},"geometry":{"type":"Polygon","coordinates":[[[-70.61011763418284,-33.46025728195751],[-70.61040493743573,-33.46160457123667],[-70.61033235528137,-33.46167016917567],[-70.61011763418284,-33.46025728195751]]]}},{"type":"Feature","properties":{"comuna":"Nunoa","zona":"Áreas verdes","zona_code":"Áreas verdes","nombre":"Áreas verdes","decreto":""},"geometry":{"type":"Polygon","coordinates":[[[-70.60994827665469,-33.460244666596445],[-70.61021138554958,-33.461793795386484],[-70.61016904675529,-33.4618568702011],[-70.60989383975317,-33.46033801959638],[-70.60994827665469,-33.460244666596445]]]}},{"type":"Feature","properties":{"comuna":"Nunoa","zona":"Áreas verdes","zona_code":"Áreas verdes","nombre":"Áreas verdes","decreto":""},"geometry":{"type":"Polygon","coordinates":[[[-70.60974867657903,-33.46031026542425],[-70.60995734963696,-33.461647461968376],[-70.60992408232667,-33.46169792130749],[-70.60966097267334,-33.46037586456925],[-70.6096579483794,-33.460282512098466],[-70.60974867657903,-33.46031026542425]]]}},{"type":"Feature","properties":{"comuna":"Nunoa","zona":"Áreas verdes","zona_code":"Áreas verdes","nombre":"Áreas verdes","decreto":""},"geometry":{"type":"Polygon","coordinates":[[[-70.61005206898739,-33.45937108792391],[-70.61014497308733,-33.460075118728874],[-70.61009271414719,-33.460138094225464],[-70.60996303449608,-33.45939369446016],[-70.61005206898739,-33.45937108792391]]]}},{"type":"Feature","properties":{"comuna":"Nunoa","zona":"Áreas verdes","zona_code":"Áreas verdes","nombre":"Áreas verdes","decreto":""},"geometry":{"type":"Polygon","coordinates":[[[-70.60982174151677,-33.459388849774804],[-70.60992626009974,-33.460102569794486],[-70.60988754972442,-33.46014939690941],[-70.6097520632148,-33.4593904644671],[-70.60982174151677,-33.459388849774804]]]}},{"type":"Feature","properties":{"comuna":"Nunoa","zona":"Áreas verdes","zona_code":"Áreas verdes","nombre":"Áreas verdes","decreto":""},"geometry":{"type":"Polygon","coordinates":[[[-70.60959722236436,-33.459403382972624],[-70.60972496655329,-33.4601413232466],[-70.6096939974817,-33.4601752329516],[-70.6095468990821,-33.45957131699708],[-70.60959722236436,-33.459403382972624]]]}},{"type":"Feature","properties":{"comuna":"Nunoa","zona":"Z-5A","zona_code":"Z-5A","nombre":"Z-5A","decreto":""},"geometry":{"type":"Polygon","coordinates":[[[-70.61828914471624,-33.448431023305496],[-70.61814095685939,-33.44953625515292],[-70.61760264030984,-33.44945803155958],[-70.61783550773538,-33.44834270480709],[-70.61828914471624,-33.448431023305496]]]}},{"type":"Feature","properties":{"comuna":"Nunoa","zona":"Z-5A","zona_code":"Z-5A","nombre":"Z-5A","decreto":""},"geometry":{"type":"Polygon","coordinates":[[[-70.61771756162132,-33.44831999467456],[-70.61747562254156,-33.44943027481547],[-70.61693730682877,-33.44936466761182],[-70.61717017420808,-33.448231675994435],[-70.61771756162132,-33.44831999467456]]]}},{"type":"Feature","properties":{"comuna":"Nunoa","zona":"Áreas verdes","zona_code":"Áreas verdes","nombre":"Áreas verdes","decreto":""},"geometry":{"type":"Polygon","coordinates":[[[-70.61700384051717,-33.4482367225485],[-70.61674677991174,-33.44932429397962],[-70.61627499763935,-33.44926625637561],[-70.61650181550169,-33.44816606856018],[-70.61700384051717,-33.4482367225485]]]}},{"type":"Feature","properties":{"comuna":"Nunoa","zona":"Z-5A","zona_code":"Z-5A","nombre":"Z-5A","decreto":""},"geometry":{"type":"Polygon","coordinates":[[[-70.61636572453895,-33.44806513264636],[-70.61624777909903,-33.44856476149123],[-70.61587579644633,-33.4485294350459],[-70.6159786209388,-33.44797681454126],[-70.61636572453895,-33.44806513264636]]]}},{"type":"Feature","properties":{"comuna":"Nunoa","zona":"Z-5A","zona_code":"Z-5A","nombre":"Z-5A","decreto":""},"geometry":{"type":"Polygon","coordinates":[[[-70.61586370032407,-33.4479566270924],[-70.6157487783909,-33.448506724045885],[-70.6143757709416,-33.44829980771699],[-70.61454512938906,-33.44774970905704],[-70.61586370032407,-33.4479566270924]]]}},{"type":"Feature","properties":{"comuna":"Nunoa","zona":"Z-5A","zona_code":"Z-5A","nombre":"Z-5A","decreto":""},"geometry":{"type":"Polygon","coordinates":[[[-70.61621148834308,-33.44871616412601],[-70.6161026148555,-33.44927634970806],[-70.61570039114663,-33.44921326637939],[-70.61581531199693,-33.44863793990244],[-70.61621148834308,-33.44871616412601]]]}},{"type":"Feature","properties":{"comuna":"Nunoa","zona":"Z-5A","zona_code":"Z-5A","nombre":"Z-5A","decreto":""},"geometry":{"type":"Polygon","coordinates":[[[-70.61572155997789,-33.448622799928735],[-70.61559756684171,-33.44917541562038],[-70.614188268151,-33.448953360571274],[-70.6143697226299,-33.44839064947068],[-70.61572155997789,-33.448622799928735]]]}},{"type":"Feature","properties":{"comuna":"Nunoa","zona":"Z-4","zona_code":"Z-4","nombre":"Z-4","decreto":""},"geometry":{"type":"Polygon","coordinates":[[[-70.61436727289944,-33.44839824593155],[-70.614188268151,-33.448953360571274],[-70.61352595817506,-33.44886504316004],[-70.61365600057987,-33.4483023312151],[-70.61436727289944,-33.44839824593155]]]}},{"type":"Feature","properties":{"comuna":"Nunoa","zona":"Z-4","zona_code":"Z-4","nombre":"Z-4","decreto":""},"geometry":{"type":"Polygon","coordinates":[[[-70.61453851052019,-33.447771209240486],[-70.6143757709416,-33.44829980771699],[-70.61365902570937,-33.44820644250603],[-70.61381326211041,-33.44765129655084],[-70.61453851052019,-33.447771209240486]]]}},{"type":"Feature","properties":{"comuna":"Nunoa","zona":"Z-5A","zona_code":"Z-5A","nombre":"Z-5A","decreto":""},"geometry":{"type":"Polygon","coordinates":[[[-70.61807744681795,-33.4497229820271],[-70.61788692011376,-33.45123697227739],[-70.61737884701898,-33.451239495357],[-70.61756332597423,-33.44968513214934],[-70.61807744681795,-33.4497229820271]]]}},{"type":"Feature","properties":{"comuna":"Nunoa","zona":"Z-5A","zona_code":"Z-5A","nombre":"Z-5A","decreto":""},"geometry":{"type":"Polygon","coordinates":[[[-70.6174544528649,-33.44965485158668],[-70.61723065822896,-33.451209216255016],[-70.61666210034237,-33.451216785713314],[-70.61688891866692,-33.44956401169314],[-70.6174544528649,-33.44965485158668]]]}},{"type":"Feature","properties":{"comuna":"Nunoa","zona":"Z-5A","zona_code":"Z-5A","nombre":"Z-5A","decreto":""},"geometry":{"type":"Polygon","coordinates":[[[-70.61671048803353,-33.44955391792398],[-70.61649274316969,-33.45121678568522],[-70.61604213077729,-33.45120921641961],[-70.61620241556703,-33.449490835039555],[-70.61671048803353,-33.44955391792398]]]}},{"type":"Feature","properties":{"comuna":"Nunoa","zona":"Z-5A","zona_code":"Z-5A","nombre":"Z-5A","decreto":""},"geometry":{"type":"Polygon","coordinates":[[[-70.61606329955471,-33.449437844429156],[-70.61589999122855,-33.45117136625177],[-70.61545845145262,-33.451189029755206],[-70.6156671238104,-33.449392423879374],[-70.61606329955471,-33.449437844429156]]]}},{"type":"Feature","properties":{"comuna":"Nunoa","zona":"Áreas verdes","zona_code":"Áreas verdes","nombre":"Áreas verdes","decreto":""},"geometry":{"type":"Polygon","coordinates":[[[-70.61466247004364,-33.45181530999773],[-70.61459085554615,-33.45220611407518],[-70.61427536665799,-33.45217058654747],[-70.6143818194941,-33.45176686292003],[-70.61466247004364,-33.45181530999773]]]}},{"type":"Feature","properties":{"comuna":"Nunoa","zona":"Z-5A","zona_code":"Z-5A","nombre":"Z-5A","decreto":""},"geometry":{"type":"Polygon","coordinates":[[[-70.61415802544396,-33.45229675025739],[-70.61476892357405,-33.44928139679688],[-70.61556732444974,-33.449399994062745],[-70.61534655444581,-33.45122687858803],[-70.61511671073832,-33.45120921610778],[-70.61502295938067,-33.45143883518069],[-70.61585462702513,-33.45133033434329],[-70.61593023395446,-33.4523194593444],[-70.61533143307834,-33.45239768046716],[-70.61535562746776,-33.45273831930007],[-70.61476892285012,-33.452725702876734],[-70.61474170487708,-33.45263486703631],[-70.61416104969771,-33.45253141319649],[-70.61420943793424,-33.452412820047144],[-70.61514695357856,-33.45255664564896],[-70.61514090580107,-33.45242038933087],[-70.61415802544396,-33.45229675025739]],[[-70.61466247002691,-33.451815309096105],[-70.61438182056968,-33.45176686290602],[-70.61427536665799,-33.45217058654747],[-70.61459085554615,-33.45220611407518],[-70.61466247002691,-33.451815309096105]],[[-70.61577539209514,-33.45209791669413],[-70.61586249022794,-33.45210114624143],[-70.6158566837791,-33.45190412870522],[-70.61576571424952,-33.451897668752736],[-70.61577539209514,-33.45209791669413]]]}},{"type":"Feature","properties":{"comuna":"Nunoa","zona":"Z-1B","zona_code":"Z-1B","nombre":"Z-1B","decreto":""},"geometry":{"type":"MultiPolygon","coordinates":[[[[-70.61592045354803,-33.452320736673066],[-70.61587579715388,-33.452856912195664],[-70.6142003652168,-33.45295531893735],[-70.61416256840276,-33.45253168290819],[-70.61474170487708,-33.45263486703631],[-70.61476892285012,-33.452725702876734],[-70.61535562746776,-33.45273831930007],[-70.61533143307834,-33.45239768046716],[-70.61592045354803,-33.452320736673066]]],[[[-70.61416256840276,-33.45253168290819],[-70.61416104969771,-33.45253141319649],[-70.61416244415285,-33.4525279969408],[-70.61416256840276,-33.45253168290819]]]]}},{"type":"Feature","properties":{"comuna":"Nunoa","zona":"Z-5A","zona_code":"Z-5A","nombre":"Z-5A","decreto":""},"geometry":{"type":"Polygon","coordinates":[[[-70.61460258959276,-33.44925868631789],[-70.61421246160035,-33.451214263021676],[-70.61370136499401,-33.451120900674596],[-70.61411871069129,-33.449157752723465],[-70.61460258959276,-33.44925868631789]]]}},{"type":"Feature","properties":{"comuna":"Nunoa","zona":"Z-4","zona_code":"Z-4","nombre":"Z-4","decreto":""},"geometry":{"type":"Polygon","coordinates":[[[-70.61411811006084,-33.449160579667904],[-70.61370136391844,-33.451120900688586],[-70.61302865953408,-33.45103526660476],[-70.61347757005113,-33.449056029682836],[-70.61411811006084,-33.449160579667904]]]}},{"type":"Feature","properties":{"comuna":"Nunoa","zona":"Z-1B","zona_code":"Z-1B","nombre":"Z-1B","decreto":""},"geometry":{"type":"Polygon","coordinates":[[[-70.61402495883816,-33.45242543631677],[-70.61392818284449,-33.4528064473026],[-70.61351688549861,-33.45281654072132],[-70.61350176414929,-33.45301840040988],[-70.612570296435,-33.4531142832463],[-70.61279409100611,-33.45223871424411],[-70.61402495883816,-33.45242543631677]]]}},{"type":"Feature","properties":{"comuna":"Nunoa","zona":"Z-4","zona_code":"Z-4","nombre":"Z-4","decreto":""},"geometry":{"type":"Polygon","coordinates":[[[-70.6134381342945,-33.452336415617864],[-70.61279206760358,-33.452246629786025],[-70.61299974020726,-33.45117893663374],[-70.61365600080212,-33.4512672514157],[-70.6134381342945,-33.452336415617864]]]}},{"type":"Feature","properties":{"comuna":"Nunoa","zona":"Z-5A","zona_code":"Z-5A","nombre":"Z-5A","decreto":""},"geometry":{"type":"Polygon","coordinates":[[[-70.61365600080212,-33.4512672514157],[-70.61420641353595,-33.451373229927896],[-70.61402495883816,-33.45242543631677],[-70.6134381342945,-33.452336415617864],[-70.61365600080212,-33.4512672514157]]]}},{"type":"Feature","properties":{"comuna":"Nunoa","zona":"Z-1B","zona_code":"Z-1B","nombre":"Z-1B","decreto":""},"geometry":{"type":"Polygon","coordinates":[[[-70.61765102895887,-33.4524481450379],[-70.61759961677039,-33.452874575285314],[-70.61664697949539,-33.45284934252253],[-70.6166741980192,-33.452377494510046],[-70.61765102895887,-33.4524481450379]]]}},{"type":"Feature","properties":{"comuna":"Nunoa","zona":"Z-1B","zona_code":"Z-1B","nombre":"Z-1B","decreto":""},"geometry":{"type":"Polygon","coordinates":[[[-70.61653810604841,-33.45241282011033],[-70.616550204034,-33.452839249656485],[-70.61601188820867,-33.452867005295275],[-70.61602398517026,-33.45243048259278],[-70.61653810604841,-33.45241282011033]]]}},{"type":"Feature","properties":{"comuna":"Nunoa","zona":"Áreas verdes","zona_code":"Áreas verdes","nombre":"Áreas verdes","decreto":""},"geometry":{"type":"Polygon","coordinates":[[[-70.61632314321595,-33.45142773303035],[-70.61633475584883,-33.45181207968615],[-70.61618572097751,-33.45182338385586],[-70.61618378578983,-33.45143096317336],[-70.61632314321595,-33.45142773303035]]]}},{"type":"Feature","properties":{"comuna":"Nunoa","zona":"Áreas verdes","zona_code":"Áreas verdes","nombre":"Áreas verdes","decreto":""},"geometry":{"type":"Polygon","coordinates":[[[-70.61616636660243,-33.45190089870261],[-70.61617604412153,-33.45210276087748],[-70.61608313921968,-33.45210437613254],[-70.61607926759253,-33.45189766937713],[-70.61616636660243,-33.45190089870261]]]}},{"type":"Feature","properties":{"comuna":"Nunoa","zona":"Áreas verdes","zona_code":"Áreas verdes","nombre":"Áreas verdes","decreto":""},"geometry":{"type":"Polygon","coordinates":[[[-70.6158566837791,-33.45190412870522],[-70.61586249022794,-33.45210114624143],[-70.61577539207843,-33.452097915792514],[-70.61576571426625,-33.45189766965435],[-70.6158566837791,-33.45190412870522]]]}},{"type":"Feature","properties":{"comuna":"Nunoa","zona":"Z-5A","zona_code":"Z-5A","nombre":"Z-5A","decreto":""},"geometry":{"type":"Polygon","coordinates":[[[-70.61764948042668,-33.45246098385737],[-70.61667345969272,-33.45239028848378],[-70.61666960092198,-33.45210760602393],[-70.61685734622215,-33.45209145675517],[-70.61692508918227,-33.451820153955246],[-70.61673540826366,-33.451821769414536],[-70.61672960123728,-33.451401894357126],[-70.61782123283766,-33.45141319945459],[-70.61764948042668,-33.45246098385737]]]}},{"type":"Feature","properties":{"comuna":"Nunoa","zona":"Áreas verdes","zona_code":"Áreas verdes","nombre":"Áreas verdes","decreto":""},"geometry":{"type":"Polygon","coordinates":[[[-70.61691887358243,-33.45184504708424],[-70.6168861211748,-33.45197621622409],[-70.61666185869672,-33.45197518394571],[-70.61665024506016,-33.45183791812034],[-70.61691887358243,-33.45184504708424]]]}},{"type":"Feature","properties":{"comuna":"Nunoa","zona":"Áreas verdes","zona_code":"Áreas verdes","nombre":"Áreas verdes","decreto":""},"geometry":{"type":"Polygon","coordinates":[[[-70.61666960083006,-33.45205108471793],[-70.61685734622215,-33.45209145675517],[-70.61666960090524,-33.452107605122315],[-70.61666960083006,-33.45205108471793]]]}},{"type":"Feature","properties":{"comuna":"Nunoa","zona":"Z-5A","zona_code":"Z-5A","nombre":"Z-5A","decreto":""},"geometry":{"type":"Polygon","coordinates":[[[-70.61599676669469,-33.451347997082365],[-70.61650483969717,-33.45136061417887],[-70.61655322746864,-33.45186022394088],[-70.61635665257003,-33.45185013098004],[-70.61634455513679,-33.45211255179003],[-70.61657137258865,-33.45209993458309],[-70.61653268941281,-33.45241300527949],[-70.61602398409468,-33.4524304826068],[-70.61599676669469,-33.451347997082365]],[[-70.61633475692439,-33.45181207967212],[-70.61632314321595,-33.45142773303035],[-70.61618378578983,-33.45143096317336],[-70.61618572205309,-33.451823383841834],[-70.61633475692439,-33.45181207967212]],[[-70.61617604412153,-33.45210276087748],[-70.61616636660243,-33.45190089870261],[-70.61607926759253,-33.45189766937713],[-70.61608313921968,-33.45210437613254],[-70.61617604412153,-33.45210276087748]]]}},{"type":"Feature","properties":{"comuna":"Nunoa","zona":"Z-4","zona_code":"Z-4","nombre":"Z-4","decreto":""},"geometry":{"type":"Polygon","coordinates":[[[-70.61370136487199,-33.44690688990375],[-70.61367414615005,-33.447101193870665],[-70.61307837007374,-33.447048201840154],[-70.6131086122434,-33.44682614084685],[-70.61370136487199,-33.44690688990375]]]}},{"type":"Feature","properties":{"comuna":"Nunoa","zona":"Z-4","zona_code":"Z-4","nombre":"Z-4","decreto":""},"geometry":{"type":"Polygon","coordinates":[[[-70.61362273451248,-33.4472122237814],[-70.61348966781426,-33.447858215056016],[-70.6129906675092,-33.447812793831986],[-70.61311466140381,-33.44717184869132],[-70.61362273451248,-33.4472122237814]]]}},{"type":"Feature","properties":{"comuna":"Nunoa","zona":"Z-4","zona_code":"Z-4","nombre":"Z-4","decreto":""},"geometry":{"type":"Polygon","coordinates":[[[-70.61348664269724,-33.44798943120736],[-70.61324772832329,-33.44883476257101],[-70.61277292166801,-33.448748968178485],[-70.61294227864182,-33.44788849547644],[-70.61348664269724,-33.44798943120736]]]}},{"type":"Feature","properties":{"comuna":"Nunoa","zona":"Z-5A","zona_code":"Z-5A","nombre":"Z-5A","decreto":""},"geometry":{"type":"Polygon","coordinates":[[[-70.61311648737372,-33.44682721346217],[-70.61308044401221,-33.44703297087686],[-70.6128424787496,-33.44708857614257],[-70.61120938628619,-33.44687660880543],[-70.6113757204254,-33.4465586578536],[-70.61311648737372,-33.44682721346217]]]}},{"type":"Feature","properties":{"comuna":"Nunoa","zona":"Z-5A","zona_code":"Z-5A","nombre":"Z-5A","decreto":""},"geometry":{"type":"Polygon","coordinates":[[[-70.61313021528979,-33.44716268750779],[-70.61299273805732,-33.447802084698274],[-70.61102793168672,-33.44749484508965],[-70.61118821673132,-33.447012873869994],[-70.61241908514958,-33.44718951283192],[-70.61313021528979,-33.44716268750779]]]}},{"type":"Feature","properties":{"comuna":"Nunoa","zona":"Z-5A","zona_code":"Z-5A","nombre":"Z-5A","decreto":""},"geometry":{"type":"Polygon","coordinates":[[[-70.61294227864182,-33.44788849547644],[-70.61277292166801,-33.448748968178485],[-70.61073760395604,-33.44840074255514],[-70.61102490809684,-33.447557930542786],[-70.61294227864182,-33.44788849547644]]]}},{"type":"Feature","properties":{"comuna":"Nunoa","zona":"Z-5A","zona_code":"Z-5A","nombre":"Z-5A","decreto":""},"geometry":{"type":"Polygon","coordinates":[[[-70.61110542804647,-33.44653657771153],[-70.61048167792575,-33.44836210353452],[-70.60989573048735,-33.44809399354664],[-70.61037771895556,-33.44632366254898],[-70.61110542804647,-33.44653657771153]]]}},{"type":"Feature","properties":{"comuna":"Nunoa","zona":"Z-5A","zona_code":"Z-5A","nombre":"Z-5A","decreto":""},"geometry":{"type":"Polygon","coordinates":[[[-70.6102123308467,-33.44628029082539],[-70.60971144052004,-33.44799936666442],[-70.60911131683373,-33.44777068467803],[-70.60948934768572,-33.44605160447258],[-70.6102123308467,-33.44628029082539]]]}},{"type":"Feature","properties":{"comuna":"Nunoa","zona":"Z-5A","zona_code":"Z-5A","nombre":"Z-5A","decreto":""},"geometry":{"type":"Polygon","coordinates":[[[-70.60878999080668,-33.445869757739196],[-70.60931620969107,-33.446036306084714],[-70.60894120231315,-33.44767148340592],[-70.60849966280293,-33.447497368847735],[-70.60847546850874,-33.447373722309905],[-70.60878999080668,-33.445869757739196]]]}},{"type":"Feature","properties":{"comuna":"Nunoa","zona":"Z-5A","zona_code":"Z-5A","nombre":"Z-5A","decreto":""},"geometry":{"type":"Polygon","coordinates":[[[-70.60863272975955,-33.445852094267316],[-70.60830913588907,-33.44738886218674],[-70.60782525616779,-33.447194559525954],[-70.60812163219319,-33.44578143708775],[-70.60863272975955,-33.445852094267316]]]}},{"type":"Feature","properties":{"comuna":"Nunoa","zona":"Z-5A","zona_code":"Z-5A","nombre":"Z-5A","decreto":""},"geometry":{"type":"Polygon","coordinates":[[[-70.60981400041861,-33.4482818405176],[-70.61017594143178,-33.44845625728173],[-70.60973851491035,-33.44854507976037],[-70.60981400041861,-33.4482818405176]]]}},{"type":"Feature","properties":{"comuna":"Nunoa","zona":"Z-5A","zona_code":"Z-5A","nombre":"Z-5A","decreto":""},"geometry":{"type":"Polygon","coordinates":[[[-70.60965528771695,-33.44822370231738],[-70.60957206041884,-33.44856607403267],[-70.60892172659165,-33.44869688569275],[-70.6090785038668,-33.447958847679175],[-70.60965528771695,-33.44822370231738]]]}},{"type":"Feature","properties":{"comuna":"Nunoa","zona":"Z-5A","zona_code":"Z-5A","nombre":"Z-5A","decreto":""},"geometry":{"type":"Polygon","coordinates":[[[-70.6089004358549,-33.447887788455844],[-70.60873204585215,-33.44872595497871],[-70.60829074827598,-33.44882931145833],[-70.608236553623,-33.448606447644096],[-70.60842816985654,-33.447706911887416],[-70.6089004358549,-33.447887788455844]]]}},{"type":"Feature","properties":{"comuna":"Nunoa","zona":"Z-5A","zona_code":"Z-5A","nombre":"Z-5A","decreto":""},"geometry":{"type":"Polygon","coordinates":[[[-70.60826074783299,-33.44761849220954],[-70.60808534159551,-33.44859504226678],[-70.60811860863014,-33.4488599955875],[-70.60751073507208,-33.44884737903256],[-70.60778896559133,-33.44741914365922],[-70.60826074783299,-33.44761849220954]]]}},{"type":"Feature","properties":{"comuna":"Nunoa","zona":"Z-5A","zona_code":"Z-5A","nombre":"Z-5A","decreto":""},"geometry":{"type":"Polygon","coordinates":[[[-70.60798856561156,-33.44580162450663],[-70.607873643811,-33.44620537655895],[-70.60690890984469,-33.446069110572715],[-70.60697544370385,-33.44568049885371],[-70.60798856561156,-33.44580162450663]]]}},{"type":"Feature","properties":{"comuna":"Nunoa","zona":"Z-5A","zona_code":"Z-5A","nombre":"Z-5A","decreto":""},"geometry":{"type":"Polygon","coordinates":[[[-70.60784944988521,-33.446301267457144],[-70.60768614121773,-33.44714156834507],[-70.60673652860604,-33.44706081852348],[-70.60688774054378,-33.44618014174609],[-70.60784944988521,-33.446301267457144]]]}},{"type":"Feature","properties":{"comuna":"Nunoa","zona":"Z-3A","zona_code":"Z-3A","nombre":"Z-3A","decreto":""},"geometry":{"type":"Polygon","coordinates":[[[-70.6069734469799,-33.44569215747669],[-70.6069089109202,-33.44606911055878],[-70.60622845471107,-33.44597321951041],[-70.60628893958705,-33.445617413090666],[-70.6069734469799,-33.44569215747669]]]}},{"type":"Feature","properties":{"comuna":"Nunoa","zona":"Z-3A","zona_code":"Z-3A","nombre":"Z-3A","decreto":""},"geometry":{"type":"Polygon","coordinates":[[[-70.6068847680714,-33.44619745758547],[-70.60673652860604,-33.44706081852348],[-70.60606212143297,-33.44702801447391],[-70.60619518783754,-33.4461069621601],[-70.6068847680714,-33.44619745758547]]]}},{"type":"Feature","properties":{"comuna":"Nunoa","zona":"Áreas verdes","zona_code":"Áreas verdes","nombre":"Áreas verdes","decreto":""},"geometry":{"type":"Polygon","coordinates":[[[-70.60616430985674,-33.4463206925757],[-70.6061355449697,-33.44651979853704],[-70.60606683897659,-33.44652312720339],[-70.60609393683785,-33.44632286776399],[-70.60616430985674,-33.4463206925757]]]}},{"type":"Feature","properties":{"comuna":"Nunoa","zona":"Áreas verdes","zona_code":"Áreas verdes","nombre":"Áreas verdes","decreto":""},"geometry":{"type":"Polygon","coordinates":[[[-70.60608813005997,-33.44669431684535],[-70.60604554862782,-33.44698824551849],[-70.60600490268727,-33.446988245409386],[-70.60601264450524,-33.44671854220501],[-70.60608813005997,-33.44669431684535]]]}},{"type":"Feature","properties":{"comuna":"Nunoa","zona":"Z-5A","zona_code":"Z-5A","nombre":"Z-5A","decreto":""},"geometry":{"type":"Polygon","coordinates":[[[-70.60763170516344,-33.44734848818431],[-70.6075833167496,-33.447661389575586],[-70.6066699941545,-33.447540266263104],[-70.60670930982644,-33.44725007456423],[-70.60763170516344,-33.44734848818431]]]}},{"type":"Feature","properties":{"comuna":"Nunoa","zona":"Z-5A","zona_code":"Z-5A","nombre":"Z-5A","decreto":""},"geometry":{"type":"Polygon","coordinates":[[[-70.60755004965274,-33.447726998194895],[-70.6074895652821,-33.44817111517997],[-70.606588340255,-33.44803232902336],[-70.60668511566081,-33.44763110938153],[-70.60755004965274,-33.447726998194895]]]}},{"type":"Feature","properties":{"comuna":"Nunoa","zona":"Z-5A","zona_code":"Z-5A","nombre":"Z-5A","decreto":""},"geometry":{"type":"Polygon","coordinates":[[[-70.60745629813167,-33.448274573677836],[-70.60734742573402,-33.44884485575679],[-70.6064915639864,-33.448741398123765],[-70.60657624262511,-33.448186255462105],[-70.60745629813167,-33.448274573677836]]]}},{"type":"Feature","properties":{"comuna":"Nunoa","zona":"Z-3A","zona_code":"Z-3A","nombre":"Z-3A","decreto":""},"geometry":{"type":"Polygon","coordinates":[[[-70.60657538840645,-33.44819185338475],[-70.60649156396975,-33.44874139722214],[-70.60575969641471,-33.448665696684586],[-70.60586252115739,-33.44807270303971],[-70.60657538840645,-33.44819185338475]]]}},{"type":"Feature","properties":{"comuna":"Nunoa","zona":"Z-3A","zona_code":"Z-3A","nombre":"Z-3A","decreto":""},"geometry":{"type":"Polygon","coordinates":[[[-70.60668188574022,-33.44764450287327],[-70.606588340255,-33.44803232902336],[-70.60588490055893,-33.447965307888005],[-70.60597006294859,-33.447555104516304],[-70.60668188574022,-33.44764450287327]]]}},{"type":"Feature","properties":{"comuna":"Nunoa","zona":"Z-3A","zona_code":"Z-3A","nombre":"Z-3A","decreto":""},"geometry":{"type":"Polygon","coordinates":[[[-70.60670890647681,-33.44725305313392],[-70.6066699941545,-33.447540266263104],[-70.60599135435969,-33.447463050082796],[-70.6060300638805,-33.447196578299305],[-70.60670890647681,-33.44725305313392]]]}},{"type":"Feature","properties":{"comuna":"Nunoa","zona":"Z-4","zona_code":"Z-4","nombre":"Z-4","decreto":""},"geometry":{"type":"Polygon","coordinates":[[[-70.61322712558497,-33.44902448739073],[-70.61308063806692,-33.449872174186154],[-70.61248996517851,-33.44979331998174],[-70.61269315686185,-33.448925918890374],[-70.61322712558497,-33.44902448739073]]]}},{"type":"Feature","properties":{"comuna":"Nunoa","zona":"Z-4","zona_code":"Z-4","nombre":"Z-4","decreto":""},"geometry":{"type":"Polygon","coordinates":[[[-70.61303810988869,-33.45002593966219],[-70.61290107402037,-33.45074745156022],[-70.61218281507577,-33.45064888526565],[-70.61244271190749,-33.44990371634471],[-70.61303810988869,-33.45002593966219]]]}},{"type":"Feature","properties":{"comuna":"Nunoa","zona":"Z-4","zona_code":"Z-4","nombre":"Z-4","decreto":""},"geometry":{"type":"Polygon","coordinates":[[[-70.61283491872987,-33.450909100653604],[-70.61273568512186,-33.45135462104005],[-70.61207885683824,-33.45124422652362],[-70.6121922667442,-33.45079476340237],[-70.61283491872987,-33.450909100653604]]]}},{"type":"Feature","properties":{"comuna":"Nunoa","zona":"Z-4","zona_code":"Z-4","nombre":"Z-4","decreto":""},"geometry":{"type":"Polygon","coordinates":[[[-70.61269788193454,-33.451504440730275],[-70.61260337500184,-33.45185533531172],[-70.61196544767112,-33.451764654609754],[-70.6120457796701,-33.4514177027343],[-70.61269788193454,-33.451504440730275]]]}},{"type":"Feature","properties":{"comuna":"Nunoa","zona":"Z-5A","zona_code":"Z-5A","nombre":"Z-5A","decreto":""},"geometry":{"type":"Polygon","coordinates":[[[-70.61258447264238,-33.451981498453996],[-70.61251359266755,-33.45232450570917],[-70.61120938709537,-33.45213131774174],[-70.6113133446803,-33.45178042484595],[-70.61258447264238,-33.451981498453996]]]}},{"type":"Feature","properties":{"comuna":"Nunoa","zona":"Z-5A","zona_code":"Z-5A","nombre":"Z-5A","decreto":""},"geometry":{"type":"Polygon","coordinates":[[[-70.61205740031593,-33.45141924886188],[-70.61196544767112,-33.451764654609754],[-70.61117630939437,-33.45167397454224],[-70.61105344912613,-33.45211160492906],[-70.60958385509089,-33.451851392120396],[-70.60985792667081,-33.45105103705433],[-70.61205740031593,-33.45141924886188]]]}},{"type":"Feature","properties":{"comuna":"Nunoa","zona":"Z-5A","zona_code":"Z-5A","nombre":"Z-5A","decreto":""},"geometry":{"type":"MultiPolygon","coordinates":[[[[-70.61219222163128,-33.45079494164983],[-70.61208009566683,-33.45123931527385],[-70.60990291298599,-33.45086352389005],[-70.6100752951419,-33.45044213088818],[-70.61219222163128,-33.45079494164983]]],[[[-70.61220873475116,-33.450797693914666],[-70.61219222163128,-33.45079494164983],[-70.6121922667442,-33.45079476340237],[-70.61220873475116,-33.450797693914666]]]]}},{"type":"Feature","properties":{"comuna":"Nunoa","zona":"Z-5A","zona_code":"Z-5A","nombre":"Z-5A","decreto":""},"geometry":{"type":"Polygon","coordinates":[[[-70.61243896978236,-33.44991444360303],[-70.61218713036254,-33.45063651373744],[-70.61009041564333,-33.45029830158388],[-70.61034445246167,-33.44957158135982],[-70.61243896978236,-33.44991444360303]]]}},{"type":"Feature","properties":{"comuna":"Nunoa","zona":"Z-5A","zona_code":"Z-5A","nombre":"Z-5A","decreto":""},"geometry":{"type":"MultiPolygon","coordinates":[[[[-70.6126930651729,-33.4489263123798],[-70.61248996517851,-33.44979331998174],[-70.61039284030264,-33.44944036755826],[-70.61067409529106,-33.44861775301874],[-70.6126930651729,-33.4489263123798]]],[[[-70.61270599732254,-33.44892828869949],[-70.6126930651729,-33.4489263123798],[-70.61269315686185,-33.448925918890374],[-70.61270599732254,-33.44892828869949]]]]}},{"type":"Feature","properties":{"comuna":"Nunoa","zona":"ZT-1","zona_code":"ZT-1","nombre":"ZT-1","decreto":""},"geometry":{"type":"Polygon","coordinates":[[[-70.61244932662885,-33.452531412748485],[-70.61241606053063,-33.45280392423207],[-70.60926479662254,-33.45289980757238],[-70.60954907568326,-33.452057039229395],[-70.61244932662885,-33.452531412748485]]]}},{"type":"Feature","properties":{"comuna":"Nunoa","zona":"ZT-1","zona_code":"ZT-1","nombre":"ZT-1","decreto":""},"geometry":{"type":"Polygon","coordinates":[[[-70.61237674565415,-33.452887191223056],[-70.61233743031462,-33.4530108304698],[-70.61112470762706,-33.45303353973062],[-70.61112773214873,-33.45290990086476],[-70.61237674565415,-33.452887191223056]]]}},{"type":"Feature","properties":{"comuna":"Nunoa","zona":"ZT-1","zona_code":"ZT-1","nombre":"ZT-1","decreto":""},"geometry":{"type":"Polygon","coordinates":[[[-70.61102188365649,-33.45292756361768],[-70.61100978607725,-33.45303606322073],[-70.60921036037253,-33.453094097779484],[-70.60922850575844,-33.45296541166886],[-70.61102188365649,-33.45292756361768]]]}},{"type":"Feature","properties":{"comuna":"Nunoa","zona":"Z-1C","zona_code":"Z-1C","nombre":"Z-1C","decreto":""},"geometry":{"type":"Polygon","coordinates":[[[-70.61114318318995,-33.45303319318357],[-70.61233742923902,-33.4530108304838],[-70.6123223092861,-33.45318745772632],[-70.61112168310751,-33.45329595686359],[-70.61114318318995,-33.45303319318357]]]}},{"type":"Feature","properties":{"comuna":"Nunoa","zona":"Z-1C","zona_code":"Z-1C","nombre":"Z-1C","decreto":""},"geometry":{"type":"Polygon","coordinates":[[[-70.61099166779114,-33.453036647697274],[-70.61102490770384,-33.45330604896941],[-70.60905007557889,-33.45353061677925],[-70.60922998074317,-33.45309346430283],[-70.61099166779114,-33.453036647697274]]]}},{"type":"Feature","properties":{"comuna":"Nunoa","zona":"Z-5A","zona_code":"Z-5A","nombre":"Z-5A","decreto":""},"geometry":{"type":"Polygon","coordinates":[[[-70.6104202473846,-33.448594727351],[-70.60967363760956,-33.45086178917712],[-70.60717863475668,-33.450499062779436],[-70.60748578474802,-33.449079686284875],[-70.60831272721725,-33.4490244876004],[-70.6104202473846,-33.448594727351]]]}},{"type":"Feature","properties":{"comuna":"Nunoa","zona":"Z-5A","zona_code":"Z-5A","nombre":"Z-5A","decreto":""},"geometry":{"type":"Polygon","coordinates":[[[-70.607282593467,-33.449036315733835],[-70.60708885286081,-33.449907659000445],[-70.60629498788401,-33.449773607131505],[-70.60642729922849,-33.448933804470876],[-70.607282593467,-33.449036315733835]]]}},{"type":"Feature","properties":{"comuna":"Nunoa","zona":"Z-5A","zona_code":"Z-5A","nombre":"Z-5A","decreto":""},"geometry":{"type":"Polygon","coordinates":[[[-70.60706995074402,-33.45001016910981],[-70.60697544363542,-33.450514833936005],[-70.60617685334495,-33.45039261067669],[-70.60625718539652,-33.44991948675581],[-70.60706995074402,-33.45001016910981]]]}},{"type":"Feature","properties":{"comuna":"Nunoa","zona":"Z-3A","zona_code":"Z-3A","nombre":"Z-3A","decreto":""},"geometry":{"type":"Polygon","coordinates":[[[-70.60630134956804,-33.44977468084864],[-70.60557824204227,-33.44971793513275],[-70.60574457589466,-33.448857472441524],[-70.60642501388295,-33.44894831210329],[-70.60630134956804,-33.44977468084864]]]}},{"type":"Feature","properties":{"comuna":"Nunoa","zona":"Z-3A","zona_code":"Z-3A","nombre":"Z-3A","decreto":""},"geometry":{"type":"Polygon","coordinates":[[[-70.60625674290692,-33.44992209427556],[-70.60617685334495,-33.45039261067669],[-70.6054935634182,-33.45031848798703],[-70.60556614471768,-33.449828962195916],[-70.60625674290692,-33.44992209427556]]]}},{"type":"Feature","properties":{"comuna":"Nunoa","zona":"Z-5A","zona_code":"Z-5A","nombre":"Z-5A","decreto":""},"geometry":{"type":"Polygon","coordinates":[[[-70.6095791293986,-33.451078635251754],[-70.60933813448517,-33.45184350703888],[-70.60895537927286,-33.451764654828104],[-70.60897428073316,-33.45158329375064],[-70.60887977288512,-33.451488671006345],[-70.6079205201651,-33.45129942428914],[-70.60717863449338,-33.45129153866992],[-70.60712193022681,-33.45074745184297],[-70.6095791293986,-33.451078635251754]]]}},{"type":"Feature","properties":{"comuna":"Nunoa","zona":"Z-5A","zona_code":"Z-5A","nombre":"Z-5A","decreto":""},"geometry":{"type":"Polygon","coordinates":[[[-70.60880511143978,-33.45157761637963],[-70.60874462679735,-33.452099935090004],[-70.60722343124552,-33.45204442311893],[-70.6072143587778,-33.451431266182546],[-70.60792505668438,-33.45141107986627],[-70.60880511143978,-33.45157761637963]]]}},{"type":"Feature","properties":{"comuna":"Nunoa","zona":"Z-5A","zona_code":"Z-5A","nombre":"Z-5A","decreto":""},"geometry":{"type":"Polygon","coordinates":[[[-70.6092587483412,-33.4520166666223],[-70.6089986635355,-33.452829156960924],[-70.6072143583859,-33.452791308010006],[-70.60720830983637,-33.45216806282271],[-70.60865389951314,-33.45222105158883],[-70.60884140282225,-33.45217310998251],[-70.60892608142518,-33.4519813412068],[-70.6092587483412,-33.4520166666223]]]}},{"type":"Feature","properties":{"comuna":"Nunoa","zona":"Z-5A","zona_code":"Z-5A","nombre":"Z-5A","decreto":""},"geometry":{"type":"Polygon","coordinates":[[[-70.6089351542334,-33.45299316769529],[-70.6088686206406,-33.453197550256746],[-70.60724157753276,-33.45325810754656],[-70.60719621369779,-33.4529603652701],[-70.60835752314439,-33.452892238287916],[-70.6089351542334,-33.45299316769529]]]}},{"type":"Feature","properties":{"comuna":"Nunoa","zona":"Z-1B","zona_code":"Z-1B","nombre":"Z-1B","decreto":""},"geometry":{"type":"Polygon","coordinates":[[[-70.60887474141224,-33.45317875150017],[-70.60878091789196,-33.4535810812744],[-70.60727786825694,-33.45375770717267],[-70.60724157753276,-33.45325810754656],[-70.60887474141224,-33.45317875150017]]]}},{"type":"Feature","properties":{"comuna":"Nunoa","zona":"Z-1B","zona_code":"Z-1B","nombre":"Z-1B","decreto":""},"geometry":{"type":"Polygon","coordinates":[[[-70.60706919490364,-33.4532656777502],[-70.60712968008154,-33.4537879857218],[-70.60504295077213,-33.453997412808505],[-70.60498549001701,-33.453343897498954],[-70.60706919490364,-33.4532656777502]]]}},{"type":"Feature","properties":{"comuna":"Nunoa","zona":"Z-5A","zona_code":"Z-5A","nombre":"Z-5A","decreto":""},"geometry":{"type":"Polygon","coordinates":[[[-70.6070026616311,-33.45296288903302],[-70.60706919490364,-33.4532656777502],[-70.60560350406081,-33.45332309442431],[-70.60570223575864,-33.45285438880693],[-70.6070026616311,-33.45296288903302]]]}},{"type":"Feature","properties":{"comuna":"Nunoa","zona":"Z-3A","zona_code":"Z-3A","nombre":"Z-3A","decreto":""},"geometry":{"type":"Polygon","coordinates":[[[-70.60570759456841,-33.45285485688418],[-70.6056035051364,-33.45332309441038],[-70.60498549001701,-33.453343897498954],[-70.60508831398593,-33.45279635437305],[-70.60570759456841,-33.45285485688418]]]}},{"type":"Feature","properties":{"comuna":"Nunoa","zona":"Z-5A","zona_code":"Z-5A","nombre":"Z-5A","decreto":""},"geometry":{"type":"Polygon","coordinates":[[[-70.60706617048163,-33.45169621119965],[-70.60700870987112,-33.45282158737147],[-70.60570828497934,-33.452723180462804],[-70.60583227829578,-33.4520797484996],[-70.60601675808584,-33.45208731839901],[-70.60605304898432,-33.45198134107919],[-70.60587764258298,-33.4520116208205],[-70.6059320789745,-33.451605372517626],[-70.60706617048163,-33.45169621119965]]]}},{"type":"Feature","properties":{"comuna":"Nunoa","zona":"Z-3A","zona_code":"Z-3A","nombre":"Z-3A","decreto":""},"geometry":{"type":"Polygon","coordinates":[[[-70.60592922106308,-33.45162670270089],[-70.60587764258298,-33.4520116208205],[-70.60519113914236,-33.451943492216174],[-70.60532420573568,-33.451559953125354],[-70.60592922106308,-33.45162670270089]]]}},{"type":"Feature","properties":{"comuna":"Nunoa","zona":"Z-3A","zona_code":"Z-3A","nombre":"Z-3A","decreto":""},"geometry":{"type":"Polygon","coordinates":[[[-70.60583214281412,-33.45208045278187],[-70.60570828497934,-33.452723180462804],[-70.60510948473181,-33.452672715016675],[-70.60520625973396,-33.452031806742966],[-70.60583214281412,-33.45208045278187]]]}},{"type":"Feature","properties":{"comuna":"Nunoa","zona":"Z-5A","zona_code":"Z-5A","nombre":"Z-5A","decreto":""},"geometry":{"type":"Polygon","coordinates":[[[-70.60696334652518,-33.450696985884505],[-70.60707826756429,-33.451570046802274],[-70.6059139337105,-33.451486778572985],[-70.60605909728534,-33.45060614630039],[-70.60696334652518,-33.450696985884505]]]}},{"type":"Feature","properties":{"comuna":"Nunoa","zona":"Z-3A","zona_code":"Z-3A","nombre":"Z-3A","decreto":""},"geometry":{"type":"MultiPolygon","coordinates":[[[[-70.60605905473149,-33.45060640567756],[-70.60591393369388,-33.45148677767136],[-70.60531513282184,-33.451453975462556],[-70.60549053961304,-33.45057586682638],[-70.60605905473149,-33.45060640567756]]],[[[-70.60606469977066,-33.45060670950735],[-70.60605905473149,-33.45060640567756],[-70.60605909728534,-33.45060614630039],[-70.60606469977066,-33.45060670950735]]]]}},{"type":"Feature","properties":{"comuna":"Nunoa","zona":"Áreas verdes","zona_code":"Áreas verdes","nombre":"Áreas verdes","decreto":""},"geometry":{"type":"Polygon","coordinates":[[[-70.61763288290473,-33.45302849297897],[-70.61659859114619,-33.45301083031137],[-70.61459351734443,-33.453048679491765],[-70.61612378545841,-33.45299316808853],[-70.61763288290473,-33.45302849297897]]]}},{"type":"Feature","properties":{"comuna":"Nunoa","zona":"Z-2","zona_code":"Z-2","nombre":"Z-2","decreto":""},"geometry":{"type":"Polygon","coordinates":[[[-70.59843497521743,-33.47106780196642],[-70.59849546046473,-33.47211976854238],[-70.5974279012412,-33.47217526735074],[-70.59745209570916,-33.47244519450261],[-70.59678978632095,-33.47251078455578],[-70.59850453285128,-33.472581419482566],[-70.59852570294832,-33.47286395778244],[-70.59757004080552,-33.472813504964634],[-70.59752165320646,-33.47290936568072],[-70.59851662952514,-33.47296486431078],[-70.5985438484,-33.47342146533394],[-70.59669603395709,-33.4733407408638],[-70.59659321009067,-33.471125824060245],[-70.5968563197645,-33.47112330162182],[-70.59692890152307,-33.472366991463225],[-70.59716781686667,-33.472359423197005],[-70.59701055550302,-33.471118256023914],[-70.59843497521743,-33.47106780196642]]]}},{"type":"Feature","properties":{"comuna":"Nunoa","zona":"Z-2","zona_code":"Z-2","nombre":"Z-2","decreto":""},"geometry":{"type":"Polygon","coordinates":[[[-70.59847961328798,-33.47221553003038],[-70.59851251651484,-33.47250291314881],[-70.59761443670318,-33.47254004765171],[-70.59761250180004,-33.47224943416811],[-70.59847961328798,-33.47221553003038]]]}},{"type":"Feature","properties":{"comuna":"Nunoa","zona":"Áreas verdes","zona_code":"Áreas verdes","nombre":"Áreas verdes","decreto":""},"geometry":{"type":"Polygon","coordinates":[[[-70.59743119196901,-33.47221197454056],[-70.59752733912612,-33.47220422843073],[-70.59754282260029,-33.47248838240649],[-70.59745378896585,-33.47248515354206],[-70.59743119196901,-33.47221197454056]]]}},{"type":"Feature","properties":{"comuna":"Nunoa","zona":"Áreas verdes","zona_code":"Áreas verdes","nombre":"Áreas verdes","decreto":""},"geometry":{"type":"Polygon","coordinates":[[[-70.59702808464752,-33.47335524632861],[-70.5970182982311,-33.47343932567941],[-70.59666990512117,-33.473428023933025],[-70.59665829113757,-33.473348913461656],[-70.59702808464752,-33.47335524632861]]]}},{"type":"Feature","properties":{"comuna":"Nunoa","zona":"Áreas verdes","zona_code":"Áreas verdes","nombre":"Áreas verdes","decreto":""},"geometry":{"type":"Polygon","coordinates":[[[-70.59659354920016,-33.47113533581381],[-70.596638573848,-33.47239726332241],[-70.59669471368474,-33.47330508234831],[-70.59656732241591,-33.47191361395946],[-70.59659354920016,-33.47113533581381]]]}},{"type":"Feature","properties":{"comuna":"Nunoa","zona":"Áreas verdes","zona_code":"Áreas verdes","nombre":"Áreas verdes","decreto":""},"geometry":{"type":"Polygon","coordinates":[[[-70.59642409375132,-33.47109504710385],[-70.59641054524285,-33.47130170760756],[-70.5961105400035,-33.47109827603937],[-70.59642409375132,-33.47109504710385]]]}},{"type":"Feature","properties":{"comuna":"Nunoa","zona":"Áreas verdes","zona_code":"Áreas verdes","nombre":"Áreas verdes","decreto":""},"geometry":{"type":"Polygon","coordinates":[[[-70.59839301199311,-33.47106928742449],[-70.59701055550302,-33.471118256023914],[-70.59702410429074,-33.471048225587914],[-70.59839301199311,-33.47106928742449]]]}},{"type":"Feature","properties":{"comuna":"Nunoa","zona":"Áreas verdes","zona_code":"Áreas verdes","nombre":"Áreas verdes","decreto":""},"geometry":{"type":"Polygon","coordinates":[[[-70.59667381340715,-33.47094221168245],[-70.59839251524156,-33.47093359263531],[-70.59666990499903,-33.47099171665574],[-70.59667381340715,-33.47094221168245]]]}},{"type":"Feature","properties":{"comuna":"Nunoa","zona":"Áreas verdes","zona_code":"Áreas verdes","nombre":"Áreas verdes","decreto":""},"geometry":{"type":"Polygon","coordinates":[[[-70.59661864500669,-33.47107559444649],[-70.5968297165338,-33.47111453231118],[-70.59661762976367,-33.47111410940419],[-70.59661864500669,-33.47107559444649]]]}},{"type":"Feature","properties":{"comuna":"Nunoa","zona":"Z-2","zona_code":"Z-2","nombre":"Z-2","decreto":""},"geometry":{"type":"Polygon","coordinates":[[[-70.59820513300383,-33.46689512654175],[-70.598327992513,-33.469007978490936],[-70.59649926951708,-33.469071047368814],[-70.5963622334219,-33.466977906459164],[-70.59669301047497,-33.466962138924835],[-70.5967413984011,-33.46801778220315],[-70.59690168246084,-33.468022827956545],[-70.596880513487,-33.46693296848264],[-70.59820513300383,-33.46689512654175]]]}},{"type":"Feature","properties":{"comuna":"Nunoa","zona":"Z-2","zona_code":"Z-2","nombre":"Z-2","decreto":""},"geometry":{"type":"Polygon","coordinates":[[[-70.59677163988887,-33.46493233525159],[-70.59808113835894,-33.464972701096805],[-70.59819001118679,-33.46668825292262],[-70.59636034357149,-33.466768984495914],[-70.59628171248335,-33.464962609774325],[-70.59664159811362,-33.46495504130654],[-70.59664764626548,-33.46506857167405],[-70.59675651902919,-33.4650635256623],[-70.59677163988887,-33.46493233525159]]]}},{"type":"Feature","properties":{"comuna":"Nunoa","zona":"Z-3A","zona_code":"Z-3A","nombre":"Z-3A","decreto":""},"geometry":{"type":"Polygon","coordinates":[[[-70.60014972268868,-33.46479862130141],[-70.60023137647642,-33.46662518221612],[-70.59945414535429,-33.46665293352127],[-70.59944204868349,-33.46635019155923],[-70.59937853926816,-33.46635523713827],[-70.59937853920147,-33.466660501623466],[-70.59929688474593,-33.46666807017136],[-70.59931805456725,-33.46481375875858],[-70.60014972268868,-33.46479862130141]]]}},{"type":"Feature","properties":{"comuna":"Nunoa","zona":"Z-2","zona_code":"Z-2","nombre":"Z-2","decreto":""},"geometry":{"type":"Polygon","coordinates":[[[-70.59931796826437,-33.46482130279123],[-70.59929691061407,-33.466665788204374],[-70.59855292120037,-33.46669834453949],[-70.59846219393907,-33.464962609710916],[-70.59858921125804,-33.464823850678506],[-70.59931796826437,-33.46482130279123]]]}},{"type":"Feature","properties":{"comuna":"Nunoa","zona":"Z-3A","zona_code":"Z-3A","nombre":"Z-3A","decreto":""},"geometry":{"type":"Polygon","coordinates":[[[-70.60025594912571,-33.46682811332102],[-70.60035045669729,-33.46892519929876],[-70.59947626013661,-33.468952792711086],[-70.59928724487241,-33.46685176502969],[-70.60025594912571,-33.46682811332102]]]}},{"type":"Feature","properties":{"comuna":"Nunoa","zona":"Áreas verdes","zona_code":"Áreas verdes","nombre":"Áreas verdes","decreto":""},"geometry":{"type":"Polygon","coordinates":[[[-70.59926349702359,-33.46831315161163],[-70.59925769068299,-33.468410027282054],[-70.59910672000102,-33.468418100596864],[-70.59910284975597,-33.46830992268649],[-70.59926349702359,-33.46831315161163]]]}},{"type":"Feature","properties":{"comuna":"Nunoa","zona":"Z-2","zona_code":"Z-2","nombre":"Z-2","decreto":""},"geometry":{"type":"Polygon","coordinates":[[[-70.59871623047253,-33.46899410311086],[-70.5986134054018,-33.466892603458454],[-70.59928724485584,-33.46685176412808],[-70.59947626013661,-33.468952792711086],[-70.59871623047253,-33.46899410311086]],[[-70.59925769068299,-33.468410027282054],[-70.59926349704014,-33.468313152513254],[-70.59910284975597,-33.46830992268649],[-70.59910672107681,-33.46841810058297],[-70.59925769068299,-33.468410027282054]]]}},{"type":"Feature","properties":{"comuna":"Nunoa","zona":"Áreas verdes","zona_code":"Áreas verdes","nombre":"Áreas verdes","decreto":""},"geometry":{"type":"Polygon","coordinates":[[[-70.60141840688645,-33.46567664502],[-70.60142333441303,-33.465828178247484],[-70.60131708131728,-33.46582018831841],[-70.60132095143877,-33.46567164100776],[-70.60141840688645,-33.46567664502]]]}},{"type":"Feature","properties":{"comuna":"Nunoa","zona":"Z-3A","zona_code":"Z-3A","nombre":"Z-3A","decreto":""},"geometry":{"type":"Polygon","coordinates":[[[-70.60042492859068,-33.46514425785673],[-70.60135337211099,-33.46511902912376],[-70.60140478333409,-33.465257787942164],[-70.60141840688645,-33.46567664502],[-70.60132095145535,-33.465671641909374],[-70.6013170813007,-33.46582018741681],[-70.60142333441303,-33.465828178247484],[-70.60142595380773,-33.46590869053824],[-70.60127776496464,-33.46888057773479],[-70.60060033466097,-33.46888562403017],[-70.6004702918805,-33.46632748516192],[-70.60055497153819,-33.466317394037354],[-70.60046726779765,-33.466193774538645],[-70.60042492859068,-33.46514425785673]]]}},{"type":"Feature","properties":{"comuna":"Nunoa","zona":"Z-4m","zona_code":"Z-4m","nombre":"Z-4m","decreto":""},"geometry":{"type":"Polygon","coordinates":[[[-70.60135337211099,-33.46511902912376],[-70.60042492859068,-33.46514425785673],[-70.60041585604897,-33.464750685954684],[-70.60135639553809,-33.46457660624156],[-70.60135337211099,-33.46511902912376]]]}},{"type":"Feature","properties":{"comuna":"Nunoa","zona":"UMCE","zona_code":"UMCE","nombre":"UMCE","decreto":""},"geometry":{"type":"Polygon","coordinates":[[[-70.60647689756603,-33.46559845058133],[-70.60653919442402,-33.465904493488],[-70.60639383378025,-33.46858376748047],[-70.60463565856952,-33.468693477179094],[-70.60487100499641,-33.465407894707404],[-70.60647689756603,-33.46559845058133]]]}},{"type":"Feature","properties":{"comuna":"Nunoa","zona":"UMCE","zona_code":"UMCE","nombre":"UMCE","decreto":""},"geometry":{"type":"MultiPolygon","coordinates":[[[[-70.604434922485,-33.46533282695228],[-70.60469103468111,-33.46557535289161],[-70.60446953178923,-33.468687702755126],[-70.60127794393641,-33.46887737933452],[-70.60141762454046,-33.46565259788349],[-70.604434922485,-33.46533282695228]]],[[[-70.60127794393641,-33.46887737933452],[-70.60127776496464,-33.46888057773479],[-70.6012164323557,-33.468881034698335],[-70.60127794393641,-33.46887737933452]]]]}},{"type":"Feature","properties":{"comuna":"Nunoa","zona":"Z-2","zona_code":"Z-2","nombre":"Z-2","decreto":""},"geometry":{"type":"Polygon","coordinates":[[[-70.60605133606319,-33.462497538792014],[-70.60613550631129,-33.462966897954516],[-70.6057368022955,-33.4630223338751],[-70.60569250227397,-33.46256775745136],[-70.60605133606319,-33.462497538792014]]]}},{"type":"Feature","properties":{"comuna":"Nunoa","zona":"Z-2","zona_code":"Z-2","nombre":"Z-2","decreto":""},"geometry":{"type":"Polygon","coordinates":[[[-70.60616208730161,-33.46308146565001],[-70.60654307080489,-33.46541343819708],[-70.60647219019346,-33.465461481205175],[-70.6058962846032,-33.46537278618085],[-70.60588742435202,-33.46483322225172],[-70.60609120631248,-33.46485909211916],[-70.6061886668236,-33.464393438777066],[-70.60588299387442,-33.463754085290645],[-70.60575452313853,-33.46311472680757],[-70.60616208730161,-33.46308146565001]]]}},{"type":"Feature","properties":{"comuna":"Nunoa","zona":"Z-4m","zona_code":"Z-4m","nombre":"Z-4m","decreto":""},"geometry":{"type":"Polygon","coordinates":[[[-70.60588742327629,-33.46483322226567],[-70.6059401707279,-33.46506895092451],[-70.60583001112758,-33.46536879484539],[-70.60539338546832,-33.46531676034181],[-70.60546993633602,-33.46480350920843],[-70.60588742327629,-33.46483322226567]]]}},{"type":"Feature","properties":{"comuna":"Nunoa","zona":"Áreas verdes","zona_code":"Áreas verdes","nombre":"Áreas verdes","decreto":""},"geometry":{"type":"Polygon","coordinates":[[[-70.60609357396814,-33.46467701795932],[-70.60608812979584,-33.464761787515904],[-70.60551473285402,-33.46468912783185],[-70.60552562006768,-33.46460133067812],[-70.60609357396814,-33.46467701795932]]]}},{"type":"Feature","properties":{"comuna":"Nunoa","zona":"Z-4m","zona_code":"Z-4m","nombre":"Z-4m","decreto":""},"geometry":{"type":"Polygon","coordinates":[[[-70.60557767552204,-33.46313364943289],[-70.6055464881011,-33.46347661201247],[-70.60534235072095,-33.46345532438407],[-70.60538771451152,-33.46312418789857],[-70.60557767552204,-33.46313364943289]]]}},{"type":"Feature","properties":{"comuna":"Nunoa","zona":"Z-4m","zona_code":"Z-4m","nombre":"Z-4m","decreto":""},"geometry":{"type":"Polygon","coordinates":[[[-70.60569250121489,-33.46256775836691],[-70.6057368022955,-33.4630223338751],[-70.60539860203707,-33.46303156413463],[-70.60548932950444,-33.46263041346555],[-70.60569250121489,-33.46256775836691]]]}},{"type":"Feature","properties":{"comuna":"Nunoa","zona":"Z-4m","zona_code":"Z-4m","nombre":"Z-4m","decreto":""},"geometry":{"type":"Polygon","coordinates":[[[-70.60533668083819,-33.462672421170474],[-70.60522894134249,-33.46355702994083],[-70.60564572033454,-33.46358304836925],[-70.60568541437058,-33.46322825988957],[-70.60577401916743,-33.46322414404087],[-70.60588299387442,-33.463754085290645],[-70.6061886668236,-33.464393438777066],[-70.60613759958599,-33.46463743244812],[-70.60530832824776,-33.4645480658926],[-70.60541323169923,-33.464640308986745],[-70.60530549315882,-33.46529310838379],[-70.6045541570682,-33.465210326220266],[-70.60456266301124,-33.463921278233634],[-70.6040154630708,-33.463263738911984],[-70.60495675978751,-33.462762302011036],[-70.60533668083819,-33.462672421170474]]]}},{"type":"Feature","properties":{"comuna":"Nunoa","zona":"Z-4m","zona_code":"Z-4m","nombre":"Z-4m","decreto":""},"geometry":{"type":"Polygon","coordinates":[[[-70.60349945146872,-33.463542839221006],[-70.60370632544475,-33.46342827964181],[-70.60410482955672,-33.46386564835357],[-70.60421571305717,-33.46381275652503],[-70.60430465631197,-33.463916548605916],[-70.60431599792032,-33.464242951111714],[-70.60380565674343,-33.46440851729774],[-70.60349945146872,-33.463542839221006]],[[-70.60378757485975,-33.46393976136244],[-70.60368770205416,-33.46397948249541],[-70.60382473653559,-33.464322438651145],[-70.60403028833967,-33.464255590754945],[-70.60378757485975,-33.46393976136244]]]}},{"type":"Feature","properties":{"comuna":"Nunoa","zona":"Z-4m","zona_code":"Z-4m","nombre":"Z-4m","decreto":""},"geometry":{"type":"Polygon","coordinates":[[[-70.60343140669063,-33.46359723960104],[-70.60371209410789,-33.46440851682713],[-70.60342573609927,-33.46450312637502],[-70.60335769060032,-33.464488935276684],[-70.60330949134233,-33.46393547027556],[-70.60312803665768,-33.46372732830662],[-70.60343140669063,-33.46359723960104]]]}},{"type":"Feature","properties":{"comuna":"Nunoa","zona":"Z-4m","zona_code":"Z-4m","nombre":"Z-4m","decreto":""},"geometry":{"type":"Polygon","coordinates":[[[-70.6043216680942,-33.46434938663072],[-70.6043018218246,-33.46518430856289],[-70.60395875844915,-33.46523397835143],[-70.603658224066,-33.46453623944431],[-70.6043216680942,-33.46434938663072]]]}},{"type":"Feature","properties":{"comuna":"Nunoa","zona":"Z-4m","zona_code":"Z-4m","nombre":"Z-4m","decreto":""},"geometry":{"type":"Polygon","coordinates":[[[-70.60337981922166,-33.46477767046334],[-70.60364009652986,-33.464706216592425],[-70.60379607687251,-33.46510891105118],[-70.60341079783657,-33.46518686320805],[-70.60337981922166,-33.46477767046334]]]}},{"type":"Feature","properties":{"comuna":"Nunoa","zona":"Z-4m","zona_code":"Z-4m","nombre":"Z-4m","decreto":""},"geometry":{"type":"Polygon","coordinates":[[[-70.60155731892567,-33.46450549161877],[-70.60300895727049,-33.46377463371888],[-70.60306999798622,-33.463859503739656],[-70.60294374700669,-33.463923643441774],[-70.6031914441858,-33.464176574102645],[-70.60328680933364,-33.465286012836785],[-70.60153463798862,-33.465461037604385],[-70.60155731892567,-33.46450549161877]],[[-70.60222076243252,-33.464477108030266],[-70.60213287054995,-33.464342290473816],[-70.60166505832292,-33.464470012838206],[-70.60166789259392,-33.46456225698735],[-70.60222076243252,-33.464477108030266]],[[-70.6026970816974,-33.46484844874489],[-70.60268007077758,-33.46461665737129],[-70.60242206437424,-33.46462848327212],[-70.60244474592179,-33.46487446653744],[-70.6026970816974,-33.46484844874489]]]}},{"type":"Feature","properties":{"comuna":"Nunoa","zona":"Áreas verdes","zona_code":"Áreas verdes","nombre":"Áreas verdes","decreto":""},"geometry":{"type":"Polygon","coordinates":[[[-70.60370632652047,-33.4634282796279],[-70.60382833831927,-33.4633607138555],[-70.60421571305717,-33.46381275652503],[-70.60410482955672,-33.46386564835357],[-70.60370632652047,-33.4634282796279]]]}},{"type":"Feature","properties":{"comuna":"Nunoa","zona":"Áreas verdes","zona_code":"Áreas verdes","nombre":"Áreas verdes","decreto":""},"geometry":{"type":"Polygon","coordinates":[[[-70.60378757485975,-33.46393976136244],[-70.60385028546976,-33.464082175040375],[-70.60393041530082,-33.4640724877295],[-70.60403028833967,-33.464255590754945],[-70.60382473651896,-33.46432243774953],[-70.60368770205416,-33.46397948249541],[-70.60378757485975,-33.46393976136244]]]}},{"type":"Feature","properties":{"comuna":"Nunoa","zona":"Áreas verdes","zona_code":"Áreas verdes","nombre":"Áreas verdes","decreto":""},"geometry":{"type":"Polygon","coordinates":[[[-70.60364009654646,-33.46470621749404],[-70.60337981814591,-33.464777670477254],[-70.60336619538221,-33.464597735760144],[-70.60357883793445,-33.464548065124816],[-70.60364009654646,-33.46470621749404]]]}},{"type":"Feature","properties":{"comuna":"Nunoa","zona":"Áreas verdes","zona_code":"Áreas verdes","nombre":"Áreas verdes","decreto":""},"geometry":{"type":"Polygon","coordinates":[[[-70.60379607688911,-33.46510891195279],[-70.60384818551586,-33.46524343919765],[-70.6034172303262,-33.4652718217293],[-70.60341079785319,-33.465186864109654],[-70.60379607688911,-33.46510891195279]]]}},{"type":"Feature","properties":{"comuna":"Nunoa","zona":"Áreas verdes","zona_code":"Áreas verdes","nombre":"Áreas verdes","decreto":""},"geometry":{"type":"Polygon","coordinates":[[[-70.60268007077758,-33.46461665737129],[-70.6026970816974,-33.46484844874489],[-70.60244474592179,-33.46487446653744],[-70.60242206437424,-33.46462848327212],[-70.60268007077758,-33.46461665737129]]]}},{"type":"Feature","properties":{"comuna":"Nunoa","zona":"Áreas verdes","zona_code":"Áreas verdes","nombre":"Áreas verdes","decreto":""},"geometry":{"type":"Polygon","coordinates":[[[-70.60213287054995,-33.464342290473816],[-70.60222076352485,-33.464477108917976],[-70.60166789366966,-33.46456225697345],[-70.60166505832292,-33.464470012838206],[-70.60213287054995,-33.464342290473816]]]}},{"type":"Feature","properties":{"comuna":"Nunoa","zona":"Áreas verdes","zona_code":"Áreas verdes","nombre":"Áreas verdes","decreto":""},"geometry":{"type":"Polygon","coordinates":[[[-70.60306999798622,-33.463859503739656],[-70.60319144311006,-33.46417657411656],[-70.60313937750222,-33.46420510694891],[-70.60294374700669,-33.463923643441774],[-70.60306999798622,-33.463859503739656]]]}},{"type":"Feature","properties":{"comuna":"Nunoa","zona":"UCH","zona_code":"UCH","nombre":"UCH","decreto":""},"geometry":{"type":"Polygon","coordinates":[[[-70.59628226054983,-33.46497518958529],[-70.59658266457403,-33.47094654151006],[-70.59592784893115,-33.470951160239096],[-70.59267453300714,-33.468970638904786],[-70.59434964435434,-33.46703626598962],[-70.59442246333413,-33.4668103743915],[-70.59436930344279,-33.465036483286696],[-70.59628226054983,-33.46497518958529]]]}},{"type":"Feature","properties":{"comuna":"Nunoa","zona":"Áreas verdes","zona_code":"Áreas verdes","nombre":"Áreas verdes","decreto":""},"geometry":{"type":"Polygon","coordinates":[[[-70.5941937734394,-33.46521288053772],[-70.594233694076,-33.46555498396903],[-70.59421736311907,-33.46557012116478],[-70.5941937734394,-33.46521288053772]]]}},{"type":"Feature","properties":{"comuna":"Nunoa","zona":"Áreas verdes","zona_code":"Áreas verdes","nombre":"Áreas verdes","decreto":""},"geometry":{"type":"Polygon","coordinates":[[[-70.59425183919352,-33.46574874010312],[-70.5942863154582,-33.466817422313085],[-70.59422280708155,-33.46698544344752],[-70.59383267859845,-33.46745620340597],[-70.59425365357819,-33.4667750388072],[-70.59425183919352,-33.46574874010312]]]}},{"type":"Feature","properties":{"comuna":"Nunoa","zona":"Z-4m","zona_code":"Z-4m","nombre":"Z-4m","decreto":""},"geometry":{"type":"Polygon","coordinates":[[[-70.59552554521291,-33.47093822622566],[-70.59640712382021,-33.47148514265532],[-70.59642927463119,-33.472294424764954],[-70.59597297976325,-33.472309206685715],[-70.5959286791621,-33.47168469277505],[-70.5952331620186,-33.4712634200563],[-70.59552554521291,-33.47093822622566]]]}},{"type":"Feature","properties":{"comuna":"Nunoa","zona":"Z-4m","zona_code":"Z-4m","nombre":"Z-4m","decreto":""},"geometry":{"type":"Polygon","coordinates":[[[-70.59519789914182,-33.471319442111465],[-70.59584433112822,-33.47171676860974],[-70.59588685989617,-33.472329309217216],[-70.5954077057121,-33.47233876863459],[-70.5953850241747,-33.47194144594742],[-70.59488885901615,-33.471636357015385],[-70.59519789914182,-33.471319442111465]]]}},{"type":"Feature","properties":{"comuna":"Nunoa","zona":"Áreas verdes","zona_code":"Áreas verdes","nombre":"Áreas verdes","decreto":""},"geometry":{"type":"Polygon","coordinates":[[[-70.59487184715228,-33.471792449388516],[-70.5952829558909,-33.47195327074536],[-70.59529713169646,-33.47217558265885],[-70.59492288128476,-33.472199232775274],[-70.59487184715228,-33.471792449388516]]]}},{"type":"Feature","properties":{"comuna":"Nunoa","zona":"Z-4m","zona_code":"Z-4m","nombre":"Z-4m","decreto":""},"geometry":{"type":"Polygon","coordinates":[[[-70.59643972908107,-33.472402624343765],[-70.59648792830686,-33.473265849249174],[-70.596011609683,-33.47329659384121],[-70.5959719162653,-33.47243336915711],[-70.59643972908107,-33.472402624343765]]]}},{"type":"Feature","properties":{"comuna":"Nunoa","zona":"Z-4m","zona_code":"Z-4m","nombre":"Z-4m","decreto":""},"geometry":{"type":"Polygon","coordinates":[[[-70.59588685989142,-33.472416814792425],[-70.59591804715863,-33.47328949924852],[-70.59545023457032,-33.47331078376235],[-70.5954190467494,-33.47244755932931],[-70.59588685989142,-33.472416814792425]]]}},{"type":"Feature","properties":{"comuna":"Nunoa","zona":"Áreas verdes","zona_code":"Áreas verdes","nombre":"Áreas verdes","decreto":""},"geometry":{"type":"Polygon","coordinates":[[[-70.59514429861999,-33.47243518694659],[-70.59531697824406,-33.47242863983943],[-70.59533448731385,-33.472754829531084],[-70.5950062906289,-33.47277515631509],[-70.59500578618767,-33.47263288810988],[-70.59515185486558,-33.472619258950544],[-70.59514429861999,-33.47243518694659]]]}},{"type":"Feature","properties":{"comuna":"Nunoa","zona":"Z-4m","zona_code":"Z-4m","nombre":"Z-4m","decreto":""},"geometry":{"type":"MultiPolygon","coordinates":[[[[-70.5950062906289,-33.47277515631509],[-70.59533448838968,-33.472754829517235],[-70.59535950762861,-33.47322091374715],[-70.5950079385101,-33.47323983428542],[-70.5950062906289,-33.47277515631509]]],[[[-70.59500510300717,-33.47244046505308],[-70.59514429861999,-33.47243518694659],[-70.59515185486558,-33.472619258950544],[-70.59500578511184,-33.47263288812372],[-70.59500510300717,-33.47244046505308]]]]}},{"type":"Feature","properties":{"comuna":"Nunoa","zona":"Áreas verdes","zona_code":"Áreas verdes","nombre":"Áreas verdes","decreto":""},"geometry":{"type":"Polygon","coordinates":[[[-70.59652938602183,-33.473306614493794],[-70.59650035311981,-33.47340735869653],[-70.5960079578752,-33.47339960922698],[-70.5960300226974,-33.47332211299075],[-70.59652938602183,-33.473306614493794]]]}},{"type":"Feature","properties":{"comuna":"Nunoa","zona":"Áreas verdes","zona_code":"Áreas verdes","nombre":"Áreas verdes","decreto":""},"geometry":{"type":"Polygon","coordinates":[[[-70.59592666643194,-33.47332211298795],[-70.5959104083584,-33.47342866988012],[-70.59545981959052,-33.473440294064986],[-70.59547607768378,-33.473330831523],[-70.59592666643194,-33.47332211298795]]]}},{"type":"Feature","properties":{"comuna":"Nunoa","zona":"Áreas verdes","zona_code":"Áreas verdes","nombre":"Áreas verdes","decreto":""},"geometry":{"type":"Polygon","coordinates":[[[-70.59487468236307,-33.4733226086316],[-70.59488885881014,-33.47344322285795],[-70.59330680019805,-33.47354255260564],[-70.59330680072162,-33.47337463880362],[-70.59487468236307,-33.4733226086316]]]}},{"type":"Feature","properties":{"comuna":"Nunoa","zona":"Áreas verdes","zona_code":"Áreas verdes","nombre":"Áreas verdes","decreto":""},"geometry":{"type":"Polygon","coordinates":[[[-70.59321040274081,-33.47339828868491],[-70.593213237576,-33.47353545777504],[-70.59266603832721,-33.47358748669591],[-70.59266320310148,-33.47342666795492],[-70.59321040274081,-33.47339828868491]]]}},{"type":"Feature","properties":{"comuna":"Nunoa","zona":"Áreas verdes","zona_code":"Áreas verdes","nombre":"Áreas verdes","decreto":""},"geometry":{"type":"Polygon","coordinates":[[[-70.59256964099885,-33.473235104785815],[-70.59256964101161,-33.47357802713505],[-70.59218688433796,-33.47359931189661],[-70.59218972004057,-33.47324219974395],[-70.59256964099885,-33.473235104785815]]]}},{"type":"Feature","properties":{"comuna":"Nunoa","zona":"Z-4m","zona_code":"Z-4m","nombre":"Z-4m","decreto":""},"geometry":{"type":"Polygon","coordinates":[[[-70.59480346165134,-33.4722378304088],[-70.59484701090713,-33.4732201578053],[-70.59438974479117,-33.47323983440016],[-70.59434982469905,-33.47225902113933],[-70.59480346165134,-33.4722378304088]]]}},{"type":"Feature","properties":{"comuna":"Nunoa","zona":"Z-4m","zona_code":"Z-4m","nombre":"Z-4m","decreto":""},"geometry":{"type":"Polygon","coordinates":[[[-70.59426091178105,-33.47225296658953],[-70.59430264630625,-33.47323983399459],[-70.59384900957808,-33.47325345660838],[-70.59379094434962,-33.472265075595246],[-70.59426091178105,-33.47225296658953]]]}},{"type":"Feature","properties":{"comuna":"Nunoa","zona":"Z-4m","zona_code":"Z-4m","nombre":"Z-4m","decreto":""},"geometry":{"type":"Polygon","coordinates":[[[-70.59370928948582,-33.47228475215059],[-70.59376372625108,-33.47326707899041],[-70.59329557344361,-33.473282214666554],[-70.59324113685652,-33.47229232026407],[-70.59370928948582,-33.47228475215059]]]}},{"type":"Feature","properties":{"comuna":"Nunoa","zona":"Z-4m","zona_code":"Z-4m","nombre":"Z-4m","decreto":""},"geometry":{"type":"Polygon","coordinates":[[[-70.59312500572356,-33.47242703090622],[-70.5931957731616,-33.473279187914464],[-70.59270403082905,-33.4733064323085],[-70.59268407097258,-33.47242249074568],[-70.59312500572356,-33.47242703090622]]]}},{"type":"Feature","properties":{"comuna":"Nunoa","zona":"Z-4m","zona_code":"Z-4m","nombre":"Z-4m","decreto":""},"geometry":{"type":"Polygon","coordinates":[[[-70.59258245558809,-33.47229686114745],[-70.59262419035369,-33.4731459917884],[-70.5921705536921,-33.4731596136595],[-70.59212519024754,-33.47228929307838],[-70.59258245558809,-33.47229686114745]]]}},{"type":"Feature","properties":{"comuna":"Nunoa","zona":"Áreas verdes","zona_code":"Áreas verdes","nombre":"Áreas verdes","decreto":""},"geometry":{"type":"Polygon","coordinates":[[[-70.59311281149229,-33.47221585245106],[-70.5931383610728,-33.47240668884994],[-70.59269125640138,-33.472404751356436],[-70.59268661091238,-33.47222844615189],[-70.59311281149229,-33.47221585245106]]]}},{"type":"Feature","properties":{"comuna":"Nunoa","zona":"Áreas verdes","zona_code":"Áreas verdes","nombre":"Áreas verdes","decreto":""},"geometry":{"type":"Polygon","coordinates":[[[-70.59388530101238,-33.471391717904076],[-70.59465103983838,-33.471753473856985],[-70.59431171927146,-33.47175801463582],[-70.59430264615531,-33.47214095881093],[-70.59393792223108,-33.47215004056263],[-70.5939669551061,-33.47173530982876],[-70.59369114397809,-33.47162178850048],[-70.59388530101238,-33.471391717904076]]]}},{"type":"Feature","properties":{"comuna":"Nunoa","zona":"Z-4m","zona_code":"Z-4m","nombre":"Z-4m","decreto":""},"geometry":{"type":"Polygon","coordinates":[[[-70.59373287922013,-33.47116164682117],[-70.59372743543638,-33.471266086707566],[-70.59402502130635,-33.471465885694684],[-70.5941084903245,-33.471403826578715],[-70.5947871310813,-33.47180493605863],[-70.59481071990272,-33.47215760838646],[-70.59335726760804,-33.4721878813019],[-70.59333367816733,-33.47160059800753],[-70.59373287922013,-33.47116164682117]],[[-70.59388530101238,-33.471391717904076],[-70.59369114397809,-33.47162178850048],[-70.59396695619844,-33.47173531071654],[-70.59393792224759,-33.472150041464246],[-70.59430264615531,-33.47214095881093],[-70.59431171927146,-33.47175801463582],[-70.59465103983838,-33.471753473856985],[-70.59413389291235,-33.471456803470666],[-70.59405768347463,-33.47149767177746],[-70.59388530101238,-33.471391717904076]]]}},{"type":"Feature","properties":{"comuna":"Nunoa","zona":"Z-4m","zona_code":"Z-4m","nombre":"Z-4m","decreto":""},"geometry":{"type":"Polygon","coordinates":[[[-70.59506838554,-33.47065457996015],[-70.59543492376818,-33.47089524736288],[-70.59475446934218,-33.47170201100434],[-70.59437522840854,-33.471474967609005],[-70.59506838554,-33.47065457996015]]]}},{"type":"Feature","properties":{"comuna":"Nunoa","zona":"Z-4m","zona_code":"Z-4m","nombre":"Z-4m","decreto":""},"geometry":{"type":"Polygon","coordinates":[[[-70.59465104007775,-33.47040482902773],[-70.59501939254322,-33.47063187474247],[-70.59430264616948,-33.471428044800334],[-70.5939288500577,-33.47119040556728],[-70.59465104007775,-33.47040482902773]]]}},{"type":"Feature","properties":{"comuna":"Nunoa","zona":"Z-4m","zona_code":"Z-4m","nombre":"Z-4m","decreto":""},"geometry":{"type":"Polygon","coordinates":[[[-70.59415385382675,-33.47010058602836],[-70.594496803052,-33.47033520092805],[-70.5938236064017,-33.47112380613161],[-70.59345525323529,-33.47089373392805],[-70.59415385382675,-33.47010058602836]]]}},{"type":"Feature","properties":{"comuna":"Nunoa","zona":"Z-4m","zona_code":"Z-4m","nombre":"Z-4m","decreto":""},"geometry":{"type":"Polygon","coordinates":[[[-70.59370566083476,-33.469832670704555],[-70.59407945756267,-33.47005366294503],[-70.59338448568045,-33.47086800191788],[-70.59300887483019,-33.470630361494564],[-70.59370566083476,-33.469832670704555]]]}},{"type":"Feature","properties":{"comuna":"Nunoa","zona":"Z-4m","zona_code":"Z-4m","nombre":"Z-4m","decreto":""},"geometry":{"type":"Polygon","coordinates":[[[-70.59325565261425,-33.469549617243395],[-70.59362037694291,-33.4697827201137],[-70.59293266330243,-33.47059554740775],[-70.59254979441491,-33.47035336522111],[-70.59325565261425,-33.469549617243395]]]}},{"type":"Feature","properties":{"comuna":"Nunoa","zona":"Z-4m","zona_code":"Z-4m","nombre":"Z-4m","decreto":""},"geometry":{"type":"Polygon","coordinates":[[[-70.59272580493808,-33.47052289323465],[-70.59367662809916,-33.47111472463924],[-70.593203031448,-33.47163541096912],[-70.59226853963466,-33.47106477477285],[-70.59272580493808,-33.47052289323465]]]}},{"type":"Feature","properties":{"comuna":"Nunoa","zona":"Z-4m","zona_code":"Z-4m","nombre":"Z-4m","decreto":""},"geometry":{"type":"Polygon","coordinates":[[[-70.59225039367855,-33.47113288790409],[-70.59311230348372,-33.4716671972284],[-70.59313226389226,-33.4721893942524],[-70.59266411087908,-33.472195448711645],[-70.59266955450778,-33.471885158560276],[-70.59197639720335,-33.47146437178297],[-70.59225039367855,-33.47113288790409]]]}},{"type":"Feature","properties":{"comuna":"Nunoa","zona":"Z-4m","zona_code":"Z-4m","nombre":"Z-4m","decreto":""},"geometry":{"type":"Polygon","coordinates":[[[-70.59192377590756,-33.47152491676354],[-70.59255886670167,-33.471906349196665],[-70.59256249653843,-33.47221512580902],[-70.5921288195928,-33.4722181532474],[-70.59212337521215,-33.47210311879427],[-70.59164614928362,-33.471814018078994],[-70.59192377590756,-33.47152491676354]]]}},{"type":"Feature","properties":{"comuna":"Nunoa","zona":"Z-4m","zona_code":"Z-4m","nombre":"Z-4m","decreto":""},"geometry":{"type":"Polygon","coordinates":[[[-70.59148465553257,-33.472021383336],[-70.59185845173377,-33.472243884604914],[-70.59189292788957,-33.473168695881405],[-70.59146469550798,-33.4731823179995],[-70.59141570236267,-33.47249211603706],[-70.59121610255237,-33.47232713314733],[-70.59148465553257,-33.472021383336]]]}},{"type":"Feature","properties":{"comuna":"Nunoa","zona":"Z-4m","zona_code":"Z-4m","nombre":"Z-4m","decreto":""},"geometry":{"type":"Polygon","coordinates":[[[-70.59111267316193,-33.47244822172556],[-70.59135219347357,-33.472588987503556],[-70.5913848548941,-33.47318988609919],[-70.59091307295694,-33.473206535670265],[-70.59084593477711,-33.472755483279805],[-70.59111267316193,-33.47244822172556]]]}},{"type":"Feature","properties":{"comuna":"Nunoa","zona":"Áreas verdes","zona_code":"Áreas verdes","nombre":"Áreas verdes","decreto":""},"geometry":{"type":"Polygon","coordinates":[[[-70.59128505455887,-33.471877589989205],[-70.59138485490267,-33.47195781151716],[-70.59084956335991,-33.47259958210186],[-70.59078605433928,-33.47256931031419],[-70.59071165821254,-33.47279332350935],[-70.5905646798772,-33.472705534588044],[-70.59128505455887,-33.471877589989205]]]}},{"type":"Feature","properties":{"comuna":"Nunoa","zona":"Áreas verdes","zona_code":"Áreas verdes","nombre":"Áreas verdes","decreto":""},"geometry":{"type":"Polygon","coordinates":[[[-70.59078786908793,-33.47294014286117],[-70.59081871656123,-33.47322015797646],[-70.59015459247088,-33.473209562769306],[-70.5904576209388,-33.4728705171931],[-70.59078786908793,-33.47294014286117]]]}},{"type":"Feature","properties":{"comuna":"Nunoa","zona":"Z-4m","zona_code":"Z-4m","nombre":"Z-4m","decreto":""},"geometry":{"type":"Polygon","coordinates":[[[-70.59190903259223,-33.47333206864591],[-70.59192320845963,-33.473587487278664],[-70.58991303028208,-33.473819254230506],[-70.58930345587198,-33.47371283121291],[-70.5891985520358,-33.47383107924274],[-70.58892070045037,-33.473786145206134],[-70.58877893874073,-33.47345504781832],[-70.58933464401667,-33.472842514934946],[-70.58938000769541,-33.47310503004354],[-70.58956429769492,-33.47306009532158],[-70.58952176890853,-33.472778660462204],[-70.58937433699391,-33.472790485094535],[-70.5898790073737,-33.47221815331901],[-70.58991870075167,-33.4724239093213],[-70.59010866126087,-33.47238133961645],[-70.59004345055584,-33.472149567667536],[-70.58992720650012,-33.4721542975749],[-70.59042053609672,-33.47159378698136],[-70.59048007593873,-33.47179008400457],[-70.59067287220401,-33.47177352918913],[-70.59058781511153,-33.471522835702885],[-70.59050275836432,-33.47152047064499],[-70.59054812240709,-33.47147316991229],[-70.59127643864659,-33.471887494517574],[-70.5900576273233,-33.473306053947375],[-70.59190903259223,-33.47333206864591]]]}},{"type":"Feature","properties":{"comuna":"Nunoa","zona":"Áreas verdes","zona_code":"Áreas verdes","nombre":"Áreas verdes","decreto":""},"geometry":{"type":"Polygon","coordinates":[[[-70.58984670374964,-33.47380767522398],[-70.58981379760463,-33.47386182402329],[-70.58924733098969,-33.47377609666019],[-70.58930345585551,-33.47371283031129],[-70.58984670374964,-33.47380767522398]]]}},{"type":"Feature","properties":{"comuna":"Nunoa","zona":"Z-4m","zona_code":"Z-4m","nombre":"Z-4m","decreto":""},"geometry":{"type":"Polygon","coordinates":[[[-70.59137884427845,-33.47066432337076],[-70.59183248085193,-33.470924480073336],[-70.59167937821944,-33.471146793879285],[-70.59192887839127,-33.471319442763715],[-70.59170489608213,-33.47160324673511],[-70.59149225357434,-33.471496819973076],[-70.59134198614441,-33.471633991980106],[-70.59078911632612,-33.47126977610293],[-70.59137884427845,-33.47066432337076]]]}},{"type":"Feature","properties":{"comuna":"Nunoa","zona":"Áreas verdes","zona_code":"Áreas verdes","nombre":"Áreas verdes","decreto":""},"geometry":{"type":"Polygon","coordinates":[[[-70.59183141585,-33.470926026867524],[-70.59208527017607,-33.47107082866621],[-70.59191651757463,-33.471272141738055],[-70.59167937929527,-33.47114679386547],[-70.59183141585,-33.470926026867524]]]}},{"type":"Feature","properties":{"comuna":"Nunoa","zona":"Áreas verdes","zona_code":"Áreas verdes","nombre":"Áreas verdes","decreto":""},"geometry":{"type":"Polygon","coordinates":[[[-70.5914978938928,-33.47152504251767],[-70.59169336598339,-33.47161307959954],[-70.59155883958691,-33.47176125495075],[-70.59136708427388,-33.47163973902183],[-70.5914978938928,-33.47152504251767]]]}},{"type":"Feature","properties":{"comuna":"Nunoa","zona":"Áreas verdes","zona_code":"Áreas verdes","nombre":"Áreas verdes","decreto":""},"geometry":{"type":"Polygon","coordinates":[[[-70.59245180888558,-33.470388178808705],[-70.59265322376228,-33.47051381118032],[-70.5922213606803,-33.471034502211396],[-70.59199272849733,-33.47090130251524],[-70.59245180888558,-33.470388178808705]]]}},{"type":"Feature","properties":{"comuna":"Nunoa","zona":"Áreas verdes","zona_code":"Áreas verdes","nombre":"Áreas verdes","decreto":""},"geometry":{"type":"Polygon","coordinates":[[[-70.59280201648703,-33.46981904756793],[-70.59241551751116,-33.470274655377416],[-70.59230301566369,-33.46988262076528],[-70.59253527749274,-33.469694927618335],[-70.59280201648703,-33.46981904756793]]]}},{"type":"Feature","properties":{"comuna":"Nunoa","zona":"Áreas verdes","zona_code":"Áreas verdes","nombre":"Áreas verdes","decreto":""},"geometry":{"type":"Polygon","coordinates":[[[-70.59311230326635,-33.46948755715516],[-70.59293810758841,-33.469708550980954],[-70.59286008126782,-33.46933770417646],[-70.59311230326635,-33.46948755715516]]]}},{"type":"Feature","properties":{"comuna":"Nunoa","zona":"Z-4m","zona_code":"Z-4m","nombre":"Z-4m","decreto":""},"geometry":{"type":"Polygon","coordinates":[[[-70.59268304984957,-33.46944630991351],[-70.59257531117453,-33.469101005849566],[-70.59320473231833,-33.46948651595443],[-70.59199272848085,-33.470901301613615],[-70.59133631584005,-33.470520055074104],[-70.59190052662342,-33.46987439023684],[-70.59197140756844,-33.47012508909433],[-70.59212167381916,-33.470084882254994],[-70.59207063973905,-33.469838913854666],[-70.59192887870168,-33.46983891411365],[-70.59243921968697,-33.46925710228473],[-70.59251577118158,-33.469472325652156],[-70.59268304984957,-33.46944630991351]],[[-70.59311230434214,-33.46948755714133],[-70.59286008128431,-33.46933770507808],[-70.59293810758841,-33.469708550980954],[-70.59311230434214,-33.46948755714133]],[[-70.59253527750923,-33.46969492851996],[-70.59230301566369,-33.46988262076528],[-70.59241551751116,-33.470274655377416],[-70.59280201648703,-33.46981904756793],[-70.59253527750923,-33.46969492851996]]]}},{"type":"Feature","properties":{"comuna":"Nunoa","zona":"Áreas verdes","zona_code":"Áreas verdes","nombre":"Áreas verdes","decreto":""},"geometry":{"type":"Polygon","coordinates":[[[-70.58964084852892,-33.472218153093586],[-70.58871089283069,-33.473341529088465],[-70.58862300109169,-33.47336281359069],[-70.58860031888436,-33.47325638964844],[-70.58878744405914,-33.473171249413944],[-70.58964084852892,-33.472218153093586]]]}},{"type":"Feature","properties":{"comuna":"Nunoa","zona":"Áreas verdes","zona_code":"Áreas verdes","nombre":"Áreas verdes","decreto":""},"geometry":{"type":"Polygon","coordinates":[[[-70.59041044281177,-33.47132360494145],[-70.58974450390356,-33.47215912239572],[-70.5897172858548,-33.47214701364118],[-70.59041044281177,-33.47132360494145]]]}},{"type":"Feature","properties":{"comuna":"Nunoa","zona":"Áreas verdes","zona_code":"Áreas verdes","nombre":"Áreas verdes","decreto":""},"geometry":{"type":"Polygon","coordinates":[[[-70.59054653374787,-33.47117829658991],[-70.59106368021592,-33.47062884723207],[-70.59055742111723,-33.47120554189207],[-70.59054653374787,-33.47117829658991]]]}},{"type":"Feature","properties":{"comuna":"Nunoa","zona":"Áreas verdes","zona_code":"Áreas verdes","nombre":"Áreas verdes","decreto":""},"geometry":{"type":"Polygon","coordinates":[[[-70.59196369545506,-33.46955718542451],[-70.59141751719318,-33.47022319157337],[-70.59117255312566,-33.470472943014855],[-70.59119795646434,-33.4704169377291],[-70.59196369545506,-33.46955718542451]]]}},{"type":"Feature","properties":{"comuna":"Nunoa","zona":"Áreas verdes","zona_code":"Áreas verdes","nombre":"Áreas verdes","decreto":""},"geometry":{"type":"Polygon","coordinates":[[[-70.58907942267867,-33.47219014049759],[-70.58909931971517,-33.472272548210725],[-70.58879311437424,-33.47233640377307],[-70.58875635900517,-33.472188643511785],[-70.58907942267867,-33.47219014049759]]]}},{"type":"Feature","properties":{"comuna":"Nunoa","zona":"Áreas verdes","zona_code":"Áreas verdes","nombre":"Áreas verdes","decreto":""},"geometry":{"type":"Polygon","coordinates":[[[-70.58856972911188,-33.47255846326319],[-70.5886428470203,-33.47279285008578],[-70.58834231353079,-33.472851975693835],[-70.58827091480626,-33.472617230266],[-70.58856972911188,-33.47255846326319]]]}},{"type":"Feature","properties":{"comuna":"Nunoa","zona":"Áreas verdes","zona_code":"Áreas verdes","nombre":"Áreas verdes","decreto":""},"geometry":{"type":"Polygon","coordinates":[[[-70.58903977960577,-33.47146843981994],[-70.58919288209833,-33.4720999019872],[-70.58853510893837,-33.47210463242733],[-70.58838767727727,-33.47157250117464],[-70.58903977960577,-33.47146843981994]]]}},{"type":"Feature","properties":{"comuna":"Nunoa","zona":"Áreas verdes","zona_code":"Áreas verdes","nombre":"Áreas verdes","decreto":""},"geometry":{"type":"Polygon","coordinates":[[[-70.58834514885717,-33.47113496937186],[-70.58845288712966,-33.471515740916146],[-70.58836215942003,-33.47153466088169],[-70.5882572562362,-33.47116098461104],[-70.58834514885717,-33.47113496937186]]]}},{"type":"Feature","properties":{"comuna":"Nunoa","zona":"Áreas verdes","zona_code":"Áreas verdes","nombre":"Áreas verdes","decreto":""},"geometry":{"type":"Polygon","coordinates":[[[-70.58823173870739,-33.4706430383451],[-70.58833380740495,-33.4710309070733],[-70.58824024505702,-33.471056922819024],[-70.58814951710144,-33.47066195825272],[-70.58823173870739,-33.4706430383451]]]}},{"type":"Feature","properties":{"comuna":"Nunoa","zona":"Áreas verdes","zona_code":"Áreas verdes","nombre":"Áreas verdes","decreto":""},"geometry":{"type":"Polygon","coordinates":[[[-70.58803327263668,-33.4706643235554],[-70.58814101180917,-33.4709670508221],[-70.58805878977998,-33.47098360607417],[-70.58802193163021,-33.47082751211426],[-70.58769020987786,-33.470879543269],[-70.58765051757976,-33.470737640660616],[-70.58803327263668,-33.4706643235554]]]}},{"type":"Feature","properties":{"comuna":"Nunoa","zona":"Áreas verdes","zona_code":"Áreas verdes","nombre":"Áreas verdes","decreto":""},"geometry":{"type":"Polygon","coordinates":[[[-70.58812116553045,-33.47017948484669],[-70.5882203982404,-33.47055553095519],[-70.58813534182424,-33.4705862768409],[-70.58803043754659,-33.4701865806251],[-70.58812116553045,-33.47017948484669]]]}},{"type":"Feature","properties":{"comuna":"Nunoa","zona":"Áreas verdes","zona_code":"Áreas verdes","nombre":"Áreas verdes","decreto":""},"geometry":{"type":"Polygon","coordinates":[[[-70.5880049212492,-33.4697301202552],[-70.5881098240685,-33.47011326340925],[-70.58802193197307,-33.470129818236835],[-70.58793120495518,-33.46975850127224],[-70.5880049212492,-33.4697301202552]]]}},{"type":"Feature","properties":{"comuna":"Nunoa","zona":"Áreas verdes","zona_code":"Áreas verdes","nombre":"Áreas verdes","decreto":""},"geometry":{"type":"Polygon","coordinates":[[[-70.58789718175161,-33.4692689272165],[-70.58800208529718,-33.46966862814699],[-70.58792836972516,-33.46968754892588],[-70.58781779579004,-33.46929021303785],[-70.58789718175161,-33.4692689272165]]]}},{"type":"Feature","properties":{"comuna":"Nunoa","zona":"Áreas verdes","zona_code":"Áreas verdes","nombre":"Áreas verdes","decreto":""},"geometry":{"type":"Polygon","coordinates":[[[-70.58776959673767,-33.46906789384769],[-70.5878858416663,-33.46920270482528],[-70.5878149607728,-33.46922162528539],[-70.58776959673767,-33.46906789384769]]]}},{"type":"Feature","properties":{"comuna":"Nunoa","zona":"Z-4m","zona_code":"Z-4m","nombre":"Z-4m","decreto":""},"geometry":{"type":"Polygon","coordinates":[[[-70.58887250149972,-33.468644539623945],[-70.5889603928882,-33.469020591720074],[-70.58788455734744,-33.46919895612831],[-70.58780361969805,-33.46881719298884],[-70.58887250149972,-33.468644539623945]]]}},{"type":"Feature","properties":{"comuna":"Nunoa","zona":"Z-4m","zona_code":"Z-4m","nombre":"Z-4m","decreto":""},"geometry":{"type":"Polygon","coordinates":[[[-70.58789888624474,-33.46927541751272],[-70.588983074656,-33.469093910301915],[-70.58907380270051,-33.46947469119041],[-70.58799964285858,-33.46965932006263],[-70.58789888624474,-33.46927541751272]]]}},{"type":"Feature","properties":{"comuna":"Nunoa","zona":"Z-4m","zona_code":"Z-4m","nombre":"Z-4m","decreto":""},"geometry":{"type":"Polygon","coordinates":[[[-70.58800581708823,-33.46973339505503],[-70.58907096735803,-33.46955273877815],[-70.58917587070782,-33.46992405703068],[-70.5881098240685,-33.47011326340925],[-70.58800581708823,-33.46973339505503]]]}},{"type":"Feature","properties":{"comuna":"Nunoa","zona":"Z-4m","zona_code":"Z-4m","nombre":"Z-4m","decreto":""},"geometry":{"type":"Polygon","coordinates":[[[-70.58812168922715,-33.47018147118604],[-70.58917587087541,-33.47000210432727],[-70.58928644505524,-33.470373420970816],[-70.5882203982404,-33.47055553095519],[-70.58812168922715,-33.47018147118604]]]}},{"type":"Feature","properties":{"comuna":"Nunoa","zona":"Z-4m","zona_code":"Z-4m","nombre":"Z-4m","decreto":""},"geometry":{"type":"Polygon","coordinates":[[[-70.58823292723277,-33.47064755031331],[-70.58931196183387,-33.47044673828194],[-70.58938567724645,-33.47088663837671],[-70.58834798349788,-33.471073477659246],[-70.58823292723277,-33.47064755031331]]]}},{"type":"Feature","properties":{"comuna":"Nunoa","zona":"Áreas verdes","zona_code":"Áreas verdes","nombre":"Áreas verdes","decreto":""},"geometry":{"type":"Polygon","coordinates":[[[-70.58933510530719,-33.47058484931983],[-70.58939134781967,-33.470612292247694],[-70.58948774629162,-33.47075183103779],[-70.5893663424302,-33.47077125068311],[-70.58933510530719,-33.47058484931983]]]}},{"type":"Feature","properties":{"comuna":"Nunoa","zona":"Z-4m","zona_code":"Z-4m","nombre":"Z-4m","decreto":""},"geometry":{"type":"MultiPolygon","coordinates":[[[[-70.58942253579538,-33.4709552252799],[-70.58951609874725,-33.47133126716147],[-70.58845288712966,-33.471515740916146],[-70.5883453547398,-33.471135696315685],[-70.58942253579538,-33.4709552252799]]],[[[-70.5883453547398,-33.471135696315685],[-70.58833921833553,-33.471136723691934],[-70.58834514884073,-33.47113496847024],[-70.5883453547398,-33.471135696315685]]]]}},{"type":"Feature","properties":{"comuna":"Nunoa","zona":"Áreas verdes","zona_code":"Áreas verdes","nombre":"Áreas verdes","decreto":""},"geometry":{"type":"Polygon","coordinates":[[[-70.58993854735341,-33.471054557934984],[-70.59030145661299,-33.47128396658561],[-70.5901625301341,-33.47146134504186],[-70.59005195696578,-33.47122957072488],[-70.58987900744565,-33.47112550869602],[-70.58993854735341,-33.471054557934984]]]}},{"type":"Feature","properties":{"comuna":"Nunoa","zona":"Áreas verdes","zona_code":"Áreas verdes","nombre":"Áreas verdes","decreto":""},"geometry":{"type":"Polygon","coordinates":[[[-70.5895983200926,-33.471423504396455],[-70.58964651870149,-33.471610341915024],[-70.58928360901851,-33.47167892743311],[-70.5892410808782,-33.471489725488745],[-70.5895983200926,-33.471423504396455]]]}},{"type":"Feature","properties":{"comuna":"Nunoa","zona":"Z-4m","zona_code":"Z-4m","nombre":"Z-4m","decreto":""},"geometry":{"type":"Polygon","coordinates":[[[-70.58848974523393,-33.47218740781942],[-70.58875635900517,-33.472188643511785],[-70.58879311437424,-33.47233640377307],[-70.58909931973164,-33.47227254911236],[-70.5890794237545,-33.47219014048379],[-70.58951042821279,-33.47219213792194],[-70.58905679110538,-33.472681694817176],[-70.58897456911798,-33.47247357451465],[-70.58881012571103,-33.47252560473634],[-70.58885548972398,-33.4728070405154],[-70.58898307504731,-33.472790485648574],[-70.58866836467986,-33.47310502949247],[-70.5874633920747,-33.473102664329026],[-70.58732730103175,-33.47275501060255],[-70.58827091482273,-33.47261723116763],[-70.58834231245496,-33.47285197570762],[-70.58864284809614,-33.47279285007199],[-70.58848974523393,-33.47218740781942]]]}},{"type":"Feature","properties":{"comuna":"Nunoa","zona":"Z-4m","zona_code":"Z-4m","nombre":"Z-4m","decreto":""},"geometry":{"type":"Polygon","coordinates":[[[-70.58952176827789,-33.47092447976142],[-70.58971172937511,-33.47090555854839],[-70.58993854735341,-33.471054557934984],[-70.58987900744565,-33.47112550869602],[-70.59005195696578,-33.47122957072488],[-70.5901625301341,-33.47146134504186],[-70.5900462864773,-33.47144242449024],[-70.59001509900301,-33.47127450666281],[-70.58983364354559,-33.471293426554034],[-70.58990736052483,-33.4715583112298],[-70.59008030992916,-33.47153702573444],[-70.58961249682841,-33.47206442700761],[-70.58947640544312,-33.471875224939346],[-70.58927793841808,-33.47190360510577],[-70.5893119616743,-33.47205969710145],[-70.58919046160028,-33.472089920884684],[-70.58902779257322,-33.47147035299672],[-70.58962100149638,-33.47136910893383],[-70.58952176827789,-33.47092447976142]],[[-70.58959832007612,-33.47142350349484],[-70.5892410808782,-33.471489725488745],[-70.5892836101108,-33.47167892832093],[-70.58964651977732,-33.471610341901226],[-70.58959832007612,-33.47142350349484]]]}},{"type":"Feature","properties":{"comuna":"Nunoa","zona":"Z-4m","zona_code":"Z-4m","nombre":"Z-4m","decreto":""},"geometry":{"type":"Polygon","coordinates":[[[-70.58841602881763,-33.472054967173015],[-70.58851526213493,-33.472435734869855],[-70.58734714782166,-33.47264858544534],[-70.58725925534038,-33.47225126354618],[-70.58841602881763,-33.472054967173015]]]}},{"type":"Feature","properties":{"comuna":"Nunoa","zona":"Z-4m","zona_code":"Z-4m","nombre":"Z-4m","decreto":""},"geometry":{"type":"Polygon","coordinates":[[[-70.58828844421622,-33.471615072439484],[-70.58839051191197,-33.471995841829255],[-70.58723657331421,-33.47218504300064],[-70.58717419861384,-33.47180663927584],[-70.58828844421622,-33.471615072439484]]]}},{"type":"Feature","properties":{"comuna":"Nunoa","zona":"Z-4m","zona_code":"Z-4m","nombre":"Z-4m","decreto":""},"geometry":{"type":"Polygon","coordinates":[[[-70.58818354019368,-33.471149159384574],[-70.58829411370408,-33.47153939103934],[-70.58713450572493,-33.47173095809881],[-70.58703810693626,-33.47134072778776],[-70.58818354019368,-33.471149159384574]]]}},{"type":"Feature","properties":{"comuna":"Nunoa","zona":"Z-4m","zona_code":"Z-4m","nombre":"Z-4m","decreto":""},"geometry":{"type":"Polygon","coordinates":[[[-70.5876536544233,-33.4707488553472],[-70.58769021097014,-33.47087954415685],[-70.58802193270603,-33.47082751210048],[-70.58805878977998,-33.47098360607417],[-70.58777526756377,-33.47102381183174],[-70.58781779525809,-33.471130238741544],[-70.58700124992811,-33.47123430102985],[-70.58692469776986,-33.47086062298621],[-70.5876536544233,-33.4707488553472]]]}},{"type":"Feature","properties":{"comuna":"Nunoa","zona":"Z-4m","zona_code":"Z-4m","nombre":"Z-4m","decreto":""},"geometry":{"type":"Polygon","coordinates":[[[-70.58797373334853,-33.47021259641387],[-70.5880247677044,-33.47057445127769],[-70.58685948752706,-33.47078257647998],[-70.58678010164002,-33.4703947063712],[-70.58797373334853,-33.47021259641387]]]}},{"type":"Feature","properties":{"comuna":"Nunoa","zona":"Z-4m","zona_code":"Z-4m","nombre":"Z-4m","decreto":""},"geometry":{"type":"Polygon","coordinates":[[[-70.5878518187376,-33.469758501163554],[-70.58795672241276,-33.470151104671274],[-70.58677443144191,-33.47034504017873],[-70.58670071479037,-33.469947707507394],[-70.5878518187376,-33.469758501163554]]]}},{"type":"Feature","properties":{"comuna":"Nunoa","zona":"Z-4m","zona_code":"Z-4m","nombre":"Z-4m","decreto":""},"geometry":{"type":"Polygon","coordinates":[[[-70.58775542063103,-33.469325690360975],[-70.58784331304572,-33.46969464403912],[-70.586683703461,-33.46987675534813],[-70.58660431690579,-33.46951962764477],[-70.58775542063103,-33.469325690360975]]]}},{"type":"Feature","properties":{"comuna":"Nunoa","zona":"Áreas verdes","zona_code":"Áreas verdes","nombre":"Áreas verdes","decreto":""},"geometry":{"type":"Polygon","coordinates":[[[-70.5875966478256,-33.46882665335835],[-70.5876902098798,-33.46922399099942],[-70.58750591983264,-33.46925237149884],[-70.58748040318888,-33.469103371042216],[-70.58728760779793,-33.46911992620518],[-70.58721956233497,-33.46889287652605],[-70.5875966478256,-33.46882665335835]]]}},{"type":"Feature","properties":{"comuna":"Nunoa","zona":"Z-4m","zona_code":"Z-4m","nombre":"Z-4m","decreto":""},"geometry":{"type":"MultiPolygon","coordinates":[[[[-70.58750589806759,-33.46925224011002],[-70.58733864190111,-33.46927602286317],[-70.58728760779793,-33.46911992620518],[-70.58748040318888,-33.469103371042216],[-70.58750589806759,-33.46925224011002]]],[[[-70.58751730906681,-33.469250617638814],[-70.58750591983264,-33.46925237149884],[-70.58750589806759,-33.46925224011002],[-70.58751730906681,-33.469250617638814]]]]}},{"type":"Feature","properties":{"comuna":"Nunoa","zona":"Z-4m","zona_code":"Z-4m","nombre":"Z-4m","decreto":""},"geometry":{"type":"Polygon","coordinates":[[[-70.58714868190383,-33.46889051153331],[-70.5872309026208,-33.46929021330431],[-70.5865561183658,-33.46940610327953],[-70.58647106115056,-33.46901586148518],[-70.58714868190383,-33.46889051153331]]]}},{"type":"Feature","properties":{"comuna":"Nunoa","zona":"Z-4m","zona_code":"Z-4m","nombre":"Z-4m","decreto":""},"geometry":{"type":"Polygon","coordinates":[[[-70.5870267661428,-33.46843877448916],[-70.58712032921551,-33.468829018801685],[-70.58644554465043,-33.46896855960702],[-70.58634347666253,-33.468554665712965],[-70.5870267661428,-33.46843877448916]]]}},{"type":"Feature","properties":{"comuna":"Nunoa","zona":"Z-4m","zona_code":"Z-4m","nombre":"Z-4m","decreto":""},"geometry":{"type":"Polygon","coordinates":[[[-70.5873896754092,-33.46837964696365],[-70.58746055694246,-33.46865400016215],[-70.58717986927142,-33.468772256066195],[-70.58708630625742,-33.46842221912808],[-70.5873896754092,-33.46837964696365]]]}},{"type":"Feature","properties":{"comuna":"Nunoa","zona":"Áreas verdes","zona_code":"Áreas verdes","nombre":"Áreas verdes","decreto":""},"geometry":{"type":"Polygon","coordinates":[[[-70.58737589000202,-33.46838158120569],[-70.58760515321634,-33.46833707451051],[-70.58771005653378,-33.468741509509364],[-70.58720538575824,-33.46884084375541],[-70.58717986819563,-33.46877225607998],[-70.58746055694246,-33.46865400016215],[-70.58737589000202,-33.46838158120569]]]}},{"type":"Feature","properties":{"comuna":"Nunoa","zona":"Áreas verdes","zona_code":"Áreas verdes","nombre":"Áreas verdes","decreto":""},"geometry":{"type":"Polygon","coordinates":[[[-70.58748607372046,-33.46789243056602],[-70.58761082379988,-33.46827794623079],[-70.587511591102,-33.468299232670034],[-70.58742086316202,-33.467904255580606],[-70.58748607372046,-33.46789243056602]]]}},{"type":"Feature","properties":{"comuna":"Nunoa","zona":"Z-4m","zona_code":"Z-4m","nombre":"Z-4m","decreto":""},"geometry":{"type":"Polygon","coordinates":[[[-70.58742086316202,-33.467904255580606],[-70.58751159108557,-33.468299231768405],[-70.58633497039784,-33.468504997905384],[-70.58623006746573,-33.46810765723642],[-70.58742086316202,-33.467904255580606]]]}},{"type":"Feature","properties":{"comuna":"Nunoa","zona":"Z-4m","zona_code":"Z-4m","nombre":"Z-4m","decreto":""},"geometry":{"type":"Polygon","coordinates":[[[-70.58874775064952,-33.468154960157776],[-70.58882713736244,-33.46853810972104],[-70.58776959690059,-33.46872968393013],[-70.58767886918157,-33.46832761416202],[-70.58874775064952,-33.468154960157776]]]}},{"type":"Feature","properties":{"comuna":"Nunoa","zona":"Z-4m","zona_code":"Z-4m","nombre":"Z-4m","decreto":""},"geometry":{"type":"Polygon","coordinates":[[[-70.58861166020502,-33.467715044608994],[-70.588725069227,-33.46807927600298],[-70.58768170406712,-33.46826139051127],[-70.58757396563198,-33.46787114423289],[-70.58861166020502,-33.467715044608994]]]}},{"type":"Feature","properties":{"comuna":"Nunoa","zona":"Z-4m","zona_code":"Z-4m","nombre":"Z-4m","decreto":""},"geometry":{"type":"Polygon","coordinates":[[[-70.58807863702391,-33.46615995217761],[-70.58818052762247,-33.46666624700029],[-70.58836216024515,-33.4666292916404],[-70.58863239253587,-33.46762709092746],[-70.5862135874041,-33.46803729429288],[-70.58588133360182,-33.46647038187728],[-70.58807863702391,-33.46615995217761]]]}},{"type":"Feature","properties":{"comuna":"Nunoa","zona":"Áreas verdes","zona_code":"Áreas verdes","nombre":"Áreas verdes","decreto":""},"geometry":{"type":"Polygon","coordinates":[[[-70.58835648947479,-33.466087813464384],[-70.58727735534771,-33.46627315577947],[-70.58716852847377,-33.46581108735388],[-70.58726776054445,-33.46597665031003],[-70.58734714756426,-33.4657614174615],[-70.58818637498244,-33.46567863576784],[-70.58835648947479,-33.466087813464384]]]}},{"type":"Feature","properties":{"comuna":"Nunoa","zona":"Áreas verdes","zona_code":"Áreas verdes","nombre":"Áreas verdes","decreto":""},"geometry":{"type":"Polygon","coordinates":[[[-70.58719373618518,-33.46628496841424],[-70.5858813335854,-33.46647038097565],[-70.5857934415081,-33.466118561273085],[-70.58706929448006,-33.46594353792596],[-70.58719373618518,-33.46628496841424]]]}},{"type":"Feature","properties":{"comuna":"Nunoa","zona":"Áreas verdes","zona_code":"Áreas verdes","nombre":"Áreas verdes","decreto":""},"geometry":{"type":"Polygon","coordinates":[[[-70.58706645974888,-33.46589386877026],[-70.58574240756748,-33.466073622948684],[-70.58572539571165,-33.46606889224821],[-70.58574240712194,-33.46598374530394],[-70.58703810699349,-33.465830008663],[-70.58706645974888,-33.46589386877026]]]}},{"type":"Feature","properties":{"comuna":"Nunoa","zona":"PM y AP","zona_code":"PM y AP","nombre":"PM y AP","decreto":""},"geometry":{"type":"Polygon","coordinates":[[[-70.58996583608625,-33.46907203331104],[-70.5901740483879,-33.46994046444403],[-70.5909138665068,-33.470542818445395],[-70.59043099148671,-33.47110451885749],[-70.58971332407582,-33.47066846258789],[-70.58954941255497,-33.470428260737485],[-70.58922158875347,-33.46917920181438],[-70.58996583608625,-33.46907203331104]]]}},{"type":"Feature","properties":{"comuna":"Nunoa","zona":"PM y AP","zona_code":"PM y AP","nombre":"PM y AP","decreto":""},"geometry":{"type":"Polygon","coordinates":[[[-70.58968337648702,-33.46801305165228],[-70.589913030774,-33.46896855991719],[-70.58916452977797,-33.469108100713036],[-70.58896039271886,-33.468128943296115],[-70.58968337648702,-33.46801305165228]]]}},{"type":"Feature","properties":{"comuna":"Nunoa","zona":"PM y AP","zona_code":"PM y AP","nombre":"PM y AP","decreto":""},"geometry":{"type":"Polygon","coordinates":[[[-70.58942253569074,-33.466839939011415],[-70.58967770650722,-33.46790425602875],[-70.58894054671748,-33.46801778260092],[-70.5886910468093,-33.466979483981284],[-70.58942253569074,-33.466839939011415]]]}},{"type":"Feature","properties":{"comuna":"Nunoa","zona":"Áreas verdes","zona_code":"Áreas verdes","nombre":"Áreas verdes","decreto":""},"geometry":{"type":"MultiPolygon","coordinates":[[[[-70.59126827045534,-33.470094342341035],[-70.59105279279731,-33.47042781710507],[-70.59073880107624,-33.470188816695064],[-70.59126827045534,-33.470094342341035]]],[[[-70.59073880107624,-33.470188816695064],[-70.59073808139856,-33.47018894587644],[-70.59073792954916,-33.47018646598306],[-70.59073880107624,-33.470188816695064]]]]}},{"type":"Feature","properties":{"comuna":"Nunoa","zona":"Áreas verdes","zona_code":"Áreas verdes","nombre":"Áreas verdes","decreto":""},"geometry":{"type":"Polygon","coordinates":[[[-70.59134198592643,-33.46928075294745],[-70.59143838419044,-33.46959294510844],[-70.59104145181999,-33.4697277548845],[-70.59095639449986,-33.46934934045507],[-70.59134198592643,-33.46928075294745]]]}},{"type":"Feature","properties":{"comuna":"Nunoa","zona":"Áreas verdes","zona_code":"Áreas verdes","nombre":"Áreas verdes","decreto":""},"geometry":{"type":"Polygon","coordinates":[[[-70.5907125655584,-33.46939664301148],[-70.59076076370036,-33.46960477059644],[-70.59032130376768,-33.46968518342268],[-70.5902674346624,-33.46946050043463],[-70.5907125655584,-33.46939664301148]]]}},{"type":"Feature","properties":{"comuna":"Nunoa","zona":"Áreas verdes","zona_code":"Áreas verdes","nombre":"Áreas verdes","decreto":""},"geometry":{"type":"Polygon","coordinates":[[[-70.5923981695167,-33.46843799054005],[-70.59210466250248,-33.4687722559156],[-70.59201960587583,-33.46827321673011],[-70.5923981695167,-33.46843799054005]]]}},{"type":"Feature","properties":{"comuna":"Nunoa","zona":"Áreas verdes","zona_code":"Áreas verdes","nombre":"Áreas verdes","decreto":""},"geometry":{"type":"Polygon","coordinates":[[[-70.59230899518757,-33.46807775316515],[-70.59218121468234,-33.46823300935105],[-70.591761600132,-33.468254295181104],[-70.59177577576607,-33.468327613352585],[-70.59148245376383,-33.46837888171382],[-70.59140560178186,-33.46808533642116],[-70.5921365589769,-33.46798925321251],[-70.59230899518757,-33.46807775316515]]]}},{"type":"Feature","properties":{"comuna":"Nunoa","zona":"Z-4m","zona_code":"Z-4m","nombre":"Z-4m","decreto":""},"geometry":{"type":"Polygon","coordinates":[[[-70.59231163521925,-33.468074545697725],[-70.5926575330103,-33.4682897720694],[-70.59254128834796,-33.468445870580716],[-70.5924080333083,-33.468443504761275],[-70.59201960587583,-33.46827321673011],[-70.59207631104397,-33.4688219233021],[-70.5923258107068,-33.468961464389565],[-70.59194305471894,-33.46938008722925],[-70.59172757752899,-33.469271292878254],[-70.59167937872537,-33.46911756152118],[-70.59188351480464,-33.469053704271225],[-70.59186083298971,-33.468909432803486],[-70.59155462945216,-33.46895673462592],[-70.5916340144324,-33.46930440406711],[-70.59186650300384,-33.46946286582447],[-70.59131079887015,-33.47011089861019],[-70.59073808139856,-33.47018894587644],[-70.59073241220703,-33.470096707992006],[-70.59089969010164,-33.47003758116792],[-70.59085432679743,-33.46987202524007],[-70.5902333109781,-33.46999551842507],[-70.59017404840436,-33.469940465345644],[-70.58996583608625,-33.46907203331104],[-70.5905197696187,-33.46894490866483],[-70.59047724027522,-33.46880063730454],[-70.589913030774,-33.46896855991719],[-70.58983979530069,-33.46866385482118],[-70.59147240737234,-33.46841275819513],[-70.59177577576607,-33.468327613352585],[-70.591761600132,-33.468254295181104],[-70.59218121468234,-33.46823300935105],[-70.59231163521925,-33.468074545697725]],[[-70.59132780980492,-33.469685183105256],[-70.59128244657948,-33.46960713572955],[-70.59143838419044,-33.46959294510844],[-70.59134198592643,-33.46928075294745],[-70.59095639449986,-33.46934934045507],[-70.59104145181999,-33.4697277548845],[-70.59132780980492,-33.469685183105256]],[[-70.59076076477616,-33.46960477058263],[-70.59071256554193,-33.46939664210986],[-70.59026743358659,-33.469460500448434],[-70.59032130269186,-33.46968518343649],[-70.59076076477616,-33.46960477058263]]]}},{"type":"Feature","properties":{"comuna":"Nunoa","zona":"Z-4m","zona_code":"Z-4m","nombre":"Z-4m","decreto":""},"geometry":{"type":"Polygon","coordinates":[[[-70.59121954008081,-33.46778599936384],[-70.59134358123842,-33.46830337161658],[-70.58994368585861,-33.46852879648809],[-70.58981964480868,-33.468015121132005],[-70.59121954008081,-33.46778599936384]]]}},{"type":"Feature","properties":{"comuna":"Nunoa","zona":"Áreas verdes","zona_code":"Áreas verdes","nombre":"Áreas verdes","decreto":""},"geometry":{"type":"Polygon","coordinates":[[[-70.5940359079564,-33.466155930687265],[-70.59408535886702,-33.46677675625746],[-70.59396322452926,-33.46696754323398],[-70.59385626771466,-33.46692186839957],[-70.59368207174569,-33.46619982896707],[-70.5940359079564,-33.466155930687265]]]}},{"type":"Feature","properties":{"comuna":"Nunoa","zona":"Áreas verdes","zona_code":"Áreas verdes","nombre":"Áreas verdes","decreto":""},"geometry":{"type":"Polygon","coordinates":[[[-70.5935024318342,-33.46623918517297],[-70.59354235194147,-33.46642083120677],[-70.59305060904245,-33.46652224937376],[-70.59302701963236,-33.466322439580786],[-70.5935024318342,-33.46623918517297]]]}},{"type":"Feature","properties":{"comuna":"Nunoa","zona":"Áreas verdes","zona_code":"Áreas verdes","nombre":"Áreas verdes","decreto":""},"geometry":{"type":"Polygon","coordinates":[[[-70.59407691911153,-33.46574974010275],[-70.59401046960119,-33.4658643031866],[-70.59294282838556,-33.46607864894931],[-70.59323078124048,-33.46587169530475],[-70.59407691911153,-33.46574974010275]]]}},{"type":"Feature","properties":{"comuna":"Nunoa","zona":"Áreas verdes","zona_code":"Áreas verdes","nombre":"Áreas verdes","decreto":""},"geometry":{"type":"Polygon","coordinates":[[[-70.59175696868338,-33.46713026830122],[-70.59189202109656,-33.46750454732718],[-70.59132143053944,-33.467604918020314],[-70.5912815609617,-33.46721319048678],[-70.59175696868338,-33.46713026830122]]]}},{"type":"Feature","properties":{"comuna":"Nunoa","zona":"Áreas verdes","zona_code":"Áreas verdes","nombre":"Áreas verdes","decreto":""},"geometry":{"type":"Polygon","coordinates":[[[-70.5918920211662,-33.46755421574897],[-70.59192037356986,-33.467762348013295],[-70.59162834471944,-33.467788364102844],[-70.59161416808723,-33.46759915322827],[-70.5918920211662,-33.46755421574897]]]}},{"type":"Feature","properties":{"comuna":"Nunoa","zona":"Z-4m","zona_code":"Z-4m","nombre":"Z-4m","decreto":""},"geometry":{"type":"Polygon","coordinates":[[[-70.59294282838556,-33.46607864894931],[-70.59401046960119,-33.4658643031866],[-70.59407691911153,-33.46574974010275],[-70.59413007954176,-33.46670689778483],[-70.59408535888352,-33.466776757159074],[-70.5940359079564,-33.466155930687265],[-70.59368207174569,-33.46619982896707],[-70.59385626771466,-33.46692186839957],[-70.59396322451276,-33.466967542332355],[-70.59367821544484,-33.46741275003922],[-70.59347000356868,-33.46728710196082],[-70.59344785406783,-33.46713927973708],[-70.59361176518495,-33.46707645544306],[-70.59356303423691,-33.46693602375216],[-70.59326622140948,-33.46697667426632],[-70.59334153212237,-33.46732036111362],[-70.59359847477899,-33.46748296577176],[-70.5930402884255,-33.468148159286166],[-70.59270803529948,-33.46814076894817],[-70.59210111918061,-33.46780447753418],[-70.5913745907877,-33.46792642862166],[-70.59131257052033,-33.467671437320845],[-70.59189202109656,-33.46750454732718],[-70.59176443629133,-33.46706906421795],[-70.59119738947153,-33.46715406214115],[-70.59113093845502,-33.466943414787075],[-70.59176886588861,-33.466821461503365],[-70.59173785605756,-33.466640377689764],[-70.59209668958792,-33.466514728223785],[-70.59278334677366,-33.46638168703699],[-70.59266816482187,-33.46585321710697],[-70.59283650643829,-33.46583104384003],[-70.59294282838556,-33.46607864894931]],[[-70.59354235192497,-33.46642083030515],[-70.5935024318342,-33.46623918517297],[-70.59302701963236,-33.466322439580786],[-70.59305060905895,-33.46652225027539],[-70.59354235192497,-33.46642083030515]],[[-70.59192037355338,-33.46776234711167],[-70.5918920211662,-33.46755421574897],[-70.59161416808723,-33.46759915322827],[-70.59162834471944,-33.467788364102844],[-70.59192037355338,-33.46776234711167]]]}},{"type":"Feature","properties":{"comuna":"Nunoa","zona":"PM y AP","zona_code":"PM y AP","nombre":"PM y AP","decreto":""},"geometry":{"type":"Polygon","coordinates":[[[-70.59405033945205,-33.4656240887748],[-70.59266816482187,-33.46585321710697],[-70.59278334677366,-33.46638168703699],[-70.59171127444095,-33.46656277098283],[-70.59146762246209,-33.465409742281736],[-70.59401046962337,-33.46506974377634],[-70.59405033945205,-33.4656240887748]]]}},{"type":"Feature","properties":{"comuna":"Nunoa","zona":"Z-4m","zona_code":"Z-4m","nombre":"Z-4m","decreto":""},"geometry":{"type":"Polygon","coordinates":[[[-70.59137016091499,-33.46590125980224],[-70.59158280346573,-33.46662929149688],[-70.59093158723294,-33.46675124574961],[-70.59119738969707,-33.46764187330998],[-70.59035568098521,-33.46780078158997],[-70.59032467066822,-33.46764556918896],[-70.58964397661356,-33.46776356987521],[-70.58942253569074,-33.466839939011415],[-70.59000127737636,-33.46675863647984],[-70.58996140704389,-33.46653690208112],[-70.58941651092954,-33.46672907188058],[-70.58934120053304,-33.46642972998539],[-70.58986837608126,-33.466318862643874],[-70.58985065550797,-33.46615625590187],[-70.59007215826207,-33.46611560493679],[-70.59014303885084,-33.46634473147751],[-70.59123725943972,-33.46616734299126],[-70.59120624961488,-33.46594191137714],[-70.59137016091499,-33.46590125980224]]]}},{"type":"Feature","properties":{"comuna":"Nunoa","zona":"Áreas verdes","zona_code":"Áreas verdes","nombre":"Áreas verdes","decreto":""},"geometry":{"type":"MultiPolygon","coordinates":[[[[-70.59120742595118,-33.46595046188221],[-70.59123725943972,-33.46616734299126],[-70.59014303885084,-33.46634473147751],[-70.59007228402254,-33.46611601004998],[-70.59120742595118,-33.46595046188221]]],[[[-70.59007228402254,-33.46611601004998],[-70.59006091825424,-33.46611766824279],[-70.59007215826207,-33.46611560493679],[-70.59007228402254,-33.46611601004998]]]]}},{"type":"Feature","properties":{"comuna":"Nunoa","zona":"Áreas verdes","zona_code":"Áreas verdes","nombre":"Áreas verdes","decreto":""},"geometry":{"type":"Polygon","coordinates":[[[-70.58987034619908,-33.46615264217807],[-70.58986837498905,-33.46631886175605],[-70.58935264630446,-33.46642732321226],[-70.5893013300926,-33.46623016780232],[-70.58987034619908,-33.46615264217807]]]}},{"type":"Feature","properties":{"comuna":"Nunoa","zona":"PM y AP","zona_code":"PM y AP","nombre":"PM y AP","decreto":""},"geometry":{"type":"Polygon","coordinates":[[[-70.59137016199075,-33.46590125978842],[-70.5893013300926,-33.46623016780232],[-70.58940264750483,-33.46667396640693],[-70.58865454238072,-33.4668029834023],[-70.58843304079377,-33.4657830002328],[-70.59126827048826,-33.46542082969857],[-70.59137016199075,-33.46590125978842]]]}},{"type":"Feature","properties":{"comuna":"Nunoa","zona":"Áreas verdes","zona_code":"Áreas verdes","nombre":"Áreas verdes","decreto":""},"geometry":{"type":"Polygon","coordinates":[[[-70.58200557464359,-33.47227254870883],[-70.58365567866821,-33.473123949626235],[-70.58432479234891,-33.47335335381696],[-70.58601742492797,-33.47356147233519],[-70.58677443102532,-33.47352836278672],[-70.5867560902147,-33.47369914137521],[-70.58407238287913,-33.47335230854884],[-70.5819530309148,-33.47233368919908],[-70.58200557464359,-33.47227254870883]]]}},{"type":"Feature","properties":{"comuna":"Nunoa","zona":"Áreas verdes","zona_code":"Áreas verdes","nombre":"Áreas verdes","decreto":""},"geometry":{"type":"Polygon","coordinates":[[[-70.59619266782143,-33.47356421231932],[-70.596054208287,-33.47355673387028],[-70.5950226957495,-33.4736061638462],[-70.59583015485545,-33.47352363268046],[-70.59619266782143,-33.47356421231932]]]}},{"type":"Feature","properties":{"comuna":"Nunoa","zona":"Áreas verdes","zona_code":"Áreas verdes","nombre":"Áreas verdes","decreto":""},"geometry":{"type":"Polygon","coordinates":[[[-70.59485565196033,-33.4736160262291],[-70.59232464796209,-33.47377045087255],[-70.59214318552002,-33.47378624044453],[-70.59248174908896,-33.47370100579182],[-70.59485565196033,-33.4736160262291]]]}},{"type":"Feature","properties":{"comuna":"Nunoa","zona":"Áreas verdes","zona_code":"Áreas verdes","nombre":"Áreas verdes","decreto":""},"geometry":{"type":"Polygon","coordinates":[[[-70.59197297625018,-33.473801050993984],[-70.58985164191716,-33.47406221977196],[-70.58877592974727,-33.474052083052],[-70.58886399517804,-33.47392804325813],[-70.58970889413506,-33.47402737175251],[-70.59197297625018,-33.473801050993984]]]}},{"type":"Feature","properties":{"comuna":"Nunoa","zona":"Áreas verdes","zona_code":"Áreas verdes","nombre":"Áreas verdes","decreto":""},"geometry":{"type":"Polygon","coordinates":[[[-70.58854825098979,-33.47401886363462],[-70.58690095701367,-33.47372476339529],[-70.5869246987506,-33.47357329691043],[-70.58721389117343,-33.47332497390877],[-70.58758247102662,-33.473261119440785],[-70.58819488068741,-33.47333206907197],[-70.58845005154397,-33.47348342762329],[-70.58856913128045,-33.4736749915963],[-70.58854825098979,-33.47401886363462]]]}},{"type":"Feature","properties":{"comuna":"Nunoa","zona":"Áreas verdes","zona_code":"Áreas verdes","nombre":"Áreas verdes","decreto":""},"geometry":{"type":"Polygon","coordinates":[[[-70.58026058645048,-33.47145128307813],[-70.58033562371111,-33.47140694890793],[-70.58189783537524,-33.47222997858705],[-70.5818538938855,-33.472282001716174],[-70.58026058645048,-33.47145128307813]]]}},{"type":"Feature","properties":{"comuna":"Nunoa","zona":"Áreas verdes","zona_code":"Áreas verdes","nombre":"Áreas verdes","decreto":""},"geometry":{"type":"Polygon","coordinates":[[[-70.58019865934764,-33.47141899435888],[-70.57874539475186,-33.470661284221805],[-70.57739866918732,-33.46997476124336],[-70.57750606450672,-33.46992642220108],[-70.58019386270848,-33.471343093145016],[-70.58019865934764,-33.47141899435888]]]}},{"type":"Feature","properties":{"comuna":"Nunoa","zona":"Áreas verdes","zona_code":"Áreas verdes","nombre":"Áreas verdes","decreto":""},"geometry":{"type":"Polygon","coordinates":[[[-70.57722847807061,-33.46988800283468],[-70.57670930599227,-33.46962334171964],[-70.57647404133277,-33.468852669444516],[-70.5770127350271,-33.46896146444452],[-70.57724522325653,-33.46915067241773],[-70.5773841500583,-33.46946996102186],[-70.57722847807061,-33.46988800283468]]]}},{"type":"Feature","properties":{"comuna":"Nunoa","zona":"Z-4m","zona_code":"Z-4m","nombre":"Z-4m","decreto":""},"geometry":{"type":"Polygon","coordinates":[[[-70.57837240467364,-33.46875422186121],[-70.57847872580048,-33.4692678928312],[-70.57876224873745,-33.47044304205302],[-70.57750854513283,-33.46979634246609],[-70.57750411516534,-33.469046164390576],[-70.57837240467364,-33.46875422186121]]]}},{"type":"Feature","properties":{"comuna":"Nunoa","zona":"Z-4m","zona_code":"Z-4m","nombre":"Z-4m","decreto":""},"geometry":{"type":"Polygon","coordinates":[[[-70.57991406109286,-33.46900551440697],[-70.58019758411507,-33.47018066729587],[-70.57886413975166,-33.47036913371188],[-70.57858504683483,-33.46921985153491],[-70.57991406109286,-33.46900551440697]]]}},{"type":"Feature","properties":{"comuna":"Nunoa","zona":"Áreas verdes","zona_code":"Áreas verdes","nombre":"Áreas verdes","decreto":""},"geometry":{"type":"Polygon","coordinates":[[[-70.57942268056166,-33.47041362679885],[-70.57943118563094,-33.470456197709396],[-70.57895770228221,-33.47049403886403],[-70.57942268056166,-33.47041362679885]]]}},{"type":"Feature","properties":{"comuna":"Nunoa","zona":"Z-4m","zona_code":"Z-4m","nombre":"Z-4m","decreto":""},"geometry":{"type":"Polygon","coordinates":[[[-70.57981677763061,-33.47034976972959],[-70.57996704426183,-33.471056922032666],[-70.57894919656569,-33.47055553058375],[-70.57981677763061,-33.47034976972959]]]}},{"type":"Feature","properties":{"comuna":"Nunoa","zona":"Áreas verdes","zona_code":"Áreas verdes","nombre":"Áreas verdes","decreto":""},"geometry":{"type":"Polygon","coordinates":[[[-70.58035547063518,-33.47111841377514],[-70.58026757914479,-33.47125558612815],[-70.5800804536297,-33.47115861977581],[-70.58022221454304,-33.4711207785658],[-70.58035547063518,-33.47111841377514]]]}},{"type":"Feature","properties":{"comuna":"Nunoa","zona":"Áreas verdes","zona_code":"Áreas verdes","nombre":"Áreas verdes","decreto":""},"geometry":{"type":"Polygon","coordinates":[[[-70.58019758411507,-33.47018066729587],[-70.58022221541033,-33.47027172254806],[-70.58069853393695,-33.47019367544212],[-70.58071270927952,-33.47034740523773],[-70.57986011090986,-33.47047546327957],[-70.5798167765548,-33.470349769743294],[-70.57967188702737,-33.470379521221446],[-70.57965187479266,-33.47028182719381],[-70.58019758411507,-33.47018066729587]]]}},{"type":"Feature","properties":{"comuna":"Nunoa","zona":"Z-4m","zona_code":"Z-4m","nombre":"Z-4m","decreto":""},"geometry":{"type":"Polygon","coordinates":[[[-70.57981394220909,-33.46847188658614],[-70.57991884485446,-33.4689472733846],[-70.57909379371159,-33.46910100533575],[-70.57896337331798,-33.468613793374395],[-70.57922137934436,-33.46857122116905],[-70.57929792966323,-33.468696571965616],[-70.57947371392756,-33.46863507945851],[-70.5794481974506,-33.46854047485322],[-70.57981394220909,-33.46847188658614]]]}},{"type":"Feature","properties":{"comuna":"Nunoa","zona":"Áreas verdes","zona_code":"Áreas verdes","nombre":"Áreas verdes","decreto":""},"geometry":{"type":"Polygon","coordinates":[[[-70.57916467443434,-33.46835836044884],[-70.57921570795942,-33.46850736329084],[-70.57892651522708,-33.46858304685828],[-70.57893785544682,-33.468710762678064],[-70.57847854898525,-33.468791176314745],[-70.57844452615178,-33.46858541147387],[-70.57916467443434,-33.46835836044884]]]}},{"type":"Feature","properties":{"comuna":"Nunoa","zona":"Áreas verdes","zona_code":"Áreas verdes","nombre":"Áreas verdes","decreto":""},"geometry":{"type":"Polygon","coordinates":[[[-70.58038949325258,-33.468892876504405],[-70.58040083390817,-33.46906079861818],[-70.58007194763235,-33.469101005148076],[-70.58009463004255,-33.46893544850969],[-70.58038949325258,-33.468892876504405]]]}},{"type":"Feature","properties":{"comuna":"Nunoa","zona":"Z-4m","zona_code":"Z-4m","nombre":"Z-4m","decreto":""},"geometry":{"type":"Polygon","coordinates":[[[-70.58072405036322,-33.468292137497436],[-70.58082328318544,-33.46878171670064],[-70.58002374843144,-33.46891416257453],[-70.57991317533893,-33.46844350523196],[-70.58018819195279,-33.46839147217452],[-70.58022788550686,-33.4685452049852],[-70.58040650443174,-33.468526283989966],[-70.58040083460357,-33.4683583607927],[-70.58072405036322,-33.468292137497436]]]}},{"type":"Feature","properties":{"comuna":"Nunoa","zona":"Áreas verdes","zona_code":"Áreas verdes","nombre":"Áreas verdes","decreto":""},"geometry":{"type":"Polygon","coordinates":[[[-70.58008328881172,-33.46804616347698],[-70.58013432330299,-33.46831815357614],[-70.57936313996711,-33.46839383743926],[-70.5793773165676,-33.46828267612068],[-70.58008328881172,-33.46804616347698]]]}},{"type":"Feature","properties":{"comuna":"Nunoa","zona":"Áreas verdes","zona_code":"Áreas verdes","nombre":"Áreas verdes","decreto":""},"geometry":{"type":"Polygon","coordinates":[[[-70.58061064114085,-33.4678474924921],[-70.58070987489296,-33.46820462754109],[-70.58040650467522,-33.468275581261224],[-70.58029309582241,-33.467930272090186],[-70.58061064114085,-33.4678474924921]]]}},{"type":"Feature","properties":{"comuna":"Nunoa","zona":"Z-4m","zona_code":"Z-4m","nombre":"Z-4m","decreto":""},"geometry":{"type":"Polygon","coordinates":[[[-70.5808629765645,-33.46900167096212],[-70.58114366507026,-33.4700848822913],[-70.58034129501482,-33.47022442160161],[-70.58008045333027,-33.469134116671526],[-70.5808629765645,-33.46900167096212]]]}},{"type":"Feature","properties":{"comuna":"Nunoa","zona":"Z-4m","zona_code":"Z-4m","nombre":"Z-4m","decreto":""},"geometry":{"type":"Polygon","coordinates":[[[-70.58178442648986,-33.46885030429421],[-70.58204526792701,-33.469902771612276],[-70.58127408544267,-33.4700423110832],[-70.5809962330444,-33.46898748068097],[-70.58178442648986,-33.46885030429421]]]}},{"type":"Feature","properties":{"comuna":"Nunoa","zona":"Z-4m","zona_code":"Z-4m","nombre":"Z-4m","decreto":""},"geometry":{"type":"Polygon","coordinates":[[[-70.58164833567078,-33.46815022939022],[-70.58174756905842,-33.46860669783694],[-70.58099056224357,-33.46875570048041],[-70.5808544715665,-33.468275581061384],[-70.58164833567078,-33.46815022939022]]]}},{"type":"Feature","properties":{"comuna":"Nunoa","zona":"Z-4m","zona_code":"Z-4m","nombre":"Z-4m","decreto":""},"geometry":{"type":"Polygon","coordinates":[[[-70.58160081730938,-33.46761816925819],[-70.58164073726446,-33.4680147545357],[-70.5807824563236,-33.46816915070375],[-70.58073164924367,-33.46795269385679],[-70.58160081730938,-33.46761816925819]]]}},{"type":"Feature","properties":{"comuna":"Nunoa","zona":"Áreas verdes","zona_code":"Áreas verdes","nombre":"Áreas verdes","decreto":""},"geometry":{"type":"Polygon","coordinates":[[[-70.5815810025203,-33.467464195845636],[-70.58168668121505,-33.46755235333577],[-70.58157287268429,-33.4676017607749],[-70.5815810025203,-33.467464195845636]]]}},{"type":"Feature","properties":{"comuna":"Nunoa","zona":"Áreas verdes","zona_code":"Áreas verdes","nombre":"Áreas verdes","decreto":""},"geometry":{"type":"Polygon","coordinates":[[[-70.5814695169038,-33.467501977760946],[-70.58146951648827,-33.467631792297034],[-70.58133828812824,-33.46769573031141],[-70.58120357619619,-33.46761338551359],[-70.5814695169038,-33.467501977760946]]]}},{"type":"Feature","properties":{"comuna":"Nunoa","zona":"Áreas verdes","zona_code":"Áreas verdes","nombre":"Áreas verdes","decreto":""},"geometry":{"type":"Polygon","coordinates":[[[-70.58109441369912,-33.46764923007739],[-70.58121751218775,-33.467710261313314],[-70.58122099595752,-33.46772285607282],[-70.5810886064321,-33.467779043848644],[-70.58109441369912,-33.46764923007739]]]}},{"type":"Feature","properties":{"comuna":"Nunoa","zona":"Áreas verdes","zona_code":"Áreas verdes","nombre":"Áreas verdes","decreto":""},"geometry":{"type":"Polygon","coordinates":[[[-70.58151351671935,-33.47164398883085],[-70.58152642015466,-33.471743550733294],[-70.58145222630846,-33.47182427737116],[-70.58142641901047,-33.47164667942171],[-70.58151351671935,-33.47164398883085]]]}},{"type":"Feature","properties":{"comuna":"Nunoa","zona":"Áreas verdes","zona_code":"Áreas verdes","nombre":"Áreas verdes","decreto":""},"geometry":{"type":"Polygon","coordinates":[[[-70.5810296383112,-33.470683338479816],[-70.58111351022175,-33.47106275666637],[-70.58080382767702,-33.47111657421107],[-70.58070705153818,-33.47074253840129],[-70.5810296383112,-33.470683338479816]]]}},{"type":"Feature","properties":{"comuna":"Nunoa","zona":"Áreas verdes","zona_code":"Áreas verdes","nombre":"Áreas verdes","decreto":""},"geometry":{"type":"Polygon","coordinates":[[[-70.58194900817618,-33.47051112032187],[-70.58204578396757,-33.47088515689798],[-70.58175223136797,-33.470941665769324],[-70.58165222895293,-33.47055148401388],[-70.58194900817618,-33.47051112032187]]]}},{"type":"Feature","properties":{"comuna":"Nunoa","zona":"Z-4m","zona_code":"Z-4m","nombre":"Z-4m","decreto":""},"geometry":{"type":"Polygon","coordinates":[[[-70.58041349847174,-33.47043846562085],[-70.58120383409845,-33.470311992723026],[-70.58141351586893,-33.47114348377066],[-70.58128770739677,-33.47116231955381],[-70.58141674147289,-33.47181889623275],[-70.58038446569199,-33.47131839094028],[-70.58054898503165,-33.47107890125663],[-70.58041349847174,-33.47043846562085]],[[-70.58111351020538,-33.471062755764734],[-70.5810296383112,-33.470683338479816],[-70.58070705155455,-33.47074253930291],[-70.58080382767702,-33.47111657421107],[-70.58111351020538,-33.471062755764734]]]}},{"type":"Feature","properties":{"comuna":"Nunoa","zona":"Z-4m","zona_code":"Z-4m","nombre":"Z-4m","decreto":""},"geometry":{"type":"Polygon","coordinates":[[[-70.58130061106303,-33.470279700561335],[-70.58213288219628,-33.470134391184516],[-70.5824425651253,-33.471447553588845],[-70.58195546031642,-33.47210950926482],[-70.58154577575803,-33.47191038554048],[-70.58175868353729,-33.47156864372111],[-70.58164255180715,-33.4710789016138],[-70.58151674380868,-33.471105809935445],[-70.58130061106303,-33.470279700561335]],[[-70.5820457850434,-33.47088515688424],[-70.58194900817618,-33.47051112032187],[-70.58165222895293,-33.47055148401388],[-70.58175223136797,-33.470941665769324],[-70.5820457850434,-33.47088515688424]]]}},{"type":"Feature","properties":{"comuna":"Nunoa","zona":"Z-4m","zona_code":"Z-4m","nombre":"Z-4m","decreto":""},"geometry":{"type":"Polygon","coordinates":[[[-70.5827038604783,-33.47185656753865],[-70.58280386207454,-33.472311324055845],[-70.5831167708641,-33.472265579460064],[-70.58324903093157,-33.47275262392031],[-70.5821522375253,-33.472206381043705],[-70.58246837168996,-33.47177315030496],[-70.5827038604783,-33.47185656753865]]]}},{"type":"Feature","properties":{"comuna":"Nunoa","zona":"Áreas verdes","zona_code":"Áreas verdes","nombre":"Áreas verdes","decreto":""},"geometry":{"type":"Polygon","coordinates":[[[-70.58378452322881,-33.472354378567196],[-70.58389097674534,-33.47272302484827],[-70.58362645614295,-33.47277684224108],[-70.58355548730106,-33.47238397718046],[-70.58378452322881,-33.472354378567196]]]}},{"type":"Feature","properties":{"comuna":"Nunoa","zona":"Z-4m","zona_code":"Z-4m","nombre":"Z-4m","decreto":""},"geometry":{"type":"Polygon","coordinates":[[[-70.58317161022741,-33.472241362685025],[-70.58399097868246,-33.472087982520556],[-70.58419743441269,-33.47313472369619],[-70.58330064524144,-33.47277684156148],[-70.58317161022741,-33.472241362685025]],[[-70.58389097782118,-33.47272302483451],[-70.58378452321242,-33.47235437766557],[-70.5835554883769,-33.47238397716672],[-70.58362645721878,-33.47277684222734],[-70.58389097782118,-33.47272302483451]]]}},{"type":"Feature","properties":{"comuna":"Nunoa","zona":"Áreas verdes","zona_code":"Áreas verdes","nombre":"Áreas verdes","decreto":""},"geometry":{"type":"Polygon","coordinates":[[[-70.58508777194623,-33.47217409016387],[-70.58536842214158,-33.47333384563633],[-70.58438130784396,-33.47321275787893],[-70.58414259468466,-33.47221176276157],[-70.58439421152029,-33.47216601744545],[-70.58443937308184,-33.472265579595096],[-70.58508777194623,-33.47217409016387]]]}},{"type":"Feature","properties":{"comuna":"Nunoa","zona":"Z-4m","zona_code":"Z-4m","nombre":"Z-4m","decreto":""},"geometry":{"type":"Polygon","coordinates":[[[-70.58698135254106,-33.472292488599706],[-70.58715554857139,-33.47313203277496],[-70.58686844719857,-33.47334191801177],[-70.5865297318131,-33.47343878740219],[-70.58550713417648,-33.47336882609932],[-70.5852780980291,-33.47256157392821],[-70.58573617024621,-33.472496993181295],[-70.58578778334156,-33.472744551397675],[-70.58656198990683,-33.472604627433995],[-70.58658457118635,-33.472357069332055],[-70.58698135254106,-33.472292488599706]]]}},{"type":"Feature","properties":{"comuna":"Nunoa","zona":"Z-4m","zona_code":"Z-4m","nombre":"Z-4m","decreto":""},"geometry":{"type":"Polygon","coordinates":[[[-70.5863748906341,-33.471931912438734],[-70.58647166593217,-33.472265580009115],[-70.58526841989833,-33.472453939519404],[-70.58519422566741,-33.47214180014785],[-70.5863748906341,-33.471931912438734]]]}},{"type":"Feature","properties":{"comuna":"Nunoa","zona":"Z-4m","zona_code":"Z-4m","nombre":"Z-4m","decreto":""},"geometry":{"type":"Polygon","coordinates":[[[-70.58629424407862,-33.47154980738883],[-70.58637489053619,-33.4718754035954],[-70.58517486998704,-33.47207183732921],[-70.58507486790683,-33.47174086040894],[-70.58629424407862,-33.47154980738883]]]}},{"type":"Feature","properties":{"comuna":"Nunoa","zona":"Z-4m","zona_code":"Z-4m","nombre":"Z-4m","decreto":""},"geometry":{"type":"Polygon","coordinates":[[[-70.5866716696814,-33.471175774331236],[-70.58692328669304,-33.47217409015508],[-70.58653295761479,-33.47224136212806],[-70.58629101769077,-33.471243046035156],[-70.5866716696814,-33.471175774331236]]]}},{"type":"Feature","properties":{"comuna":"Nunoa","zona":"Áreas verdes","zona_code":"Áreas verdes","nombre":"Áreas verdes","decreto":""},"geometry":{"type":"Polygon","coordinates":[[[-70.58619746812984,-33.47127264577455],[-70.58626198546744,-33.471498680552536],[-70.58568778224732,-33.47160900660403],[-70.58561358736945,-33.471350681646264],[-70.58619746812984,-33.47127264577455]]]}},{"type":"Feature","properties":{"comuna":"Nunoa","zona":"Z-4m","zona_code":"Z-4m","nombre":"Z-4m","decreto":""},"geometry":{"type":"Polygon","coordinates":[[[-70.58482002570773,-33.47091475693165],[-70.58509422293872,-33.472093364841925],[-70.58446195499572,-33.47221983487862],[-70.58417807841168,-33.47102239265088],[-70.58482002570773,-33.47091475693165]]]}},{"type":"Feature","properties":{"comuna":"Nunoa","zona":"Z-4m","zona_code":"Z-4m","nombre":"Z-4m","decreto":""},"geometry":{"type":"Polygon","coordinates":[[[-70.58521357987512,-33.470634902419626],[-70.58544261679293,-33.47163053441906],[-70.58509099781075,-33.47170318744486],[-70.58483292819335,-33.470677957203115],[-70.58521357987512,-33.470634902419626]]]}},{"type":"Feature","properties":{"comuna":"Nunoa","zona":"Z-4m","zona_code":"Z-4m","nombre":"Z-4m","decreto":""},"geometry":{"type":"Polygon","coordinates":[[[-70.58658134532018,-33.470788284043685],[-70.5866458630506,-33.471105810470725],[-70.58542971327691,-33.47131031880043],[-70.58535874373695,-33.47098471983865],[-70.58658134532018,-33.470788284043685]]]}},{"type":"Feature","properties":{"comuna":"Nunoa","zona":"Z-4m","zona_code":"Z-4m","nombre":"Z-4m","decreto":""},"geometry":{"type":"Polygon","coordinates":[[[-70.58648779609334,-33.470411555928635],[-70.58654908722875,-33.47071562961348],[-70.58536197039686,-33.470928211182155],[-70.58528454935971,-33.47060261171203],[-70.58648779609334,-33.470411555928635]]]}},{"type":"Feature","properties":{"comuna":"Nunoa","zona":"Z-4m","zona_code":"Z-4m","nombre":"Z-4m","decreto":""},"geometry":{"type":"Polygon","coordinates":[[[-70.5863684386119,-33.469970244125705],[-70.58645876337859,-33.47027431959525],[-70.58524906446382,-33.47048152015509],[-70.58518132166724,-33.470177446194484],[-70.5863684386119,-33.469970244125705]]]}},{"type":"Feature","properties":{"comuna":"Nunoa","zona":"Áreas verdes","zona_code":"Áreas verdes","nombre":"Áreas verdes","decreto":""},"geometry":{"type":"Polygon","coordinates":[[[-70.58415549821525,-33.47043308338317],[-70.58420065974953,-33.47066988396223],[-70.58432646806493,-33.470766756771994],[-70.5841232396843,-33.47080173865101],[-70.58404904451649,-33.470451919836805],[-70.58415549821525,-33.47043308338317]]]}},{"type":"Feature","properties":{"comuna":"Nunoa","zona":"Áreas verdes","zona_code":"Áreas verdes","nombre":"Áreas verdes","decreto":""},"geometry":{"type":"Polygon","coordinates":[[[-70.58455010071421,-33.470737803060125],[-70.58460559570065,-33.470781890253484],[-70.58457784781017,-33.47077968654646],[-70.58455010071421,-33.470737803060125]]]}},{"type":"Feature","properties":{"comuna":"Nunoa","zona":"Áreas verdes","zona_code":"Áreas verdes","nombre":"Áreas verdes","decreto":""},"geometry":{"type":"Polygon","coordinates":[[[-70.58442853951568,-33.47076756211839],[-70.58450121239672,-33.47076645982077],[-70.58447082206789,-33.470812751690765],[-70.58442853951568,-33.47076756211839]]]}},{"type":"Feature","properties":{"comuna":"Nunoa","zona":"Z-4m","zona_code":"Z-4m","nombre":"Z-4m","decreto":""},"geometry":{"type":"Polygon","coordinates":[[[-70.58426195070611,-33.47164936978772],[-70.58427162897996,-33.471826968527914],[-70.58411678695212,-33.47185925853895],[-70.5841361431141,-33.47199918394977],[-70.58288128297654,-33.472211762103555],[-70.58279740962942,-33.47188885873633],[-70.58426195070611,-33.47164936978772]]]}},{"type":"Feature","properties":{"comuna":"Nunoa","zona":"Áreas verdes","zona_code":"Áreas verdes","nombre":"Áreas verdes","decreto":""},"geometry":{"type":"Polygon","coordinates":[[[-70.58377523368233,-33.47165744331102],[-70.58402917306984,-33.471657442523224],[-70.58377729799423,-33.47170566320703],[-70.58377523368233,-33.47165744331102]]]}},{"type":"Feature","properties":{"comuna":"Nunoa","zona":"Áreas verdes","zona_code":"Áreas verdes","nombre":"Áreas verdes","decreto":""},"geometry":{"type":"Polygon","coordinates":[[[-70.58426078983176,-33.4718292291081],[-70.58433472651917,-33.47193126602324],[-70.5841361431141,-33.47199918394977],[-70.58411678802796,-33.47185925852519],[-70.58426078983176,-33.4718292291081]]]}},{"type":"Feature","properties":{"comuna":"Nunoa","zona":"Áreas verdes","zona_code":"Áreas verdes","nombre":"Áreas verdes","decreto":""},"geometry":{"type":"Polygon","coordinates":[[[-70.58268127909727,-33.47144486322048],[-70.58274902205724,-33.47172740553993],[-70.58269095687255,-33.47174624150099],[-70.58253288985335,-33.47166551507405],[-70.58268127909727,-33.47144486322048]]]}},{"type":"Feature","properties":{"comuna":"Nunoa","zona":"Z-4m","zona_code":"Z-4m","nombre":"Z-4m","decreto":""},"geometry":{"type":"Polygon","coordinates":[[[-70.58368774798139,-33.471234973825204],[-70.58375226469136,-33.47154980724344],[-70.58274753284161,-33.47172119649772],[-70.58270385972035,-33.47138835453885],[-70.58368774798139,-33.471234973825204]]]}},{"type":"Feature","properties":{"comuna":"Nunoa","zona":"Z-4m","zona_code":"Z-4m","nombre":"Z-4m","decreto":""},"geometry":{"type":"Polygon","coordinates":[[[-70.58356193935651,-33.47083133903045],[-70.58367806981505,-33.47116501062044],[-70.5826651500034,-33.471337227049695],[-70.58259740716039,-33.47101162931773],[-70.58356193935651,-33.47083133903045]]]}},{"type":"Feature","properties":{"comuna":"Nunoa","zona":"Z-4m","zona_code":"Z-4m","nombre":"Z-4m","decreto":""},"geometry":{"type":"Polygon","coordinates":[[[-70.58398130176016,-33.470462683321124],[-70.58420066034857,-33.47145024482574],[-70.58383613770619,-33.47152828086113],[-70.5835909719603,-33.47051112018306],[-70.58398130176016,-33.470462683321124]]]}},{"type":"Feature","properties":{"comuna":"Nunoa","zona":"Áreas verdes","zona_code":"Áreas verdes","nombre":"Áreas verdes","decreto":""},"geometry":{"type":"Polygon","coordinates":[[[-70.58333290347335,-33.4705703204245],[-70.58341032350161,-33.47080712041431],[-70.58301676876277,-33.4708770837849],[-70.58294902585766,-33.47062952009618],[-70.58333290347335,-33.4705703204245]]]}},{"type":"Feature","properties":{"comuna":"Nunoa","zona":"Z-4m","zona_code":"Z-4m","nombre":"Z-4m","decreto":""},"geometry":{"type":"Polygon","coordinates":[[[-70.58266837552904,-33.46987337098809],[-70.58293612229559,-33.470893229540025],[-70.58255224511137,-33.47095242890319],[-70.58230385317158,-33.46994871677981],[-70.58266837552904,-33.46987337098809]]]}},{"type":"Feature","properties":{"comuna":"Nunoa","zona":"Z-4m","zona_code":"Z-4m","nombre":"Z-4m","decreto":""},"geometry":{"type":"Polygon","coordinates":[[[-70.5849297042403,-33.46949394804025],[-70.58517809547895,-33.47050573852601],[-70.58480389619302,-33.470573011478386],[-70.58455873022126,-33.469558530260635],[-70.5849297042403,-33.46949394804025]]]}},{"type":"Feature","properties":{"comuna":"Nunoa","zona":"Z-4m","zona_code":"Z-4m","nombre":"Z-4m","decreto":""},"geometry":{"type":"Polygon","coordinates":[[[-70.58446840626864,-33.469590821797816],[-70.5847264753372,-33.470589156821546],[-70.58435227513377,-33.47062952043045],[-70.58410388347924,-33.46964464067465],[-70.58446840626864,-33.469590821797816]]]}},{"type":"Feature","properties":{"comuna":"Nunoa","zona":"Z-4m","zona_code":"Z-4m","nombre":"Z-4m","decreto":""},"geometry":{"type":"Polygon","coordinates":[[[-70.58394581707341,-33.4696661685697],[-70.5840200120539,-33.469978317020754],[-70.58281676511182,-33.47018551870765],[-70.58275870014569,-33.469867988753506],[-70.58394581707341,-33.4696661685697]]]}},{"type":"Feature","properties":{"comuna":"Nunoa","zona":"Z-4m","zona_code":"Z-4m","nombre":"Z-4m","decreto":""},"geometry":{"type":"Polygon","coordinates":[[[-70.5840393663137,-33.47005366312704],[-70.58411033542146,-33.470368501412054],[-70.58291676740403,-33.470578393242974],[-70.58285224973821,-33.47025548247183],[-70.5840393663137,-33.47005366312704]]]}},{"type":"Feature","properties":{"comuna":"Nunoa","zona":"Áreas verdes","zona_code":"Áreas verdes","nombre":"Áreas verdes","decreto":""},"geometry":{"type":"Polygon","coordinates":[[[-70.58527164571447,-33.46942936543887],[-70.58542648681899,-33.46995140753497],[-70.58512003056407,-33.469994462683374],[-70.58502648038983,-33.469493947664446],[-70.58527164571447,-33.46942936543887]]]}},{"type":"Feature","properties":{"comuna":"Nunoa","zona":"Z-4m","zona_code":"Z-4m","nombre":"Z-4m","decreto":""},"geometry":{"type":"Polygon","coordinates":[[[-70.58565229716889,-33.46898266594039],[-70.585910366302,-33.46997293510091],[-70.58553616641542,-33.47005366287788],[-70.58529745242363,-33.46903110406025],[-70.58565229716889,-33.46898266594039]]]}},{"type":"Feature","properties":{"comuna":"Nunoa","zona":"Z-4m","zona_code":"Z-4m","nombre":"Z-4m","decreto":""},"geometry":{"type":"Polygon","coordinates":[[[-70.58610714357567,-33.468893864257915],[-70.58636843870013,-33.46990027991365],[-70.5859845615606,-33.46996217186596],[-70.58574262183826,-33.468958447659084],[-70.58610714357567,-33.468893864257915]]]}},{"type":"Feature","properties":{"comuna":"Nunoa","zona":"Z-4m","zona_code":"Z-4m","nombre":"Z-4m","decreto":""},"geometry":{"type":"Polygon","coordinates":[[[-70.58521358013107,-33.469058013527004],[-70.58527164619557,-33.4693620913704],[-70.58411033580416,-33.469571984950825],[-70.58401033389072,-33.46925445326924],[-70.58521358013107,-33.469058013527004]]]}},{"type":"Feature","properties":{"comuna":"Nunoa","zona":"Z-4m","zona_code":"Z-4m","nombre":"Z-4m","decreto":""},"geometry":{"type":"Polygon","coordinates":[[[-70.58384258959448,-33.46928405348012],[-70.583932912895,-33.469606967597564],[-70.58273934417589,-33.46980609690516],[-70.58265869759889,-33.46949394792357],[-70.58384258959448,-33.46928405348012]]]}},{"type":"Feature","properties":{"comuna":"Nunoa","zona":"Z-4m","zona_code":"Z-4m","nombre":"Z-4m","decreto":""},"geometry":{"type":"Polygon","coordinates":[[[-70.58243288821645,-33.468821208143204],[-70.58265869856797,-33.46982762459938],[-70.58231675674635,-33.469886825114685],[-70.58208126847738,-33.46887771870668],[-70.58243288821645,-33.468821208143204]]]}},{"type":"Feature","properties":{"comuna":"Nunoa","zona":"Z-4m","zona_code":"Z-4m","nombre":"Z-4m","decreto":""},"geometry":{"type":"Polygon","coordinates":[[[-70.58376194234184,-33.468904628467136],[-70.5838393630339,-33.46921139790786],[-70.58265224684834,-33.46943743752689],[-70.58256514795916,-33.46911990574147],[-70.58376194234184,-33.468904628467136]]]}},{"type":"Feature","properties":{"comuna":"Nunoa","zona":"Áreas verdes","zona_code":"Áreas verdes","nombre":"Áreas verdes","decreto":""},"geometry":{"type":"Polygon","coordinates":[[[-70.58295225133287,-33.468718951397854],[-70.5830199949367,-33.46895037505155],[-70.58255224495953,-33.46904994029971],[-70.58250708304494,-33.468805062154395],[-70.58295225133287,-33.468718951397854]]]}},{"type":"Feature","properties":{"comuna":"Nunoa","zona":"Z-4m","zona_code":"Z-4m","nombre":"Z-4m","decreto":""},"geometry":{"type":"Polygon","coordinates":[[[-70.58302967227038,-33.46832068664961],[-70.58311354497646,-33.46863284022323],[-70.58201997700013,-33.468813135292265],[-70.58198771842612,-33.46849560008339],[-70.58302967227038,-33.46832068664961]]]}},{"type":"Feature","properties":{"comuna":"Nunoa","zona":"Z-4m","zona_code":"Z-4m","nombre":"Z-4m","decreto":""},"geometry":{"type":"Polygon","coordinates":[[[-70.58295547715112,-33.46794125702835],[-70.58301354318169,-33.46823995758754],[-70.58196191198931,-33.46843101728626],[-70.58191997602759,-33.46810809896444],[-70.58295547715112,-33.46794125702835]]]}},{"type":"Feature","properties":{"comuna":"Nunoa","zona":"Z-4m","zona_code":"Z-4m","nombre":"Z-4m","decreto":""},"geometry":{"type":"Polygon","coordinates":[[[-70.5834458087776,-33.46785245380784],[-70.58369742575817,-33.46885619116295],[-70.58323290163396,-33.46893691991697],[-70.58301354297994,-33.467922420065506],[-70.5834458087776,-33.46785245380784]]]}},{"type":"Feature","properties":{"comuna":"Nunoa","zona":"Áreas verdes","zona_code":"Áreas verdes","nombre":"Áreas verdes","decreto":""},"geometry":{"type":"Polygon","coordinates":[[[-70.58365679732809,-33.4686941196395],[-70.58374220070483,-33.468684937941404],[-70.58377729786201,-33.46885543741367],[-70.58369742575817,-33.46885619116295],[-70.58365679732809,-33.4686941196395]]]}},{"type":"Feature","properties":{"comuna":"Nunoa","zona":"Áreas verdes","zona_code":"Áreas verdes","nombre":"Áreas verdes","decreto":""},"geometry":{"type":"Polygon","coordinates":[[[-70.5834458077018,-33.467852453821585],[-70.58351922895635,-33.46782554381711],[-70.58356671348332,-33.467992601530945],[-70.58348653734932,-33.468014930881466],[-70.5834458077018,-33.467852453821585]]]}},{"type":"Feature","properties":{"comuna":"Nunoa","zona":"Z-4m","zona_code":"Z-4m","nombre":"Z-4m","decreto":""},"geometry":{"type":"Polygon","coordinates":[[[-70.5840490444285,-33.46775288699381],[-70.58429098414929,-33.46875931606139],[-70.5839038806287,-33.468829280803014],[-70.58364581113892,-33.467806707682534],[-70.5840490444285,-33.46775288699381]]]}},{"type":"Feature","properties":{"comuna":"Nunoa","zona":"Z-4m","zona_code":"Z-4m","nombre":"Z-4m","decreto":""},"geometry":{"type":"Polygon","coordinates":[[[-70.58513293359456,-33.4686785867751],[-70.58517809536505,-33.46899881203035],[-70.58397807532174,-33.4691979427388],[-70.58390710667949,-33.46888310068596],[-70.58513293359456,-33.4686785867751]]]}},{"type":"Feature","properties":{"comuna":"Nunoa","zona":"Z-4m","zona_code":"Z-4m","nombre":"Z-4m","decreto":""},"geometry":{"type":"Polygon","coordinates":[[[-70.58447485761755,-33.4676775390399],[-70.58472647554642,-33.46867320452325],[-70.5843425972283,-33.46875124318107],[-70.58410388390044,-33.46772328589199],[-70.58447485761755,-33.4676775390399]]]}},{"type":"Feature","properties":{"comuna":"Nunoa","zona":"Áreas verdes","zona_code":"Áreas verdes","nombre":"Áreas verdes","decreto":""},"geometry":{"type":"Polygon","coordinates":[[[-70.58494260821735,-33.46801660500525],[-70.58508454640629,-33.46848483618629],[-70.58477163681405,-33.46853865605662],[-70.58467808722685,-33.468043514625684],[-70.58494260821735,-33.46801660500525]]]}},{"type":"Feature","properties":{"comuna":"Nunoa","zona":"Z-4m","zona_code":"Z-4m","nombre":"Z-4m","decreto":""},"geometry":{"type":"Polygon","coordinates":[[[-70.58538764831106,-33.46790993354178],[-70.58565191067186,-33.468917437672395],[-70.58526170981152,-33.46900182601326],[-70.58503667447951,-33.467983990223516],[-70.58538764831106,-33.46790993354178]]]}},{"type":"Feature","properties":{"comuna":"Nunoa","zona":"Z-4m","zona_code":"Z-4m","nombre":"Z-4m","decreto":""},"geometry":{"type":"Polygon","coordinates":[[[-70.58585217212452,-33.46783415510079],[-70.58609991797854,-33.46883132621499],[-70.58573036337368,-33.468919159220995],[-70.58546197116267,-33.46789787848877],[-70.58585217212452,-33.46783415510079]]]}},{"type":"Feature","properties":{"comuna":"Nunoa","zona":"Z-4m","zona_code":"Z-4m","nombre":"Z-4m","decreto":""},"geometry":{"type":"Polygon","coordinates":[[[-70.5857654611783,-33.46744837263789],[-70.58583978452769,-33.46776526563389],[-70.58467744177231,-33.46798571263719],[-70.584596924414,-33.46768087623752],[-70.5857654611783,-33.46744837263789]]]}},{"type":"Feature","properties":{"comuna":"Nunoa","zona":"Áreas verdes","zona_code":"Áreas verdes","nombre":"Áreas verdes","decreto":""},"geometry":{"type":"Polygon","coordinates":[[[-70.58572210499904,-33.467317482436506],[-70.58572829920575,-33.46737948269842],[-70.58454943966714,-33.467584430720436],[-70.58453498831243,-33.467477650791295],[-70.58572210499904,-33.467317482436506]]]}},{"type":"Feature","properties":{"comuna":"Nunoa","zona":"Áreas verdes","zona_code":"Áreas verdes","nombre":"Áreas verdes","decreto":""},"geometry":{"type":"Polygon","coordinates":[[[-70.58572416971485,-33.46681286118983],[-70.58581500977074,-33.467222758233085],[-70.58573862151366,-33.46724514787313],[-70.58563126460517,-33.46682147284384],[-70.58572416971485,-33.46681286118983]]]}},{"type":"Feature","properties":{"comuna":"Nunoa","zona":"Z-4m","zona_code":"Z-4m","nombre":"Z-4m","decreto":""},"geometry":{"type":"Polygon","coordinates":[[[-70.58546197124032,-33.46625936853369],[-70.58556519891282,-33.466765284306184],[-70.58536197017865,-33.46683256003894],[-70.58559423153261,-33.46681641388953],[-70.58564584620551,-33.46726581449739],[-70.58425872518383,-33.46748647724531],[-70.58421356341447,-33.46716624700419],[-70.58535229283974,-33.46698325758609],[-70.58534261527316,-33.466899835507974],[-70.58410388422182,-33.467066678721224],[-70.58414904595142,-33.4675106965267],[-70.58375871708903,-33.4675510613909],[-70.58372000604632,-33.467373454705125],[-70.58310709231608,-33.46744880391285],[-70.58314580346736,-33.46766139294592],[-70.58196513759003,-33.467825544227445],[-70.58192642790664,-33.4675510618863],[-70.58310064108535,-33.46737345512046],[-70.58307160825764,-33.4671285722121],[-70.58404581799326,-33.46701016796919],[-70.58399097906751,-33.466741064509854],[-70.58509099718557,-33.466579602180104],[-70.58509422307658,-33.46630780684126],[-70.58546197124032,-33.46625936853369]]]}},{"type":"Feature","properties":{"comuna":"Nunoa","zona":"Áreas verdes","zona_code":"Áreas verdes","nombre":"Áreas verdes","decreto":""},"geometry":{"type":"Polygon","coordinates":[[[-70.58425714007032,-33.46747523630944],[-70.5844716325654,-33.46749993255436],[-70.58449743918779,-33.467594118402694],[-70.58187158837339,-33.468003149690375],[-70.5818296517797,-33.467478404433365],[-70.58243288793273,-33.46724966857737],[-70.58303935009697,-33.467179701596045],[-70.58296515451046,-33.466945582628874],[-70.58326515951093,-33.46684332338803],[-70.58394904225975,-33.466816413922906],[-70.58390388096738,-33.466598439754094],[-70.58435550146467,-33.46645581483017],[-70.58505228692638,-33.46642621285567],[-70.58509099826135,-33.46657960216635],[-70.58399097906751,-33.466741064509854],[-70.58404581797684,-33.46701016706756],[-70.58307160827403,-33.46712857311372],[-70.58310064108535,-33.46737345512046],[-70.58192642683086,-33.46755106190004],[-70.58196513759003,-33.467825544227445],[-70.58314580346736,-33.46766139294592],[-70.58310709337547,-33.467448802997495],[-70.58372000606272,-33.46737345560676],[-70.58375871602964,-33.46755106230626],[-70.58414904596783,-33.46751069742833],[-70.58410388422182,-33.467066678721224],[-70.5853426141974,-33.466899835521744],[-70.58535229283974,-33.46698325758609],[-70.58421356341447,-33.46716624700419],[-70.58425714007032,-33.46747523630944]]]}},{"type":"Feature","properties":{"comuna":"Nunoa","zona":"Áreas verdes","zona_code":"Áreas verdes","nombre":"Áreas verdes","decreto":""},"geometry":{"type":"Polygon","coordinates":[[[-70.58384581458498,-33.466652260168736],[-70.58384258973452,-33.46672222778229],[-70.5836135530612,-33.46673837363376],[-70.583616778523,-33.46670877210519],[-70.58384581458498,-33.466652260168736]]]}},{"type":"Feature","properties":{"comuna":"Nunoa","zona":"Áreas verdes","zona_code":"Áreas verdes","nombre":"Áreas verdes","decreto":""},"geometry":{"type":"Polygon","coordinates":[[[-70.58291999244202,-33.466967110861916],[-70.58292967093186,-33.46705053315511],[-70.58268773098531,-33.46707475210032],[-70.58269418263095,-33.4670505330229],[-70.58291999244202,-33.466967110861916]]]}},{"type":"Feature","properties":{"comuna":"Nunoa","zona":"Áreas verdes","zona_code":"Áreas verdes","nombre":"Áreas verdes","decreto":""},"geometry":{"type":"Polygon","coordinates":[[[-70.58489422013086,-33.46625936863053],[-70.58490712395849,-33.46632664455402],[-70.5846813129346,-33.466350864008355],[-70.58470066802994,-33.466318571665674],[-70.58489422013086,-33.46625936863053]]]}},{"type":"Feature","properties":{"comuna":"Nunoa","zona":"Áreas verdes","zona_code":"Áreas verdes","nombre":"Áreas verdes","decreto":""},"geometry":{"type":"Polygon","coordinates":[[[-70.58546197124032,-33.46625936853369],[-70.58509422415234,-33.466307806827494],[-70.58502970608599,-33.46621631124065],[-70.58541680959716,-33.466095214596876],[-70.58546197124032,-33.46625936853369]]]}},{"type":"Feature","properties":{"comuna":"Nunoa","zona":"Áreas verdes","zona_code":"Áreas verdes","nombre":"Áreas verdes","decreto":""},"geometry":{"type":"Polygon","coordinates":[[[-70.60592580491569,-33.46211440920276],[-70.60604141908416,-33.46215402290248],[-70.60594232055436,-33.46216263524469],[-70.60592580491569,-33.46211440920276]]]}},{"type":"Feature","properties":{"comuna":"Nunoa","zona":"Áreas verdes","zona_code":"Áreas verdes","nombre":"Áreas verdes","decreto":""},"geometry":{"type":"Polygon","coordinates":[[[-70.60564709016845,-33.46214713397836],[-70.60585561017879,-33.462179858209005],[-70.6056099282922,-33.4622125832837],[-70.60564709016845,-33.46214713397836]]]}},{"type":"Feature","properties":{"comuna":"Nunoa","zona":"Áreas verdes","zona_code":"Áreas verdes","nombre":"Áreas verdes","decreto":""},"geometry":{"type":"Polygon","coordinates":[[[-70.60536218220439,-33.46194906333481],[-70.60544682899013,-33.46219019238323],[-70.60530850323148,-33.462236695920886],[-70.60521146941103,-33.46193528469026],[-70.60536218220439,-33.46194906333481]]]}},{"type":"Feature","properties":{"comuna":"Nunoa","zona":"Áreas verdes","zona_code":"Áreas verdes","nombre":"Áreas verdes","decreto":""},"geometry":{"type":"Polygon","coordinates":[[[-70.60469133150113,-33.4619320547356],[-70.60391067321295,-33.46226576074873],[-70.6038171230169,-33.46201279021683],[-70.60469133150113,-33.4619320547356]]]}},{"type":"Feature","properties":{"comuna":"Nunoa","zona":"Z-2","zona_code":"Z-2","nombre":"Z-2","decreto":""},"geometry":{"type":"Polygon","coordinates":[[[-70.60597811603192,-33.46210782170378],[-70.60544485193951,-33.462184562610986],[-70.60536218220439,-33.46194906333481],[-70.60521147048674,-33.46193528467633],[-70.60515263040486,-33.46151222945366],[-70.60589457797744,-33.46148262590359],[-70.60597811603192,-33.46210782170378]]]}},{"type":"Feature","properties":{"comuna":"Nunoa","zona":"Áreas verdes","zona_code":"Áreas verdes","nombre":"Áreas verdes","decreto":""},"geometry":{"type":"Polygon","coordinates":[[[-70.60368486339353,-33.461584891739236],[-70.60415261318984,-33.462639833091814],[-70.60408809597956,-33.46267212667326],[-70.60382357567924,-33.46224692308293],[-70.60368486339353,-33.461584891739236]]]}},{"type":"Feature","properties":{"comuna":"Nunoa","zona":"Z-5A","zona_code":"Z-5A","nombre":"Z-5A","decreto":""},"geometry":{"type":"Polygon","coordinates":[[[-70.60515263040486,-33.46151222945366],[-70.60530850323148,-33.462236695920886],[-70.60414858878893,-33.46263572954119],[-70.60391067321295,-33.46226576074873],[-70.60469133259343,-33.461932055623286],[-70.60383270437956,-33.46201135128256],[-70.60374615389739,-33.4615795092837],[-70.60515263040486,-33.46151222945366]]]}},{"type":"Feature","properties":{"comuna":"Nunoa","zona":"Áreas verdes","zona_code":"Áreas verdes","nombre":"Áreas verdes","decreto":""},"geometry":{"type":"Polygon","coordinates":[[[-70.60262355521158,-33.46331531183542],[-70.60271710480451,-33.46344986832672],[-70.60197193062037,-33.46381317058911],[-70.60194934922019,-33.463382590035835],[-70.60262355521158,-33.46331531183542]]]}},{"type":"Feature","properties":{"comuna":"Nunoa","zona":"Áreas verdes","zona_code":"Áreas verdes","nombre":"Áreas verdes","decreto":""},"geometry":{"type":"Polygon","coordinates":[[[-70.60363970062546,-33.46255371537749],[-70.6038816410062,-33.46280399389239],[-70.60367841186567,-33.46292240429982],[-70.60363970062546,-33.46255371537749]]]}},{"type":"Feature","properties":{"comuna":"Nunoa","zona":"Áreas verdes","zona_code":"Áreas verdes","nombre":"Áreas verdes","decreto":""},"geometry":{"type":"Polygon","coordinates":[[[-70.60346227850248,-33.4620316284837],[-70.60363970060786,-33.4624702896884],[-70.60333969637077,-33.46249989206717],[-70.60329453434785,-33.462037010802455],[-70.60346227850248,-33.4620316284837]]]}},{"type":"Feature","properties":{"comuna":"Nunoa","zona":"Áreas verdes","zona_code":"Áreas verdes","nombre":"Áreas verdes","decreto":""},"geometry":{"type":"Polygon","coordinates":[[[-70.60311322463336,-33.461599010755386],[-70.60348451345679,-33.46163538732337],[-70.60311058199673,-33.46164751205555],[-70.60311322463336,-33.461599010755386]]]}},{"type":"Feature","properties":{"comuna":"Nunoa","zona":"Áreas verdes","zona_code":"Áreas verdes","nombre":"Áreas verdes","decreto":""},"geometry":{"type":"Polygon","coordinates":[[[-70.60320679011328,-33.46252088341934],[-70.60320679074769,-33.462613890161016],[-70.6029363341893,-33.46271895337148],[-70.60286820377418,-33.46256394212965],[-70.60320679011328,-33.46252088341934]]]}},{"type":"Feature","properties":{"comuna":"Nunoa","zona":"Z-5A","zona_code":"Z-5A","nombre":"Z-5A","decreto":""},"geometry":{"type":"MultiPolygon","coordinates":[[[[-70.60262312499006,-33.46331532100572],[-70.60194934922019,-33.463382590035835],[-70.60197193062037,-33.46381317058911],[-70.60149450273325,-33.46404729827811],[-70.60154289141975,-33.461751745649565],[-70.60342679463258,-33.46167370070803],[-70.60344270437976,-33.46203225687475],[-70.60329453327215,-33.46203701081637],[-70.60333969637077,-33.46249989206717],[-70.60363970168356,-33.462470289674485],[-70.60367841186567,-33.46292240429982],[-70.60282678471778,-33.46339604547268],[-70.60260420025712,-33.46307041733178],[-70.6025945226594,-33.4628981835818],[-70.60282355893877,-33.46275824365103],[-70.60277194413801,-33.462588701301],[-70.60235580891565,-33.4626156130997],[-70.60237838884848,-33.46286589049341],[-70.60262312499006,-33.46331532100572]],[[-70.6029363341893,-33.46271895337148],[-70.60320679074769,-33.462613890161016],[-70.60320679011328,-33.46252088341934],[-70.60287026796567,-33.46253982932646],[-70.6029363341893,-33.46271895337148]]],[[[-70.60262355521158,-33.46331531183542],[-70.60262739040357,-33.463320829248225],[-70.60262312499006,-33.46331532100572],[-70.60262355521158,-33.46331531183542]]]]}},{"type":"Feature","properties":{"comuna":"Nunoa","zona":"Z-2","zona_code":"Z-2","nombre":"Z-2","decreto":""},"geometry":{"type":"Polygon","coordinates":[[[-70.60577199602072,-33.460672572568335],[-70.60586554503783,-33.46130500680829],[-70.60550102284101,-33.46132922761083],[-70.60559134755185,-33.460607982520614],[-70.60577199602072,-33.460672572568335]]]}},{"type":"Feature","properties":{"comuna":"Nunoa","zona":"Z-5A","zona_code":"Z-5A","nombre":"Z-5A","decreto":""},"geometry":{"type":"Polygon","coordinates":[[[-70.60559134647617,-33.460607982534555],[-70.60550102285764,-33.461329228512454],[-70.60363002329902,-33.46142611063094],[-70.60338485793335,-33.459811377037155],[-70.60350421444016,-33.459771008240054],[-70.6041203542728,-33.459980925425675],[-70.60559134647617,-33.460607982534555]]]}},{"type":"Feature","properties":{"comuna":"Nunoa","zona":"Z-4C","zona_code":"Z-4C","nombre":"Z-4C","decreto":""},"geometry":{"type":"Polygon","coordinates":[[[-70.60180398445358,-33.46092840656054],[-70.60177374160546,-33.4615549516982],[-70.60023137710978,-33.461605412365046],[-70.60021121486496,-33.46091999638388],[-70.60180398445358,-33.46092840656054]]]}},{"type":"Feature","properties":{"comuna":"Nunoa","zona":"Z-4C","zona_code":"Z-4C","nombre":"Z-4C","decreto":""},"geometry":{"type":"Polygon","coordinates":[[[-70.60134611330885,-33.45979522917027],[-70.60152998812039,-33.4607479266684],[-70.60019770664303,-33.46073447006172],[-70.60011383470965,-33.459870584133455],[-70.60134611330885,-33.45979522917027]]]}},{"type":"Feature","properties":{"comuna":"Nunoa","zona":"Z-4C","zona_code":"Z-4C","nombre":"Z-4C","decreto":""},"geometry":{"type":"Polygon","coordinates":[[[-70.60116546510794,-33.45886136125237],[-70.60132030620831,-33.459633754103784],[-70.60011706043845,-33.45965259312473],[-70.60009447929362,-33.45913587148859],[-70.60116546510794,-33.45886136125237]]]}},{"type":"Feature","properties":{"comuna":"Nunoa","zona":"Áreas verdes","zona_code":"Áreas verdes","nombre":"Áreas verdes","decreto":""},"geometry":{"type":"Polygon","coordinates":[[[-70.60177374162204,-33.461554952599805],[-70.60176366939288,-33.461616648100104],[-70.60020493276186,-33.46166831836338],[-70.60023137709321,-33.461605411463424],[-70.60177374162204,-33.461554952599805]]]}},{"type":"Feature","properties":{"comuna":"Nunoa","zona":"Áreas verdes","zona_code":"Áreas verdes","nombre":"Áreas verdes","decreto":""},"geometry":{"type":"Polygon","coordinates":[[[-70.60168944339289,-33.46174567461192],[-70.6015473639976,-33.461751560698936],[-70.60085774373104,-33.46177427856087],[-70.60085906578783,-33.46171585615992],[-70.60168944339289,-33.46174567461192]]]}},{"type":"Feature","properties":{"comuna":"Nunoa","zona":"Z-4C","zona_code":"Z-4C","nombre":"Z-4C","decreto":""},"geometry":{"type":"Polygon","coordinates":[[[-70.60023641743803,-33.46182709871024],[-70.60154735431628,-33.46175156082403],[-70.60149450273325,-33.46404729827811],[-70.60088804079173,-33.464289498430375],[-70.6003880328286,-33.46434062988256],[-70.60023641743803,-33.46182709871024]]]}},{"type":"Feature","properties":{"comuna":"Nunoa","zona":"Z-3A","zona_code":"Z-3A","nombre":"Z-3A","decreto":""},"geometry":{"type":"Polygon","coordinates":[[[-70.5999591950033,-33.46180304637704],[-70.60005496264756,-33.462946792814826],[-70.59995415397646,-33.462942587598185],[-70.59994911375823,-33.46310657950608],[-70.60007008332624,-33.46315283388231],[-70.60006504300954,-33.46343876784953],[-70.5993997088829,-33.46349763616146],[-70.60006000251926,-33.46349763594854],[-70.60010032570018,-33.464363840400736],[-70.5992888200731,-33.46438065983228],[-70.59917793134787,-33.461840891006034],[-70.5999591950033,-33.46180304637704]]]}},{"type":"Feature","properties":{"comuna":"Nunoa","zona":"Z-2","zona_code":"Z-2","nombre":"Z-2","decreto":""},"geometry":{"type":"Polygon","coordinates":[[[-70.59917846805719,-33.461853183265504],[-70.59928882114882,-33.4643806598184],[-70.59854283964852,-33.464380660105824],[-70.59842186980694,-33.46424189977325],[-70.59833618356616,-33.462770186191534],[-70.59913256731096,-33.462744956761156],[-70.59912752704263,-33.46267767749789],[-70.59833114260115,-33.462690292068885],[-70.59828577885705,-33.46187453056344],[-70.59917846805719,-33.461853183265504]]]}},{"type":"Feature","properties":{"comuna":"Nunoa","zona":"Z-3A","zona_code":"Z-3A","nombre":"Z-3A","decreto":""},"geometry":{"type":"Polygon","coordinates":[[[-70.5998382253783,-33.459158074466075],[-70.59996423471802,-33.4616264369155],[-70.59906704243679,-33.46166848635797],[-70.59894103230373,-33.45918750956876],[-70.5998382253783,-33.459158074466075]]]}},{"type":"Feature","properties":{"comuna":"Nunoa","zona":"Z-2","zona_code":"Z-2","nombre":"Z-2","decreto":""},"geometry":{"type":"MultiPolygon","coordinates":[[[[-70.59906704245336,-33.46166848725959],[-70.59827569856058,-33.461710537023784],[-70.59815976921041,-33.45922115026801],[-70.59894104238326,-33.45918770694001],[-70.59906704245336,-33.46166848725959]]],[[[-70.59896076688625,-33.459186862694374],[-70.59894104238326,-33.45918770694001],[-70.59894103230373,-33.45918750956876],[-70.59896076688625,-33.459186862694374]]]]}},{"type":"Feature","properties":{"comuna":"Nunoa","zona":"Z-3A","zona_code":"Z-3A","nombre":"Z-3A","decreto":""},"geometry":{"type":"Polygon","coordinates":[[[-70.59973318293272,-33.45793555630643],[-70.59982673230472,-33.458958246924475],[-70.59867187480359,-33.45898785086505],[-70.59861703437375,-33.45805397381498],[-70.59973318293272,-33.45793555630643]]]}},{"type":"Feature","properties":{"comuna":"Nunoa","zona":"Z-2","zona_code":"Z-2","nombre":"Z-2","decreto":""},"geometry":{"type":"Polygon","coordinates":[[[-70.59861714556818,-33.45805586983661],[-70.59867187374448,-33.45898785178055],[-70.59814605884485,-33.45900130786906],[-70.59811702617732,-33.45810510909833],[-70.59861714556818,-33.45805586983661]]]}},{"type":"Feature","properties":{"comuna":"Nunoa","zona":"Z-5A","zona_code":"Z-5A","nombre":"Z-5A","decreto":""},"geometry":{"type":"Polygon","coordinates":[[[-70.60281065436662,-33.45759106903123],[-70.60293968879016,-33.45842806434689],[-70.60101062389688,-33.45866220683257],[-70.6010461087827,-33.45777946086503],[-70.60281065436662,-33.45759106903123]]]}},{"type":"Feature","properties":{"comuna":"Nunoa","zona":"Z-4C","zona_code":"Z-4C","nombre":"Z-4C","decreto":""},"geometry":{"type":"Polygon","coordinates":[[[-70.60104608601378,-33.45778226044622],[-70.6010106238803,-33.458662205930956],[-70.60007834997535,-33.45893940814297],[-70.59996544473857,-33.457887113350225],[-70.60104608601378,-33.45778226044622]]]}},{"type":"Feature","properties":{"comuna":"Nunoa","zona":"Z-2","zona_code":"Z-2","nombre":"Z-2","decreto":""},"geometry":{"type":"Polygon","coordinates":[[[-70.60522682475667,-33.45732731904796],[-70.60539134409149,-33.45816700921667],[-70.60475584888442,-33.45823967338527],[-70.60462681476494,-33.45740805874687],[-70.60522682475667,-33.45732731904796]]]}},{"type":"Feature","properties":{"comuna":"Nunoa","zona":"Z-5A","zona_code":"Z-5A","nombre":"Z-5A","decreto":""},"geometry":{"type":"Polygon","coordinates":[[[-70.60462681476494,-33.45740805874687],[-70.60475584888442,-33.45823967338527],[-70.60318162926521,-33.45839846023507],[-70.60306549818804,-33.457569538366],[-70.60462681476494,-33.45740805874687]]]}},{"type":"Feature","properties":{"comuna":"Nunoa","zona":"Z-5A","zona_code":"Z-5A","nombre":"Z-5A","decreto":""},"geometry":{"type":"Polygon","coordinates":[[[-70.60297839933199,-33.458624528294585],[-70.60311711157331,-33.45961222490771],[-70.60287194622747,-33.45963375416403],[-70.60267194220515,-33.45945074886848],[-70.60241064796114,-33.45947227923492],[-70.60184934775172,-33.459189696546595],[-70.60149127777048,-33.45917893106425],[-70.60130095163503,-33.45880484452677],[-70.60297839933199,-33.458624528294585]]]}},{"type":"Feature","properties":{"comuna":"Nunoa","zona":"Áreas verdes","zona_code":"Áreas verdes","nombre":"Áreas verdes","decreto":""},"geometry":{"type":"Polygon","coordinates":[[[-70.6026831281196,-33.4595114030182],[-70.60242226066497,-33.459525673559206],[-70.60241034858691,-33.459472147830496],[-70.60267194220515,-33.45945074886848],[-70.6026831281196,-33.4595114030182]]]}},{"type":"Feature","properties":{"comuna":"Nunoa","zona":"Áreas verdes","zona_code":"Áreas verdes","nombre":"Áreas verdes","decreto":""},"geometry":{"type":"Polygon","coordinates":[[[-70.60223354363677,-33.459445200569554],[-70.60205683560307,-33.459465389647164],[-70.60204941844319,-33.45936311768679],[-70.60223354363677,-33.459445200569554]]]}},{"type":"Feature","properties":{"comuna":"Nunoa","zona":"Áreas verdes","zona_code":"Áreas verdes","nombre":"Áreas verdes","decreto":""},"geometry":{"type":"Polygon","coordinates":[[[-70.60141363241304,-33.45913820108721],[-70.60125185544916,-33.459153361379386],[-70.60120211085302,-33.458845321339446],[-70.60126404735715,-33.45885737773487],[-70.60141363241304,-33.45913820108721]]]}},{"type":"Feature","properties":{"comuna":"Nunoa","zona":"Áreas verdes","zona_code":"Áreas verdes","nombre":"Áreas verdes","decreto":""},"geometry":{"type":"Polygon","coordinates":[[[-70.60211877204955,-33.459897712724235],[-70.60214354604891,-33.46016985028178],[-70.60183179971276,-33.46020429831283],[-70.60180289504747,-33.459916658363625],[-70.60211877204955,-33.459897712724235]]]}},{"type":"Feature","properties":{"comuna":"Nunoa","zona":"Áreas verdes","zona_code":"Áreas verdes","nombre":"Áreas verdes","decreto":""},"geometry":{"type":"Polygon","coordinates":[[[-70.60283930016107,-33.459964886096536],[-70.6028620100944,-33.46010956725382],[-70.60248213281234,-33.460162960737314],[-70.60246355238858,-33.45999761114314],[-70.60283930016107,-33.459964886096536]]]}},{"type":"Feature","properties":{"comuna":"Nunoa","zona":"Áreas verdes","zona_code":"Áreas verdes","nombre":"Áreas verdes","decreto":""},"geometry":{"type":"Polygon","coordinates":[[[-70.60291981812252,-33.460500549136775],[-70.60294665737246,-33.46069517890604],[-70.6023334852613,-33.460757183826225],[-70.60232729107624,-33.46055738826504],[-70.60291981812252,-33.460500549136775]]]}},{"type":"Feature","properties":{"comuna":"Nunoa","zona":"Áreas verdes","zona_code":"Áreas verdes","nombre":"Áreas verdes","decreto":""},"geometry":{"type":"Polygon","coordinates":[[[-70.60314898322035,-33.46115160875107],[-70.60315104784698,-33.46128250902097],[-70.60285581677397,-33.46130489961139],[-70.60284342964722,-33.46116194276387],[-70.60314898322035,-33.46115160875107]]]}},{"type":"Feature","properties":{"comuna":"Nunoa","zona":"Áreas verdes","zona_code":"Áreas verdes","nombre":"Áreas verdes","decreto":""},"geometry":{"type":"Polygon","coordinates":[[[-70.60258536053168,-33.461186056201555],[-70.6026060062353,-33.46132901271464],[-70.60229219373194,-33.46134968073888],[-70.60227774228827,-33.46120500185528],[-70.60258536053168,-33.461186056201555]]]}},{"type":"Feature","properties":{"comuna":"Nunoa","zona":"Z-5A","zona_code":"Z-5A","nombre":"Z-5A","decreto":""},"geometry":{"type":"MultiPolygon","coordinates":[[[[-70.60177378595316,-33.46155402855139],[-70.60177878148694,-33.46057938883577],[-70.6015166176362,-33.46059683339309],[-70.60141142624283,-33.45991543372085],[-70.6016527718686,-33.459868734264155],[-70.60157716538656,-33.459641659603186],[-70.60131777231176,-33.459621111592654],[-70.60122451489391,-33.459155923165305],[-70.6014679644176,-33.45913310989358],[-70.60148482552871,-33.45935117233829],[-70.60196225287577,-33.45932425976313],[-70.60241709953613,-33.45959607684319],[-70.60273646000739,-33.4595799298933],[-70.60287194647026,-33.45977908161898],[-70.6031396926885,-33.45973837684677],[-70.60339675336688,-33.46146664740488],[-70.60177378595316,-33.46155402855139]],[[-70.60315104784698,-33.46128250902097],[-70.60314898322035,-33.46115160875107],[-70.60284342964722,-33.46116194276387],[-70.60285581677397,-33.46130489961139],[-70.60315104784698,-33.46128250902097]],[[-70.60229219373194,-33.46134968073888],[-70.6026060062353,-33.46132901271464],[-70.60258536053168,-33.461186056201555],[-70.60227774228827,-33.46120500185528],[-70.60229219373194,-33.46134968073888]],[[-70.60248213281234,-33.460162960737314],[-70.6028620100944,-33.46010956725382],[-70.60283930016107,-33.459964886096536],[-70.60246355238858,-33.45999761114314],[-70.60248213281234,-33.460162960737314]],[[-70.60183179971276,-33.46020429831283],[-70.60214354604891,-33.46016985028178],[-70.60211877203295,-33.45989771182262],[-70.60180289504747,-33.459916658363625],[-70.60183179971276,-33.46020429831283]],[[-70.60294665735586,-33.46069517800443],[-70.60291981704682,-33.46050054915068],[-70.60232729105964,-33.460557387363416],[-70.6023334852613,-33.460757183826225],[-70.60294665735586,-33.46069517800443]]],[[[-70.60177378595316,-33.46155402855139],[-70.60177374162204,-33.461554952599805],[-70.60173930274986,-33.461556078541676],[-70.60177378595316,-33.46155402855139]]]]}},{"type":"Feature","properties":{"comuna":"Nunoa","zona":"Z-2","zona_code":"Z-2","nombre":"Z-2","decreto":""},"geometry":{"type":"Polygon","coordinates":[[[-70.60546876418469,-33.45841729905774],[-70.60578167298804,-33.460392684796496],[-70.60577199506243,-33.46045996592551],[-70.60499133661028,-33.46020968065028],[-70.60474294530847,-33.45849265536669],[-70.60546876418469,-33.45841729905774]]]}},{"type":"Feature","properties":{"comuna":"Nunoa","zona":"Z-5A","zona_code":"Z-5A","nombre":"Z-5A","decreto":""},"geometry":{"type":"Polygon","coordinates":[[[-70.60474294530847,-33.45849265536669],[-70.60499133661028,-33.46020968065028],[-70.60345582693517,-33.45960145951235],[-70.60342356869633,-33.45937808461465],[-70.60332679224692,-33.459375393688795],[-70.6032364685645,-33.458605689871895],[-70.60474294530847,-33.45849265536669]]]}},{"type":"Feature","properties":{"comuna":"Nunoa","zona":"Z-2","zona_code":"Z-2","nombre":"Z-2","decreto":""},"geometry":{"type":"Polygon","coordinates":[[[-70.60501472486835,-33.45578130684361],[-70.60521130001742,-33.45708072668344],[-70.60458628943348,-33.45713539421036],[-70.60437963274263,-33.455819154694424],[-70.60501472486835,-33.45578130684361]]]}},{"type":"Feature","properties":{"comuna":"Nunoa","zona":"Z-4C","zona_code":"Z-4C","nombre":"Z-4C","decreto":""},"geometry":{"type":"Polygon","coordinates":[[[-70.60438115511221,-33.45582884952289],[-70.60458628943348,-33.45713539421036],[-70.60300360163097,-33.457312012719264],[-70.60283726754292,-33.4560083912035],[-70.60438115511221,-33.45582884952289]]]}},{"type":"Feature","properties":{"comuna":"Nunoa","zona":"Z-4C","zona_code":"Z-4C","nombre":"Z-4C","decreto":""},"geometry":{"type":"Polygon","coordinates":[[[-70.60258524743517,-33.456029417672056],[-70.60276670180983,-33.457328832724365],[-70.59992391182516,-33.45766945381159],[-70.59981302313305,-33.45639947981213],[-70.60129449990849,-33.45615927601574],[-70.6010396561884,-33.45682134834796],[-70.60106868925725,-33.45703396448377],[-70.60119772433008,-33.45691285452905],[-70.60123320836917,-33.45660604101568],[-70.60144934166502,-33.456132362492994],[-70.60258524743517,-33.456029417672056]]]}},{"type":"Feature","properties":{"comuna":"Nunoa","zona":"Z-3A","zona_code":"Z-3A","nombre":"Z-3A","decreto":""},"geometry":{"type":"Polygon","coordinates":[[[-70.59954588082553,-33.456433121651415],[-70.59968197186323,-33.45766524815542],[-70.59861340576428,-33.45780401909323],[-70.59861844637831,-33.45659712609634],[-70.59954588082553,-33.456433121651415]]]}},{"type":"Feature","properties":{"comuna":"Nunoa","zona":"Z-2","zona_code":"Z-2","nombre":"Z-2","decreto":""},"geometry":{"type":"Polygon","coordinates":[[[-70.59861842861278,-33.45660131624049],[-70.59861340576428,-33.45780401909323],[-70.59809928392457,-33.45785027612369],[-70.59801863720453,-33.45671066695232],[-70.59861842861278,-33.45660131624049]]]}},{"type":"Feature","properties":{"comuna":"Nunoa","zona":"Z-3A","zona_code":"Z-3A","nombre":"Z-3A","decreto":""},"geometry":{"type":"Polygon","coordinates":[[[-70.59949446937061,-33.455672138669755],[-70.59953963160227,-33.456240017116315],[-70.59862671264017,-33.456409572642826],[-70.59860413158168,-33.45564791611952],[-70.59949446937061,-33.455672138669755]]]}},{"type":"Feature","properties":{"comuna":"Nunoa","zona":"Z-2","zona_code":"Z-2","nombre":"Z-2","decreto":""},"geometry":{"type":"Polygon","coordinates":[[[-70.59860420525668,-33.455650406031815],[-70.59862671264017,-33.456409572642826],[-70.59801702409324,-33.45649838727326],[-70.59797508832881,-33.45564522487844],[-70.59860420525668,-33.455650406031815]]]}},{"type":"Feature","properties":{"comuna":"Nunoa","zona":"Z-1B","zona_code":"Z-1B","nombre":"Z-1B","decreto":""},"geometry":{"type":"Polygon","coordinates":[[[-70.59948147373873,-33.45567178420067],[-70.59799763576092,-33.455645410373776],[-70.5979976690466,-33.45548374194815],[-70.59838154698205,-33.455047737104984],[-70.59955898616231,-33.45489701867299],[-70.59948147373873,-33.45567178420067]]]}},{"type":"Feature","properties":{"comuna":"Nunoa","zona":"Z-3A","zona_code":"Z-3A","nombre":"Z-3A","decreto":""},"geometry":{"type":"Polygon","coordinates":[[[-70.60248161672168,-33.45535724660533],[-70.60253968270015,-33.455806706801596],[-70.59976544093925,-33.456205029333255],[-70.59977189351713,-33.4556479155893],[-70.60248161672168,-33.45535724660533]]]}},{"type":"Feature","properties":{"comuna":"Nunoa","zona":"Z-1B","zona_code":"Z-1B","nombre":"Z-1B","decreto":""},"geometry":{"type":"Polygon","coordinates":[[[-70.60247935001622,-33.455357489643134],[-70.59977189351713,-33.4556479155893],[-70.59978157058339,-33.454875487289605],[-70.60233645353497,-33.45459558050515],[-70.60247935001622,-33.455357489643134]]]}},{"type":"Feature","properties":{"comuna":"Nunoa","zona":"Z-1B","zona_code":"Z-1B","nombre":"Z-1B","decreto":""},"geometry":{"type":"Polygon","coordinates":[[[-70.60395260955099,-33.45440987339604],[-70.604026804135,-33.45492931553499],[-70.60266226453076,-33.455058502277204],[-70.60259452150933,-33.45455520967056],[-70.60395260955099,-33.45440987339604]]]}},{"type":"Feature","properties":{"comuna":"Nunoa","zona":"Z-3A","zona_code":"Z-3A","nombre":"Z-3A","decreto":""},"geometry":{"type":"Polygon","coordinates":[[[-70.60401971144753,-33.45492998719372],[-70.60403648159804,-33.455080033438016],[-70.60422358164277,-33.45505311930592],[-70.6043203581342,-33.45564522442301],[-70.60278807393357,-33.45580670667974],[-70.60269585287976,-33.4550553219219],[-70.60401971144753,-33.45492998719372]]]}},{"type":"Feature","properties":{"comuna":"Nunoa","zona":"Z-2","zona_code":"Z-2","nombre":"Z-2","decreto":""},"geometry":{"type":"Polygon","coordinates":[[[-70.60432035705858,-33.45564522443693],[-70.6042074530931,-33.45494277245204],[-70.6048106889806,-33.45488356148241],[-70.60494617528721,-33.4555644832171],[-70.60432035705858,-33.45564522443693]]]}},{"type":"Feature","properties":{"comuna":"Nunoa","zona":"Z-1B","zona_code":"Z-1B","nombre":"Z-1B","decreto":""},"geometry":{"type":"Polygon","coordinates":[[[-70.60480863026721,-33.45488376399282],[-70.6042074530931,-33.45494277245204],[-70.60408164445766,-33.454407181903136],[-70.60474939720724,-33.4543425875472],[-70.60480863026721,-33.45488376399282]]]}},{"type":"Feature","properties":{"comuna":"Nunoa","zona":"Z-1B","zona_code":"Z-1B","nombre":"Z-1B","decreto":""},"geometry":{"type":"Polygon","coordinates":[[[-70.6046235890928,-33.45336559760595],[-70.60466552544402,-33.4539927028338],[-70.60344614938305,-33.45412189181366],[-70.60346550405211,-33.45337367165889],[-70.6046235890928,-33.45336559760595]]]}},{"type":"Feature","properties":{"comuna":"Nunoa","zona":"Z-3A","zona_code":"Z-3A","nombre":"Z-3A","decreto":""},"geometry":{"type":"Polygon","coordinates":[[[-70.60462358910941,-33.453365598507574],[-70.6041946867675,-33.45336858768831],[-70.6042332600163,-33.45296995390696],[-70.60464939596665,-33.45303993209332],[-70.60462358910941,-33.453365598507574]]]}},{"type":"Feature","properties":{"comuna":"Nunoa","zona":"Z-4C","zona_code":"Z-4C","nombre":"Z-4C","decreto":""},"geometry":{"type":"Polygon","coordinates":[[[-70.60423319663121,-33.45297060134099],[-70.60419468678411,-33.453368588589925],[-70.60346550406871,-33.4533736725605],[-70.60349776328098,-33.45282192364872],[-70.60423319663121,-33.45297060134099]]]}},{"type":"Feature","properties":{"comuna":"Nunoa","zona":"Z-3A","zona_code":"Z-3A","nombre":"Z-3A","decreto":""},"geometry":{"type":"Polygon","coordinates":[[[-70.60486875482593,-33.451713033044925],[-70.60468165457945,-33.45283807224631],[-70.60426874454944,-33.45275463674414],[-70.60442358526697,-33.45164574535942],[-70.60486875482593,-33.451713033044925]]]}},{"type":"Feature","properties":{"comuna":"Nunoa","zona":"Z-4C","zona_code":"Z-4C","nombre":"Z-4C","decreto":""},"geometry":{"type":"Polygon","coordinates":[[[-70.60442321460033,-33.45164840064236],[-70.60426874347385,-33.452754636758065],[-70.60351711820945,-33.45264697841846],[-70.6036332494913,-33.4515488514191],[-70.60442321460033,-33.45164840064236]]]}},{"type":"Feature","properties":{"comuna":"Nunoa","zona":"Z-3A","zona_code":"Z-3A","nombre":"Z-3A","decreto":""},"geometry":{"type":"Polygon","coordinates":[[[-70.60510101624612,-33.450469550934855],[-70.60492359420894,-33.451540776513355],[-70.60442681144998,-33.4514707977127],[-70.60460423401219,-33.45039687895357],[-70.60510101624612,-33.450469550934855]]]}},{"type":"Feature","properties":{"comuna":"Nunoa","zona":"Z-4C","zona_code":"Z-4C","nombre":"Z-4C","decreto":""},"geometry":{"type":"Polygon","coordinates":[[[-70.60460330095596,-33.4504025265827],[-70.60442681144998,-33.4514707977127],[-70.60364937847733,-33.45132276436734],[-70.60367841166529,-33.451085911131656],[-70.60382357512904,-33.451099368777754],[-70.60382680146334,-33.45122586947925],[-70.6039106729336,-33.45122856120519],[-70.60392035117093,-33.451026697838365],[-70.60369776674311,-33.45103746319704],[-70.60374938021856,-33.45062565988853],[-70.60403970803823,-33.450660649868475],[-70.60374938036392,-33.45054222232711],[-70.603784864857,-33.45031074979096],[-70.60460330095596,-33.4504025265827]]]}},{"type":"Feature","properties":{"comuna":"Nunoa","zona":"Z-3A","zona_code":"Z-3A","nombre":"Z-3A","decreto":""},"geometry":{"type":"Polygon","coordinates":[[[-70.60527960016411,-33.449504144520056],[-70.60515159796259,-33.45025002846581],[-70.60462100792593,-33.450188015651555],[-70.60473249355854,-33.44941456953212],[-70.60527960016411,-33.449504144520056]]]}},{"type":"Feature","properties":{"comuna":"Nunoa","zona":"Z-4C","zona_code":"Z-4C","nombre":"Z-4C","decreto":""},"geometry":{"type":"MultiPolygon","coordinates":[[[[-70.6047324859673,-33.44941462464218],[-70.60462100792593,-33.450188015651555],[-70.60381170388114,-33.450058820992126],[-70.60387776986244,-33.44932154853464],[-70.6047324859673,-33.44941462464218]]],[[[-70.60473646988731,-33.44941522058668],[-70.6047324859673,-33.44941462464218],[-70.60473249355854,-33.44941456953212],[-70.60473646988731,-33.44941522058668]]]]}},{"type":"Feature","properties":{"comuna":"Nunoa","zona":"Áreas verdes","zona_code":"Áreas verdes","nombre":"Áreas verdes","decreto":""},"geometry":{"type":"Polygon","coordinates":[[[-70.60510972873828,-33.4502731109995],[-70.60519165044293,-33.450333746407175],[-70.6051189781562,-33.45032382482842],[-70.60510972873828,-33.4502731109995]]]}},{"type":"Feature","properties":{"comuna":"Nunoa","zona":"Áreas verdes","zona_code":"Áreas verdes","nombre":"Áreas verdes","decreto":""},"geometry":{"type":"Polygon","coordinates":[[[-70.60499345308861,-33.450259882350686],[-70.60505687619481,-33.450300672640395],[-70.6050727319151,-33.45031610692407],[-70.60499345308861,-33.450259882350686]]]}},{"type":"Feature","properties":{"comuna":"Nunoa","zona":"Áreas verdes","zona_code":"Áreas verdes","nombre":"Áreas verdes","decreto":""},"geometry":{"type":"Polygon","coordinates":[[[-70.60488246262636,-33.450240037864795],[-70.60497627635961,-33.45030838975303],[-70.60476354460123,-33.45023783293899],[-70.60488246262636,-33.450240037864795]]]}},{"type":"Feature","properties":{"comuna":"Nunoa","zona":"Áreas verdes","zona_code":"Áreas verdes","nombre":"Áreas verdes","decreto":""},"geometry":{"type":"Polygon","coordinates":[[[-70.60526035791138,-33.450119870037796],[-70.60524318132161,-33.450225706061794],[-70.6052022210588,-33.450157353588494],[-70.60526035791138,-33.450119870037796]]]}},{"type":"Feature","properties":{"comuna":"Nunoa","zona":"Z-3A","zona_code":"Z-3A","nombre":"Z-3A","decreto":""},"geometry":{"type":"Polygon","coordinates":[[[-70.6053663115424,-33.44880993263102],[-70.60528372914423,-33.44937494953097],[-70.60476139739923,-33.4493043223931],[-70.60484191544255,-33.44874964045207],[-70.6053663115424,-33.44880993263102]]]}},{"type":"Feature","properties":{"comuna":"Nunoa","zona":"Z-4C","zona_code":"Z-4C","nombre":"Z-4C","decreto":""},"geometry":{"type":"Polygon","coordinates":[[[-70.60484855210491,-33.44875040406264],[-70.60476139847478,-33.44930432237917],[-70.60389841534835,-33.4491630683795],[-70.60397480388606,-33.44861699872181],[-70.60484855210491,-33.44875040406264]]]}},{"type":"Feature","properties":{"comuna":"Nunoa","zona":"Áreas verdes","zona_code":"Áreas verdes","nombre":"Áreas verdes","decreto":""},"geometry":{"type":"Polygon","coordinates":[[[-70.60464165328635,-33.44851019621858],[-70.60542824760027,-33.448672123236506],[-70.60463339589724,-33.44854981690578],[-70.60464165328635,-33.44851019621858]]]}},{"type":"Feature","properties":{"comuna":"Nunoa","zona":"Z-3A","zona_code":"Z-3A","nombre":"Z-3A","decreto":""},"geometry":{"type":"Polygon","coordinates":[[[-70.60566554201492,-33.44715889593229],[-70.60545908684288,-33.44844010707541],[-70.60536876323846,-33.44856392061491],[-70.60487130885711,-33.44854270957186],[-70.60514617845932,-33.44708622154571],[-70.60566554201492,-33.44715889593229]]]}},{"type":"Feature","properties":{"comuna":"Nunoa","zona":"Z-4C","zona_code":"Z-4C","nombre":"Z-4C","decreto":""},"geometry":{"type":"Polygon","coordinates":[[[-70.60514597165808,-33.4470873172448],[-70.60487130994925,-33.448542710459556],[-70.60464165328635,-33.44851019621858],[-70.60473972028312,-33.44816287191213],[-70.60455907110189,-33.448141338710286],[-70.60449132856533,-33.44847240626736],[-70.60400099727902,-33.44837550878969],[-70.60410099944589,-33.447742979572155],[-70.60469778404723,-33.44782103661532],[-70.60469778395338,-33.447912551911664],[-70.60479778586858,-33.44791793458768],[-70.60483004416699,-33.447761820964224],[-70.60411712851236,-33.447659538898435],[-70.60419454975235,-33.4469516388544],[-70.60514597165808,-33.4470873172448]]]}},{"type":"Feature","properties":{"comuna":"Nunoa","zona":"Z-4C","zona_code":"Z-4C","nombre":"Z-4C","decreto":""},"geometry":{"type":"Polygon","coordinates":[[[-70.60401067555324,-33.446916647897936],[-70.60380744567209,-33.44834590138947],[-70.60263000666492,-33.44822208751639],[-70.60279452578247,-33.44679552304268],[-70.60401067555324,-33.446916647897936]]]}},{"type":"Feature","properties":{"comuna":"Nunoa","zona":"Z-3A","zona_code":"Z-3A","nombre":"Z-3A","decreto":""},"geometry":{"type":"Polygon","coordinates":[[[-70.60592683684112,-33.44558157945036],[-70.6058139321866,-33.44621143282569],[-70.60547198990866,-33.44616029057636],[-70.60542037674398,-33.44605262447516],[-70.60537198832102,-33.446399849849165],[-70.60544295712755,-33.44625988260971],[-70.60580102826114,-33.446324482393564],[-70.60569780047368,-33.44695163915458],[-70.6051203715252,-33.446860122572005],[-70.60536231136565,-33.44550352067132],[-70.60592683684112,-33.44558157945036]]]}},{"type":"Feature","properties":{"comuna":"Nunoa","zona":"Z-4C","zona_code":"Z-4C","nombre":"Z-4C","decreto":""},"geometry":{"type":"Polygon","coordinates":[[[-70.6053785298971,-33.445505763639304],[-70.6051203715252,-33.446860122572005],[-70.60423648576503,-33.446733615534505],[-70.60435261650535,-33.4460929988967],[-70.60480423753853,-33.44614952435112],[-70.60481391507686,-33.44608761539337],[-70.60435906827193,-33.44599879017205],[-70.60442358510139,-33.44536893557751],[-70.6053785298971,-33.445505763639304]]]}},{"type":"Feature","properties":{"comuna":"Nunoa","zona":"Z-4C","zona_code":"Z-4C","nombre":"Z-4C","decreto":""},"geometry":{"type":"Polygon","coordinates":[[[-70.60420745217843,-33.4453285599296],[-70.60400422379146,-33.44669593195856],[-70.6028009767425,-33.446580190953334],[-70.60298807700981,-33.44522627613169],[-70.60420745217843,-33.4453285599296]]]}},{"type":"Feature","properties":{"comuna":"Nunoa","zona":"Z-4C","zona_code":"Z-4C","nombre":"Z-4C","decreto":""},"geometry":{"type":"Polygon","coordinates":[[[-70.60274936295842,-33.44519397542228],[-70.60266226546084,-33.44569193863516],[-70.60209773974942,-33.44563272138471],[-70.60207838388868,-33.44570001382868],[-70.60264936132997,-33.4457565396535],[-70.60254613429451,-33.44654250797312],[-70.60105901224068,-33.446410615836186],[-70.60116546559684,-33.44551428732299],[-70.60181063732202,-33.44556273790074],[-70.60182676716803,-33.445498136763945],[-70.60114288391833,-33.44543353657629],[-70.60122675659277,-33.445040547900014],[-70.60274936295842,-33.44519397542228]]]}},{"type":"Feature","properties":{"comuna":"Nunoa","zona":"Z-4C","zona_code":"Z-4C","nombre":"Z-4C","decreto":""},"geometry":{"type":"Polygon","coordinates":[[[-70.60092675174248,-33.44500555598248],[-70.60073965189238,-33.44637024156656],[-70.60030416077376,-33.4463244828045],[-70.60037835470251,-33.445686555267976],[-70.60030415992783,-33.44567040523684],[-70.60022028763743,-33.446321791280305],[-70.59954285654868,-33.446262574106015],[-70.59963640657655,-33.445807681419524],[-70.59975576422109,-33.445810372690495],[-70.5997622159586,-33.44570001407466],[-70.5995880187044,-33.44568655545811],[-70.59972027949983,-33.44488981268189],[-70.5998718950244,-33.44491134628482],[-70.59984931430931,-33.445476603366565],[-70.59993963832093,-33.444903270909165],[-70.60005254325009,-33.44491672921777],[-70.59996544470992,-33.445560045725195],[-70.60018802881207,-33.445600421282606],[-70.6002202878972,-33.44546045330311],[-70.60009447942025,-33.44545776186017],[-70.60017512633728,-33.444951721853705],[-70.60092675174248,-33.44500555598248]]]}},{"type":"Feature","properties":{"comuna":"Nunoa","zona":"Z-2","zona_code":"Z-2","nombre":"Z-2","decreto":""},"geometry":{"type":"Polygon","coordinates":[[[-70.59971557776899,-33.44491813232372],[-70.5994654358617,-33.44626257466227],[-70.59911381729658,-33.44623565739135],[-70.5992976919226,-33.44504593157471],[-70.59952027620251,-33.44505939041417],[-70.59955576047915,-33.4449086545549],[-70.59971557776899,-33.44491813232372]]]}},{"type":"Feature","properties":{"comuna":"Nunoa","zona":"Áreas verdes","zona_code":"Áreas verdes","nombre":"Áreas verdes","decreto":""},"geometry":{"type":"Polygon","coordinates":[[[-70.599532044857,-33.44487099421973],[-70.59951090351922,-33.4450128224834],[-70.59929695666044,-33.445002944310495],[-70.59932147983683,-33.444850530910365],[-70.599532044857,-33.44487099421973]]]}},{"type":"Feature","properties":{"comuna":"Nunoa","zona":"Z-4C","zona_code":"Z-4C","nombre":"Z-4C","decreto":""},"geometry":{"type":"Polygon","coordinates":[[[-70.60253977501948,-33.44674297395575],[-70.60231779483972,-33.4482291327102],[-70.60080621312814,-33.448070374732296],[-70.60102290775684,-33.44661067323663],[-70.60253977501948,-33.44674297395575]]]}},{"type":"Feature","properties":{"comuna":"Nunoa","zona":"Z-4C","zona_code":"Z-4C","nombre":"Z-4C","decreto":""},"geometry":{"type":"Polygon","coordinates":[[[-70.60070050719983,-33.44659744365681],[-70.60052080912278,-33.44801745621666],[-70.59925763377784,-33.44791161736952],[-70.59947961436772,-33.446465142953315],[-70.60070050719983,-33.44659744365681]]]}},{"type":"Feature","properties":{"comuna":"Nunoa","zona":"Z-2","zona_code":"Z-2","nombre":"Z-2","decreto":""},"geometry":{"type":"Polygon","coordinates":[[[-70.59947961436772,-33.446465142953315],[-70.59925763377784,-33.44791161736952],[-70.5988929515588,-33.447885157603004],[-70.59911493197353,-33.446443092803044],[-70.59947961436772,-33.446465142953315]]]}},{"type":"Feature","properties":{"comuna":"Nunoa","zona":"Z-2","zona_code":"Z-2","nombre":"Z-2","decreto":""},"geometry":{"type":"Polygon","coordinates":[[[-70.59877667586382,-33.44643868244974],[-70.59857055090306,-33.44785428809594],[-70.59810544886342,-33.44780577868837],[-70.59841199339533,-33.44636812236957],[-70.59877667586382,-33.44643868244974]]]}},{"type":"Feature","properties":{"comuna":"Nunoa","zona":"Z-4C","zona_code":"Z-4C","nombre":"Z-4C","decreto":""},"geometry":{"type":"Polygon","coordinates":[[[-70.59819529849437,-33.44674738315934],[-70.59810702165194,-33.447796042955375],[-70.59752935683336,-33.44776608927013],[-70.5971012514098,-33.44719720268844],[-70.59721752712153,-33.446253461846666],[-70.59832214507863,-33.446341662103286],[-70.59819529849437,-33.44674738315934]]]}},{"type":"Feature","properties":{"comuna":"Nunoa","zona":"Z-4C","zona_code":"Z-4C","nombre":"Z-4C","decreto":""},"geometry":{"type":"Polygon","coordinates":[[[-70.5969849761713,-33.44624023101627],[-70.59692683827059,-33.44689732327552],[-70.5968792712217,-33.4469105535604],[-70.5963507456032,-33.446165261054524],[-70.5969849761713,-33.44624023101627]]]}},{"type":"Feature","properties":{"comuna":"Nunoa","zona":"Z-4C","zona_code":"Z-4C","nombre":"Z-4C","decreto":""},"geometry":{"type":"Polygon","coordinates":[[[-70.5970748248102,-33.44556108434408],[-70.59702725804479,-33.445993269100754],[-70.59639831340297,-33.44595798863437],[-70.5970748248102,-33.44556108434408]]]}},{"type":"Feature","properties":{"comuna":"Nunoa","zona":"Z-4C","zona_code":"Z-4C","nombre":"Z-4C","decreto":""},"geometry":{"type":"Polygon","coordinates":[[[-70.5980367406431,-33.44499218403617],[-70.59788346827443,-33.44611234045391],[-70.5972598085778,-33.446041779631116],[-70.59737608493599,-33.445358220485296],[-70.5980367406431,-33.44499218403617]]]}},{"type":"Feature","properties":{"comuna":"Nunoa","zona":"Z-4C","zona_code":"Z-4C","nombre":"Z-4C","decreto":""},"geometry":{"type":"Polygon","coordinates":[[[-70.59857583653029,-33.4450098242469],[-70.5984067085479,-33.44614321083472],[-70.59799974418289,-33.44610793060353],[-70.59815301634919,-33.44497013328618],[-70.59857583653029,-33.4450098242469]]]}},{"type":"Feature","properties":{"comuna":"Nunoa","zona":"Z-2","zona_code":"Z-2","nombre":"Z-2","decreto":""},"geometry":{"type":"Polygon","coordinates":[[[-70.59857389285384,-33.44502285195663],[-70.59895108926541,-33.445045104946644],[-70.59879781717257,-33.44619172119931],[-70.5984067085479,-33.44614321083472],[-70.59857389285384,-33.44502285195663]]]}},{"type":"Feature","properties":{"comuna":"Nunoa","zona":"Áreas verdes","zona_code":"Áreas verdes","nombre":"Áreas verdes","decreto":""},"geometry":{"type":"Polygon","coordinates":[[[-70.59906661390603,-33.44465823138739],[-70.59902550559195,-33.44486182131774],[-70.59827119457262,-33.44478561407773],[-70.59828803308392,-33.44457043935161],[-70.59906661390603,-33.44465823138739]]]}},{"type":"Feature","properties":{"comuna":"Nunoa","zona":"Z-4C","zona_code":"Z-4C","nombre":"Z-4C","decreto":""},"geometry":{"type":"Polygon","coordinates":[[[-70.60376447321067,-33.44857328274436],[-70.60358519783641,-33.45000702169287],[-70.60237424109737,-33.449851795638246],[-70.6025501343903,-33.448449099609824],[-70.60376447321067,-33.44857328274436]]]}},{"type":"Feature","properties":{"comuna":"Nunoa","zona":"Z-4C","zona_code":"Z-4C","nombre":"Z-4C","decreto":""},"geometry":{"type":"Polygon","coordinates":[[[-70.60231335552658,-33.44843498843253],[-70.60210025373884,-33.449803816050235],[-70.6006051622629,-33.44959496529569],[-70.60080473282797,-33.4482882254201],[-70.60231335552658,-33.44843498843253]]]}},{"type":"Feature","properties":{"comuna":"Nunoa","zona":"Z-4C","zona_code":"Z-4C","nombre":"Z-4C","decreto":""},"geometry":{"type":"Polygon","coordinates":[[[-70.60049015518672,-33.44826846972044],[-70.60029734880449,-33.4495300527271],[-70.59907624439037,-33.44934660221717],[-70.59928596255455,-33.44815839766301],[-70.60049015518672,-33.44826846972044]]]}},{"type":"Feature","properties":{"comuna":"Nunoa","zona":"Z-2","zona_code":"Z-2","nombre":"Z-2","decreto":""},"geometry":{"type":"Polygon","coordinates":[[[-70.59928379740334,-33.448170667988464],[-70.59907624439037,-33.44934660221717],[-70.5985959210659,-33.449276043804915],[-70.59886990763692,-33.44812170642508],[-70.59928379740334,-33.448170667988464]]]}},{"type":"Feature","properties":{"comuna":"Nunoa","zona":"Áreas verdes","zona_code":"Áreas verdes","nombre":"Áreas verdes","decreto":""},"geometry":{"type":"Polygon","coordinates":[[[-70.59870598640217,-33.44892331148258],[-70.5985959210659,-33.449276043804915],[-70.59825482303062,-33.44924228891797],[-70.59863583493075,-33.44892438208247],[-70.59870598640217,-33.44892331148258]]]}},{"type":"Feature","properties":{"comuna":"Nunoa","zona":"Áreas verdes","zona_code":"Áreas verdes","nombre":"Áreas verdes","decreto":""},"geometry":{"type":"Polygon","coordinates":[[[-70.5986400784079,-33.44860654637607],[-70.59855279110619,-33.448805383699174],[-70.59844610837912,-33.448916361884315],[-70.59831310024116,-33.44900421999243],[-70.5981759361961,-33.44905508510579],[-70.59843918126172,-33.44889208545618],[-70.5986400784079,-33.44860654637607]]]}},{"type":"Feature","properties":{"comuna":"Nunoa","zona":"Áreas verdes","zona_code":"Áreas verdes","nombre":"Áreas verdes","decreto":""},"geometry":{"type":"Polygon","coordinates":[[[-70.59798473735631,-33.44918340439495],[-70.59812882924038,-33.44914294301579],[-70.59796395524828,-33.44925045308003],[-70.59798473735631,-33.44918340439495]]]}},{"type":"Feature","properties":{"comuna":"Nunoa","zona":"Áreas verdes","zona_code":"Áreas verdes","nombre":"Áreas verdes","decreto":""},"geometry":{"type":"Polygon","coordinates":[[[-70.59790437893805,-33.449220396334404],[-70.59794594398815,-33.44925507717842],[-70.59790714980876,-33.44924582930916],[-70.59790437893805,-33.449220396334404]]]}},{"type":"Feature","properties":{"comuna":"Nunoa","zona":"Áreas verdes","zona_code":"Áreas verdes","nombre":"Áreas verdes","decreto":""},"geometry":{"type":"Polygon","coordinates":[[[-70.59797088242009,-33.44907820550404],[-70.59781847843226,-33.449188028365235],[-70.59774920300796,-33.448903645914534],[-70.59779492466856,-33.44889092966594],[-70.59797088242009,-33.44907820550404]]]}},{"type":"Feature","properties":{"comuna":"Nunoa","zona":"Áreas verdes","zona_code":"Áreas verdes","nombre":"Áreas verdes","decreto":""},"geometry":{"type":"Polygon","coordinates":[[[-70.59812328785824,-33.44898572380484],[-70.5980373869882,-33.4490354327924],[-70.597945943894,-33.44897185173837],[-70.59812328785824,-33.44898572380484]]]}},{"type":"Feature","properties":{"comuna":"Nunoa","zona":"Áreas verdes","zona_code":"Áreas verdes","nombre":"Áreas verdes","decreto":""},"geometry":{"type":"Polygon","coordinates":[[[-70.59770625314775,-33.44836493520062],[-70.59779769613657,-33.448731397395846],[-70.59776860077268,-33.448784574774265],[-70.59763559273956,-33.448377651757895],[-70.59770625314775,-33.44836493520062]]]}},{"type":"Feature","properties":{"comuna":"Nunoa","zona":"Z-2","zona_code":"Z-2","nombre":"Z-2","decreto":""},"geometry":{"type":"Polygon","coordinates":[[[-70.59851027415932,-33.448066388480335],[-70.59837388905434,-33.448781684305644],[-70.59804266877184,-33.44895870161119],[-70.59779488733105,-33.44872014083293],[-70.59765083314245,-33.44799955531181],[-70.59851027415932,-33.448066388480335]]]}},{"type":"Feature","properties":{"comuna":"Nunoa","zona":"Áreas verdes","zona_code":"Áreas verdes","nombre":"Áreas verdes","decreto":""},"geometry":{"type":"Polygon","coordinates":[[[-70.5981763809791,-33.44804042331988],[-70.59773689838696,-33.44800624788818],[-70.59769516867262,-33.447940669537054],[-70.59822858530939,-33.447974194190984],[-70.5981763809791,-33.44804042331988]]]}},{"type":"Feature","properties":{"comuna":"Nunoa","zona":"Áreas verdes","zona_code":"Áreas verdes","nombre":"Áreas verdes","decreto":""},"geometry":{"type":"Polygon","coordinates":[[[-70.59754276412849,-33.447921016636194],[-70.59758987129841,-33.44799731528526],[-70.59750812705144,-33.447971882725675],[-70.59754276412849,-33.447921016636194]]]}},{"type":"Feature","properties":{"comuna":"Nunoa","zona":"Áreas verdes","zona_code":"Áreas verdes","nombre":"Áreas verdes","decreto":""},"geometry":{"type":"Polygon","coordinates":[[[-70.59687218324805,-33.44905508489943],[-70.59634430976216,-33.44900884392637],[-70.59595637027036,-33.44887821289669],[-70.59613648476156,-33.448626198627196],[-70.59626533561054,-33.44879151056345],[-70.59625702301803,-33.44896260356228],[-70.59687218324805,-33.44905508489943]]]}},{"type":"Feature","properties":{"comuna":"Nunoa","zona":"Z-4C","zona_code":"Z-4C","nombre":"Z-4C","decreto":""},"geometry":{"type":"Polygon","coordinates":[[[-70.59698025293932,-33.4474216055907],[-70.59731831392637,-33.447902520020676],[-70.59761481066506,-33.44907820540436],[-70.59625961279177,-33.448909310592846],[-70.59615403786484,-33.44864947352291],[-70.59698025293932,-33.4474216055907]]]}},{"type":"Feature","properties":{"comuna":"Nunoa","zona":"Áreas verdes","zona_code":"Áreas verdes","nombre":"Áreas verdes","decreto":""},"geometry":{"type":"Polygon","coordinates":[[[-70.59699549312508,-33.4473961723365],[-70.59635677851213,-33.44823777111683],[-70.59698302378777,-33.44731178059057],[-70.59739590131278,-33.44785743414128],[-70.59699549312508,-33.4473961723365]]]}},{"type":"Feature","properties":{"comuna":"Nunoa","zona":"Z-4C","zona_code":"Z-4C","nombre":"Z-4C","decreto":""},"geometry":{"type":"Polygon","coordinates":[[[-70.59605223432817,-33.446191192236746],[-70.59682007586817,-33.44724394862536],[-70.59666109609677,-33.44751489712389],[-70.59627548386375,-33.4473370872808],[-70.59623151085847,-33.44739918022999],[-70.59663403578162,-33.44754594408084],[-70.59641078673631,-33.44790438536111],[-70.59599811409669,-33.44772939778291],[-70.59635666531587,-33.44795518730604],[-70.59597443623633,-33.448561993816234],[-70.59581545599299,-33.44854505952081],[-70.59508820450718,-33.447543121700484],[-70.59568015296021,-33.44723548157814],[-70.59562264963941,-33.447136697956935],[-70.59498672827738,-33.44746691734004],[-70.59470259266693,-33.4469391304821],[-70.59479392254953,-33.446806478047925],[-70.59605223432817,-33.446191192236746]]]}},{"type":"Feature","properties":{"comuna":"Nunoa","zona":"Áreas verdes","zona_code":"Áreas verdes","nombre":"Áreas verdes","decreto":""},"geometry":{"type":"Polygon","coordinates":[[[-70.59448150835706,-33.44696995090805],[-70.59516343298374,-33.447833374154285],[-70.59513096002169,-33.44785685640881],[-70.59448150835706,-33.44696995090805]]]}},{"type":"Feature","properties":{"comuna":"Nunoa","zona":"Áreas verdes","zona_code":"Áreas verdes","nombre":"Áreas verdes","decreto":""},"geometry":{"type":"Polygon","coordinates":[[[-70.59517425744652,-33.4479327216502],[-70.59551630138259,-33.448333722487696],[-70.59550980709307,-33.44835359141597],[-70.59517425744652,-33.4479327216502]]]}},{"type":"Feature","properties":{"comuna":"Nunoa","zona":"Áreas verdes","zona_code":"Áreas verdes","nombre":"Áreas verdes","decreto":""},"geometry":{"type":"Polygon","coordinates":[[[-70.59554877423794,-33.44843487545198],[-70.59581288425406,-33.44874194592324],[-70.59581937978108,-33.448772653636425],[-70.59554877423794,-33.44843487545198]]]}},{"type":"Feature","properties":{"comuna":"Nunoa","zona":"Áreas verdes","zona_code":"Áreas verdes","nombre":"Áreas verdes","decreto":""},"geometry":{"type":"Polygon","coordinates":[[[-70.59602503846031,-33.448579379038065],[-70.59591246730254,-33.44874375275864],[-70.59577824763655,-33.44858841079073],[-70.59586957700235,-33.44854223720054],[-70.59602503846031,-33.448579379038065]]]}},{"type":"Feature","properties":{"comuna":"Nunoa","zona":"Áreas verdes","zona_code":"Áreas verdes","nombre":"Áreas verdes","decreto":""},"geometry":{"type":"Polygon","coordinates":[[[-70.59561804901809,-33.44869678918355],[-70.59572845618817,-33.44881239189074],[-70.59573062102217,-33.44883226119519],[-70.59555526884904,-33.448805166218975],[-70.59561804901809,-33.44869678918355]]]}},{"type":"Feature","properties":{"comuna":"Nunoa","zona":"Áreas verdes","zona_code":"Áreas verdes","nombre":"Áreas verdes","decreto":""},"geometry":{"type":"Polygon","coordinates":[[[-70.59630475706004,-33.44803759437243],[-70.59688447967856,-33.447231868666584],[-70.5968628318383,-33.44732037937544],[-70.59636275429003,-33.44805916344281],[-70.59630475706004,-33.44803759437243]]]}},{"type":"Feature","properties":{"comuna":"Nunoa","zona":"Z-4C","zona_code":"Z-4C","nombre":"Z-4C","decreto":""},"geometry":{"type":"Polygon","coordinates":[[[-70.59441169278696,-33.44702380186559],[-70.59459773338256,-33.44734273184909],[-70.5938806310571,-33.447706819307875],[-70.59402608054398,-33.447901562686816],[-70.59476686165158,-33.44752054265114],[-70.59559558958335,-33.44866642040174],[-70.59553808542229,-33.448801892772025],[-70.59335971607499,-33.448460389036335],[-70.59295380860588,-33.44785358242948],[-70.59441169278696,-33.44702380186559]]]}},{"type":"Feature","properties":{"comuna":"Nunoa","zona":"Z-4C","zona_code":"Z-4C","nombre":"Z-4C","decreto":""},"geometry":{"type":"Polygon","coordinates":[[[-70.59460111606685,-33.44739918016618],[-70.59468568057812,-33.447472562309024],[-70.59403622833095,-33.447802779601126],[-70.59398548992358,-33.44771528576583],[-70.59460111606685,-33.44739918016618]]]}},{"type":"Feature","properties":{"comuna":"Nunoa","zona":"Z-4C","zona_code":"Z-4C","nombre":"Z-4C","decreto":""},"geometry":{"type":"Polygon","coordinates":[[[-70.59277994483915,-33.44794717224985],[-70.59302240686326,-33.44833010979536],[-70.59298343969058,-33.448407780530836],[-70.59189669133885,-33.448407780808914],[-70.59277994483915,-33.44794717224985]]]}},{"type":"Feature","properties":{"comuna":"Nunoa","zona":"Z-4C","zona_code":"Z-4C","nombre":"Z-4C","decreto":""},"geometry":{"type":"Polygon","coordinates":[[[-70.60355475501316,-33.45022433873758],[-70.60340930500607,-33.4513730032223],[-70.60241144971096,-33.45126293570507],[-70.60235394609975,-33.450063468366935],[-70.60355475501316,-33.45022433873758]]]}},{"type":"Feature","properties":{"comuna":"Nunoa","zona":"Z-4C","zona_code":"Z-4C","nombre":"Z-4C","decreto":""},"geometry":{"type":"Polygon","coordinates":[[[-70.60209348827914,-33.450035245308],[-70.60218481823483,-33.45021587178535],[-70.60218481737287,-33.451254468594556],[-70.60153536563242,-33.451195200810176],[-70.6017281715158,-33.449961865455556],[-70.60209348827914,-33.450035245308]]]}},{"type":"Feature","properties":{"comuna":"Nunoa","zona":"Z-4C","zona_code":"Z-4C","nombre":"Z-4C","decreto":""},"geometry":{"type":"Polygon","coordinates":[[[-70.60155904444917,-33.44995057629419],[-70.60137300355892,-33.45137582518443],[-70.601058424417,-33.451370181225734],[-70.60114975368174,-33.450419076477544],[-70.6010618074153,-33.45038803135741],[-70.60092312216496,-33.45153387172261],[-70.60043265168805,-33.45152822679529],[-70.6006186925037,-33.449843328652214],[-70.60155904444917,-33.44995057629419]]]}},{"type":"Feature","properties":{"comuna":"Nunoa","zona":"Áreas verdes","zona_code":"Áreas verdes","nombre":"Áreas verdes","decreto":""},"geometry":{"type":"Polygon","coordinates":[[[-70.60134813122212,-33.45138827613951],[-70.60137300360539,-33.45161289452617],[-70.60103136451458,-33.451610071999575],[-70.60107251579167,-33.451377038935355],[-70.60134813122212,-33.45138827613951]]]}},{"type":"Feature","properties":{"comuna":"Nunoa","zona":"Z-4C","zona_code":"Z-4C","nombre":"Z-4C","decreto":""},"geometry":{"type":"Polygon","coordinates":[[[-70.60341268721372,-33.45148871600515],[-70.60333827090896,-33.45197131846009],[-70.60297633689854,-33.45195720773462],[-70.6029797194975,-33.45203058579491],[-70.60335180173333,-33.4520700970276],[-70.60325032490108,-33.45260067428089],[-70.60235394624769,-33.45257809662533],[-70.60246218809637,-33.45140687067926],[-70.60341268721372,-33.45148871600515]]]}},{"type":"Feature","properties":{"comuna":"Nunoa","zona":"Z-4C","zona_code":"Z-4C","nombre":"Z-4C","decreto":""},"geometry":{"type":"Polygon","coordinates":[[[-70.6022423209895,-33.4513842927262],[-70.60221526120448,-33.452039052031864],[-70.6018059710245,-33.45205034134406],[-70.60218481749618,-33.4520870307197],[-70.60214422678438,-33.45256680818899],[-70.6014812446456,-33.45253858580916],[-70.60139668129791,-33.45234103065098],[-70.60151845349013,-33.45136453643414],[-70.6022423209895,-33.4513842927262]]]}},{"type":"Feature","properties":{"comuna":"Nunoa","zona":"Z-4C","zona_code":"Z-4C","nombre":"Z-4C","decreto":""},"geometry":{"type":"Polygon","coordinates":[[[-70.60129858628348,-33.45171449498667],[-70.6012377007771,-33.45232409714878],[-70.60035485177858,-33.45223096377671],[-70.60042926811897,-33.451669339725036],[-70.60129858628348,-33.45171449498667]]]}},{"type":"Feature","properties":{"comuna":"Nunoa","zona":"Z-4C","zona_code":"Z-4C","nombre":"Z-4C","decreto":""},"geometry":{"type":"Polygon","coordinates":[[[-70.60322664609885,-33.45272485173051],[-70.60322664599337,-33.45324131494235],[-70.60238100627673,-33.45341346788772],[-70.60228967758704,-33.4532638926853],[-70.60235394572831,-33.452682518932534],[-70.60322664609885,-33.45272485173051]]]}},{"type":"Feature","properties":{"comuna":"Nunoa","zona":"Z-4C","zona_code":"Z-4C","nombre":"Z-4C","decreto":""},"geometry":{"type":"Polygon","coordinates":[[[-70.6021205490892,-33.45268534086906],[-70.60212393199942,-33.453658998607075],[-70.60129182189806,-33.45358844398805],[-70.60138315123467,-33.45265994111882],[-70.6021205490892,-33.45268534086906]]]}},{"type":"Feature","properties":{"comuna":"Nunoa","zona":"Z-4C","zona_code":"Z-4C","nombre":"Z-4C","decreto":""},"geometry":{"type":"Polygon","coordinates":[[[-70.60121402274804,-33.4524906080942],[-70.60111592847737,-33.45352917767419],[-70.60025337530303,-33.45346708967794],[-70.60037176543524,-33.45246520847961],[-70.60121402274804,-33.4524906080942]]]}},{"type":"Feature","properties":{"comuna":"Nunoa","zona":"Z-1B","zona_code":"Z-1B","nombre":"Z-1B","decreto":""},"geometry":{"type":"Polygon","coordinates":[[[-70.60319620298806,-33.45333444680389],[-70.60321988132672,-33.454158522648406],[-70.6022592339334,-33.45425729757972],[-70.60234041547125,-33.45353482191103],[-70.60319620298806,-33.45333444680389]]]}},{"type":"Feature","properties":{"comuna":"Nunoa","zona":"Z-1B","zona_code":"Z-1B","nombre":"Z-1B","decreto":""},"geometry":{"type":"Polygon","coordinates":[[[-70.60212393198282,-33.45365899770546],[-70.60205628083317,-33.45427987559693],[-70.60120387544589,-33.454389939395156],[-70.60129182082247,-33.45358844400195],[-70.60212393198282,-33.45365899770546]]]}},{"type":"Feature","properties":{"comuna":"Nunoa","zona":"Z-1B","zona_code":"Z-1B","nombre":"Z-1B","decreto":""},"geometry":{"type":"Polygon","coordinates":[[[-70.6011182028638,-33.45351279175667],[-70.60108886792538,-33.45438147320893],[-70.60025337585887,-33.45446049280736],[-70.60012483767736,-33.454356073142],[-70.60025337530303,-33.45346708967794],[-70.6011182028638,-33.45351279175667]]]}},{"type":"Feature","properties":{"comuna":"Nunoa","zona":"Z-1B","zona_code":"Z-1B","nombre":"Z-1B","decreto":""},"geometry":{"type":"Polygon","coordinates":[[[-70.59985247469825,-33.454037846266935],[-70.59980917731207,-33.45453815846007],[-70.59883067043414,-33.45461401803304],[-70.59877871451178,-33.45414260562236],[-70.59985247469825,-33.454037846266935]]]}},{"type":"Feature","properties":{"comuna":"Nunoa","zona":"Z-2","zona_code":"Z-2","nombre":"Z-2","decreto":""},"geometry":{"type":"Polygon","coordinates":[[[-70.59985247362265,-33.45403784628081],[-70.59877871449523,-33.454142604720744],[-70.5986379992678,-33.453483345194726],[-70.59956671525468,-33.45334065560386],[-70.5999325735904,-33.45340206637181],[-70.59985247362265,-33.45403784628081]]]}},{"type":"Feature","properties":{"comuna":"Nunoa","zona":"Z-4C","zona_code":"Z-4C","nombre":"Z-4C","decreto":""},"geometry":{"type":"Polygon","coordinates":[[[-70.59972691378194,-33.45250618737395],[-70.60002999119433,-33.452645265914775],[-70.59998669415812,-33.45322505858516],[-70.59961867210527,-33.45316184155648],[-70.59954723175277,-33.4527951816676],[-70.59972691378194,-33.45250618737395]]]}},{"type":"Feature","properties":{"comuna":"Nunoa","zona":"Z-4C","zona_code":"Z-4C","nombre":"Z-4C","decreto":""},"geometry":{"type":"Polygon","coordinates":[[[-70.59936538536604,-33.45256940481021],[-70.5994584731547,-33.45319796553293],[-70.59862717537958,-33.453297306732125],[-70.59853192233503,-33.45265971520331],[-70.59936538536604,-33.45256940481021]]]}},{"type":"Feature","properties":{"comuna":"Nunoa","zona":"ZT-2","zona_code":"ZT-2","nombre":"ZT-2","decreto":""},"geometry":{"type":"Polygon","coordinates":[[[-70.59973264792326,-33.45250881797195],[-70.59954723175277,-33.4527951816676],[-70.59961867102967,-33.453161841570356],[-70.59945774595387,-33.45319304820191],[-70.59936538536604,-33.45256940481021],[-70.5984604828153,-33.45266152202671],[-70.5984193507143,-33.452457419212685],[-70.59933507775379,-33.452320145864725],[-70.59973264792326,-33.45250881797195]]]}},{"type":"Feature","properties":{"comuna":"Nunoa","zona":"ZT-2","zona_code":"ZT-2","nombre":"ZT-2","decreto":""},"geometry":{"type":"Polygon","coordinates":[[[-70.600136068612,-33.452220804397854],[-70.60004947442752,-33.452524249066734],[-70.59932858348634,-33.45223164167343],[-70.59842801029458,-33.452314727696795],[-70.59836739465719,-33.45192638891819],[-70.59852542811417,-33.451901101873915],[-70.598557900988,-33.45204559963449],[-70.59875923062924,-33.4520979807836],[-70.59919436306284,-33.451984188635286],[-70.600136068612,-33.452220804397854]]]}},{"type":"Feature","properties":{"comuna":"Nunoa","zona":"Z-4C","zona_code":"Z-4C","nombre":"Z-4C","decreto":""},"geometry":{"type":"Polygon","coordinates":[[[-70.60007788694143,-33.45221229629015],[-70.59919436306284,-33.451984188635286],[-70.59875923062924,-33.4520979807836],[-70.59855789992895,-33.45204560054997],[-70.59852542811417,-33.451901101873915],[-70.60011441966236,-33.4517078343815],[-70.60007788694143,-33.45221229629015]]]}},{"type":"Feature","properties":{"comuna":"Nunoa","zona":"Áreas verdes","zona_code":"Áreas verdes","nombre":"Áreas verdes","decreto":""},"geometry":{"type":"Polygon","coordinates":[[[-70.60124342720007,-33.452394779183166],[-70.6004453800396,-33.45236819211738],[-70.60023894140001,-33.45240749510768],[-70.60025556772632,-33.45229074109859],[-70.60124342720007,-33.452394779183166]]]}},{"type":"Feature","properties":{"comuna":"Nunoa","zona":"Z-4C","zona_code":"Z-4C","nombre":"Z-4C","decreto":""},"geometry":{"type":"Polygon","coordinates":[[[-70.60022015967093,-33.450540822947744],[-70.60013887790551,-33.45155604677265],[-70.59952063801063,-33.45161770000283],[-70.5993556099736,-33.45058397986393],[-70.59988764086062,-33.4504791692102],[-70.60022015967093,-33.450540822947744]]]}},{"type":"Feature","properties":{"comuna":"Nunoa","zona":"Z-4C","zona_code":"Z-4C","nombre":"Z-4C","decreto":""},"geometry":{"type":"Polygon","coordinates":[[[-70.59912654170392,-33.450567539286666],[-70.5992201393704,-33.45090046836388],[-70.5988531369903,-33.450986783150015],[-70.59923491767684,-33.45095184544993],[-70.59925708622683,-33.45107104246215],[-70.598872841308,-33.451103924277525],[-70.59887530427777,-33.45118201834239],[-70.59926693861239,-33.45112858489609],[-70.5993408312763,-33.45165263656275],[-70.59878909593388,-33.45171634374362],[-70.59861175227189,-33.45062713728927],[-70.59912654170392,-33.450567539286666]]]}},{"type":"Feature","properties":{"comuna":"Nunoa","zona":"Z-2","zona_code":"Z-2","nombre":"Z-2","decreto":""},"geometry":{"type":"Polygon","coordinates":[[[-70.59861312723113,-33.45063558236439],[-70.59878909593388,-33.45171634374362],[-70.59838022071379,-33.45177594201377],[-70.59820780301902,-33.450694956537845],[-70.59861312723113,-33.45063558236439]]]}},{"type":"Feature","properties":{"comuna":"Nunoa","zona":"Z-4C","zona_code":"Z-4C","nombre":"Z-4C","decreto":""},"geometry":{"type":"Polygon","coordinates":[[[-70.60029878269029,-33.44976470479673],[-70.60023152343003,-33.450360967030846],[-70.59934314122536,-33.450363305164196],[-70.59919461090095,-33.44960803918964],[-70.60029878269029,-33.44976470479673]]]}},{"type":"Feature","properties":{"comuna":"Nunoa","zona":"Z-4C","zona_code":"Z-4C","nombre":"Z-4C","decreto":""},"geometry":{"type":"Polygon","coordinates":[[[-70.59902926459843,-33.4495659497659],[-70.59898442565672,-33.449797440826266],[-70.59914416619942,-33.45042410077366],[-70.59857526575718,-33.45048021933648],[-70.59840991940378,-33.44947007918464],[-70.59902926459843,-33.4495659497659]]]}},{"type":"Feature","properties":{"comuna":"Nunoa","zona":"Z-2","zona_code":"Z-2","nombre":"Z-2","decreto":""},"geometry":{"type":"Polygon","coordinates":[[[-70.59840991940378,-33.44947007918464],[-70.59857526575718,-33.45048021933648],[-70.5981745125627,-33.450522308520895],[-70.59800916704285,-33.44941162139769],[-70.59840991940378,-33.44947007918464]]]}},{"type":"Feature","properties":{"comuna":"Nunoa","zona":"PM y AP","zona_code":"PM y AP","nombre":"PM y AP","decreto":""},"geometry":{"type":"Polygon","coordinates":[[[-70.58221726618152,-33.43390963121913],[-70.58222567302451,-33.43402890573747],[-70.57976791024232,-33.43546252700325],[-70.57821814611084,-33.436229610195156],[-70.57764924469957,-33.43640267124313],[-70.57754835561654,-33.43635122075669],[-70.57908971330781,-33.435668330426246],[-70.58221726618152,-33.43390963121913]]]}},{"type":"Feature","properties":{"comuna":"Nunoa","zona":"PM y AP","zona_code":"PM y AP","nombre":"PM y AP","decreto":""},"geometry":{"type":"Polygon","coordinates":[[[-70.57724849158764,-33.43642371873435],[-70.57722326979282,-33.43649855583266],[-70.57569592530609,-33.436961606798576],[-70.57392490004932,-33.43775762380047],[-70.57593133310058,-33.43679322485435],[-70.57724849158764,-33.43642371873435]]]}},{"type":"Feature","properties":{"comuna":"Nunoa","zona":"Áreas verdes","zona_code":"Áreas verdes","nombre":"Áreas verdes","decreto":""},"geometry":{"type":"Polygon","coordinates":[[[-70.5742666672497,-33.4379297974595],[-70.57426386517311,-33.43829228231132],[-70.57369496435115,-33.438198738125145],[-70.5742666672497,-33.4379297974595]]]}},{"type":"Feature","properties":{"comuna":"Nunoa","zona":"Z-3A","zona_code":"Z-3A","nombre":"Z-3A","decreto":""},"geometry":{"type":"Polygon","coordinates":[[[-70.5742437990295,-33.438325957452236],[-70.57417743727716,-33.438707617031945],[-70.57352457432111,-33.43863577487993],[-70.57362322128,-33.438270579267645],[-70.5742437990295,-33.438325957452236]]]}},{"type":"Feature","properties":{"comuna":"Nunoa","zona":"Z-3A","zona_code":"Z-3A","nombre":"Z-3A","decreto":""},"geometry":{"type":"Polygon","coordinates":[[[-70.57412881039532,-33.43882602183941],[-70.57401402178782,-33.43922513978646],[-70.57343051045609,-33.43915596009425],[-70.57351660259057,-33.43874885940277],[-70.57412881039532,-33.43882602183941]]]}},{"type":"Feature","properties":{"comuna":"Nunoa","zona":"Z-3A","zona_code":"Z-3A","nombre":"Z-3A","decreto":""},"geometry":{"type":"Polygon","coordinates":[[[-70.57403953007605,-33.4393768047409],[-70.573915175897,-33.43999144111485],[-70.57363458057583,-33.439964833548],[-70.57366646596768,-33.43978390226489],[-70.5735516772198,-33.4397732591693],[-70.57352616830357,-33.43995419066744],[-70.57327427053492,-33.43992758331508],[-70.57340181398075,-33.43929165969622],[-70.57403953007605,-33.4393768047409]]]}},{"type":"Feature","properties":{"comuna":"Nunoa","zona":"Z-3A","zona_code":"Z-3A","nombre":"Z-3A","decreto":""},"geometry":{"type":"Polygon","coordinates":[[[-70.57376850061101,-33.44016172957845],[-70.57374299245353,-33.44037991156514],[-70.57396619340936,-33.440395875296694],[-70.57385140415477,-33.440723146233644],[-70.57317223507916,-33.440651307246895],[-70.57326789331536,-33.440108514593135],[-70.57376850061101,-33.44016172957845]]]}},{"type":"Feature","properties":{"comuna":"Nunoa","zona":"Áreas verdes","zona_code":"Áreas verdes","nombre":"Áreas verdes","decreto":""},"geometry":{"type":"Polygon","coordinates":[[[-70.57459753319924,-33.44018301608878],[-70.57455289282883,-33.44042514422084],[-70.57446680028475,-33.440417161422936],[-70.57449549809071,-33.44018301594095],[-70.57459753319924,-33.44018301608878]]]}},{"type":"Feature","properties":{"comuna":"Nunoa","zona":"Áreas verdes","zona_code":"Áreas verdes","nombre":"Áreas verdes","decreto":""},"geometry":{"type":"Polygon","coordinates":[[[-70.57472826465103,-33.439885011410176],[-70.5747027556736,-33.44012980053191],[-70.57461347572401,-33.440116496879824],[-70.57464217320093,-33.439863724779954],[-70.57472826465103,-33.439885011410176]]]}},{"type":"Feature","properties":{"comuna":"Nunoa","zona":"Z-4C","zona_code":"Z-4C","nombre":"Z-4C","decreto":""},"geometry":{"type":"Polygon","coordinates":[[[-70.57516828992674,-33.440300089230405],[-70.57508857467623,-33.440850862088],[-70.57385336074839,-33.44071402725048],[-70.5739757591399,-33.44036660731987],[-70.57383546118622,-33.440342660643914],[-70.57388010156015,-33.440180355428126],[-70.57443491525345,-33.44022292689527],[-70.57440940578685,-33.44038789328411],[-70.57420214837789,-33.44042514385467],[-70.57475058484489,-33.44049432334557],[-70.57462304160617,-33.44042248302961],[-70.57465492698326,-33.4402521950408],[-70.57516828992674,-33.440300089230405]]]}},{"type":"Feature","properties":{"comuna":"Nunoa","zona":"Z-4C","zona_code":"Z-4C","nombre":"Z-4C","decreto":""},"geometry":{"type":"Polygon","coordinates":[[[-70.57530858665893,-33.43951250373779],[-70.57520655243408,-33.440135122112096],[-70.57475058478444,-33.440081906927645],[-70.57478247110578,-33.439900975386266],[-70.57491001406075,-33.43984509981051],[-70.57447636651642,-33.439791884145656],[-70.57446042393532,-33.43985840334166],[-70.57457202411968,-33.43986372465129],[-70.5745560806527,-33.44004997834698],[-70.5740777931812,-33.44000474492637],[-70.57421490268158,-33.43937414352973],[-70.57530858665893,-33.43951250373779]]]}},{"type":"Feature","properties":{"comuna":"Nunoa","zona":"Z-4C","zona_code":"Z-4C","nombre":"Z-4C","decreto":""},"geometry":{"type":"Polygon","coordinates":[[[-70.57542975345244,-33.43896704428914],[-70.57530858754511,-33.43936616139542],[-70.57421171429583,-33.43924110499766],[-70.57433288004255,-33.438839325746955],[-70.57542975345244,-33.43896704428914]]]}},{"type":"Feature","properties":{"comuna":"Nunoa","zona":"Z-4C","zona_code":"Z-4C","nombre":"Z-4C","decreto":""},"geometry":{"type":"Polygon","coordinates":[[[-70.57551265662971,-33.43843488425431],[-70.57539149072035,-33.438852629844504],[-70.57430418250526,-33.43870096469288],[-70.57440621815653,-33.43835239959507],[-70.57551265662971,-33.43843488425431]]]}},{"type":"Feature","properties":{"comuna":"Nunoa","zona":"Z-4B","zona_code":"Z-4B","nombre":"Z-4B","decreto":""},"geometry":{"type":"Polygon","coordinates":[[[-70.575474393214,-33.4373253217516],[-70.57564338802356,-33.437687195430165],[-70.57556367436192,-33.43821137706795],[-70.57453376066881,-33.43815549929874],[-70.5745210067735,-33.43779362864577],[-70.575474393214,-33.4373253217516]]]}},{"type":"Feature","properties":{"comuna":"Nunoa","zona":"Z-4B","zona_code":"Z-4B","nombre":"Z-4B","decreto":""},"geometry":{"type":"Polygon","coordinates":[[[-70.57699853749143,-33.43672130886143],[-70.57706549748022,-33.43687031671627],[-70.57690925667488,-33.437644621755645],[-70.57584745755301,-33.4375621358086],[-70.57568802920119,-33.43718961908058],[-70.57699853749143,-33.43672130886143]]]}},{"type":"Feature","properties":{"comuna":"Nunoa","zona":"Z-5A","zona_code":"Z-5A","nombre":"Z-5A","decreto":""},"geometry":{"type":"Polygon","coordinates":[[[-70.57686461610442,-33.43776968115756],[-70.57681997653181,-33.43823000279251],[-70.5757294800235,-33.43822468063634],[-70.57582194900313,-33.437700499129456],[-70.57686461610442,-33.43776968115756]]]}},{"type":"Feature","properties":{"comuna":"Nunoa","zona":"Áreas verdes","zona_code":"Áreas verdes","nombre":"Áreas verdes","decreto":""},"geometry":{"type":"Polygon","coordinates":[[[-70.5779933753417,-33.43775371546394],[-70.57795511240745,-33.43819541174344],[-70.57695389652568,-33.43824064577088],[-70.57703361086448,-33.43775637696186],[-70.5779933753417,-33.43775371546394]]]}},{"type":"Feature","properties":{"comuna":"Nunoa","zona":"Z-4B","zona_code":"Z-4B","nombre":"Z-4B","decreto":""},"geometry":{"type":"Polygon","coordinates":[[[-70.57807627903237,-33.43643925818582],[-70.57799018697301,-33.43760470913208],[-70.57709738324039,-33.437639299829165],[-70.57719622948835,-33.43667607421124],[-70.57807627903237,-33.43643925818582]]]}},{"type":"Feature","properties":{"comuna":"Nunoa","zona":"Z-4B","zona_code":"Z-4B","nombre":"Z-4B","decreto":""},"geometry":{"type":"Polygon","coordinates":[[[-70.57949201049803,-33.435808630616776],[-70.57978217101697,-33.43662551803017],[-70.57826759322418,-33.437043272845365],[-70.57828672529016,-33.43637539703809],[-70.57949201049803,-33.435808630616776]]]}},{"type":"Feature","properties":{"comuna":"Nunoa","zona":"Z-5A","zona_code":"Z-5A","nombre":"Z-5A","decreto":""},"geometry":{"type":"Polygon","coordinates":[[[-70.57984275454318,-33.436779847939604],[-70.58012016093025,-33.4376712299813],[-70.57923373451355,-33.43794263443959],[-70.57815918188237,-33.43813421297463],[-70.57827397108863,-33.43720824441245],[-70.57984275454318,-33.436779847939604]]]}},{"type":"Feature","properties":{"comuna":"Nunoa","zona":"Z-4B","zona_code":"Z-4B","nombre":"Z-4B","decreto":""},"geometry":{"type":"Polygon","coordinates":[[[-70.58058569451525,-33.435207268532515],[-70.58108630228593,-33.43599489189922],[-70.57998624045976,-33.4365536746238],[-70.57973115430865,-33.43568090751968],[-70.58058569451525,-33.435207268532515]]]}},{"type":"Feature","properties":{"comuna":"Nunoa","zona":"Z-5A","zona_code":"Z-5A","nombre":"Z-5A","decreto":""},"geometry":{"type":"Polygon","coordinates":[[[-70.58114369700893,-33.436133257791354],[-70.58160285315495,-33.43692087349077],[-70.58080570702016,-33.43737055647062],[-70.58063990014718,-33.43710713299134],[-70.58057612913092,-33.43713906296931],[-70.58072280368562,-33.437391842555314],[-70.58034973914219,-33.43755415381826],[-70.58006914382824,-33.436694701058364],[-70.58114369700893,-33.436133257791354]]]}},{"type":"Feature","properties":{"comuna":"Nunoa","zona":"Z-4B","zona_code":"Z-4B","nombre":"Z-4B","decreto":""},"geometry":{"type":"Polygon","coordinates":[[[-70.58152951581751,-33.43467508571442],[-70.5821289691727,-33.43532168702379],[-70.58125848650126,-33.43586983059416],[-70.58082165003916,-33.4350609186587],[-70.58152951581751,-33.43467508571442]]]}},{"type":"Feature","properties":{"comuna":"Nunoa","zona":"Z-5A","zona_code":"Z-5A","nombre":"Z-5A","decreto":""},"geometry":{"type":"Polygon","coordinates":[[[-70.58218955273806,-33.435473358043296],[-70.58249246872506,-33.43579000393102],[-70.58216404359796,-33.435986909865456],[-70.58224375828411,-33.43607471833349],[-70.58259769130645,-33.435877813081845],[-70.58278262962308,-33.436146562173086],[-70.58182286558781,-33.43678517015621],[-70.58135095527344,-33.43600021422891],[-70.58218955273806,-33.435473358043296]]]}},{"type":"Feature","properties":{"comuna":"Nunoa","zona":"Z-4B","zona_code":"Z-4B","nombre":"Z-4B","decreto":""},"geometry":{"type":"Polygon","coordinates":[[[-70.58233941634268,-33.43419877927014],[-70.58291017292636,-33.43482675840695],[-70.58226607881882,-33.43524452031759],[-70.58166981314602,-33.434550022040426],[-70.58233941634268,-33.43419877927014]]]}},{"type":"Feature","properties":{"comuna":"Nunoa","zona":"Z-5A","zona_code":"Z-5A","nombre":"Z-5A","decreto":""},"geometry":{"type":"Polygon","coordinates":[[[-70.58305365954513,-33.4349757689644],[-70.58367224466132,-33.43566760340272],[-70.582983510144,-33.436082700688054],[-70.58235217035784,-33.435332330329885],[-70.58305365954513,-33.4349757689644]]]}},{"type":"Feature","properties":{"comuna":"Nunoa","zona":"Z-5A","zona_code":"Z-5A","nombre":"Z-5A","decreto":""},"geometry":{"type":"Polygon","coordinates":[[[-70.58380616494254,-33.43582459563021],[-70.58443431571202,-33.436543031559005],[-70.58375514717874,-33.43695546410307],[-70.58311105344849,-33.43623969301363],[-70.58380616494254,-33.43582459563021]]]}},{"type":"Feature","properties":{"comuna":"Nunoa","zona":"Z-5A","zona_code":"Z-5A","nombre":"Z-5A","decreto":""},"geometry":{"type":"Polygon","coordinates":[[[-70.58298351034522,-33.43633548413148],[-70.58328961475127,-33.43666543082177],[-70.58280176076434,-33.4369528038981],[-70.58287191027382,-33.437035289631346],[-70.583315123011,-33.43673993510927],[-70.58362441599361,-33.43702996812981],[-70.58240956542434,-33.43780693195202],[-70.58194721982233,-33.43699005500355],[-70.58298351034522,-33.43633548413148]]]}},{"type":"Feature","properties":{"comuna":"Nunoa","zona":"Z-5A","zona_code":"Z-5A","nombre":"Z-5A","decreto":""},"geometry":{"type":"Polygon","coordinates":[[[-70.58173358481326,-33.43714704536068],[-70.58220549610179,-33.43793997357582],[-70.58168575651077,-33.43821669814224],[-70.5812138458155,-33.43743175550107],[-70.58173358481326,-33.43714704536068]]]}},{"type":"Feature","properties":{"comuna":"Nunoa","zona":"Z-5A","zona_code":"Z-5A","nombre":"Z-5A","decreto":""},"geometry":{"type":"Polygon","coordinates":[[[-70.5810894908901,-33.43747432896221],[-70.5815869103506,-33.438256610038216],[-70.58067178632163,-33.438639766073365],[-70.580419888514,-33.43775637625193],[-70.5810894908901,-33.43747432896221]]]}},{"type":"Feature","properties":{"comuna":"Nunoa","zona":"Z-5A","zona_code":"Z-5A","nombre":"Z-5A","decreto":""},"geometry":{"type":"Polygon","coordinates":[[[-70.58017436770345,-33.43788675673727],[-70.58043264235945,-33.43874885906426],[-70.57920503749189,-33.439041545718545],[-70.57924011140614,-33.43816348203124],[-70.58017436770345,-33.43788675673727]]]}},{"type":"Feature","properties":{"comuna":"Nunoa","zona":"Z-5A","zona_code":"Z-5A","nombre":"Z-5A","decreto":""},"geometry":{"type":"Polygon","coordinates":[[[-70.57902010003922,-33.4382406452234],[-70.5789690818289,-33.43911072684077],[-70.5780284501714,-33.43925973027562],[-70.57814323867005,-33.43836038242783],[-70.57902010003922,-33.4382406452234]]]}},{"type":"Feature","properties":{"comuna":"Nunoa","zona":"Z-5A","zona_code":"Z-5A","nombre":"Z-5A","decreto":""},"geometry":{"type":"Polygon","coordinates":[[[-70.57787539737494,-33.438384328846105],[-70.57775423144955,-33.43927303387926],[-70.57733652683513,-33.43931294579694],[-70.57734290387911,-33.43896172201495],[-70.57727913205407,-33.439307624613406],[-70.57676258161104,-33.43940873364058],[-70.57694114265028,-33.4384348846271],[-70.57787539737494,-33.438384328846105]]]}},{"type":"Feature","properties":{"comuna":"Nunoa","zona":"Z-5A","zona_code":"Z-5A","nombre":"Z-5A","decreto":""},"geometry":{"type":"Polygon","coordinates":[[[-70.57677852423336,-33.43845883139558],[-70.57667648948508,-33.43900961671619],[-70.5756019366411,-33.438823361391464],[-70.57567527466537,-33.438474796574575],[-70.57579325151343,-33.43843488429824],[-70.57677852423336,-33.43845883139558]]]}},{"type":"Feature","properties":{"comuna":"Nunoa","zona":"Z-5A","zona_code":"Z-5A","nombre":"Z-5A","decreto":""},"geometry":{"type":"Polygon","coordinates":[[[-70.57662866093963,-33.43910008324495],[-70.57659677486505,-33.43947791369399],[-70.57652343747645,-33.43951250375283],[-70.57549033627035,-33.43937680426696],[-70.57557961667787,-33.43899099119445],[-70.57662866093963,-33.43910008324495]]]}},{"type":"Feature","properties":{"comuna":"Nunoa","zona":"Z-5A","zona_code":"Z-5A","nombre":"Z-5A","decreto":""},"geometry":{"type":"Polygon","coordinates":[[[-70.57773828815338,-33.43943800268799],[-70.57764581972903,-33.440236230624976],[-70.57662866095603,-33.440270820655144],[-70.57673707258367,-33.43966948925675],[-70.57712289171172,-33.43946993198998],[-70.57773828815338,-33.43943800268799]]]}},{"type":"Feature","properties":{"comuna":"Nunoa","zona":"Z-5A","zona_code":"Z-5A","nombre":"Z-5A","decreto":""},"geometry":{"type":"Polygon","coordinates":[[[-70.57894995067196,-33.439257069213326],[-70.57899459084786,-33.4397173834563],[-70.5785673206607,-33.439786563376195],[-70.57898502558692,-33.439778580475725],[-70.57897227124916,-33.44011117586816],[-70.57789134079644,-33.44019898067326],[-70.57801569492742,-33.439408733869364],[-70.57894995067196,-33.439257069213326]]]}},{"type":"Feature","properties":{"comuna":"Nunoa","zona":"Z-5A","zona_code":"Z-5A","nombre":"Z-5A","decreto":""},"geometry":{"type":"Polygon","coordinates":[[[-70.58048684857064,-33.43888721984033],[-70.58084715904923,-33.439924922198706],[-70.57916358547908,-33.44008190689902],[-70.57922098002142,-33.43920917569911],[-70.58048684857064,-33.43888721984033]]]}},{"type":"Feature","properties":{"comuna":"Nunoa","zona":"Z-5A","zona_code":"Z-5A","nombre":"Z-5A","decreto":""},"geometry":{"type":"Polygon","coordinates":[[[-70.58162836229198,-33.438405615958764],[-70.58213534684148,-33.43920119278886],[-70.58176228230028,-33.43942469805414],[-70.58157415571614,-33.43903888553367],[-70.58150719533005,-33.43907081429667],[-70.58173358468308,-33.439461949336845],[-70.58145936703322,-33.43966682865874],[-70.58126805204282,-33.43916394184322],[-70.58115963989138,-33.43917724583366],[-70.58136689746776,-33.43971738282053],[-70.58110224533105,-33.439900975935046],[-70.5807515010979,-33.43880473582896],[-70.58162836229198,-33.438405615958764]]]}},{"type":"Feature","properties":{"comuna":"Nunoa","zona":"Z-5A","zona_code":"Z-5A","nombre":"Z-5A","decreto":""},"geometry":{"type":"Polygon","coordinates":[[[-70.58230434205932,-33.43806503173326],[-70.58271248022322,-33.43879143135027],[-70.58251478778051,-33.43892713187619],[-70.58231709561942,-33.43858921113807],[-70.58224056969802,-33.43862646236146],[-70.5824255082187,-33.438969704509795],[-70.58222462748331,-33.43911072643802],[-70.58175909370036,-33.43833909525556],[-70.58230434205932,-33.43806503173326]]]}},{"type":"Feature","properties":{"comuna":"Nunoa","zona":"Z-5A","zona_code":"Z-5A","nombre":"Z-5A","decreto":""},"geometry":{"type":"Polygon","coordinates":[[[-70.5837551481532,-33.43717631428676],[-70.58401023461685,-33.43743707689985],[-70.58322584243118,-33.437918687119264],[-70.5833278776705,-33.438017137371126],[-70.58404530873865,-33.437562135780794],[-70.58437373312078,-33.43788143502756],[-70.58292292671965,-33.438642427008574],[-70.58251797645227,-33.43789740051552],[-70.5837551481532,-33.43717631428676]]]}},{"type":"Feature","properties":{"comuna":"Nunoa","zona":"Z-5A","zona_code":"Z-5A","nombre":"Z-5A","decreto":""},"geometry":{"type":"Polygon","coordinates":[[[-70.58452359648648,-33.4366574485431],[-70.58480738067507,-33.43696078649134],[-70.58448533393211,-33.43717365348454],[-70.5845682371024,-33.43725880070129],[-70.58492854719108,-33.43703528969777],[-70.58520276481497,-33.43738652111091],[-70.58447257952493,-33.437761698371055],[-70.5838667485281,-33.437064558786865],[-70.58452359648648,-33.4366574485431]]]}},{"type":"Feature","properties":{"comuna":"Nunoa","zona":"Z-5A","zona_code":"Z-5A","nombre":"Z-5A","decreto":""},"geometry":{"type":"Polygon","coordinates":[[[-70.58532333368535,-33.437525217139836],[-70.58587635396471,-33.438111429626375],[-70.5851439759487,-33.43850223618233],[-70.5846108837068,-33.437932656253714],[-70.58532333368535,-33.437525217139836]]]}},{"type":"Feature","properties":{"comuna":"Nunoa","zona":"Z-5A","zona_code":"Z-5A","nombre":"Z-5A","decreto":""},"geometry":{"type":"Polygon","coordinates":[[[-70.58595208210822,-33.43825394964777],[-70.58693097756833,-33.439379465519885],[-70.58664400546368,-33.439515164478095],[-70.58636022151897,-33.43921183650549],[-70.58628050641667,-33.43925440855718],[-70.58652921647581,-33.43956039773248],[-70.58620716925756,-33.439693435882596],[-70.58524421649831,-33.43860517634924],[-70.58595208210822,-33.43825394964777]]]}},{"type":"Feature","properties":{"comuna":"Nunoa","zona":"Z-5A","zona_code":"Z-5A","nombre":"Z-5A","decreto":""},"geometry":{"type":"Polygon","coordinates":[[[-70.58446301387855,-33.43801979760608],[-70.58499231857569,-33.43857058539897],[-70.58333425505475,-33.43944332414982],[-70.58303771664366,-33.4388233608674],[-70.58446301387855,-33.43801979760608]]]}},{"type":"Feature","properties":{"comuna":"Nunoa","zona":"Z-5A","zona_code":"Z-5A","nombre":"Z-5A","decreto":""},"geometry":{"type":"Polygon","coordinates":[[[-70.58511986170049,-33.43871692928798],[-70.58557582945623,-33.43927037356383],[-70.58371688434337,-33.44000740572354],[-70.583442666075,-33.43957104043399],[-70.58511986170049,-33.43871692928798]]]}},{"type":"Feature","properties":{"comuna":"Nunoa","zona":"Z-5A","zona_code":"Z-5A","nombre":"Z-5A","decreto":""},"geometry":{"type":"Polygon","coordinates":[[[-70.58565554414527,-33.43934753620222],[-70.58605730613735,-33.43976793743413],[-70.58449808804752,-33.44041716135452],[-70.58403574267476,-33.440502305537876],[-70.58378384539725,-33.440161729567485],[-70.58565554414527,-33.43934753620222]]]}},{"type":"Feature","properties":{"comuna":"Nunoa","zona":"Áreas verdes","zona_code":"Áreas verdes","nombre":"Áreas verdes","decreto":""},"geometry":{"type":"Polygon","coordinates":[[[-70.58449808697208,-33.44041716136826],[-70.58444707032656,-33.44047835909761],[-70.58406762889437,-33.440616717387925],[-70.58403574375019,-33.44050230552413],[-70.58449808697208,-33.44041716136826]]]}},{"type":"Feature","properties":{"comuna":"Nunoa","zona":"Áreas verdes","zona_code":"Áreas verdes","nombre":"Áreas verdes","decreto":""},"geometry":{"type":"Polygon","coordinates":[[[-70.5841138656728,-33.440765663005536],[-70.58439597194565,-33.4406839248795],[-70.58410341767488,-33.440795089077845],[-70.5841138656728,-33.440765663005536]]]}},{"type":"Feature","properties":{"comuna":"Nunoa","zona":"Áreas verdes","zona_code":"Áreas verdes","nombre":"Áreas verdes","decreto":""},"geometry":{"type":"Polygon","coordinates":[[[-70.5871552576449,-33.43953682047355],[-70.58755016098428,-33.440120991521596],[-70.5875546482521,-33.44018839597315],[-70.58746938546663,-33.44018277892419],[-70.58711038251946,-33.43960984219288],[-70.5871552576449,-33.43953682047355]]]}},{"type":"Feature","properties":{"comuna":"Nunoa","zona":"Z-5A","zona_code":"Z-5A","nombre":"Z-5A","decreto":""},"geometry":{"type":"Polygon","coordinates":[[[-70.58283544569211,-33.438988804347716],[-70.58322810503476,-33.439667533689054],[-70.5828705044548,-33.439828438525076],[-70.58267066946219,-33.4394861493507],[-70.58247784478908,-33.43955051184206],[-70.58230956243926,-33.43929013727545],[-70.58283544569211,-33.438988804347716]]]}},{"type":"Feature","properties":{"comuna":"Nunoa","zona":"Z-5A","zona_code":"Z-5A","nombre":"Z-5A","decreto":""},"geometry":{"type":"Polygon","coordinates":[[[-70.58222892731173,-33.43936912749538],[-70.58241473930242,-33.4396090222624],[-70.58230605696217,-33.43971434252112],[-70.5825865282407,-33.43960609732834],[-70.58277935129786,-33.43987817248383],[-70.58139803287257,-33.44061833034422],[-70.58116313801062,-33.44011221519861],[-70.58222892731173,-33.43936912749538]]]}},{"type":"Feature","properties":{"comuna":"Nunoa","zona":"Z-5A","zona_code":"Z-5A","nombre":"Z-5A","decreto":""},"geometry":{"type":"Polygon","coordinates":[[[-70.58326666970487,-33.43977577850839],[-70.58383462292277,-33.440685616664865],[-70.5835261048636,-33.44080556262142],[-70.58289855195586,-33.439886948810276],[-70.58326666970487,-33.43977577850839]]]}},{"type":"Feature","properties":{"comuna":"Nunoa","zona":"Z-5A","zona_code":"Z-5A","nombre":"Z-5A","decreto":""},"geometry":{"type":"Polygon","coordinates":[[[-70.58281441012129,-33.4399366834662],[-70.5834209285993,-33.44084359445021],[-70.58238669229802,-33.44124438769854],[-70.58201506866676,-33.44045742664238],[-70.58281441012129,-33.4399366834662]]]}},{"type":"Feature","properties":{"comuna":"Nunoa","zona":"Z-5A","zona_code":"Z-5A","nombre":"Z-5A","decreto":""},"geometry":{"type":"Polygon","coordinates":[[[-70.58193443334395,-33.440513012186976],[-70.58232358657152,-33.441279493591765],[-70.58165396227494,-33.44153401047593],[-70.58150320879658,-33.44080263752798],[-70.58193443334395,-33.440513012186976]]]}},{"type":"Feature","properties":{"comuna":"Nunoa","zona":"Z-5A","zona_code":"Z-5A","nombre":"Z-5A","decreto":""},"geometry":{"type":"Polygon","coordinates":[[[-70.58128233806117,-33.44102790113087],[-70.5814225739128,-33.4415691162303],[-70.57931553640147,-33.44212203069278],[-70.57938565349417,-33.44150475642593],[-70.58128233806117,-33.44102790113087]]]}},{"type":"Feature","properties":{"comuna":"Nunoa","zona":"Z-5A","zona_code":"Z-5A","nombre":"Z-5A","decreto":""},"geometry":{"type":"Polygon","coordinates":[[[-70.58087916178187,-33.44013269354523],[-70.58124727933205,-33.440948912582826],[-70.58053207856565,-33.441130293864724],[-70.58056363166486,-33.440176576681864],[-70.58087916178187,-33.44013269354523]]]}},{"type":"Feature","properties":{"comuna":"Nunoa","zona":"Áreas verdes","zona_code":"Áreas verdes","nombre":"Áreas verdes","decreto":""},"geometry":{"type":"Polygon","coordinates":[[[-70.5804837122728,-33.44085506794617],[-70.58058116108211,-33.440864073260514],[-70.58053207856565,-33.441130293864724],[-70.58040586704601,-33.44113029386357],[-70.5804837122728,-33.44085506794617]]]}},{"type":"Feature","properties":{"comuna":"Nunoa","zona":"Áreas verdes","zona_code":"Áreas verdes","nombre":"Áreas verdes","decreto":""},"geometry":{"type":"Polygon","coordinates":[[[-70.58049095204873,-33.440177685355664],[-70.58046658813942,-33.44027077883891],[-70.58004476075664,-33.44029137469824],[-70.58006271071747,-33.44020711897712],[-70.58049095204873,-33.440177685355664]]]}},{"type":"Feature","properties":{"comuna":"Nunoa","zona":"Z-5A","zona_code":"Z-5A","nombre":"Z-5A","decreto":""},"geometry":{"type":"Polygon","coordinates":[[[-70.57911135378863,-33.44022958713053],[-70.58050921967097,-33.44010788559885],[-70.58049095312418,-33.44017768534195],[-70.58006271071747,-33.44020711897712],[-70.58004476075664,-33.44029137469824],[-70.58046658813942,-33.44027077883891],[-70.5803162561233,-33.441135793779495],[-70.57970146346506,-33.44125562151082],[-70.57956683829943,-33.44097851904885],[-70.57933797424603,-33.44102532706764],[-70.57922802963061,-33.441156388413994],[-70.57899243398295,-33.44114328225011],[-70.57911135378863,-33.44022958713053]]]}},{"type":"Feature","properties":{"comuna":"Nunoa","zona":"Áreas verdes","zona_code":"Áreas verdes","nombre":"Áreas verdes","decreto":""},"geometry":{"type":"MultiPolygon","coordinates":[[[[-70.57922802963061,-33.441156388413994],[-70.57940528644076,-33.44114515539191],[-70.5795556190286,-33.44108524121603],[-70.57962293278082,-33.44132115219264],[-70.5792818797938,-33.441487788155776],[-70.57918764177342,-33.442159944346024],[-70.57869625608649,-33.442309728046894],[-70.57860650567392,-33.44226104879311],[-70.57872318143794,-33.441431618879484],[-70.57891838899269,-33.44143349164602],[-70.57899252551276,-33.441142278240314],[-70.57922802963061,-33.441156388413994]]],[[[-70.57933719242939,-33.4411465404705],[-70.57931329259524,-33.441147027083765],[-70.57936265510328,-33.44114515465212],[-70.57933719242939,-33.4411465404705]]]]}},{"type":"Feature","properties":{"comuna":"Nunoa","zona":"Z-5A","zona_code":"Z-5A","nombre":"Z-5A","decreto":""},"geometry":{"type":"Polygon","coordinates":[[[-70.57854143646888,-33.44207381877001],[-70.57849880539176,-33.4423134722133],[-70.57761924827145,-33.44245951119854],[-70.57768656161872,-33.44200267166056],[-70.57854143646888,-33.44207381877001]]]}},{"type":"Feature","properties":{"comuna":"Nunoa","zona":"Áreas verdes","zona_code":"Áreas verdes","nombre":"Áreas verdes","decreto":""},"geometry":{"type":"Polygon","coordinates":[[[-70.57754969186058,-33.44262427200627],[-70.5776955366908,-33.442646739641866],[-70.57752501030062,-33.44270103578938],[-70.57754969186058,-33.44262427200627]]]}},{"type":"Feature","properties":{"comuna":"Nunoa","zona":"Z-5A","zona_code":"Z-5A","nombre":"Z-5A","decreto":""},"geometry":{"type":"Polygon","coordinates":[[[-70.57857733684752,-33.441693741905276],[-70.57855489913794,-33.441982076515586],[-70.57767983014953,-33.441901567449754],[-70.57769778043338,-33.44164880624963],[-70.57857733684752,-33.441693741905276]]]}},{"type":"Feature","properties":{"comuna":"Nunoa","zona":"Z-5A","zona_code":"Z-5A","nombre":"Z-5A","decreto":""},"geometry":{"type":"Polygon","coordinates":[[[-70.57901403024444,-33.440270193686196],[-70.57885626563213,-33.44137310928245],[-70.57864591222642,-33.44136725826389],[-70.5786003352977,-33.44160714767037],[-70.57769581686,-33.4415427876674],[-70.57783605189229,-33.44033162958715],[-70.57901403024444,-33.440270193686196]]]}},{"type":"Feature","properties":{"comuna":"Nunoa","zona":"Z-4C","zona_code":"Z-4C","nombre":"Z-4C","decreto":""},"geometry":{"type":"Polygon","coordinates":[[[-70.57504536763525,-33.44097231692177],[-70.57495772026992,-33.44129997177878],[-70.57380428336283,-33.44120050524612],[-70.57384284852114,-33.440849445584846],[-70.57504536763525,-33.44097231692177]]]}},{"type":"Feature","properties":{"comuna":"Nunoa","zona":"Z-4C","zona_code":"Z-4C","nombre":"Z-4C","decreto":""},"geometry":{"type":"Polygon","coordinates":[[[-70.57498576680915,-33.44138773688303],[-70.5748735790477,-33.4420167137697],[-70.57451597824945,-33.44187336581883],[-70.5745966141369,-33.441358482051434],[-70.57498576680915,-33.44138773688303]]]}},{"type":"Feature","properties":{"comuna":"Nunoa","zona":"Z-4C","zona_code":"Z-4C","nombre":"Z-4C","decreto":""},"geometry":{"type":"Polygon","coordinates":[[[-70.57447741399537,-33.44132337577748],[-70.57442132009827,-33.44182070737501],[-70.57367106057943,-33.44152523413301],[-70.57382531920872,-33.44125901558514],[-70.57447741399537,-33.44132337577748]]]}},{"type":"Feature","properties":{"comuna":"Nunoa","zona":"Z-3A","zona_code":"Z-3A","nombre":"Z-3A","decreto":""},"geometry":{"type":"Polygon","coordinates":[[[-70.57382465467298,-33.44126016123978],[-70.57367119618914,-33.441524999737275],[-70.57352030675634,-33.441463799627385],[-70.57357640107872,-33.44125608946244],[-70.57382465467298,-33.44126016123978]]]}},{"type":"Feature","properties":{"comuna":"Nunoa","zona":"Z-3A","zona_code":"Z-3A","nombre":"Z-3A","decreto":""},"geometry":{"type":"Polygon","coordinates":[[[-70.57384182267302,-33.44085411209693],[-70.57380428336283,-33.44120050524612],[-70.57351988578313,-33.441173239612695],[-70.57344584169037,-33.441414768357674],[-70.5730621580658,-33.441369832964895],[-70.57314742079416,-33.440781925251905],[-70.57384182267302,-33.44085411209693]]]}},{"type":"Feature","properties":{"comuna":"Nunoa","zona":"Z-5A","zona_code":"Z-5A","nombre":"Z-5A","decreto":""},"geometry":{"type":"Polygon","coordinates":[[[-70.5765287779684,-33.43964728871362],[-70.57645697715128,-33.440240821605414],[-70.57602392992018,-33.44019775757989],[-70.5760441235924,-33.44000865131816],[-70.57585340414393,-33.439980566301166],[-70.5758152593066,-33.44017528918269],[-70.57538669983077,-33.44013784295679],[-70.57549664459617,-33.439525586171065],[-70.5765287779684,-33.43964728871362]]]}},{"type":"Feature","properties":{"comuna":"Nunoa","zona":"Áreas verdes","zona_code":"Áreas verdes","nombre":"Áreas verdes","decreto":""},"geometry":{"type":"MultiPolygon","coordinates":[[[[-70.57602393919083,-33.44019767539471],[-70.5758152593066,-33.44017528918269],[-70.57585340414393,-33.439980566301166],[-70.5760441235924,-33.44000865131816],[-70.57602393919083,-33.44019767539471]]],[[[-70.57603446486307,-33.44019880507421],[-70.57602392992018,-33.44019775757989],[-70.57602393919083,-33.44019767539471],[-70.57603446486307,-33.44019880507421]]]]}},{"type":"Feature","properties":{"comuna":"Nunoa","zona":"Áreas verdes","zona_code":"Áreas verdes","nombre":"Áreas verdes","decreto":""},"geometry":{"type":"Polygon","coordinates":[[[-70.57647879365128,-33.4403997241625],[-70.57642181294493,-33.440451106754004],[-70.5762811982585,-33.44040279198975],[-70.576339098152,-33.44037748346216],[-70.57647879365128,-33.4403997241625]]]}},{"type":"Feature","properties":{"comuna":"Nunoa","zona":"Áreas verdes","zona_code":"Áreas verdes","nombre":"Áreas verdes","decreto":""},"geometry":{"type":"Polygon","coordinates":[[[-70.57583821822725,-33.44036061205506],[-70.57581799852457,-33.44049405351122],[-70.5756608414896,-33.44048408434903],[-70.57567278977494,-33.44034757446184],[-70.57583821822725,-33.44036061205506]]]}},{"type":"Feature","properties":{"comuna":"Nunoa","zona":"Z-5A","zona_code":"Z-5A","nombre":"Z-5A","decreto":""},"geometry":{"type":"Polygon","coordinates":[[[-70.57762373600455,-33.44042805492621],[-70.57753847313744,-33.441109580591906],[-70.57715254512796,-33.441049667216085],[-70.57725127019825,-33.44043928880459],[-70.57762373600455,-33.44042805492621]]]}},{"type":"Feature","properties":{"comuna":"Nunoa","zona":"Z-5A","zona_code":"Z-5A","nombre":"Z-5A","decreto":""},"geometry":{"type":"Polygon","coordinates":[[[-70.57668584170457,-33.44045239480165],[-70.57716825161317,-33.44050482003681],[-70.57707401321598,-33.44106839000505],[-70.5762101629721,-33.44092422108705],[-70.57627523199535,-33.4405628621589],[-70.5765669218061,-33.44059656438637],[-70.57654897197861,-33.44070515937667],[-70.57664994158722,-33.44071639385324],[-70.57668584170457,-33.44045239480165]]]}},{"type":"Feature","properties":{"comuna":"Nunoa","zona":"Z-5A","zona_code":"Z-5A","nombre":"Z-5A","decreto":""},"geometry":{"type":"Polygon","coordinates":[[[-70.57616528697442,-33.440403714554876],[-70.57608002464588,-33.44093732792621],[-70.57523861177314,-33.44085681815742],[-70.57533509411729,-33.44033818294714],[-70.57561556408729,-33.44035877837088],[-70.57562005236832,-33.44051979877943],[-70.57586013470517,-33.440544139077346],[-70.57589379207934,-33.44036626817447],[-70.57616528697442,-33.440403714554876]]]}},{"type":"Feature","properties":{"comuna":"Nunoa","zona":"Z-5A","zona_code":"Z-5A","nombre":"Z-5A","decreto":""},"geometry":{"type":"Polygon","coordinates":[[[-70.57586925081216,-33.44195235354226],[-70.57561332073308,-33.44227708020376],[-70.57502082653343,-33.44211032906217],[-70.5750909436188,-33.44178560151453],[-70.57586925081216,-33.44195235354226]]]}},{"type":"Feature","properties":{"comuna":"Nunoa","zona":"Z-5A","zona_code":"Z-5A","nombre":"Z-5A","decreto":""},"geometry":{"type":"Polygon","coordinates":[[[-70.57597092104903,-33.44149012877037],[-70.57585522673068,-33.44185581320518],[-70.57510847321701,-33.441706614015466],[-70.57513301423026,-33.441422842566446],[-70.57597092104903,-33.44149012877037]]]}},{"type":"Feature","properties":{"comuna":"Nunoa","zona":"Z-5A","zona_code":"Z-5A","nombre":"Z-5A","decreto":""},"geometry":{"type":"Polygon","coordinates":[[[-70.57602000345761,-33.441077634216754],[-70.575984944722,-33.441405289501056],[-70.5751470375313,-33.44131752532745],[-70.57519612043201,-33.44101327333322],[-70.57602000345761,-33.441077634216754]]]}},{"type":"Feature","properties":{"comuna":"Nunoa","zona":"Z-5A","zona_code":"Z-5A","nombre":"Z-5A","decreto":""},"geometry":{"type":"Polygon","coordinates":[[[-70.57750257305491,-33.441221920356845],[-70.5773993595754,-33.44242580982599],[-70.57581077258878,-33.44229849470381],[-70.5760059801559,-33.44197645955711],[-70.57617874968216,-33.44113204876072],[-70.57750257305491,-33.441221920356845]]]}},{"type":"Feature","properties":{"comuna":"Nunoa","zona":"Z-5A","zona_code":"Z-5A","nombre":"Z-5A","decreto":""},"geometry":{"type":"Polygon","coordinates":[[[-70.58538531966902,-33.44032961875416],[-70.58666715936202,-33.442414027715316],[-70.58593859230999,-33.442729427593946],[-70.58459649576427,-33.44064502537816],[-70.58538531966902,-33.44032961875416]]]}},{"type":"Feature","properties":{"comuna":"Nunoa","zona":"Z-5A","zona_code":"Z-5A","nombre":"Z-5A","decreto":""},"geometry":{"type":"Polygon","coordinates":[[[-70.58630013782016,-33.44002792376694],[-70.58725329993858,-33.44163695083586],[-70.5873628584514,-33.44158666953602],[-70.58760388895634,-33.44198435143813],[-70.58676576307894,-33.442304323512744],[-70.58548940136727,-33.44026562275689],[-70.58630013782016,-33.44002792376694]]]}},{"type":"Feature","properties":{"comuna":"Nunoa","zona":"Z-5A","zona_code":"Z-5A","nombre":"Z-5A","decreto":""},"geometry":{"type":"Polygon","coordinates":[[[-70.58699035878011,-33.43968965798841],[-70.58743407222826,-33.440352474283124],[-70.58758197635424,-33.440334189614845],[-70.58840366929194,-33.441595811430055],[-70.58772440295301,-33.441892930233],[-70.58695201296096,-33.44060845694714],[-70.5868369759527,-33.44067245188369],[-70.58637135007808,-33.4399045025707],[-70.58699035878011,-33.43968965798841]]]}},{"type":"Feature","properties":{"comuna":"Nunoa","zona":"Áreas verdes","zona_code":"Áreas verdes","nombre":"Áreas verdes","decreto":""},"geometry":{"type":"Polygon","coordinates":[[[-70.58735818410592,-33.44154058690599],[-70.58726915175285,-33.44157294114163],[-70.58687568476692,-33.440937852245824],[-70.58728351113578,-33.44140278542673],[-70.58735818410592,-33.44154058690599]]]}},{"type":"Feature","properties":{"comuna":"Nunoa","zona":"Áreas verdes","zona_code":"Áreas verdes","nombre":"Áreas verdes","decreto":""},"geometry":{"type":"Polygon","coordinates":[[[-70.58734956836136,-33.44134167266525],[-70.58690440451285,-33.440780876166514],[-70.58686850492914,-33.440687410237835],[-70.58702359411728,-33.44077608320608],[-70.58734956836136,-33.44134167266525]]]}},{"type":"Feature","properties":{"comuna":"Nunoa","zona":"Z-5A","zona_code":"Z-5A","nombre":"Z-5A","decreto":""},"geometry":{"type":"Polygon","coordinates":[[[-70.58444311336497,-33.440809585086164],[-70.58568660688647,-33.44279799240133],[-70.58568660751358,-33.44284827340518],[-70.58473344422822,-33.44314538788673],[-70.58442667983921,-33.44313624554188],[-70.58417469386839,-33.44092386259497],[-70.58444311336497,-33.440809585086164]]]}},{"type":"Feature","properties":{"comuna":"Nunoa","zona":"Z-5A","zona_code":"Z-5A","nombre":"Z-5A","decreto":""},"geometry":{"type":"Polygon","coordinates":[[[-70.58855003948983,-33.44177097473231],[-70.58931081672037,-33.443017217512725],[-70.5886762511226,-33.443292207466065],[-70.58784886225548,-33.44206644683717],[-70.58855003948983,-33.44177097473231]]]}},{"type":"Feature","properties":{"comuna":"Nunoa","zona":"Z-5A","zona_code":"Z-5A","nombre":"Z-5A","decreto":""},"geometry":{"type":"Polygon","coordinates":[[[-70.58771213273718,-33.4421483594343],[-70.58849394575202,-33.44338289541393],[-70.58765954456884,-33.44374564691067],[-70.58715469651828,-33.44278610785242],[-70.5870530263281,-33.44281828734987],[-70.58689526151298,-33.44254037037161],[-70.58771213273718,-33.4421483594343]]]}},{"type":"Feature","properties":{"comuna":"Nunoa","zona":"Z-5A","zona_code":"Z-5A","nombre":"Z-5A","decreto":""},"geometry":{"type":"Polygon","coordinates":[[[-70.58676904937157,-33.4425637741467],[-70.58698290874737,-33.442952857829226],[-70.58667439038885,-33.44306109859683],[-70.58673749627451,-33.44318104147101],[-70.58698290804071,-33.44303769541147],[-70.58750528605944,-33.443842185206606],[-70.58674450810005,-33.44413472505561],[-70.58599074285183,-33.44288849832135],[-70.58676904937157,-33.4425637741467]]]}},{"type":"Feature","properties":{"comuna":"Nunoa","zona":"Z-5A","zona_code":"Z-5A","nombre":"Z-5A","decreto":""},"geometry":{"type":"Polygon","coordinates":[[[-70.58943702875634,-33.44318689247155],[-70.59020481815205,-33.44439508451703],[-70.589538699577,-33.44475783189034],[-70.5887183220782,-33.44347358315884],[-70.58943702875634,-33.44318689247155]]]}},{"type":"Feature","properties":{"comuna":"Nunoa","zona":"Z-5A","zona_code":"Z-5A","nombre":"Z-5A","decreto":""},"geometry":{"type":"Polygon","coordinates":[[[-70.58861665111569,-33.443558420365015],[-70.58921966357926,-33.444684696834685],[-70.58939145184227,-33.44483389121524],[-70.58856756883206,-33.44527562132617],[-70.58775420293168,-33.44396212625295],[-70.58861665111569,-33.443558420365015]]]}},{"type":"Feature","properties":{"comuna":"Nunoa","zona":"Z-5A","zona_code":"Z-5A","nombre":"Z-5A","decreto":""},"geometry":{"type":"Polygon","coordinates":[[[-70.58760695660713,-33.44398260417805],[-70.5884448633295,-33.445334128279136],[-70.58771914452547,-33.44571149812057],[-70.58687422571742,-33.444336576795536],[-70.58760695660713,-33.44398260417805]]]}},{"type":"Feature","properties":{"comuna":"Nunoa","zona":"Z-5A","zona_code":"Z-5A","nombre":"Z-5A","decreto":""},"geometry":{"type":"Polygon","coordinates":[[[-70.5857698721319,-33.44299966484796],[-70.58653415484066,-33.444228337574565],[-70.5862642021916,-33.444319024711994],[-70.58610643758608,-33.44406744042115],[-70.5855069300975,-33.444266367605145],[-70.58559808389626,-33.44457645812622],[-70.58538071907304,-33.4446232646904],[-70.58515984766373,-33.443956275856536],[-70.58548238975672,-33.44391239488786],[-70.5854403192921,-33.443739795570266],[-70.58510725913206,-33.44379537875936],[-70.5850055887697,-33.4432688037313],[-70.5857698721319,-33.44299966484796]]]}},{"type":"Feature","properties":{"comuna":"Nunoa","zona":"Z-5A","zona_code":"Z-5A","nombre":"Z-5A","decreto":""},"geometry":{"type":"Polygon","coordinates":[[[-70.5848868096268,-33.44330203710389],[-70.58521439922947,-33.444676272162695],[-70.58463326387613,-33.44471746171088],[-70.58446722506686,-33.44336382179484],[-70.5848868096268,-33.44330203710389]]]}},{"type":"Feature","properties":{"comuna":"Nunoa","zona":"Áreas verdes","zona_code":"Áreas verdes","nombre":"Áreas verdes","decreto":""},"geometry":{"type":"Polygon","coordinates":[[[-70.58606003041676,-33.44442239638491],[-70.58611459901792,-33.44449309215633],[-70.58584462891359,-33.444599734814815],[-70.58584175635846,-33.44450627274846],[-70.58606003041676,-33.44442239638491]]]}},{"type":"Feature","properties":{"comuna":"Nunoa","zona":"Áreas verdes","zona_code":"Áreas verdes","nombre":"Áreas verdes","decreto":""},"geometry":{"type":"Polygon","coordinates":[[[-70.58560337887506,-33.44451705677001],[-70.5857268762983,-33.444590149304055],[-70.58564358770124,-33.44463927706434],[-70.58560337887506,-33.44451705677001]]]}},{"type":"Feature","properties":{"comuna":"Nunoa","zona":"Áreas verdes","zona_code":"Áreas verdes","nombre":"Áreas verdes","decreto":""},"geometry":{"type":"Polygon","coordinates":[[[-70.58567805112445,-33.444248651244436],[-70.58576421192602,-33.44438165592491],[-70.58563353508048,-33.444476316598184],[-70.58554881058292,-33.44431695080872],[-70.58567805112445,-33.444248651244436]]]}},{"type":"Feature","properties":{"comuna":"Nunoa","zona":"Áreas verdes","zona_code":"Áreas verdes","nombre":"Áreas verdes","decreto":""},"geometry":{"type":"Polygon","coordinates":[[[-70.58609018692206,-33.444106061151984],[-70.5861892710322,-33.44424745321556],[-70.58605715800012,-33.444321743979955],[-70.58594371351218,-33.444161180294486],[-70.58609018692206,-33.444106061151984]]]}},{"type":"Feature","properties":{"comuna":"Nunoa","zona":"Z-5A","zona_code":"Z-5A","nombre":"Z-5A","decreto":""},"geometry":{"type":"Polygon","coordinates":[[[-70.58667789662312,-33.4444301895199],[-70.58755787427295,-33.44581973564532],[-70.58716521511197,-33.445986479608635],[-70.58633431933232,-33.444652517713045],[-70.58667789662312,-33.4444301895199]]]}},{"type":"Feature","properties":{"comuna":"Nunoa","zona":"Z-5A","zona_code":"Z-5A","nombre":"Z-5A","decreto":""},"geometry":{"type":"Polygon","coordinates":[[[-70.58581194295586,-33.44485729447758],[-70.58613799008297,-33.44639309931762],[-70.5859241312656,-33.446498411054236],[-70.58540525992339,-33.44480463758159],[-70.58581194295586,-33.44485729447758]]]}},{"type":"Feature","properties":{"comuna":"Nunoa","zona":"Áreas verdes","zona_code":"Áreas verdes","nombre":"Áreas verdes","decreto":""},"geometry":{"type":"MultiPolygon","coordinates":[[[[-70.58633589843777,-33.44465505331225],[-70.58716521403645,-33.445986479622405],[-70.58613799008297,-33.44639309931762],[-70.58581194293944,-33.44485729357595],[-70.58633589843777,-33.44465505331225]]],[[[-70.58633589843777,-33.44465505331225],[-70.58633431933232,-33.444652517713045],[-70.58637735047805,-33.44463905370514],[-70.58633589843777,-33.44465505331225]]]]}},{"type":"Feature","properties":{"comuna":"Nunoa","zona":"Z-5A","zona_code":"Z-5A","nombre":"Z-5A","decreto":""},"geometry":{"type":"Polygon","coordinates":[[[-70.58468304691847,-33.44489824969061],[-70.58528606029381,-33.44487192107236],[-70.58570326031561,-33.44651011222456],[-70.58484782420011,-33.44661834916159],[-70.58468304691847,-33.44489824969061]]]}},{"type":"Feature","properties":{"comuna":"Nunoa","zona":"Z-5A","zona_code":"Z-5A","nombre":"Z-5A","decreto":""},"geometry":{"type":"Polygon","coordinates":[[[-70.58953168718566,-33.44504744268966],[-70.58999796987514,-33.44578170646481],[-70.58907241699823,-33.44610641760744],[-70.58869378030654,-33.44546869419455],[-70.58953168718566,-33.44504744268966]]]}},{"type":"Feature","properties":{"comuna":"Nunoa","zona":"Áreas verdes","zona_code":"Áreas verdes","nombre":"Áreas verdes","decreto":""},"geometry":{"type":"Polygon","coordinates":[[[-70.59006107655128,-33.44588116769132],[-70.59012768793424,-33.44613274614957],[-70.58917408698176,-33.44620587919558],[-70.58949312301029,-33.446062537606956],[-70.59006107655128,-33.44588116769132]]]}},{"type":"Feature","properties":{"comuna":"Nunoa","zona":"Z-5A","zona_code":"Z-5A","nombre":"Z-5A","decreto":""},"geometry":{"type":"Polygon","coordinates":[[[-70.58857896282207,-33.44554511888218],[-70.58898980867055,-33.4462307438713],[-70.58902267660847,-33.44840642591657],[-70.58827219828899,-33.44839728500213],[-70.58827219769725,-33.447003209269575],[-70.58816811694962,-33.44647299697649],[-70.58782300628518,-33.445901644870695],[-70.58857896282207,-33.44554511888218]]]}},{"type":"Feature","properties":{"comuna":"Nunoa","zona":"Z-5A","zona_code":"Z-5A","nombre":"Z-5A","decreto":""},"geometry":{"type":"Polygon","coordinates":[[[-70.59015222898402,-33.44627023636777],[-70.59005406498171,-33.4478996251064],[-70.59013820582891,-33.44840569480119],[-70.58916006349682,-33.44839984452133],[-70.589167075115,-33.44636677181],[-70.59015222898402,-33.44627023636777]]]}},{"type":"Feature","properties":{"comuna":"Nunoa","zona":"Áreas verdes","zona_code":"Áreas verdes","nombre":"Áreas verdes","decreto":""},"geometry":{"type":"Polygon","coordinates":[[[-70.59006107615359,-33.446960609012436],[-70.59013820574175,-33.44785867122715],[-70.59005406390618,-33.44789962512019],[-70.59006107615359,-33.446960609012436]]]}},{"type":"Feature","properties":{"comuna":"Nunoa","zona":"Z-5A","zona_code":"Z-5A","nombre":"Z-5A","decreto":""},"geometry":{"type":"Polygon","coordinates":[[[-70.59033018764059,-33.44461074396368],[-70.59100766567296,-33.44586654058029],[-70.59122152489272,-33.44839691868981],[-70.5903240178533,-33.448423246342564],[-70.59027844096518,-33.44626438511987],[-70.59038011240443,-33.44617077529922],[-70.59028545297045,-33.44576707892007],[-70.59009262934339,-33.44565591642054],[-70.58964738179579,-33.444959682440114],[-70.59033018764059,-33.44461074396368]]]}},{"type":"Feature","properties":{"comuna":"Nunoa","zona":"Z-5A","zona_code":"Z-5A","nombre":"Z-5A","decreto":""},"geometry":{"type":"Polygon","coordinates":[[[-70.59129514770062,-33.44612397011266],[-70.59162119576605,-33.44663297490884],[-70.59258531394035,-33.44772410847558],[-70.59148096024728,-33.44832378817042],[-70.59129514770062,-33.44612397011266]]]}},{"type":"Feature","properties":{"comuna":"Nunoa","zona":"Z-5A","zona_code":"Z-5A","nombre":"Z-5A","decreto":""},"geometry":{"type":"Polygon","coordinates":[[[-70.58765319061914,-33.44602048663384],[-70.58794352119067,-33.44655984212587],[-70.58804212472117,-33.44702606287206],[-70.58805855832823,-33.44840642586977],[-70.58745598395855,-33.4484247084472],[-70.58744502851495,-33.44806819340921],[-70.58721495385804,-33.44800420325702],[-70.58729712344437,-33.448401855530534],[-70.58630013701807,-33.44842470933203],[-70.58595502678723,-33.44667868339058],[-70.58765319061914,-33.44602048663384]]]}},{"type":"Feature","properties":{"comuna":"Nunoa","zona":"Áreas verdes","zona_code":"Áreas verdes","nombre":"Áreas verdes","decreto":""},"geometry":{"type":"Polygon","coordinates":[[[-70.5858583602174,-33.44690233716678],[-70.58612761213799,-33.4480967880164],[-70.58605581174132,-33.4481024043066],[-70.585791047733,-33.446949142262916],[-70.5858583602174,-33.44690233716678]]]}},{"type":"Feature","properties":{"comuna":"Nunoa","zona":"Z-5A","zona_code":"Z-5A","nombre":"Z-5A","decreto":""},"geometry":{"type":"Polygon","coordinates":[[[-70.5858583602174,-33.44690233716678],[-70.585791047733,-33.446949142262916],[-70.58605581174132,-33.4481024043066],[-70.58612761213799,-33.4480967880164],[-70.58610293103555,-33.44837644210143],[-70.58507921302251,-33.44837351722213],[-70.58489340044946,-33.44683189585803],[-70.58578389594004,-33.44671780902385],[-70.5858583602174,-33.44690233716678]]]}},{"type":"Feature","properties":{"comuna":"Nunoa","zona":"Z-5A","zona_code":"Z-5A","nombre":"Z-5A","decreto":""},"geometry":{"type":"Polygon","coordinates":[[[-70.58459890597292,-33.4468201948062],[-70.58470057670164,-33.44739940283292],[-70.58351558757766,-33.447355523956176],[-70.58345598769178,-33.44679094185668],[-70.58459890597292,-33.4468201948062]]]}},{"type":"Feature","properties":{"comuna":"Nunoa","zona":"Z-5A","zona_code":"Z-5A","nombre":"Z-5A","decreto":""},"geometry":{"type":"Polygon","coordinates":[[[-70.58469707062164,-33.447519339585],[-70.58473563625206,-33.447841119630255],[-70.58352610543622,-33.447803091049884],[-70.58355064671107,-33.44747546049712],[-70.58469707062164,-33.447519339585]]]}},{"type":"Feature","properties":{"comuna":"Nunoa","zona":"Z-5A","zona_code":"Z-5A","nombre":"Z-5A","decreto":""},"geometry":{"type":"Polygon","coordinates":[[[-70.58476017671103,-33.44795228010795],[-70.58481276514038,-33.448364740844355],[-70.58360674026858,-33.44831793677538],[-70.58361725768046,-33.44789669979142],[-70.58476017671103,-33.44795228010795]]]}},{"type":"Feature","properties":{"comuna":"Nunoa","zona":"Z-5A","zona_code":"Z-5A","nombre":"Z-5A","decreto":""},"geometry":{"type":"Polygon","coordinates":[[[-70.58322109349113,-33.44676461412355],[-70.58338937530468,-33.448306236056105],[-70.58241473915731,-33.448276983340435],[-70.58231306859348,-33.44672951073881],[-70.58322109349113,-33.44676461412355]]]}},{"type":"Feature","properties":{"comuna":"Nunoa","zona":"Z-5A","zona_code":"Z-5A","nombre":"Z-5A","decreto":""},"geometry":{"type":"Polygon","coordinates":[[[-70.58208167974679,-33.44672658475853],[-70.58218685719724,-33.44827113329717],[-70.58090720787527,-33.44823895495302],[-70.58107899698349,-33.44668270593836],[-70.58208167974679,-33.44672658475853]]]}},{"type":"Feature","properties":{"comuna":"Nunoa","zona":"Z-5A","zona_code":"Z-5A","nombre":"Z-5A","decreto":""},"geometry":{"type":"Polygon","coordinates":[[[-70.58083709114294,-33.44668563120919],[-70.58062323164424,-33.44823017934034],[-70.57980636057428,-33.44818922586195],[-70.57997464279406,-33.44665052739395],[-70.58083709114294,-33.44668563120919]]]}},{"type":"Feature","properties":{"comuna":"Nunoa","zona":"Z-5A","zona_code":"Z-5A","nombre":"Z-5A","decreto":""},"geometry":{"type":"Polygon","coordinates":[[[-70.57982388972343,-33.44662712498557],[-70.57965210134198,-33.44816874934359],[-70.57873005284979,-33.44813657176056],[-70.57883172400338,-33.44658909564281],[-70.57982388972343,-33.44662712498557]]]}},{"type":"Feature","properties":{"comuna":"Nunoa","zona":"Z-5A","zona_code":"Z-5A","nombre":"Z-5A","decreto":""},"geometry":{"type":"Polygon","coordinates":[[[-70.57862487637168,-33.44655691700077],[-70.57851268819688,-33.44811901945668],[-70.57780800486778,-33.448104393609],[-70.57793772357283,-33.44655399164646],[-70.57862487637168,-33.44655691700077]]]}},{"type":"Feature","properties":{"comuna":"Nunoa","zona":"Z-5A","zona_code":"Z-5A","nombre":"Z-5A","decreto":""},"geometry":{"type":"Polygon","coordinates":[[[-70.57780099358264,-33.446539365328725],[-70.57766777018962,-33.44809561782268],[-70.57694906353063,-33.448060514365324],[-70.57713487494627,-33.446504261694905],[-70.57780099358264,-33.446539365328725]]]}},{"type":"Feature","properties":{"comuna":"Nunoa","zona":"Z-5A","zona_code":"Z-5A","nombre":"Z-5A","decreto":""},"geometry":{"type":"Polygon","coordinates":[[[-70.58438154094794,-33.44490702545601],[-70.58452177644055,-33.44592797283921],[-70.58339288157096,-33.44603035955837],[-70.58324913973692,-33.444857293929815],[-70.58438154094794,-33.44490702545601]]]}},{"type":"Feature","properties":{"comuna":"Nunoa","zona":"Z-5A","zona_code":"Z-5A","nombre":"Z-5A","decreto":""},"geometry":{"type":"Polygon","coordinates":[[[-70.58454982420712,-33.44606546369011],[-70.58459540009969,-33.446609572411106],[-70.5834033990161,-33.4465510666316],[-70.58337184646633,-33.446123970130635],[-70.58454982420712,-33.44606546369011]]]}},{"type":"Feature","properties":{"comuna":"Nunoa","zona":"Z-5A","zona_code":"Z-5A","nombre":"Z-5A","decreto":""},"geometry":{"type":"Polygon","coordinates":[[[-70.58300022218748,-33.44483974198101],[-70.58318252798,-33.44653058938709],[-70.58232358588575,-33.446498410655266],[-70.58217283273274,-33.44480171193417],[-70.58300022218748,-33.44483974198101]]]}},{"type":"Feature","properties":{"comuna":"Nunoa","zona":"Z-5A","zona_code":"Z-5A","nombre":"Z-5A","decreto":""},"geometry":{"type":"Polygon","coordinates":[[[-70.58132791497559,-33.444825114839865],[-70.58195196217642,-33.44483681624128],[-70.5820641507918,-33.44646915814119],[-70.581124572794,-33.44647793342361],[-70.58132791497559,-33.444825114839865]]]}},{"type":"Feature","properties":{"comuna":"Nunoa","zona":"Z-5A","zona_code":"Z-5A","nombre":"Z-5A","decreto":""},"geometry":{"type":"Polygon","coordinates":[[[-70.58102640829324,-33.44481341344647],[-70.58085812582442,-33.44643697898768],[-70.58003424238134,-33.446404800836525],[-70.58000619522251,-33.44610934301096],[-70.57984141883912,-33.44579633280614],[-70.57987647823752,-33.444775383825906],[-70.58021654929703,-33.444722727446674],[-70.58102640829324,-33.44481341344647]]]}},{"type":"Feature","properties":{"comuna":"Nunoa","zona":"Z-5A","zona_code":"Z-5A","nombre":"Z-5A","decreto":""},"geometry":{"type":"Polygon","coordinates":[[[-70.57983090159298,-33.44597185256948],[-70.57990803105726,-33.44606838895375],[-70.57987998337977,-33.44638724920064],[-70.5788702887269,-33.44634044406591],[-70.57889482971838,-33.4459572257164],[-70.57983090159298,-33.44597185256948]]]}},{"type":"Feature","properties":{"comuna":"Nunoa","zona":"Z-5A","zona_code":"Z-5A","nombre":"Z-5A","decreto":""},"geometry":{"type":"Polygon","coordinates":[[[-70.5797642891108,-33.444716876413985],[-70.57970469004226,-33.4458226609984],[-70.57962405465558,-33.44588701817734],[-70.57891235897627,-33.44584898847664],[-70.57896144148033,-33.44472857767156],[-70.5797642891108,-33.444716876413985]]]}},{"type":"Feature","properties":{"comuna":"Nunoa","zona":"Z-5A","zona_code":"Z-5A","nombre":"Z-5A","decreto":""},"geometry":{"type":"Polygon","coordinates":[[[-70.5787125235091,-33.444664219826244],[-70.5787160300454,-33.445433589775696],[-70.57725056967129,-33.445392635505556],[-70.57735224064315,-33.444614487907046],[-70.5787125235091,-33.444664219826244]]]}},{"type":"Feature","properties":{"comuna":"Nunoa","zona":"Z-5A","zona_code":"Z-5A","nombre":"Z-5A","decreto":""},"geometry":{"type":"Polygon","coordinates":[[[-70.57868798319417,-33.44557693238964],[-70.57862487673248,-33.446355070415045],[-70.57714188727809,-33.44628778822096],[-70.5772505691632,-33.44551550011041],[-70.57868798319417,-33.44557693238964]]]}},{"type":"Feature","properties":{"comuna":"Nunoa","zona":"Z-5A","zona_code":"Z-5A","nombre":"Z-5A","decreto":""},"geometry":{"type":"Polygon","coordinates":[[[-70.58392928224693,-33.4409489127081],[-70.58409756396763,-33.44232388720846],[-70.58297918665369,-33.44242920401378],[-70.5828705044248,-33.44134677958787],[-70.58392928224693,-33.4409489127081]]]}},{"type":"Feature","properties":{"comuna":"Nunoa","zona":"Áreas verdes","zona_code":"Áreas verdes","nombre":"Áreas verdes","decreto":""},"geometry":{"type":"Polygon","coordinates":[[[-70.58225487087208,-33.44261865601031],[-70.5827642062806,-33.44260180525569],[-70.58224365240503,-33.44264112326649],[-70.58225487087208,-33.44261865601031]]]}},{"type":"Feature","properties":{"comuna":"Nunoa","zona":"Z-5A","zona_code":"Z-5A","nombre":"Z-5A","decreto":""},"geometry":{"type":"Polygon","coordinates":[[[-70.58412911798837,-33.44249648887593],[-70.58420624682242,-33.443175190026025],[-70.58372243435527,-33.443213221428195],[-70.58363128213674,-33.44252281823981],[-70.58412911798837,-33.44249648887593]]]}},{"type":"Feature","properties":{"comuna":"Nunoa","zona":"Z-5A","zona_code":"Z-5A","nombre":"Z-5A","decreto":""},"geometry":{"type":"Polygon","coordinates":[[[-70.58350857608362,-33.44254037060022],[-70.5835892107489,-33.44320151916522],[-70.58314396394364,-33.44326880371066],[-70.58300723382179,-33.44261643258398],[-70.58350857608362,-33.44254037060022]]]}},{"type":"Feature","properties":{"comuna":"Nunoa","zona":"Z-5A","zona_code":"Z-5A","nombre":"Z-5A","decreto":""},"geometry":{"type":"Polygon","coordinates":[[[-70.58421325857388,-33.443347790500226],[-70.58425883558083,-33.44393579832733],[-70.58318603452432,-33.44401478384889],[-70.58309488128548,-33.443482359639816],[-70.58421325857388,-33.443347790500226]]]}},{"type":"Feature","properties":{"comuna":"Nunoa","zona":"Z-5A","zona_code":"Z-5A","nombre":"Z-5A","decreto":""},"geometry":{"type":"Polygon","coordinates":[[[-70.58431142332853,-33.44406159001018],[-70.58437803487365,-33.44471687648678],[-70.58326316376727,-33.444670070230615],[-70.58324913965798,-33.44414935184956],[-70.58431142332853,-33.44406159001018]]]}},{"type":"Feature","properties":{"comuna":"Nunoa","zona":"Z-5A","zona_code":"Z-5A","nombre":"Z-5A","decreto":""},"geometry":{"type":"Polygon","coordinates":[[[-70.58279425151409,-33.44271114373042],[-70.58301336940333,-33.44462637261408],[-70.5822683681453,-33.44462637227144],[-70.58226836882031,-33.44275685356974],[-70.58279425151409,-33.44271114373042]]]}},{"type":"Feature","properties":{"comuna":"Nunoa","zona":"Z-5A","zona_code":"Z-5A","nombre":"Z-5A","decreto":""},"geometry":{"type":"Polygon","coordinates":[[[-70.58262859864664,-33.44144039509414],[-70.58276182182784,-33.442420427496266],[-70.58208869147694,-33.44257840116717],[-70.58210271574369,-33.444611562447385],[-70.58137349152771,-33.44457938344598],[-70.58170655041692,-33.44178267607042],[-70.58262859864664,-33.44144039509414]]]}},{"type":"Feature","properties":{"comuna":"Nunoa","zona":"Z-5B","zona_code":"Z-5B","nombre":"Z-5B","decreto":""},"geometry":{"type":"Polygon","coordinates":[[[-70.58140153847265,-33.441867514962304],[-70.58131038530468,-33.4425813268744],[-70.57973273616157,-33.44250526521795],[-70.57910167697905,-33.4425871775947],[-70.57914725368742,-33.442426278245954],[-70.58140153847265,-33.441867514962304]]]}},{"type":"Feature","properties":{"comuna":"Nunoa","zona":"Z-5B","zona_code":"Z-5B","nombre":"Z-5B","decreto":""},"geometry":{"type":"Polygon","coordinates":[[[-70.58132440905278,-33.442669090703696],[-70.58125078538845,-33.44302891871038],[-70.57909115933808,-33.44294700693296],[-70.57911920644538,-33.44267494124909],[-70.57969767751688,-33.44257547630074],[-70.58132440905278,-33.442669090703696]]]}},{"type":"Feature","properties":{"comuna":"Nunoa","zona":"Z-5B","zona_code":"Z-5B","nombre":"Z-5B","decreto":""},"geometry":{"type":"Polygon","coordinates":[[[-70.58125429077825,-33.44313423478479],[-70.58120871509969,-33.4434765087804],[-70.57907012439318,-33.44339167172674],[-70.57907012408937,-33.44304647161607],[-70.57918231306297,-33.4430055160102],[-70.58125429077825,-33.44313423478479]]]}},{"type":"Feature","properties":{"comuna":"Nunoa","zona":"Z-5B","zona_code":"Z-5B","nombre":"Z-5B","decreto":""},"geometry":{"type":"Polygon","coordinates":[[[-70.5812017025657,-33.443570122376464],[-70.5811491142495,-33.443941648492185],[-70.57903155977314,-33.44385388676766],[-70.5790280537975,-33.443488210907866],[-70.57911570103866,-33.44347358324102],[-70.5812017025657,-33.443570122376464]]]}},{"type":"Feature","properties":{"comuna":"Nunoa","zona":"Z-5B","zona_code":"Z-5B","nombre":"Z-5B","decreto":""},"geometry":{"type":"Polygon","coordinates":[[[-70.58113859718327,-33.444029410561505],[-70.58105445570331,-33.44457938338151],[-70.57897546564918,-33.44447406998675],[-70.5790140295352,-33.4439270218253],[-70.58113859718327,-33.444029410561505]]]}},{"type":"Feature","properties":{"comuna":"Nunoa","zona":"Z-5B","zona_code":"Z-5B","nombre":"Z-5B","decreto":""},"geometry":{"type":"Polygon","coordinates":[[[-70.57878614759748,-33.44393579764909],[-70.57875459449805,-33.444476995545614],[-70.57737327558507,-33.44443311496416],[-70.57746092299986,-33.44387728999996],[-70.57878614759748,-33.44393579764909]]]}},{"type":"Feature","properties":{"comuna":"Nunoa","zona":"Z-5B","zona_code":"Z-5B","nombre":"Z-5B","decreto":""},"geometry":{"type":"Polygon","coordinates":[[[-70.5788212064533,-33.443450180427845],[-70.57878965369143,-33.443842184613835],[-70.5774468988635,-33.44379245305936],[-70.57753805164964,-33.44341800078201],[-70.5788212064533,-33.443450180427845]]]}},{"type":"Feature","properties":{"comuna":"Nunoa","zona":"Z-5B","zona_code":"Z-5B","nombre":"Z-5B","decreto":""},"geometry":{"type":"Polygon","coordinates":[[[-70.57890885373938,-33.442484787490145],[-70.57885977083666,-33.44294408107276],[-70.57788864051312,-33.44289727484291],[-70.57789214699305,-33.44296455965064],[-70.57882471229432,-33.44300259056903],[-70.5788071826516,-33.443391671909794],[-70.57753104004537,-33.44331853608242],[-70.57756960456885,-33.442827063908574],[-70.57890885373938,-33.442484787490145]]]}},{"type":"Feature","properties":{"comuna":"Nunoa","zona":"Áreas verdes","zona_code":"Áreas verdes","nombre":"Áreas verdes","decreto":""},"geometry":{"type":"Polygon","coordinates":[[[-70.5774128222126,-33.44268044123175],[-70.57741506589268,-33.442742226485194],[-70.57680924837238,-33.442929454651185],[-70.57683168662145,-33.44265235629582],[-70.5774128222126,-33.44268044123175]]]}},{"type":"Feature","properties":{"comuna":"Nunoa","zona":"Z-5B","zona_code":"Z-5B","nombre":"Z-5B","decreto":""},"geometry":{"type":"Polygon","coordinates":[[[-70.57683131285147,-33.442656965836434],[-70.57680924835607,-33.44292945374956],[-70.57542035640738,-33.44282647854545],[-70.57565595250034,-33.442504446560825],[-70.57683131285147,-33.442656965836434]]]}},{"type":"Feature","properties":{"comuna":"Nunoa","zona":"Z-5B","zona_code":"Z-5B","nombre":"Z-5B","decreto":""},"geometry":{"type":"Polygon","coordinates":[[[-70.57548318236493,-33.442487595324856],[-70.57527002406451,-33.442820861989524],[-70.57489980315582,-33.4427534597904],[-70.5750075036214,-33.44237713054976],[-70.57548318236493,-33.442487595324856]]]}},{"type":"Feature","properties":{"comuna":"Nunoa","zona":"Z-4C","zona_code":"Z-4C","nombre":"Z-4C","decreto":""},"geometry":{"type":"Polygon","coordinates":[[[-70.5748369776748,-33.44228164382457],[-70.57471805825831,-33.44274222632201],[-70.57374650619674,-33.442624272080636],[-70.57380260062523,-33.44230411154517],[-70.57427827970604,-33.44236402479043],[-70.5744218800431,-33.442116882196565],[-70.5748369776748,-33.44228164382457]]]}},{"type":"Feature","properties":{"comuna":"Nunoa","zona":"Z-4C","zona_code":"Z-4C","nombre":"Z-4C","decreto":""},"geometry":{"type":"Polygon","coordinates":[[[-70.57434334913957,-33.442086924706224],[-70.57426257334666,-33.44225543179296],[-70.57358944312112,-33.44219551850388],[-70.57370163114705,-33.44181918653695],[-70.57434334913957,-33.442086924706224]]]}},{"type":"Feature","properties":{"comuna":"Nunoa","zona":"Z-3A","zona_code":"Z-3A","nombre":"Z-3A","decreto":""},"geometry":{"type":"Polygon","coordinates":[[[-70.57369727825078,-33.441823980952336],[-70.57356251834716,-33.44227602650793],[-70.57380164838526,-33.44230987646355],[-70.57374650619674,-33.442624272080636],[-70.57287368159858,-33.44252129713022],[-70.57303523287591,-33.44165067903963],[-70.57369727825078,-33.441823980952336]]]}},{"type":"Feature","properties":{"comuna":"Nunoa","zona":"Z-4C","zona_code":"Z-4C","nombre":"Z-4C","decreto":""},"geometry":{"type":"Polygon","coordinates":[[[-70.57470880177077,-33.44288557301841],[-70.57450195533228,-33.44420785970049],[-70.57364301329666,-33.4440996205789],[-70.57401463695942,-33.44278903326448],[-70.57470880177077,-33.44288557301841]]]}},{"type":"Feature","properties":{"comuna":"Nunoa","zona":"Z-3A","zona_code":"Z-3A","nombre":"Z-3A","decreto":""},"geometry":{"type":"Polygon","coordinates":[[[-70.5740141517405,-33.442790518440404],[-70.57364301220487,-33.444099619690924],[-70.5726017645763,-33.44397967890586],[-70.57284016472819,-33.442657388695146],[-70.5740141517405,-33.442790518440404]]]}},{"type":"Feature","properties":{"comuna":"Nunoa","zona":"Z-5B","zona_code":"Z-5B","nombre":"Z-5B","decreto":""},"geometry":{"type":"Polygon","coordinates":[[[-70.57732769898814,-33.44288849792617],[-70.57724355808367,-33.443309760076154],[-70.57623386290926,-33.443239549956594],[-70.5762023095923,-33.44336241716152],[-70.57605155676768,-33.44337119394493],[-70.57613920377996,-33.44342385093727],[-70.57607960393585,-33.443535017083306],[-70.57591482730352,-33.443573047253246],[-70.57592183853504,-33.44364618290288],[-70.57615322734318,-33.44367251151215],[-70.57647927443813,-33.44335949178554],[-70.57724005226487,-33.443426776702516],[-70.57721551083021,-33.44375734837599],[-70.57614271006662,-33.443736870540754],[-70.57612517981748,-33.44379830387801],[-70.57719798137866,-33.44387143927142],[-70.57712435763912,-33.444424338683056],[-70.57467724897887,-33.44422541248836],[-70.57492616694302,-33.44288849809647],[-70.57663703951978,-33.44307572603897],[-70.57732769898814,-33.44288849792617]]]}},{"type":"Feature","properties":{"comuna":"Nunoa","zona":"Áreas verdes","zona_code":"Áreas verdes","nombre":"Áreas verdes","decreto":""},"geometry":{"type":"Polygon","coordinates":[[[-70.57655107696911,-33.4432657570328],[-70.57615322734318,-33.44367251151215],[-70.57592183961053,-33.4436461828892],[-70.57623386290926,-33.443239549956594],[-70.57655107696911,-33.4432657570328]]]}},{"type":"Feature","properties":{"comuna":"Nunoa","zona":"Z-5A","zona_code":"Z-5A","nombre":"Z-5A","decreto":""},"geometry":{"type":"Polygon","coordinates":[[[-70.57713838074669,-33.444591085113224],[-70.57708579272777,-33.444947981026125],[-70.57558527340535,-33.44490702540896],[-70.57458960219094,-33.444769533489456],[-70.57466673205255,-33.444418488110145],[-70.57713838074669,-33.444591085113224]]]}},{"type":"Feature","properties":{"comuna":"Nunoa","zona":"Z-5A","zona_code":"Z-5A","nombre":"Z-5A","decreto":""},"geometry":{"type":"Polygon","coordinates":[[[-70.57705774546838,-33.44506499506889],[-70.57701918073512,-33.44539848571341],[-70.57513652004032,-33.44529902384807],[-70.57518910838064,-33.444936279318],[-70.57705774546838,-33.44506499506889]]]}},{"type":"Feature","properties":{"comuna":"Nunoa","zona":"Z-5A","zona_code":"Z-5A","nombre":"Z-5A","decreto":""},"geometry":{"type":"Polygon","coordinates":[[[-70.57456548139639,-33.44485226246572],[-70.57508154852482,-33.44493464095617],[-70.57502320966012,-33.44529785350982],[-70.57469786356438,-33.44523981454204],[-70.57452284981025,-33.44500391325341],[-70.57456548139639,-33.44485226246572]]]}},{"type":"Feature","properties":{"comuna":"Nunoa","zona":"Áreas verdes","zona_code":"Áreas verdes","nombre":"Áreas verdes","decreto":""},"geometry":{"type":"Polygon","coordinates":[[[-70.57451754786179,-33.445049359297506],[-70.57465448528357,-33.44523877557003],[-70.57448905705138,-33.445208100200226],[-70.57451754786179,-33.445049359297506]]]}},{"type":"Feature","properties":{"comuna":"Nunoa","zona":"Z-5A","zona_code":"Z-5A","nombre":"Z-5A","decreto":""},"geometry":{"type":"Polygon","coordinates":[[[-70.5769948449838,-33.44547765829946],[-70.57693210402265,-33.44585458592848],[-70.5745354262449,-33.44573592368001],[-70.57692792167451,-33.44591391693528],[-70.57690700870228,-33.4462733922009],[-70.574372301594,-33.44608841996344],[-70.57439739760693,-33.44542530685623],[-70.57458980098232,-33.44542181718952],[-70.57461071494728,-33.445345035083065],[-70.5769948449838,-33.44547765829946]]]}},{"type":"Feature","properties":{"comuna":"Nunoa","zona":"Z-4C","zona_code":"Z-4C","nombre":"Z-4C","decreto":""},"geometry":{"type":"Polygon","coordinates":[[[-70.57448339334897,-33.444386932729884],[-70.57429333270507,-33.445110641293844],[-70.5733697954152,-33.44499672472852],[-70.57345545699613,-33.44426854815356],[-70.57374991783944,-33.444308753657396],[-70.57364819539357,-33.44477782498474],[-70.57380345663245,-33.444786760073306],[-70.57387841039218,-33.444304286243266],[-70.57448339334897,-33.444386932729884]]]}},{"type":"Feature","properties":{"comuna":"Nunoa","zona":"Z-4C","zona_code":"Z-4C","nombre":"Z-4C","decreto":""},"geometry":{"type":"Polygon","coordinates":[[[-70.57439505470698,-33.44541441805134],[-70.57428530109355,-33.44612248245321],[-70.57318508793279,-33.44597059511394],[-70.57332964189675,-33.44512404274424],[-70.57428797829408,-33.44519998768982],[-70.57428530168379,-33.44538984785577],[-70.57439505470698,-33.44541441805134]]]}},{"type":"Feature","properties":{"comuna":"Nunoa","zona":"Z-3A","zona_code":"Z-3A","nombre":"Z-3A","decreto":""},"geometry":{"type":"Polygon","coordinates":[[[-70.57345402643027,-33.444280710470224],[-70.57318508794906,-33.44597059601557],[-70.57228514150454,-33.44587901641378],[-70.57258629479617,-33.44415839955946],[-70.5730212945876,-33.44421773140158],[-70.57295437116879,-33.44468889756481],[-70.57307985160722,-33.44470983790988],[-70.57317187061356,-33.444245652734985],[-70.57345402643027,-33.444280710470224]]]}},{"type":"Feature","properties":{"comuna":"Nunoa","zona":"Áreas verdes","zona_code":"Áreas verdes","nombre":"Áreas verdes","decreto":""},"geometry":{"type":"Polygon","coordinates":[[[-70.57251757204226,-33.4459301219431],[-70.57237708737057,-33.445948705957235],[-70.57237708679298,-33.445912967899844],[-70.57251757204226,-33.4459301219431]]]}},{"type":"Feature","properties":{"comuna":"Nunoa","zona":"Áreas verdes","zona_code":"Áreas verdes","nombre":"Áreas verdes","decreto":""},"geometry":{"type":"Polygon","coordinates":[[[-70.572150941596,-33.44582576656589],[-70.5722400286844,-33.44591439681091],[-70.57213380873873,-33.4459029611803],[-70.572150941596,-33.44582576656589]]]}},{"type":"Feature","properties":{"comuna":"Nunoa","zona":"Z-5A","zona_code":"Z-5A","nombre":"Z-5A","decreto":""},"geometry":{"type":"Polygon","coordinates":[[[-70.57686518150471,-33.44647232495161],[-70.5768233548312,-33.44703072843548],[-70.5750624443624,-33.446967908470135],[-70.57506244489812,-33.44707260916263],[-70.57679407610546,-33.44715636880962],[-70.57668114328327,-33.44804282723508],[-70.57537614614577,-33.44801839658659],[-70.57538032800153,-33.447571679339696],[-70.57510845376092,-33.447564698747755],[-70.5751000888617,-33.44763100895667],[-70.57527157910509,-33.44762053939473],[-70.57524648275124,-33.44800094691784],[-70.57408369607717,-33.447969537026225],[-70.57424263841942,-33.44699233861584],[-70.57411297451792,-33.44695743806644],[-70.57424682094131,-33.4463152727867],[-70.57686518150471,-33.44647232495161]]]}},{"type":"Feature","properties":{"comuna":"Nunoa","zona":"Áreas verdes","zona_code":"Áreas verdes","nombre":"Áreas verdes","decreto":""},"geometry":{"type":"Polygon","coordinates":[[[-70.57537638433635,-33.44799295812289],[-70.57525531003897,-33.44807581716639],[-70.57527157802956,-33.4476205394084],[-70.57514286587057,-33.44756558271528],[-70.57538032800153,-33.447571679339696],[-70.57537638433635,-33.44799295812289]]]}},{"type":"Feature","properties":{"comuna":"Nunoa","zona":"Z-4C","zona_code":"Z-4C","nombre":"Z-4C","decreto":""},"geometry":{"type":"Polygon","coordinates":[[[-70.5742133592282,-33.44630480257772],[-70.57390802383685,-33.44799396710096],[-70.57302966014397,-33.4479834975653],[-70.57320114955417,-33.44718777946736],[-70.57349812079379,-33.4471842892267],[-70.57321788087174,-33.44713193904793],[-70.57328480339632,-33.4462001011889],[-70.5742133592282,-33.44630480257772]]]}},{"type":"Feature","properties":{"comuna":"Nunoa","zona":"Z-3A","zona_code":"Z-3A","nombre":"Z-3A","decreto":""},"geometry":{"type":"Polygon","coordinates":[[[-70.57192124770599,-33.44794510782457],[-70.57225167989199,-33.44608492924456],[-70.57328480238591,-33.44620010480907],[-70.57289581359987,-33.447973027330065],[-70.57192124770599,-33.44794510782457]]]}},{"type":"Feature","properties":{"comuna":"Nunoa","zona":"Z-3A","zona_code":"Z-3A","nombre":"Z-3A","decreto":""},"geometry":{"type":"Polygon","coordinates":[[[-70.57287490051253,-33.44818940559927],[-70.57251100659848,-33.450353158909785],[-70.57246918021094,-33.45041248660851],[-70.57149461445003,-33.450293830254004],[-70.57188360429843,-33.44817893584446],[-70.57287490051253,-33.44818940559927]]]}},{"type":"Feature","properties":{"comuna":"Nunoa","zona":"Z-4C","zona_code":"Z-4C","nombre":"Z-4C","decreto":""},"geometry":{"type":"Polygon","coordinates":[[[-70.5738578316312,-33.44820685554304],[-70.57361941789834,-33.44962377033438],[-70.57277451608792,-33.449515583297455],[-70.57301292838588,-33.448196385890284],[-70.5738578316312,-33.44820685554304]]]}},{"type":"Feature","properties":{"comuna":"Nunoa","zona":"Z-4C","zona_code":"Z-4C","nombre":"Z-4C","decreto":""},"geometry":{"type":"Polygon","coordinates":[[[-70.57356521039844,-33.449740892021154],[-70.57349828726971,-33.45009379017575],[-70.57268718110157,-33.44996647855045],[-70.57275142777216,-33.449656017356794],[-70.57356521039844,-33.449740892021154]]]}},{"type":"Feature","properties":{"comuna":"Nunoa","zona":"Z-4C","zona_code":"Z-4C","nombre":"Z-4C","decreto":""},"geometry":{"type":"Polygon","coordinates":[[[-70.57345813340426,-33.450174197271195],[-70.57330822648316,-33.450498057845444],[-70.5726336426398,-33.45045338826513],[-70.57268182708502,-33.4501071917342],[-70.57275945784774,-33.45007815518768],[-70.57345813340426,-33.450174197271195]]]}},{"type":"Feature","properties":{"comuna":"Nunoa","zona":"Z-3A","zona_code":"Z-3A","nombre":"Z-3A","decreto":""},"geometry":{"type":"Polygon","coordinates":[[[-70.57243287413455,-33.45059186639984],[-70.57261490415947,-33.451757754042625],[-70.57203669050325,-33.45176892167472],[-70.57210629043252,-33.451308822213335],[-70.57203133675236,-33.45129765474751],[-70.57190819802763,-33.451746586533694],[-70.5712523531529,-33.451679582344916],[-70.57145579848586,-33.45048912388537],[-70.57243287413455,-33.45059186639984]]]}},{"type":"Feature","properties":{"comuna":"Nunoa","zona":"Z-4C","zona_code":"Z-4C","nombre":"Z-4C","decreto":""},"geometry":{"type":"Polygon","coordinates":[[[-70.57321988847401,-33.45068790747966],[-70.57338853401413,-33.451768921255],[-70.57274607398368,-33.45178678940454],[-70.57259081259075,-33.450656637739776],[-70.57321988847401,-33.45068790747966]]]}},{"type":"Feature","properties":{"comuna":"Nunoa","zona":"Áreas verdes","zona_code":"Áreas verdes","nombre":"Áreas verdes","decreto":""},"geometry":{"type":"Polygon","coordinates":[[[-70.57154480705809,-33.45263202093067],[-70.57140259533058,-33.453389301505005],[-70.5710805286524,-33.453350914446844],[-70.57116418191438,-33.452583163855664],[-70.57154480705809,-33.45263202093067]]]}},{"type":"Feature","properties":{"comuna":"Nunoa","zona":"Z-4A","zona_code":"Z-4A","nombre":"Z-4A","decreto":""},"geometry":{"type":"Polygon","coordinates":[[[-70.57338853443606,-33.45194983350894],[-70.57351702602419,-33.45261987594359],[-70.57231241265914,-33.45275835102654],[-70.57207416718788,-33.452709214870644],[-70.57221604405052,-33.451969934887714],[-70.57338853443606,-33.45194983350894]]]}},{"type":"Feature","properties":{"comuna":"Nunoa","zona":"Z-1B","zona_code":"Z-1B","nombre":"Z-1B","decreto":""},"geometry":{"type":"Polygon","coordinates":[[[-70.57231021826614,-33.45275819127756],[-70.57350836702466,-33.45262049990398],[-70.57360804151283,-33.45322067643567],[-70.57228832027809,-33.45332118152761],[-70.57231021826614,-33.45275819127756]]]}},{"type":"Feature","properties":{"comuna":"Nunoa","zona":"Z-1","zona_code":"Z-1","nombre":"Z-1","decreto":""},"geometry":{"type":"Polygon","coordinates":[[[-70.57223562051969,-33.45272902507405],[-70.57220801337591,-33.453086668927725],[-70.57199921333756,-33.45309560278278],[-70.57218392099249,-33.453140272201445],[-70.57214644432972,-33.45338148408154],[-70.57162712200969,-33.45339265159316],[-70.57172616737914,-33.4525551053154],[-70.57112386157992,-33.45238312865427],[-70.5712309378872,-33.451876128931005],[-70.57170742900654,-33.451920798872365],[-70.57168065983066,-33.45221785109205],[-70.57180112127001,-33.45223795252736],[-70.57189213679118,-33.4519297325437],[-70.57221604297492,-33.45196993490135],[-70.57207416718788,-33.452709214870644],[-70.57223562051969,-33.45272902507405]]]}},{"type":"Feature","properties":{"comuna":"Nunoa","zona":"Áreas verdes","zona_code":"Áreas verdes","nombre":"Áreas verdes","decreto":""},"geometry":{"type":"Polygon","coordinates":[[[-70.57070001216783,-33.4533616426655],[-70.57078596375082,-33.452657796259714],[-70.57135309821214,-33.44940447526721],[-70.57077864599374,-33.45284018473064],[-70.57078035897268,-33.45336620784969],[-70.57070001216783,-33.4533616426655]]]}},{"type":"Feature","properties":{"comuna":"Nunoa","zona":"Áreas verdes","zona_code":"Áreas verdes","nombre":"Áreas verdes","decreto":""},"geometry":{"type":"Polygon","coordinates":[[[-70.57136061564188,-33.44936085815948],[-70.57157441426891,-33.44812042696529],[-70.5715941422553,-33.44811870146405],[-70.57144680429239,-33.44908360287542],[-70.57136061564188,-33.44936085815948]]]}},{"type":"Feature","properties":{"comuna":"Nunoa","zona":"Áreas verdes","zona_code":"Áreas verdes","nombre":"Áreas verdes","decreto":""},"geometry":{"type":"Polygon","coordinates":[[[-70.57173120085066,-33.44743397265863],[-70.5719439395092,-33.44599629668234],[-70.57197961841949,-33.44599730977127],[-70.57173120085066,-33.44743397265863]]]}},{"type":"Feature","properties":{"comuna":"Nunoa","zona":"Áreas verdes","zona_code":"Áreas verdes","nombre":"Áreas verdes","decreto":""},"geometry":{"type":"Polygon","coordinates":[[[-70.57201409252625,-33.44559765656017],[-70.57200874360424,-33.44588723628574],[-70.57196139436752,-33.445897109375885],[-70.57201409252625,-33.44559765656017]]]}},{"type":"Feature","properties":{"comuna":"Nunoa","zona":"Áreas verdes","zona_code":"Áreas verdes","nombre":"Áreas verdes","decreto":""},"geometry":{"type":"Polygon","coordinates":[[[-70.57203056277837,-33.445504065911614],[-70.57205310108131,-33.445375997672464],[-70.57228633602396,-33.44398514775826],[-70.5723393961249,-33.443998807766974],[-70.57203056277837,-33.445504065911614]]]}},{"type":"Feature","properties":{"comuna":"Nunoa","zona":"Áreas verdes","zona_code":"Áreas verdes","nombre":"Áreas verdes","decreto":""},"geometry":{"type":"Polygon","coordinates":[[[-70.57243052186345,-33.44321447880004],[-70.57251261226361,-33.44278786336176],[-70.57254886497171,-33.44257462271713],[-70.57258781383695,-33.44261927205161],[-70.57243052186345,-33.44321447880004]]]}},{"type":"Feature","properties":{"comuna":"Nunoa","zona":"Áreas verdes","zona_code":"Áreas verdes","nombre":"Áreas verdes","decreto":""},"geometry":{"type":"Polygon","coordinates":[[[-70.57256578251287,-33.44247511564694],[-70.57272371891104,-33.44154613072772],[-70.57275057075681,-33.44154564851911],[-70.57270431385484,-33.44194450643226],[-70.57256578251287,-33.44247511564694]]]}},{"type":"Feature","properties":{"comuna":"Nunoa","zona":"Áreas verdes","zona_code":"Áreas verdes","nombre":"Áreas verdes","decreto":""},"geometry":{"type":"MultiPolygon","coordinates":[[[[-70.57294951985361,-33.44038855841553],[-70.57283441170419,-33.44112123544459],[-70.57279158144065,-33.441369182148854],[-70.57286415135337,-33.440816124863744],[-70.57294951985361,-33.44038855841553]]],[[[-70.57291913861366,-33.44039706491158],[-70.57286415135337,-33.440816124863744],[-70.57275423325983,-33.441366646488255],[-70.57286768896776,-33.44069928998832],[-70.57291913861366,-33.44039706491158]]]]}},{"type":"Feature","properties":{"comuna":"Nunoa","zona":"Áreas verdes","zona_code":"Áreas verdes","nombre":"Áreas verdes","decreto":""},"geometry":{"type":"Polygon","coordinates":[[[-70.57294086217856,-33.440269458614196],[-70.5731322557775,-33.43914517365675],[-70.57334570333023,-33.4383691974071],[-70.57299235017106,-33.440223258902],[-70.57294086217856,-33.440269458614196]]]}},{"type":"Feature","properties":{"comuna":"Nunoa","zona":"Z-5A","zona_code":"Z-5A","nombre":"Z-5A","decreto":""},"geometry":{"type":"Polygon","coordinates":[[[-70.59093155060228,-33.448636120338904],[-70.5894550628351,-33.449348067069735],[-70.58921982829992,-33.448851938667744],[-70.58921447451733,-33.448630815924055],[-70.59093155060228,-33.448636120338904]]]}},{"type":"Feature","properties":{"comuna":"Nunoa","zona":"Z-5A","zona_code":"Z-5A","nombre":"Z-5A","decreto":""},"geometry":{"type":"Polygon","coordinates":[[[-70.58897890573718,-33.44863751595735],[-70.58921447459875,-33.44944829725424],[-70.58853989153131,-33.44976992801653],[-70.58827487572061,-33.4493678900333],[-70.58827755319223,-33.44861518015028],[-70.58897890573718,-33.44863751595735]]]}},{"type":"Feature","properties":{"comuna":"Nunoa","zona":"Áreas verdes","zona_code":"Áreas verdes","nombre":"Áreas verdes","decreto":""},"geometry":{"type":"Polygon","coordinates":[[[-70.5882320455516,-33.44953540549746],[-70.58841943013856,-33.44984140080113],[-70.58836321395047,-33.449912873699965],[-70.58809819973459,-33.44958231029566],[-70.5882320455516,-33.44953540549746]]]}},{"type":"Feature","properties":{"comuna":"Nunoa","zona":"Z-5A","zona_code":"Z-5A","nombre":"Z-5A","decreto":""},"geometry":{"type":"Polygon","coordinates":[[[-70.58805269194023,-33.44861964807775],[-70.58800450780024,-33.44936118911008],[-70.58660180284764,-33.44944159722068],[-70.58632875699442,-33.44863081575099],[-70.58805269194023,-33.44861964807775]]]}},{"type":"Feature","properties":{"comuna":"Nunoa","zona":"Z-5A","zona_code":"Z-5A","nombre":"Z-5A","decreto":""},"geometry":{"type":"Polygon","coordinates":[[[-70.5861601110747,-33.44860401300033],[-70.58641709513724,-33.449454998639986],[-70.58522586637763,-33.4496135794535],[-70.5851187894215,-33.44859731227968],[-70.5861601110747,-33.44860401300033]]]}},{"type":"Feature","properties":{"comuna":"Nunoa","zona":"Z-5A","zona_code":"Z-5A","nombre":"Z-5A","decreto":""},"geometry":{"type":"Polygon","coordinates":[[[-70.58485829157195,-33.448590750595905],[-70.58509252218252,-33.450541611654224],[-70.58385026452197,-33.450548591216325],[-70.5836411304513,-33.44853840140199],[-70.58485829157195,-33.448590750595905]]]}},{"type":"Feature","properties":{"comuna":"Nunoa","zona":"Z-5A","zona_code":"Z-5A","nombre":"Z-5A","decreto":""},"geometry":{"type":"Polygon","coordinates":[[[-70.58355329384115,-33.44995880102682],[-70.58362440019464,-33.45053114217259],[-70.58255781584685,-33.4505136928241],[-70.58254108480219,-33.44994833144055],[-70.58355329384115,-33.44995880102682]]]}},{"type":"Feature","properties":{"comuna":"Nunoa","zona":"Z-5A","zona_code":"Z-5A","nombre":"Z-5A","decreto":""},"geometry":{"type":"Polygon","coordinates":[[[-70.58349122366853,-33.4492383439886],[-70.58353673125899,-33.44983023308259],[-70.58252753315455,-33.449825766301615],[-70.58249273237351,-33.44924951136439],[-70.58349122366853,-33.4492383439886]]]}},{"type":"Feature","properties":{"comuna":"Nunoa","zona":"Áreas verdes","zona_code":"Áreas verdes","nombre":"Áreas verdes","decreto":""},"geometry":{"type":"Polygon","coordinates":[[[-70.58349122366853,-33.4492383439886],[-70.58249573218274,-33.44924947757997],[-70.58247131755793,-33.44916240308129],[-70.58347248451611,-33.449142301494426],[-70.58349122366853,-33.4492383439886]]]}},{"type":"Feature","properties":{"comuna":"Nunoa","zona":"Z-6","zona_code":"Z-6","nombre":"Z-6","decreto":""},"geometry":{"type":"MultiPolygon","coordinates":[[[[-70.58345917199362,-33.44914256893586],[-70.58247272527997,-33.44916237519129],[-70.58241242543126,-33.448505735787634],[-70.58342162364494,-33.44854147313613],[-70.58345917199362,-33.44914256893586]]],[[[-70.58247341462743,-33.44916988319933],[-70.58247131755793,-33.44916240308129],[-70.58247272527997,-33.44916237519129],[-70.58247341462743,-33.44916988319933]]]]}},{"type":"Feature","properties":{"comuna":"Nunoa","zona":"Z-5A","zona_code":"Z-5A","nombre":"Z-5A","decreto":""},"geometry":{"type":"Polygon","coordinates":[[[-70.582198104682,-33.448493031865546],[-70.58234868158152,-33.45051020293396],[-70.58064214547281,-33.45053114262002],[-70.58092238560295,-33.448451153015604],[-70.582198104682,-33.448493031865546]]]}},{"type":"Feature","properties":{"comuna":"Nunoa","zona":"Z-5A","zona_code":"Z-5A","nombre":"Z-5A","decreto":""},"geometry":{"type":"Polygon","coordinates":[[[-70.5806086838061,-33.44844068313017],[-70.58035772307215,-33.45054859131336],[-70.57951282102341,-33.45053812218348],[-70.57976796489804,-33.448402293493274],[-70.5806086838061,-33.44844068313017]]]}},{"type":"Feature","properties":{"comuna":"Nunoa","zona":"Z-5A","zona_code":"Z-5A","nombre":"Z-5A","decreto":""},"geometry":{"type":"Polygon","coordinates":[[[-70.57965503193346,-33.448405783345166],[-70.5793831573124,-33.45054161217309],[-70.57860517843935,-33.4505555717077],[-70.57873484107095,-33.44838833352279],[-70.57965503193346,-33.448405783345166]]]}},{"type":"Feature","properties":{"comuna":"Nunoa","zona":"Z-5A","zona_code":"Z-5A","nombre":"Z-5A","decreto":""},"geometry":{"type":"Polygon","coordinates":[[[-70.57849642802327,-33.4483639039904],[-70.57835421725088,-33.450566040561114],[-70.57760551639784,-33.45056604118206],[-70.57779373770991,-33.44833249387228],[-70.57849642802327,-33.4483639039904]]]}},{"type":"Feature","properties":{"comuna":"Nunoa","zona":"Z-5A","zona_code":"Z-5A","nombre":"Z-5A","decreto":""},"geometry":{"type":"Polygon","coordinates":[[[-70.57763061293424,-33.44832900375191],[-70.57743820911425,-33.450492753204635],[-70.57740474760487,-33.45056255101625],[-70.57666022944251,-33.45056255131955],[-70.57689027811638,-33.44829410487924],[-70.57763061293424,-33.44832900375191]]]}},{"type":"Feature","properties":{"comuna":"Nunoa","zona":"Z-5A","zona_code":"Z-5A","nombre":"Z-5A","decreto":""},"geometry":{"type":"Polygon","coordinates":[[[-70.57665186481901,-33.448280144827464],[-70.57659330678621,-33.44861867014458],[-70.57609975014803,-33.44857679149302],[-70.57660167258024,-33.448674510150624],[-70.57656821143156,-33.44900256427949],[-70.57618340344713,-33.44896068455954],[-70.57620013437348,-33.44883504695852],[-70.57612484596582,-33.44895370482701],[-70.57599936570881,-33.44896068497812],[-70.57656821120234,-33.44904095370471],[-70.57650128830414,-33.449375986100314],[-70.57563965528266,-33.44931665757868],[-70.57576931850618,-33.44826269469322],[-70.57665186481901,-33.448280144827464]]]}},{"type":"Feature","properties":{"comuna":"Nunoa","zona":"Z-5A","zona_code":"Z-5A","nombre":"Z-5A","decreto":""},"geometry":{"type":"Polygon","coordinates":[[[-70.57649911267046,-33.449488501768045],[-70.57645628172327,-33.44993967660945],[-70.57558628423628,-33.44986150296555],[-70.57562911449497,-33.44941926105692],[-70.57649911267046,-33.449488501768045]]]}},{"type":"Feature","properties":{"comuna":"Nunoa","zona":"Z-5A","zona_code":"Z-5A","nombre":"Z-5A","decreto":""},"geometry":{"type":"Polygon","coordinates":[[[-70.57644691251296,-33.45002510867838],[-70.57637998978673,-33.45054510152011],[-70.57550162630193,-33.45056604110655],[-70.57560201095995,-33.449941351994305],[-70.57644691251296,-33.45002510867838]]]}},{"type":"Feature","properties":{"comuna":"Nunoa","zona":"Z-5A","zona_code":"Z-5A","nombre":"Z-5A","decreto":""},"geometry":{"type":"Polygon","coordinates":[[[-70.57537748398286,-33.44992850901116],[-70.57527843836635,-33.4505762310205],[-70.57491705461618,-33.45054496205449],[-70.57477250117853,-33.4502278022099],[-70.5748501310707,-33.45055836313733],[-70.57430404029232,-33.4505650640374],[-70.57436828633604,-33.449823532667075],[-70.57537748398286,-33.44992850901116]]]}},{"type":"Feature","properties":{"comuna":"Nunoa","zona":"Z-5A","zona_code":"Z-5A","nombre":"Z-5A","decreto":""},"geometry":{"type":"Polygon","coordinates":[[[-70.57418893294434,-33.44982353226019],[-70.57418893228005,-33.45053826129942],[-70.57346348768988,-33.450531561053594],[-70.57372582576318,-33.44978779591248],[-70.57418893294434,-33.44982353226019]]]}},{"type":"Feature","properties":{"comuna":"Nunoa","zona":"Áreas verdes","zona_code":"Áreas verdes","nombre":"Áreas verdes","decreto":""},"geometry":{"type":"Polygon","coordinates":[[[-70.57494650044553,-33.44863751668485],[-70.57489296186446,-33.44909316323911],[-70.57475911587949,-33.449081995217554],[-70.57480730039373,-33.448628582035646],[-70.57494650044553,-33.44863751668485]]]}},{"type":"Feature","properties":{"comuna":"Nunoa","zona":"Z-5A","zona_code":"Z-5A","nombre":"Z-5A","decreto":""},"geometry":{"type":"Polygon","coordinates":[[[-70.57401225596738,-33.44819526874014],[-70.57559699113476,-33.44826227599035],[-70.57538819276172,-33.449859269611714],[-70.57373385690893,-33.449660484301965],[-70.57401225596738,-33.44819526874014]],[[-70.57494650044553,-33.44863751668485],[-70.57480730039373,-33.448628582035646],[-70.57475911695504,-33.44908199520388],[-70.57489296186446,-33.44909316323911],[-70.57494650044553,-33.44863751668485]]]}},{"type":"Feature","properties":{"comuna":"Nunoa","zona":"Z-5A","zona_code":"Z-5A","nombre":"Z-5A","decreto":""},"geometry":{"type":"Polygon","coordinates":[[[-70.58789207709488,-33.449551040767936],[-70.58814370726024,-33.44994190958172],[-70.58693374027457,-33.45054719524003],[-70.58664195643908,-33.449631448215484],[-70.58789207709488,-33.449551040767936]]]}},{"type":"Feature","properties":{"comuna":"Nunoa","zona":"Z-5A","zona_code":"Z-5A","nombre":"Z-5A","decreto":""},"geometry":{"type":"Polygon","coordinates":[[[-70.58647331002841,-33.449658251055396],[-70.58674635536902,-33.45061420139618],[-70.58608248034221,-33.45095369522416],[-70.5856862957639,-33.449720790118796],[-70.58647331002841,-33.449658251055396]]]}},{"type":"Feature","properties":{"comuna":"Nunoa","zona":"Z-5A","zona_code":"Z-5A","nombre":"Z-5A","decreto":""},"geometry":{"type":"Polygon","coordinates":[[[-70.58555512722334,-33.449765461077305],[-70.58590580393668,-33.451029634683614],[-70.58544537389145,-33.45122394926848],[-70.5852526355276,-33.449798963952716],[-70.58555512722334,-33.449765461077305]]]}},{"type":"Feature","properties":{"comuna":"Nunoa","zona":"Áreas verdes","zona_code":"Áreas verdes","nombre":"Áreas verdes","decreto":""},"geometry":{"type":"Polygon","coordinates":[[[-70.58641870121602,-33.45105768717205],[-70.58645810514668,-33.4512134962605],[-70.58613430569557,-33.451202060518455],[-70.58612059981583,-33.45116632479003],[-70.58641870121602,-33.45105768717205]]]}},{"type":"Feature","properties":{"comuna":"Nunoa","zona":"Áreas verdes","zona_code":"Áreas verdes","nombre":"Áreas verdes","decreto":""},"geometry":{"type":"Polygon","coordinates":[[[-70.58558949885226,-33.45121492547672],[-70.58575568219177,-33.45119920188509],[-70.58558778602128,-33.451283539207424],[-70.58558949885226,-33.45121492547672]]]}},{"type":"Feature","properties":{"comuna":"Nunoa","zona":"Áreas verdes","zona_code":"Áreas verdes","nombre":"Áreas verdes","decreto":""},"geometry":{"type":"Polygon","coordinates":[[[-70.58551925621776,-33.451233508908395],[-70.5855124040901,-33.451317845141354],[-70.58540104406731,-33.451359299180616],[-70.58538905155663,-33.451279250496846],[-70.58551925621776,-33.451233508908395]]]}},{"type":"Feature","properties":{"comuna":"Nunoa","zona":"Áreas verdes","zona_code":"Áreas verdes","nombre":"Áreas verdes","decreto":""},"geometry":{"type":"Polygon","coordinates":[[[-70.58533080140487,-33.45104768074626],[-70.58540446992374,-33.45118204824616],[-70.58536506631893,-33.451219214510516],[-70.58533080140487,-33.45104768074626]]]}},{"type":"Feature","properties":{"comuna":"Nunoa","zona":"Z-5A","zona_code":"Z-5A","nombre":"Z-5A","decreto":""},"geometry":{"type":"Polygon","coordinates":[[[-70.58737626767258,-33.450597449584365],[-70.58771088268792,-33.45118723584202],[-70.5867112208555,-33.451169786830064],[-70.58664848070963,-33.45108952026542],[-70.58664848054434,-33.45096039544868],[-70.58737626767258,-33.450597449584365]]]}},{"type":"Feature","properties":{"comuna":"Nunoa","zona":"Z-5A","zona_code":"Z-5A","nombre":"Z-5A","decreto":""},"geometry":{"type":"Polygon","coordinates":[[[-70.5883096761118,-33.45018759858807],[-70.58879955173065,-33.45069460787872],[-70.58899229007743,-33.45122171586069],[-70.58790546191912,-33.45117481164142],[-70.58761100024425,-33.45051369326143],[-70.5883096761118,-33.45018759858807]]]}},{"type":"Feature","properties":{"comuna":"Nunoa","zona":"Áreas verdes","zona_code":"Áreas verdes","nombre":"Áreas verdes","decreto":""},"geometry":{"type":"Polygon","coordinates":[[[-70.58852939713604,-33.450038488392515],[-70.5888412047254,-33.4504773314474],[-70.58886176368193,-33.4505202144505],[-70.58876753569695,-33.45055023306465],[-70.58846258163922,-33.45011424920653],[-70.58852939713604,-33.450038488392515]]]}},{"type":"Feature","properties":{"comuna":"Nunoa","zona":"Z-5A","zona_code":"Z-5A","nombre":"Z-5A","decreto":""},"geometry":{"type":"Polygon","coordinates":[[[-70.58940721222615,-33.44966495151762],[-70.58993456524438,-33.45058293173942],[-70.59017548768678,-33.45122394920421],[-70.58923053550485,-33.451223949221564],[-70.58900299783963,-33.45051369298741],[-70.58870853733423,-33.44997317968304],[-70.58940721222615,-33.44966495151762]]]}},{"type":"Feature","properties":{"comuna":"Nunoa","zona":"Z-5A","zona_code":"Z-5A","nombre":"Z-5A","decreto":""},"geometry":{"type":"Polygon","coordinates":[[[-70.59027721146879,-33.44924951122666],[-70.59060647180644,-33.44996201140497],[-70.59066536440747,-33.45034841260951],[-70.59006305719039,-33.450386381790885],[-70.58958924314167,-33.44957560936104],[-70.59027721146879,-33.44924951122666]]]}},{"type":"Feature","properties":{"comuna":"Nunoa","zona":"Z-5A","zona_code":"Z-5A","nombre":"Z-5A","decreto":""},"geometry":{"type":"Polygon","coordinates":[[[-70.59078047134139,-33.44900382089423],[-70.59085274803368,-33.44933885403833],[-70.59098391693851,-33.4493321528911],[-70.5910535172973,-33.450321609717],[-70.59079385593579,-33.45031937687928],[-70.59068410258566,-33.449736425009434],[-70.5903842881512,-33.449186972415774],[-70.59078047134139,-33.44900382089423]]]}},{"type":"Feature","properties":{"comuna":"Nunoa","zona":"Z-3A","zona_code":"Z-3A","nombre":"Z-3A","decreto":""},"geometry":{"type":"Polygon","coordinates":[[[-70.59078396349243,-33.44900800929643],[-70.59125696328792,-33.448793865570785],[-70.59136403980999,-33.45030150809698],[-70.59105351731375,-33.45032161061862],[-70.59098391801406,-33.4493321528773],[-70.59085274803368,-33.44933885403833],[-70.59078396349243,-33.44900800929643]]]}},{"type":"Feature","properties":{"comuna":"Nunoa","zona":"Z-3A","zona_code":"Z-3A","nombre":"Z-3A","decreto":""},"geometry":{"type":"Polygon","coordinates":[[[-70.59135333167342,-33.45043775318081],[-70.5914470246148,-33.45125745182293],[-70.59114453251958,-33.45126191832982],[-70.59108028617705,-33.45045115472121],[-70.59135333167342,-33.45043775318081]]]}},{"type":"Feature","properties":{"comuna":"Nunoa","zona":"Z-5A","zona_code":"Z-5A","nombre":"Z-5A","decreto":""},"geometry":{"type":"Polygon","coordinates":[[[-70.59108103079393,-33.4504728974218],[-70.5911439985379,-33.451256950663144],[-70.59038964189304,-33.45125298437576],[-70.59015674941344,-33.45055613004709],[-70.59108103079393,-33.4504728974218]]]}},{"type":"Feature","properties":{"comuna":"Nunoa","zona":"Z-2","zona_code":"Z-2","nombre":"Z-2","decreto":""},"geometry":{"type":"Polygon","coordinates":[[[-70.59763338217569,-33.44935895587295],[-70.59784218195685,-33.45057846510223],[-70.59733624434581,-33.450636535961074],[-70.59710870668215,-33.4492763141339],[-70.59763338217569,-33.44935895587295]]]}},{"type":"Feature","properties":{"comuna":"Nunoa","zona":"Áreas verdes","zona_code":"Áreas verdes","nombre":"Áreas verdes","decreto":""},"geometry":{"type":"Polygon","coordinates":[[[-70.59773451652336,-33.44994963784097],[-70.59780470504823,-33.4499463767058],[-70.59785021254802,-33.45023896909358],[-70.5977865014086,-33.45025326457836],[-70.59773451652336,-33.44994963784097]]]}},{"type":"Feature","properties":{"comuna":"Nunoa","zona":"Z-4C","zona_code":"Z-4C","nombre":"Z-4C","decreto":""},"geometry":{"type":"Polygon","coordinates":[[[-70.59710980616471,-33.44928288696453],[-70.59733542631508,-33.45063164413325],[-70.5960888001879,-33.45077948162161],[-70.59602187754706,-33.44910656440187],[-70.59710980616471,-33.44928288696453]]]}},{"type":"Feature","properties":{"comuna":"Nunoa","zona":"Z-4C","zona_code":"Z-4C","nombre":"Z-4C","decreto":""},"geometry":{"type":"Polygon","coordinates":[[[-70.59577292445354,-33.44905295915046],[-70.59585055503152,-33.450446686946194],[-70.59511975625358,-33.450466789291404],[-70.59506354107576,-33.44948850118274],[-70.59517864801524,-33.448954682580144],[-70.59577292445354,-33.44905295915046]]]}},{"type":"Feature","properties":{"comuna":"Nunoa","zona":"Z-4C","zona_code":"Z-4C","nombre":"Z-4C","decreto":""},"geometry":{"type":"Polygon","coordinates":[[[-70.59504731220883,-33.44893276517632],[-70.59494692753574,-33.44977034669925],[-70.5949636587187,-33.450771943028506],[-70.59511841725791,-33.45077543311386],[-70.59514930922607,-33.45059740493963],[-70.59585173240038,-33.45057596322978],[-70.59589284974616,-33.45082468730093],[-70.59568897569791,-33.45084470002617],[-70.59568897578825,-33.450946190624045],[-70.59508934628475,-33.45101766286589],[-70.59566156473838,-33.45100479742984],[-70.59572838043877,-33.4511077177157],[-70.59590141624545,-33.45109485305776],[-70.59591169532644,-33.451489377689825],[-70.59410081419117,-33.45171951714408],[-70.5940088350361,-33.44957337638309],[-70.59454154152235,-33.44949966892352],[-70.5939927735964,-33.44950413623689],[-70.59400348152262,-33.44922270914518],[-70.59455492638378,-33.44917803787065],[-70.59401418930254,-33.449162402863585],[-70.59398742012225,-33.44877599710582],[-70.59504731220883,-33.44893276517632]]]}},{"type":"Feature","properties":{"comuna":"Nunoa","zona":"Áreas verdes","zona_code":"Áreas verdes","nombre":"Áreas verdes","decreto":""},"geometry":{"type":"Polygon","coordinates":[[[-70.59585214375366,-33.45084658660434],[-70.59586968674324,-33.45095179417785],[-70.5957238571997,-33.450970091138586],[-70.59571179645098,-33.450861224575085],[-70.59585214375366,-33.45084658660434]]]}},{"type":"Feature","properties":{"comuna":"Nunoa","zona":"Áreas verdes","zona_code":"Áreas verdes","nombre":"Áreas verdes","decreto":""},"geometry":{"type":"Polygon","coordinates":[[[-70.5958707841404,-33.45099296229982],[-70.5958718800001,-33.45106980879747],[-70.5957468825493,-33.451088105445834],[-70.595738111364,-33.45100576998331],[-70.5958707841404,-33.45099296229982]]]}},{"type":"Feature","properties":{"comuna":"Nunoa","zona":"Z-4C","zona_code":"Z-4C","nombre":"Z-4C","decreto":""},"geometry":{"type":"Polygon","coordinates":[[[-70.59382178496355,-33.44873383853702],[-70.59389707314024,-33.45183983446645],[-70.59322366093818,-33.451846814773475],[-70.59308981564894,-33.44862565051451],[-70.59382178496355,-33.44873383853702]]]}},{"type":"Feature","properties":{"comuna":"Nunoa","zona":"Z-4C","zona_code":"Z-4C","nombre":"Z-4C","decreto":""},"geometry":{"type":"Polygon","coordinates":[[[-70.59589221376504,-33.45166534361818],[-70.59599259818292,-33.45283442769775],[-70.59522298441705,-33.45286234639188],[-70.5952188016188,-33.452209754749994],[-70.59509750368254,-33.45221673474655],[-70.59508913859291,-33.45284838766272],[-70.59412293906794,-33.45286932544999],[-70.59407274674231,-33.451843324746584],[-70.59589221376504,-33.45166534361818]]]}},{"type":"Feature","properties":{"comuna":"Nunoa","zona":"Áreas verdes","zona_code":"Áreas verdes","nombre":"Áreas verdes","decreto":""},"geometry":{"type":"Polygon","coordinates":[[[-70.5931767671208,-33.45193250192704],[-70.59393881098029,-33.45197915875745],[-70.59315812705508,-33.45200019959908],[-70.5931767671208,-33.45193250192704]]]}},{"type":"Feature","properties":{"comuna":"Nunoa","zona":"Z-4C","zona_code":"Z-4C","nombre":"Z-4C","decreto":""},"geometry":{"type":"Polygon","coordinates":[[[-70.5939071118989,-33.45209947692745],[-70.59394726575783,-33.45353782517625],[-70.59321914395788,-33.45355792650694],[-70.59316560606871,-33.452173181717185],[-70.5939071118989,-33.45209947692745]]]}},{"type":"Feature","properties":{"comuna":"Nunoa","zona":"Z-4C+RB","zona_code":"Z-4C+RB","nombre":"Z-4C+RB","decreto":""},"geometry":{"type":"Polygon","coordinates":[[[-70.59321914395788,-33.45355792650694],[-70.59397403502302,-33.45358472804023],[-70.59393388125945,-33.45370756641841],[-70.59321914428416,-33.45369639952132],[-70.59321914395788,-33.45355792650694]]]}},{"type":"Feature","properties":{"comuna":"Nunoa","zona":"Áreas verdes","zona_code":"Áreas verdes","nombre":"Áreas verdes","decreto":""},"geometry":{"type":"Polygon","coordinates":[[[-70.59400080427348,-33.45389740857615],[-70.5940008040108,-33.45396441213449],[-70.59320040547675,-33.45398227917315],[-70.59318969849966,-33.45390187578936],[-70.59400080427348,-33.45389740857615]]]}},{"type":"Feature","properties":{"comuna":"Nunoa","zona":"Áreas verdes","zona_code":"Áreas verdes","nombre":"Áreas verdes","decreto":""},"geometry":{"type":"Polygon","coordinates":[[[-70.59321646672339,-33.45408725003976],[-70.59401954290334,-33.454082783068564],[-70.5940463122684,-33.45511685395212],[-70.59324323596273,-33.45514365517347],[-70.59321646672339,-33.45408725003976]]]}},{"type":"Feature","properties":{"comuna":"Nunoa","zona":"Z-4C","zona_code":"Z-4C","nombre":"Z-4C","decreto":""},"geometry":{"type":"Polygon","coordinates":[[[-70.59284721938181,-33.44861518077597],[-70.59296433447771,-33.45077543316346],[-70.59229092232009,-33.450789392071094],[-70.59230347103248,-33.45088710880225],[-70.59298524869028,-33.450908047923114],[-70.59298524802601,-33.45108603037986],[-70.59249169202985,-33.45109649946981],[-70.59249169135838,-33.45116978706397],[-70.59297554479124,-33.45120384717409],[-70.59305049804395,-33.45362492951301],[-70.59190477733226,-33.45361376205246],[-70.59174951579642,-33.45205480755251],[-70.59248299215959,-33.45202130543685],[-70.59175754647082,-33.45199897015568],[-70.59159157753732,-33.44976992775152],[-70.5923544992435,-33.44972749024549],[-70.59233040760043,-33.44963814920682],[-70.591588900851,-33.44967388513541],[-70.59158087032256,-33.44943489646662],[-70.5920707460896,-33.449363422398726],[-70.59157551602722,-33.449370123275806],[-70.59153000926794,-33.44864421718445],[-70.59284721938181,-33.44861518077597]]]}},{"type":"Feature","properties":{"comuna":"Nunoa","zona":"Z-2","zona_code":"Z-2","nombre":"Z-2","decreto":""},"geometry":{"type":"Polygon","coordinates":[[[-70.59783950525676,-33.450714708958024],[-70.59803759692959,-33.45182029163163],[-70.5974326135741,-33.45189399697159],[-70.59725325979348,-33.45079958268775],[-70.59783950525676,-33.450714708958024]]]}},{"type":"Feature","properties":{"comuna":"Nunoa","zona":"Z-4C","zona_code":"Z-4C","nombre":"Z-4C","decreto":""},"geometry":{"type":"Polygon","coordinates":[[[-70.59725520399013,-33.450811444708265],[-70.59743083170514,-33.451883128489065],[-70.59718098306915,-33.45192526561571],[-70.59698021437255,-33.450812983708666],[-70.59725520399013,-33.450811444708265]]]}},{"type":"Feature","properties":{"comuna":"Nunoa","zona":"Z-4C","zona_code":"Z-4C","nombre":"Z-4C","decreto":""},"geometry":{"type":"Polygon","coordinates":[[[-70.59694273715564,-33.45081745080733],[-70.59712209108235,-33.45193643335312],[-70.59692667568514,-33.451956533966325],[-70.59694006091604,-33.452092776500706],[-70.59713279819269,-33.452086076442946],[-70.5973844288722,-33.453419453316684],[-70.59692667624522,-33.45348645584642],[-70.5968624302525,-33.453178240475594],[-70.59671787578321,-33.45318494088745],[-70.59674196837418,-33.453499856540304],[-70.59626547698811,-33.45353559155846],[-70.59613966150056,-33.45158130833807],[-70.596179815991,-33.45094922800432],[-70.5968543993831,-33.45090009109735],[-70.59694273715564,-33.45081745080733]]]}},{"type":"Feature","properties":{"comuna":"Nunoa","zona":"Z-2","zona_code":"Z-2","nombre":"Z-2","decreto":""},"geometry":{"type":"Polygon","coordinates":[[[-70.59805365867282,-33.451963234408346],[-70.59829993535746,-33.45333904907029],[-70.5976842434173,-33.453412752280784],[-70.59747008987935,-33.45203470599874],[-70.59805365867282,-33.451963234408346]]]}},{"type":"Feature","properties":{"comuna":"Nunoa","zona":"Z-4C","zona_code":"Z-4C","nombre":"Z-4C","decreto":""},"geometry":{"type":"Polygon","coordinates":[[[-70.59747008987935,-33.45203470599874],[-70.5976842434173,-33.453412752280784],[-70.59748615201902,-33.45339041827606],[-70.59726664406446,-33.452340692682455],[-70.59723452095233,-33.45205704073106],[-70.59747008987935,-33.45203470599874]]]}},{"type":"Feature","properties":{"comuna":"Nunoa","zona":"Z-2","zona_code":"Z-2","nombre":"Z-2","decreto":""},"geometry":{"type":"Polygon","coordinates":[[[-70.59831867362158,-33.45348422266312],[-70.59837756576133,-33.453830405748676],[-70.59741119850052,-33.453917509267825],[-70.59742458308843,-33.453575793555025],[-70.59831867362158,-33.45348422266312]]]}},{"type":"Feature","properties":{"comuna":"Nunoa","zona":"Z-1B","zona_code":"Z-1B","nombre":"Z-1B","decreto":""},"geometry":{"type":"Polygon","coordinates":[[[-70.59835917274827,-33.45383250970907],[-70.5984364577681,-33.4541631866402],[-70.59788501274977,-33.45423242265799],[-70.59793319677331,-33.4547103746341],[-70.59747544406483,-33.45477067596051],[-70.59741119851705,-33.45391751016945],[-70.59835917274827,-33.45383250970907]]]}},{"type":"Feature","properties":{"comuna":"Nunoa","zona":"Z-4C","zona_code":"Z-4C","nombre":"Z-4C","decreto":""},"geometry":{"type":"Polygon","coordinates":[[[-70.59718365982864,-33.45360036165514],[-70.59726932155364,-33.45398227915743],[-70.59631901588274,-33.45406044921243],[-70.59627350821624,-33.45368076540967],[-70.59718365982864,-33.45360036165514]]]}},{"type":"Feature","properties":{"comuna":"Nunoa","zona":"Z-1B","zona_code":"Z-1B","nombre":"Z-1B","decreto":""},"geometry":{"type":"Polygon","coordinates":[[[-70.5972686015553,-33.453973700275974],[-70.59736033669087,-33.45477290965668],[-70.59644215355516,-33.454944882276415],[-70.59631901588274,-33.45406044921243],[-70.5972686015553,-33.453973700275974]]]}},{"type":"Feature","properties":{"comuna":"Nunoa","zona":"Z-1B","zona_code":"Z-1B","nombre":"Z-1B","decreto":""},"geometry":{"type":"Polygon","coordinates":[[[-70.59610753908277,-33.4541207517623],[-70.59625476900882,-33.454960516338396],[-70.59493237143381,-33.4551034542614],[-70.59484938716051,-33.45421678937294],[-70.59610753908277,-33.4541207517623]]]}},{"type":"Feature","properties":{"comuna":"Nunoa","zona":"Z-4C","zona_code":"Z-4C","nombre":"Z-4C","decreto":""},"geometry":{"type":"Polygon","coordinates":[[[-70.59485230189344,-33.45421656609418],[-70.594827971963,-33.454002379766315],[-70.5949912639378,-33.45396887873043],[-70.59498858760338,-33.4537276681263],[-70.59607541613538,-33.45369416612249],[-70.59610753908277,-33.4541207517623],[-70.59485230189344,-33.45421656609418]]]}},{"type":"Feature","properties":{"comuna":"Nunoa","zona":"Áreas verdes","zona_code":"Áreas verdes","nombre":"Áreas verdes","decreto":""},"geometry":{"type":"Polygon","coordinates":[[[-70.59485690327661,-33.45371725261936],[-70.59487585091098,-33.45385601208768],[-70.59481339629448,-33.45388645709562],[-70.59477690525634,-33.45375589462889],[-70.59485690327661,-33.45371725261936]]]}},{"type":"Feature","properties":{"comuna":"Nunoa","zona":"Z-4C","zona_code":"Z-4C","nombre":"Z-4C","decreto":""},"geometry":{"type":"Polygon","coordinates":[[[-70.59602305505425,-33.4529545376814],[-70.59605560687987,-33.45359491195913],[-70.59467131894169,-33.45363064724016],[-70.59464390669308,-33.453386219623155],[-70.59412479932479,-33.45338193103344],[-70.59410595377442,-33.45301171440654],[-70.5941727694287,-33.45298455587035],[-70.59602305505425,-33.4529545376814]]]}},{"type":"Feature","properties":{"comuna":"Nunoa","zona":"Z-4C+RB","zona_code":"Z-4C+RB","nombre":"Z-4C+RB","decreto":""},"geometry":{"type":"Polygon","coordinates":[[[-70.59467131894169,-33.45363064724016],[-70.59444785009705,-33.4536293968564],[-70.59452012598796,-33.45408948373401],[-70.59443446467778,-33.45409171739526],[-70.59443178813477,-33.45430835967863],[-70.59457634150915,-33.454315059558475],[-70.59458972585196,-33.454518300496716],[-70.59415606572985,-33.45454286824328],[-70.59412479932479,-33.45338193103344],[-70.59464390775217,-33.453386218707706],[-70.59467131894169,-33.45363064724016]]]}},{"type":"Feature","properties":{"comuna":"Nunoa","zona":"Z-4C","zona_code":"Z-4C","nombre":"Z-4C","decreto":""},"geometry":{"type":"Polygon","coordinates":[[[-70.59465132206753,-33.453630534735645],[-70.59470483386623,-33.4539309100261],[-70.59474231094681,-33.45452500056742],[-70.59458972585196,-33.454518300496716],[-70.59457634150915,-33.454315059558475],[-70.59443178813477,-33.45430835967863],[-70.59443446467778,-33.45409171739526],[-70.59452012706357,-33.454089483720175],[-70.59444785008054,-33.45362939595478],[-70.59465132206753,-33.453630534735645]]]}},{"type":"Feature","properties":{"comuna":"Nunoa","zona":"Z-1B","zona_code":"Z-1B","nombre":"Z-1B","decreto":""},"geometry":{"type":"Polygon","coordinates":[[[-70.59473725245637,-33.454524778862705],[-70.59481726407995,-33.45502081764665],[-70.59416677267511,-33.455152588419395],[-70.59415606572985,-33.45454286824328],[-70.59473725245637,-33.454524778862705]]]}},{"type":"Feature","properties":{"comuna":"Nunoa","zona":"Z-4C+RB","zona_code":"Z-4C+RB","nombre":"Z-4C+RB","decreto":""},"geometry":{"type":"Polygon","coordinates":[[[-70.59271847401462,-33.45362932679992],[-70.59305044564006,-33.45362306429166],[-70.59307191363152,-33.45372766809718],[-70.59271320693786,-33.45373660181658],[-70.59271847401462,-33.45362932679992]]]}},{"type":"Feature","properties":{"comuna":"Nunoa","zona":"Z-3","zona_code":"Z-3","nombre":"Z-3","decreto":""},"geometry":{"type":"Polygon","coordinates":[[[-70.59271320658085,-33.45358472753391],[-70.5927132065062,-33.453872841007254],[-70.59308797528917,-33.45386390737416],[-70.59310939083805,-33.45450490018049],[-70.59196902363593,-33.45454286787748],[-70.59190477733226,-33.45361376205246],[-70.59271320658085,-33.45358472753391]]]}},{"type":"Feature","properties":{"comuna":"Nunoa","zona":"Z-1B","zona_code":"Z-1B","nombre":"Z-1B","decreto":""},"geometry":{"type":"Polygon","coordinates":[[[-70.5931010525534,-33.45450517779062],[-70.59310939025467,-33.45515705510058],[-70.59199579210203,-33.4551927897977],[-70.59196902365241,-33.45454286877911],[-70.5931010525534,-33.45450517779062]]]}},{"type":"Feature","properties":{"comuna":"Nunoa","zona":"Z-5A","zona_code":"Z-5A","nombre":"Z-5A","decreto":""},"geometry":{"type":"Polygon","coordinates":[[[-70.59146576272124,-33.45143613166089],[-70.59149788589262,-33.45169521677038],[-70.59044853386219,-33.45174882057068],[-70.59048333319717,-33.45140709633565],[-70.59146576272124,-33.45143613166089]]]}},{"type":"Feature","properties":{"comuna":"Nunoa","zona":"Z-3A","zona_code":"Z-3A","nombre":"Z-3A","decreto":""},"geometry":{"type":"Polygon","coordinates":[[[-70.59044853386219,-33.45174882057068],[-70.59149788589262,-33.45169521677038],[-70.59169062369989,-33.45423912314086],[-70.59073228752746,-33.454265924661385],[-70.59078314813549,-33.454842145669915],[-70.5903816109059,-33.4548600130333],[-70.59021028757743,-33.45337031692544],[-70.59052348775438,-33.45336138367282],[-70.59044853386219,-33.45174882057068]]]}},{"type":"Feature","properties":{"comuna":"Nunoa","zona":"ICH-4","zona_code":"ICH-4","nombre":"ICH-4","decreto":""},"geometry":{"type":"Polygon","coordinates":[[[-70.59169062369989,-33.45423912314086],[-70.591768254789,-33.45493594847852],[-70.59159960862519,-33.4549582826157],[-70.59158890096057,-33.45521512359411],[-70.59112847131641,-33.455248624415596],[-70.59112311688119,-33.45506771936036],[-70.59080991721864,-33.45507441947628],[-70.59073228645184,-33.45426592467519],[-70.59169062369989,-33.45423912314086]]]}},{"type":"Feature","properties":{"comuna":"Nunoa","zona":"Z-1D","zona_code":"Z-1D","nombre":"Z-1D","decreto":""},"geometry":{"type":"Polygon","coordinates":[[[-70.59176357100756,-33.45493656866317],[-70.59179770108184,-33.45520842387665],[-70.59158890096057,-33.45521512359411],[-70.59159960862519,-33.4549582826157],[-70.59176357100756,-33.45493656866317]]]}},{"type":"Feature","properties":{"comuna":"Nunoa","zona":"Z-1D","zona_code":"Z-1D","nombre":"Z-1D","decreto":""},"geometry":{"type":"Polygon","coordinates":[[[-70.59075531638821,-33.4548433839323],[-70.59080991721864,-33.45507441947628],[-70.59112311688119,-33.45506771936036],[-70.59112847131641,-33.455248624415596],[-70.58978733457124,-33.4553178599515],[-70.58973112018496,-33.45490468125816],[-70.59075531638821,-33.4548433839323]]]}},{"type":"Feature","properties":{"comuna":"Nunoa","zona":"Z-4m","zona_code":"Z-4m","nombre":"Z-4m","decreto":""},"geometry":{"type":"Polygon","coordinates":[[[-70.590448533228,-33.451759568646324],[-70.59052348775438,-33.45336138367282],[-70.59021028865304,-33.453370316911645],[-70.5903333063507,-33.454439722282515],[-70.59024508786172,-33.45444906436029],[-70.59026664230137,-33.45487517517641],[-70.58973112016851,-33.454904680356535],[-70.58931619684088,-33.451764454364344],[-70.590448533228,-33.451759568646324]]]}},{"type":"Feature","properties":{"comuna":"Nunoa","zona":"Z-5A","zona_code":"Z-5A","nombre":"Z-5A","decreto":""},"geometry":{"type":"Polygon","coordinates":[[[-70.59021279512024,-33.45175821453875],[-70.58931619684088,-33.451764454364344],[-70.58927336691238,-33.451433898341875],[-70.59016745725287,-33.45140932969474],[-70.59021279512024,-33.45175821453875]]]}},{"type":"Feature","properties":{"comuna":"Nunoa","zona":"Z-5A","zona_code":"Z-5A","nombre":"Z-5A","decreto":""},"geometry":{"type":"Polygon","coordinates":[[[-70.58905770786583,-33.45139662693747],[-70.58917900578643,-33.452618061279125],[-70.58813333381686,-33.45267040806612],[-70.58795347877223,-33.45139313693096],[-70.58905770786583,-33.45139662693747]]]}},{"type":"Feature","properties":{"comuna":"Nunoa","zona":"Z-5A","zona_code":"Z-5A","nombre":"Z-5A","decreto":""},"geometry":{"type":"Polygon","coordinates":[[[-70.58919991886876,-33.45282395894744],[-70.5892668420275,-33.45369290983782],[-70.58826717962575,-33.45375223536662],[-70.58816679561282,-33.45288328500746],[-70.58919991886876,-33.45282395894744]]]}},{"type":"Feature","properties":{"comuna":"Nunoa","zona":"Z-5A","zona_code":"Z-5A","nombre":"Z-5A","decreto":""},"geometry":{"type":"Polygon","coordinates":[[[-70.58615910661804,-33.45138266674476],[-70.5877610753604,-33.45143152514245],[-70.58821698775773,-33.45492478130032],[-70.58728006625674,-33.4549247814503],[-70.58671122151011,-33.45297052942615],[-70.58691199041809,-33.452935631315],[-70.58688271148998,-33.45276463217366],[-70.58663593335612,-33.45276463281389],[-70.58615910661804,-33.45138266674476]]]}},{"type":"Feature","properties":{"comuna":"Nunoa","zona":"Z-5A","zona_code":"Z-5A","nombre":"Z-5A","decreto":""},"geometry":{"type":"Polygon","coordinates":[[[-70.58602526112958,-33.45137219727375],[-70.58627622216791,-33.4522306936311],[-70.58556934808001,-33.45233887767481],[-70.58550242525828,-33.45153273052021],[-70.58583285716264,-33.45136521837249],[-70.58602526112958,-33.45137219727375]]]}},{"type":"Feature","properties":{"comuna":"Nunoa","zona":"Z-5A","zona_code":"Z-5A","nombre":"Z-5A","decreto":""},"geometry":{"type":"Polygon","coordinates":[[[-70.5863891544655,-33.45232491876173],[-70.58650208696184,-33.45284838676578],[-70.58566136746555,-33.45292167252219],[-70.58561117534143,-33.45245404095563],[-70.5863891544655,-33.45232491876173]]]}},{"type":"Feature","properties":{"comuna":"Nunoa","zona":"Z-5A","zona_code":"Z-5A","nombre":"Z-5A","decreto":""},"geometry":{"type":"Polygon","coordinates":[[[-70.58658038644646,-33.45297946292976],[-70.58681863274141,-33.45393314331645],[-70.58582549610051,-33.454118518003966],[-70.58565952751455,-33.453120171109866],[-70.58658038644646,-33.45297946292976]]]}},{"type":"Feature","properties":{"comuna":"Nunoa","zona":"Z-5A","zona_code":"Z-5A","nombre":"Z-5A","decreto":""},"geometry":{"type":"Polygon","coordinates":[[[-70.58688823288028,-33.454053748468404],[-70.58711041684279,-33.45480864467648],[-70.58653487954103,-33.45488904743622],[-70.58649740289381,-33.45453840120111],[-70.58635284902829,-33.45456073549595],[-70.58645724883628,-33.45491138113313],[-70.58593792709407,-33.4549225483357],[-70.58582281916803,-33.45423018954055],[-70.58688823288028,-33.454053748468404]]]}},{"type":"Feature","properties":{"comuna":"Nunoa","zona":"Z-1D","zona_code":"Z-1D","nombre":"Z-1D","decreto":""},"geometry":{"type":"Polygon","coordinates":[[[-70.58709044566885,-33.454811434535266],[-70.58728173912314,-33.45537816204398],[-70.58598878824026,-33.45532456067663],[-70.58593792709407,-33.4549225483357],[-70.58709044566885,-33.454811434535266]]]}},{"type":"Feature","properties":{"comuna":"Nunoa","zona":"Z-1D","zona_code":"Z-1D","nombre":"Z-1D","decreto":""},"geometry":{"type":"Polygon","coordinates":[[[-70.58821698775773,-33.45492478130032],[-70.58826149106382,-33.45539156169641],[-70.5874155855277,-33.45541389583977],[-70.58728006625674,-33.4549247814503],[-70.58821698775773,-33.45492478130032]]]}},{"type":"Feature","properties":{"comuna":"Nunoa","zona":"Z-1D","zona_code":"Z-1D","nombre":"Z-1D","decreto":""},"geometry":{"type":"Polygon","coordinates":[[[-70.58950090514472,-33.45491361447923],[-70.58957050455615,-33.455326793901385],[-70.58849438359098,-33.455393795427796],[-70.58840872188527,-33.454904681042336],[-70.58950090514472,-33.45491361447923]]]}},{"type":"Feature","properties":{"comuna":"Nunoa","zona":"Áreas verdes","zona_code":"Áreas verdes","nombre":"Áreas verdes","decreto":""},"geometry":{"type":"Polygon","coordinates":[[[-70.58858079432987,-33.4555431645723],[-70.5891889905112,-33.45553030033252],[-70.58799829704171,-33.45556603433514],[-70.58858079432987,-33.4555431645723]]]}},{"type":"Feature","properties":{"comuna":"Nunoa","zona":"Áreas verdes","zona_code":"Áreas verdes","nombre":"Áreas verdes","decreto":""},"geometry":{"type":"Polygon","coordinates":[[[-70.58815056862157,-33.455422526106425],[-70.58831065254515,-33.45547009572997],[-70.58813083245849,-33.45549113533503],[-70.58815056862157,-33.455422526106425]]]}},{"type":"Feature","properties":{"comuna":"Nunoa","zona":"Áreas verdes","zona_code":"Áreas verdes","nombre":"Áreas verdes","decreto":""},"geometry":{"type":"Polygon","coordinates":[[[-70.58727874091029,-33.45559176305139],[-70.58664656077102,-33.45556603509152],[-70.58594071093366,-33.45549599509673],[-70.58596298273568,-33.45546597844197],[-70.58727874091029,-33.45559176305139]]]}},{"type":"Feature","properties":{"comuna":"Nunoa","zona":"Áreas verdes","zona_code":"Áreas verdes","nombre":"Áreas verdes","decreto":""},"geometry":{"type":"Polygon","coordinates":[[[-70.58701490454388,-33.45564893839551],[-70.58765907790008,-33.45571183057854],[-70.58698406659725,-33.455670378430526],[-70.58701490454388,-33.45564893839551]]]}},{"type":"Feature","properties":{"comuna":"Nunoa","zona":"Áreas verdes","zona_code":"Áreas verdes","nombre":"Áreas verdes","decreto":""},"geometry":{"type":"Polygon","coordinates":[[[-70.59177939006148,-33.45535020007984],[-70.59096560741585,-33.4554288153996],[-70.58981603126672,-33.45545883190699],[-70.59071033675384,-33.45540880434259],[-70.59177939006148,-33.45535020007984]]]}},{"type":"Feature","properties":{"comuna":"Nunoa","zona":"Áreas verdes","zona_code":"Áreas verdes","nombre":"Áreas verdes","decreto":""},"geometry":{"type":"Polygon","coordinates":[[[-70.59199354356085,-33.45533876429061],[-70.59310371543916,-33.45532018321087],[-70.59198840468994,-33.455361634968284],[-70.59199354356085,-33.45533876429061]]]}},{"type":"Feature","properties":{"comuna":"Nunoa","zona":"Áreas verdes","zona_code":"Áreas verdes","nombre":"Áreas verdes","decreto":""},"geometry":{"type":"Polygon","coordinates":[[[-70.59330416348867,-33.455287307050845],[-70.5940082998659,-33.455300171530396],[-70.59330073710284,-33.45530731859617],[-70.59330416348867,-33.455287307050845]]]}},{"type":"Feature","properties":{"comuna":"Nunoa","zona":"Áreas verdes","zona_code":"Áreas verdes","nombre":"Áreas verdes","decreto":""},"geometry":{"type":"Polygon","coordinates":[[[-70.59769345252624,-33.45493568024232],[-70.59593568063875,-33.455150087032116],[-70.59418476207495,-33.45528158983406],[-70.5941881889889,-33.455260148854386],[-70.59769345252624,-33.45493568024232]]]}},{"type":"Feature","properties":{"comuna":"Nunoa","zona":"Z-5A","zona_code":"Z-5A","nombre":"Z-5A","decreto":""},"geometry":{"type":"Polygon","coordinates":[[[-70.58950090514472,-33.45491361447923],[-70.58843000370264,-33.45490485474025],[-70.58829361454424,-33.45398451234993],[-70.58936438202066,-33.453917509335405],[-70.58950090514472,-33.45491361447923]]]}},{"type":"Feature","properties":{"comuna":"Nunoa","zona":"Z-5A","zona_code":"Z-5A","nombre":"Z-5A","decreto":""},"geometry":{"type":"Polygon","coordinates":[[[-70.57635484064957,-33.45075082470874],[-70.57629891791943,-33.45115848181098],[-70.57529525142037,-33.45108726457278],[-70.57525404563343,-33.45092518417785],[-70.5751186537237,-33.450925183853805],[-70.57517163290242,-33.45134266389003],[-70.5762783152264,-33.45120268581162],[-70.57626359844727,-33.451593151158086],[-70.57483020968048,-33.451691381055134],[-70.57475368423397,-33.45106270734506],[-70.57458591569238,-33.45104060515212],[-70.57463595216642,-33.45170120412817],[-70.57422388980889,-33.45169874764895],[-70.5741767964636,-33.45113392412373],[-70.57405023515815,-33.45113883554065],[-70.5740914406714,-33.45175277401826],[-70.57353810018246,-33.45176259750367],[-70.5734262546154,-33.450706620436826],[-70.57635484064957,-33.45075082470874]]]}},{"type":"Feature","properties":{"comuna":"Nunoa","zona":"Áreas verdes","zona_code":"Áreas verdes","nombre":"Áreas verdes","decreto":""},"geometry":{"type":"Polygon","coordinates":[[[-70.57608169131298,-33.451120474447706],[-70.5753581207314,-33.451153472166204],[-70.57529407388529,-33.45113304057592],[-70.5757220309071,-33.451077441335244],[-70.57608169131298,-33.451120474447706]]]}},{"type":"Feature","properties":{"comuna":"Nunoa","zona":"Áreas verdes","zona_code":"Áreas verdes","nombre":"Áreas verdes","decreto":""},"geometry":{"type":"Polygon","coordinates":[[[-70.5761143869227,-33.451217872034704],[-70.57517163290242,-33.45134266389003],[-70.5751186537237,-33.450925183853805],[-70.57523944664003,-33.4509251839112],[-70.57523567936565,-33.45119119269082],[-70.5761143869227,-33.451217872034704]]]}},{"type":"Feature","properties":{"comuna":"Nunoa","zona":"Z-5A","zona_code":"Z-5A","nombre":"Z-5A","decreto":""},"geometry":{"type":"Polygon","coordinates":[[[-70.57621650510588,-33.45176505305548],[-70.57613114920014,-33.45252878692072],[-70.57470070472142,-33.4526564844433],[-70.57368820882527,-33.45263929380552],[-70.57357636314701,-33.45193695559255],[-70.57621650510588,-33.45176505305548]]]}},{"type":"Feature","properties":{"comuna":"Nunoa","zona":"Z-1B","zona_code":"Z-1B","nombre":"Z-1B","decreto":""},"geometry":{"type":"Polygon","coordinates":[[[-70.57612017258509,-33.45252981208773],[-70.57605756690432,-33.45311079148286],[-70.57376767766165,-33.453211474832585],[-70.57368820882527,-33.45263929380552],[-70.57470070470512,-33.45265648354167],[-70.57612017258509,-33.45252981208773]]]}},{"type":"Feature","properties":{"comuna":"Nunoa","zona":"Áreas verdes","zona_code":"Áreas verdes","nombre":"Áreas verdes","decreto":""},"geometry":{"type":"Polygon","coordinates":[[[-70.57511700558511,-33.45318406945902],[-70.5748834243858,-33.45336323731933],[-70.57445017026052,-33.453221789229616],[-70.57480054109627,-33.45319821425176],[-70.57511700558511,-33.45318406945902]]]}},{"type":"Feature","properties":{"comuna":"Nunoa","zona":"Áreas verdes","zona_code":"Áreas verdes","nombre":"Áreas verdes","decreto":""},"geometry":{"type":"Polygon","coordinates":[[[-70.57601930366494,-33.453712142251355],[-70.5760513276056,-33.453319231255485],[-70.57588179331586,-33.453276797084726],[-70.5761097227926,-33.453300371793475],[-70.57601930366494,-33.453712142251355]]]}},{"type":"Feature","properties":{"comuna":"Nunoa","zona":"Áreas verdes","zona_code":"Áreas verdes","nombre":"Áreas verdes","decreto":""},"geometry":{"type":"Polygon","coordinates":[[[-70.57557474762947,-33.45329408516297],[-70.57557098040846,-33.45335852241596],[-70.57535058604486,-33.45333809125778],[-70.57538637624407,-33.453605271029105],[-70.57566704965171,-33.453828443574395],[-70.57604379231165,-33.453773436291975],[-70.57588367724604,-33.45404847331787],[-70.57493428470613,-33.453405671910716],[-70.57499456345886,-33.453331804020465],[-70.57557474762947,-33.45329408516297]]]}},{"type":"Feature","properties":{"comuna":"Nunoa","zona":"Z-1B","zona_code":"Z-1B","nombre":"Z-1B","decreto":""},"geometry":{"type":"Polygon","coordinates":[[[-70.57535058604486,-33.45333809125778],[-70.5760513276056,-33.453319231255485],[-70.57600800155176,-33.45376243529953],[-70.57566704966803,-33.45382844447602],[-70.57538637624407,-33.453605271029105],[-70.57535058604486,-33.45333809125778]]]}},{"type":"Feature","properties":{"comuna":"Nunoa","zona":"Z-5A","zona_code":"Z-5A","nombre":"Z-5A","decreto":""},"geometry":{"type":"Polygon","coordinates":[[[-70.58512293940683,-33.4507410010142],[-70.585190635289,-33.451222331671616],[-70.58390146917462,-33.45116339321618],[-70.58385437619239,-33.45077538203012],[-70.58396916438912,-33.45073117826249],[-70.58512293940683,-33.4507410010142]]]}},{"type":"Feature","properties":{"comuna":"Nunoa","zona":"Z-5A","zona_code":"Z-5A","nombre":"Z-5A","decreto":""},"geometry":{"type":"Polygon","coordinates":[[[-70.58358653574105,-33.45073117876953],[-70.58363951491563,-33.45120022962922],[-70.58259169952902,-33.451116733943984],[-70.5825593225906,-33.45073608987831],[-70.58262407518367,-33.450709076598706],[-70.58358653574105,-33.45073117876953]]]}},{"type":"Feature","properties":{"comuna":"Nunoa","zona":"Z-5A","zona_code":"Z-5A","nombre":"Z-5A","decreto":""},"geometry":{"type":"Polygon","coordinates":[[[-70.58366894799198,-33.45127144677747],[-70.58368660776992,-33.45171839385888],[-70.58262701843721,-33.45164963349464],[-70.5826417353692,-33.451241977965275],[-70.58366894799198,-33.45127144677747]]]}},{"type":"Feature","properties":{"comuna":"Nunoa","zona":"Z-5A","zona_code":"Z-5A","nombre":"Z-5A","decreto":""},"geometry":{"type":"Polygon","coordinates":[[[-70.58237389472698,-33.45072626681814],[-70.58242098736633,-33.45164472163942],[-70.58180878113284,-33.45163489875633],[-70.58182938351649,-33.45074836877594],[-70.58237389472698,-33.45072626681814]]]}},{"type":"Feature","properties":{"comuna":"Nunoa","zona":"Z-5A","zona_code":"Z-5A","nombre":"Z-5A","decreto":""},"geometry":{"type":"Polygon","coordinates":[[[-70.58167338867825,-33.45073608945463],[-70.58169399217708,-33.451610340952705],[-70.58116125430338,-33.451602973847045],[-70.58120246056085,-33.451239522203586],[-70.58048429453464,-33.451266535105404],[-70.58061380006762,-33.45069925287542],[-70.58167338867825,-33.45073608945463]]]}},{"type":"Feature","properties":{"comuna":"Nunoa","zona":"Z-5A","zona_code":"Z-5A","nombre":"Z-5A","decreto":""},"geometry":{"type":"Polygon","coordinates":[[[-70.58112887732345,-33.451354942588175],[-70.58112299136667,-33.45172330512809],[-70.58167927580612,-33.45177487577175],[-70.58164395556926,-33.45262947090404],[-70.5810023161004,-33.452592635427926],[-70.58094933641006,-33.45308132270584],[-70.58031063974396,-33.45305185385226],[-70.58054315994296,-33.45135003145577],[-70.58112887732345,-33.451354942588175]]]}},{"type":"Feature","properties":{"comuna":"Nunoa","zona":"Z-5A","zona_code":"Z-5A","nombre":"Z-5A","decreto":""},"geometry":{"type":"Polygon","coordinates":[[[-70.58238861128885,-33.451782243789204],[-70.58251811632138,-33.45267613010571],[-70.58178229053281,-33.45264175008925],[-70.58180878076548,-33.45180188908741],[-70.58238861128885,-33.451782243789204]]]}},{"type":"Feature","properties":{"comuna":"Nunoa","zona":"Z-5A","zona_code":"Z-5A","nombre":"Z-5A","decreto":""},"geometry":{"type":"Polygon","coordinates":[[[-70.58249751374453,-33.45288486605352],[-70.5825063430948,-33.45297818264907],[-70.58214137432087,-33.453191829243636],[-70.581090615249,-33.45310342398138],[-70.5811288774366,-33.45273261131274],[-70.58249751374453,-33.45288486605352]]]}},{"type":"Feature","properties":{"comuna":"Nunoa","zona":"Z-5A","zona_code":"Z-5A","nombre":"Z-5A","decreto":""},"geometry":{"type":"Polygon","coordinates":[[[-70.5831391534021,-33.45180434507378],[-70.58319213313905,-33.45257053389568],[-70.58273592076331,-33.45282592831358],[-70.5826505655375,-33.45180680068075],[-70.5831391534021,-33.45180434507378]]]}},{"type":"Feature","properties":{"comuna":"Nunoa","zona":"Z-5A","zona_code":"Z-5A","nombre":"Z-5A","decreto":""},"geometry":{"type":"Polygon","coordinates":[[[-70.5837219275373,-33.45182644702512],[-70.58376607655967,-33.45220708632969],[-70.5832686589403,-33.45250914071985],[-70.58329809172051,-33.451801889498405],[-70.5837219275373,-33.45182644702512]]]}},{"type":"Feature","properties":{"comuna":"Nunoa","zona":"Z-5A","zona_code":"Z-5A","nombre":"Z-5A","decreto":""},"geometry":{"type":"Polygon","coordinates":[[[-70.58395795164547,-33.451865695056384],[-70.58435217549845,-33.45190291269232],[-70.58398206372064,-33.45207189926641],[-70.58395795164547,-33.451865695056384]]]}},{"type":"Feature","properties":{"comuna":"Nunoa","zona":"Áreas verdes","zona_code":"Áreas verdes","nombre":"Áreas verdes","decreto":""},"geometry":{"type":"Polygon","coordinates":[[[-70.58447755564615,-33.451873742846786],[-70.58404234225176,-33.452173491901455],[-70.58393866230946,-33.452178521463146],[-70.5844052206596,-33.45188279564722],[-70.58447755564615,-33.451873742846786]]]}},{"type":"Feature","properties":{"comuna":"Nunoa","zona":"Áreas verdes","zona_code":"Áreas verdes","nombre":"Áreas verdes","decreto":""},"geometry":{"type":"Polygon","coordinates":[[[-70.58318999998862,-33.45278505741063],[-70.58327680139531,-33.45283434517982],[-70.58311284289154,-33.4528353506892],[-70.58318999998862,-33.45278505741063]]]}},{"type":"Feature","properties":{"comuna":"Nunoa","zona":"Z-5A","zona_code":"Z-5A","nombre":"Z-5A","decreto":""},"geometry":{"type":"Polygon","coordinates":[[[-70.58520829575097,-33.4512935492696],[-70.58520535149148,-33.451372133209716],[-70.58460786115275,-33.45175031857382],[-70.58394561851237,-33.451698747854344],[-70.58394856121419,-33.45126407941834],[-70.58520829575097,-33.4512935492696]]]}},{"type":"Feature","properties":{"comuna":"Nunoa","zona":"Z-5A","zona_code":"Z-5A","nombre":"Z-5A","decreto":""},"geometry":{"type":"Polygon","coordinates":[[[-70.58183821394731,-33.45335144978767],[-70.58062557245556,-33.4540390431994],[-70.58018407795956,-33.453960461216255],[-70.58031946898515,-33.45322866535899],[-70.58183821394731,-33.45335144978767]]]}},{"type":"Feature","properties":{"comuna":"Nunoa","zona":"Z-1B","zona_code":"Z-1B","nombre":"Z-1B","decreto":""},"geometry":{"type":"Polygon","coordinates":[[[-70.58018407797591,-33.45396046211789],[-70.58059025309409,-33.45406360054146],[-70.58015758745611,-33.45429934553817],[-70.58018407797591,-33.45396046211789]]]}},{"type":"Feature","properties":{"comuna":"Nunoa","zona":"Z-5A","zona_code":"Z-5A","nombre":"Z-5A","decreto":""},"geometry":{"type":"Polygon","coordinates":[[[-70.5825034001813,-33.45329987987289],[-70.58258875562872,-33.45413235892454],[-70.58123189308657,-33.4540022081681],[-70.5825034001813,-33.45329987987289]]]}},{"type":"Feature","properties":{"comuna":"Nunoa","zona":"Z-1B","zona_code":"Z-1B","nombre":"Z-1B","decreto":""},"geometry":{"type":"Polygon","coordinates":[[[-70.5825877794315,-33.454117949228525],[-70.58264467822434,-33.4546505053631],[-70.58180878009077,-33.45456455765042],[-70.58177346089496,-33.45423058592611],[-70.58187353333125,-33.45417410573053],[-70.58167633196419,-33.45418884018726],[-70.58171753873275,-33.45455964626237],[-70.58049606790816,-33.45444177439603],[-70.58123189308657,-33.4540022081681],[-70.5825877794315,-33.454117949228525]]]}},{"type":"Feature","properties":{"comuna":"Nunoa","zona":"Áreas verdes","zona_code":"Áreas verdes","nombre":"Áreas verdes","decreto":""},"geometry":{"type":"Polygon","coordinates":[[[-70.58045168277269,-33.45456396824763],[-70.58216774620587,-33.45477613746756],[-70.5802934505521,-33.45458439927746],[-70.58045168277269,-33.45456396824763]]]}},{"type":"Feature","properties":{"comuna":"Nunoa","zona":"Áreas verdes","zona_code":"Áreas verdes","nombre":"Áreas verdes","decreto":""},"geometry":{"type":"Polygon","coordinates":[[[-70.57882792134927,-33.45445552548396],[-70.57981687090198,-33.454541965208406],[-70.57881096742243,-33.45448067178783],[-70.57882792134927,-33.45445552548396]]]}},{"type":"Feature","properties":{"comuna":"Nunoa","zona":"Z-5A","zona_code":"Z-5A","nombre":"Z-5A","decreto":""},"geometry":{"type":"Polygon","coordinates":[[[-70.58520939900939,-33.451690613450396],[-70.58539795440568,-33.45294533752647],[-70.58480009552895,-33.4529031298169],[-70.58471271667085,-33.4519668842504],[-70.58520939900939,-33.451690613450396]]]}},{"type":"Feature","properties":{"comuna":"Nunoa","zona":"Z-5A","zona_code":"Z-5A","nombre":"Z-5A","decreto":""},"geometry":{"type":"Polygon","coordinates":[[[-70.5846391341729,-33.45204746330375],[-70.58468052477673,-33.452891618787284],[-70.58406886936476,-33.452834063311734],[-70.584027479035,-33.45237745254448],[-70.5846391341729,-33.45204746330375]]]}},{"type":"Feature","properties":{"comuna":"Nunoa","zona":"Z-5A","zona_code":"Z-5A","nombre":"Z-5A","decreto":""},"geometry":{"type":"Polygon","coordinates":[[[-70.58381022639881,-33.45250668480535],[-70.5838131694202,-33.45282592865898],[-70.58335401462026,-33.452759623956155],[-70.58381022639881,-33.45250668480535]]]}},{"type":"Feature","properties":{"comuna":"Nunoa","zona":"Z-5A","zona_code":"Z-5A","nombre":"Z-5A","decreto":""},"geometry":{"type":"Polygon","coordinates":[[[-70.58544375941379,-33.45310342424479],[-70.58556443506406,-33.45411762520979],[-70.58418402580543,-33.453967828781956],[-70.58413693336232,-33.45298800535381],[-70.58544375941379,-33.45310342424479]]]}},{"type":"Feature","properties":{"comuna":"Nunoa","zona":"Z-5A","zona_code":"Z-5A","nombre":"Z-5A","decreto":""},"geometry":{"type":"Polygon","coordinates":[[[-70.58382199915488,-33.45294380302439],[-70.58388086578127,-33.453270411862626],[-70.58362185520306,-33.45327286791072],[-70.58363068527406,-33.45336372869201],[-70.58389852504203,-33.45332934845265],[-70.58394561797249,-33.45393099349721],[-70.58276241078036,-33.45379593039179],[-70.58274475064478,-33.453100968441],[-70.58313032362719,-33.45291924528665],[-70.58382199915488,-33.45294380302439]]]}},{"type":"Feature","properties":{"comuna":"Nunoa","zona":"Z-5A","zona_code":"Z-5A","nombre":"Z-5A","decreto":""},"geometry":{"type":"Polygon","coordinates":[[[-70.58394561849981,-33.4540734230999],[-70.58399271146295,-33.45436810396137],[-70.58282422008911,-33.45421094070322],[-70.58283010620536,-33.45397028460338],[-70.58394561849981,-33.4540734230999]]]}},{"type":"Feature","properties":{"comuna":"Nunoa","zona":"Z-1D","zona_code":"Z-1D","nombre":"Z-1D","decreto":""},"geometry":{"type":"Polygon","coordinates":[[[-70.58397990923139,-33.454365593610326],[-70.58406923704479,-33.45489607154669],[-70.58281244721091,-33.45452526717274],[-70.58282422008911,-33.45421094070322],[-70.58397990923139,-33.454365593610326]]]}},{"type":"Feature","properties":{"comuna":"Nunoa","zona":"Áreas verdes","zona_code":"Áreas verdes","nombre":"Áreas verdes","decreto":""},"geometry":{"type":"Polygon","coordinates":[[[-70.58318278073554,-33.454581873513376],[-70.58319507610004,-33.45471435305979],[-70.58286422747653,-33.45453318154056],[-70.58318278073554,-33.454581873513376]]]}},{"type":"Feature","properties":{"comuna":"Nunoa","zona":"Áreas verdes","zona_code":"Áreas verdes","nombre":"Áreas verdes","decreto":""},"geometry":{"type":"Polygon","coordinates":[[[-70.58309500339139,-33.45477328911488],[-70.58281538980864,-33.45475118815518],[-70.58281833352927,-33.45461858251523],[-70.58284482313891,-33.45461612675684],[-70.58309500339139,-33.45477328911488]]]}},{"type":"Feature","properties":{"comuna":"Nunoa","zona":"Áreas verdes","zona_code":"Áreas verdes","nombre":"Áreas verdes","decreto":""},"geometry":{"type":"Polygon","coordinates":[[[-70.58403686089552,-33.455036044325404],[-70.5852524446402,-33.45536018982232],[-70.58297432802367,-33.45483959195404],[-70.58403686089552,-33.455036044325404]]]}},{"type":"Feature","properties":{"comuna":"Nunoa","zona":"Áreas verdes","zona_code":"Áreas verdes","nombre":"Áreas verdes","decreto":""},"geometry":{"type":"Polygon","coordinates":[[[-70.58328337512285,-33.45502376606175],[-70.58320979282347,-33.45522512893955],[-70.5830537973023,-33.45504586671923],[-70.58312443645546,-33.45499675333732],[-70.58328337512285,-33.45502376606175]]]}},{"type":"Feature","properties":{"comuna":"Nunoa","zona":"ICH-2","zona_code":"ICH-2","nombre":"ICH-2","decreto":""},"geometry":{"type":"Polygon","coordinates":[[[-70.58500520691348,-33.45420602972957],[-70.58484626906353,-33.45507287876198],[-70.58426938204748,-33.45495255146406],[-70.5842134587984,-33.454132359579965],[-70.58500520691348,-33.45420602972957]]]}},{"type":"Feature","properties":{"comuna":"Nunoa","zona":"Z-5","zona_code":"Z-5","nombre":"Z-5","decreto":""},"geometry":{"type":"Polygon","coordinates":[[[-70.58557032190262,-33.45427233281252],[-70.58564979013266,-33.45493045056628],[-70.58490250660405,-33.454766163382985],[-70.5850044934889,-33.454209924860706],[-70.58557032190262,-33.45427233281252]]]}},{"type":"Feature","properties":{"comuna":"Nunoa","zona":"ICH-1","zona_code":"ICH-1","nombre":"ICH-1","decreto":""},"geometry":{"type":"Polygon","coordinates":[[[-70.58564979013266,-33.45493045056628],[-70.5856762806876,-33.45523740753609],[-70.58484626906353,-33.45507287876198],[-70.58490250660405,-33.454766163382985],[-70.58564979013266,-33.45493045056628]]]}},{"type":"Feature","properties":{"comuna":"Nunoa","zona":"Z-5A","zona_code":"Z-5A","nombre":"Z-5A","decreto":""},"geometry":{"type":"Polygon","coordinates":[[[-70.58030769582808,-33.45071153172198],[-70.58020468101563,-33.45165945596647],[-70.57853288480041,-33.45149000899671],[-70.57857114726578,-33.45073363449041],[-70.58030769582808,-33.45071153172198]]]}},{"type":"Feature","properties":{"comuna":"Nunoa","zona":"Z-5A","zona_code":"Z-5A","nombre":"Z-5A","decreto":""},"geometry":{"type":"Polygon","coordinates":[[[-70.58017524721888,-33.451779788059035],[-70.58008989196112,-33.453022385708536],[-70.57880366886539,-33.45291924554443],[-70.5788772516214,-33.452197262846866],[-70.57935406661355,-33.45219235134234],[-70.57846224491777,-33.452074476319105],[-70.57854465757534,-33.45163735450963],[-70.58017524721888,-33.451779788059035]]]}},{"type":"Feature","properties":{"comuna":"Nunoa","zona":"Áreas verdes","zona_code":"Áreas verdes","nombre":"Áreas verdes","decreto":""},"geometry":{"type":"Polygon","coordinates":[[[-70.57873302883189,-33.452246377578454],[-70.57862412703726,-33.45296344857273],[-70.57785003875793,-33.45301747418846],[-70.57791773449561,-33.452229188067236],[-70.57873302883189,-33.452246377578454]]]}},{"type":"Feature","properties":{"comuna":"Nunoa","zona":"Z-5A","zona_code":"Z-5A","nombre":"Z-5A","decreto":""},"geometry":{"type":"Polygon","coordinates":[[[-70.57833862663406,-33.450731178748555],[-70.57830919340844,-33.452032729280845],[-70.57783532193531,-33.45204009647036],[-70.57768815712326,-33.452995372592156],[-70.57735556319378,-33.45302975266273],[-70.57736733680773,-33.452828384091994],[-70.57729375431973,-33.45302238563204],[-70.5763077480488,-33.45307641134221],[-70.576493176383,-33.45156859306356],[-70.57785886846781,-33.45168401395584],[-70.57787064153975,-33.45160051813029],[-70.57787064183606,-33.45118549542515],[-70.57654615555074,-33.45109463238882],[-70.57658147450135,-33.45074591257129],[-70.57833862663406,-33.450731178748555]]]}},{"type":"Feature","properties":{"comuna":"Nunoa","zona":"ICH-3","zona_code":"ICH-3","nombre":"ICH-3","decreto":""},"geometry":{"type":"Polygon","coordinates":[[[-70.57655100172722,-33.451094964859465],[-70.57787064183606,-33.45118549542515],[-70.57785886845147,-33.45168401305421],[-70.57649317530742,-33.45156859307724],[-70.57655100172722,-33.451094964859465]]]}},{"type":"Feature","properties":{"comuna":"Nunoa","zona":"Z-5A","zona_code":"Z-5A","nombre":"Z-5A","decreto":""},"geometry":{"type":"Polygon","coordinates":[[[-70.580021828091,-33.45322160498687],[-70.57996664137183,-33.45389308347831],[-70.5783294284888,-33.45378564771587],[-70.57841220964082,-33.45313335305991],[-70.580021828091,-33.45322160498687]]]}},{"type":"Feature","properties":{"comuna":"Nunoa","zona":"Z-1B","zona_code":"Z-1B","nombre":"Z-1B","decreto":""},"geometry":{"type":"Polygon","coordinates":[[[-70.57996664138818,-33.453893084379935],[-70.57993904802858,-33.45438805632194],[-70.5783478244983,-33.454292132025905],[-70.57832023071502,-33.4539314538296],[-70.57883070989715,-33.45398900872608],[-70.57884450647214,-33.45391610619949],[-70.57833862715557,-33.453877735271966],[-70.5783294295644,-33.45378564770217],[-70.57996664138818,-33.453893084379935]]]}},{"type":"Feature","properties":{"comuna":"Nunoa","zona":"Z-5A","zona_code":"Z-5A","nombre":"Z-5A","decreto":""},"geometry":{"type":"Polygon","coordinates":[[[-70.57814547221967,-33.4531602122631],[-70.57809488434918,-33.45383169204014],[-70.57686697503513,-33.45370123315614],[-70.57686237687057,-33.453762625575806],[-70.57623692512507,-33.45372809196178],[-70.57627371635816,-33.45326764936677],[-70.57814547221967,-33.4531602122631]]]}},{"type":"Feature","properties":{"comuna":"Nunoa","zona":"Z-1B","zona_code":"Z-1B","nombre":"Z-1B","decreto":""},"geometry":{"type":"Polygon","coordinates":[[[-70.57809736060698,-33.453815163217286],[-70.57809488453763,-33.454230739423544],[-70.57618173777917,-33.45408493363233],[-70.57623692512507,-33.45372809196178],[-70.57809736060698,-33.453815163217286]]]}},{"type":"Feature","properties":{"comuna":"Nunoa","zona":"Áreas verdes","zona_code":"Áreas verdes","nombre":"Áreas verdes","decreto":""},"geometry":{"type":"Polygon","coordinates":[[[-70.57656558097123,-33.45430150651736],[-70.57821571447192,-33.454436665906854],[-70.57655427855198,-33.45432508088991],[-70.57656558097123,-33.45430150651736]]]}},{"type":"Feature","properties":{"comuna":"Nunoa","zona":"Áreas verdes","zona_code":"Áreas verdes","nombre":"Áreas verdes","decreto":""},"geometry":{"type":"Polygon","coordinates":[[[-70.5754636089341,-33.454006038972864],[-70.57542593417296,-33.45409876580989],[-70.57534493488873,-33.45412705505079],[-70.57538637675626,-33.454017040843276],[-70.5754636089341,-33.454006038972864]]]}},{"type":"Feature","properties":{"comuna":"Nunoa","zona":"Áreas verdes","zona_code":"Áreas verdes","nombre":"Áreas verdes","decreto":""},"geometry":{"type":"Polygon","coordinates":[[[-70.57538449248666,-33.453944745569764],[-70.57523379538371,-33.453897596214546],[-70.57520742372355,-33.4538598765101],[-70.57527335308914,-33.453872449921796],[-70.57538449248666,-33.453944745569764]]]}},{"type":"Feature","properties":{"comuna":"Nunoa","zona":"Áreas verdes","zona_code":"Áreas verdes","nombre":"Áreas verdes","decreto":""},"geometry":{"type":"Polygon","coordinates":[[[-70.57553518961451,-33.45393217238027],[-70.57466114637592,-33.453419816911726],[-70.5742410787683,-33.453355378926204],[-70.57245908562336,-33.45348582567973],[-70.57399431235426,-33.45334752089825],[-70.57423165938293,-33.45333494747669],[-70.57449537949968,-33.45337109587171],[-70.57471577443769,-33.45342453128255],[-70.57502281987277,-33.45356283660169],[-70.57553518961451,-33.45393217238027]]]}},{"type":"Feature","properties":{"comuna":"Nunoa","zona":"Z-1","zona_code":"Z-1","nombre":"Z-1","decreto":""},"geometry":{"type":"Polygon","coordinates":[[[-70.57238432572223,-33.45367805737836],[-70.57265216612407,-33.455065512268874],[-70.57249322794308,-33.45508270113012],[-70.57249617099245,-33.45515882667434],[-70.57153371064729,-33.455257052458926],[-70.57114225128632,-33.45381557610893],[-70.57238432572223,-33.45367805737836]]]}},{"type":"Feature","properties":{"comuna":"Nunoa","zona":"Z-1","zona_code":"Z-1","nombre":"Z-1","decreto":""},"geometry":{"type":"Polygon","coordinates":[[[-70.57329380600602,-33.4535896522464],[-70.57334384238416,-33.4542207633513],[-70.57262273309193,-33.45428706693588],[-70.57253443431308,-33.45365350086436],[-70.57329380600602,-33.4535896522464]]]}},{"type":"Feature","properties":{"comuna":"Nunoa","zona":"Z-1B","zona_code":"Z-1B","nombre":"Z-1B","decreto":""},"geometry":{"type":"Polygon","coordinates":[[[-70.57328856591495,-33.45359009301562],[-70.5741944565999,-33.45349879227924],[-70.57455942632696,-33.453557728347455],[-70.5753364581184,-33.45404395477679],[-70.57495971495568,-33.45450807745926],[-70.57445052392244,-33.454149548977746],[-70.57334384240045,-33.45422076425293],[-70.57328856591495,-33.45359009301562]]]}},{"type":"Feature","properties":{"comuna":"Nunoa","zona":"Áreas verdes","zona_code":"Áreas verdes","nombre":"Áreas verdes","decreto":""},"geometry":{"type":"Polygon","coordinates":[[[-70.57521911233589,-33.454188517057325],[-70.57530349248262,-33.45420563662089],[-70.57511135386746,-33.45438165931683],[-70.57508497053404,-33.45435377066535],[-70.57521911233589,-33.454188517057325]]]}},{"type":"Feature","properties":{"comuna":"Nunoa","zona":"Z-3A","zona_code":"Z-3A","nombre":"Z-3A","decreto":""},"geometry":{"type":"Polygon","coordinates":[[[-70.57495817884093,-33.45450701928104],[-70.57454470913916,-33.4550434107328],[-70.57395310528003,-33.454959918740556],[-70.5728287642676,-33.45506551180551],[-70.57262273309193,-33.45428706693588],[-70.57445052392244,-33.454149548977746],[-70.57495817884093,-33.45450701928104]]]}},{"type":"Feature","properties":{"comuna":"Nunoa","zona":"Áreas verdes","zona_code":"Áreas verdes","nombre":"Áreas verdes","decreto":""},"geometry":{"type":"Polygon","coordinates":[[[-70.57195402381278,-33.4556708258376],[-70.57236753670254,-33.45566378473041],[-70.57194558503991,-33.455698989017414],[-70.57195402381278,-33.4556708258376]]]}},{"type":"Feature","properties":{"comuna":"Nunoa","zona":"Áreas verdes","zona_code":"Áreas verdes","nombre":"Áreas verdes","decreto":""},"geometry":{"type":"Polygon","coordinates":[[[-70.57240249856133,-33.45595446877714],[-70.572409732218,-33.456000736868134],[-70.57172955552386,-33.4560356030585],[-70.57240249856133,-33.45595446877714]]]}},{"type":"Feature","properties":{"comuna":"Nunoa","zona":"Z-3A","zona_code":"Z-3A","nombre":"Z-3A","decreto":""},"geometry":{"type":"Polygon","coordinates":[[[-70.57153371064729,-33.455257052458926],[-70.57390012591085,-33.45504095505198],[-70.57449761732477,-33.45514163727471],[-70.57422094624434,-33.455539451548894],[-70.57318490303345,-33.45549770537037],[-70.57307305840298,-33.45558610879502],[-70.57256386700809,-33.45563030973343],[-70.57416502318324,-33.45564013219301],[-70.57338210539199,-33.456754983298126],[-70.57191339767137,-33.45688267550315],[-70.57173849023056,-33.456076766869096],[-70.57240249856133,-33.45595446877714],[-70.57172955659951,-33.456035603044874],[-70.57165438583074,-33.455689245017886],[-70.57173385527108,-33.455676967130465],[-70.57171325250667,-33.455578741395215],[-70.57208410861635,-33.45558119734734],[-70.57203407255334,-33.45543385842574],[-70.57169559242003,-33.455507528058455],[-70.57153371064729,-33.455257052458926]],[[-70.57236753671882,-33.455663785632034],[-70.57217946673443,-33.45564366847551],[-70.57194558503991,-33.455698989017414],[-70.57236753671882,-33.455663785632034]]]}},{"type":"Feature","properties":{"comuna":"Nunoa","zona":"Z-3A","zona_code":"Z-3A","nombre":"Z-3A","decreto":""},"geometry":{"type":"Polygon","coordinates":[[[-70.57329969290564,-33.45683356299079],[-70.5727993309953,-33.45761198553831],[-70.57215180448328,-33.4576488189985],[-70.57194871614772,-33.45696862091975],[-70.57329969290564,-33.45683356299079]]]}},{"type":"Feature","properties":{"comuna":"Nunoa","zona":"Áreas verdes","zona_code":"Áreas verdes","nombre":"Áreas verdes","decreto":""},"geometry":{"type":"Polygon","coordinates":[[[-70.5718350191828,-33.45652153663442],[-70.57191339767137,-33.45688267550315],[-70.57177800450883,-33.456902320026344],[-70.57171325241178,-33.456526612255715],[-70.5718350191828,-33.45652153663442]]]}},{"type":"Feature","properties":{"comuna":"Nunoa","zona":"Áreas verdes","zona_code":"Áreas verdes","nombre":"Áreas verdes","decreto":""},"geometry":{"type":"Polygon","coordinates":[[[-70.57194871614772,-33.45696862091975],[-70.57205811555637,-33.45733503069456],[-70.57199580967935,-33.457344327010574],[-70.57207233525946,-33.45765864147375],[-70.57180743813068,-33.45698089904691],[-70.57194871614772,-33.45696862091975]]]}},{"type":"Feature","properties":{"comuna":"Nunoa","zona":"Áreas verdes","zona_code":"Áreas verdes","nombre":"Áreas verdes","decreto":""},"geometry":{"type":"Polygon","coordinates":[[[-70.57242141123191,-33.457666302844046],[-70.57242329456675,-33.45771030664123],[-70.57211059855463,-33.457683589793874],[-70.57242141123191,-33.457666302844046]]]}},{"type":"Feature","properties":{"comuna":"Nunoa","zona":"Áreas verdes","zona_code":"Áreas verdes","nombre":"Áreas verdes","decreto":""},"geometry":{"type":"Polygon","coordinates":[[[-70.57224622524791,-33.45781245827393],[-70.57223115583159,-33.45790518061281],[-70.57211248155318,-33.45782503079558],[-70.57215015615655,-33.45779674300419],[-70.57224622524791,-33.45781245827393]]]}},{"type":"Feature","properties":{"comuna":"Nunoa","zona":"Áreas verdes","zona_code":"Áreas verdes","nombre":"Áreas verdes","decreto":""},"geometry":{"type":"Polygon","coordinates":[[[-70.57218217957318,-33.45799633184348],[-70.57228955050648,-33.458156631443934],[-70.5722443415831,-33.45817391864225],[-70.57218217957318,-33.45799633184348]]]}},{"type":"Feature","properties":{"comuna":"Nunoa","zona":"Áreas verdes","zona_code":"Áreas verdes","nombre":"Áreas verdes","decreto":""},"geometry":{"type":"Polygon","coordinates":[[[-70.5722813095342,-33.45829217837913],[-70.57248734102767,-33.45873908903916],[-70.57246379422881,-33.45874891115866],[-70.5722813095342,-33.45829217837913]]]}},{"type":"Feature","properties":{"comuna":"Nunoa","zona":"Áreas verdes","zona_code":"Áreas verdes","nombre":"Áreas verdes","decreto":""},"geometry":{"type":"Polygon","coordinates":[[[-70.57513631338828,-33.457666007960384],[-70.57490084941617,-33.45783053148328],[-70.5748390402739,-33.4577126639435],[-70.57484492591321,-33.457670918898295],[-70.57513631338828,-33.457666007960384]]]}},{"type":"Feature","properties":{"comuna":"Nunoa","zona":"Z-3A","zona_code":"Z-3A","nombre":"Z-3A","decreto":""},"geometry":{"type":"Polygon","coordinates":[[[-70.57484301778189,-33.45768445445911],[-70.57490084941617,-33.45783053148328],[-70.57401491525272,-33.458282355434314],[-70.57253149030835,-33.4588176660326],[-70.57224057457175,-33.45798218805825],[-70.57224622632359,-33.457812458260285],[-70.57484301778189,-33.45768445445911]]]}},{"type":"Feature","properties":{"comuna":"Nunoa","zona":"Áreas verdes","zona_code":"Áreas verdes","nombre":"Áreas verdes","decreto":""},"geometry":{"type":"Polygon","coordinates":[[[-70.57546302000536,-33.45732222601852],[-70.57523932889212,-33.45752849535496],[-70.57510099420657,-33.45754077320834],[-70.57509216420146,-33.45749657276525],[-70.57546302000536,-33.45732222601852]]]}},{"type":"Feature","properties":{"comuna":"Nunoa","zona":"Áreas verdes","zona_code":"Áreas verdes","nombre":"Áreas verdes","decreto":""},"geometry":{"type":"Polygon","coordinates":[[[-70.57551305632273,-33.45412990371014],[-70.57583681975166,-33.454323902030005],[-70.57535706054047,-33.45429197772135],[-70.57551305632273,-33.45412990371014]]]}},{"type":"Feature","properties":{"comuna":"Nunoa","zona":"Z-1B","zona_code":"Z-1B","nombre":"Z-1B","decreto":""},"geometry":{"type":"Polygon","coordinates":[[[-70.57583093259035,-33.45432390201835],[-70.57633423768189,-33.45447615386616],[-70.57630186149974,-33.45489852693105],[-70.57571908740412,-33.454886249267915],[-70.57576323707875,-33.45520302821754],[-70.57497148821551,-33.45523495194389],[-70.57475368455002,-33.45516128210913],[-70.57536294767502,-33.45432635758901],[-70.57583093259035,-33.45432390201835]]]}},{"type":"Feature","properties":{"comuna":"Nunoa","zona":"Z-3A","zona_code":"Z-3A","nombre":"Z-3A","decreto":""},"geometry":{"type":"MultiPolygon","coordinates":[[[[-70.57576323707875,-33.45520302821754],[-70.57592419860049,-33.45608398749633],[-70.57623692447615,-33.45689357158492],[-70.57506420198483,-33.45755734843551],[-70.57297629728457,-33.45761873847494],[-70.57475368455002,-33.45516128210913],[-70.57497148819921,-33.455234951042264],[-70.57576323707875,-33.45520302821754]]],[[[-70.57550128349126,-33.45736397178755],[-70.57548705593925,-33.45737290675342],[-70.57550119130894,-33.457363871953525],[-70.57550128349126,-33.45736397178755]]]]}},{"type":"Feature","properties":{"comuna":"Nunoa","zona":"Z-4","zona_code":"Z-4","nombre":"Z-4","decreto":""},"geometry":{"type":"Polygon","coordinates":[[[-70.57630186149974,-33.45489852693105],[-70.57648526567519,-33.45621060533393],[-70.57671521120669,-33.45655976304393],[-70.5762369255518,-33.45689357157124],[-70.57592419860049,-33.45608398749633],[-70.57571908740412,-33.454886249267915],[-70.57630186149974,-33.45489852693105]]]}},{"type":"Feature","properties":{"comuna":"Nunoa","zona":"Z-1B","zona_code":"Z-1B","nombre":"Z-1B","decreto":""},"geometry":{"type":"Polygon","coordinates":[[[-70.57774113624441,-33.454564557084694],[-70.57781177557028,-33.45468242894886],[-70.57757631162727,-33.454989386275],[-70.57647845899025,-33.454881337679225],[-70.57650200530031,-33.45446387555362],[-70.57774113624441,-33.454564557084694]]]}},{"type":"Feature","properties":{"comuna":"Nunoa","zona":"Z-4","zona_code":"Z-4","nombre":"Z-4","decreto":""},"geometry":{"type":"Polygon","coordinates":[[[-70.57647846006587,-33.45488133766555],[-70.57756159480488,-33.45501885440226],[-70.57666977372536,-33.45618528160087],[-70.57647846006587,-33.45488133766555]]]}},{"type":"Feature","properties":{"comuna":"Nunoa","zona":"Z-4","zona_code":"Z-4","nombre":"Z-4","decreto":""},"geometry":{"type":"Polygon","coordinates":[[[-70.57915980771088,-33.45496237487664],[-70.57688757818272,-33.45647749994484],[-70.57678750622192,-33.45639646504928],[-70.5777882288069,-33.454999209276906],[-70.57816791471582,-33.45516373807103],[-70.5783621732232,-33.45500657630722],[-70.5790626787229,-33.45486660348051],[-70.57915980771088,-33.45496237487664]]]}},{"type":"Feature","properties":{"comuna":"Nunoa","zona":"Z-1B","zona_code":"Z-1B","nombre":"Z-1B","decreto":""},"geometry":{"type":"Polygon","coordinates":[[[-70.57915980877016,-33.45496237396131],[-70.5790626787229,-33.45486660348051],[-70.5783621732232,-33.45500657630722],[-70.57816791471582,-33.45516373807103],[-70.5777882288069,-33.454999209276906],[-70.57810316291987,-33.45458420267807],[-70.57958658667529,-33.45469470754364],[-70.57915980877016,-33.45496237396131]]]}},{"type":"Feature","properties":{"comuna":"Nunoa","zona":"Z-4","zona_code":"Z-4","nombre":"Z-4","decreto":""},"geometry":{"type":"Polygon","coordinates":[[[-70.57982867334302,-33.45483314577895],[-70.57979188233298,-33.45537799276955],[-70.57997583927893,-33.4568129971579],[-70.57888129848997,-33.45689740879681],[-70.57886547812785,-33.45546087066626],[-70.57982867334302,-33.45483314577895]]]}},{"type":"Feature","properties":{"comuna":"Nunoa","zona":"Z-4","zona_code":"Z-4","nombre":"Z-4","decreto":""},"geometry":{"type":"Polygon","coordinates":[[[-70.57867122030652,-33.45557628629584],[-70.57866827673963,-33.456912142579824],[-70.57774113626884,-33.45688021975298],[-70.57709360954017,-33.45671815004547],[-70.5770700635738,-33.45665184809753],[-70.57867122030652,-33.45557628629584]]]}},{"type":"Feature","properties":{"comuna":"Nunoa","zona":"Z-5A","zona_code":"Z-5A","nombre":"Z-5A","decreto":""},"geometry":{"type":"Polygon","coordinates":[[[-70.58001925309067,-33.456956343425674],[-70.58003985614943,-33.45726083640272],[-70.57892140115557,-33.457361515814476],[-70.57889196810241,-33.45703983334044],[-70.58001925309067,-33.456956343425674]]]}},{"type":"Feature","properties":{"comuna":"Nunoa","zona":"Z-5A","zona_code":"Z-5A","nombre":"Z-5A","decreto":""},"geometry":{"type":"Polygon","coordinates":[[[-70.58004279862762,-33.45734432693346],[-70.5801046079743,-33.457599707303174],[-70.57902147320162,-33.45775931972201],[-70.57896260671085,-33.457577607436576],[-70.5789537774458,-33.45747201750954],[-70.57907150939486,-33.45743763860858],[-70.58004279862762,-33.45734432693346]]]}},{"type":"Feature","properties":{"comuna":"Nunoa","zona":"Z-5A","zona_code":"Z-5A","nombre":"Z-5A","decreto":""},"geometry":{"type":"Polygon","coordinates":[[[-70.58006928859992,-33.45769301957136],[-70.58015758824463,-33.458007332660365],[-70.57906856584009,-33.458137477376944],[-70.57908622535376,-33.45783298738561],[-70.58006928859992,-33.45769301957136]]]}},{"type":"Feature","properties":{"comuna":"Nunoa","zona":"Z-5A","zona_code":"Z-5A","nombre":"Z-5A","decreto":""},"geometry":{"type":"Polygon","coordinates":[[[-70.58014875813741,-33.458078544154844],[-70.58024000032167,-33.45840022281306],[-70.57911565843587,-33.4584935336947],[-70.57909799892052,-33.45821605544362],[-70.58014875813741,-33.458078544154844]]]}},{"type":"Feature","properties":{"comuna":"Nunoa","zona":"Z-5A","zona_code":"Z-5A","nombre":"Z-5A","decreto":""},"geometry":{"type":"Polygon","coordinates":[[[-70.58024000032138,-33.45847143356265],[-70.58030475320217,-33.458888877586276],[-70.57930697353153,-33.459068131355565],[-70.57916275198448,-33.458623678277476],[-70.58024000032138,-33.45847143356265]]]}},{"type":"Feature","properties":{"comuna":"Nunoa","zona":"Áreas verdes","zona_code":"Áreas verdes","nombre":"Áreas verdes","decreto":""},"geometry":{"type":"Polygon","coordinates":[[[-70.57691971900122,-33.4572592646533],[-70.57692913840732,-33.45732527107342],[-70.57652037165033,-33.4574227087404],[-70.5765034186879,-33.45735198770539],[-70.57691971900122,-33.4572592646533]]]}},{"type":"Feature","properties":{"comuna":"Nunoa","zona":"Z-4C","zona_code":"Z-4C","nombre":"Z-4C","decreto":""},"geometry":{"type":"Polygon","coordinates":[[[-70.57691783507921,-33.45675478688103],[-70.57706288213352,-33.45695909323814],[-70.57865273548367,-33.45702195689221],[-70.57909540775215,-33.45908227564001],[-70.57733790411952,-33.45965588712808],[-70.57653920954762,-33.45973917838646],[-70.57581021129636,-33.45818020470286],[-70.57650718539308,-33.45811262799847],[-70.57650530262912,-33.45804190648839],[-70.57579137541316,-33.458096911558656],[-70.57561618958978,-33.45761601208724],[-70.57691783507921,-33.45675478688103]],[[-70.57692913840732,-33.45732527107342],[-70.57691971901754,-33.45725926555494],[-70.5765034186879,-33.45735198770539],[-70.576520372726,-33.457422708726725],[-70.57692913840732,-33.45732527107342]]]}},{"type":"Feature","properties":{"comuna":"Nunoa","zona":"Z-4C","zona_code":"Z-4C","nombre":"Z-4C","decreto":""},"geometry":{"type":"Polygon","coordinates":[[[-70.57546007686337,-33.457693019287426],[-70.5763695574992,-33.45976304602065],[-70.57596043832542,-33.45979987948331],[-70.57571025731393,-33.45908040971337],[-70.57563078817718,-33.459097597977724],[-70.57590745903826,-33.459807245609056],[-70.57565139094888,-33.4598219787084],[-70.5755689789256,-33.45947329418474],[-70.57547773699277,-33.45948557180035],[-70.57558958185469,-33.45982443461761],[-70.57539532384938,-33.459853900267504],[-70.5751098231871,-33.45888642126598],[-70.57494499867514,-33.45897482142939],[-70.57529819535142,-33.45985144532461],[-70.57438871401635,-33.45988827749644],[-70.57432396167577,-33.45952731651141],[-70.57447701326697,-33.4594610174022],[-70.57442109045053,-33.458982187875876],[-70.57417385359967,-33.45902638775706],[-70.57427686847242,-33.45905585369524],[-70.57438871396968,-33.45938980629497],[-70.57421505913635,-33.45946347253728],[-70.57429158552726,-33.459895644567446],[-70.57416796659913,-33.45991528831352],[-70.57390601246843,-33.459031298732896],[-70.5738177136693,-33.459046032231335],[-70.57406495076995,-33.45992510992418],[-70.57362345548316,-33.45994966521883],[-70.57343508421354,-33.45923265244096],[-70.57349983658494,-33.459156530690166],[-70.57342331130043,-33.45915898654884],[-70.57331440851505,-33.45884958873791],[-70.57430335850337,-33.45843460090017],[-70.57447995707336,-33.45868752256403],[-70.57440637406768,-33.45841004491409],[-70.57470364839203,-33.45822342216146],[-70.57487435932492,-33.45870225597428],[-70.57493322586818,-33.45868015614166],[-70.57478900361151,-33.45815466664894],[-70.57546007686337,-33.457693019287426]]]}},{"type":"Feature","properties":{"comuna":"Nunoa","zona":"Z-4C","zona_code":"Z-4C","nombre":"Z-4C","decreto":""},"geometry":{"type":"Polygon","coordinates":[[[-70.57326142947886,-33.45886677743231],[-70.57353809956699,-33.45994475433969],[-70.57308483148405,-33.4600061420877],[-70.57294649593366,-33.45896499918714],[-70.57326142947886,-33.45886677743231]]]}},{"type":"Feature","properties":{"comuna":"Nunoa","zona":"Áreas verdes","zona_code":"Áreas verdes","nombre":"Áreas verdes","decreto":""},"geometry":{"type":"Polygon","coordinates":[[[-70.57269063134032,-33.458962838459335],[-70.57295103598923,-33.458919589099025],[-70.57267971242429,-33.45905301639511],[-70.57269063134032,-33.458962838459335]]]}},{"type":"Feature","properties":{"comuna":"Nunoa","zona":"Áreas verdes","zona_code":"Áreas verdes","nombre":"Áreas verdes","decreto":""},"geometry":{"type":"Polygon","coordinates":[[[-70.57262821394205,-33.459076419533666],[-70.57248327227965,-33.45913683992848],[-70.57246880570847,-33.45905838778546],[-70.57261468020882,-33.4589990467962],[-70.57262821394205,-33.459076419533666]]]}},{"type":"Feature","properties":{"comuna":"Nunoa","zona":"Áreas verdes","zona_code":"Áreas verdes","nombre":"Áreas verdes","decreto":""},"geometry":{"type":"Polygon","coordinates":[[[-70.57269786516325,-33.459113706056115],[-70.57252426137691,-33.45921730216625],[-70.57250256134085,-33.45917204191808],[-70.57257127913597,-33.45917003018421],[-70.57269786516325,-33.459113706056115]]]}},{"type":"Feature","properties":{"comuna":"Nunoa","zona":"Z-3A","zona_code":"Z-3A","nombre":"Z-3A","decreto":""},"geometry":{"type":"Polygon","coordinates":[[[-70.57262861944064,-33.45906813101691],[-70.57294751330788,-33.458973790008],[-70.57306754664829,-33.459985542555344],[-70.57299358929758,-33.46000368638768],[-70.57262861944064,-33.45906813101691]]]}},{"type":"Feature","properties":{"comuna":"Nunoa","zona":"Áreas verdes","zona_code":"Áreas verdes","nombre":"Áreas verdes","decreto":""},"geometry":{"type":"Polygon","coordinates":[[[-70.57257489561457,-33.4593369909658],[-70.57272512795288,-33.459412404733584],[-70.57260503581011,-33.45942952301667],[-70.57257489561457,-33.4593369909658]]]}},{"type":"Feature","properties":{"comuna":"Nunoa","zona":"Áreas verdes","zona_code":"Áreas verdes","nombre":"Áreas verdes","decreto":""},"geometry":{"type":"Polygon","coordinates":[[[-70.5727981539122,-33.45975489397746],[-70.57287726962127,-33.46006291342855],[-70.57274917693891,-33.45991519015096],[-70.57272845632116,-33.4597737519623],[-70.5727981539122,-33.45975489397746]]]}},{"type":"Feature","properties":{"comuna":"Nunoa","zona":"Áreas verdes","zona_code":"Áreas verdes","nombre":"Áreas verdes","decreto":""},"geometry":{"type":"Polygon","coordinates":[[[-70.57297710610564,-33.460152490302406],[-70.57307882662367,-33.46038821917889],[-70.57310896644893,-33.46065852021532],[-70.57288292114941,-33.46014777579253],[-70.57297710610564,-33.460152490302406]]]}},{"type":"Feature","properties":{"comuna":"Nunoa","zona":"Z-3A","zona_code":"Z-3A","nombre":"Z-3A","decreto":""},"geometry":{"type":"Polygon","coordinates":[[[-70.57368232165392,-33.460165750033134],[-70.5737264708976,-33.46067894953531],[-70.57332029534126,-33.460705960176384],[-70.57309071807889,-33.46021240490653],[-70.57368232165392,-33.460165750033134]]]}},{"type":"Feature","properties":{"comuna":"Nunoa","zona":"Z-4m","zona_code":"Z-4m","nombre":"Z-4m","decreto":""},"geometry":{"type":"Polygon","coordinates":[[[-70.57649023247642,-33.45995703201084],[-70.57657853187487,-33.46048987702925],[-70.57387952303844,-33.46069368293922],[-70.57386775018806,-33.460141195132096],[-70.57649023247642,-33.45995703201084]]]}},{"type":"Feature","properties":{"comuna":"Nunoa","zona":"Áreas verdes","zona_code":"Áreas verdes","nombre":"Áreas verdes","decreto":""},"geometry":{"type":"Polygon","coordinates":[[[-70.5766232233317,-33.46045843420195],[-70.57668711803943,-33.46048961317132],[-70.57662683996283,-33.46052079254588],[-70.5766232233317,-33.46045843420195]]]}},{"type":"Feature","properties":{"comuna":"Nunoa","zona":"Áreas verdes","zona_code":"Áreas verdes","nombre":"Áreas verdes","decreto":""},"geometry":{"type":"Polygon","coordinates":[[[-70.5733858723248,-33.46085024498453],[-70.57340659294572,-33.46107497122741],[-70.57361756938884,-33.4614615606452],[-70.5736251041415,-33.46165171278329],[-70.5731993849338,-33.460832958393105],[-70.5733858723248,-33.46085024498453]]]}},{"type":"Feature","properties":{"comuna":"Nunoa","zona":"Z-3A","zona_code":"Z-3A","nombre":"Z-3A","decreto":""},"geometry":{"type":"Polygon","coordinates":[[[-70.57371552278315,-33.46090367648786],[-70.57382854484703,-33.46173500166914],[-70.57377768518643,-33.46174285944733],[-70.5734386160234,-33.46090053281505],[-70.57371552278315,-33.46090367648786]]]}},{"type":"Feature","properties":{"comuna":"Nunoa","zona":"Áreas verdes","zona_code":"Áreas verdes","nombre":"Áreas verdes","decreto":""},"geometry":{"type":"Polygon","coordinates":[[[-70.57387940534579,-33.46176957435709],[-70.57388317247626,-33.46190000870907],[-70.57370045214269,-33.46175700237934],[-70.57387940534579,-33.46176957435709]]]}},{"type":"Feature","properties":{"comuna":"Nunoa","zona":"Z-4m","zona_code":"Z-4m","nombre":"Z-4m","decreto":""},"geometry":{"type":"Polygon","coordinates":[[[-70.57671098081721,-33.46064948381139],[-70.57680516576558,-33.46116022546558],[-70.57586919522694,-33.46122652328267],[-70.57565727817101,-33.461383673104955],[-70.57397076582382,-33.461467159393166],[-70.57389718303618,-33.46091467646868],[-70.57671098081721,-33.46064948381139]]]}},{"type":"Feature","properties":{"comuna":"Nunoa","zona":"Áreas verdes","zona_code":"Áreas verdes","nombre":"Áreas verdes","decreto":""},"geometry":{"type":"Polygon","coordinates":[[[-70.57623984971661,-33.46127310661088],[-70.57574194567769,-33.46136865345744],[-70.57587576529525,-33.46123991588602],[-70.57623984971661,-33.46127310661088]]]}},{"type":"Feature","properties":{"comuna":"Nunoa","zona":"Z-3A","zona_code":"Z-3A","nombre":"Z-3A","decreto":""},"geometry":{"type":"Polygon","coordinates":[[[-70.57440684572445,-33.46160142447329],[-70.57459144948112,-33.46214044718315],[-70.5740884973758,-33.46227716632568],[-70.57397735810014,-33.46166899863842],[-70.57440684572445,-33.46160142447329]]]}},{"type":"Feature","properties":{"comuna":"Nunoa","zona":"Áreas verdes","zona_code":"Áreas verdes","nombre":"Áreas verdes","decreto":""},"geometry":{"type":"Polygon","coordinates":[[[-70.57432481939082,-33.462212925635875],[-70.57454624040308,-33.46220487782332],[-70.57433714745787,-33.46226616586478],[-70.57432481939082,-33.462212925635875]]]}},{"type":"Feature","properties":{"comuna":"Nunoa","zona":"Z-4m","zona_code":"Z-4m","nombre":"Z-4m","decreto":""},"geometry":{"type":"Polygon","coordinates":[[[-70.57686991852661,-33.46128545489502],[-70.57697882071867,-33.46152609054682],[-70.57459144946482,-33.46214044628152],[-70.57440398108388,-33.461601519480396],[-70.57686991852661,-33.46128545489502]]]}},{"type":"Feature","properties":{"comuna":"Nunoa","zona":"Áreas verdes","zona_code":"Áreas verdes","nombre":"Áreas verdes","decreto":""},"geometry":{"type":"Polygon","coordinates":[[[-70.57725549120639,-33.46017557272699],[-70.57731435683174,-33.46039165656512],[-70.57707889345289,-33.46044076634122],[-70.57702591341629,-33.460222226652775],[-70.57725549120639,-33.46017557272699]]]}},{"type":"Feature","properties":{"comuna":"Nunoa","zona":"Z-5A","zona_code":"Z-5A","nombre":"Z-5A","decreto":""},"geometry":{"type":"Polygon","coordinates":[[[-70.57675218661801,-33.45992265515928],[-70.57765283743875,-33.459777778891656],[-70.57915686457467,-33.45927930765052],[-70.57948945749885,-33.460647027876554],[-70.57910682823606,-33.460705960149916],[-70.57915097796153,-33.46102517412304],[-70.57764400794703,-33.46136648503671],[-70.577558650824,-33.46115776930292],[-70.57742620285622,-33.46111357139501],[-70.57734673353896,-33.461211789828745],[-70.57740265668586,-33.461422960845816],[-70.57711421255621,-33.46148680279447],[-70.57681693950377,-33.4605316195779],[-70.57675218661801,-33.45992265515928]],[[-70.57731435684806,-33.460391657466744],[-70.57725549119006,-33.46017557182537],[-70.57702591341629,-33.460222226652775],[-70.57707889345289,-33.46044076634122],[-70.57731435684806,-33.460391657466744]]]}},{"type":"Feature","properties":{"comuna":"Nunoa","zona":"Áreas verdes","zona_code":"Áreas verdes","nombre":"Áreas verdes","decreto":""},"geometry":{"type":"Polygon","coordinates":[[[-70.579521127666,-33.4606773786865],[-70.57958329007367,-33.460968108429995],[-70.5792159662981,-33.461018396707885],[-70.57915003656693,-33.46072609506352],[-70.579521127666,-33.4606773786865]]]}},{"type":"Feature","properties":{"comuna":"Nunoa","zona":"Áreas verdes","zona_code":"Áreas verdes","nombre":"Áreas verdes","decreto":""},"geometry":{"type":"Polygon","coordinates":[[[-70.57972366633385,-33.45917043652549],[-70.57974905744793,-33.45925200230096],[-70.57949098886353,-33.45930543500462],[-70.57961908125836,-33.459894760218894],[-70.57952592546651,-33.4599072176147],[-70.57938938517896,-33.459230196312305],[-70.57972366633385,-33.45917043652549]]]}},{"type":"Feature","properties":{"comuna":"Nunoa","zona":"Áreas verdes","zona_code":"Áreas verdes","nombre":"Áreas verdes","decreto":""},"geometry":{"type":"Polygon","coordinates":[[[-70.5799656847293,-33.459329007639276],[-70.58002219565529,-33.45961345581951],[-70.57978296422104,-33.459652744517],[-70.57972645246622,-33.459354152738804],[-70.5799656847293,-33.459329007639276]]]}},{"type":"Feature","properties":{"comuna":"Nunoa","zona":"Áreas verdes","zona_code":"Áreas verdes","nombre":"Áreas verdes","decreto":""},"geometry":{"type":"Polygon","coordinates":[[[-70.58036175098182,-33.45924374645411],[-70.5804442723266,-33.45985701560407],[-70.58033300859339,-33.45987433000804],[-70.58018796283102,-33.45928971919718],[-70.58036175098182,-33.45924374645411]]]}},{"type":"Feature","properties":{"comuna":"Nunoa","zona":"Áreas verdes","zona_code":"Áreas verdes","nombre":"Áreas verdes","decreto":""},"geometry":{"type":"Polygon","coordinates":[[[-70.58046745711742,-33.4600293159504],[-70.58048935675241,-33.460572086808504],[-70.58041965970801,-33.4605830877968],[-70.58029156744988,-33.46004405533242],[-70.58046745711742,-33.4600293159504]]]}},{"type":"Feature","properties":{"comuna":"Nunoa","zona":"Z-5A","zona_code":"Z-5A","nombre":"Z-5A","decreto":""},"geometry":{"type":"Polygon","coordinates":[[[-70.57949098884717,-33.459305434102994],[-70.57974905744793,-33.45925200230096],[-70.5797236663175,-33.45917043562387],[-70.58033712906756,-33.45906076500649],[-70.58036175096547,-33.459243745552484],[-70.58018796283102,-33.45928971919718],[-70.58033300859339,-33.45987433000804],[-70.5804442723266,-33.45985701560407],[-70.58046745605809,-33.46002931686574],[-70.58029156744988,-33.46004405533242],[-70.58041965969164,-33.46058308689517],[-70.58048935675241,-33.460572086808504],[-70.58043849649057,-33.460355217147836],[-70.58050744440573,-33.46032648660202],[-70.58056082044845,-33.46072314831438],[-70.57969843313639,-33.46091467722808],[-70.57948062851858,-33.46002087601088],[-70.57961908125836,-33.459894760218894],[-70.57949098884717,-33.459305434102994]],[[-70.58002219565529,-33.45961345581951],[-70.5799656847293,-33.459329007639276],[-70.57972645354191,-33.4593541527251],[-70.5797829642047,-33.45965274361538],[-70.58002219565529,-33.45961345581951]]]}},{"type":"Feature","properties":{"comuna":"Nunoa","zona":"Z-4m","zona_code":"Z-4m","nombre":"Z-4m","decreto":""},"geometry":{"type":"Polygon","coordinates":[[[-70.5813672855295,-33.45906567578365],[-70.58155565616637,-33.459866178180846],[-70.58245630683257,-33.45971393610625],[-70.58255049335477,-33.460195216263045],[-70.58078156763895,-33.46064457269309],[-70.58059319628521,-33.45929649627455],[-70.5813672855295,-33.45906567578365]]]}},{"type":"Feature","properties":{"comuna":"Nunoa","zona":"Áreas verdes","zona_code":"Áreas verdes","nombre":"Áreas verdes","decreto":""},"geometry":{"type":"Polygon","coordinates":[[[-70.58053433057847,-33.45924738622756],[-70.58078156763895,-33.46064457269309],[-70.5806932684844,-33.460676494672306],[-70.58053433057847,-33.45924738622756]]]}},{"type":"Feature","properties":{"comuna":"Nunoa","zona":"Áreas verdes","zona_code":"Áreas verdes","nombre":"Áreas verdes","decreto":""},"geometry":{"type":"Polygon","coordinates":[[[-70.58257403936332,-33.46023696008026],[-70.58259169882525,-33.46034009120971],[-70.58189707999348,-33.460497243457525],[-70.58189119343744,-33.46041130064862],[-70.58257403936332,-33.46023696008026]]]}},{"type":"Feature","properties":{"comuna":"Nunoa","zona":"Áreas verdes","zona_code":"Áreas verdes","nombre":"Áreas verdes","decreto":""},"geometry":{"type":"Polygon","coordinates":[[[-70.58261524500803,-33.4593996283879],[-70.58279773023776,-33.4601829390714],[-70.58263584815009,-33.46021240482757],[-70.58246807994516,-33.45941927259034],[-70.58261524500803,-33.4593996283879]]]}},{"type":"Feature","properties":{"comuna":"Nunoa","zona":"Áreas verdes","zona_code":"Áreas verdes","nombre":"Áreas verdes","decreto":""},"geometry":{"type":"Polygon","coordinates":[[[-70.5822797092039,-33.45894780986516],[-70.5823532916324,-33.45924493068377],[-70.58184115671402,-33.45932596279181],[-70.58176757391432,-33.45902393205778],[-70.5822797092039,-33.45894780986516]]]}},{"type":"Feature","properties":{"comuna":"Nunoa","zona":"Z-5A","zona_code":"Z-5A","nombre":"Z-5A","decreto":""},"geometry":{"type":"Polygon","coordinates":[[[-70.58397210771557,-33.4584567005838],[-70.58431353070578,-33.45988091116771],[-70.58399271080903,-33.45993738824883],[-70.58396033464295,-33.45981706795145],[-70.58304202466965,-33.459996320155135],[-70.58305968460564,-33.460104362600404],[-70.58284187957837,-33.460148561880835],[-70.5826593953936,-33.45939226211487],[-70.58288897257755,-33.45934315115578],[-70.58279773042683,-33.458879055057295],[-70.58369249443787,-33.458685066665154],[-70.58365423167864,-33.45851072308079],[-70.58397210771557,-33.4584567005838]]]}},{"type":"Feature","properties":{"comuna":"Nunoa","zona":"Áreas verdes","zona_code":"Áreas verdes","nombre":"Áreas verdes","decreto":""},"geometry":{"type":"Polygon","coordinates":[[[-70.58405711075477,-33.458408080378724],[-70.58439429581614,-33.45983661327493],[-70.58437922601641,-33.45986332976938],[-70.58409290161441,-33.45883397088535],[-70.58405711075477,-33.458408080378724]]]}},{"type":"Feature","properties":{"comuna":"Nunoa","zona":"Z-1D","zona_code":"Z-1D","nombre":"Z-1D","decreto":""},"geometry":{"type":"Polygon","coordinates":[[[-70.58446658260107,-33.45532826611597],[-70.58455193880367,-33.45567942289443],[-70.58360419482179,-33.45582676016225],[-70.58343348402359,-33.45511462499548],[-70.58446658260107,-33.45532826611597]]]}},{"type":"Feature","properties":{"comuna":"Nunoa","zona":"Z-5A","zona_code":"Z-5A","nombre":"Z-5A","decreto":""},"geometry":{"type":"MultiPolygon","coordinates":[[[[-70.58455190016282,-33.45567942789756],[-70.58474914005204,-33.4566051915371],[-70.58381905591742,-33.456762350352065],[-70.58361509610802,-33.45582506612753],[-70.58455190016282,-33.45567942789756]]],[[[-70.58455190016282,-33.45567942789756],[-70.58455102473796,-33.45567566220195],[-70.58455193878726,-33.455679421992805],[-70.58455190016282,-33.45567942789756]]]]}},{"type":"Feature","properties":{"comuna":"Nunoa","zona":"Z-1D","zona_code":"Z-1D","nombre":"Z-1D","decreto":""},"geometry":{"type":"Polygon","coordinates":[[[-70.58567628031581,-33.45560329829812],[-70.58578223902366,-33.45604039969293],[-70.58482860918596,-33.45617300359738],[-70.58463729503835,-33.45535282239755],[-70.58567628031581,-33.45560329829812]]]}},{"type":"Feature","properties":{"comuna":"Nunoa","zona":"Z-5A","zona_code":"Z-5A","nombre":"Z-5A","decreto":""},"geometry":{"type":"Polygon","coordinates":[[[-70.58578080742136,-33.4560405992765],[-70.58587053791484,-33.456411198524115],[-70.58491690855172,-33.456548712750774],[-70.58482860918596,-33.45617300359738],[-70.58578080742136,-33.4560405992765]]]}},{"type":"Feature","properties":{"comuna":"Nunoa","zona":"Áreas verdes","zona_code":"Áreas verdes","nombre":"Áreas verdes","decreto":""},"geometry":{"type":"Polygon","coordinates":[[[-70.58577929557896,-33.45557874197298],[-70.58599710055167,-33.45640628752565],[-70.5859294043677,-33.45641119840782],[-70.58572337353482,-33.45561066447704],[-70.58577929557896,-33.45557874197298]]]}},{"type":"Feature","properties":{"comuna":"Nunoa","zona":"Z-5A","zona_code":"Z-5A","nombre":"Z-5A","decreto":""},"geometry":{"type":"Polygon","coordinates":[[[-70.58591763127822,-33.456565901907744],[-70.58625611092606,-33.4578673654053],[-70.58525833109206,-33.45802206650098],[-70.58499343463805,-33.45669850484144],[-70.58591763127822,-33.456565901907744]]]}},{"type":"Feature","properties":{"comuna":"Nunoa","zona":"Áreas verdes","zona_code":"Áreas verdes","nombre":"Áreas verdes","decreto":""},"geometry":{"type":"Polygon","coordinates":[[[-70.58591871876308,-33.45657008333033],[-70.58600887408602,-33.4565413462932],[-70.5863326369769,-33.45785754266065],[-70.58625611092606,-33.4578673654053],[-70.58591871876308,-33.45657008333033]]]}},{"type":"Feature","properties":{"comuna":"Nunoa","zona":"Z-5A","zona_code":"Z-5A","nombre":"Z-5A","decreto":""},"geometry":{"type":"Polygon","coordinates":[[[-70.58476091327317,-33.4567377947579],[-70.58511410989814,-33.458034344235195],[-70.58418991284832,-33.45821605536476],[-70.58386909212496,-33.45689004216695],[-70.58476091327317,-33.4567377947579]]]}},{"type":"Feature","properties":{"comuna":"Nunoa","zona":"Z-5A","zona_code":"Z-5A","nombre":"Z-5A","decreto":""},"geometry":{"type":"Polygon","coordinates":[[[-70.58377196312237,-33.45753586185776],[-70.58393678799588,-33.458238155713794],[-70.58372487067226,-33.45827990039255],[-70.5834540865288,-33.45759725179583],[-70.58377196312237,-33.45753586185776]]]}},{"type":"Feature","properties":{"comuna":"Nunoa","zona":"ZT-4","zona_code":"ZT-4","nombre":"ZT-4","decreto":""},"geometry":{"type":"Polygon","coordinates":[[[-70.58275358086672,-33.45495976574189],[-70.58285460136747,-33.45512499346698],[-70.58254157180352,-33.45515539871626],[-70.58260091219591,-33.455497229556855],[-70.58221877494022,-33.45557364598208],[-70.58228283470574,-33.45583483861371],[-70.5827431951184,-33.45577386095919],[-70.58261502571477,-33.45528603694672],[-70.58290051680906,-33.455201842365554],[-70.58326362466023,-33.45555165978828],[-70.58349681114596,-33.45662328029624],[-70.58277395592648,-33.456779994207714],[-70.5826455756413,-33.45643809812936],[-70.58230949955936,-33.45649151976957],[-70.58235056198387,-33.45674116568089],[-70.58256695130383,-33.45669914354649],[-70.58263118338046,-33.45684129053731],[-70.58341842555991,-33.45671920341513],[-70.58353263648108,-33.45731068579512],[-70.58372139223125,-33.45728015592838],[-70.58374942413224,-33.45754279546507],[-70.58280951489468,-33.457651719604605],[-70.5827224909933,-33.457355949319876],[-70.58240482037199,-33.457413228782954],[-70.58245047979095,-33.457666717268765],[-70.58262084201165,-33.45762464861819],[-70.5828048171091,-33.457716994914186],[-70.58345146401228,-33.45760532966801],[-70.58371118588373,-33.458252201322395],[-70.58284067613934,-33.45838135195052],[-70.5827856106517,-33.4582660962369],[-70.58248173645418,-33.45833107008771],[-70.58248605484523,-33.45852691342316],[-70.58052480232601,-33.45886669233139],[-70.58042019776722,-33.45799875034494],[-70.58063194579651,-33.45798360318616],[-70.58073272675789,-33.458313945501544],[-70.5811378766179,-33.45823755376159],[-70.58109217828238,-33.45801094806893],[-70.58081595328088,-33.458052909238546],[-70.58076551274894,-33.457922298456175],[-70.58040188767023,-33.45792961099083],[-70.5803110074184,-33.457119273488544],[-70.58056421227714,-33.45708112869079],[-70.58068804070133,-33.45738845727308],[-70.58103333944631,-33.45732352493091],[-70.58097840161476,-33.4571199472378],[-70.58074845558791,-33.45714296828533],[-70.58070246618382,-33.4570010042898],[-70.58027936648352,-33.45705472034975],[-70.58014139925511,-33.45619909475488],[-70.58044032855945,-33.456156888978825],[-70.58052310932808,-33.45649069869638],[-70.58091861593043,-33.45642163461388],[-70.58088642269038,-33.456195257831666],[-70.58060588952681,-33.456218278927054],[-70.58055990075614,-33.45609166138134],[-70.58063348298724,-33.45617607286304],[-70.58146588545898,-33.45601876025912],[-70.5815486663843,-33.45631036512386],[-70.5814428915756,-33.45633338667982],[-70.58164984235339,-33.45724272660538],[-70.58155326512433,-33.45725423711764],[-70.58177051786393,-33.45815466674716],[-70.58164395515827,-33.458179222663766],[-70.58176168789045,-33.45860403416042],[-70.58205601794062,-33.458550011307295],[-70.58202658550422,-33.45842968982934],[-70.58247396723056,-33.45830691171038],[-70.5824121575424,-33.458080999246626],[-70.58206779085987,-33.458120288890214],[-70.58192651293847,-33.457506395410405],[-70.58235917768397,-33.45741799416956],[-70.58229148271717,-33.457155246406515],[-70.58198832191978,-33.457224003012925],[-70.58175580081918,-33.45635717517568],[-70.58187647689563,-33.45632770805651],[-70.58169104818177,-33.45570888982848],[-70.58218552348579,-33.45562539839064],[-70.58213548711333,-33.45537983498415],[-70.5816380685648,-33.45545841538433],[-70.5815792032083,-33.45485678157298],[-70.58275358086672,-33.45495976574189]]]}},{"type":"Feature","properties":{"comuna":"Nunoa","zona":"Áreas verdes","zona_code":"Áreas verdes","nombre":"Áreas verdes","decreto":""},"geometry":{"type":"Polygon","coordinates":[[[-70.58158880576775,-33.454901474888324],[-70.5816380685648,-33.45545841538433],[-70.58213548711333,-33.45537983498415],[-70.58218552348579,-33.45562539839064],[-70.58169104818177,-33.45570888982848],[-70.58187647687924,-33.456327707154884],[-70.58175580081918,-33.45635717517568],[-70.58198832191978,-33.457224003012925],[-70.58229148164152,-33.45715524642024],[-70.58235917768397,-33.45741799416956],[-70.58192651293847,-33.457506395410405],[-70.58206779193554,-33.458120288876486],[-70.58241215863444,-33.45808100013452],[-70.58247396615488,-33.458306911724115],[-70.58202658548784,-33.45842968892771],[-70.58205601794062,-33.458550011307295],[-70.58176168789045,-33.45860403416042],[-70.58164395621756,-33.45817922174842],[-70.58177051786393,-33.45815466674716],[-70.58155326512433,-33.45725423711764],[-70.58164984235339,-33.45724272660538],[-70.58144289155923,-33.4563333857782],[-70.58154866636792,-33.45631036422223],[-70.58146588653462,-33.456018760245385],[-70.58063348298724,-33.45617607286304],[-70.58060129147842,-33.45607631373023],[-70.58014463712162,-33.45616544024792],[-70.57999864959851,-33.45531844343465],[-70.58017524812219,-33.45471435286305],[-70.58158880576775,-33.454901474888324]]]}},{"type":"Feature","properties":{"comuna":"Nunoa","zona":"Áreas verdes","zona_code":"Áreas verdes","nombre":"Áreas verdes","decreto":""},"geometry":{"type":"Polygon","coordinates":[[[-70.58827307465138,-33.443020142348765],[-70.58821347439367,-33.443037695349915],[-70.58786989726829,-33.44247893630079],[-70.58791898012312,-33.44244675601244],[-70.58827307465138,-33.443020142348765]]]}},{"type":"Feature","properties":{"comuna":"Nunoa","zona":"Áreas verdes","zona_code":"Áreas verdes","nombre":"Áreas verdes","decreto":""},"geometry":{"type":"Polygon","coordinates":[[[-70.59837898584544,-33.454241783880235],[-70.5980418012255,-33.454615831438524],[-70.59801166184158,-33.454615832199075],[-70.59798340601,-33.454293647711935],[-70.59837898584544,-33.454241783880235]]]}},{"type":"Feature","properties":{"comuna":"Nunoa","zona":"Áreas verdes","zona_code":"Áreas verdes","nombre":"Áreas verdes","decreto":""},"geometry":{"type":"Polygon","coordinates":[[[-70.59852968336357,-33.454257500314846],[-70.59846375320011,-33.45454668007944],[-70.5983394281298,-33.45448067189044],[-70.59852968336357,-33.454257500314846]]]}},{"type":"Feature","properties":{"comuna":"Nunoa","zona":"Áreas verdes","zona_code":"Áreas verdes","nombre":"Áreas verdes","decreto":""},"geometry":{"type":"Polygon","coordinates":[[[-70.59830552121409,-33.454552967150555],[-70.59841477711467,-33.454623689674705],[-70.5983337765929,-33.45474156210409],[-70.59809454560387,-33.45476042143776],[-70.59830552121409,-33.454552967150555]]]}},{"type":"Feature","properties":{"comuna":"Nunoa","zona":"Áreas verdes","zona_code":"Áreas verdes","nombre":"Áreas verdes","decreto":""},"geometry":{"type":"Polygon","coordinates":[[[-70.59811338251191,-33.45507631707235],[-70.59798905740848,-33.4552601956672],[-70.59787226707017,-33.455272768515954],[-70.5978967559766,-33.455093604907624],[-70.59811338251191,-33.45507631707235]]]}},{"type":"Feature","properties":{"comuna":"Nunoa","zona":"Áreas verdes","zona_code":"Áreas verdes","nombre":"Áreas verdes","decreto":""},"geometry":{"type":"Polygon","coordinates":[[[-70.59893091443071,-33.45466769535055],[-70.5985767759675,-33.45471641573323],[-70.598697334244,-33.4541820624818],[-70.5988047057459,-33.454612688144834],[-70.59893091443071,-33.45466769535055]]]}},{"type":"Feature","properties":{"comuna":"Nunoa","zona":"Áreas verdes","zona_code":"Áreas verdes","nombre":"Áreas verdes","decreto":""},"geometry":{"type":"Polygon","coordinates":[[[-70.5974936410807,-33.455561945234415],[-70.59758405943101,-33.45561380771032],[-70.59732410605056,-33.45560594982501],[-70.5974936410807,-33.455561945234415]]]}},{"type":"Feature","properties":{"comuna":"Nunoa","zona":"Áreas verdes","zona_code":"Áreas verdes","nombre":"Áreas verdes","decreto":""},"geometry":{"type":"Polygon","coordinates":[[[-70.59741264109232,-33.45538906788049],[-70.59745973437342,-33.45549593784815],[-70.59742394284179,-33.4554975092565],[-70.59741264109232,-33.45538906788049]]]}},{"type":"Feature","properties":{"comuna":"Nunoa","zona":"Z-5A","zona_code":"Z-5A","nombre":"Z-5A","decreto":""},"geometry":{"type":"Polygon","coordinates":[[[-70.58516341038765,-33.458259488125705],[-70.58553132295137,-33.45969444526765],[-70.58454715628683,-33.459851751688035],[-70.5842482270526,-33.458405287010365],[-70.58516341038765,-33.458259488125705]]]}},{"type":"Feature","properties":{"comuna":"Nunoa","zona":"Z-5A","zona_code":"Z-5A","nombre":"Z-5A","decreto":""},"geometry":{"type":"Polygon","coordinates":[[[-70.58626199772554,-33.458088366733584],[-70.58661813711556,-33.459485572372884],[-70.58567333713708,-33.45965500312365],[-70.58532897107347,-33.45824552242085],[-70.58626199772554,-33.458088366733584]]]}},{"type":"Feature","properties":{"comuna":"Nunoa","zona":"Áreas verdes","zona_code":"Áreas verdes","nombre":"Áreas verdes","decreto":""},"geometry":{"type":"Polygon","coordinates":[[[-70.58626395942098,-33.45809606223577],[-70.58639444635746,-33.45801715463638],[-70.58673292550196,-33.4595125828946],[-70.58661813711556,-33.459485572372884],[-70.58626395942098,-33.45809606223577]]]}},{"type":"Feature","properties":{"comuna":"Nunoa","zona":"Áreas verdes","zona_code":"Áreas verdes","nombre":"Áreas verdes","decreto":""},"geometry":{"type":"Polygon","coordinates":[[[-70.58657104385506,-33.457963132628265],[-70.58664168414501,-33.45823815554749],[-70.58653866782467,-33.45825288895737],[-70.58647980177481,-33.457999966241836],[-70.58657104385506,-33.457963132628265]]]}},{"type":"Feature","properties":{"comuna":"Nunoa","zona":"Áreas verdes","zona_code":"Áreas verdes","nombre":"Áreas verdes","decreto":""},"geometry":{"type":"Polygon","coordinates":[[[-70.58667111680296,-33.45827989987777],[-70.58672998276106,-33.45859666695608],[-70.58665345736073,-33.4586114004361],[-70.58656515815603,-33.458304455879954],[-70.58667111680296,-33.45827989987777]]]}},{"type":"Feature","properties":{"comuna":"Nunoa","zona":"Áreas verdes","zona_code":"Áreas verdes","nombre":"Áreas verdes","decreto":""},"geometry":{"type":"Polygon","coordinates":[[[-70.58673292633577,-33.458680155386325],[-70.58684182840214,-33.459058309115214],[-70.58675647249747,-33.45907304298539],[-70.58665051367811,-33.45871698883358],[-70.58673292633577,-33.458680155386325]]]}},{"type":"Feature","properties":{"comuna":"Nunoa","zona":"Áreas verdes","zona_code":"Áreas verdes","nombre":"Áreas verdes","decreto":""},"geometry":{"type":"Polygon","coordinates":[[[-70.586850658659,-33.45911724277707],[-70.58694484376922,-33.459485572619855],[-70.58686243107296,-33.45948311689763],[-70.58678590593652,-33.4592547519761],[-70.58675941591409,-33.459122153480294],[-70.586850658659,-33.45911724277707]]]}},{"type":"Feature","properties":{"comuna":"Nunoa","zona":"Z-5A","zona_code":"Z-5A","nombre":"Z-5A","decreto":""},"geometry":{"type":"Polygon","coordinates":[[[-70.58711849890733,-33.45785754270857],[-70.58750407171141,-33.45940699519018],[-70.58693235985004,-33.45943675202346],[-70.58672690169355,-33.45868042009126],[-70.58658164002432,-33.45800438579774],[-70.58711849890733,-33.45785754270857]]]}},{"type":"Feature","properties":{"comuna":"Nunoa","zona":"Áreas verdes","zona_code":"Áreas verdes","nombre":"Áreas verdes","decreto":""},"geometry":{"type":"Polygon","coordinates":[[[-70.58390146840864,-33.46001105364939],[-70.58393090210774,-33.46007489627737],[-70.58333046790806,-33.460190305473006],[-70.5833334117659,-33.460141195422096],[-70.58390146840864,-33.46001105364939]]]}},{"type":"Feature","properties":{"comuna":"Nunoa","zona":"Z-2","zona_code":"Z-2","nombre":"Z-2","decreto":""},"geometry":{"type":"Polygon","coordinates":[[[-70.59757605366897,-33.45565732152797],[-70.59764963605272,-33.45656590239554],[-70.59698150649923,-33.45659536974952],[-70.59694912929201,-33.455662233589514],[-70.59757605366897,-33.45565732152797]]]}},{"type":"Feature","properties":{"comuna":"Nunoa","zona":"Z-3A","zona_code":"Z-3A","nombre":"Z-3A","decreto":""},"geometry":{"type":"Polygon","coordinates":[[[-70.59694945527119,-33.455671621080576],[-70.59698150649923,-33.45659536974952],[-70.5959690094635,-33.456639570432706],[-70.59591603099305,-33.455696612067754],[-70.59694945527119,-33.455671621080576]]]}},{"type":"Feature","properties":{"comuna":"Nunoa","zona":"Z-1B","zona_code":"Z-1B","nombre":"Z-1B","decreto":""},"geometry":{"type":"Polygon","coordinates":[[[-70.59726125812458,-33.45565978747099],[-70.59591603099305,-33.455696612067754],[-70.59589542745199,-33.45531353231282],[-70.59731998632355,-33.45516373762193],[-70.5973405891521,-33.45523740711858],[-70.59721697012029,-33.45526687481212],[-70.59726125812458,-33.45565978747099]]]}},{"type":"Feature","properties":{"comuna":"Nunoa","zona":"Z-1B","zona_code":"Z-1B","nombre":"Z-1B","decreto":""},"geometry":{"type":"Polygon","coordinates":[[[-70.59568350955027,-33.45534054417167],[-70.59571882967491,-33.45589306216832],[-70.59423540491159,-33.45591761864727],[-70.59421185811814,-33.45545104852104],[-70.59568350955027,-33.45534054417167]]]}},{"type":"Feature","properties":{"comuna":"Nunoa","zona":"Z-3A","zona_code":"Z-3A","nombre":"Z-3A","decreto":""},"geometry":{"type":"MultiPolygon","coordinates":[[[[-70.59575709199098,-33.45666167107631],[-70.59428838358781,-33.45673779427196],[-70.59423540491159,-33.45591761864727],[-70.59571870384252,-33.45589306469003],[-70.59575709199098,-33.45666167107631]]],[[[-70.59571870384252,-33.45589306469003],[-70.59571825358952,-33.45588405125084],[-70.59571882967491,-33.45589306216832],[-70.59571870384252,-33.45589306469003]]]]}},{"type":"Feature","properties":{"comuna":"Nunoa","zona":"Áreas verdes","zona_code":"Áreas verdes","nombre":"Áreas verdes","decreto":""},"geometry":{"type":"Polygon","coordinates":[[[-70.59402642986899,-33.45547560477483],[-70.5941176721072,-33.4567279720049],[-70.5933641866668,-33.45676726176138],[-70.59329060498715,-33.45549524941713],[-70.59402642986899,-33.45547560477483]]]}},{"type":"Feature","properties":{"comuna":"Nunoa","zona":"Z-1B","zona_code":"Z-1B","nombre":"Z-1B","decreto":""},"geometry":{"type":"Polygon","coordinates":[[[-70.59307574348455,-33.455490338187005],[-70.59311400611512,-33.45595199749426],[-70.59209268051272,-33.455998654396545],[-70.59206324699446,-33.45552471735058],[-70.59307574348455,-33.455490338187005]]]}},{"type":"Feature","properties":{"comuna":"Nunoa","zona":"Z-3A","zona_code":"Z-3A","nombre":"Z-3A","decreto":""},"geometry":{"type":"Polygon","coordinates":[[[-70.59309559587705,-33.45595283923784],[-70.59321702177765,-33.45679181738787],[-70.59219569561346,-33.45680655128823],[-70.59209268051272,-33.455998654396545],[-70.59309559587705,-33.45595283923784]]]}},{"type":"Feature","properties":{"comuna":"Nunoa","zona":"Z-5A","zona_code":"Z-5A","nombre":"Z-5A","decreto":""},"geometry":{"type":"Polygon","coordinates":[[[-70.59184249918059,-33.45600602134449],[-70.59193374153094,-33.45682374094623],[-70.59104486469337,-33.45689004190164],[-70.59094184869296,-33.456023210838765],[-70.59184249918059,-33.45600602134449]]]}},{"type":"Feature","properties":{"comuna":"Nunoa","zona":"Z-1D","zona_code":"Z-1D","nombre":"Z-1D","decreto":""},"geometry":{"type":"Polygon","coordinates":[[[-70.59184249918059,-33.45600602134449],[-70.59094184869296,-33.456023210838765],[-70.59093890567992,-33.45557874174877],[-70.59178657681967,-33.455539451468404],[-70.59184249918059,-33.45600602134449]]]}},{"type":"Feature","properties":{"comuna":"Nunoa","zona":"Z-1D","zona_code":"Z-1D","nombre":"Z-1D","decreto":""},"geometry":{"type":"Polygon","coordinates":[[[-70.59074170441112,-33.45559101963638],[-70.59079762720387,-33.456045311595425],[-70.589873430429,-33.456096879440416],[-70.58984988360636,-33.45564258838769],[-70.59074170441112,-33.45559101963638]]]}},{"type":"Feature","properties":{"comuna":"Nunoa","zona":"Z-5A","zona_code":"Z-5A","nombre":"Z-5A","decreto":""},"geometry":{"type":"MultiPolygon","coordinates":[[[[-70.59079757453063,-33.45604531407509],[-70.59085943686452,-33.45689740902117],[-70.58998821843527,-33.45693915421666],[-70.589873430429,-33.456096879440416],[-70.59079757453063,-33.45604531407509]]],[[[-70.59079757453063,-33.45604531407509],[-70.59079729745237,-33.456042631968785],[-70.5907976271874,-33.45604531069381],[-70.59079757453063,-33.45604531407509]]]]}},{"type":"Feature","properties":{"comuna":"Nunoa","zona":"Z-1D","zona_code":"Z-1D","nombre":"Z-1D","decreto":""},"geometry":{"type":"Polygon","coordinates":[[[-70.58961147560424,-33.455669600488235],[-70.58966739928596,-33.45615090297789],[-70.58858720685726,-33.45619755999176],[-70.58852834041487,-33.45574081371091],[-70.58961147560424,-33.455669600488235]]]}},{"type":"Feature","properties":{"comuna":"Nunoa","zona":"Z-5A","zona_code":"Z-5A","nombre":"Z-5A","decreto":""},"geometry":{"type":"Polygon","coordinates":[[[-70.58966739928596,-33.45615090297789],[-70.58975569747662,-33.456966165083486],[-70.58871082513602,-33.45703492251062],[-70.58858720685726,-33.45619755999176],[-70.58966739928596,-33.45615090297789]]]}},{"type":"Feature","properties":{"comuna":"Nunoa","zona":"Z-5","zona_code":"Z-5","nombre":"Z-5","decreto":""},"geometry":{"type":"Polygon","coordinates":[[[-70.58833996880945,-33.45573590199913],[-70.58836645878503,-33.456001110474254],[-70.588036809109,-33.45601829985033],[-70.58804269551804,-33.456106701632635],[-70.588348799425,-33.45608460134674],[-70.58840472165862,-33.45634980781407],[-70.58788081423448,-33.45638418674651],[-70.58790436091701,-33.4564750443563],[-70.5884164954815,-33.45641365382485],[-70.58844298534176,-33.45673533873531],[-70.58821046352276,-33.45680655103363],[-70.58842532480391,-33.45677953940224],[-70.58849596467917,-33.45706684512334],[-70.5880544685475,-33.457098767256305],[-70.58770127227584,-33.45574572489201],[-70.58833996880945,-33.45573590199913]]]}},{"type":"Feature","properties":{"comuna":"Nunoa","zona":"MH- 2","zona_code":"MH- 2","nombre":"MH- 2","decreto":""},"geometry":{"type":"Polygon","coordinates":[[[-70.58770407195586,-33.45576674777559],[-70.5880544696396,-33.45709876814415],[-70.58723623120578,-33.457494117229395],[-70.58705374626643,-33.45692442010889],[-70.58697133308762,-33.45576045890284],[-70.58770407195586,-33.45576674777559]]]}},{"type":"Feature","properties":{"comuna":"Nunoa","zona":"Z-5","zona_code":"Z-5","nombre":"Z-5","decreto":""},"geometry":{"type":"Polygon","coordinates":[[[-70.58697141513142,-33.45576259971032],[-70.58705374628285,-33.45692442101052],[-70.58723623013013,-33.457494117243165],[-70.58686243088272,-33.457744586454645],[-70.58656810140285,-33.45779860891082],[-70.58650334808704,-33.45749411707341],[-70.58688892137098,-33.457408172315866],[-70.58685065815975,-33.457317315333],[-70.58646802921474,-33.45739589397283],[-70.58639738997111,-33.45706438897194],[-70.58701842677257,-33.45694160947114],[-70.58636795674187,-33.45697107675002],[-70.58630614693149,-33.4567034158926],[-70.58697133366127,-33.45658800238058],[-70.5869536738901,-33.45650451205352],[-70.58628554396456,-33.45663220373201],[-70.58620607439504,-33.45631051801579],[-70.58655044122337,-33.45623193848611],[-70.58662696709297,-33.456396464615096],[-70.58669760615624,-33.45637190889027],[-70.58661813678192,-33.45598392054169],[-70.58652983833946,-33.4559912878123],[-70.5865151211033,-33.45611406891507],[-70.58618547196781,-33.456197559884075],[-70.58604419364461,-33.455672055706344],[-70.58697141513142,-33.45576259971032]]]}},{"type":"Feature","properties":{"comuna":"Nunoa","zona":"Áreas verdes","zona_code":"Áreas verdes","nombre":"Áreas verdes","decreto":""},"geometry":{"type":"Polygon","coordinates":[[[-70.58611498779219,-33.45594906114694],[-70.58618014531284,-33.45617877879354],[-70.58608539995912,-33.45619264841139],[-70.58602947663996,-33.45595936484347],[-70.58611498779219,-33.45594906114694]]]}},{"type":"Feature","properties":{"comuna":"Nunoa","zona":"Áreas verdes","zona_code":"Áreas verdes","nombre":"Áreas verdes","decreto":""},"geometry":{"type":"Polygon","coordinates":[[[-70.5862100282112,-33.456326521885885],[-70.58628554396456,-33.45663220373201],[-70.5861795853409,-33.456649392289194],[-70.5861030587724,-33.456310518645964],[-70.5862100282112,-33.456326521885885]]]}},{"type":"Feature","properties":{"comuna":"Nunoa","zona":"Áreas verdes","zona_code":"Áreas verdes","nombre":"Áreas verdes","decreto":""},"geometry":{"type":"Polygon","coordinates":[[[-70.58630614693149,-33.4567034158926],[-70.58636795672545,-33.4569710758484],[-70.5862855444334,-33.45699072096292],[-70.58620018870465,-33.456718149668916],[-70.58630614693149,-33.4567034158926]]]}},{"type":"Feature","properties":{"comuna":"Nunoa","zona":"Áreas verdes","zona_code":"Áreas verdes","nombre":"Áreas verdes","decreto":""},"geometry":{"type":"Polygon","coordinates":[[[-70.58640034294449,-33.457078248453264],[-70.58646406099236,-33.45737727407687],[-70.58637090013946,-33.45741062763229],[-70.58628848703766,-33.457076666944054],[-70.58640034294449,-33.457078248453264]]]}},{"type":"Feature","properties":{"comuna":"Nunoa","zona":"Áreas verdes","zona_code":"Áreas verdes","nombre":"Áreas verdes","decreto":""},"geometry":{"type":"Polygon","coordinates":[[[-70.5865086479495,-33.457519037275816],[-70.58656810140285,-33.45779860891082],[-70.58647097166043,-33.457837898720626],[-70.58639738971334,-33.457516217220295],[-70.5865086479495,-33.457519037275816]]]}},{"type":"Feature","properties":{"comuna":"Nunoa","zona":"Z-5A","zona_code":"Z-5A","nombre":"Z-5A","decreto":""},"geometry":{"type":"Polygon","coordinates":[[[-70.58736279275469,-33.45771266410186],[-70.58757176683743,-33.45842232245694],[-70.58782489134933,-33.459402084081596],[-70.58758059731062,-33.459419272915376],[-70.5871979673446,-33.45779369793812],[-70.58736279275469,-33.45771266410186]]]}},{"type":"Feature","properties":{"comuna":"Nunoa","zona":"PM y AP","zona_code":"PM y AP","nombre":"PM y AP","decreto":""},"geometry":{"type":"Polygon","coordinates":[[[-70.58808684474707,-33.45729767050896],[-70.58805741246384,-33.4577151198807],[-70.58788081400952,-33.45796804358683],[-70.58823401077242,-33.45941436149791],[-70.58782489134933,-33.459402084081596],[-70.58736279275469,-33.45771266410186],[-70.58808684474707,-33.45729767050896]]]}},{"type":"Feature","properties":{"comuna":"Nunoa","zona":"Z-5A","zona_code":"Z-5A","nombre":"Z-5A","decreto":""},"geometry":{"type":"Polygon","coordinates":[[[-70.58809219374142,-33.45733782830482],[-70.58852245434242,-33.457253469454336],[-70.58878440795426,-33.45938980671589],[-70.58823400971319,-33.45941436241333],[-70.58788081400952,-33.45796804358683],[-70.58805741246384,-33.4577151198807],[-70.58809219374142,-33.45733782830482]]]}},{"type":"Feature","properties":{"comuna":"Nunoa","zona":"CD","zona_code":"CD","nombre":"CD","decreto":""},"geometry":{"type":"Polygon","coordinates":[[[-70.58270759205368,-33.458643169491076],[-70.58288897257755,-33.45934315115578],[-70.58236267290326,-33.45943738249735],[-70.58242118000369,-33.459719874036544],[-70.58155565616637,-33.459866178180846],[-70.5813371165458,-33.45889639747839],[-70.58270759205368,-33.458643169491076]]]}},{"type":"Feature","properties":{"comuna":"Nunoa","zona":"Z-5A","zona_code":"Z-5A","nombre":"Z-5A","decreto":""},"geometry":{"type":"Polygon","coordinates":[[[-70.5898267045673,-33.45718133655274],[-70.59008424439885,-33.45932611603031],[-70.58898970389438,-33.45938366782271],[-70.58874136202294,-33.45725423691399],[-70.5898267045673,-33.45718133655274]]]}},{"type":"Feature","properties":{"comuna":"Nunoa","zona":"Z-5A","zona_code":"Z-5A","nombre":"Z-5A","decreto":""},"geometry":{"type":"Polygon","coordinates":[[[-70.59087065806996,-33.457100762956124],[-70.59116958654172,-33.45927623815318],[-70.59030499222587,-33.45931076921875],[-70.59003825474252,-33.457173662935396],[-70.59087065806996,-33.457100762956124]]]}},{"type":"Feature","properties":{"comuna":"Nunoa","zona":"Z-5A","zona_code":"Z-5A","nombre":"Z-5A","decreto":""},"geometry":{"type":"Polygon","coordinates":[[[-70.59196979697921,-33.45704704631288],[-70.59220434205854,-33.45921868660808],[-70.59134894413515,-33.459260891440074],[-70.59109140595235,-33.4570969258426],[-70.59196979697921,-33.45704704631288]]]}},{"type":"Feature","properties":{"comuna":"Nunoa","zona":"Z-3A","zona_code":"Z-3A","nombre":"Z-3A","decreto":""},"geometry":{"type":"Polygon","coordinates":[[[-70.5936300045918,-33.456985656803134],[-70.59366679570333,-33.45741154813827],[-70.59226412732114,-33.45749595928944],[-70.5922135396484,-33.457039373075354],[-70.5936300045918,-33.456985656803134]]]}},{"type":"Feature","properties":{"comuna":"Nunoa","zona":"Z-5A","zona_code":"Z-5A","nombre":"Z-5A","decreto":""},"geometry":{"type":"Polygon","coordinates":[[[-70.59366679570333,-33.45741154813827],[-70.59376797163775,-33.45917264522788],[-70.59247567798833,-33.45921868642243],[-70.59226412732114,-33.45749595928944],[-70.59366679570333,-33.45741154813827]]]}},{"type":"Feature","properties":{"comuna":"Nunoa","zona":"Z-3A","zona_code":"Z-3A","nombre":"Z-3A","decreto":""},"geometry":{"type":"Polygon","coordinates":[[[-70.59578229418052,-33.45688206129117],[-70.59580988764779,-33.45735783248385],[-70.5939519277265,-33.457426896104664],[-70.59391513633679,-33.45695879907307],[-70.59578229418052,-33.45688206129117]]]}},{"type":"Feature","properties":{"comuna":"Nunoa","zona":"Z-5A","zona_code":"Z-5A","nombre":"Z-5A","decreto":""},"geometry":{"type":"MultiPolygon","coordinates":[[[[-70.59580958874932,-33.457357843546646],[-70.59583288168561,-33.45911893088234],[-70.59399791714455,-33.459153461639296],[-70.5939519277265,-33.457426896104664],[-70.59580958874932,-33.457357843546646]]],[[[-70.59580950079707,-33.457351164800826],[-70.59580988764779,-33.45735783248385],[-70.59580958874932,-33.457357843546646],[-70.59580950079707,-33.457351164800826]]]]}},{"type":"Feature","properties":{"comuna":"Nunoa","zona":"Z-2","zona_code":"Z-2","nombre":"Z-2","decreto":""},"geometry":{"type":"Polygon","coordinates":[[[-70.59765864964508,-33.456782302775224],[-70.59779661688502,-33.45901917446771],[-70.59707918730169,-33.45905370525191],[-70.59696421436891,-33.45682834481898],[-70.59765864964508,-33.456782302775224]]]}},{"type":"Feature","properties":{"comuna":"Nunoa","zona":"Z-3A","zona_code":"Z-3A","nombre":"Z-3A","decreto":""},"geometry":{"type":"Polygon","coordinates":[[[-70.5969733537648,-33.4568277391789],[-70.59700129140944,-33.457545993111786],[-70.59598464617676,-33.45752665388441],[-70.59596625027118,-33.456851366315206],[-70.5969733537648,-33.4568277391789]]]}},{"type":"Feature","properties":{"comuna":"Nunoa","zona":"Z-5A","zona_code":"Z-5A","nombre":"Z-5A","decreto":""},"geometry":{"type":"Polygon","coordinates":[[[-70.59605807964385,-33.45756831815735],[-70.59700129140944,-33.457545993111786],[-70.59707840370947,-33.459038551933375],[-70.59608582176355,-33.459084399389376],[-70.59605807964385,-33.45756831815735]]]}},{"type":"Feature","properties":{"comuna":"Nunoa","zona":"Áreas verdes","zona_code":"Áreas verdes","nombre":"Áreas verdes","decreto":""},"geometry":{"type":"Polygon","coordinates":[[[-70.61493689448956,-33.47204871756308],[-70.61489162050512,-33.47212196871767],[-70.614028879839,-33.47207483024843],[-70.61412274728295,-33.472010988331704],[-70.61493689448956,-33.47204871756308]]]}},{"type":"Feature","properties":{"comuna":"Nunoa","zona":"Z-2","zona_code":"Z-2","nombre":"Z-2","decreto":""},"geometry":{"type":"Polygon","coordinates":[[[-70.59780121544924,-33.45923403361323],[-70.5978104137918,-33.45969060843789],[-70.59709758281372,-33.4596982821812],[-70.5971113796945,-33.45926089143262],[-70.59780121544924,-33.45923403361323]]]}},{"type":"Feature","properties":{"comuna":"Nunoa","zona":"Z-5A","zona_code":"Z-5A","nombre":"Z-5A","decreto":""},"geometry":{"type":"Polygon","coordinates":[[[-70.59711137861883,-33.45926089144648],[-70.59709758279718,-33.45969828127958],[-70.59681244978175,-33.45970595547648],[-70.59683084587502,-33.46011648700967],[-70.59610421756092,-33.46011264960372],[-70.59610881633678,-33.45930693265793],[-70.59711137861883,-33.45926089144648]]]}},{"type":"Feature","properties":{"comuna":"Nunoa","zona":"Z-2","zona_code":"Z-2","nombre":"Z-2","decreto":""},"geometry":{"type":"Polygon","coordinates":[[[-70.59804495831915,-33.46423320289618],[-70.59796217753986,-33.464375155292],[-70.59703319776492,-33.4644020103378],[-70.59703319806222,-33.46425238558311],[-70.59804495831915,-33.46423320289618]]]}},{"type":"Feature","properties":{"comuna":"Nunoa","zona":"Z-3","zona_code":"Z-3","nombre":"Z-3","decreto":""},"geometry":{"type":"Polygon","coordinates":[[[-70.59598464659739,-33.46365004550125],[-70.59600304223082,-33.46443270269529],[-70.59431984074179,-33.46451710677391],[-70.59429684635165,-33.46370759395194],[-70.59598464659739,-33.46365004550125]]]}},{"type":"Feature","properties":{"comuna":"Nunoa","zona":"Z-5A","zona_code":"Z-5A","nombre":"Z-5A","decreto":""},"geometry":{"type":"Polygon","coordinates":[[[-70.5951890344504,-33.461988791940456],[-70.59524929720274,-33.46367511769569],[-70.59429684635165,-33.46370759395194],[-70.59417727407599,-33.46231490680056],[-70.59433363737195,-33.462245846979236],[-70.59420486814336,-33.46203099491115],[-70.5951890344504,-33.461988791940456]]]}},{"type":"Feature","properties":{"comuna":"Nunoa","zona":"Z-5A","zona_code":"Z-5A","nombre":"Z-5A","decreto":""},"geometry":{"type":"Polygon","coordinates":[[[-70.59485331403528,-33.45932995292124],[-70.59506946340389,-33.46185067208108],[-70.5941910709772,-33.46188136531794],[-70.59403930753078,-33.45938366788206],[-70.59485331403528,-33.45932995292124]]]}},{"type":"Feature","properties":{"comuna":"Nunoa","zona":"Z-5A","zona_code":"Z-5A","nombre":"Z-5A","decreto":""},"geometry":{"type":"Polygon","coordinates":[[[-70.5958190857773,-33.45928007485286],[-70.59592485988284,-33.460427261080525],[-70.59552935387417,-33.4604426085757],[-70.59559833779768,-33.461823816103205],[-70.59521202875432,-33.461835326035256],[-70.5950326715901,-33.45933379008588],[-70.5958190857773,-33.45928007485286]]]}},{"type":"Feature","properties":{"comuna":"Nunoa","zona":"UMCE","zona_code":"UMCE","nombre":"UMCE","decreto":""},"geometry":{"type":"Polygon","coordinates":[[[-70.5978103980421,-33.459689808715495],[-70.59804495724342,-33.46423320291005],[-70.59703319806222,-33.46425238558311],[-70.59703319773068,-33.464377312767304],[-70.59600304223082,-33.46443270269529],[-70.59598464659739,-33.46365004550125],[-70.59524929721925,-33.46367511859731],[-70.59518740710354,-33.46198882370676],[-70.59567594449975,-33.46194347138413],[-70.59576217345808,-33.46202140324412],[-70.59576217381878,-33.461817580967995],[-70.59559833778115,-33.46182381520159],[-70.59552935387417,-33.4604426085757],[-70.59612865005974,-33.46049872068789],[-70.59610421757745,-33.460112650505344],[-70.59683084587502,-33.46011648700967],[-70.59681245085743,-33.45970595546262],[-70.5978103980421,-33.459689808715495]]]}},{"type":"Feature","properties":{"comuna":"Nunoa","zona":"Z-5A","zona_code":"Z-5A","nombre":"Z-5A","decreto":""},"geometry":{"type":"Polygon","coordinates":[[[-70.59378176858712,-33.45937983084946],[-70.59385535043735,-33.46072268818838],[-70.59270562304886,-33.46077640229884],[-70.59259524925308,-33.460864646346245],[-70.59258145277012,-33.461029624621105],[-70.59211696228495,-33.461071827648404],[-70.5919743967216,-33.4594335458148],[-70.59378176858712,-33.45937983084946]]]}},{"type":"Feature","properties":{"comuna":"Nunoa","zona":"Áreas verdes","zona_code":"Áreas verdes","nombre":"Áreas verdes","decreto":""},"geometry":{"type":"Polygon","coordinates":[[[-70.5917858413672,-33.45946040261763],[-70.59184102771134,-33.45964073065761],[-70.5911235978625,-33.45968677143945],[-70.59110980162447,-33.45947574991873],[-70.5917858413672,-33.45946040261763]]]}},{"type":"Feature","properties":{"comuna":"Nunoa","zona":"Z-5A","zona_code":"Z-5A","nombre":"Z-5A","decreto":""},"geometry":{"type":"Polygon","coordinates":[[[-70.59175364871221,-33.459759670150696],[-70.59192380786253,-33.46109484786938],[-70.5913351479544,-33.46114472467332],[-70.59117418578722,-33.45982489438839],[-70.59175364871221,-33.459759670150696]]]}},{"type":"Feature","properties":{"comuna":"Nunoa","zona":"Z-5A","zona_code":"Z-5A","nombre":"Z-5A","decreto":""},"geometry":{"type":"Polygon","coordinates":[[[-70.59094883874302,-33.45949109737094],[-70.59117418621126,-33.46113321494903],[-70.59055793239666,-33.461202275298014],[-70.5903463819684,-33.45952179124792],[-70.59094883874302,-33.45949109737094]]]}},{"type":"Feature","properties":{"comuna":"Nunoa","zona":"Z-5A","zona_code":"Z-5A","nombre":"Z-5A","decreto":""},"geometry":{"type":"Polygon","coordinates":[[[-70.59386454892311,-33.46081093240457],[-70.59394732936629,-33.46217295045272],[-70.59347824039257,-33.462276539738276],[-70.59396112562224,-33.462245846738305],[-70.59397952127055,-33.462951785796875],[-70.59311492647565,-33.46298631541301],[-70.59286658490525,-33.460914523811844],[-70.59295856275263,-33.46082244237246],[-70.59386454892311,-33.46081093240457]]]}},{"type":"Feature","properties":{"comuna":"Nunoa","zona":"Z-5A","zona_code":"Z-5A","nombre":"Z-5A","decreto":""},"geometry":{"type":"Polygon","coordinates":[[[-70.59401631287186,-33.46305921059742],[-70.59408989514148,-33.46456314504724],[-70.59254006177912,-33.46475880831096],[-70.5921537542067,-33.46122145887669],[-70.59277920520965,-33.46112170478152],[-70.59298615635532,-33.46224201038797],[-70.59310112965188,-33.464421193246146],[-70.59296776043078,-33.46451710660963],[-70.59318390988099,-33.46449792396494],[-70.593137921091,-33.46365004475476],[-70.59354262447368,-33.46364620831927],[-70.59313792062767,-33.463611678991086],[-70.59313332186724,-33.46310524986127],[-70.59401631287186,-33.46305921059742]]]}},{"type":"Feature","properties":{"comuna":"Nunoa","zona":"Z-5A","zona_code":"Z-5A","nombre":"Z-5A","decreto":""},"geometry":{"type":"Polygon","coordinates":[[[-70.59194680317755,-33.46123680500243],[-70.59214455624414,-33.462832850764165],[-70.59156509343144,-33.46287121693751],[-70.59137193946137,-33.4612905188584],[-70.59194680317755,-33.46123680500243]]]}},{"type":"Feature","properties":{"comuna":"Nunoa","zona":"Z-5A","zona_code":"Z-5A","nombre":"Z-5A","decreto":""},"geometry":{"type":"Polygon","coordinates":[[[-70.59117878492121,-33.46127900853153],[-70.59138113704529,-33.462836686819195],[-70.5907970746913,-33.462944112233984],[-70.5905671301356,-33.461328885619075],[-70.59117878492121,-33.46127900853153]]]}},{"type":"Feature","properties":{"comuna":"Nunoa","zona":"Z-5A","zona_code":"Z-5A","nombre":"Z-5A","decreto":""},"geometry":{"type":"Polygon","coordinates":[[[-70.59219054556505,-33.46296713182067],[-70.59237910070433,-33.46444037591058],[-70.59230551834086,-33.46442886696458],[-70.59232391394333,-33.46458232818626],[-70.59206637445537,-33.464670568589916],[-70.59247107860217,-33.4646168570015],[-70.59247567714391,-33.46478950068881],[-70.59172605520116,-33.46488925036152],[-70.59180423686037,-33.46470126024223],[-70.59157888996624,-33.463051537164816],[-70.59219054556505,-33.46296713182067]]]}},{"type":"Feature","properties":{"comuna":"Nunoa","zona":"Z-5A","zona_code":"Z-5A","nombre":"Z-5A","decreto":""},"geometry":{"type":"Polygon","coordinates":[[[-70.5913811365344,-33.46302851756207],[-70.59160648386856,-33.46444421271777],[-70.59145012046295,-33.464417356536984],[-70.59148691152417,-33.464563145185224],[-70.59100402628135,-33.46461685706181],[-70.59080167463269,-33.46307839388286],[-70.5913811365344,-33.46302851756207]]]}},{"type":"Feature","properties":{"comuna":"Nunoa","zona":"Z-5A","zona_code":"Z-5A","nombre":"Z-5A","decreto":""},"geometry":{"type":"Polygon","coordinates":[[[-70.59161108234359,-33.46462836656452],[-70.59165247252577,-33.46487774103716],[-70.5910408169299,-33.464962143932055],[-70.59099942761172,-33.46469358723073],[-70.59161108234359,-33.46462836656452]]]}},{"type":"Feature","properties":{"comuna":"Nunoa","zona":"Z-5A","zona_code":"Z-5A","nombre":"Z-5A","decreto":""},"geometry":{"type":"Polygon","coordinates":[[[-70.59057632724833,-33.46309373943129],[-70.59067750306629,-33.463815017710616],[-70.5903141894288,-33.46387640260572],[-70.59019921730643,-33.463128269444326],[-70.59057632724833,-33.46309373943129]]]}},{"type":"Feature","properties":{"comuna":"Nunoa","zona":"Z-5A","zona_code":"Z-5A","nombre":"Z-5A","decreto":""},"geometry":{"type":"Polygon","coordinates":[[[-70.59013943065008,-33.463158962038555],[-70.59019461762932,-33.46385338348972],[-70.58984969926223,-33.4638687296045],[-70.58978531508176,-33.4631627985887],[-70.59013943065008,-33.463158962038555]]]}},{"type":"Feature","properties":{"comuna":"Nunoa","zona":"Z-5A","zona_code":"Z-5A","nombre":"Z-5A","decreto":""},"geometry":{"type":"Polygon","coordinates":[[[-70.59068670134117,-33.46388791207099],[-70.59081547080957,-33.4646590590528],[-70.59015782689765,-33.464655221794075],[-70.59018082137769,-33.464793337413596],[-70.59083386628024,-33.464716606986876],[-70.59087065826658,-33.46498132684362],[-70.59002445822804,-33.46507723940742],[-70.58987729299446,-33.46394162434716],[-70.59068670134117,-33.46388791207099]]]}},{"type":"Feature","properties":{"comuna":"Nunoa","zona":"Z-5A","zona_code":"Z-5A","nombre":"Z-5A","decreto":""},"geometry":{"type":"Polygon","coordinates":[[[-70.59052114107084,-33.462541267579205],[-70.59057172826076,-33.462974805155454],[-70.5901900194532,-33.46299015173192],[-70.5901578263703,-33.46283285034195],[-70.59008424410503,-33.46284052384471],[-70.59010723911716,-33.46298247862308],[-70.58985889788036,-33.46302084406142],[-70.5897163313761,-33.46291341922146],[-70.58965654486923,-33.462487554769204],[-70.59052114107084,-33.462541267579205]]]}},{"type":"Feature","properties":{"comuna":"Nunoa","zona":"Z-5A","zona_code":"Z-5A","nombre":"Z-5A","decreto":""},"geometry":{"type":"Polygon","coordinates":[[[-70.59010264022719,-33.45951411801543],[-70.59017622258233,-33.46014718031745],[-70.5898083089696,-33.46016636439941],[-70.58970253425296,-33.4595371380843],[-70.59010264022719,-33.45951411801543]]]}},{"type":"Feature","properties":{"comuna":"Nunoa","zona":"Z-5A","zona_code":"Z-5A","nombre":"Z-5A","decreto":""},"geometry":{"type":"Polygon","coordinates":[[[-70.59020841502137,-33.46018938435837],[-70.5902819967225,-33.46076105509644],[-70.58985429827514,-33.460799422750625],[-70.58983590322909,-33.46022775180568],[-70.59020841502137,-33.46018938435837]]]}},{"type":"Feature","properties":{"comuna":"Nunoa","zona":"Z-5A","zona_code":"Z-5A","nombre":"Z-5A","decreto":""},"geometry":{"type":"Polygon","coordinates":[[[-70.59030039309108,-33.4608799927703],[-70.59034178345377,-33.46126749905401],[-70.58994167788265,-33.46128284541323],[-70.58988189203902,-33.46087231934501],[-70.59030039309108,-33.4608799927703]]]}},{"type":"Feature","properties":{"comuna":"Nunoa","zona":"Z-5A","zona_code":"Z-5A","nombre":"Z-5A","decreto":""},"geometry":{"type":"Polygon","coordinates":[[[-70.59038317311526,-33.46132504876458],[-70.59045215703259,-33.462004138833265],[-70.59004745292451,-33.46202715877732],[-70.5899600730814,-33.46137492564231],[-70.59038317311526,-33.46132504876458]]]}},{"type":"Feature","properties":{"comuna":"Nunoa","zona":"Z-5A","zona_code":"Z-5A","nombre":"Z-5A","decreto":""},"geometry":{"type":"Polygon","coordinates":[[[-70.59043835978163,-33.462057851417775],[-70.59050734397498,-33.46245686167954],[-70.59005665066258,-33.4624722083362],[-70.59003365649461,-33.46208087131024],[-70.59043835978163,-33.462057851417775]]]}},{"type":"Feature","properties":{"comuna":"Nunoa","zona":"Z-5A","zona_code":"Z-5A","nombre":"Z-5A","decreto":""},"geometry":{"type":"Polygon","coordinates":[[[-70.58990488685907,-33.46178161288803],[-70.58999686495217,-33.46241849554605],[-70.5896841392561,-33.46241465916493],[-70.58955536952132,-33.46176242901991],[-70.58990488685907,-33.46178161288803]]]}},{"type":"Feature","properties":{"comuna":"Nunoa","zona":"Z-5A","zona_code":"Z-5A","nombre":"Z-5A","decreto":""},"geometry":{"type":"Polygon","coordinates":[[[-70.58979911174742,-33.46090685000736],[-70.58988189249823,-33.46167418562859],[-70.58952777629638,-33.46167034945203],[-70.58934841801323,-33.46089150365833],[-70.58979911174742,-33.46090685000736]]]}},{"type":"Feature","properties":{"comuna":"Nunoa","zona":"Z-5A","zona_code":"Z-5A","nombre":"Z-5A","decreto":""},"geometry":{"type":"Polygon","coordinates":[[[-70.58961975407337,-33.45957166951409],[-70.58972093008119,-33.46040807815616],[-70.58921964848804,-33.46045795502569],[-70.58909087891683,-33.45959085313131],[-70.58961975407337,-33.45957166951409]]]}},{"type":"Feature","properties":{"comuna":"Nunoa","zona":"Z-5A","zona_code":"Z-5A","nombre":"Z-5A","decreto":""},"geometry":{"type":"Polygon","coordinates":[[[-70.58974852329143,-33.46050783230722],[-70.58978991358534,-33.460799422512615],[-70.58929783032252,-33.460807095872134],[-70.58923344595031,-33.46053468921472],[-70.58974852329143,-33.46050783230722]]]}},{"type":"Feature","properties":{"comuna":"Nunoa","zona":"Z-5A","zona_code":"Z-5A","nombre":"Z-5A","decreto":""},"geometry":{"type":"Polygon","coordinates":[[[-70.58882414246638,-33.45959852650256],[-70.58888852773927,-33.46003207854162],[-70.58910007678416,-33.46081860554727],[-70.58860339451545,-33.460814769093304],[-70.5883182629846,-33.45963305707472],[-70.58882414246638,-33.45959852650256]]]}},{"type":"Feature","properties":{"comuna":"Nunoa","zona":"PM y AP","zona_code":"PM y AP","nombre":"PM y AP","decreto":""},"geometry":{"type":"Polygon","coordinates":[[[-70.58831826190892,-33.4596330570885],[-70.58857580102422,-33.46068815806003],[-70.58860339451545,-33.460814769093304],[-70.58818949272495,-33.46083778984533],[-70.58789056341986,-33.45963689387295],[-70.58831826190892,-33.4596330570885]]]}},{"type":"Feature","properties":{"comuna":"Nunoa","zona":"Z-5A","zona_code":"Z-5A","nombre":"Z-5A","decreto":""},"geometry":{"type":"Polygon","coordinates":[[[-70.58789197869685,-33.45964258164705],[-70.58818949270852,-33.460837788943714],[-70.58795494906497,-33.46085313654888],[-70.58764682152008,-33.45964456773559],[-70.58789197869685,-33.45964258164705]]]}},{"type":"Feature","properties":{"comuna":"Nunoa","zona":"Z-5A","zona_code":"Z-5A","nombre":"Z-5A","decreto":""},"geometry":{"type":"Polygon","coordinates":[[[-70.589113873624,-33.460918359964595],[-70.58944499506687,-33.46225735670835],[-70.58943119851584,-33.46236478238881],[-70.58900809886559,-33.46234176268454],[-70.58867237872654,-33.460937543478124],[-70.589113873624,-33.460918359964595]]]}},{"type":"Feature","properties":{"comuna":"Nunoa","zona":"PM y AP","zona_code":"PM y AP","nombre":"PM y AP","decreto":""},"geometry":{"type":"Polygon","coordinates":[[[-70.58867326053903,-33.46094123330189],[-70.58900809886559,-33.46234176268454],[-70.58858499952187,-33.46232641613208],[-70.58823548211367,-33.46094905321665],[-70.58867326053903,-33.46094123330189]]]}},{"type":"Feature","properties":{"comuna":"Nunoa","zona":"Z-5A","zona_code":"Z-5A","nombre":"Z-5A","decreto":""},"geometry":{"type":"Polygon","coordinates":[[[-70.58823548211367,-33.46094905321665],[-70.58858499844617,-33.462326416145864],[-70.58828147121854,-33.4622995598576],[-70.58795954724975,-33.46093754341384],[-70.58823548211367,-33.46094905321665]]]}},{"type":"Feature","properties":{"comuna":"Nunoa","zona":"Z-5A","zona_code":"Z-5A","nombre":"Z-5A","decreto":""},"geometry":{"type":"Polygon","coordinates":[[[-70.58795954699531,-33.46144398633088],[-70.5881802948487,-33.46229572310547],[-70.5876468210273,-33.46227270342563],[-70.58743987023189,-33.46152071933],[-70.58795954699531,-33.46144398633088]]]}},{"type":"Feature","properties":{"comuna":"Nunoa","zona":"Z-5A","zona_code":"Z-5A","nombre":"Z-5A","decreto":""},"geometry":{"type":"Polygon","coordinates":[[[-70.58786297011088,-33.4609490534821],[-70.58795494869567,-33.461351905768964],[-70.58742147544463,-33.4613979456593],[-70.5873432929222,-33.46096439999432],[-70.58786297011088,-33.4609490534821]]]}},{"type":"Feature","properties":{"comuna":"Nunoa","zona":"Z-5A","zona_code":"Z-5A","nombre":"Z-5A","decreto":""},"geometry":{"type":"Polygon","coordinates":[[[-70.58774799799144,-33.460465629071734],[-70.5878491734244,-33.46081860587985],[-70.58731110154991,-33.46087615654859],[-70.58724211719931,-33.46059991354504],[-70.58774799799144,-33.460465629071734]]]}},{"type":"Feature","properties":{"comuna":"Nunoa","zona":"Z-5A","zona_code":"Z-5A","nombre":"Z-5A","decreto":""},"geometry":{"type":"Polygon","coordinates":[[[-70.58756404131499,-33.45963305736349],[-70.58776179441033,-33.46039273114213],[-70.58721912326811,-33.46046946548677],[-70.58703516618725,-33.459656077636915],[-70.58756404131499,-33.45963305736349]]]}},{"type":"Feature","properties":{"comuna":"Nunoa","zona":"Áreas verdes","zona_code":"Áreas verdes","nombre":"Áreas verdes","decreto":""},"geometry":{"type":"Polygon","coordinates":[[[-70.58699193672425,-33.45964488654898],[-70.5870767038911,-33.45993562035393],[-70.58697309968024,-33.45994819186778],[-70.58688079759739,-33.45965117307446],[-70.58699193672425,-33.45964488654898]]]}},{"type":"Feature","properties":{"comuna":"Nunoa","zona":"Áreas verdes","zona_code":"Áreas verdes","nombre":"Áreas verdes","decreto":""},"geometry":{"type":"Polygon","coordinates":[[[-70.58706916908552,-33.45998119453256],[-70.58712002938229,-33.46016506309546],[-70.58702961050982,-33.460190206939714],[-70.58696933225808,-33.459987480719136],[-70.58706916908552,-33.45998119453256]]]}},{"type":"Feature","properties":{"comuna":"Nunoa","zona":"Áreas verdes","zona_code":"Áreas verdes","nombre":"Áreas verdes","decreto":""},"geometry":{"type":"Polygon","coordinates":[[[-70.58714451750912,-33.46022006623892],[-70.58720667982828,-33.46048722502846],[-70.58711249488266,-33.46049979689541],[-70.58705033229144,-33.460238924744665],[-70.58714451750912,-33.46022006623892]]]}},{"type":"Feature","properties":{"comuna":"Nunoa","zona":"Áreas verdes","zona_code":"Áreas verdes","nombre":"Áreas verdes","decreto":""},"geometry":{"type":"Polygon","coordinates":[[[-70.5872085639176,-33.46059094520339],[-70.58728202846603,-33.46088324662997],[-70.5871859591168,-33.460895818341506],[-70.58712568011772,-33.460630232594355],[-70.5872085639176,-33.46059094520339]]]}},{"type":"Feature","properties":{"comuna":"Nunoa","zona":"Z-5A","zona_code":"Z-5A","nombre":"Z-5A","decreto":""},"geometry":{"type":"Polygon","coordinates":[[[-70.58728767999399,-33.46094767884421],[-70.58740635361515,-33.46140341505913],[-70.5873856328923,-33.46142855932991],[-70.5871916106045,-33.46094767899357],[-70.58728767999399,-33.46094767884421]]]}},{"type":"Feature","properties":{"comuna":"Nunoa","zona":"Áreas verdes","zona_code":"Áreas verdes","nombre":"Áreas verdes","decreto":""},"geometry":{"type":"Polygon","coordinates":[[[-70.58741200506975,-33.46151499243985],[-70.58747416761427,-33.46172085786392],[-70.58739505154486,-33.461736572847414],[-70.58734795902102,-33.461543278941825],[-70.58741200506975,-33.46151499243985]]]}},{"type":"Feature","properties":{"comuna":"Nunoa","zona":"Áreas verdes","zona_code":"Áreas verdes","nombre":"Áreas verdes","decreto":""},"geometry":{"type":"Polygon","coordinates":[[[-70.58747793465506,-33.46177114638243],[-70.58752502811896,-33.46195815352859],[-70.58743272540052,-33.46198015457751],[-70.58740070253462,-33.46178686068832],[-70.58747793465506,-33.46177114638243]]]}},{"type":"Feature","properties":{"comuna":"Nunoa","zona":"Áreas verdes","zona_code":"Áreas verdes","nombre":"Áreas verdes","decreto":""},"geometry":{"type":"Polygon","coordinates":[[[-70.58754574849688,-33.4620194419076],[-70.58761921358062,-33.462302309843565],[-70.58753067849882,-33.46229916737732],[-70.58745909743664,-33.462093301794006],[-70.58745344608363,-33.46201472794131],[-70.58754574849688,-33.4620194419076]]]}},{"type":"Feature","properties":{"comuna":"Nunoa","zona":"Z-5A","zona_code":"Z-5A","nombre":"Z-5A","decreto":""},"geometry":{"type":"Polygon","coordinates":[[[-70.5890345884265,-33.46249353986415],[-70.58940838868797,-33.462606490330444],[-70.58947019799193,-33.46338977156578],[-70.58961147651482,-33.46343887990279],[-70.58964679521043,-33.46404782006665],[-70.58911700115836,-33.464001167752755],[-70.58906990789517,-33.463885764211376],[-70.58876380522969,-33.46295516161272],[-70.5890345884265,-33.46249353986415]]]}},{"type":"Feature","properties":{"comuna":"Nunoa","zona":"PM y AP","zona_code":"PM y AP","nombre":"PM y AP","decreto":""},"geometry":{"type":"Polygon","coordinates":[[[-70.58902621376326,-33.46250925977621],[-70.58876380522969,-33.46295516161272],[-70.5891189602682,-33.46396194985545],[-70.58873731480891,-33.46396433727999],[-70.58851362446866,-33.46367705484675],[-70.58828993320473,-33.46300181486628],[-70.58832819643258,-33.462820112770366],[-70.58861369677017,-33.46247144104635],[-70.58902621376326,-33.46250925977621]]]}},{"type":"Feature","properties":{"comuna":"Nunoa","zona":"Z-5A","zona_code":"Z-5A","nombre":"Z-5A","decreto":""},"geometry":{"type":"Polygon","coordinates":[[[-70.58861369677017,-33.46247144104635],[-70.58832819535687,-33.46282011278416],[-70.58828993320473,-33.46300181486628],[-70.58851362446866,-33.46367705484675],[-70.58873731588464,-33.4639643372662],[-70.58801620629924,-33.463934872027345],[-70.58766006636156,-33.46244443141507],[-70.58861369677017,-33.46247144104635]]]}},{"type":"Feature","properties":{"comuna":"Nunoa","zona":"Áreas verdes","zona_code":"Áreas verdes","nombre":"Áreas verdes","decreto":""},"geometry":{"type":"Polygon","coordinates":[[[-70.5875570512548,-33.46239286650666],[-70.58766006636156,-33.46244443141507],[-70.58782528957235,-33.46313486370813],[-70.58772776192394,-33.463149140085314],[-70.58755116457176,-33.46249353967423],[-70.5875570512548,-33.46239286650666]]]}},{"type":"Feature","properties":{"comuna":"Nunoa","zona":"Áreas verdes","zona_code":"Áreas verdes","nombre":"Áreas verdes","decreto":""},"geometry":{"type":"Polygon","coordinates":[[[-70.58783824907617,-33.4631891693433],[-70.58790569604224,-33.46347179577942],[-70.58780193318513,-33.46349034563068],[-70.58773223646435,-33.46319962423495],[-70.58783824907617,-33.4631891693433]]]}},{"type":"Feature","properties":{"comuna":"Nunoa","zona":"Áreas verdes","zona_code":"Áreas verdes","nombre":"Áreas verdes","decreto":""},"geometry":{"type":"Polygon","coordinates":[[[-70.58791953994674,-33.463529809233094],[-70.58801620629924,-33.463934872027345],[-70.5879865370324,-33.46397121188053],[-70.58783018905724,-33.46354377531955],[-70.58791953994674,-33.463529809233094]]]}},{"type":"Feature","properties":{"comuna":"Nunoa","zona":"Z-5A","zona_code":"Z-5A","nombre":"Z-5A","decreto":""},"geometry":{"type":"Polygon","coordinates":[[[-70.58968505837208,-33.464114116371086],[-70.58980867782822,-33.465113456483905],[-70.58833113970778,-33.46531725121945],[-70.58805446877759,-33.46406255307218],[-70.58880206755842,-33.464074829551485],[-70.58886093349567,-33.46431791355603],[-70.5886637326117,-33.46432282407659],[-70.58865784587678,-33.46452662190181],[-70.58880206806646,-33.4649366693381],[-70.58929948606894,-33.46486546354152],[-70.58917881107996,-33.46407974018196],[-70.58968505837208,-33.464114116371086]]]}},{"type":"Feature","properties":{"comuna":"Nunoa","zona":"PM y AP","zona_code":"PM y AP","nombre":"PM y AP","decreto":""},"geometry":{"type":"Polygon","coordinates":[[[-70.5891758675468,-33.46413375896533],[-70.58929948606894,-33.46486546354152],[-70.58880206808291,-33.46493667023972],[-70.5886637326117,-33.46432282407659],[-70.58886093349567,-33.46431791355603],[-70.58880452513866,-33.46411993841926],[-70.5891758675468,-33.46413375896533]]]}},{"type":"Feature","properties":{"comuna":"Nunoa","zona":"Z-5A","zona_code":"Z-5A","nombre":"Z-5A","decreto":""},"geometry":{"type":"Polygon","coordinates":[[[-70.58665345651576,-33.45968692555378],[-70.5869507308361,-33.46086311136703],[-70.58596766739771,-33.46090976633645],[-70.58570865671544,-33.45986126709096],[-70.58665345651576,-33.45968692555378]]]}},{"type":"Feature","properties":{"comuna":"Nunoa","zona":"Z-5A","zona_code":"Z-5A","nombre":"Z-5A","decreto":""},"geometry":{"type":"Polygon","coordinates":[[[-70.58556737798487,-33.45989809988244],[-70.58579401197737,-33.46089503284891],[-70.58481977899285,-33.46092449852464],[-70.58461963474696,-33.46004297452533],[-70.58556737798487,-33.45989809988244]]]}},{"type":"Feature","properties":{"comuna":"Nunoa","zona":"Áreas verdes","zona_code":"Áreas verdes","nombre":"Áreas verdes","decreto":""},"geometry":{"type":"Polygon","coordinates":[[[-70.58694729046483,-33.4608495016459],[-70.58665345651576,-33.45968692555378],[-70.5867446991168,-33.459662370262116],[-70.58705668916569,-33.46087538951412],[-70.58694729046483,-33.4608495016459]]]}},{"type":"Feature","properties":{"comuna":"Nunoa","zona":"Z-5A","zona_code":"Z-5A","nombre":"Z-5A","decreto":""},"geometry":{"type":"Polygon","coordinates":[[[-70.58698016323997,-33.46097851921405],[-70.58710378268329,-33.461511357851904],[-70.58670054930339,-33.4615604669254],[-70.5865327813836,-33.46098834181077],[-70.58698016323997,-33.46097851921405]]]}},{"type":"Feature","properties":{"comuna":"Nunoa","zona":"Z-5A","zona_code":"Z-5A","nombre":"Z-5A","decreto":""},"geometry":{"type":"Polygon","coordinates":[[[-70.58711261209515,-33.46157765585439],[-70.58727743650965,-33.46225045069413],[-70.58682711178848,-33.46223080774531],[-70.58668583305911,-33.461651319409306],[-70.58711261209515,-33.46157765585439]]]}},{"type":"Feature","properties":{"comuna":"Nunoa","zona":"Z-5A","zona_code":"Z-5A","nombre":"Z-5A","decreto":""},"geometry":{"type":"Polygon","coordinates":[[[-70.58651806475844,-33.46136157391863],[-70.5867211524587,-33.46214977722184],[-70.58669760603543,-33.462220985362634],[-70.58629731670544,-33.4622037977335],[-70.58611483215196,-33.46144260510172],[-70.58651806475844,-33.46136157391863]]]}},{"type":"Feature","properties":{"comuna":"Nunoa","zona":"Z-5A","zona_code":"Z-5A","nombre":"Z-5A","decreto":""},"geometry":{"type":"Polygon","coordinates":[[[-70.58643270864538,-33.46099816308823],[-70.58650923545673,-33.46131492051723],[-70.58606185285127,-33.46130755339154],[-70.58600004402957,-33.46101044047119],[-70.58643270864538,-33.46099816308823]]]}},{"type":"Feature","properties":{"comuna":"Nunoa","zona":"Z-5A","zona_code":"Z-5A","nombre":"Z-5A","decreto":""},"geometry":{"type":"Polygon","coordinates":[[[-70.58582050243494,-33.4610153521491],[-70.58586465188627,-33.46132474233106],[-70.5854260997498,-33.46137139614154],[-70.58535251751515,-33.46101044109207],[-70.58582050243494,-33.4610153521491]]]}},{"type":"Feature","properties":{"comuna":"Nunoa","zona":"Z-5A","zona_code":"Z-5A","nombre":"Z-5A","decreto":""},"geometry":{"type":"Polygon","coordinates":[[[-70.58592646064584,-33.46140086171717],[-70.58611188883808,-33.46215959917298],[-70.58561741410426,-33.462159599605044],[-70.58549968234568,-33.461469615200286],[-70.58592646064584,-33.46140086171717]]]}},{"type":"Feature","properties":{"comuna":"Nunoa","zona":"Z-5A","zona_code":"Z-5A","nombre":"Z-5A","decreto":""},"geometry":{"type":"Polygon","coordinates":[[[-70.58527010459437,-33.461039906571855],[-70.58552617180165,-33.46211785665674],[-70.58550556837724,-33.4621497773081],[-70.58498754744357,-33.46213258895688],[-70.58481683589034,-33.46103745125389],[-70.58527010459437,-33.461039906571855]]]}},{"type":"Feature","properties":{"comuna":"Nunoa","zona":"Áreas verdes","zona_code":"Áreas verdes","nombre":"Áreas verdes","decreto":""},"geometry":{"type":"Polygon","coordinates":[[[-70.58698092460597,-33.46098180296414],[-70.58710083839078,-33.46096133084279],[-70.58720974120135,-33.46147207078206],[-70.58710378160757,-33.46151135786568],[-70.58698092460597,-33.46098180296414]]]}},{"type":"Feature","properties":{"comuna":"Nunoa","zona":"Áreas verdes","zona_code":"Áreas verdes","nombre":"Áreas verdes","decreto":""},"geometry":{"type":"Polygon","coordinates":[[[-70.58711528807622,-33.46158858067632],[-70.5872332880255,-33.46158502156831],[-70.58735984972358,-33.46227746122353],[-70.58727743758537,-33.46225045068035],[-70.58711528807622,-33.46158858067632]]]}},{"type":"Feature","properties":{"comuna":"Nunoa","zona":"Z-5A","zona_code":"Z-5A","nombre":"Z-5A","decreto":""},"geometry":{"type":"Polygon","coordinates":[[[-70.58730981287528,-33.46239532241597],[-70.58752761817433,-33.46338240551634],[-70.58713027192185,-33.46344870180858],[-70.58687420460986,-33.46239286681732],[-70.58730981287528,-33.46239532241597]]]}},{"type":"Feature","properties":{"comuna":"Nunoa","zona":"Z-5A","zona_code":"Z-5A","nombre":"Z-5A","decreto":""},"geometry":{"type":"Polygon","coordinates":[[[-70.58677118844572,-33.46235603542412],[-70.58690363792267,-33.463082843872996],[-70.58649451862337,-33.463163873309036],[-70.58630909054519,-33.46238550009337],[-70.58677118844572,-33.46235603542412]]]}},{"type":"Feature","properties":{"comuna":"Nunoa","zona":"Z-5A","zona_code":"Z-5A","nombre":"Z-5A","decreto":""},"geometry":{"type":"Polygon","coordinates":[[[-70.58692424061366,-33.46317369416703],[-70.58711261157524,-33.463895585496],[-70.58669760605719,-33.463900496891405],[-70.58651512166244,-33.46321543707941],[-70.58692424061366,-33.46317369416703]]]}},{"type":"Feature","properties":{"comuna":"Nunoa","zona":"Z-5A","zona_code":"Z-5A","nombre":"Z-5A","decreto":""},"geometry":{"type":"Polygon","coordinates":[[[-70.58610600292702,-33.462321659242505],[-70.58633852347239,-33.4631810604819],[-70.58590291441578,-33.46325226785821],[-70.58565862037328,-33.46228728261425],[-70.58610600292702,-33.462321659242505]]]}},{"type":"Feature","properties":{"comuna":"Nunoa","zona":"Z-5A","zona_code":"Z-5A","nombre":"Z-5A","decreto":""},"geometry":{"type":"Polygon","coordinates":[[[-70.58555560505991,-33.462282371513254],[-70.58568216685117,-33.46295025065991],[-70.58515825938228,-33.463016547259166],[-70.58506113037356,-33.46226763917302],[-70.58555560505991,-33.462282371513254]]]}},{"type":"Feature","properties":{"comuna":"Nunoa","zona":"Z-5A","zona_code":"Z-5A","nombre":"Z-5A","decreto":""},"geometry":{"type":"Polygon","coordinates":[[[-70.58755705117612,-33.46344133490774],[-70.58768066994664,-33.46392013930158],[-70.58725094747017,-33.46391031843285],[-70.5871626485571,-33.46351990814337],[-70.58755705117612,-33.46344133490774]]]}},{"type":"Feature","properties":{"comuna":"Nunoa","zona":"Z-5A","zona_code":"Z-5A","nombre":"Z-5A","decreto":""},"geometry":{"type":"Polygon","coordinates":[[[-70.58635912636004,-33.46326208990341],[-70.58652983835177,-33.46391768443059],[-70.58605596679276,-33.46391522888098],[-70.5859382344782,-33.46332593044151],[-70.58635912636004,-33.46326208990341]]]}},{"type":"Feature","properties":{"comuna":"Nunoa","zona":"Z-5A","zona_code":"Z-5A","nombre":"Z-5A","decreto":""},"geometry":{"type":"Polygon","coordinates":[[[-70.58570571310844,-33.46299690431096],[-70.58585876460297,-33.46364267849363],[-70.58527599148185,-33.46368687636055],[-70.58516708895243,-33.46307547741997],[-70.58570571310844,-33.46299690431096]]]}},{"type":"Feature","properties":{"comuna":"Nunoa","zona":"Z-5A","zona_code":"Z-5A","nombre":"Z-5A","decreto":""},"geometry":{"type":"Polygon","coordinates":[[[-70.5858734819498,-33.46368196525961],[-70.58591468791784,-33.4639078623702],[-70.58535251664767,-33.463954515134844],[-70.58532897059507,-33.46377527106898],[-70.5858734819498,-33.46368196525961]]]}},{"type":"Feature","properties":{"comuna":"Nunoa","zona":"Z-5A","zona_code":"Z-5A","nombre":"Z-5A","decreto":""},"geometry":{"type":"Polygon","coordinates":[[[-70.58768949949946,-33.463996257292656],[-70.58780134500947,-33.464438228122916],[-70.58681828197845,-33.4644529601523],[-70.58671526612486,-33.46395451520861],[-70.58768949949946,-33.463996257292656]]]}},{"type":"Feature","properties":{"comuna":"Nunoa","zona":"Z-5A","zona_code":"Z-5A","nombre":"Z-5A","decreto":""},"geometry":{"type":"Polygon","coordinates":[[[-70.58655632760852,-33.46400853427758],[-70.58663874013587,-33.464438227587266],[-70.58542021297585,-33.46434737821265],[-70.58539077960756,-33.464037999076155],[-70.58655632760852,-33.46400853427758]]]}},{"type":"Feature","properties":{"comuna":"Nunoa","zona":"Z-5A","zona_code":"Z-5A","nombre":"Z-5A","decreto":""},"geometry":{"type":"Polygon","coordinates":[[[-70.58782489149328,-33.46451188944392],[-70.58789847429247,-33.464892472818946],[-70.58687714743343,-33.46500050964301],[-70.5868153389508,-33.464597827821436],[-70.58782489149328,-33.46451188944392]]]}},{"type":"Feature","properties":{"comuna":"Nunoa","zona":"Z-5A","zona_code":"Z-5A","nombre":"Z-5A","decreto":""},"geometry":{"type":"Polygon","coordinates":[[[-70.58668583281296,-33.4645290769702],[-70.58676235866838,-33.46495876794964],[-70.58645331225064,-33.46498823258033],[-70.58643270938717,-33.46489247265075],[-70.58555560504207,-33.4649464912866],[-70.58547319263887,-33.46447996901233],[-70.58668583281296,-33.4645290769702]]]}},{"type":"Feature","properties":{"comuna":"Nunoa","zona":"Áreas verdes","zona_code":"Áreas verdes","nombre":"Áreas verdes","decreto":""},"geometry":{"type":"Polygon","coordinates":[[[-70.58641504968058,-33.46494158079037],[-70.58643270882759,-33.46505943815723],[-70.58630614751605,-33.46507662554721],[-70.58613249260088,-33.46496858985393],[-70.58641504968058,-33.46494158079037]]]}},{"type":"Feature","properties":{"comuna":"Nunoa","zona":"Z-5A","zona_code":"Z-5A","nombre":"Z-5A","decreto":""},"geometry":{"type":"Polygon","coordinates":[[[-70.5879367364647,-33.464978410715354],[-70.58798971649624,-33.46534180478028],[-70.58631497667824,-33.46556769807937],[-70.58625316742828,-33.46517484056145],[-70.5879367364647,-33.464978410715354]]]}},{"type":"Feature","properties":{"comuna":"Nunoa","zona":"Z-5A","zona_code":"Z-5A","nombre":"Z-5A","decreto":""},"geometry":{"type":"Polygon","coordinates":[[[-70.58604124947448,-33.4650397948362],[-70.58620018825381,-33.46556769814699],[-70.585714543682,-33.46564381377711],[-70.5855938675061,-33.465069259934225],[-70.58604124947448,-33.4650397948362]]]}},{"type":"Feature","properties":{"comuna":"Nunoa","zona":"Áreas verdes","zona_code":"Áreas verdes","nombre":"Áreas verdes","decreto":""},"geometry":{"type":"Polygon","coordinates":[[[-70.58756164519198,-33.463459133273574],[-70.58770127237041,-33.46344133536719],[-70.58776308182298,-33.463907862965144],[-70.58767855360857,-33.46391194439423],[-70.58756164519198,-33.463459133273574]]]}},{"type":"Feature","properties":{"comuna":"Nunoa","zona":"Áreas verdes","zona_code":"Áreas verdes","nombre":"Áreas verdes","decreto":""},"geometry":{"type":"Polygon","coordinates":[[[-70.58751971524056,-33.46334659211377],[-70.587309813951,-33.462395322402195],[-70.58744226190619,-33.46239777815352],[-70.58767184007112,-33.463333296645935],[-70.58751971524056,-33.46334659211377]]]}},{"type":"Feature","properties":{"comuna":"Nunoa","zona":"Áreas verdes","zona_code":"Áreas verdes","nombre":"Áreas verdes","decreto":""},"geometry":{"type":"Polygon","coordinates":[[[-70.58456959885652,-33.46000859776216],[-70.58474619695232,-33.460961331460766],[-70.58468438733765,-33.46095887602403],[-70.58456959885652,-33.46000859776216]]]}},{"type":"Feature","properties":{"comuna":"Nunoa","zona":"Z-5A","zona_code":"Z-5A","nombre":"Z-5A","decreto":""},"geometry":{"type":"Polygon","coordinates":[[[-70.58433413417981,-33.460136284601894],[-70.58446658314513,-33.46085820023823],[-70.58418991292045,-33.46090731004541],[-70.5840221446479,-33.46018785023714],[-70.58433413417981,-33.460136284601894]]]}},{"type":"Feature","properties":{"comuna":"Nunoa","zona":"Z-5A","zona_code":"Z-5A","nombre":"Z-5A","decreto":""},"geometry":{"type":"Polygon","coordinates":[[[-70.58393090162912,-33.46018785019359],[-70.58409278331997,-33.460853289718784],[-70.5835394421022,-33.46093677649677],[-70.5833893341584,-33.460295892452905],[-70.58393090162912,-33.46018785019359]]]}},{"type":"Feature","properties":{"comuna":"Nunoa","zona":"Z-5A","zona_code":"Z-5A","nombre":"Z-5A","decreto":""},"geometry":{"type":"Polygon","coordinates":[[[-70.58330986498567,-33.46032535780468],[-70.58351883991847,-33.4611086597682],[-70.58308028725459,-33.461194601833796],[-70.58289780256646,-33.46040638938043],[-70.58330986498567,-33.46032535780468]]]}},{"type":"Feature","properties":{"comuna":"Nunoa","zona":"Áreas verdes","zona_code":"Áreas verdes","nombre":"Áreas verdes","decreto":""},"geometry":{"type":"Polygon","coordinates":[[[-70.58382788617011,-33.46096133105562],[-70.58384554623048,-33.461069372450424],[-70.58359830815891,-33.46111602612014],[-70.58356298936725,-33.46101535192807],[-70.58382788617011,-33.46096133105562]]]}},{"type":"Feature","properties":{"comuna":"Nunoa","zona":"Áreas verdes","zona_code":"Áreas verdes","nombre":"Áreas verdes","decreto":""},"geometry":{"type":"Polygon","coordinates":[[[-70.58285070937069,-33.46051197609908],[-70.58293900883672,-33.46089012234276],[-70.58284776650818,-33.460912220969036],[-70.58275652360085,-33.46053898665996],[-70.58285070937069,-33.46051197609908]]]}},{"type":"Feature","properties":{"comuna":"Nunoa","zona":"Áreas verdes","zona_code":"Áreas verdes","nombre":"Áreas verdes","decreto":""},"geometry":{"type":"Polygon","coordinates":[[[-70.58295666869563,-33.46093186549528],[-70.58303025156995,-33.461211790467125],[-70.58289780310844,-33.461152858875856],[-70.58285953932652,-33.46094659827594],[-70.58295666869563,-33.46093186549528]]]}},{"type":"Feature","properties":{"comuna":"Nunoa","zona":"Áreas verdes","zona_code":"Áreas verdes","nombre":"Áreas verdes","decreto":""},"geometry":{"type":"Polygon","coordinates":[[[-70.5830449682731,-33.461251077619714],[-70.58309206046658,-33.461555556037055],[-70.58300964791268,-33.461572744251626],[-70.58293900879607,-33.461258444329644],[-70.5830449682731,-33.461251077619714]]]}},{"type":"Feature","properties":{"comuna":"Nunoa","zona":"Z-5A","zona_code":"Z-5A","nombre":"Z-5A","decreto":""},"geometry":{"type":"Polygon","coordinates":[[[-70.582682941461,-33.46052179846713],[-70.58279184356888,-33.460899944182806],[-70.5816969348894,-33.46110374944241],[-70.58162629621165,-33.4607059603694],[-70.582682941461,-33.46052179846713]]]}},{"type":"Feature","properties":{"comuna":"Nunoa","zona":"Áreas verdes","zona_code":"Áreas verdes","nombre":"Áreas verdes","decreto":""},"geometry":{"type":"Polygon","coordinates":[[[-70.58251223042967,-33.46051443133273],[-70.58216197734409,-33.460627384475906],[-70.58211514841527,-33.460603432475175],[-70.58251223042967,-33.46051443133273]]]}},{"type":"Feature","properties":{"comuna":"Nunoa","zona":"Áreas verdes","zona_code":"Áreas verdes","nombre":"Áreas verdes","decreto":""},"geometry":{"type":"Polygon","coordinates":[[[-70.58220023984909,-33.46105709481219],[-70.5822385029027,-33.461246166672346],[-70.58172342436765,-33.461344386240114],[-70.58168516149854,-33.46114549231762],[-70.58220023984909,-33.46105709481219]]]}},{"type":"Feature","properties":{"comuna":"Nunoa","zona":"Z-5A","zona_code":"Z-5A","nombre":"Z-5A","decreto":""},"geometry":{"type":"Polygon","coordinates":[[[-70.58448424297802,-33.46101780753517],[-70.58459608825214,-33.461602210323456],[-70.58439888670094,-33.46165868627529],[-70.58425760812304,-33.461047272593035],[-70.58448424297802,-33.46101780753517]]]}},{"type":"Feature","properties":{"comuna":"Nunoa","zona":"Z-5A","zona_code":"Z-5A","nombre":"Z-5A","decreto":""},"geometry":{"type":"Polygon","coordinates":[[[-70.58413398969047,-33.46108901580516],[-70.584281155298,-33.46166359651462],[-70.58389852524903,-33.461737260652754],[-70.5837601907205,-33.461150403568695],[-70.58413398969047,-33.46108901580516]]]}},{"type":"Feature","properties":{"comuna":"Nunoa","zona":"Z-5A","zona_code":"Z-5A","nombre":"Z-5A","decreto":""},"geometry":{"type":"Polygon","coordinates":[[[-70.58365423093194,-33.46117495805798],[-70.58379845295666,-33.461754448704795],[-70.58322450910737,-33.461845301180084],[-70.58309500387118,-33.46126335553221],[-70.58365423093194,-33.46117495805798]]]}},{"type":"Feature","properties":{"comuna":"Nunoa","zona":"Áreas verdes","zona_code":"Áreas verdes","nombre":"Áreas verdes","decreto":""},"geometry":{"type":"Polygon","coordinates":[[[-70.58328926145225,-33.461899320922484],[-70.58382788676047,-33.46183547939671],[-70.58324805525837,-33.46193369765537],[-70.58328926145225,-33.461899320922484]]]}},{"type":"Feature","properties":{"comuna":"Nunoa","zona":"Áreas verdes","zona_code":"Áreas verdes","nombre":"Áreas verdes","decreto":""},"geometry":{"type":"Polygon","coordinates":[[[-70.58390735518434,-33.4617495381201],[-70.58430764493373,-33.4617225282886],[-70.58390441170609,-33.461813380533656],[-70.58390735518434,-33.4617495381201]]]}},{"type":"Feature","properties":{"comuna":"Nunoa","zona":"Áreas verdes","zona_code":"Áreas verdes","nombre":"Áreas verdes","decreto":""},"geometry":{"type":"Polygon","coordinates":[[[-70.58310383394523,-33.461607121374854],[-70.58318036001052,-33.461928787014635],[-70.58240038447047,-33.46206138161086],[-70.58233857490102,-33.46173971605662],[-70.58310383394523,-33.461607121374854]]]}},{"type":"Feature","properties":{"comuna":"Nunoa","zona":"Z-5A","zona_code":"Z-5A","nombre":"Z-5A","decreto":""},"geometry":{"type":"Polygon","coordinates":[[[-70.582818333437,-33.46097606437113],[-70.58295372554595,-33.46157028942263],[-70.5823886111794,-33.46166605208349],[-70.58227087962749,-33.461074282969015],[-70.582818333437,-33.46097606437113]]]}},{"type":"Feature","properties":{"comuna":"Nunoa","zona":"Z-5A","zona_code":"Z-5A","nombre":"Z-5A","decreto":""},"geometry":{"type":"Polygon","coordinates":[[[-70.58224733311076,-33.46133456363984],[-70.58230619843539,-33.46167832934514],[-70.58092873340391,-33.46191159855244],[-70.5808934135754,-33.46155310063608],[-70.58224733311076,-33.46133456363984]]]}},{"type":"Feature","properties":{"comuna":"Nunoa","zona":"Áreas verdes","zona_code":"Áreas verdes","nombre":"Áreas verdes","decreto":""},"geometry":{"type":"Polygon","coordinates":[[[-70.58225027620487,-33.46173971599216],[-70.58226793545886,-33.461815835390176],[-70.58168810490338,-33.461911598780304],[-70.58170282123506,-33.46183793487829],[-70.58225027620487,-33.46173971599216]]]}},{"type":"Feature","properties":{"comuna":"Nunoa","zona":"Áreas verdes","zona_code":"Áreas verdes","nombre":"Áreas verdes","decreto":""},"geometry":{"type":"Polygon","coordinates":[[[-70.58164984272906,-33.46185266784529],[-70.58163218201885,-33.46192387574053],[-70.58110533156568,-33.4619975390562],[-70.58112299104796,-33.46192878694205],[-70.58164984272906,-33.46185266784529]]]}},{"type":"Feature","properties":{"comuna":"Nunoa","zona":"Z-5A","zona_code":"Z-5A","nombre":"Z-5A","decreto":""},"geometry":{"type":"Polygon","coordinates":[[[-70.58136434226114,-33.4607698032718],[-70.58150562085059,-33.46136648554087],[-70.58087869696269,-33.46148680324997],[-70.58081688706302,-33.46089748834694],[-70.58136434226114,-33.4607698032718]]]}},{"type":"Feature","properties":{"comuna":"Nunoa","zona":"Z-5A","zona_code":"Z-5A","nombre":"Z-5A","decreto":""},"geometry":{"type":"Polygon","coordinates":[[[-70.58463729423835,-33.461759360256],[-70.58485804185491,-33.46279801401611],[-70.58459608878749,-33.46284466761084],[-70.58435768116793,-33.46180601362732],[-70.58463729423835,-33.461759360256]]]}},{"type":"Feature","properties":{"comuna":"Nunoa","zona":"Z-5A","zona_code":"Z-5A","nombre":"Z-5A","decreto":""},"geometry":{"type":"Polygon","coordinates":[[[-70.5843871141311,-33.46220379731907],[-70.58456665519212,-33.46282011270161],[-70.58399565443857,-33.462906053190544],[-70.58384848926751,-33.46228728235356],[-70.5843871141311,-33.46220379731907]]]}},{"type":"Feature","properties":{"comuna":"Nunoa","zona":"Z-5A","zona_code":"Z-5A","nombre":"Z-5A","decreto":""},"geometry":{"type":"Polygon","coordinates":[[[-70.5842870416231,-33.46180355814358],[-70.5843871137786,-33.46212276749609],[-70.58319801977166,-33.46233148043446],[-70.58311560673691,-33.46199017321254],[-70.5842870416231,-33.46180355814358]]]}},{"type":"Feature","properties":{"comuna":"Nunoa","zona":"Áreas verdes","zona_code":"Áreas verdes","nombre":"Áreas verdes","decreto":""},"geometry":{"type":"Polygon","coordinates":[[[-70.58362185469326,-33.46232902567694],[-70.58368955091538,-33.462545104226834],[-70.58327454586431,-33.46262367851899],[-70.5832127356623,-33.46238058944767],[-70.58362185469326,-33.46232902567694]]]}},{"type":"Feature","properties":{"comuna":"Nunoa","zona":"Z-5A","zona_code":"Z-5A","nombre":"Z-5A","decreto":""},"geometry":{"type":"Polygon","coordinates":[[[-70.58369543771632,-33.46259912374916],[-70.58376018984293,-33.46292324085629],[-70.58274769433923,-33.463050923073375],[-70.58267999792501,-33.462763637834186],[-70.58369543771632,-33.46259912374916]]]}},{"type":"Feature","properties":{"comuna":"Nunoa","zona":"Z-5A","zona_code":"Z-5A","nombre":"Z-5A","decreto":""},"geometry":{"type":"Polygon","coordinates":[[[-70.58306851382213,-33.462024549322564],[-70.58319213244214,-33.46260157935624],[-70.58265350812113,-33.46268997514233],[-70.58249162683597,-33.46210557897635],[-70.58306851382213,-33.462024549322564]]]}},{"type":"Feature","properties":{"comuna":"Nunoa","zona":"Áreas verdes","zona_code":"Áreas verdes","nombre":"Áreas verdes","decreto":""},"geometry":{"type":"Polygon","coordinates":[[[-70.58244747734467,-33.46210312421709],[-70.58258286919506,-33.46266296533812],[-70.58255932294716,-33.46268506423534],[-70.58238861148914,-33.46217678730829],[-70.58244747734467,-33.46210312421709]]]}},{"type":"Feature","properties":{"comuna":"Nunoa","zona":"Áreas verdes","zona_code":"Áreas verdes","nombre":"Áreas verdes","decreto":""},"geometry":{"type":"Polygon","coordinates":[[[-70.58262996211845,-33.462805380572725],[-70.58267705503914,-33.46309512129636],[-70.58265350805134,-33.463129496896045],[-70.58254754929781,-33.46277591569004],[-70.58262996211845,-33.462805380572725]]]}},{"type":"Feature","properties":{"comuna":"Nunoa","zona":"Áreas verdes","zona_code":"Áreas verdes","nombre":"Áreas verdes","decreto":""},"geometry":{"type":"Polygon","coordinates":[[[-70.58390852340143,-33.46279280056082],[-70.5840048213888,-33.46290467346797],[-70.58393986812503,-33.462919524381455],[-70.58390852340143,-33.46279280056082]]]}},{"type":"Feature","properties":{"comuna":"Nunoa","zona":"Áreas verdes","zona_code":"Áreas verdes","nombre":"Áreas verdes","decreto":""},"geometry":{"type":"Polygon","coordinates":[[[-70.58373959371235,-33.462820143882205],[-70.58380484383113,-33.462839064785996],[-70.58381569423446,-33.46293461077153],[-70.58376019093507,-33.46292324174417],[-70.58373959371235,-33.462820143882205]]]}},{"type":"Feature","properties":{"comuna":"Nunoa","zona":"Z-5A","zona_code":"Z-5A","nombre":"Z-5A","decreto":""},"geometry":{"type":"Polygon","coordinates":[[[-70.58228265244485,-33.46185757832659],[-70.58245630749056,-33.46266050950455],[-70.5818941366998,-33.462766093099376],[-70.58171165195826,-33.46195825232615],[-70.58228265244485,-33.46185757832659]]]}},{"type":"Feature","properties":{"comuna":"Nunoa","zona":"Z-5A","zona_code":"Z-5A","nombre":"Z-5A","decreto":""},"geometry":{"type":"Polygon","coordinates":[[[-70.58162040888323,-33.46197298479164],[-70.5817028215447,-33.46230938171867],[-70.58101408900013,-33.46245425321112],[-70.58098171280791,-33.462081025112965],[-70.58162040888323,-33.46197298479164]]]}},{"type":"Feature","properties":{"comuna":"Nunoa","zona":"Áreas verdes","zona_code":"Áreas verdes","nombre":"Áreas verdes","decreto":""},"geometry":{"type":"Polygon","coordinates":[[[-70.58174402794354,-33.46241742145047],[-70.58182055344841,-33.46277345960131],[-70.58168810484428,-33.46280292461037],[-70.58162040965522,-33.462427242650584],[-70.58174402794354,-33.46241742145047]]]}},{"type":"Feature","properties":{"comuna":"Nunoa","zona":"Z-5A","zona_code":"Z-5A","nombre":"Z-5A","decreto":""},"geometry":{"type":"Polygon","coordinates":[[[-70.58248797673804,-33.462748611221286],[-70.58257651123222,-33.46309747832641],[-70.58176839851821,-33.463194909615595],[-70.581721305874,-33.46288375803722],[-70.58248797673804,-33.462748611221286]]]}},{"type":"Feature","properties":{"comuna":"Nunoa","zona":"Z-5A","zona_code":"Z-5A","nombre":"Z-5A","decreto":""},"geometry":{"type":"Polygon","coordinates":[[[-70.58157437645501,-33.462602463177156],[-70.58171188661382,-33.46319962413881],[-70.58109591306658,-33.46327662623433],[-70.58107707597523,-33.46267946582127],[-70.58157437645501,-33.462602463177156]]]}},{"type":"Feature","properties":{"comuna":"Nunoa","zona":"Z-5A","zona_code":"Z-5A","nombre":"Z-5A","decreto":""},"geometry":{"type":"Polygon","coordinates":[[[-70.58480929374304,-33.46292492932245],[-70.58532897053487,-33.46566806094355],[-70.5849104696126,-33.46580617419186],[-70.58436779798663,-33.46294794851324],[-70.58480929374304,-33.46292492932245]]]}},{"type":"Feature","properties":{"comuna":"Nunoa","zona":"Z-5A","zona_code":"Z-5A","nombre":"Z-5A","decreto":""},"geometry":{"type":"Polygon","coordinates":[[[-70.584369453776,-33.46347816625594],[-70.58457548532212,-33.46453398808689],[-70.58411633034841,-33.46458555078019],[-70.58389558202774,-33.46351745282376],[-70.584369453776,-33.46347816625594]]]}},{"type":"Feature","properties":{"comuna":"Nunoa","zona":"Z-5A","zona_code":"Z-5A","nombre":"Z-5A","decreto":""},"geometry":{"type":"Polygon","coordinates":[[[-70.58426055123917,-33.46301163616401],[-70.58432824739414,-33.46337258317179],[-70.582833049845,-33.46355919464046],[-70.58278301405637,-33.46316632802411],[-70.58426055123917,-33.46301163616401]]]}},{"type":"Feature","properties":{"comuna":"Nunoa","zona":"Z-5A","zona_code":"Z-5A","nombre":"Z-5A","decreto":""},"geometry":{"type":"Polygon","coordinates":[[[-70.58380728276893,-33.463546917737865],[-70.58386909284638,-33.46388821979714],[-70.58302142135943,-33.46400116779138],[-70.58295372534964,-33.46361321368285],[-70.58380728276893,-33.463546917737865]]]}},{"type":"Feature","properties":{"comuna":"Nunoa","zona":"Z-5A","zona_code":"Z-5A","nombre":"Z-5A","decreto":""},"geometry":{"type":"Polygon","coordinates":[[[-70.58383965920603,-33.46398889073164],[-70.5839662217265,-33.4643866641618],[-70.5831067769627,-33.4644676922392],[-70.58303319444254,-33.46409447272117],[-70.58383965920603,-33.46398889073164]]]}},{"type":"Feature","properties":{"comuna":"Nunoa","zona":"Z-5A","zona_code":"Z-5A","nombre":"Z-5A","decreto":""},"geometry":{"type":"Polygon","coordinates":[[[-70.58262701831153,-33.463947148898974],[-70.58271237481122,-33.4642958156059],[-70.58187353307007,-33.46441612919988],[-70.5817911207563,-33.46405273160194],[-70.58262701831153,-33.463947148898974]]]}},{"type":"Feature","properties":{"comuna":"Nunoa","zona":"Z-5A","zona_code":"Z-5A","nombre":"Z-5A","decreto":""},"geometry":{"type":"Polygon","coordinates":[[[-70.58272414783907,-33.46443086197436],[-70.58280655976515,-33.46476724892527],[-70.5819647759098,-33.464870374833886],[-70.58189413601617,-33.46452171095742],[-70.58272414783907,-33.46443086197436]]]}},{"type":"Feature","properties":{"comuna":"Nunoa","zona":"Z-5A","zona_code":"Z-5A","nombre":"Z-5A","decreto":""},"geometry":{"type":"Polygon","coordinates":[[[-70.58162040870198,-33.46380964632086],[-70.58182938356144,-33.46489492834288],[-70.58141437800964,-33.46494403546072],[-70.58120245973399,-33.46386857602312],[-70.58162040870198,-33.46380964632086]]]}},{"type":"Feature","properties":{"comuna":"Nunoa","zona":"Z-5A","zona_code":"Z-5A","nombre":"Z-5A","decreto":""},"geometry":{"type":"Polygon","coordinates":[[[-70.58260052866663,-33.46323016881713],[-70.58266822465244,-33.46358620454112],[-70.58118774414883,-33.46377772624136],[-70.58112299069383,-33.46338977131834],[-70.58260052866663,-33.46323016881713]]]}},{"type":"Feature","properties":{"comuna":"Nunoa","zona":"Áreas verdes","zona_code":"Áreas verdes","nombre":"Áreas verdes","decreto":""},"geometry":{"type":"Polygon","coordinates":[[[-70.58275840307753,-33.463215212418234],[-70.58280662661231,-33.46355615831988],[-70.5826908905812,-33.46356520988744],[-70.582639051076,-33.46322929274301],[-70.58275840307753,-33.463215212418234]]]}},{"type":"Feature","properties":{"comuna":"Nunoa","zona":"Áreas verdes","zona_code":"Áreas verdes","nombre":"Áreas verdes","decreto":""},"geometry":{"type":"Polygon","coordinates":[[[-70.58398093755723,-33.46446523688282],[-70.5840162575753,-33.464681310463874],[-70.58308617383462,-33.46479671371144],[-70.58287425566175,-33.46365495637509],[-70.58309794755681,-33.464573273647034],[-70.58398093755723,-33.46446523688282]]]}},{"type":"Feature","properties":{"comuna":"Nunoa","zona":"Áreas verdes","zona_code":"Áreas verdes","nombre":"Áreas verdes","decreto":""},"geometry":{"type":"Polygon","coordinates":[[[-70.58279773045378,-33.46367459893459],[-70.58301553449243,-33.46481144560156],[-70.58285659649222,-33.46483599974922],[-70.58265056524506,-33.463819468601706],[-70.58175285801828,-33.46391031790468],[-70.58175285817259,-33.463787547537706],[-70.58279773045378,-33.46367459893459]]]}},{"type":"Feature","properties":{"comuna":"Nunoa","zona":"Áreas verdes","zona_code":"Áreas verdes","nombre":"Áreas verdes","decreto":""},"geometry":{"type":"Polygon","coordinates":[[[-70.58503804408411,-33.46413240722438],[-70.58515531606334,-33.46416076894385],[-70.58528187774667,-33.46477461493742],[-70.58517051791704,-33.464831673404824],[-70.58503804408411,-33.46413240722438]]]}},{"type":"Feature","properties":{"comuna":"Nunoa","zona":"Áreas verdes","zona_code":"Áreas verdes","nombre":"Áreas verdes","decreto":""},"geometry":{"type":"Polygon","coordinates":[[[-70.58523376423231,-33.46516551701626],[-70.58537005921967,-33.46520008149786],[-70.58547177926299,-33.465728081910804],[-70.58492927058076,-33.46592922347416],[-70.5849104696126,-33.46580617419186],[-70.58532897051846,-33.46566806004193],[-70.58523376423231,-33.46516551701626]]]}},{"type":"Feature","properties":{"comuna":"Nunoa","zona":"Z-5A","zona_code":"Z-5A","nombre":"Z-5A","decreto":""},"geometry":{"type":"Polygon","coordinates":[[[-70.58476091285931,-33.465624171126855],[-70.58482272259083,-33.465850063035035],[-70.5838102264182,-33.46603666944602],[-70.58375136073386,-33.465761670583404],[-70.58476091285931,-33.465624171126855]]]}},{"type":"Feature","properties":{"comuna":"Nunoa","zona":"Z-5A","zona_code":"Z-5A","nombre":"Z-5A","decreto":""},"geometry":{"type":"Polygon","coordinates":[[[-70.58372192788865,-33.46583533153331],[-70.58378079360895,-33.46623064138078],[-70.58286836948415,-33.466404969777614],[-70.58281833296817,-33.466598940413824],[-70.58172931094013,-33.466770813594074],[-70.58158508943926,-33.46607349981445],[-70.58372192788865,-33.46583533153331]]]}},{"type":"Feature","properties":{"comuna":"Nunoa","zona":"Áreas verdes","zona_code":"Áreas verdes","nombre":"Áreas verdes","decreto":""},"geometry":{"type":"Polygon","coordinates":[[[-70.58401823065898,-33.46619114761575],[-70.58424246775898,-33.46617405053329],[-70.58401220331841,-33.46627260975679],[-70.58401823065898,-33.46619114761575]]]}},{"type":"Feature","properties":{"comuna":"Nunoa","zona":"Áreas verdes","zona_code":"Áreas verdes","nombre":"Áreas verdes","decreto":""},"geometry":{"type":"Polygon","coordinates":[[[-70.58303908080424,-33.46656947630574],[-70.58324216937848,-33.46655719999579],[-70.58303908068415,-33.46660876200477],[-70.58303908080424,-33.46656947630574]]]}},{"type":"Feature","properties":{"comuna":"Nunoa","zona":"Áreas verdes","zona_code":"Áreas verdes","nombre":"Áreas verdes","decreto":""},"geometry":{"type":"Polygon","coordinates":[[[-70.58204907222618,-33.466914498678584],[-70.58228265232583,-33.4668940699042],[-70.58205660681817,-33.4669852118169],[-70.58204907222618,-33.466914498678584]]]}},{"type":"Feature","properties":{"comuna":"Nunoa","zona":"Áreas verdes","zona_code":"Áreas verdes","nombre":"Áreas verdes","decreto":""},"geometry":{"type":"Polygon","coordinates":[[[-70.58081900673623,-33.46735920431011],[-70.58103374998645,-33.46735291810812],[-70.58082842505591,-33.467431487950094],[-70.58081900673623,-33.46735920431011]]]}},{"type":"Feature","properties":{"comuna":"Nunoa","zona":"Áreas verdes","zona_code":"Áreas verdes","nombre":"Áreas verdes","decreto":""},"geometry":{"type":"Polygon","coordinates":[[[-70.57963226686265,-33.467794478855],[-70.57984701027824,-33.46779447957467],[-70.57964356948654,-33.46785733424864],[-70.57963226686265,-33.467794478855]]]}},{"type":"Feature","properties":{"comuna":"Nunoa","zona":"Áreas verdes","zona_code":"Áreas verdes","nombre":"Áreas verdes","decreto":""},"geometry":{"type":"Polygon","coordinates":[[[-70.57862636372923,-33.46817632560014],[-70.57881285199386,-33.468159039998056],[-70.57862071275792,-33.468229751921925],[-70.57862636372923,-33.46817632560014]]]}},{"type":"Feature","properties":{"comuna":"Nunoa","zona":"Áreas verdes","zona_code":"Áreas verdes","nombre":"Áreas verdes","decreto":""},"geometry":{"type":"Polygon","coordinates":[[[-70.57777115766253,-33.46853617014358],[-70.57759785644004,-33.468594310793435],[-70.57757713502066,-33.46855031251335],[-70.57777115766253,-33.46853617014358]]]}},{"type":"Feature","properties":{"comuna":"Nunoa","zona":"Z-5A","zona_code":"Z-5A","nombre":"Z-5A","decreto":""},"geometry":{"type":"Polygon","coordinates":[[[-70.58461154016686,-33.46470126014639],[-70.58468512282603,-33.465092585593915],[-70.58315368643451,-33.46525371893807],[-70.58310769641137,-33.46489692298547],[-70.58461154016686,-33.46470126014639]]]}},{"type":"Feature","properties":{"comuna":"Nunoa","zona":"Z-5A","zona_code":"Z-5A","nombre":"Z-5A","decreto":""},"geometry":{"type":"Polygon","coordinates":[[[-70.58467132606118,-33.46517698878769],[-70.58474950839425,-33.465526110842085],[-70.58326405969363,-33.465733280651826],[-70.58319967514622,-33.46536497787012],[-70.58467132606118,-33.46517698878769]]]}},{"type":"Feature","properties":{"comuna":"Nunoa","zona":"Z-5A","zona_code":"Z-5A","nombre":"Z-5A","decreto":""},"geometry":{"type":"Polygon","coordinates":[[[-70.58299272459645,-33.46492377903458],[-70.5831214937992,-33.465733280998904],[-70.58243165657817,-33.46582919259251],[-70.58234887714643,-33.46531893916565],[-70.58148428173861,-33.46543019819376],[-70.58146588542712,-33.465115604293615],[-70.58299272459645,-33.46492377903458]]]}},{"type":"Feature","properties":{"comuna":"Nunoa","zona":"Áreas verdes","zona_code":"Áreas verdes","nombre":"Áreas verdes","decreto":""},"geometry":{"type":"Polygon","coordinates":[[[-70.58243142867133,-33.46582778322987],[-70.58159391990532,-33.46593108937663],[-70.58148428066286,-33.46543019820748],[-70.58234887607067,-33.465318939179376],[-70.58243142867133,-33.46582778322987]]]}},{"type":"Feature","properties":{"comuna":"Nunoa","zona":"Áreas verdes","zona_code":"Áreas verdes","nombre":"Áreas verdes","decreto":""},"geometry":{"type":"Polygon","coordinates":[[[-70.58485509838793,-33.46592617865668],[-70.5845784286186,-33.466058767809564],[-70.58391618565481,-33.46610296370731],[-70.58391029864134,-33.46632639887817],[-70.58370426804441,-33.46638778265733],[-70.58293312190047,-33.466449165936645],[-70.5829596115355,-33.46665541345398],[-70.58260052874459,-33.4667855454161],[-70.58252988958914,-33.46671188557756],[-70.58192651241458,-33.466812553273094],[-70.5819294556306,-33.46703107704115],[-70.58172342434949,-33.4670458083964],[-70.58172931201591,-33.46677081358035],[-70.58281833296817,-33.466598940413824],[-70.58286836948415,-33.466404969777614],[-70.58378079359257,-33.46623064047916],[-70.5838102264182,-33.46603666944602],[-70.58485509838793,-33.46592617865668]]]}},{"type":"Feature","properties":{"comuna":"Nunoa","zona":"CD","zona_code":"CD","nombre":"CD","decreto":""},"geometry":{"type":"Polygon","coordinates":[[[-70.58119363056414,-33.46518466209609],[-70.58155271357168,-33.46706054050534],[-70.5805667067812,-33.46720049331633],[-70.58026060390911,-33.46528778709674],[-70.58119363056414,-33.46518466209609]]]}},{"type":"Feature","properties":{"comuna":"Nunoa","zona":"Áreas verdes","zona_code":"Áreas verdes","nombre":"Áreas verdes","decreto":""},"geometry":{"type":"Polygon","coordinates":[[[-70.5805255002705,-33.46720049305372],[-70.58163806910753,-33.467102281158766],[-70.58140554844285,-33.467217680007224],[-70.5807197589449,-33.46723486721182],[-70.58071975853355,-33.467465665579944],[-70.58057259323188,-33.4675245934528],[-70.5805255002705,-33.46720049305372]]]}},{"type":"Feature","properties":{"comuna":"Nunoa","zona":"Z-5A","zona_code":"Z-5A","nombre":"Z-5A","decreto":""},"geometry":{"type":"Polygon","coordinates":[[[-70.58014139946236,-33.46542252506759],[-70.58021958067594,-33.46579082779568],[-70.57887669876499,-33.46597881577091],[-70.57883990784417,-33.46557214836701],[-70.58014139946236,-33.46542252506759]]]}},{"type":"Feature","properties":{"comuna":"Nunoa","zona":"Z-5A","zona_code":"Z-5A","nombre":"Z-5A","decreto":""},"geometry":{"type":"Polygon","coordinates":[[[-70.58018738888913,-33.46589441263897],[-70.58030236151308,-33.46628189625971],[-70.57898247467574,-33.4664545370499],[-70.5789410841148,-33.466047871500926],[-70.58018738888913,-33.46589441263897]]]}},{"type":"Feature","properties":{"comuna":"Nunoa","zona":"Z-5A","zona_code":"Z-5A","nombre":"Z-5A","decreto":""},"geometry":{"type":"Polygon","coordinates":[[[-70.58029316338907,-33.466381643722585],[-70.58044492746009,-33.46709138492558],[-70.58001263059342,-33.46714125903763],[-70.57987466255943,-33.46641617253062],[-70.58029316338907,-33.466381643722585]]]}},{"type":"Feature","properties":{"comuna":"Nunoa","zona":"Áreas verdes","zona_code":"Áreas verdes","nombre":"Áreas verdes","decreto":""},"geometry":{"type":"Polygon","coordinates":[[[-70.58010275354596,-33.46542696781026],[-70.57883990784417,-33.46557214836701],[-70.57882427218415,-33.46545720666863],[-70.58008400526047,-33.4652853319881],[-70.58010275354596,-33.46542696781026]]]}},{"type":"Feature","properties":{"comuna":"Nunoa","zona":"Áreas verdes","zona_code":"Áreas verdes","nombre":"Áreas verdes","decreto":""},"geometry":{"type":"Polygon","coordinates":[[[-70.5797543549914,-33.46643443331538],[-70.5797985045112,-33.466702064463604],[-70.579000870278,-33.466795366684394],[-70.57897143731496,-33.46652528051251],[-70.5797543549914,-33.46643443331538]]]}},{"type":"Feature","properties":{"comuna":"Nunoa","zona":"Áreas verdes","zona_code":"Áreas verdes","nombre":"Áreas verdes","decreto":""},"geometry":{"type":"Polygon","coordinates":[[[-70.57890079760264,-33.46671679586799],[-70.57890374066756,-33.46681991925659],[-70.57848579220136,-33.46686411576921],[-70.57846518870105,-33.46677326850933],[-70.57890079760264,-33.46671679586799]]]}},{"type":"Feature","properties":{"comuna":"Nunoa","zona":"Z-5A","zona_code":"Z-5A","nombre":"Z-5A","decreto":""},"geometry":{"type":"Polygon","coordinates":[[[-70.57890079760264,-33.46671679586799],[-70.57846518870105,-33.46677326850933],[-70.57822383785796,-33.46568064420767],[-70.57872419976046,-33.46562908155378],[-70.57890079760264,-33.46671679586799]]]}},{"type":"Feature","properties":{"comuna":"Nunoa","zona":"Áreas verdes","zona_code":"Áreas verdes","nombre":"Áreas verdes","decreto":""},"geometry":{"type":"Polygon","coordinates":[[[-70.57872419976046,-33.46562908155378],[-70.57822383785796,-33.46568064420767],[-70.57820029116527,-33.465550510740265],[-70.57866827633109,-33.465479305589525],[-70.57872419976046,-33.46562908155378]]]}},{"type":"Feature","properties":{"comuna":"Nunoa","zona":"Z-5A","zona_code":"Z-5A","nombre":"Z-5A","decreto":""},"geometry":{"type":"Polygon","coordinates":[[[-70.57816497230183,-33.46573957296972],[-70.57837983309933,-33.466859204714176],[-70.57741443008985,-33.466972149606136],[-70.57719662518616,-33.46585006350389],[-70.57816497230183,-33.46573957296972]]]}},{"type":"Feature","properties":{"comuna":"Nunoa","zona":"Áreas verdes","zona_code":"Áreas verdes","nombre":"Áreas verdes","decreto":""},"geometry":{"type":"Polygon","coordinates":[[[-70.57815249700734,-33.46574099619611],[-70.57723999350921,-33.465845114255046],[-70.57716648589742,-33.46569193868103],[-70.57810269204509,-33.46559451040902],[-70.57815249700734,-33.46574099619611]]]}},{"type":"Feature","properties":{"comuna":"Nunoa","zona":"Áreas verdes","zona_code":"Áreas verdes","nombre":"Áreas verdes","decreto":""},"geometry":{"type":"Polygon","coordinates":[[[-70.57933934965793,-33.46690094510568],[-70.57938349897925,-33.46719803753751],[-70.57926871057329,-33.467217680389304],[-70.57919218490609,-33.46691322122915],[-70.57933934965793,-33.46690094510568]]]}},{"type":"Feature","properties":{"comuna":"Nunoa","zona":"Z-5A","zona_code":"Z-5A","nombre":"Z-5A","decreto":""},"geometry":{"type":"Polygon","coordinates":[[[-70.57976907185515,-33.466773268826195],[-70.57983382475484,-33.46716366378902],[-70.57835334279443,-33.467372365049535],[-70.57829742060342,-33.46696723891901],[-70.57976907185515,-33.466773268826195]],[[-70.57938349897925,-33.46719803753751],[-70.57933934965793,-33.46690094510568],[-70.57919218492245,-33.46691322213077],[-70.57926871057329,-33.467217680389304],[-70.57938349897925,-33.46719803753751]]]}},{"type":"Feature","properties":{"comuna":"Nunoa","zona":"Áreas verdes","zona_code":"Áreas verdes","nombre":"Áreas verdes","decreto":""},"geometry":{"type":"Polygon","coordinates":[[[-70.57937172554114,-33.46733062469674],[-70.57935700899463,-33.46753686972549],[-70.57839160638123,-33.46764981330383],[-70.57836805950026,-33.46745093395772],[-70.57937172554114,-33.46733062469674]]]}},{"type":"Feature","properties":{"comuna":"Nunoa","zona":"Z-5A","zona_code":"Z-5A","nombre":"Z-5A","decreto":""},"geometry":{"type":"Polygon","coordinates":[[[-70.58042542855702,-33.467200493116],[-70.5804695781347,-33.46744356790327],[-70.57940998888999,-33.467637537327604],[-70.5794335355992,-33.467870789856235],[-70.57849462199066,-33.46801319603228],[-70.57842986944367,-33.467691553501695],[-70.57948062836383,-33.467539324622955],[-70.57945413890113,-33.46733799035131],[-70.58042542855702,-33.467200493116]]]}},{"type":"Feature","properties":{"comuna":"Nunoa","zona":"Áreas verdes","zona_code":"Áreas verdes","nombre":"Áreas verdes","decreto":""},"geometry":{"type":"Polygon","coordinates":[[[-70.58045638669722,-33.46744716309636],[-70.58053727415484,-33.46753932533163],[-70.58019290750647,-33.467664545243316],[-70.57953949392066,-33.46769891968376],[-70.57955421121672,-33.46789043237516],[-70.57920101485055,-33.468052481200594],[-70.57850933829938,-33.46807457865373],[-70.5784769616944,-33.46815560241679],[-70.57849462091487,-33.46801319604599],[-70.5794335345234,-33.46787078986995],[-70.57940998887364,-33.46763753642598],[-70.58045638669722,-33.46744716309636]]]}},{"type":"Feature","properties":{"comuna":"Nunoa","zona":"Z-5A","zona_code":"Z-5A","nombre":"Z-5A","decreto":""},"geometry":{"type":"Polygon","coordinates":[[[-70.57809727536598,-33.4670138900009],[-70.57821206455385,-33.46739446269324],[-70.57694055771877,-33.46755405669677],[-70.57687286228362,-33.46719067226243],[-70.57809727536598,-33.4670138900009]]]}},{"type":"Feature","properties":{"comuna":"Nunoa","zona":"Z-5A","zona_code":"Z-5A","nombre":"Z-5A","decreto":""},"geometry":{"type":"Polygon","coordinates":[[[-70.57823855419184,-33.467460755628075],[-70.57831213751882,-33.467846236730104],[-70.57701119715523,-33.46800091983384],[-70.57694644434588,-33.467639992506605],[-70.57823855419184,-33.467460755628075]]]}},{"type":"Feature","properties":{"comuna":"Nunoa","zona":"Z-3A","zona_code":"Z-3A","nombre":"Z-3A","decreto":""},"geometry":{"type":"Polygon","coordinates":[[[-70.57832390981477,-33.46794199332581],[-70.57841809558158,-33.468246448140505],[-70.57740854358683,-33.46840358535959],[-70.57742031627345,-33.468600007550315],[-70.57664622758266,-33.468688396760044],[-70.57605756754847,-33.46754423534445],[-70.57626065528464,-33.467539324908294],[-70.57619884557768,-33.46727169691394],[-70.57671098046683,-33.4672152254071],[-70.57692584106829,-33.468123684206326],[-70.57832390981477,-33.46794199332581]]]}},{"type":"Feature","properties":{"comuna":"Nunoa","zona":"Áreas verdes","zona_code":"Áreas verdes","nombre":"Áreas verdes","decreto":""},"geometry":{"type":"Polygon","coordinates":[[[-70.57839196663464,-33.46825051541404],[-70.57814142568344,-33.46841340650206],[-70.57747329556041,-33.468452691270464],[-70.57746740863882,-33.46864420228219],[-70.57716719223491,-33.46875714431266],[-70.57716536662336,-33.46862911872294],[-70.57742031627345,-33.468600007550315],[-70.57740854252737,-33.4684035862749],[-70.57839196663464,-33.46825051541404]]]}},{"type":"Feature","properties":{"comuna":"Nunoa","zona":"Z-5A","zona_code":"Z-5A","nombre":"Z-5A","decreto":""},"geometry":{"type":"Polygon","coordinates":[[[-70.57709066594337,-33.46585742891007],[-70.57727315162629,-33.46692549838848],[-70.57678456339474,-33.46698197022168],[-70.57660796506845,-33.465913902600356],[-70.57709066594337,-33.46585742891007]]]}},{"type":"Feature","properties":{"comuna":"Nunoa","zona":"Áreas verdes","zona_code":"Áreas verdes","nombre":"Áreas verdes","decreto":""},"geometry":{"type":"Polygon","coordinates":[[[-70.5772707506635,-33.466925776047184],[-70.57732024397528,-33.46703353230222],[-70.57684637198506,-33.46711210234143],[-70.57678456339474,-33.46698197022168],[-70.5772707506635,-33.466925776047184]]]}},{"type":"Feature","properties":{"comuna":"Nunoa","zona":"Áreas verdes","zona_code":"Áreas verdes","nombre":"Áreas verdes","decreto":""},"geometry":{"type":"Polygon","coordinates":[[[-70.57709066703548,-33.465857429798],[-70.57660796399269,-33.465913902614034],[-70.57656381525652,-33.46574693838981],[-70.57707006338728,-33.465695376060516],[-70.57709066703548,-33.465857429798]]]}},{"type":"Feature","properties":{"comuna":"Nunoa","zona":"Áreas verdes","zona_code":"Áreas verdes","nombre":"Áreas verdes","decreto":""},"geometry":{"type":"Polygon","coordinates":[[[-70.57621944869852,-33.466350952387316],[-70.5762959747748,-33.46672170659233],[-70.57605756718692,-33.46674871566971],[-70.5760016438833,-33.46638041654586],[-70.57621944869852,-33.466350952387316]]]}},{"type":"Feature","properties":{"comuna":"Nunoa","zona":"Z-3A","zona_code":"Z-3A","nombre":"Z-3A","decreto":""},"geometry":{"type":"Polygon","coordinates":[[[-70.57561607124055,-33.466277292595976],[-70.57605756762618,-33.466196266677166],[-70.57604285043782,-33.46600966027491],[-70.5764902325639,-33.465940911333895],[-70.57666683036501,-33.46707527214781],[-70.57593983541528,-33.4671194674233],[-70.57561607124055,-33.466277292595976]],[[-70.5762959747748,-33.46672170659233],[-70.57621944869852,-33.466350952387316],[-70.57600164495908,-33.46638041653218],[-70.5760575671706,-33.46674871476808],[-70.5762959747748,-33.46672170659233]]]}},{"type":"Feature","properties":{"comuna":"Nunoa","zona":"Áreas verdes","zona_code":"Áreas verdes","nombre":"Áreas verdes","decreto":""},"geometry":{"type":"Polygon","coordinates":[[[-70.57646046960511,-33.46579791523269],[-70.57649784325913,-33.46589848688461],[-70.57603007950915,-33.46599101219229],[-70.57600596746946,-33.46591156048353],[-70.57646046960511,-33.46579791523269]]]}},{"type":"Feature","properties":{"comuna":"Nunoa","zona":"Áreas verdes","zona_code":"Áreas verdes","nombre":"Áreas verdes","decreto":""},"geometry":{"type":"Polygon","coordinates":[[[-70.57582995289852,-33.465951789298984],[-70.57586370932174,-33.46600408589957],[-70.57546586960147,-33.46606845119211],[-70.57582995289852,-33.465951789298984]]]}},{"type":"Feature","properties":{"comuna":"Nunoa","zona":"Áreas verdes","zona_code":"Áreas verdes","nombre":"Áreas verdes","decreto":""},"geometry":{"type":"Polygon","coordinates":[[[-70.57592881053479,-33.46576673825457],[-70.57547792437198,-33.46594977783286],[-70.57544055182325,-33.46583814392638],[-70.57592881053479,-33.46576673825457]]]}},{"type":"Feature","properties":{"comuna":"Nunoa","zona":"Áreas verdes","zona_code":"Áreas verdes","nombre":"Áreas verdes","decreto":""},"geometry":{"type":"Polygon","coordinates":[[[-70.57645255823094,-33.46565265353153],[-70.5760456761033,-33.46578308148599],[-70.57603060603978,-33.465720224905866],[-70.57645255823094,-33.46565265353153]]]}},{"type":"Feature","properties":{"comuna":"Nunoa","zona":"Áreas verdes","zona_code":"Áreas verdes","nombre":"Áreas verdes","decreto":""},"geometry":{"type":"Polygon","coordinates":[[[-70.57530702499857,-33.46408465166094],[-70.57538943702063,-33.46447996908664],[-70.57517751949221,-33.46450452305911],[-70.57510393738906,-33.464087106506796],[-70.57530702499857,-33.46408465166094]]]}},{"type":"Feature","properties":{"comuna":"Nunoa","zona":"Áreas verdes","zona_code":"Áreas verdes","nombre":"Áreas verdes","decreto":""},"geometry":{"type":"Polygon","coordinates":[[[-70.575539545867,-33.46492930346739],[-70.57559252565073,-33.46521658156314],[-70.57538649442847,-33.46523376884578],[-70.575342344389,-33.46495876783894],[-70.575539545867,-33.46492930346739]]]}},{"type":"Feature","properties":{"comuna":"Nunoa","zona":"Z-3A","zona_code":"Z-3A","nombre":"Z-3A","decreto":""},"geometry":{"type":"Polygon","coordinates":[[[-70.57473896710734,-33.464001168303724],[-70.57558958188922,-33.46387348627673],[-70.57592511868164,-33.46571501894187],[-70.5756572779061,-33.46574693859551],[-70.57559546855636,-33.46554805529097],[-70.57532174099248,-33.465577519401506],[-70.5751127665337,-33.464924392081784],[-70.57529819581607,-33.46489738369708],[-70.5752746485684,-33.46466657857304],[-70.57495971583157,-33.46469358769178],[-70.57473896710734,-33.464001168303724]],[[-70.57538943702063,-33.46447996908664],[-70.57530702499857,-33.46408465166094],[-70.57510393738906,-33.464087106506796],[-70.57517751949221,-33.46450452305911],[-70.57538943702063,-33.46447996908664]],[[-70.57559252457499,-33.46521658157681],[-70.575539545867,-33.46492930346739],[-70.57534234546475,-33.464958767825266],[-70.57538649444479,-33.465233769747414],[-70.57559252457499,-33.46521658157681]]]}},{"type":"Feature","properties":{"comuna":"Nunoa","zona":"Z-5A","zona_code":"Z-5A","nombre":"Z-5A","decreto":""},"geometry":{"type":"Polygon","coordinates":[[[-70.58110827506371,-33.46464202407701],[-70.5811641972666,-33.46498332154013],[-70.5799044634813,-33.46516747477735],[-70.57983676770321,-33.46481144557367],[-70.58110827506371,-33.46464202407701]]]}},{"type":"Feature","properties":{"comuna":"Nunoa","zona":"Z-5A","zona_code":"Z-5A","nombre":"Z-5A","decreto":""},"geometry":{"type":"Polygon","coordinates":[[[-70.58088752685444,-33.46346097886414],[-70.58109061511627,-33.464504522970685],[-70.5806638361864,-33.46457572930419],[-70.58044014507604,-33.46350026516413],[-70.58088752685444,-33.46346097886414]]]}},{"type":"Feature","properties":{"comuna":"Nunoa","zona":"Z-5A","zona_code":"Z-5A","nombre":"Z-5A","decreto":""},"geometry":{"type":"Polygon","coordinates":[[[-70.58034890248722,-33.46351008712391],[-70.58055787670686,-33.464583094945404],[-70.58010460839162,-33.46464447980455],[-70.5798956335922,-33.46358620442466],[-70.58034890248722,-33.46351008712391]]]}},{"type":"Feature","properties":{"comuna":"Nunoa","zona":"Áreas verdes","zona_code":"Áreas verdes","nombre":"Áreas verdes","decreto":""},"geometry":{"type":"Polygon","coordinates":[[[-70.57988386053901,-33.46405764175567],[-70.57999864934247,-33.46467885491886],[-70.57977495885515,-33.464713230889906],[-70.57968077270223,-33.46408710685116],[-70.57988386053901,-33.46405764175567]]]}},{"type":"Feature","properties":{"comuna":"Nunoa","zona":"Z-5A","zona_code":"Z-5A","nombre":"Z-5A","decreto":""},"geometry":{"type":"Polygon","coordinates":[[[-70.57954243781748,-33.4641165715792],[-70.5797926187377,-33.46516992945498],[-70.57930402969912,-33.465241135322735],[-70.57914803519304,-33.46417059044001],[-70.57954243781748,-33.4641165715792]]]}},{"type":"Feature","properties":{"comuna":"Nunoa","zona":"Z-5A","zona_code":"Z-5A","nombre":"Z-5A","decreto":""},"geometry":{"type":"Polygon","coordinates":[[[-70.5790214729756,-33.46417795663161],[-70.57923339042415,-33.46524359019478],[-70.57884193156596,-33.465302519018245],[-70.57859469458658,-33.46423443066753],[-70.5790214729756,-33.46417795663161]]]}},{"type":"Feature","properties":{"comuna":"Nunoa","zona":"Z-5A","zona_code":"Z-5A","nombre":"Z-5A","decreto":""},"geometry":{"type":"Polygon","coordinates":[[[-70.57976907166614,-33.463596026157184],[-70.57984559787788,-33.46397661352234],[-70.57855937438416,-33.464150946723],[-70.5784828486596,-33.46375317220149],[-70.57976907166614,-33.463596026157184]]]}},{"type":"Feature","properties":{"comuna":"Nunoa","zona":"Z-5A","zona_code":"Z-5A","nombre":"Z-5A","decreto":""},"geometry":{"type":"Polygon","coordinates":[[[-70.58077273796565,-33.46264086677841],[-70.5808580935118,-33.46330874307471],[-70.58050784079343,-33.463362762205094],[-70.58034007304275,-33.462714529587096],[-70.58077273796565,-33.46264086677841]]]}},{"type":"Feature","properties":{"comuna":"Nunoa","zona":"Z-5A","zona_code":"Z-5A","nombre":"Z-5A","decreto":""},"geometry":{"type":"Polygon","coordinates":[[[-70.58029886636858,-33.46291341902457],[-70.58042837138674,-33.463382404776866],[-70.57996038630452,-33.46343642470814],[-70.57983676740527,-33.46298708202812],[-70.58029886636858,-33.46291341902457]]]}},{"type":"Feature","properties":{"comuna":"Nunoa","zona":"Z-5A","zona_code":"Z-5A","nombre":"Z-5A","decreto":""},"geometry":{"type":"Polygon","coordinates":[[[-70.57962779343072,-33.463023913365255],[-70.57976024230118,-33.463463433663776],[-70.5792657666238,-33.463529729828544],[-70.57917158190753,-33.46309021023771],[-70.57962779343072,-33.463023913365255]]]}},{"type":"Feature","properties":{"comuna":"Nunoa","zona":"Z-5A","zona_code":"Z-5A","nombre":"Z-5A","decreto":""},"geometry":{"type":"Polygon","coordinates":[[[-70.57910977216771,-33.46320315990016],[-70.5792010148006,-33.46353464109322],[-70.57846813217255,-33.463652500171094],[-70.57838277604529,-33.46332347488823],[-70.57910977216771,-33.46320315990016]]]}},{"type":"Feature","properties":{"comuna":"Nunoa","zona":"Z-5A","zona_code":"Z-5A","nombre":"Z-5A","decreto":""},"geometry":{"type":"Polygon","coordinates":[[[-70.5787742352764,-33.462734172870505],[-70.5788978536836,-33.4631835158292],[-70.57838277593774,-33.463269455853855],[-70.57825915749517,-33.462817657549245],[-70.5787742352764,-33.462734172870505]]]}},{"type":"Feature","properties":{"comuna":"Nunoa","zona":"Áreas verdes","zona_code":"Áreas verdes","nombre":"Áreas verdes","decreto":""},"geometry":{"type":"Polygon","coordinates":[[[-70.57895377691555,-33.46311476445141],[-70.57912154502208,-33.46313686299617],[-70.5789567199251,-33.46317369436047],[-70.57895377691555,-33.46311476445141]]]}},{"type":"Feature","properties":{"comuna":"Nunoa","zona":"Z-5A","zona_code":"Z-5A","nombre":"Z-5A","decreto":""},"geometry":{"type":"Polygon","coordinates":[[[-70.57956892734008,-33.4625843912437],[-70.57964250932476,-33.46296743867246],[-70.57893317404297,-33.4630632002474],[-70.57885076112531,-33.462704707288836],[-70.57956892734008,-33.4625843912437]]]}},{"type":"Feature","properties":{"comuna":"Nunoa","zona":"Áreas verdes","zona_code":"Áreas verdes","nombre":"Áreas verdes","decreto":""},"geometry":{"type":"Polygon","coordinates":[[[-70.57966805736653,-33.46259932031783],[-70.57974152271345,-33.46293404523058],[-70.5796718252733,-33.46294975972452],[-70.57958894118386,-33.4625961774848],[-70.57966805736653,-33.46259932031783]]]}},{"type":"Feature","properties":{"comuna":"Nunoa","zona":"Z-5A","zona_code":"Z-5A","nombre":"Z-5A","decreto":""},"geometry":{"type":"Polygon","coordinates":[[[-70.58004479992651,-33.46223316450661],[-70.58021245062905,-33.462866471940735],[-70.57984135980386,-33.462932473286706],[-70.57966240695143,-33.462322739039934],[-70.58004479992651,-33.46223316450661]]]}},{"type":"Feature","properties":{"comuna":"Nunoa","zona":"Áreas verdes","zona_code":"Áreas verdes","nombre":"Áreas verdes","decreto":""},"geometry":{"type":"Polygon","coordinates":[[[-70.58021998610542,-33.46271875267501],[-70.58033112514013,-33.462844470954344],[-70.58027272994802,-33.46286332886333],[-70.58021998610542,-33.46271875267501]]]}},{"type":"Feature","properties":{"comuna":"Nunoa","zona":"Z-5A","zona_code":"Z-5A","nombre":"Z-5A","decreto":""},"geometry":{"type":"Polygon","coordinates":[[[-70.58070409988183,-33.46213573242689],[-70.58074742550103,-33.462577319849274],[-70.58023128782627,-33.46265275026976],[-70.58012391684208,-33.4622300212531],[-70.58070409988183,-33.46213573242689]]]}},{"type":"Feature","properties":{"comuna":"Nunoa","zona":"Áreas verdes","zona_code":"Áreas verdes","nombre":"Áreas verdes","decreto":""},"geometry":{"type":"Polygon","coordinates":[[[-70.58051572885218,-33.46205087217044],[-70.5805063102927,-33.4621105882459],[-70.5800956607247,-33.46217659061491],[-70.58009942859209,-33.462113731561594],[-70.58051572885218,-33.46205087217044]]]}},{"type":"Feature","properties":{"comuna":"Nunoa","zona":"Áreas verdes","zona_code":"Áreas verdes","nombre":"Áreas verdes","decreto":""},"geometry":{"type":"Polygon","coordinates":[[[-70.57963415075714,-33.46218916309438],[-70.58003726588827,-33.46217659102922],[-70.57963415059274,-33.462255165715256],[-70.57963415075714,-33.46218916309438]]]}},{"type":"Feature","properties":{"comuna":"Nunoa","zona":"Áreas verdes","zona_code":"Áreas verdes","nombre":"Áreas verdes","decreto":""},"geometry":{"type":"Polygon","coordinates":[[[-70.57955880228981,-33.46223159335943],[-70.57965675502366,-33.4625097461899],[-70.57927812913226,-33.4625788909725],[-70.57922538496481,-33.46228659550446],[-70.57955880228981,-33.46223159335943]]]}},{"type":"Feature","properties":{"comuna":"Nunoa","zona":"Áreas verdes","zona_code":"Áreas verdes","nombre":"Áreas verdes","decreto":""},"geometry":{"type":"Polygon","coordinates":[[[-70.57918771044625,-33.462503460092236],[-70.57921408298111,-33.46258203376071],[-70.5788354558539,-33.46265275091864],[-70.57880908369432,-33.46256789046589],[-70.57918771044625,-33.462503460092236]]]}},{"type":"Feature","properties":{"comuna":"Nunoa","zona":"Z-5A","zona_code":"Z-5A","nombre":"Z-5A","decreto":""},"geometry":{"type":"Polygon","coordinates":[[[-70.57864708537736,-33.462145161466886],[-70.57873750270925,-33.4625553189109],[-70.5782251330987,-33.46264960809842],[-70.57812152922689,-33.46222059302359],[-70.57864708537736,-33.462145161466886]]]}},{"type":"Feature","properties":{"comuna":"Nunoa","zona":"Z-5A","zona_code":"Z-5A","nombre":"Z-5A","decreto":""},"geometry":{"type":"Polygon","coordinates":[[[-70.57905208288716,-33.46184657768608],[-70.57918959410227,-33.46247988736834],[-70.5788298054573,-33.46255374726161],[-70.57867910820569,-33.46191258056379],[-70.57905208288716,-33.46184657768608]]]}},{"type":"Feature","properties":{"comuna":"Nunoa","zona":"Áreas verdes","zona_code":"Áreas verdes","nombre":"Áreas verdes","decreto":""},"geometry":{"type":"Polygon","coordinates":[[[-70.57858492253803,-33.46192200941411],[-70.57863578276424,-33.46207758750119],[-70.57855666626992,-33.46209173038656],[-70.57852087551979,-33.461940867233224],[-70.57858492253803,-33.46192200941411]]]}},{"type":"Feature","properties":{"comuna":"Nunoa","zona":"Áreas verdes","zona_code":"Áreas verdes","nombre":"Áreas verdes","decreto":""},"geometry":{"type":"Polygon","coordinates":[[[-70.57913873390004,-33.46184814947295],[-70.57925364059068,-33.462182877037336],[-70.57921973351081,-33.462201734462276],[-70.57913873390004,-33.46184814947295]]]}},{"type":"Feature","properties":{"comuna":"Nunoa","zona":"Z-5A","zona_code":"Z-5A","nombre":"Z-5A","decreto":""},"geometry":{"type":"Polygon","coordinates":[[[-70.57990540596857,-33.46170200006945],[-70.58001842825175,-33.46209015939266],[-70.57929884939546,-33.46219544885279],[-70.5792159666157,-33.46182929107711],[-70.57990540596857,-33.46170200006945]]]}},{"type":"Feature","properties":{"comuna":"Nunoa","zona":"Áreas verdes","zona_code":"Áreas verdes","nombre":"Áreas verdes","decreto":""},"geometry":{"type":"Polygon","coordinates":[[[-70.58024070675948,-33.461646998273],[-70.58035184578829,-33.462017870555826],[-70.5800787074974,-33.462057157556536],[-70.57998263785062,-33.46167528532334],[-70.58024070675948,-33.461646998273]]]}},{"type":"Feature","properties":{"comuna":"Nunoa","zona":"Z-5A","zona_code":"Z-5A","nombre":"Z-5A","decreto":""},"geometry":{"type":"Polygon","coordinates":[[[-70.58064005423374,-33.461547993542915],[-70.58067207734531,-33.46194401025353],[-70.58038763662898,-33.46201158473829],[-70.58031417157864,-33.46162971133889],[-70.58064005423374,-33.461547993542915]]]}},{"type":"Feature","properties":{"comuna":"Nunoa","zona":"Áreas verdes","zona_code":"Áreas verdes","nombre":"Áreas verdes","decreto":""},"geometry":{"type":"Polygon","coordinates":[[[-70.58015405550758,-33.4615134202163],[-70.58015405632474,-33.461596710105255],[-70.57978861588019,-33.46165799833654],[-70.57977542953998,-33.46158413835131],[-70.58015405550758,-33.4615134202163]]]}},{"type":"Feature","properties":{"comuna":"Nunoa","zona":"Z-5A","zona_code":"Z-5A","nombre":"Z-5A","decreto":""},"geometry":{"type":"Polygon","coordinates":[[[-70.58054963583278,-33.460960250872475],[-70.5806136816434,-33.46138612848545],[-70.57974528986585,-33.4615149918958],[-70.57969631301609,-33.46114097385705],[-70.58054963583278,-33.460960250872475]]]}},{"type":"Feature","properties":{"comuna":"Nunoa","zona":"Z-5A","zona_code":"Z-5A","nombre":"Z-5A","decreto":""},"geometry":{"type":"Polygon","coordinates":[[[-70.57957387159098,-33.461159832418694],[-70.57971138345239,-33.46167057038757],[-70.57919901319578,-33.461763288916735],[-70.57908599065946,-33.461261979971816],[-70.57957387159098,-33.461159832418694]]]}},{"type":"Feature","properties":{"comuna":"Nunoa","zona":"Z-5A","zona_code":"Z-5A","nombre":"Z-5A","decreto":""},"geometry":{"type":"Polygon","coordinates":[[[-70.57891080521857,-33.46131226783828],[-70.57902947863334,-33.46178057534491],[-70.57853971299804,-33.461867006883715],[-70.57843422518218,-33.46140341529766],[-70.57891080521857,-33.46131226783828]]]}},{"type":"Feature","properties":{"comuna":"Nunoa","zona":"Z-5A","zona_code":"Z-5A","nombre":"Z-5A","decreto":""},"geometry":{"type":"Polygon","coordinates":[[[-70.57833438882683,-33.46142855915066],[-70.57851522490472,-33.46209330250173],[-70.57810645934443,-33.46216087596445],[-70.5779538785373,-33.46150556258712],[-70.57833438882683,-33.46142855915066]]]}},{"type":"Feature","properties":{"comuna":"Nunoa","zona":"Áreas verdes","zona_code":"Áreas verdes","nombre":"Áreas verdes","decreto":""},"geometry":{"type":"MultiPolygon","coordinates":[[[[-70.5750596793077,-33.463885329458634],[-70.57471836483032,-33.46394469376543],[-70.57448339093379,-33.46341516557174],[-70.57460357609067,-33.46337012787826],[-70.57479783377597,-33.46383420028099],[-70.57504212795065,-33.46381455727815],[-70.5750596793077,-33.463885329458634]]],[[[-70.57507601521836,-33.46388248849863],[-70.57505978722962,-33.46388576367386],[-70.5750596793077,-33.463885329458634],[-70.57507601521836,-33.46388248849863]]]]}},{"type":"Feature","properties":{"comuna":"Nunoa","zona":"Áreas verdes","zona_code":"Áreas verdes","nombre":"Áreas verdes","decreto":""},"geometry":{"type":"Polygon","coordinates":[[[-70.57454624019772,-33.46319805277489],[-70.57455942612101,-33.46330805535345],[-70.5744708917403,-33.46333319865649],[-70.57444640289432,-33.46324676754536],[-70.57454624019772,-33.46319805277489]]]}},{"type":"Feature","properties":{"comuna":"Nunoa","zona":"Áreas verdes","zona_code":"Áreas verdes","nombre":"Áreas verdes","decreto":""},"geometry":{"type":"Polygon","coordinates":[[[-70.57464042570773,-33.462907329884175],[-70.57441249592759,-33.46299847548528],[-70.57430135698065,-33.46292461635256],[-70.57436163616279,-33.46287747195958],[-70.57439177564754,-33.46296704636369],[-70.57464042570773,-33.462907329884175]]]}},{"type":"Feature","properties":{"comuna":"Nunoa","zona":"Áreas verdes","zona_code":"Áreas verdes","nombre":"Áreas verdes","decreto":""},"geometry":{"type":"Polygon","coordinates":[[[-70.57416007818802,-33.46257574801288],[-70.57425614796946,-33.46259303441289],[-70.57426368289012,-33.46281304173814],[-70.57416007818802,-33.46257574801288]]]}},{"type":"Feature","properties":{"comuna":"Nunoa","zona":"Áreas verdes","zona_code":"Áreas verdes","nombre":"Áreas verdes","decreto":""},"geometry":{"type":"Polygon","coordinates":[[[-70.57450856550449,-33.462343168713595],[-70.57464230972933,-33.46238559828597],[-70.57449726368075,-33.46242802896739],[-70.57450856550449,-33.462343168713595]]]}},{"type":"Feature","properties":{"comuna":"Nunoa","zona":"Áreas verdes","zona_code":"Áreas verdes","nombre":"Áreas verdes","decreto":""},"geometry":{"type":"Polygon","coordinates":[[[-70.57444075242044,-33.46232745349833],[-70.57437482167173,-33.46239031296467],[-70.57434656585308,-33.46235259725377],[-70.57444075242044,-33.46232745349833]]]}},{"type":"Feature","properties":{"comuna":"Nunoa","zona":"Áreas verdes","zona_code":"Áreas verdes","nombre":"Áreas verdes","decreto":""},"geometry":{"type":"Polygon","coordinates":[[[-70.57427686932253,-33.46241231380591],[-70.57413559084868,-33.46245002921101],[-70.57413935751039,-33.46241388537933],[-70.57427686932253,-33.46241231380591]]]}},{"type":"Feature","properties":{"comuna":"Nunoa","zona":"Z-3A","zona_code":"Z-3A","nombre":"Z-3A","decreto":""},"geometry":{"type":"Polygon","coordinates":[[[-70.57406789453097,-33.4624788071037],[-70.5757926699075,-33.46205401449287],[-70.57631363433676,-33.4636672331613],[-70.57505968038345,-33.46388532944496],[-70.57504212795065,-33.46381455727815],[-70.57479783377597,-33.46383420028099],[-70.57460357609067,-33.46337012787826],[-70.57448339093379,-33.46341516557174],[-70.57406789453097,-33.4624788071037]],[[-70.57426368289012,-33.46281304173814],[-70.57425614796946,-33.46259303441289],[-70.57416007818802,-33.46257574801288],[-70.57426368289012,-33.46281304173814]],[[-70.57436163616279,-33.46287747195958],[-70.57430135698065,-33.46292461635256],[-70.57441249592759,-33.46299847548528],[-70.57464419353214,-33.46292933010325],[-70.57439177564754,-33.46296704636369],[-70.57436163616279,-33.46287747195958]],[[-70.57455942612101,-33.46330805535345],[-70.5745462401814,-33.46319805187326],[-70.57444640289432,-33.46324676754536],[-70.57447089066457,-33.46333319867016],[-70.57455942612101,-33.46330805535345]]]}},{"type":"Feature","properties":{"comuna":"Nunoa","zona":"Z-5A","zona_code":"Z-5A","nombre":"Z-5A","decreto":""},"geometry":{"type":"Polygon","coordinates":[[[-70.57631952129859,-33.46473778412577],[-70.57645785652146,-33.46562662680792],[-70.5760075306167,-33.46569292127104],[-70.5758544787801,-33.464801623662],[-70.57631952129859,-33.46473778412577]]]}},{"type":"Feature","properties":{"comuna":"Nunoa","zona":"Áreas verdes","zona_code":"Áreas verdes","nombre":"Áreas verdes","decreto":""},"geometry":{"type":"Polygon","coordinates":[[[-70.57627537129073,-33.46456836316657],[-70.57628714450209,-33.464651846053926],[-70.57584270562073,-33.46469113255576],[-70.57582798943578,-33.46461992584903],[-70.57627537129073,-33.46456836316657]]]}},{"type":"Feature","properties":{"comuna":"Nunoa","zona":"Z-5A","zona_code":"Z-5A","nombre":"Z-5A","decreto":""},"geometry":{"type":"Polygon","coordinates":[[[-70.57615175262873,-33.46381210208346],[-70.57629008794855,-33.46453889880974],[-70.57580738688013,-33.46460028338326],[-70.57566610790161,-33.463878397904445],[-70.57615175262873,-33.46381210208346]]]}},{"type":"Feature","properties":{"comuna":"Nunoa","zona":"Z-5A","zona_code":"Z-5A","nombre":"Z-5A","decreto":""},"geometry":{"type":"Polygon","coordinates":[[[-70.57688463517961,-33.46468131017425],[-70.57703180075666,-33.465550510535884],[-70.5765402688754,-33.46561680546524],[-70.57640487687591,-33.46471323094472],[-70.57688463517961,-33.46468131017425]]]}},{"type":"Feature","properties":{"comuna":"Nunoa","zona":"Áreas verdes","zona_code":"Áreas verdes","nombre":"Áreas verdes","decreto":""},"geometry":{"type":"Polygon","coordinates":[[[-70.57717013539934,-33.46464693566916],[-70.5772643212311,-33.46508399208909],[-70.57701414052488,-33.46511100125286],[-70.57694644409645,-33.464676399672236],[-70.57717013539934,-33.46464693566916]]]}},{"type":"Feature","properties":{"comuna":"Nunoa","zona":"Áreas verdes","zona_code":"Áreas verdes","nombre":"Áreas verdes","decreto":""},"geometry":{"type":"Polygon","coordinates":[[[-70.5772554910065,-33.46514537605533],[-70.57734084759147,-33.46553577826115],[-70.57708772310833,-33.46557260906851],[-70.5770317998981,-33.46516256354424],[-70.5772554910065,-33.46514537605533]]]}},{"type":"Feature","properties":{"comuna":"Nunoa","zona":"Z-5A","zona_code":"Z-5A","nombre":"Z-5A","decreto":""},"geometry":{"type":"MultiPolygon","coordinates":[[[[-70.5784651886934,-33.46448242447678],[-70.57853877179416,-33.46489738392777],[-70.5772643212311,-33.46508399208909],[-70.57717017297557,-33.46464710924521],[-70.5784651886934,-33.46448242447678]]],[[[-70.57717017297557,-33.46464710924521],[-70.57713083795348,-33.46465211084825],[-70.57717013538301,-33.46464693476753],[-70.57717017297557,-33.46464710924521]]]]}},{"type":"Feature","properties":{"comuna":"Nunoa","zona":"Z-5A","zona_code":"Z-5A","nombre":"Z-5A","decreto":""},"geometry":{"type":"Polygon","coordinates":[[[-70.57853877080245,-33.46496367874081],[-70.57862118333445,-33.46535899279954],[-70.57733980815277,-33.465531026192544],[-70.5772554910065,-33.46514537605533],[-70.57853877080245,-33.46496367874081]]]}},{"type":"Feature","properties":{"comuna":"Nunoa","zona":"Z-5A","zona_code":"Z-5A","nombre":"Z-5A","decreto":""},"geometry":{"type":"Polygon","coordinates":[[[-70.57759691489814,-33.46407728519575],[-70.57767638313474,-33.46444804895719],[-70.57636955669135,-33.46463956914233],[-70.57631657820419,-33.46423688618178],[-70.57759691489814,-33.46407728519575]]]}},{"type":"Feature","properties":{"comuna":"Nunoa","zona":"Z-5A","zona_code":"Z-5A","nombre":"Z-5A","decreto":""},"geometry":{"type":"Polygon","coordinates":[[[-70.5774997849489,-33.46354937315388],[-70.57757925452651,-33.46399871211934],[-70.5762930308687,-33.46418777769732],[-70.57625182549708,-33.463738439980965],[-70.5774997849489,-33.46354937315388]]]}},{"type":"Feature","properties":{"comuna":"Nunoa","zona":"Áreas verdes","zona_code":"Áreas verdes","nombre":"Áreas verdes","decreto":""},"geometry":{"type":"Polygon","coordinates":[[[-70.5775841072525,-33.46407888123505],[-70.5778235491911,-33.464025721882386],[-70.57790596087239,-33.46443577254013],[-70.57767638313474,-33.46444804895719],[-70.5775841072525,-33.46407888123505]]]}},{"type":"Feature","properties":{"comuna":"Nunoa","zona":"Áreas verdes","zona_code":"Áreas verdes","nombre":"Áreas verdes","decreto":""},"geometry":{"type":"MultiPolygon","coordinates":[[[[-70.57774113655536,-33.46352727503936],[-70.57782649224978,-33.46397170325725],[-70.57757925452651,-33.46399871211934],[-70.57749987712452,-33.46354988783059],[-70.57774113655536,-33.46352727503936]]],[[[-70.57749987712452,-33.46354988783059],[-70.57749071992124,-33.46355074659123],[-70.57749978602466,-33.46354937314019],[-70.57749987712452,-33.46354988783059]]]]}},{"type":"Feature","properties":{"comuna":"Nunoa","zona":"Z-5A","zona_code":"Z-5A","nombre":"Z-5A","decreto":""},"geometry":{"type":"Polygon","coordinates":[[[-70.57827976069593,-33.46345852349894],[-70.57845341540362,-33.46434492280316],[-70.57797660067064,-33.46440630756033],[-70.57783826474514,-33.46351499742037],[-70.57827976069593,-33.46345852349894]]]}},{"type":"Feature","properties":{"comuna":"Nunoa","zona":"Áreas verdes","zona_code":"Áreas verdes","nombre":"Áreas verdes","decreto":""},"geometry":{"type":"Polygon","coordinates":[[[-70.57740854264262,-33.46312704148902],[-70.57752038907357,-33.463436424762484],[-70.57746740925035,-33.46346097877346],[-70.5773261302553,-33.46314177386763],[-70.57740854264262,-33.46312704148902]]]}},{"type":"Feature","properties":{"comuna":"Nunoa","zona":"Z-5A","zona_code":"Z-5A","nombre":"Z-5A","decreto":""},"geometry":{"type":"MultiPolygon","coordinates":[[[[-70.57631360123052,-33.463667128067584],[-70.57577580614813,-33.462058168111426],[-70.57611937618368,-33.461950885739824],[-70.5765373251393,-33.46319824901397],[-70.57631657736738,-33.463340662676565],[-70.57727609399603,-33.463134407742636],[-70.5774026562618,-33.46346588911357],[-70.57631360123052,-33.463667128067584]]],[[[-70.57631363433676,-33.4636672331613],[-70.57630340809126,-33.463669011775636],[-70.57631360123052,-33.463667128067584],[-70.57631363433676,-33.4636672331613]]]]}},{"type":"Feature","properties":{"comuna":"Nunoa","zona":"Z-5A","zona_code":"Z-5A","nombre":"Z-5A","decreto":""},"geometry":{"type":"Polygon","coordinates":[[[-70.57696116068885,-33.46174708284134],[-70.57739971337077,-33.46299935925125],[-70.57666977357543,-33.4631957931439],[-70.57625182544858,-33.46192878654732],[-70.57696116068885,-33.46174708284134]]]}},{"type":"Feature","properties":{"comuna":"Nunoa","zona":"Z-5A","zona_code":"Z-5A","nombre":"Z-5A","decreto":""},"geometry":{"type":"Polygon","coordinates":[[[-70.57781471907305,-33.461560467602474],[-70.57825032800511,-33.46333575267301],[-70.57765872425196,-33.463446246245525],[-70.57707595001966,-33.46170534001975],[-70.57781471907305,-33.461560467602474]]]}},{"type":"Feature","properties":{"comuna":"Nunoa","zona":"Z-US","zona_code":"Z-US","nombre":"Z-US","decreto":""},"geometry":{"type":"Polygon","coordinates":[[[-70.59867037097318,-33.454276375821046],[-70.59870045486025,-33.45494448417929],[-70.59829651038848,-33.45495923738502],[-70.59792377914373,-33.45558920250822],[-70.59735293585246,-33.45559846735957],[-70.59743131068917,-33.454812907603895],[-70.59796332092189,-33.454796505464834],[-70.59795106499915,-33.45428365115816],[-70.59867037097318,-33.454276375821046]]]}},{"type":"Feature","properties":{"comuna":"Nunoa","zona":"Z-2","zona_code":"Z-2","nombre":"Z-2","decreto":""},"geometry":{"type":"Polygon","coordinates":[[[-70.61607570491566,-33.4508492739315],[-70.61567423822304,-33.452411722072526],[-70.61278754151228,-33.4513934637189],[-70.6091334844891,-33.45082056382205],[-70.60929310212721,-33.45021600145283],[-70.61292978963282,-33.4508129837499],[-70.61607570491566,-33.4508492739315]]]}}]}