{"type":"FeatureCollection","name":"PRC_Vitacura","crs":{"type":"name","properties":{"name":"urn:ogc:def:crs:OGC:1.3:CRS84"}},"features":[{"type":"Feature","properties":{"comuna":"Vitacura","zona":"U Ee2","zona_code":"U Ee2","nombre":"U Ee2","decreto":""},"geometry":{"type":"Polygon","coordinates":[[[-70.60682486539875,-33.409369855418575],[-70.60565535249961,-33.40726920759117],[-70.60439564585906,-33.40351305209107],[-70.60437304819838,-33.403057595544965],[-70.60473218741068,-33.4007894767508],[-70.60470437895688,-33.396429914196496],[-70.60452752010505,-33.39584616987774],[-70.60270769853697,-33.39280400021496],[-70.60227998083958,-33.39211217895015],[-70.60133602503043,-33.391009664033014],[-70.60121964785017,-33.39071290005395],[-70.60133904330533,-33.38977838370149],[-70.60198322276233,-33.389385901907445],[-70.60227743779896,-33.389384046364036],[-70.60257122884826,-33.39023920702544],[-70.60291048233398,-33.390745455165735],[-70.60380364177658,-33.391674046995696],[-70.6050272220087,-33.392316794397914],[-70.6053237295629,-33.39328172495774],[-70.60559273829213,-33.393679111888865],[-70.60625456153323,-33.39409050335728],[-70.60659490557194,-33.39465399411227],[-70.60708390740405,-33.394948311650154],[-70.60726857724771,-33.39539928315001],[-70.60789423383532,-33.396316990917555],[-70.60899851535159,-33.39850744947439],[-70.60889645050123,-33.399143480945064],[-70.60958416779795,-33.40064735991833],[-70.609643137574,-33.40137674652936],[-70.61017631382046,-33.40293193975941],[-70.60996333738555,-33.405497393371725],[-70.61375628609848,-33.40918645401767],[-70.60682486539875,-33.409369855418575]]]}},{"type":"Feature","properties":{"comuna":"Vitacura","zona":"U AVPC","zona_code":"U AVPC","nombre":"U AVPC","decreto":""},"geometry":{"type":"Polygon","coordinates":[[[-70.6001324218583,-33.40811134225285],[-70.60014313410585,-33.40775356987654],[-70.60031811806552,-33.4075991965887],[-70.60061218084022,-33.40753873270657],[-70.60107089113525,-33.40772966714409],[-70.60127406323943,-33.408133683699056],[-70.6001324218583,-33.40811134225285]]]}},{"type":"Feature","properties":{"comuna":"Vitacura","zona":"U AVPC","zona_code":"U AVPC","nombre":"U AVPC","decreto":""},"geometry":{"type":"Polygon","coordinates":[[[-70.60458762959627,-33.40882972151856],[-70.60378029979042,-33.40855669211626],[-70.60381662832769,-33.408304247876245],[-70.60426273119118,-33.40805652675602],[-70.60458762959627,-33.40882972151856]]]}},{"type":"Feature","properties":{"comuna":"Vitacura","zona":"U AVPC","zona_code":"U AVPC","nombre":"U AVPC","decreto":""},"geometry":{"type":"Polygon","coordinates":[[[-70.60354013162807,-33.408453654333464],[-70.60283742704785,-33.40814538311406],[-70.60339811038902,-33.407847029742854],[-70.60392779634884,-33.40725558309935],[-70.60418385851204,-33.407875048995564],[-70.60377720687629,-33.408040177134666],[-70.60354013162807,-33.408453654333464]]]}},{"type":"Feature","properties":{"comuna":"Vitacura","zona":"U AVPC","zona_code":"U AVPC","nombre":"U AVPC","decreto":""},"geometry":{"type":"Polygon","coordinates":[[[-70.60246141977504,-33.40786215695317],[-70.60296205724318,-33.407609440495385],[-70.60326615829925,-33.40731344903888],[-70.60349929380425,-33.4068713898774],[-70.60361465813713,-33.40633731684546],[-70.60382433954915,-33.40697217699938],[-70.60348597680931,-33.407509133019005],[-70.60287237674079,-33.40793129406628],[-70.60256476696112,-33.408036439549555],[-70.60214568660876,-33.40789677704382],[-70.60139788696574,-33.407828169118744],[-70.60092978305111,-33.407462486971596],[-70.60137331031932,-33.40772922370492],[-70.60246141977504,-33.40786215695317]]]}},{"type":"Feature","properties":{"comuna":"Vitacura","zona":"U Ee2","zona_code":"U Ee2","nombre":"U Ee2","decreto":""},"geometry":{"type":"Polygon","coordinates":[[[-70.60099824814668,-33.40745841442959],[-70.60110765629025,-33.40655486388176],[-70.60103006845986,-33.405768445231736],[-70.60194241372508,-33.40392212195337],[-70.60198848349513,-33.403456232958966],[-70.60103425367318,-33.39805682588043],[-70.6005343423585,-33.39639179629939],[-70.59948227806413,-33.39416598620221],[-70.6014000890349,-33.3935757352611],[-70.60296099205164,-33.39621372023171],[-70.6031149065422,-33.39669492117301],[-70.60309322167265,-33.40085779244229],[-70.60277382375715,-33.402751727461926],[-70.60274528968199,-33.40352162020117],[-70.60361465813713,-33.40633731684546],[-70.60349929380425,-33.4068713898774],[-70.60326615829925,-33.40731344903888],[-70.60296205724318,-33.407609440495385],[-70.60246141977504,-33.40786215695317],[-70.60137331031932,-33.40772922370492],[-70.60099824814668,-33.40745841442959]]]}},{"type":"Feature","properties":{"comuna":"Vitacura","zona":"U-V","zona_code":"U-V","nombre":"U-V","decreto":""},"geometry":{"type":"Polygon","coordinates":[[[-70.59983670578788,-33.4067207761731],[-70.60033087677573,-33.40667383794832],[-70.60035310616415,-33.406800015164734],[-70.60087655177361,-33.40679803342761],[-70.6007019535124,-33.4073610248693],[-70.60019053270948,-33.40744087431593],[-70.59957813183222,-33.40689352579929],[-70.59983670578788,-33.4067207761731]]]}},{"type":"Feature","properties":{"comuna":"Vitacura","zona":"U POC","zona_code":"U POC","nombre":"U POC","decreto":""},"geometry":{"type":"Polygon","coordinates":[[[-70.59957813183222,-33.40689352579929],[-70.59929475047907,-33.4066442507574],[-70.59937583771375,-33.406566849257196],[-70.59965817196034,-33.406448675083226],[-70.60029740137674,-33.40639986630162],[-70.60033087677573,-33.40667383794832],[-70.59983670578788,-33.4067207761731],[-70.59957813183222,-33.40689352579929]]]}},{"type":"Feature","properties":{"comuna":"Vitacura","zona":"U PVEV","zona_code":"U PVEV","nombre":"U PVEV","decreto":""},"geometry":{"type":"Polygon","coordinates":[[[-70.60029740137674,-33.40639986630162],[-70.60086254706731,-33.406344851537625],[-70.60087655177361,-33.40679803342761],[-70.60035310616415,-33.406800015164734],[-70.60029740137674,-33.40639986630162]]]}},{"type":"Feature","properties":{"comuna":"Vitacura","zona":"U-V","zona_code":"U-V","nombre":"U-V","decreto":""},"geometry":{"type":"Polygon","coordinates":[[[-70.59771321184758,-33.407397964697644],[-70.59833875435503,-33.406681411907655],[-70.59868818428828,-33.40688431761879],[-70.59825989429984,-33.40757704013169],[-70.59771321184758,-33.407397964697644]]]}},{"type":"Feature","properties":{"comuna":"Vitacura","zona":"U POC","zona_code":"U POC","nombre":"U POC","decreto":""},"geometry":{"type":"Polygon","coordinates":[[[-70.59992069577417,-33.40784912290694],[-70.59883541563404,-33.40777721599893],[-70.59825989429984,-33.40757704013169],[-70.59868818428828,-33.40688431761879],[-70.59833875435503,-33.406681411907655],[-70.59858540375375,-33.40639887434798],[-70.59997041450438,-33.40764912828625],[-70.59992069577417,-33.40784912290694]]]}},{"type":"Feature","properties":{"comuna":"Vitacura","zona":"U-V","zona_code":"U-V","nombre":"U-V","decreto":""},"geometry":{"type":"Polygon","coordinates":[[[-70.59754179542789,-33.40734588892825],[-70.59596353152081,-33.40680248385848],[-70.59595253786135,-33.40678472919068],[-70.59661120051909,-33.406048486446686],[-70.59797732492997,-33.40685410729974],[-70.59754179542789,-33.40734588892825]]]}},{"type":"Feature","properties":{"comuna":"Vitacura","zona":"U-V","zona_code":"U-V","nombre":"U-V","decreto":""},"geometry":{"type":"Polygon","coordinates":[[[-70.59829040772941,-33.40651598454636],[-70.59805793733106,-33.40675915845115],[-70.59670856981309,-33.405927926960715],[-70.59711413729528,-33.40546246366122],[-70.59747555963578,-33.40567049161234],[-70.59734334742156,-33.405830274959],[-70.59829040772941,-33.40651598454636]]]}},{"type":"Feature","properties":{"comuna":"Vitacura","zona":"U POC","zona_code":"U POC","nombre":"U POC","decreto":""},"geometry":{"type":"Polygon","coordinates":[[[-70.59711413729528,-33.40546246366122],[-70.59733587720862,-33.405227874496305],[-70.59847580865127,-33.40630484227155],[-70.59829040772941,-33.40651598454636],[-70.59734334742156,-33.405830274959],[-70.59747555963578,-33.40567049161234],[-70.59711413729528,-33.40546246366122]]]}},{"type":"Feature","properties":{"comuna":"Vitacura","zona":"U-V","zona_code":"U-V","nombre":"U-V","decreto":""},"geometry":{"type":"Polygon","coordinates":[[[-70.59414027151456,-33.406162287643994],[-70.59505292847501,-33.40511855728642],[-70.59648383938784,-33.405968102408416],[-70.59579075735327,-33.406733550570465],[-70.59414027151456,-33.406162287643994]]]}},{"type":"Feature","properties":{"comuna":"Vitacura","zona":"U-V","zona_code":"U-V","nombre":"U-V","decreto":""},"geometry":{"type":"Polygon","coordinates":[[[-70.59542363501417,-33.405165687375394],[-70.59608799193212,-33.40439119562639],[-70.5965197385724,-33.40466481703981],[-70.59618129286848,-33.40505930302055],[-70.59692128613345,-33.40546060410844],[-70.59657153678555,-33.40586317734713],[-70.59542363501417,-33.405165687375394]]]}},{"type":"Feature","properties":{"comuna":"Vitacura","zona":"U POC","zona_code":"U POC","nombre":"U POC","decreto":""},"geometry":{"type":"Polygon","coordinates":[[[-70.59618129286848,-33.40505930302055],[-70.5965197385724,-33.40466481703981],[-70.59608799193212,-33.40439119562639],[-70.59626384268512,-33.404206395049485],[-70.59722308685514,-33.40510903670278],[-70.59700473526462,-33.40536455253241],[-70.59666064039911,-33.40513545590493],[-70.5965309336079,-33.40527671212784],[-70.59618129286848,-33.40505930302055]]]}},{"type":"Feature","properties":{"comuna":"Vitacura","zona":"U-V","zona_code":"U-V","nombre":"U-V","decreto":""},"geometry":{"type":"Polygon","coordinates":[[[-70.59397660796107,-33.40609578960674],[-70.59322634159167,-33.405828637930675],[-70.59427436072873,-33.4046411995866],[-70.59491337772835,-33.40504817099858],[-70.59397660796107,-33.40609578960674]]]}},{"type":"Feature","properties":{"comuna":"Vitacura","zona":"U-V","zona_code":"U-V","nombre":"U-V","decreto":""},"geometry":{"type":"Polygon","coordinates":[[[-70.59306023947757,-33.405768731769854],[-70.59235609647925,-33.40553438836358],[-70.59355536330123,-33.40421616385378],[-70.59413040467118,-33.40454760512698],[-70.59306023947757,-33.405768731769854]]]}},{"type":"Feature","properties":{"comuna":"Vitacura","zona":"U-V","zona_code":"U-V","nombre":"U-V","decreto":""},"geometry":{"type":"Polygon","coordinates":[[[-70.5922296408842,-33.40546442795358],[-70.5916676315382,-33.40522348265809],[-70.59293963547779,-33.4038375195736],[-70.59341140760898,-33.404122567621876],[-70.5922296408842,-33.40546442795358]]]}},{"type":"Feature","properties":{"comuna":"Vitacura","zona":"U-V","zona_code":"U-V","nombre":"U-V","decreto":""},"geometry":{"type":"Polygon","coordinates":[[[-70.59589028550285,-33.404395058652234],[-70.5952714783036,-33.40508216599106],[-70.59436773104972,-33.40453524898636],[-70.59514434500485,-33.403649760122086],[-70.59543037076656,-33.40383796193387],[-70.59527558941377,-33.40400817459273],[-70.59589028550285,-33.404395058652234]]]}},{"type":"Feature","properties":{"comuna":"Vitacura","zona":"U-V","zona_code":"U-V","nombre":"U-V","decreto":""},"geometry":{"type":"Polygon","coordinates":[[[-70.5950913716657,-33.40348460543957],[-70.59423669169583,-33.40445105175],[-70.59366433383256,-33.40410762709756],[-70.59453750376167,-33.40312842310897],[-70.5950913716657,-33.40348460543957]]]}},{"type":"Feature","properties":{"comuna":"Vitacura","zona":"U POC","zona_code":"U POC","nombre":"U POC","decreto":""},"geometry":{"type":"Polygon","coordinates":[[[-70.59514434500485,-33.403649760122086],[-70.59540099214323,-33.403398100047944],[-70.59615216090783,-33.40410427469542],[-70.59589028550285,-33.404395058652234],[-70.59527558941377,-33.40400817459273],[-70.59543037076656,-33.40383796193387],[-70.59514434500485,-33.403649760122086]]]}},{"type":"Feature","properties":{"comuna":"Vitacura","zona":"U POC","zona_code":"U POC","nombre":"U POC","decreto":""},"geometry":{"type":"Polygon","coordinates":[[[-70.59453750376167,-33.40312842310897],[-70.59479757180604,-33.402836768749],[-70.59527084370715,-33.40328166064112],[-70.5950913716657,-33.40348460543957],[-70.59453750376167,-33.40312842310897]]]}},{"type":"Feature","properties":{"comuna":"Vitacura","zona":"U-V","zona_code":"U-V","nombre":"U-V","decreto":""},"geometry":{"type":"Polygon","coordinates":[[[-70.59377407999891,-33.40291429573224],[-70.59397231629647,-33.40305735361905],[-70.59409808012744,-33.402910089408806],[-70.59435457791523,-33.403109147217535],[-70.5935207116799,-33.40403229258689],[-70.59304574014624,-33.403727827015224],[-70.59377407999891,-33.40291429573224]]]}},{"type":"Feature","properties":{"comuna":"Vitacura","zona":"U POC","zona_code":"U POC","nombre":"U POC","decreto":""},"geometry":{"type":"Polygon","coordinates":[[[-70.59448681906406,-33.40296274540617],[-70.59404527150542,-33.40261259688606],[-70.5943343472703,-33.40240511289518],[-70.59468770410145,-33.402740349461354],[-70.59448681906406,-33.40296274540617]]]}},{"type":"Feature","properties":{"comuna":"Vitacura","zona":"U Ee1","zona_code":"U Ee1","nombre":"U Ee1","decreto":""},"geometry":{"type":"Polygon","coordinates":[[[-70.59377407999891,-33.40291429573224],[-70.59383404676723,-33.40272984556753],[-70.5934411921203,-33.40224812280109],[-70.59403631721436,-33.402122363942944],[-70.5943343472703,-33.40240511289518],[-70.59404527150542,-33.40261259688606],[-70.59419792685858,-33.40279317410307],[-70.59397231629647,-33.40305735361905],[-70.59377407999891,-33.40291429573224]]]}},{"type":"Feature","properties":{"comuna":"Vitacura","zona":"U Ee3","zona_code":"U Ee3","nombre":"U Ee3","decreto":""},"geometry":{"type":"Polygon","coordinates":[[[-70.5934411921203,-33.40224812280109],[-70.59343405190124,-33.40209072963281],[-70.59394831193542,-33.40197674808791],[-70.59409965867664,-33.402085757758535],[-70.5934411921203,-33.40224812280109]]]}},{"type":"Feature","properties":{"comuna":"Vitacura","zona":"U-V","zona_code":"U-V","nombre":"U-V","decreto":""},"geometry":{"type":"Polygon","coordinates":[[[-70.59317703444016,-33.40254090911855],[-70.59338880068591,-33.40241701704153],[-70.59368899257095,-33.402731709140596],[-70.5933703778319,-33.403161460900954],[-70.59297401272717,-33.40283752908187],[-70.59321849852071,-33.402706826681076],[-70.59317703444016,-33.40254090911855]]]}},{"type":"Feature","properties":{"comuna":"Vitacura","zona":"U Ee3","zona_code":"U Ee3","nombre":"U Ee3","decreto":""},"geometry":{"type":"Polygon","coordinates":[[[-70.59277464806365,-33.402435642139906],[-70.59269609189953,-33.40234001214572],[-70.59276718247514,-33.40226035696082],[-70.59334149969827,-33.402163502029374],[-70.59333958505948,-33.40229237805346],[-70.59277464806365,-33.402435642139906]]]}},{"type":"Feature","properties":{"comuna":"Vitacura","zona":"U POC","zona_code":"U POC","nombre":"U POC","decreto":""},"geometry":{"type":"Polygon","coordinates":[[[-70.59277464806365,-33.402435642139906],[-70.59333958505948,-33.40229237805346],[-70.59338880068591,-33.40241701704153],[-70.5930510227434,-33.402614631372614],[-70.5929676116894,-33.402486851046454],[-70.59281690237457,-33.402531908640746],[-70.59277464806365,-33.402435642139906]]]}},{"type":"Feature","properties":{"comuna":"Vitacura","zona":"U-V","zona_code":"U-V","nombre":"U-V","decreto":""},"geometry":{"type":"Polygon","coordinates":[[[-70.59210685112187,-33.40276534927213],[-70.59243804496192,-33.40269766456175],[-70.59258780982319,-33.4029187582482],[-70.5928743463972,-33.40288436446196],[-70.59328876626913,-33.40324867280158],[-70.59291896238005,-33.40365688748386],[-70.59260534479311,-33.40344714542253],[-70.59223880898809,-33.403004452624785],[-70.59210685112187,-33.40276534927213]]]}},{"type":"Feature","properties":{"comuna":"Vitacura","zona":"U Ee3","zona_code":"U Ee3","nombre":"U Ee3","decreto":""},"geometry":{"type":"Polygon","coordinates":[[[-70.59205244171736,-33.402613133174064],[-70.59203651079015,-33.4024415377832],[-70.59256751469482,-33.4023094499883],[-70.5926587397904,-33.4023977586037],[-70.59205244171736,-33.402613133174064]]]}},{"type":"Feature","properties":{"comuna":"Vitacura","zona":"U POC","zona_code":"U POC","nombre":"U POC","decreto":""},"geometry":{"type":"Polygon","coordinates":[[[-70.59205244171736,-33.402613133174064],[-70.5926556475927,-33.402462223123756],[-70.5928743463972,-33.40288436446196],[-70.59258780982319,-33.4029187582482],[-70.59243804496192,-33.40269766456175],[-70.59210685112187,-33.40276534927213],[-70.59205244171736,-33.402613133174064]]]}},{"type":"Feature","properties":{"comuna":"Vitacura","zona":"U-V","zona_code":"U-V","nombre":"U-V","decreto":""},"geometry":{"type":"Polygon","coordinates":[[[-70.59140149835723,-33.402954351422025],[-70.59196741153254,-33.402807995785],[-70.5922956862973,-33.40331511205875],[-70.5928245422278,-33.4037664587656],[-70.5924766844634,-33.40414788166614],[-70.59189257909381,-33.403674626142475],[-70.59140149835723,-33.402954351422025]]]}},{"type":"Feature","properties":{"comuna":"Vitacura","zona":"U Ee3","zona_code":"U Ee3","nombre":"U Ee3","decreto":""},"geometry":{"type":"Polygon","coordinates":[[[-70.59133870240063,-33.40278693472858],[-70.59129303828568,-33.40262287764573],[-70.5918112448283,-33.40249095811579],[-70.5919191429799,-33.40255757779438],[-70.591886579019,-33.40264389604135],[-70.59133870240063,-33.40278693472858]]]}},{"type":"Feature","properties":{"comuna":"Vitacura","zona":"U POC","zona_code":"U POC","nombre":"U POC","decreto":""},"geometry":{"type":"Polygon","coordinates":[[[-70.59140149835723,-33.402954351422025],[-70.59133870240063,-33.40278693472858],[-70.591886579019,-33.40264389604135],[-70.59196741153254,-33.402807995785],[-70.59140149835723,-33.402954351422025]]]}},{"type":"Feature","properties":{"comuna":"Vitacura","zona":"U-V","zona_code":"U-V","nombre":"U-V","decreto":""},"geometry":{"type":"Polygon","coordinates":[[[-70.59071315555511,-33.40311708450682],[-70.59127790107712,-33.402995845198724],[-70.59187496764065,-33.40387886571708],[-70.59237692016553,-33.404258975891054],[-70.59200878090161,-33.40464909368031],[-70.59123211311412,-33.403962276482886],[-70.59071315555511,-33.40311708450682]]]}},{"type":"Feature","properties":{"comuna":"Vitacura","zona":"U Ee3","zona_code":"U Ee3","nombre":"U Ee3","decreto":""},"geometry":{"type":"Polygon","coordinates":[[[-70.59062502421581,-33.4029643099391],[-70.59058375727442,-33.40280735411214],[-70.59116583118741,-33.402667459521346],[-70.5912401205087,-33.402763145235184],[-70.59062502421581,-33.4029643099391]]]}},{"type":"Feature","properties":{"comuna":"Vitacura","zona":"U POC","zona_code":"U POC","nombre":"U POC","decreto":""},"geometry":{"type":"Polygon","coordinates":[[[-70.59071315555511,-33.40311708450682],[-70.59062502421581,-33.4029643099391],[-70.59121123411238,-33.40281720327361],[-70.59127790107712,-33.402995845198724],[-70.59071315555511,-33.40311708450682]]]}},{"type":"Feature","properties":{"comuna":"Vitacura","zona":"U-V","zona_code":"U-V","nombre":"U-V","decreto":""},"geometry":{"type":"Polygon","coordinates":[[[-70.59026531833315,-33.403844333626495],[-70.59051501669107,-33.40370503822172],[-70.59064936967981,-33.403974115027076],[-70.59094765986981,-33.403808439093176],[-70.59192121556366,-33.40477664741005],[-70.59157940920893,-33.4051396864479],[-70.59067671046516,-33.40439532199033],[-70.59026531833315,-33.403844333626495]]]}},{"type":"Feature","properties":{"comuna":"Vitacura","zona":"U Ee3","zona_code":"U Ee3","nombre":"U Ee3","decreto":""},"geometry":{"type":"Polygon","coordinates":[[[-70.59053601788445,-33.402997663131906],[-70.58984327595934,-33.403153290807055],[-70.58984887562755,-33.402992154663416],[-70.5904865439872,-33.402858709538116],[-70.59053601788445,-33.402997663131906]]]}},{"type":"Feature","properties":{"comuna":"Vitacura","zona":"U POC","zona_code":"U POC","nombre":"U POC","decreto":""},"geometry":{"type":"Polygon","coordinates":[[[-70.58992847245224,-33.40314504009018],[-70.5905062842459,-33.40300520317389],[-70.59076823852082,-33.403563776219535],[-70.59026531833315,-33.403844333626495],[-70.58992847245224,-33.40314504009018]]]}},{"type":"Feature","properties":{"comuna":"Vitacura","zona":"U Ee3","zona_code":"U Ee3","nombre":"U Ee3","decreto":""},"geometry":{"type":"Polygon","coordinates":[[[-70.5891138297798,-33.403295067200375],[-70.5891293794194,-33.40317257828943],[-70.58971005789039,-33.40303390147468],[-70.58978387984989,-33.40318208845552],[-70.5891138297798,-33.403295067200375]]]}},{"type":"Feature","properties":{"comuna":"Vitacura","zona":"U-V","zona_code":"U-V","nombre":"U-V","decreto":""},"geometry":{"type":"Polygon","coordinates":[[[-70.58922348252472,-33.403484245962765],[-70.58976313691991,-33.4033489776109],[-70.59037085548977,-33.4043646453135],[-70.59110914005082,-33.40506803285778],[-70.58942817491443,-33.404543756401246],[-70.58945360141274,-33.404182529027395],[-70.58922348252472,-33.403484245962765]]]}},{"type":"Feature","properties":{"comuna":"Vitacura","zona":"U POC","zona_code":"U POC","nombre":"U POC","decreto":""},"geometry":{"type":"Polygon","coordinates":[[[-70.58922348252472,-33.403484245962765],[-70.58917186208129,-33.40334133679082],[-70.58970362648532,-33.403198620468046],[-70.58976313691991,-33.4033489776109],[-70.58922348252472,-33.403484245962765]]]}},{"type":"Feature","properties":{"comuna":"Vitacura","zona":"U-V","zona_code":"U-V","nombre":"U-V","decreto":""},"geometry":{"type":"Polygon","coordinates":[[[-70.58856135663567,-33.403655144740384],[-70.58908782275452,-33.40353124815097],[-70.58931122493351,-33.404175405138915],[-70.589290146684,-33.40451227757124],[-70.58857125391366,-33.40435489485759],[-70.58863432657995,-33.40391265374124],[-70.58856135663567,-33.403655144740384]]]}},{"type":"Feature","properties":{"comuna":"Vitacura","zona":"U Ee3","zona_code":"U Ee3","nombre":"U Ee3","decreto":""},"geometry":{"type":"Polygon","coordinates":[[[-70.58849539741541,-33.4035087907812],[-70.58846736218997,-33.40333615579729],[-70.58903846286572,-33.40325725795213],[-70.58906864239573,-33.40335231596588],[-70.58849539741541,-33.4035087907812]]]}},{"type":"Feature","properties":{"comuna":"Vitacura","zona":"U POC","zona_code":"U POC","nombre":"U POC","decreto":""},"geometry":{"type":"Polygon","coordinates":[[[-70.58856135663567,-33.403655144740384],[-70.58849539741541,-33.4035087907812],[-70.58904386396718,-33.40335859904957],[-70.58908782275452,-33.40353124815097],[-70.58856135663567,-33.403655144740384]]]}},{"type":"Feature","properties":{"comuna":"Vitacura","zona":"U Ee3","zona_code":"U Ee3","nombre":"U Ee3","decreto":""},"geometry":{"type":"Polygon","coordinates":[[[-70.58717390885346,-33.40407207830024],[-70.58694385732065,-33.40396202972693],[-70.58691854338481,-33.40382157153139],[-70.58835897722072,-33.403402266977224],[-70.5883614521382,-33.403538243836124],[-70.5871536856092,-33.40387686463442],[-70.58717390885346,-33.40407207830024]]]}},{"type":"Feature","properties":{"comuna":"Vitacura","zona":"U POC","zona_code":"U POC","nombre":"U POC","decreto":""},"geometry":{"type":"Polygon","coordinates":[[[-70.5871536856092,-33.40387686463442],[-70.5883614521382,-33.403538243836124],[-70.58842021881003,-33.40370532951454],[-70.58817566621616,-33.40375640796976],[-70.58819754982675,-33.40402098787307],[-70.5878569231575,-33.40395495783095],[-70.58790469505034,-33.404233682780834],[-70.58717390885346,-33.40407207830024],[-70.5871536856092,-33.40387686463442]]]}},{"type":"Feature","properties":{"comuna":"Vitacura","zona":"U PVEV","zona_code":"U PVEV","nombre":"U PVEV","decreto":""},"geometry":{"type":"Polygon","coordinates":[[[-70.5874647879413,-33.40265114789532],[-70.58750057106474,-33.40224007232014],[-70.58786946796802,-33.40230544582011],[-70.58776149974892,-33.40267892591869],[-70.5874647879413,-33.40265114789532]]]}},{"type":"Feature","properties":{"comuna":"Vitacura","zona":"U-V","zona_code":"U-V","nombre":"U-V","decreto":""},"geometry":{"type":"Polygon","coordinates":[[[-70.58790380358275,-33.40305330510584],[-70.587950666625,-33.40270289071201],[-70.58836028316652,-33.40273940379484],[-70.58945069275843,-33.402471911830375],[-70.58955845348342,-33.40276609253335],[-70.58790380358275,-33.40305330510584]]]}},{"type":"Feature","properties":{"comuna":"Vitacura","zona":"U POC","zona_code":"U POC","nombre":"U POC","decreto":""},"geometry":{"type":"Polygon","coordinates":[[[-70.58790380358275,-33.40305330510584],[-70.58925341855733,-33.40276972206457],[-70.58955845348342,-33.40276609253335],[-70.58961538038675,-33.402923165515986],[-70.58799049023082,-33.40333351869679],[-70.58790380358275,-33.40305330510584]]]}},{"type":"Feature","properties":{"comuna":"Vitacura","zona":"U-V","zona_code":"U-V","nombre":"U-V","decreto":""},"geometry":{"type":"Polygon","coordinates":[[[-70.5897782030184,-33.40270201086764],[-70.58968108554959,-33.40241427742058],[-70.59138716407607,-33.401977814132756],[-70.59227940405043,-33.40156967134626],[-70.59240760029746,-33.40190399687274],[-70.5900321633377,-33.40255592868665],[-70.59005490778715,-33.402633186512915],[-70.5897782030184,-33.40270201086764]]]}},{"type":"Feature","properties":{"comuna":"Vitacura","zona":"U POC","zona_code":"U POC","nombre":"U POC","decreto":""},"geometry":{"type":"Polygon","coordinates":[[[-70.5897782030184,-33.40270201086764],[-70.59005490778715,-33.402633186512915],[-70.5900321633377,-33.40255592868665],[-70.59240760029746,-33.40190399687274],[-70.59251858283405,-33.402204890108806],[-70.58983232296953,-33.40286316357552],[-70.5897782030184,-33.40270201086764]]]}},{"type":"Feature","properties":{"comuna":"Vitacura","zona":"U-V","zona_code":"U-V","nombre":"U-V","decreto":""},"geometry":{"type":"Polygon","coordinates":[[[-70.58820657992855,-33.40197622020382],[-70.5892472907817,-33.401909204616665],[-70.58940491952913,-33.40236353147627],[-70.58838868424166,-33.40260322999003],[-70.58803963249065,-33.40260168439809],[-70.58820657992855,-33.40197622020382]]]}},{"type":"Feature","properties":{"comuna":"Vitacura","zona":"U-V","zona_code":"U-V","nombre":"U-V","decreto":""},"geometry":{"type":"Polygon","coordinates":[[[-70.58946408914979,-33.401824403648284],[-70.59113461414621,-33.40140192080755],[-70.59164326859305,-33.401019580414264],[-70.59214652718235,-33.40151122667487],[-70.5913987467577,-33.40184593087437],[-70.5896519287428,-33.40229799512826],[-70.58946408914979,-33.401824403648284]]]}},{"type":"Feature","properties":{"comuna":"Vitacura","zona":"U POC","zona_code":"U POC","nombre":"U POC","decreto":""},"geometry":{"type":"Polygon","coordinates":[[[-70.58150067392252,-33.39714669678581],[-70.58061244977003,-33.39676077563512],[-70.58100399771283,-33.39623322397927],[-70.58160932906189,-33.39661960530154],[-70.58137582392465,-33.39687287418092],[-70.58158709045114,-33.39699889946049],[-70.58150067392252,-33.39714669678581]]]}},{"type":"Feature","properties":{"comuna":"Vitacura","zona":"U-V","zona_code":"U-V","nombre":"U-V","decreto":""},"geometry":{"type":"Polygon","coordinates":[[[-70.58064620852979,-33.39643628234563],[-70.57965247269995,-33.398174275736245],[-70.57891736770715,-33.397826294011345],[-70.57991386037224,-33.3959819563401],[-70.58064620852979,-33.39643628234563]]]}},{"type":"Feature","properties":{"comuna":"Vitacura","zona":"U POC","zona_code":"U POC","nombre":"U POC","decreto":""},"geometry":{"type":"Polygon","coordinates":[[[-70.58025668972748,-33.39618547780316],[-70.58050737238445,-33.395905454491825],[-70.58088913757165,-33.3961583303001],[-70.58064620852979,-33.39643628234563],[-70.58025668972748,-33.39618547780316]]]}},{"type":"Feature","properties":{"comuna":"Vitacura","zona":"U-V","zona_code":"U-V","nombre":"U-V","decreto":""},"geometry":{"type":"Polygon","coordinates":[[[-70.57802594807814,-33.397376514623545],[-70.579029296126,-33.39549383757249],[-70.57981629636373,-33.39586120265852],[-70.57973731470337,-33.395976742570376],[-70.57943623172294,-33.395844566973196],[-70.57939893907792,-33.39590588735281],[-70.57967927253384,-33.39607054110764],[-70.57877306679521,-33.39772940463724],[-70.57802594807814,-33.397376514623545]]]}},{"type":"Feature","properties":{"comuna":"Vitacura","zona":"U-V","zona_code":"U-V","nombre":"U-V","decreto":""},"geometry":{"type":"Polygon","coordinates":[[[-70.57782329454685,-33.397283505630156],[-70.57717324376975,-33.39694353656106],[-70.57759053274178,-33.39595037224826],[-70.57828157879315,-33.39484182888687],[-70.57900103745175,-33.395296283866635],[-70.57863285814454,-33.395818187729006],[-70.57791908164602,-33.39724749603688],[-70.57782329454685,-33.397283505630156]]]}},{"type":"Feature","properties":{"comuna":"Vitacura","zona":"U POC","zona_code":"U POC","nombre":"U POC","decreto":""},"geometry":{"type":"Polygon","coordinates":[[[-70.57828157879315,-33.39484182888687],[-70.57849417152713,-33.39457543937311],[-70.5791834594563,-33.395064893579345],[-70.57907674066776,-33.395200256953395],[-70.57888261151685,-33.395060575265084],[-70.5787700495211,-33.39515037761035],[-70.57828157879315,-33.39484182888687]]]}},{"type":"Feature","properties":{"comuna":"Vitacura","zona":"U Ee4","zona_code":"U Ee4","nombre":"U Ee4","decreto":""},"geometry":{"type":"Polygon","coordinates":[[[-70.57292300243384,-33.39457592846293],[-70.5738067769938,-33.39158360724914],[-70.57513686118274,-33.39231246847984],[-70.5767739786765,-33.39340430021546],[-70.5764503084449,-33.39370249406271],[-70.57772459654886,-33.39456319963708],[-70.5767502668901,-33.39633237951475],[-70.57292300243384,-33.39457592846293]]]}},{"type":"Feature","properties":{"comuna":"Vitacura","zona":"U POCsz","zona_code":"U POCsz","nombre":"U POCsz","decreto":""},"geometry":{"type":"Polygon","coordinates":[[[-70.5764503084449,-33.39370249406271],[-70.5767739786765,-33.39340430021546],[-70.5783360682797,-33.39446455246032],[-70.57818555524264,-33.39463588223643],[-70.57789468433583,-33.39440520143562],[-70.57772459654886,-33.39456319963708],[-70.5764503084449,-33.39370249406271]]]}},{"type":"Feature","properties":{"comuna":"Vitacura","zona":"U-V","zona_code":"U-V","nombre":"U-V","decreto":""},"geometry":{"type":"Polygon","coordinates":[[[-70.57697012081006,-33.39684931461254],[-70.57262504391981,-33.394836116500215],[-70.57285885165294,-33.394469487050124],[-70.57293518751774,-33.39448424928512],[-70.57292300243384,-33.39457592846293],[-70.5767502668901,-33.39633237951475],[-70.57772459654886,-33.39456319963708],[-70.57809601656659,-33.39475331402614],[-70.57751572220762,-33.39566327974644],[-70.57697012081006,-33.39684931461254]]]}},{"type":"Feature","properties":{"comuna":"Vitacura","zona":"U Ee1","zona_code":"U Ee1","nombre":"U Ee1","decreto":""},"geometry":{"type":"Polygon","coordinates":[[[-70.57249497269915,-33.39374461458363],[-70.57263680939569,-33.39130322907453],[-70.57293089444694,-33.391245813434345],[-70.5738067769938,-33.39158360724914],[-70.57312152585867,-33.39381451112835],[-70.57249497269915,-33.39374461458363]]]}},{"type":"Feature","properties":{"comuna":"Vitacura","zona":"U PVO","zona_code":"U PVO","nombre":"U PVO","decreto":""},"geometry":{"type":"MultiPolygon","coordinates":[[[[-70.59241245764754,-33.382009275770415],[-70.59693583612373,-33.37801794085896],[-70.59707674193686,-33.377760334052326],[-70.59735586518522,-33.377759665370455],[-70.59748982889286,-33.378810166843714],[-70.59741356937968,-33.37950014421466],[-70.59776934422355,-33.38103136143838],[-70.59752297790394,-33.38111350951084],[-70.59680815319537,-33.381768833574526],[-70.59481602613458,-33.38012630675792],[-70.59138920644882,-33.38307425920949],[-70.59162043203281,-33.38325930282099],[-70.59122241617848,-33.38294165180076],[-70.59177924659753,-33.38246169331151],[-70.58980642774249,-33.380879922708644],[-70.58853801324882,-33.38049566883367],[-70.58916876854535,-33.38005934203393],[-70.58928737033872,-33.37982493619478],[-70.59015817760127,-33.379914951452676],[-70.59241245764754,-33.382009275770415]]],[[[-70.59355662001977,-33.384808222331166],[-70.5963939594073,-33.382080940914584],[-70.59642810305193,-33.382106599198984],[-70.59355662001977,-33.384808222331166]]]]}},{"type":"Feature","properties":{"comuna":"Vitacura","zona":"U-V","zona_code":"U-V","nombre":"U-V","decreto":""},"geometry":{"type":"Polygon","coordinates":[[[-70.58489520416364,-33.37923050847271],[-70.58497107466158,-33.379099470800504],[-70.58464419337356,-33.378953318470074],[-70.58491427957603,-33.37718412762389],[-70.58473613547945,-33.37716254067415],[-70.5844471376816,-33.3788693376731],[-70.58429215415488,-33.37894886517968],[-70.58350060773385,-33.37882176564807],[-70.58425059280806,-33.37403014498189],[-70.5896132884216,-33.374653749995616],[-70.58943330627902,-33.37789165734097],[-70.58933507700112,-33.378354632043056],[-70.5886509622423,-33.378270332990695],[-70.58856839643379,-33.37967526850046],[-70.58489520416364,-33.37923050847271]]]}},{"type":"Feature","properties":{"comuna":"Vitacura","zona":"U Ee2","zona_code":"U Ee2","nombre":"U Ee2","decreto":""},"geometry":{"type":"Polygon","coordinates":[[[-70.59247518388023,-33.38508924626256],[-70.59136551561747,-33.38389729172402],[-70.59007019143499,-33.38305131006254],[-70.58892078991043,-33.38248620214642],[-70.58592511505648,-33.38174258762419],[-70.58080984401361,-33.381037133580755],[-70.58126026177345,-33.37952335508223],[-70.58256129527697,-33.37975015588628],[-70.58921800532931,-33.381938755269594],[-70.5932552285351,-33.385118161929846],[-70.59300531992461,-33.38538309445093],[-70.59247518388023,-33.38508924626256]]]}},{"type":"Feature","properties":{"comuna":"Vitacura","zona":"U Ee2","zona_code":"U Ee2","nombre":"U Ee2","decreto":""},"geometry":{"type":"Polygon","coordinates":[[[-70.5922310441898,-33.38618365665207],[-70.58935577573475,-33.38414597442212],[-70.58861522300953,-33.383776062415855],[-70.58676748057889,-33.38323800723376],[-70.5805392814828,-33.3819736036484],[-70.58065249202396,-33.38156556351003],[-70.585674149654,-33.38225681353119],[-70.58865195214214,-33.38298775812002],[-70.5894404492834,-33.383335580338816],[-70.59100441409531,-33.38429087025644],[-70.59202549863669,-33.38547978809151],[-70.59259971878406,-33.38581070087818],[-70.5922310441898,-33.38618365665207]]]}},{"type":"Feature","properties":{"comuna":"Vitacura","zona":"U-V","zona_code":"U-V","nombre":"U-V","decreto":""},"geometry":{"type":"Polygon","coordinates":[[[-70.5832688942857,-33.38349143111163],[-70.58343715820665,-33.382967316801555],[-70.58542920959893,-33.383376221655844],[-70.58527098104189,-33.38390730505861],[-70.5832688942857,-33.38349143111163]]]}},{"type":"Feature","properties":{"comuna":"Vitacura","zona":"U-V","zona_code":"U-V","nombre":"U-V","decreto":""},"geometry":{"type":"Polygon","coordinates":[[[-70.58486849451602,-33.38457221258095],[-70.58446922086813,-33.38404281693146],[-70.58448436584301,-33.383887717241414],[-70.58522855402822,-33.38403789129523],[-70.58508861015973,-33.38447634235382],[-70.58486849451602,-33.38457221258095]]]}},{"type":"Feature","properties":{"comuna":"Vitacura","zona":"U-V","zona_code":"U-V","nombre":"U-V","decreto":""},"geometry":{"type":"Polygon","coordinates":[[[-70.5836212654225,-33.385277730209566],[-70.58349858651148,-33.38510033550362],[-70.58363400945014,-33.38456888514406],[-70.58440667439743,-33.38420110114668],[-70.58475936834465,-33.38467143844828],[-70.5836212654225,-33.385277730209566]]]}},{"type":"Feature","properties":{"comuna":"Vitacura","zona":"U-V","zona_code":"U-V","nombre":"U-V","decreto":""},"geometry":{"type":"Polygon","coordinates":[[[-70.58149073851483,-33.38407683698659],[-70.58296673022014,-33.384380145086524],[-70.58280898628412,-33.38493574053613],[-70.58290851371308,-33.384934470952444],[-70.5830582012646,-33.38440522546897],[-70.58348065937481,-33.384488122213355],[-70.58333145114545,-33.38504361024336],[-70.58348200179051,-33.38535375996355],[-70.58321873109715,-33.38557238432883],[-70.5818509083868,-33.385274858683175],[-70.58198380034311,-33.38476014530921],[-70.58218070364646,-33.38479581264226],[-70.58219638245119,-33.384719257095604],[-70.58135417993336,-33.38454625997113],[-70.58149073851483,-33.38407683698659]]]}},{"type":"Feature","properties":{"comuna":"Vitacura","zona":"U AVPC","zona_code":"U AVPC","nombre":"U AVPC","decreto":""},"geometry":{"type":"Polygon","coordinates":[[[-70.58172465055495,-33.38411441968035],[-70.58141365784917,-33.38406111626964],[-70.58146168944711,-33.383886316281014],[-70.58172465055495,-33.38411441968035]]]}},{"type":"Feature","properties":{"comuna":"Vitacura","zona":"U-V","zona_code":"U-V","nombre":"U-V","decreto":""},"geometry":{"type":"Polygon","coordinates":[[[-70.5841057567014,-33.38417931170032],[-70.58366302745549,-33.38439017043677],[-70.58207993560454,-33.384057866565264],[-70.58224210793138,-33.38351588111735],[-70.58385230417419,-33.38384848827592],[-70.5841057567014,-33.38417931170032]]]}},{"type":"Feature","properties":{"comuna":"Vitacura","zona":"U AVPC","zona_code":"U AVPC","nombre":"U AVPC","decreto":""},"geometry":{"type":"Polygon","coordinates":[[[-70.58224210793138,-33.38351588111735],[-70.58226278251877,-33.38340108312726],[-70.5843791084213,-33.38388232715498],[-70.5842952407373,-33.384119625440384],[-70.58413746905924,-33.38420276787049],[-70.58385230417419,-33.38384848827592],[-70.58224210793138,-33.38351588111735]]]}},{"type":"Feature","properties":{"comuna":"Vitacura","zona":"U-V","zona_code":"U-V","nombre":"U-V","decreto":""},"geometry":{"type":"Polygon","coordinates":[[[-70.57285534006095,-33.37222362497945],[-70.57301909708173,-33.37199963800943],[-70.57328378481273,-33.3718531145311],[-70.57378605032731,-33.3717918645848],[-70.57496570553337,-33.37199761871677],[-70.57552310201991,-33.37231267430975],[-70.57580551928085,-33.37283404011236],[-70.57563674222827,-33.37471999345075],[-70.57474403765495,-33.374357226637954],[-70.57479648486972,-33.37379581732036],[-70.5750878587714,-33.37307866235861],[-70.57505198022666,-33.3728238008961],[-70.57486148682545,-33.37266873214565],[-70.57384558966201,-33.37247641065536],[-70.57361377415086,-33.37255332061978],[-70.5733504715814,-33.37391389817896],[-70.57231016268494,-33.373693240116744],[-70.57247724057495,-33.37349545916786],[-70.57285534006095,-33.37222362497945]]]}},{"type":"Feature","properties":{"comuna":"Vitacura","zona":"U-V","zona_code":"U-V","nombre":"U-V","decreto":""},"geometry":{"type":"Polygon","coordinates":[[[-70.57593246026629,-33.37265577430427],[-70.57546109750676,-33.3720652223109],[-70.57493394190514,-33.3718500014422],[-70.57507853644317,-33.37119436256662],[-70.57712327875824,-33.37150961500172],[-70.57702305623502,-33.37256137354397],[-70.57593246026629,-33.37265577430427]]]}},{"type":"Feature","properties":{"comuna":"Vitacura","zona":"U Ee3","zona_code":"U Ee3","nombre":"U Ee3","decreto":""},"geometry":{"type":"Polygon","coordinates":[[[-70.57721432357224,-33.371376046015186],[-70.57510903305263,-33.37105347207781],[-70.57514621491605,-33.370907444581505],[-70.57664018600926,-33.37111754549179],[-70.57727965019298,-33.37109510366093],[-70.57728740404326,-33.371209539809215],[-70.57721432357224,-33.371376046015186]]]}},{"type":"Feature","properties":{"comuna":"Vitacura","zona":"U Ee3","zona_code":"U Ee3","nombre":"U Ee3","decreto":""},"geometry":{"type":"Polygon","coordinates":[[[-70.57296477074907,-33.37081699650424],[-70.5732011174632,-33.3707155731299],[-70.57384067593598,-33.37069851657452],[-70.57503938854822,-33.37093683786269],[-70.57498391138898,-33.371042067907645],[-70.57360575034835,-33.370839295141806],[-70.57300897505098,-33.37090293437931],[-70.57296477074907,-33.37081699650424]]]}},{"type":"Feature","properties":{"comuna":"Vitacura","zona":"U-V","zona_code":"U-V","nombre":"U-V","decreto":""},"geometry":{"type":"Polygon","coordinates":[[[-70.57208790897016,-33.37159376169644],[-70.57268145627022,-33.37119252818237],[-70.57332511998223,-33.37100839172463],[-70.57493847381092,-33.371175838485115],[-70.57478807311058,-33.37183691237625],[-70.57365981875844,-33.3716504951571],[-70.57299832667938,-33.37183187694874],[-70.57273988968501,-33.372088679829226],[-70.57227545096475,-33.37352118151164],[-70.57183710078901,-33.37365797193776],[-70.57130528409328,-33.37353943413575],[-70.57168313605615,-33.37221332049212],[-70.57208790897016,-33.37159376169644]]]}},{"type":"Feature","properties":{"comuna":"Vitacura","zona":"U-V","zona_code":"U-V","nombre":"U-V","decreto":""},"geometry":{"type":"Polygon","coordinates":[[[-70.5885676014732,-33.40189593768481],[-70.58817339456887,-33.40183608487377],[-70.58819718389638,-33.40170740401797],[-70.58871955785474,-33.399929015173925],[-70.5893720596455,-33.400142567310944],[-70.58912012936968,-33.40083657854682],[-70.58920572131952,-33.40178754751296],[-70.5885676014732,-33.40189593768481]]]}},{"type":"Feature","properties":{"comuna":"Vitacura","zona":"U-V","zona_code":"U-V","nombre":"U-V","decreto":""},"geometry":{"type":"Polygon","coordinates":[[[-70.5894393247421,-33.40172728776605],[-70.5893438632038,-33.40093750898394],[-70.59023043155723,-33.40111584457224],[-70.59062762267864,-33.401368454622315],[-70.5894393247421,-33.40172728776605]]]}},{"type":"Feature","properties":{"comuna":"Vitacura","zona":"U-V","zona_code":"U-V","nombre":"U-V","decreto":""},"geometry":{"type":"Polygon","coordinates":[[[-70.59076102117594,-33.4013827310747],[-70.59046263717407,-33.401088290806506],[-70.58936429745943,-33.40082042349745],[-70.58959055274005,-33.400221372856315],[-70.59154059194653,-33.40091936840245],[-70.59123019651715,-33.40121445735317],[-70.59076102117594,-33.4013827310747]]]}},{"type":"Feature","properties":{"comuna":"Vitacura","zona":"U PC","zona_code":"U PC","nombre":"U PC","decreto":""},"geometry":{"type":"Polygon","coordinates":[[[-70.59248384118405,-33.40096573639705],[-70.59269636370578,-33.40083700735529],[-70.59376808774485,-33.40188507014828],[-70.59342060233477,-33.401973087682975],[-70.59337082754422,-33.40178518271079],[-70.59319778153628,-33.40165616929573],[-70.59304886816435,-33.401758297843315],[-70.59248384118405,-33.40096573639705]]]}},{"type":"Feature","properties":{"comuna":"Vitacura","zona":"U POC","zona_code":"U POC","nombre":"U POC","decreto":""},"geometry":{"type":"Polygon","coordinates":[[[-70.592444653198,-33.401541760268174],[-70.59218740397681,-33.40116328211514],[-70.59248384118405,-33.40096573639705],[-70.59304886816435,-33.401758297843315],[-70.59319778153628,-33.40165616929573],[-70.59337082754422,-33.40178518271079],[-70.59342060233477,-33.401973087682975],[-70.59266618232581,-33.402144991527194],[-70.592444653198,-33.401541760268174]]]}},{"type":"Feature","properties":{"comuna":"Vitacura","zona":"U PC","zona_code":"U PC","nombre":"U PC","decreto":""},"geometry":{"type":"Polygon","coordinates":[[[-70.59195894954274,-33.40063629378266],[-70.58995342721174,-33.39993618404931],[-70.58978103748396,-33.399811318370006],[-70.5898800133608,-33.39961499780277],[-70.59193038406835,-33.40031647235533],[-70.59248703895717,-33.40061654206731],[-70.59229560891715,-33.400786700268405],[-70.59200255506575,-33.40056907189235],[-70.59195894954274,-33.40063629378266]]]}},{"type":"Feature","properties":{"comuna":"Vitacura","zona":"U POC","zona_code":"U POC","nombre":"U POC","decreto":""},"geometry":{"type":"Polygon","coordinates":[[[-70.59180117579399,-33.40087950498582],[-70.59200255506575,-33.40056907189235],[-70.59229560891715,-33.400786700268405],[-70.59202257584455,-33.401029392588306],[-70.59180117579399,-33.40087950498582]]]}},{"type":"Feature","properties":{"comuna":"Vitacura","zona":"U PVEV","zona_code":"U PVEV","nombre":"U PVEV","decreto":""},"geometry":{"type":"Polygon","coordinates":[[[-70.58972587319154,-33.39992074051623],[-70.58995342721174,-33.39993618404931],[-70.59195894954274,-33.40063629378266],[-70.59180117579399,-33.40087950498582],[-70.58963634190275,-33.40009832773032],[-70.58972587319154,-33.39992074051623]]]}},{"type":"Feature","properties":{"comuna":"Vitacura","zona":"U PC","zona_code":"U PC","nombre":"U PC","decreto":""},"geometry":{"type":"Polygon","coordinates":[[[-70.58804712069644,-33.39925807126323],[-70.5881158026781,-33.39900427580417],[-70.5896617181362,-33.399539251957485],[-70.58954275908165,-33.39978225522704],[-70.58804712069644,-33.39925807126323]]]}},{"type":"Feature","properties":{"comuna":"Vitacura","zona":"U PVEV","zona_code":"U PVEV","nombre":"U PVEV","decreto":""},"geometry":{"type":"Polygon","coordinates":[[[-70.58864380760478,-33.39974751911682],[-70.58872817754316,-33.399505252726804],[-70.58949800159677,-33.399873685661],[-70.58941959486563,-33.40003385090058],[-70.58864380760478,-33.39974751911682]]]}},{"type":"Feature","properties":{"comuna":"Vitacura","zona":"U PVEV","zona_code":"U PVEV","nombre":"U PVEV","decreto":""},"geometry":{"type":"MultiPolygon","coordinates":[[[[-70.59895498888505,-33.405179533302324],[-70.59977860815232,-33.40509210282328],[-70.5992039441384,-33.40117967113026],[-70.59944933981225,-33.40111065512427],[-70.59989187657911,-33.40345128345576],[-70.6004956818149,-33.4034460956108],[-70.6008409303736,-33.406240439609974],[-70.60026782406625,-33.406279391493676],[-70.60023995904048,-33.4060483552457],[-70.5990764794955,-33.40616537151029],[-70.59895498888505,-33.405179533302324]]],[[[-70.59926779397098,-33.40455196721574],[-70.59952932528469,-33.404529806303884],[-70.59956511707743,-33.40477623239133],[-70.5992938766267,-33.404805377957096],[-70.59926779397098,-33.40455196721574]]]]}},{"type":"Feature","properties":{"comuna":"Vitacura","zona":"U POC","zona_code":"U POC","nombre":"U POC","decreto":""},"geometry":{"type":"Polygon","coordinates":[[[-70.5990764794955,-33.40616537151029],[-70.60023995904048,-33.4060483552457],[-70.60026782406625,-33.406279391493676],[-70.59955228640878,-33.4063644379155],[-70.59920543750513,-33.40656167455015],[-70.59911728898587,-33.406496511309875],[-70.5990764794955,-33.40616537151029]]]}},{"type":"Feature","properties":{"comuna":"Vitacura","zona":"U POC","zona_code":"U POC","nombre":"U POC","decreto":""},"geometry":{"type":"Polygon","coordinates":[[[-70.59888168380633,-33.40458468500754],[-70.59926779397098,-33.40455196721574],[-70.59933599625394,-33.40514728144756],[-70.59895498888505,-33.405179533302324],[-70.59888168380633,-33.40458468500754]]]}},{"type":"Feature","properties":{"comuna":"Vitacura","zona":"U Ee3","zona_code":"U Ee3","nombre":"U Ee3","decreto":""},"geometry":{"type":"Polygon","coordinates":[[[-70.60094450197401,-33.40525661769885],[-70.60069213732024,-33.40334544788245],[-70.60160716640345,-33.40316098393546],[-70.60163569290404,-33.403854200450496],[-70.60094450197401,-33.40525661769885]]]}},{"type":"Feature","properties":{"comuna":"Vitacura","zona":"U POC","zona_code":"U POC","nombre":"U POC","decreto":""},"geometry":{"type":"Polygon","coordinates":[[[-70.5988611478634,-33.40445494589267],[-70.59880306916094,-33.404002331482],[-70.59944937056544,-33.403952243070364],[-70.59951095291889,-33.40440182956552],[-70.5988611478634,-33.40445494589267]]]}},{"type":"Feature","properties":{"comuna":"Vitacura","zona":"U AVPC","zona_code":"U AVPC","nombre":"U AVPC","decreto":""},"geometry":{"type":"Polygon","coordinates":[[[-70.59867226463784,-33.403112760477306],[-70.5993256049774,-33.40305900270036],[-70.59942461636193,-33.40380458296731],[-70.59877432228845,-33.403870149562586],[-70.59867226463784,-33.403112760477306]]]}},{"type":"Feature","properties":{"comuna":"Vitacura","zona":"U PVEV","zona_code":"U PVEV","nombre":"U PVEV","decreto":""},"geometry":{"type":"Polygon","coordinates":[[[-70.5988262151963,-33.40215386917767],[-70.59918129863678,-33.40213146742857],[-70.59927755028951,-33.402920629770186],[-70.59897898404378,-33.40295041362428],[-70.5988262151963,-33.40215386917767]]]}},{"type":"Feature","properties":{"comuna":"Vitacura","zona":"U POC","zona_code":"U POC","nombre":"U POC","decreto":""},"geometry":{"type":"Polygon","coordinates":[[[-70.59863497411766,-33.402979617216296],[-70.59852773461543,-33.402172699758275],[-70.5988262151963,-33.40215386917767],[-70.59897898404378,-33.40295041362428],[-70.59863497411766,-33.402979617216296]]]}},{"type":"Feature","properties":{"comuna":"Vitacura","zona":"U PVEV","zona_code":"U PVEV","nombre":"U PVEV","decreto":""},"geometry":{"type":"Polygon","coordinates":[[[-70.59877272843478,-33.401665372494506],[-70.59909624422963,-33.401620345755596],[-70.59914783782729,-33.402000264398616],[-70.5988241510335,-33.4020253502058],[-70.59877272843478,-33.401665372494506]]]}},{"type":"Feature","properties":{"comuna":"Vitacura","zona":"U Ee3","zona_code":"U Ee3","nombre":"U Ee3","decreto":""},"geometry":{"type":"Polygon","coordinates":[[[-70.59831648643308,-33.401071443008796],[-70.59832453084974,-33.40092817222061],[-70.59892995501413,-33.40078316816853],[-70.59904169513541,-33.400865241937176],[-70.59831648643308,-33.401071443008796]]]}},{"type":"Feature","properties":{"comuna":"Vitacura","zona":"U PC","zona_code":"U PC","nombre":"U PC","decreto":""},"geometry":{"type":"Polygon","coordinates":[[[-70.59761061533585,-33.404803935691724],[-70.59809691750829,-33.40478815370011],[-70.5981431374617,-33.405143308792205],[-70.59838008882014,-33.405187977618105],[-70.59866684296999,-33.405448678353096],[-70.59875188802341,-33.40613382449635],[-70.59771990616338,-33.40517978033753],[-70.59772660504174,-33.40507947620378],[-70.59800241312443,-33.40507115099286],[-70.59799174129941,-33.40495436854471],[-70.59770643391651,-33.40506542019762],[-70.59761061533585,-33.404803935691724]]]}},{"type":"Feature","properties":{"comuna":"Vitacura","zona":"U POC","zona_code":"U POC","nombre":"U POC","decreto":""},"geometry":{"type":"Polygon","coordinates":[[[-70.59838008882014,-33.405187977618105],[-70.5981431374617,-33.405143308792205],[-70.59805905509054,-33.4044357136595],[-70.5982409573579,-33.40442621138133],[-70.59821939529624,-33.404070836005936],[-70.59848723675925,-33.40404841744907],[-70.59866684296999,-33.405448678353096],[-70.59838008882014,-33.405187977618105]]]}},{"type":"Feature","properties":{"comuna":"Vitacura","zona":"U PVEV","zona_code":"U PVEV","nombre":"U PVEV","decreto":""},"geometry":{"type":"Polygon","coordinates":[[[-70.59751008054278,-33.40413020141212],[-70.59800067084606,-33.404089141978275],[-70.59805905509054,-33.4044357136595],[-70.59756152874265,-33.4044540515404],[-70.59751008054278,-33.40413020141212]]]}},{"type":"Feature","properties":{"comuna":"Vitacura","zona":"U PC","zona_code":"U PC","nombre":"U PC","decreto":""},"geometry":{"type":"Polygon","coordinates":[[[-70.59740902945407,-33.40454921875148],[-70.5974636311868,-33.404934089168165],[-70.59745707705108,-33.40494669291178],[-70.5967545042248,-33.404272121092795],[-70.59704729140057,-33.404184838033636],[-70.59740902945407,-33.40454921875148]]]}},{"type":"Feature","properties":{"comuna":"Vitacura","zona":"U PVO","zona_code":"U PVO","nombre":"U PVO","decreto":""},"geometry":{"type":"Polygon","coordinates":[[[-70.59704858161446,-33.40421285872926],[-70.59735339014327,-33.40415703599459],[-70.59740902945407,-33.40454921875148],[-70.59704858161446,-33.40421285872926]]]}},{"type":"Feature","properties":{"comuna":"Vitacura","zona":"U PVEV","zona_code":"U PVEV","nombre":"U PVEV","decreto":""},"geometry":{"type":"Polygon","coordinates":[[[-70.59666328228096,-33.40331173339661],[-70.59802957609877,-33.403178398234225],[-70.59814368462216,-33.40394621848021],[-70.5971349231604,-33.40403398091357],[-70.59713878368616,-33.40377861576843],[-70.59700506092399,-33.40377795108984],[-70.5970637294508,-33.40403012496601],[-70.59692186590131,-33.404051039627824],[-70.5968835947806,-33.40366975269454],[-70.59671853994745,-33.4036671047619],[-70.59666328228096,-33.40331173339661]]]}},{"type":"Feature","properties":{"comuna":"Vitacura","zona":"U POC","zona_code":"U POC","nombre":"U POC","decreto":""},"geometry":{"type":"Polygon","coordinates":[[[-70.59802957609877,-33.403178398234225],[-70.59834209171552,-33.40315226974022],[-70.59845286473558,-33.40391917397955],[-70.59814368462216,-33.40394621848021],[-70.59802957609877,-33.403178398234225]]]}},{"type":"Feature","properties":{"comuna":"Vitacura","zona":"U PC","zona_code":"U PC","nombre":"U PC","decreto":""},"geometry":{"type":"Polygon","coordinates":[[[-70.59640016838665,-33.40393722348531],[-70.5966272293969,-33.40384287989957],[-70.59670696806894,-33.404123004052146],[-70.59663421724129,-33.40417050605386],[-70.59640016838665,-33.40393722348531]]]}},{"type":"Feature","properties":{"comuna":"Vitacura","zona":"U POC","zona_code":"U POC","nombre":"U POC","decreto":""},"geometry":{"type":"Polygon","coordinates":[[[-70.59789286935708,-33.402236321284626],[-70.59821090522682,-33.40221096438806],[-70.59832577019263,-33.40301503961656],[-70.5980021345156,-33.40304460572915],[-70.59789286935708,-33.402236321284626]]]}},{"type":"Feature","properties":{"comuna":"Vitacura","zona":"U PVO","zona_code":"U PVO","nombre":"U PVO","decreto":""},"geometry":{"type":"Polygon","coordinates":[[[-70.5980021345156,-33.40304460572915],[-70.59767952026863,-33.403067311075],[-70.59755413104298,-33.402263328299235],[-70.59789286935708,-33.402236321284626],[-70.5980021345156,-33.40304460572915]]]}},{"type":"Feature","properties":{"comuna":"Vitacura","zona":"U PVEV","zona_code":"U PVEV","nombre":"U PVEV","decreto":""},"geometry":{"type":"Polygon","coordinates":[[[-70.59621751756531,-33.40239033568821],[-70.59740460363268,-33.40227722483967],[-70.59752157983351,-33.403072683715784],[-70.59634048005572,-33.40321708302076],[-70.59621751756531,-33.40239033568821]]]}},{"type":"Feature","properties":{"comuna":"Vitacura","zona":"U PC","zona_code":"U PC","nombre":"U PC","decreto":""},"geometry":{"type":"Polygon","coordinates":[[[-70.59475564964202,-33.40193233307035],[-70.5949211019611,-33.40189154501094],[-70.59575761378677,-33.40271539672071],[-70.59603186149177,-33.402541185398064],[-70.59615968965474,-33.403700465418765],[-70.59519018798768,-33.40280024378959],[-70.59539520668837,-33.40253811619638],[-70.59511071904444,-33.4027326644411],[-70.59436175793007,-33.402029437012054],[-70.59470598212471,-33.40194457733991],[-70.59491904617632,-33.402168423921964],[-70.59498965955017,-33.402140671859584],[-70.59475564964202,-33.40193233307035]]]}},{"type":"Feature","properties":{"comuna":"Vitacura","zona":"U Ee3","zona_code":"U Ee3","nombre":"U Ee3","decreto":""},"geometry":{"type":"Polygon","coordinates":[[[-70.59470598212471,-33.40194457733991],[-70.59425871005844,-33.40203374464377],[-70.5942528672627,-33.40190854772268],[-70.59464619060844,-33.40183190879541],[-70.59470598212471,-33.40194457733991]]]}},{"type":"Feature","properties":{"comuna":"Vitacura","zona":"U Ee3","zona_code":"U Ee3","nombre":"U Ee3","decreto":""},"geometry":{"type":"Polygon","coordinates":[[[-70.59475564964202,-33.40193233307035],[-70.59468497093013,-33.40181351416302],[-70.59520978335864,-33.40173220075236],[-70.59523211603302,-33.401814871198425],[-70.59475564964202,-33.40193233307035]]]}},{"type":"Feature","properties":{"comuna":"Vitacura","zona":"U PVEV","zona_code":"U PVEV","nombre":"U PVEV","decreto":""},"geometry":{"type":"Polygon","coordinates":[[[-70.59506244896492,-33.40201048866797],[-70.59527784831198,-33.401970280811135],[-70.59561936289164,-33.402350308105916],[-70.59601465005345,-33.40238101540498],[-70.59603186149177,-33.402541185398064],[-70.59575761378677,-33.40271539672071],[-70.59506244896492,-33.40201048866797]]]}},{"type":"Feature","properties":{"comuna":"Vitacura","zona":"U POC","zona_code":"U POC","nombre":"U POC","decreto":""},"geometry":{"type":"Polygon","coordinates":[[[-70.59506244896492,-33.40201048866797],[-70.5949211019611,-33.40189154501094],[-70.59523211603302,-33.401814871198425],[-70.59527784831198,-33.401970280811135],[-70.59506244896492,-33.40201048866797]]]}},{"type":"Feature","properties":{"comuna":"Vitacura","zona":"U PVEV","zona_code":"U PVEV","nombre":"U PVEV","decreto":""},"geometry":{"type":"Polygon","coordinates":[[[-70.5953305390381,-33.4019185554333],[-70.59592154573568,-33.40183322137757],[-70.59597654854764,-33.40231652528094],[-70.59570797107548,-33.40233425553043],[-70.5953305390381,-33.4019185554333]]]}},{"type":"Feature","properties":{"comuna":"Vitacura","zona":"U Ee3","zona_code":"U Ee3","nombre":"U Ee3","decreto":""},"geometry":{"type":"Polygon","coordinates":[[[-70.59528586004853,-33.40180877174778],[-70.5952406895409,-33.401672150171876],[-70.595938887675,-33.401543863670504],[-70.59595135294167,-33.40164213109392],[-70.59528586004853,-33.40180877174778]]]}},{"type":"Feature","properties":{"comuna":"Vitacura","zona":"U POC","zona_code":"U POC","nombre":"U POC","decreto":""},"geometry":{"type":"Polygon","coordinates":[[[-70.5953305390381,-33.4019185554333],[-70.59528586004853,-33.40180877174778],[-70.59590190719662,-33.40166066332284],[-70.59592154573568,-33.40183322137757],[-70.5953305390381,-33.4019185554333]]]}},{"type":"Feature","properties":{"comuna":"Vitacura","zona":"U POC","zona_code":"U POC","nombre":"U POC","decreto":""},"geometry":{"type":"Polygon","coordinates":[[[-70.59610972339749,-33.40162177899737],[-70.59806315953902,-33.40114147702787],[-70.59818351625121,-33.402082446990626],[-70.59754449887183,-33.40213126781095],[-70.59748374871316,-33.40173652280904],[-70.59613006144744,-33.40178212069944],[-70.59610972339749,-33.40162177899737]]]}},{"type":"Feature","properties":{"comuna":"Vitacura","zona":"U PVEV","zona_code":"U PVEV","nombre":"U PVEV","decreto":""},"geometry":{"type":"Polygon","coordinates":[[[-70.59613006144744,-33.40178212069944],[-70.59729804069018,-33.40175139284499],[-70.59736248322274,-33.402146421382156],[-70.59618867050776,-33.40224413884854],[-70.59613006144744,-33.40178212069944]]]}},{"type":"Feature","properties":{"comuna":"Vitacura","zona":"U Ee3","zona_code":"U Ee3","nombre":"U Ee3","decreto":""},"geometry":{"type":"Polygon","coordinates":[[[-70.59806315953902,-33.40114147702787],[-70.59603517205383,-33.40162870474136],[-70.59602910863653,-33.40149158032779],[-70.59808198036511,-33.4010040340055],[-70.59806315953902,-33.40114147702787]]]}},{"type":"Feature","properties":{"comuna":"Vitacura","zona":"U Ee3","zona_code":"U Ee3","nombre":"U Ee3","decreto":""},"geometry":{"type":"Polygon","coordinates":[[[-70.59910386951313,-33.40087378538309],[-70.59909737494782,-33.400752176589606],[-70.59955615896425,-33.40063888709013],[-70.5995713182782,-33.40076754293551],[-70.59910386951313,-33.40087378538309]]]}},{"type":"Feature","properties":{"comuna":"Vitacura","zona":"U POC","zona_code":"U POC","nombre":"U POC","decreto":""},"geometry":{"type":"Polygon","coordinates":[[[-70.59404039311669,-33.400998734079266],[-70.59424067224442,-33.40095371260995],[-70.59439698811418,-33.40140337270309],[-70.59475964679848,-33.40132235501574],[-70.59476167382024,-33.40112189392201],[-70.59548720545423,-33.40097178400447],[-70.59579420031207,-33.40095829118069],[-70.5958431444197,-33.40130126288518],[-70.59426447329953,-33.401687242836196],[-70.59404039311669,-33.400998734079266]]]}},{"type":"Feature","properties":{"comuna":"Vitacura","zona":"U Ee3","zona_code":"U Ee3","nombre":"U Ee3","decreto":""},"geometry":{"type":"Polygon","coordinates":[[[-70.59397465589107,-33.401760753279056],[-70.59591687377682,-33.401288383962964],[-70.5958880746497,-33.401424763742305],[-70.59409620868121,-33.401870272941025],[-70.59397465589107,-33.401760753279056]]]}},{"type":"Feature","properties":{"comuna":"Vitacura","zona":"U-V","zona_code":"U-V","nombre":"U-V","decreto":""},"geometry":{"type":"Polygon","coordinates":[[[-70.59424067224442,-33.40095371260995],[-70.59446820537143,-33.40090256334037],[-70.59454637004929,-33.4012881111521],[-70.59461161126094,-33.401277728376115],[-70.594561538759,-33.400872730261796],[-70.5957478392453,-33.40060096858287],[-70.59579420031207,-33.40095829118069],[-70.59476167382024,-33.40112189392201],[-70.59475964679848,-33.40132235501574],[-70.59439698811418,-33.40140337270309],[-70.59424067224442,-33.40095371260995]]]}},{"type":"Feature","properties":{"comuna":"Vitacura","zona":"U PC","zona_code":"U PC","nombre":"U PC","decreto":""},"geometry":{"type":"Polygon","coordinates":[[[-70.59426447329953,-33.401687242836196],[-70.59402825973295,-33.40173620270467],[-70.5935035311872,-33.40119890751479],[-70.59404039311669,-33.400998734079266],[-70.59426447329953,-33.401687242836196]]]}},{"type":"Feature","properties":{"comuna":"Vitacura","zona":"U POC","zona_code":"U POC","nombre":"U POC","decreto":""},"geometry":{"type":"Polygon","coordinates":[[[-70.59759843618693,-33.40016467208137],[-70.59792673869536,-33.40013605713812],[-70.59799506509263,-33.40076034183316],[-70.59604666748227,-33.401243560182856],[-70.59600892729901,-33.400894882776875],[-70.5976317251374,-33.40049300302483],[-70.59759843618693,-33.40016467208137]]]}},{"type":"Feature","properties":{"comuna":"Vitacura","zona":"U Ee3","zona_code":"U Ee3","nombre":"U Ee3","decreto":""},"geometry":{"type":"Polygon","coordinates":[[[-70.59599625786831,-33.401287158882226],[-70.59799506509263,-33.40076034183316],[-70.59806332446057,-33.40075946255222],[-70.59800906311304,-33.40090332867837],[-70.59612890276338,-33.401370370526365],[-70.59599625786831,-33.401287158882226]]]}},{"type":"Feature","properties":{"comuna":"Vitacura","zona":"U-V","zona_code":"U-V","nombre":"U-V","decreto":""},"geometry":{"type":"Polygon","coordinates":[[[-70.59600892729901,-33.400894882776875],[-70.59597135820549,-33.40054778045466],[-70.59759843618693,-33.40016467208137],[-70.5976317251374,-33.40049300302483],[-70.59600892729901,-33.400894882776875]]]}},{"type":"Feature","properties":{"comuna":"Vitacura","zona":"U POC","zona_code":"U POC","nombre":"U POC","decreto":""},"geometry":{"type":"Polygon","coordinates":[[[-70.5993337825696,-33.398838191748034],[-70.60080551860561,-33.39851455752152],[-70.60102622063283,-33.40000065013269],[-70.59909518563857,-33.40049800852418],[-70.59907745841767,-33.40034229802935],[-70.59965786653696,-33.40025581139929],[-70.5993337825696,-33.398838191748034]]]}},{"type":"Feature","properties":{"comuna":"Vitacura","zona":"U POC","zona_code":"U POC","nombre":"U POC","decreto":""},"geometry":{"type":"Polygon","coordinates":[[[-70.59810818155005,-33.3991076851611],[-70.59853270493765,-33.39901434047442],[-70.5985932179034,-33.400428122669204],[-70.59891718738533,-33.40040962997416],[-70.59894932005744,-33.400548564573114],[-70.59832516184576,-33.400703593228634],[-70.59810818155005,-33.3991076851611]]]}},{"type":"Feature","properties":{"comuna":"Vitacura","zona":"U Ee3","zona_code":"U Ee3","nombre":"U Ee3","decreto":""},"geometry":{"type":"Polygon","coordinates":[[[-70.59909518563857,-33.40049800852418],[-70.59951471856922,-33.40041624483033],[-70.59954009516221,-33.40055908475974],[-70.599089793267,-33.40066060767372],[-70.59909518563857,-33.40049800852418]]]}},{"type":"Feature","properties":{"comuna":"Vitacura","zona":"U-V","zona_code":"U-V","nombre":"U-V","decreto":""},"geometry":{"type":"Polygon","coordinates":[[[-70.59759139951362,-33.40002883458814],[-70.59592990091639,-33.40039644831221],[-70.59581585349648,-33.39960452904467],[-70.5974536255034,-33.399248193462235],[-70.59759139951362,-33.40002883458814]]]}},{"type":"Feature","properties":{"comuna":"Vitacura","zona":"U POC","zona_code":"U POC","nombre":"U POC","decreto":""},"geometry":{"type":"Polygon","coordinates":[[[-70.5974536255034,-33.399248193462235],[-70.5977852496155,-33.399182486760104],[-70.5978945134591,-33.39999607909648],[-70.59759139951362,-33.40002883458814],[-70.5974536255034,-33.399248193462235]]]}},{"type":"Feature","properties":{"comuna":"Vitacura","zona":"U-V","zona_code":"U-V","nombre":"U-V","decreto":""},"geometry":{"type":"Polygon","coordinates":[[[-70.59371870307581,-33.40008991714379],[-70.59431441148678,-33.39994894282571],[-70.59448787760864,-33.400295684438696],[-70.59439246090525,-33.39993899259477],[-70.59471833709891,-33.399869185154486],[-70.59489147767967,-33.400198034234634],[-70.59478539388138,-33.39984147894768],[-70.59519992956248,-33.39975860093918],[-70.59526418218245,-33.39996655993542],[-70.59534556935392,-33.39994463483001],[-70.59531320419367,-33.39973030015169],[-70.59561419180234,-33.39966081042819],[-70.59572479168848,-33.40045873992623],[-70.59400194697942,-33.40087834801306],[-70.59371870307581,-33.40008991714379]]]}},{"type":"Feature","properties":{"comuna":"Vitacura","zona":"U Ee1","zona_code":"U Ee1","nombre":"U Ee1","decreto":""},"geometry":{"type":"Polygon","coordinates":[[[-70.5931592603521,-33.4003973582354],[-70.59354198368358,-33.40029590777847],[-70.59377443910186,-33.40095208902889],[-70.5933785972405,-33.401085428289186],[-70.59325182478474,-33.400958802053765],[-70.5931592603521,-33.4003973582354]]]}},{"type":"Feature","properties":{"comuna":"Vitacura","zona":"U PVO","zona_code":"U PVO","nombre":"U PVO","decreto":""},"geometry":{"type":"Polygon","coordinates":[[[-70.59400194697942,-33.40087834801306],[-70.59377443910186,-33.40095208902889],[-70.59354198368358,-33.40029590777847],[-70.5931592603521,-33.4003973582354],[-70.5931282780482,-33.400229637564365],[-70.59371870307581,-33.40008991714379],[-70.59400194697942,-33.40087834801306]]]}},{"type":"Feature","properties":{"comuna":"Vitacura","zona":"U-V","zona_code":"U-V","nombre":"U-V","decreto":""},"geometry":{"type":"Polygon","coordinates":[[[-70.59298078258033,-33.39936102469437],[-70.59288803315903,-33.39880331287391],[-70.59548481261909,-33.39846571331429],[-70.59558864699527,-33.39947728787727],[-70.59460275532342,-33.39970113645606],[-70.59449121428187,-33.399201483718215],[-70.59396423737441,-33.39931921097767],[-70.59408004096375,-33.39981880945792],[-70.59366083522093,-33.39991174966384],[-70.59352850054805,-33.39929259496487],[-70.59298078258033,-33.39936102469437]]]}},{"type":"Feature","properties":{"comuna":"Vitacura","zona":"U POC","zona_code":"U POC","nombre":"U POC","decreto":""},"geometry":{"type":"Polygon","coordinates":[[[-70.59303192787243,-33.399668568645595],[-70.59358896240082,-33.399575481688515],[-70.59366083522093,-33.39991174966384],[-70.59309329801268,-33.40003757340872],[-70.59303192787243,-33.399668568645595]]]}},{"type":"Feature","properties":{"comuna":"Vitacura","zona":"U Ee1","zona_code":"U Ee1","nombre":"U Ee1","decreto":""},"geometry":{"type":"Polygon","coordinates":[[[-70.59407870846307,-33.39939404584275],[-70.59440070021861,-33.39930639393947],[-70.59449364980328,-33.39972277161592],[-70.5941814099764,-33.39980113756254],[-70.59407870846307,-33.39939404584275]]]}},{"type":"Feature","properties":{"comuna":"Vitacura","zona":"U-V","zona_code":"U-V","nombre":"U-V","decreto":""},"geometry":{"type":"Polygon","coordinates":[[[-70.59743691795288,-33.39906124869728],[-70.59579617055374,-33.399422671691426],[-70.59569290262355,-33.398442208074435],[-70.59736721227193,-33.39824242528521],[-70.59743691795288,-33.39906124869728]]]}},{"type":"Feature","properties":{"comuna":"Vitacura","zona":"U POC","zona_code":"U POC","nombre":"U POC","decreto":""},"geometry":{"type":"Polygon","coordinates":[[[-70.59736721227193,-33.39824242528521],[-70.59764298107807,-33.3982095175555],[-70.59776378212814,-33.39898106658361],[-70.59743691795288,-33.39906124869728],[-70.59736721227193,-33.39824242528521]]]}},{"type":"Feature","properties":{"comuna":"Vitacura","zona":"U POC","zona_code":"U POC","nombre":"U POC","decreto":""},"geometry":{"type":"Polygon","coordinates":[[[-70.5980685927382,-33.39892643456894],[-70.59805399143177,-33.39890574504376],[-70.59809369787786,-33.39893804252729],[-70.5980685927382,-33.39892643456894]]]}},{"type":"Feature","properties":{"comuna":"Vitacura","zona":"U PVO","zona_code":"U PVO","nombre":"U PVO","decreto":""},"geometry":{"type":"Polygon","coordinates":[[[-70.59849389809195,-33.39793590366921],[-70.59839394521713,-33.39686127202191],[-70.59877173595125,-33.39680458073973],[-70.59909343786369,-33.397827661801905],[-70.59849389809195,-33.39793590366921]]]}},{"type":"Feature","properties":{"comuna":"Vitacura","zona":"U POC","zona_code":"U POC","nombre":"U POC","decreto":""},"geometry":{"type":"Polygon","coordinates":[[[-70.59794067180077,-33.39802505299385],[-70.59778023949232,-33.39695336413294],[-70.59839394521713,-33.39686127202191],[-70.59849389809195,-33.39793590366921],[-70.59794067180077,-33.39802505299385]]]}},{"type":"Feature","properties":{"comuna":"Vitacura","zona":"U-V","zona_code":"U-V","nombre":"U-V","decreto":""},"geometry":{"type":"Polygon","coordinates":[[[-70.59731717576591,-33.39810717203362],[-70.59567264570947,-33.398310375955475],[-70.59540079165156,-33.39727211035491],[-70.59710750992369,-33.39704947954159],[-70.59715243646981,-33.397389757394336],[-70.59696768367634,-33.39739810049506],[-70.59698178601937,-33.39758582655337],[-70.59706366156085,-33.39759073826837],[-70.5970879918856,-33.397754470829604],[-70.59728352091005,-33.39775195357101],[-70.59731717576591,-33.39810717203362]]]}},{"type":"Feature","properties":{"comuna":"Vitacura","zona":"U POC","zona_code":"U POC","nombre":"U POC","decreto":""},"geometry":{"type":"Polygon","coordinates":[[[-70.59710750992369,-33.39704947954159],[-70.59747607068373,-33.39700381065189],[-70.59762003644214,-33.39806974723647],[-70.59731717576591,-33.39810717203362],[-70.59728352091005,-33.39775195357101],[-70.5970879918856,-33.397754470829604],[-70.59706366156085,-33.39759073826837],[-70.59698178601937,-33.39758582655337],[-70.59696768367634,-33.39739810049506],[-70.59715243646981,-33.397389757394336],[-70.59710750992369,-33.39704947954159]]]}},{"type":"Feature","properties":{"comuna":"Vitacura","zona":"U-V","zona_code":"U-V","nombre":"U-V","decreto":""},"geometry":{"type":"Polygon","coordinates":[[[-70.59288626126786,-33.3986594422984],[-70.59273775195786,-33.39777013107377],[-70.59517397720425,-33.39728785197722],[-70.59545763665493,-33.398332906866884],[-70.59288626126786,-33.3986594422984]]]}},{"type":"Feature","properties":{"comuna":"Vitacura","zona":"U-V","zona_code":"U-V","nombre":"U-V","decreto":""},"geometry":{"type":"Polygon","coordinates":[[[-70.59191851675003,-33.399495644912854],[-70.59155304004814,-33.39797145262982],[-70.59205243464396,-33.39797936177567],[-70.5924729500455,-33.39787374753913],[-70.59271385483402,-33.399399649860285],[-70.59191851675003,-33.399495644912854]]]}},{"type":"Feature","properties":{"comuna":"Vitacura","zona":"U PC","zona_code":"U PC","nombre":"U PC","decreto":""},"geometry":{"type":"Polygon","coordinates":[[[-70.59191851675003,-33.399495644912854],[-70.59271385483402,-33.399399649860285],[-70.5928203330368,-33.40007406955528],[-70.59205657998972,-33.40007814658661],[-70.59191851675003,-33.399495644912854]]]}},{"type":"Feature","properties":{"comuna":"Vitacura","zona":"U PC","zona_code":"U PC","nombre":"U PC","decreto":""},"geometry":{"type":"Polygon","coordinates":[[[-70.59027104986029,-33.39919808489194],[-70.59045661621892,-33.39925195122495],[-70.59051360417467,-33.39910089439978],[-70.59172457467737,-33.39952527884838],[-70.59183936338351,-33.40001059213762],[-70.59017824409224,-33.399430899970184],[-70.59027104986029,-33.39919808489194]]]}},{"type":"Feature","properties":{"comuna":"Vitacura","zona":"U PVEV","zona_code":"U PVEV","nombre":"U PVEV","decreto":""},"geometry":{"type":"Polygon","coordinates":[[[-70.59027104986029,-33.39919808489194],[-70.59043273338858,-33.39864379457282],[-70.59162759100627,-33.39911524095894],[-70.59172457467737,-33.39952527884838],[-70.59051360417467,-33.39910089439978],[-70.59045661621892,-33.39925195122495],[-70.59027104986029,-33.39919808489194]]]}},{"type":"Feature","properties":{"comuna":"Vitacura","zona":"U PC","zona_code":"U PC","nombre":"U PC","decreto":""},"geometry":{"type":"Polygon","coordinates":[[[-70.59020919649097,-33.3990768684555],[-70.59009909426032,-33.39941409318112],[-70.58955114678129,-33.39920628916674],[-70.5897391348322,-33.39883464008629],[-70.59020919649097,-33.3990768684555]]]}},{"type":"Feature","properties":{"comuna":"Vitacura","zona":"U PVOsz","zona_code":"U PVOsz","nombre":"U PVOsz","decreto":""},"geometry":{"type":"Polygon","coordinates":[[[-70.5897391348322,-33.39883464008629],[-70.58988787032719,-33.39848255600557],[-70.59033409016435,-33.398616425636845],[-70.59020919649097,-33.3990768684555],[-70.5897391348322,-33.39883464008629]]]}},{"type":"Feature","properties":{"comuna":"Vitacura","zona":"U-V","zona_code":"U-V","nombre":"U-V","decreto":""},"geometry":{"type":"Polygon","coordinates":[[[-70.5897712765995,-33.398406739728046],[-70.58911655077512,-33.39816903863093],[-70.58931411967015,-33.397758840824594],[-70.58918377670267,-33.397690443694415],[-70.5893823040271,-33.39725926295677],[-70.59079200448724,-33.39775297972995],[-70.5904176119258,-33.39851656807414],[-70.58982510688449,-33.39831656913781],[-70.5897712765995,-33.398406739728046]]]}},{"type":"Feature","properties":{"comuna":"Vitacura","zona":"U PC","zona_code":"U PC","nombre":"U PC","decreto":""},"geometry":{"type":"Polygon","coordinates":[[[-70.58944499772316,-33.3991791798373],[-70.58820674842688,-33.39872385066975],[-70.5883430080211,-33.39841742599708],[-70.589628936045,-33.39879153632407],[-70.58944499772316,-33.3991791798373]]]}},{"type":"Feature","properties":{"comuna":"Vitacura","zona":"U PVEV","zona_code":"U PVEV","nombre":"U PVEV","decreto":""},"geometry":{"type":"Polygon","coordinates":[[[-70.58935223196978,-33.39869684746299],[-70.5895214304132,-33.39827751099898],[-70.5897712765995,-33.398406739728046],[-70.589628936045,-33.39879153632407],[-70.58935223196978,-33.39869684746299]]]}},{"type":"Feature","properties":{"comuna":"Vitacura","zona":"U Ee3","zona_code":"U Ee3","nombre":"U Ee3","decreto":""},"geometry":{"type":"Polygon","coordinates":[[[-70.5880339420058,-33.39874801634253],[-70.58771111824052,-33.39859466308202],[-70.58842760595488,-33.39693190388435],[-70.58873994025078,-33.3969780136546],[-70.5887928262145,-33.39707039571574],[-70.5880339420058,-33.39874801634253]]]}},{"type":"Feature","properties":{"comuna":"Vitacura","zona":"U Ee3","zona_code":"U Ee3","nombre":"U Ee3","decreto":""},"geometry":{"type":"Polygon","coordinates":[[[-70.58625181758654,-33.403985775656935],[-70.58669393267867,-33.402386948149584],[-70.58682461004017,-33.40233755389214],[-70.58697297959408,-33.402478824278234],[-70.58652005418004,-33.4040561701797],[-70.58625181758654,-33.403985775656935]]]}},{"type":"Feature","properties":{"comuna":"Vitacura","zona":"U Ee3","zona_code":"U Ee3","nombre":"U Ee3","decreto":""},"geometry":{"type":"Polygon","coordinates":[[[-70.58670951562007,-33.40225049672563],[-70.58677307915886,-33.402045912472204],[-70.58710249390198,-33.40216995308302],[-70.58702156020682,-33.40241258386555],[-70.58670951562007,-33.40225049672563]]]}},{"type":"Feature","properties":{"comuna":"Vitacura","zona":"U Ee3","zona_code":"U Ee3","nombre":"U Ee3","decreto":""},"geometry":{"type":"Polygon","coordinates":[[[-70.58717012831117,-33.401978197569456],[-70.58678094605672,-33.401953512811836],[-70.58717506505073,-33.400489786368105],[-70.58749885836973,-33.400500556236075],[-70.58755337902481,-33.400565477492464],[-70.58717012831117,-33.401978197569456]]]}},{"type":"Feature","properties":{"comuna":"Vitacura","zona":"U Ee3","zona_code":"U Ee3","nombre":"U Ee3","decreto":""},"geometry":{"type":"Polygon","coordinates":[[[-70.58758901008103,-33.40043708528028],[-70.58721646734149,-33.40035022505048],[-70.5876429946784,-33.39877564816636],[-70.58795875403095,-33.39886896077332],[-70.58758901008103,-33.40043708528028]]]}},{"type":"Feature","properties":{"comuna":"Vitacura","zona":"U Ee3","zona_code":"U Ee3","nombre":"U Ee3","decreto":""},"geometry":{"type":"Polygon","coordinates":[[[-70.58886277439197,-33.39691825913524],[-70.58851022336017,-33.396772447358224],[-70.58941646018097,-33.395381388680875],[-70.59019271718769,-33.39446530905776],[-70.59049016790189,-33.39459273327938],[-70.58928494122664,-33.39616512791507],[-70.58886277439197,-33.39691825913524]]]}},{"type":"Feature","properties":{"comuna":"Vitacura","zona":"U-V","zona_code":"U-V","nombre":"U-V","decreto":""},"geometry":{"type":"Polygon","coordinates":[[[-70.59146315279231,-33.39778518404999],[-70.5894616332887,-33.3971059525237],[-70.5898378404123,-33.39640417212456],[-70.59173619376814,-33.397158306426796],[-70.59234672777558,-33.39707317308675],[-70.59245021048984,-33.39770391870485],[-70.59146315279231,-33.39778518404999]]]}},{"type":"Feature","properties":{"comuna":"Vitacura","zona":"U-V","zona_code":"U-V","nombre":"U-V","decreto":""},"geometry":{"type":"Polygon","coordinates":[[[-70.59265640182693,-33.39759861794646],[-70.59257360219651,-33.39701209757438],[-70.59309352632604,-33.39685927167751],[-70.59415358545363,-33.3961029731121],[-70.5947860073446,-33.395880093380434],[-70.59510390316991,-33.39712574062009],[-70.59265640182693,-33.39759861794646]]]}},{"type":"Feature","properties":{"comuna":"Vitacura","zona":"U-V","zona_code":"U-V","nombre":"U-V","decreto":""},"geometry":{"type":"Polygon","coordinates":[[[-70.59710416014626,-33.39686205065478],[-70.59534128972791,-33.397076493252406],[-70.59516996675656,-33.396460056438485],[-70.5969512031031,-33.396143138323914],[-70.59710416014626,-33.39686205065478]]]}},{"type":"Feature","properties":{"comuna":"Vitacura","zona":"U POC","zona_code":"U POC","nombre":"U POC","decreto":""},"geometry":{"type":"Polygon","coordinates":[[[-70.5969512031031,-33.396143138323914],[-70.59734324023192,-33.396106985141195],[-70.59744160221821,-33.396818573530695],[-70.59710416014626,-33.39686205065478],[-70.5969512031031,-33.396143138323914]]]}},{"type":"Feature","properties":{"comuna":"Vitacura","zona":"U PVO","zona_code":"U PVO","nombre":"U PVO","decreto":""},"geometry":{"type":"Polygon","coordinates":[[[-70.59807924484873,-33.39673054509391],[-70.59803900224132,-33.39608132222434],[-70.59768021158352,-33.39493463744282],[-70.597868700779,-33.39491497132833],[-70.59869562330101,-33.396597810806234],[-70.59807924484873,-33.39673054509391]]]}},{"type":"Feature","properties":{"comuna":"Vitacura","zona":"U POC","zona_code":"U POC","nombre":"U POC","decreto":""},"geometry":{"type":"Polygon","coordinates":[[[-70.59807924484873,-33.39673054509391],[-70.59776378729269,-33.396781018672606],[-70.59746552547173,-33.39466717326768],[-70.59772443562554,-33.394631029446934],[-70.597868700779,-33.39491497132833],[-70.59768059361085,-33.394955511049055],[-70.59803900224132,-33.39608132222434],[-70.59807924484873,-33.39673054509391]]]}},{"type":"Feature","properties":{"comuna":"Vitacura","zona":"U POC","zona_code":"U POC","nombre":"U POC","decreto":""},"geometry":{"type":"Polygon","coordinates":[[[-70.59682884267797,-33.39472213799959],[-70.59715573074426,-33.39470128592871],[-70.59731983369007,-33.39597575116775],[-70.59702323245983,-33.39600214890211],[-70.59682884267797,-33.39472213799959]]]}},{"type":"Feature","properties":{"comuna":"Vitacura","zona":"U-V","zona_code":"U-V","nombre":"U-V","decreto":""},"geometry":{"type":"Polygon","coordinates":[[[-70.59702323245983,-33.39600214890211],[-70.59677452221767,-33.39602154542663],[-70.5964669996757,-33.39476085536828],[-70.59682884267797,-33.39472213799959],[-70.59702323245983,-33.39600214890211]]]}},{"type":"Feature","properties":{"comuna":"Vitacura","zona":"U-V","zona_code":"U-V","nombre":"U-V","decreto":""},"geometry":{"type":"Polygon","coordinates":[[[-70.5956949112817,-33.39492886908765],[-70.59633623031723,-33.39480429596853],[-70.59665064340051,-33.39605296633551],[-70.59613664066809,-33.39614011192807],[-70.5956949112817,-33.39492886908765]]]}},{"type":"Feature","properties":{"comuna":"Vitacura","zona":"U AVPC","zona_code":"U AVPC","nombre":"U AVPC","decreto":""},"geometry":{"type":"Polygon","coordinates":[[[-70.59507376751495,-33.39636732591998],[-70.59468540017829,-33.39514168703988],[-70.5955779248129,-33.39494826980153],[-70.59601276142784,-33.39617153221109],[-70.59507376751495,-33.39636732591998]]]}},{"type":"Feature","properties":{"comuna":"Vitacura","zona":"U-V","zona_code":"U-V","nombre":"U-V","decreto":""},"geometry":{"type":"Polygon","coordinates":[[[-70.59253142398138,-33.39687533357915],[-70.59227592050397,-33.39613185726993],[-70.59279212846344,-33.395892583829486],[-70.59341567747133,-33.395222426613934],[-70.59425434306297,-33.394649719504834],[-70.59468565612123,-33.395603399630986],[-70.59466306783115,-33.39576833288215],[-70.59391373878307,-33.39609293114704],[-70.59294883934572,-33.39676389472977],[-70.59253142398138,-33.39687533357915]]]}},{"type":"Feature","properties":{"comuna":"Vitacura","zona":"U-V","zona_code":"U-V","nombre":"U-V","decreto":""},"geometry":{"type":"Polygon","coordinates":[[[-70.59122696916468,-33.39680205294025],[-70.59040671836848,-33.39645633213643],[-70.5908370930624,-33.39580677633236],[-70.59062131969164,-33.39572367488809],[-70.59077096080102,-33.39550599592034],[-70.59069475581552,-33.395474308262045],[-70.59103945901762,-33.39507649920592],[-70.59059895705249,-33.39474078022138],[-70.59149626344622,-33.39539440527191],[-70.59196961201609,-33.396002760998385],[-70.59221067193695,-33.39650055420316],[-70.59160775527658,-33.39663376369158],[-70.591350325036,-33.39655653327489],[-70.59122696916468,-33.39680205294025]]]}},{"type":"Feature","properties":{"comuna":"Vitacura","zona":"U Ee1","zona_code":"U Ee1","nombre":"U Ee1","decreto":""},"geometry":{"type":"Polygon","coordinates":[[[-70.59122696916468,-33.39680205294025],[-70.591350325036,-33.39655653327489],[-70.59160775527658,-33.39663376369158],[-70.59221067193695,-33.39650055420316],[-70.59232774364634,-33.39694232771782],[-70.59178218353628,-33.39703418476406],[-70.59122696916468,-33.39680205294025]]]}},{"type":"Feature","properties":{"comuna":"Vitacura","zona":"U-V","zona_code":"U-V","nombre":"U-V","decreto":""},"geometry":{"type":"Polygon","coordinates":[[[-70.59221604996874,-33.39599824036374],[-70.59188334808262,-33.395491865060166],[-70.59245083340417,-33.395022866327594],[-70.59318330488195,-33.39408645195969],[-70.59365744837578,-33.39376420014973],[-70.59414807234651,-33.39453935493183],[-70.59362743997865,-33.39484729201258],[-70.5927934225495,-33.3957140250569],[-70.59246267992918,-33.39590617858131],[-70.59221604996874,-33.39599824036374]]]}},{"type":"Feature","properties":{"comuna":"Vitacura","zona":"U-V","zona_code":"U-V","nombre":"U-V","decreto":""},"geometry":{"type":"Polygon","coordinates":[[[-70.59198737709231,-33.39460587174718],[-70.59152543817885,-33.3942330010533],[-70.59189577795212,-33.3939119115333],[-70.59257351794146,-33.39457508533597],[-70.59242823413706,-33.39479766700523],[-70.59177139172206,-33.39539252425528],[-70.59113509138919,-33.39486138463331],[-70.59150843889577,-33.394335883046836],[-70.59191353818622,-33.39465155958839],[-70.59198737709231,-33.39460587174718]]]}},{"type":"Feature","properties":{"comuna":"Vitacura","zona":"U-V","zona_code":"U-V","nombre":"U-V","decreto":""},"geometry":{"type":"Polygon","coordinates":[[[-70.59308639580192,-33.39307358922819],[-70.59324935793508,-33.39326358184244],[-70.59295242941086,-33.39351555261685],[-70.5933020709366,-33.39334641911201],[-70.59356665911457,-33.39366037564088],[-70.59320603231748,-33.39385112562662],[-70.5926429877615,-33.39447545268947],[-70.5920164680116,-33.393868944024035],[-70.59308639580192,-33.39307358922819]]]}},{"type":"Feature","properties":{"comuna":"Vitacura","zona":"U-V","zona_code":"U-V","nombre":"U-V","decreto":""},"geometry":{"type":"Polygon","coordinates":[[[-70.59680496888771,-33.394586804714244],[-70.59647035450863,-33.39461114259154],[-70.59634720687103,-33.39429358258581],[-70.59636441529487,-33.394651280416994],[-70.59467627431381,-33.39503733138694],[-70.59441921882294,-33.394524178300436],[-70.59599333605196,-33.39368669020162],[-70.59669014109903,-33.393455966423105],[-70.5967230660953,-33.39384731258689],[-70.59653498321063,-33.39386762914207],[-70.59656668438569,-33.3942400533113],[-70.59675509531806,-33.39423762861581],[-70.59680496888771,-33.394586804714244]]]}},{"type":"Feature","properties":{"comuna":"Vitacura","zona":"U POC","zona_code":"U POC","nombre":"U POC","decreto":""},"geometry":{"type":"Polygon","coordinates":[[[-70.59669014109903,-33.393455966423105],[-70.59696378172362,-33.393399798663836],[-70.59712375328533,-33.39456395844816],[-70.59680496888771,-33.394586804714244],[-70.59675509531806,-33.39423762861581],[-70.59656668438569,-33.3942400533113],[-70.59653498321063,-33.39386762914207],[-70.5967230660953,-33.39384731258689],[-70.59669014109903,-33.393455966423105]]]}},{"type":"Feature","properties":{"comuna":"Vitacura","zona":"U-V","zona_code":"U-V","nombre":"U-V","decreto":""},"geometry":{"type":"Polygon","coordinates":[[[-70.59667973079428,-33.39331382947356],[-70.59614683364684,-33.393447295822625],[-70.59435794147666,-33.39440088676126],[-70.59384330339593,-33.39367376498559],[-70.59531022057155,-33.39280783606902],[-70.5965134390805,-33.392360850502996],[-70.59655366942559,-33.39255621195063],[-70.59637619939227,-33.392573408363376],[-70.59651388089097,-33.393102550101545],[-70.59665952138194,-33.39309471116512],[-70.59667973079428,-33.39331382947356]]]}},{"type":"Feature","properties":{"comuna":"Vitacura","zona":"U POC","zona_code":"U POC","nombre":"U POC","decreto":""},"geometry":{"type":"Polygon","coordinates":[[[-70.5965134390805,-33.392360850502996],[-70.59682948421631,-33.39227825728269],[-70.59691179894693,-33.39327937116883],[-70.59667973079428,-33.39331382947356],[-70.59665952138194,-33.39309471116512],[-70.59651388089097,-33.393102550101545],[-70.59637619939227,-33.392573408363376],[-70.59655366942559,-33.39255621195063],[-70.5965134390805,-33.392360850502996]]]}},{"type":"Feature","properties":{"comuna":"Vitacura","zona":"U-V","zona_code":"U-V","nombre":"U-V","decreto":""},"geometry":{"type":"Polygon","coordinates":[[[-70.59614034833437,-33.39154130323155],[-70.59633102688,-33.391930927664404],[-70.59645734300885,-33.391907934165744],[-70.596543635538,-33.39220829508334],[-70.59543292552192,-33.39259568178902],[-70.59375432984581,-33.39354720620064],[-70.59332721947433,-33.39304513698184],[-70.59614034833437,-33.39154130323155]]]}},{"type":"Feature","properties":{"comuna":"Vitacura","zona":"U POC","zona_code":"U POC","nombre":"U POC","decreto":""},"geometry":{"type":"Polygon","coordinates":[[[-70.59645734300885,-33.391907934165744],[-70.59675247115588,-33.39183900806343],[-70.59680441060067,-33.3921515185991],[-70.596543635538,-33.39220829508334],[-70.59645734300885,-33.391907934165744]]]}},{"type":"Feature","properties":{"comuna":"Vitacura","zona":"U POC","zona_code":"U POC","nombre":"U POC","decreto":""},"geometry":{"type":"Polygon","coordinates":[[[-70.59638513555868,-33.39177871303674],[-70.59603538078215,-33.391124044645935],[-70.59639447973044,-33.39092853465816],[-70.59671025489588,-33.391744982422104],[-70.59638513555868,-33.39177871303674]]]}},{"type":"Feature","properties":{"comuna":"Vitacura","zona":"U PVO","zona_code":"U PVO","nombre":"U PVO","decreto":""},"geometry":{"type":"Polygon","coordinates":[[[-70.5988295036902,-33.39433219333672],[-70.5991482652651,-33.39423006945285],[-70.60019256126064,-33.39647950179096],[-70.59982611367859,-33.3965815994578],[-70.59958645999559,-33.39596495188683],[-70.59974034535323,-33.39581604885852],[-70.59925200353436,-33.394818092603614],[-70.59906740608845,-33.394824685364064],[-70.5988295036902,-33.39433219333672]]]}},{"type":"Feature","properties":{"comuna":"Vitacura","zona":"U Ee4","zona_code":"U Ee4","nombre":"U Ee4","decreto":""},"geometry":{"type":"Polygon","coordinates":[[[-70.59726548949969,-33.39319117701321],[-70.59722008035179,-33.392739121007175],[-70.59756193985292,-33.392129836463695],[-70.59901885661179,-33.3910707169338],[-70.60046540299952,-33.392251333473375],[-70.6012332915725,-33.39332949855109],[-70.59921872452027,-33.393959922030724],[-70.59870563088907,-33.392771767231245],[-70.59726548949969,-33.39319117701321]]]}},{"type":"Feature","properties":{"comuna":"Vitacura","zona":"U Ee1","zona_code":"U Ee1","nombre":"U Ee1","decreto":""},"geometry":{"type":"Polygon","coordinates":[[[-70.59726548949969,-33.39319117701321],[-70.59870563088907,-33.392771767231245],[-70.59921872452027,-33.393959922030724],[-70.59742665801275,-33.394487007841626],[-70.59726548949969,-33.39319117701321]]]}},{"type":"Feature","properties":{"comuna":"Vitacura","zona":"U Ee2","zona_code":"U Ee2","nombre":"U Ee2","decreto":""},"geometry":{"type":"Polygon","coordinates":[[[-70.59708154870782,-33.392650907726],[-70.5970941606366,-33.39240735996818],[-70.5973611487742,-33.392074637997325],[-70.59894227822873,-33.39096381110987],[-70.5974797625413,-33.39202777437654],[-70.59708154870782,-33.392650907726]]]}},{"type":"Feature","properties":{"comuna":"Vitacura","zona":"U Ee2","zona_code":"U Ee2","nombre":"U Ee2","decreto":""},"geometry":{"type":"Polygon","coordinates":[[[-70.59704385523827,-33.39233193806312],[-70.59697597721726,-33.39170020135949],[-70.59731163201654,-33.391855751892635],[-70.59761264439746,-33.39182801447261],[-70.59704385523827,-33.39233193806312]]]}},{"type":"Feature","properties":{"comuna":"Vitacura","zona":"U Ee2","zona_code":"U Ee2","nombre":"U Ee2","decreto":""},"geometry":{"type":"Polygon","coordinates":[[[-70.59862581386516,-33.39107956040308],[-70.59868195176635,-33.39088317444148],[-70.59862985658556,-33.390684367325015],[-70.5988982573572,-33.390889931378446],[-70.59862581386516,-33.39107956040308]]]}},{"type":"Feature","properties":{"comuna":"Vitacura","zona":"U Ee2","zona_code":"U Ee2","nombre":"U Ee2","decreto":""},"geometry":{"type":"Polygon","coordinates":[[[-70.59706374355113,-33.39058904506655],[-70.59811456333276,-33.39034406066595],[-70.59855612954014,-33.39069151919556],[-70.59862100427267,-33.39097224640898],[-70.59839235227572,-33.39122334928231],[-70.59841590911068,-33.39064560293226],[-70.59801733863303,-33.390626876008156],[-70.59804661185179,-33.39051673672695],[-70.59724797276652,-33.390708366316645],[-70.59730913363224,-33.39078632147897],[-70.59692572573444,-33.39113008689411],[-70.59692120906696,-33.391349668661434],[-70.59742271550063,-33.39170829014102],[-70.59786207174965,-33.39162389112361],[-70.59750400155168,-33.391797916533896],[-70.59721353506373,-33.39178018144566],[-70.59690037788947,-33.39145492649131],[-70.5967685733043,-33.39109154551472],[-70.5967842045755,-33.39085750305675],[-70.59706374355113,-33.39058904506655]]]}},{"type":"Feature","properties":{"comuna":"Vitacura","zona":"U Ee2","zona_code":"U Ee2","nombre":"U Ee2","decreto":""},"geometry":{"type":"Polygon","coordinates":[[[-70.59714862582447,-33.39093752079043],[-70.59826474627351,-33.390623450302996],[-70.59837734199469,-33.39068308520135],[-70.59841873833889,-33.3909555249452],[-70.59833686337058,-33.39120664594119],[-70.59786721012128,-33.39156218046717],[-70.59750140323177,-33.3916869955062],[-70.5969548084424,-33.3912893439911],[-70.59714862582447,-33.39093752079043]]]}},{"type":"Feature","properties":{"comuna":"Vitacura","zona":"U AVPC","zona_code":"U AVPC","nombre":"U AVPC","decreto":""},"geometry":{"type":"Polygon","coordinates":[[[-70.60037292159178,-33.39032779701065],[-70.59986048182714,-33.38993429730829],[-70.60038834893693,-33.38981159864875],[-70.60066654711208,-33.389858715155576],[-70.60077242297592,-33.39000946462565],[-70.60075120280139,-33.39020957651311],[-70.60037292159178,-33.39032779701065]]]}},{"type":"Feature","properties":{"comuna":"Vitacura","zona":"U AVPC","zona_code":"U AVPC","nombre":"U AVPC","decreto":""},"geometry":{"type":"Polygon","coordinates":[[[-70.600378182896,-33.390379111559405],[-70.60078067913857,-33.39026586702898],[-70.60084045545769,-33.390035431092386],[-70.60070849368212,-33.389819399341],[-70.60048684251205,-33.38975365738794],[-70.60099024786909,-33.38967259680493],[-70.60074201180255,-33.390677972565676],[-70.600378182896,-33.390379111559405]]]}},{"type":"Feature","properties":{"comuna":"Vitacura","zona":"U AVPC","zona_code":"U AVPC","nombre":"U AVPC","decreto":""},"geometry":{"type":"Polygon","coordinates":[[[-70.60080353731313,-33.39073683197439],[-70.60091750849234,-33.39055341951769],[-70.60094747860617,-33.390442674503596],[-70.60095836816083,-33.39086564091601],[-70.60080353731313,-33.39073683197439]]]}},{"type":"Feature","properties":{"comuna":"Vitacura","zona":"U AVPC","zona_code":"U AVPC","nombre":"U AVPC","decreto":""},"geometry":{"type":"Polygon","coordinates":[[[-70.60104198254156,-33.389585431843955],[-70.60101791974819,-33.389630481786],[-70.60078347268355,-33.38964245480806],[-70.60104198254156,-33.389585431843955]]]}},{"type":"Feature","properties":{"comuna":"Vitacura","zona":"U AVPC","zona_code":"U AVPC","nombre":"U AVPC","decreto":""},"geometry":{"type":"Polygon","coordinates":[[[-70.6010756928392,-33.389620520384426],[-70.6011920081703,-33.38954170906139],[-70.60141039717516,-33.38949219235344],[-70.60119846508616,-33.38961464061234],[-70.6010756928392,-33.389620520384426]]]}},{"type":"Feature","properties":{"comuna":"Vitacura","zona":"U AVPC","zona_code":"U AVPC","nombre":"U AVPC","decreto":""},"geometry":{"type":"Polygon","coordinates":[[[-70.6012852992647,-33.38959840333245],[-70.60142560911646,-33.38953010422369],[-70.60151575165895,-33.38951319189348],[-70.60142644918803,-33.38957590691805],[-70.6012852992647,-33.38959840333245]]]}},{"type":"Feature","properties":{"comuna":"Vitacura","zona":"U AVPC","zona_code":"U AVPC","nombre":"U AVPC","decreto":""},"geometry":{"type":"Polygon","coordinates":[[[-70.60098757010526,-33.389840703917464],[-70.6010424336703,-33.38966819431496],[-70.60112947997237,-33.38966850319393],[-70.60106403745446,-33.38972947793968],[-70.60098757010526,-33.389840703917464]]]}},{"type":"Feature","properties":{"comuna":"Vitacura","zona":"U AVPC","zona_code":"U AVPC","nombre":"U AVPC","decreto":""},"geometry":{"type":"Polygon","coordinates":[[[-70.60096830062973,-33.390185986212316],[-70.6010738554172,-33.389799503681864],[-70.60131016027582,-33.38965614933899],[-70.60110614306738,-33.38988498742366],[-70.60096830062973,-33.390185986212316]]]}},{"type":"Feature","properties":{"comuna":"Vitacura","zona":"U AVPC","zona_code":"U AVPC","nombre":"U AVPC","decreto":""},"geometry":{"type":"Polygon","coordinates":[[[-70.60193507394781,-33.39183833175442],[-70.60101069349612,-33.39091559420242],[-70.6009851265685,-33.39035900198728],[-70.60103715609313,-33.39012496747479],[-70.6011493920187,-33.389910077689045],[-70.6010514018425,-33.390185176353235],[-70.60107950626869,-33.39084911173401],[-70.60193507394781,-33.39183833175442]]]}},{"type":"Feature","properties":{"comuna":"Vitacura","zona":"U AVPC","zona_code":"U AVPC","nombre":"U AVPC","decreto":""},"geometry":{"type":"Polygon","coordinates":[[[-70.6013678449885,-33.39111702696906],[-70.60109231831235,-33.390734984343275],[-70.60119634386359,-33.38995494172243],[-70.60114166975701,-33.39069616984772],[-70.6013678449885,-33.39111702696906]]]}},{"type":"Feature","properties":{"comuna":"Vitacura","zona":"U Ee3","zona_code":"U Ee3","nombre":"U Ee3","decreto":""},"geometry":{"type":"Polygon","coordinates":[[[-70.59649672594504,-33.39072142505069],[-70.5967941272876,-33.39065197995541],[-70.59668080156575,-33.39087117276353],[-70.59673958936568,-33.391238585965446],[-70.59656677538678,-33.39085772631986],[-70.59644099537785,-33.390784778667324],[-70.59547554052925,-33.39126547418959],[-70.59649672594504,-33.39072142505069]]]}},{"type":"Feature","properties":{"comuna":"Vitacura","zona":"U Ee3","zona_code":"U Ee3","nombre":"U Ee3","decreto":""},"geometry":{"type":"Polygon","coordinates":[[[-70.59561394290654,-33.39082285774031],[-70.59625631708181,-33.3904853091127],[-70.59627635975902,-33.3903490624936],[-70.59661743722637,-33.39047827642797],[-70.59561394290654,-33.39082285774031]]]}},{"type":"Feature","properties":{"comuna":"Vitacura","zona":"U Ee3","zona_code":"U Ee3","nombre":"U Ee3","decreto":""},"geometry":{"type":"Polygon","coordinates":[[[-70.5929052561813,-33.392556140835275],[-70.59275479560024,-33.39229197121711],[-70.59341721742497,-33.39192955484248],[-70.59484166393723,-33.3912121811178],[-70.59676231991632,-33.39053105638425],[-70.5929052561813,-33.392556140835275]]]}},{"type":"Feature","properties":{"comuna":"Vitacura","zona":"U Ee3","zona_code":"U Ee3","nombre":"U Ee3","decreto":""},"geometry":{"type":"Polygon","coordinates":[[[-70.59055915520197,-33.39454827004492],[-70.59030040845848,-33.39433588150987],[-70.59126501980569,-33.39341535177647],[-70.59245693991478,-33.39248187709283],[-70.59262407577367,-33.392443939477836],[-70.59277906734542,-33.39267579037897],[-70.59055915520197,-33.39454827004492]]]}},{"type":"Feature","properties":{"comuna":"Vitacura","zona":"U Ee2","zona_code":"U Ee2","nombre":"U Ee2","decreto":""},"geometry":{"type":"Polygon","coordinates":[[[-70.5966534037014,-33.39040001439883],[-70.5962560991913,-33.39025599331795],[-70.59580025493828,-33.38963251542456],[-70.59581229363603,-33.389513054074314],[-70.59640478845114,-33.38944279667901],[-70.59681499928952,-33.38951506664408],[-70.59782872775938,-33.390119427162674],[-70.5966534037014,-33.39040001439883]]]}},{"type":"Feature","properties":{"comuna":"Vitacura","zona":"U Ee2","zona_code":"U Ee2","nombre":"U Ee2","decreto":""},"geometry":{"type":"Polygon","coordinates":[[[-70.59562642583377,-33.38942059590414],[-70.59506340042316,-33.38876842773204],[-70.5969779307053,-33.389418718172706],[-70.59795661640167,-33.39009499603889],[-70.59691104483278,-33.38947863525754],[-70.59653605312006,-33.38938801628416],[-70.59562642583377,-33.38942059590414]]]}},{"type":"Feature","properties":{"comuna":"Vitacura","zona":"U Ee2","zona_code":"U Ee2","nombre":"U Ee2","decreto":""},"geometry":{"type":"Polygon","coordinates":[[[-70.59728939364133,-33.38945736071421],[-70.59526970955162,-33.38867206044361],[-70.59244176915705,-33.38633955513532],[-70.59283580962366,-33.38595510200206],[-70.59349607181942,-33.386365390960215],[-70.59728939364133,-33.38945736071421]]]}},{"type":"Feature","properties":{"comuna":"Vitacura","zona":"U Ee2","zona_code":"U Ee2","nombre":"U Ee2","decreto":""},"geometry":{"type":"Polygon","coordinates":[[[-70.59877181512493,-33.38978218638756],[-70.59508650549353,-33.38699171630992],[-70.59397596994036,-33.3859996767162],[-70.59324230279374,-33.38554141774617],[-70.59347117238266,-33.38530225184982],[-70.59902875109263,-33.3897123844273],[-70.59877181512493,-33.38978218638756]]]}},{"type":"Feature","properties":{"comuna":"Vitacura","zona":"U-V","zona_code":"U-V","nombre":"U-V","decreto":""},"geometry":{"type":"Polygon","coordinates":[[[-70.58575799329947,-33.40285029938694],[-70.58600086269745,-33.401969099650806],[-70.58631623943621,-33.402019928122826],[-70.58605184223521,-33.40290358972551],[-70.58575799329947,-33.40285029938694]]]}},{"type":"Feature","properties":{"comuna":"Vitacura","zona":"U-V","zona_code":"U-V","nombre":"U-V","decreto":""},"geometry":{"type":"Polygon","coordinates":[[[-70.58510067330204,-33.40292896263528],[-70.58539829278716,-33.401842223521896],[-70.5858721645344,-33.40193161220834],[-70.58552945683908,-33.402954869880034],[-70.58591877253428,-33.402994238779144],[-70.58583714489974,-33.40329215340673],[-70.58510067330204,-33.40292896263528]]]}},{"type":"Feature","properties":{"comuna":"Vitacura","zona":"U POC","zona_code":"U POC","nombre":"U POC","decreto":""},"geometry":{"type":"Polygon","coordinates":[[[-70.58591877253428,-33.402994238779144],[-70.58632708055794,-33.40307389778054],[-70.58623274701858,-33.40345746523812],[-70.58593368415193,-33.403594912184964],[-70.5850380867364,-33.403155379825485],[-70.58510067330204,-33.40292896263528],[-70.58583714489974,-33.40329215340673],[-70.58591877253428,-33.402994238779144]]]}},{"type":"Feature","properties":{"comuna":"Vitacura","zona":"U POC","zona_code":"U POC","nombre":"U POC","decreto":""},"geometry":{"type":"Polygon","coordinates":[[[-70.58346110121806,-33.40250876889937],[-70.58362003954706,-33.4022224007959],[-70.5849758541328,-33.40279613335202],[-70.5848985190251,-33.403080847323054],[-70.58346110121806,-33.40250876889937]]]}},{"type":"Feature","properties":{"comuna":"Vitacura","zona":"U-V","zona_code":"U-V","nombre":"U-V","decreto":""},"geometry":{"type":"Polygon","coordinates":[[[-70.58271541459621,-33.40195274100079],[-70.58290561000548,-33.40162689181523],[-70.58318679565294,-33.401745732432545],[-70.58298821966255,-33.40206428844851],[-70.58271541459621,-33.40195274100079]]]}},{"type":"Feature","properties":{"comuna":"Vitacura","zona":"U POC","zona_code":"U POC","nombre":"U POC","decreto":""},"geometry":{"type":"Polygon","coordinates":[[[-70.58271541459621,-33.40195274100079],[-70.58298821966255,-33.40206428844851],[-70.583124197648,-33.401846153355756],[-70.58368138290668,-33.4021118733676],[-70.58346110121806,-33.40250876889937],[-70.58259865580371,-33.40215277308782],[-70.58271541459621,-33.40195274100079]]]}},{"type":"Feature","properties":{"comuna":"Vitacura","zona":"U-V","zona_code":"U-V","nombre":"U-V","decreto":""},"geometry":{"type":"Polygon","coordinates":[[[-70.58362003954706,-33.4022224007959],[-70.58379017011626,-33.40200074291503],[-70.58506518000404,-33.402467271543706],[-70.5849758541328,-33.40279613335202],[-70.58362003954706,-33.4022224007959]]]}},{"type":"Feature","properties":{"comuna":"Vitacura","zona":"U-V","zona_code":"U-V","nombre":"U-V","decreto":""},"geometry":{"type":"Polygon","coordinates":[[[-70.58508512260534,-33.40233178275844],[-70.5846061175519,-33.40219473476397],[-70.58298933336893,-33.40147865808038],[-70.58333199635459,-33.40096126730462],[-70.5843740525475,-33.40155642651986],[-70.58522852046073,-33.40180798478177],[-70.58508512260534,-33.40233178275844]]]}},{"type":"Feature","properties":{"comuna":"Vitacura","zona":"U-V","zona_code":"U-V","nombre":"U-V","decreto":""},"geometry":{"type":"Polygon","coordinates":[[[-70.58610976365131,-33.4015891788736],[-70.58646110952786,-33.40033728496401],[-70.58679139681331,-33.40039716012843],[-70.5864936975128,-33.40165387187595],[-70.58610976365131,-33.4015891788736]]]}},{"type":"Feature","properties":{"comuna":"Vitacura","zona":"U-V","zona_code":"U-V","nombre":"U-V","decreto":""},"geometry":{"type":"Polygon","coordinates":[[[-70.58545404916674,-33.401668496995434],[-70.58584373316795,-33.40021692475911],[-70.58631469788867,-33.400303366683254],[-70.58592429233101,-33.40175777314959],[-70.58545404916674,-33.401668496995434]]]}},{"type":"Feature","properties":{"comuna":"Vitacura","zona":"U-V","zona_code":"U-V","nombre":"U-V","decreto":""},"geometry":{"type":"Polygon","coordinates":[[[-70.58469315540486,-33.40147838065982],[-70.58516936697694,-33.400091323967246],[-70.58566898816524,-33.400189331777234],[-70.58529751156006,-33.40163044485495],[-70.58469315540486,-33.40147838065982]]]}},{"type":"Feature","properties":{"comuna":"Vitacura","zona":"U-V","zona_code":"U-V","nombre":"U-V","decreto":""},"geometry":{"type":"Polygon","coordinates":[[[-70.58458142742806,-33.4013962935953],[-70.58396144687197,-33.40113278894202],[-70.58463031536964,-33.39997592161616],[-70.58503733804751,-33.400066166663265],[-70.58458142742806,-33.4013962935953]]]}},{"type":"Feature","properties":{"comuna":"Vitacura","zona":"U-V","zona_code":"U-V","nombre":"U-V","decreto":""},"geometry":{"type":"Polygon","coordinates":[[[-70.58384847161543,-33.40106331676465],[-70.5834089301023,-33.400777268988996],[-70.58400948197796,-33.39977458649705],[-70.58449901249963,-33.39994371557546],[-70.58384847161543,-33.40106331676465]]]}},{"type":"Feature","properties":{"comuna":"Vitacura","zona":"U POCsz","zona_code":"U POCsz","nombre":"U POCsz","decreto":""},"geometry":{"type":"Polygon","coordinates":[[[-70.5858975783662,-33.39923672984768],[-70.58488133281912,-33.398297650147626],[-70.58505420709814,-33.397948259075086],[-70.58751456515783,-33.39879012487261],[-70.5874009290398,-33.39921742714219],[-70.58641806145539,-33.399033219237566],[-70.58626554741424,-33.39968640438546],[-70.58602519031753,-33.39962038548723],[-70.58610652746552,-33.39926627062009],[-70.5858975783662,-33.39923672984768]]]}},{"type":"Feature","properties":{"comuna":"Vitacura","zona":"U-V","zona_code":"U-V","nombre":"U-V","decreto":""},"geometry":{"type":"MultiPolygon","coordinates":[[[[-70.5853355622459,-33.39910790430274],[-70.58557497070352,-33.39887736751144],[-70.5858975783662,-33.39923672984768],[-70.58573293473263,-33.40007636668361],[-70.58498781939682,-33.39993198195942],[-70.5853355622459,-33.39910790430274]]],[[[-70.58470715782941,-33.39857547291146],[-70.58488133281912,-33.398297650147626],[-70.58521592075691,-33.398583086968856],[-70.58496238406372,-33.39877181377294],[-70.58470715782941,-33.39857547291146]]]]}},{"type":"Feature","properties":{"comuna":"Vitacura","zona":"U POC","zona_code":"U POC","nombre":"U POC","decreto":""},"geometry":{"type":"Polygon","coordinates":[[[-70.58626554741424,-33.39968640438546],[-70.58641806145539,-33.399033219237566],[-70.5874009290398,-33.39921742714219],[-70.58708520533946,-33.400345771843746],[-70.58664914530051,-33.40024846385973],[-70.5866685337543,-33.40013138310467],[-70.58638153401292,-33.39993971343628],[-70.58596566458539,-33.39983494810487],[-70.58602519031753,-33.39962038548723],[-70.58626554741424,-33.39968640438546]]]}},{"type":"Feature","properties":{"comuna":"Vitacura","zona":"U-V","zona_code":"U-V","nombre":"U-V","decreto":""},"geometry":{"type":"Polygon","coordinates":[[[-70.58477335973771,-33.39988118384242],[-70.5840757178876,-33.39964849823029],[-70.58460724197884,-33.39876182447139],[-70.58509685760302,-33.399092610944194],[-70.58477335973771,-33.39988118384242]]]}},{"type":"Feature","properties":{"comuna":"Vitacura","zona":"U-V","zona_code":"U-V","nombre":"U-V","decreto":""},"geometry":{"type":"Polygon","coordinates":[[[-70.5832989698621,-33.40064943382358],[-70.58274656328267,-33.39983684718503],[-70.5817885058131,-33.3992441811495],[-70.58204522567797,-33.39881140474845],[-70.58384064028827,-33.3996940323667],[-70.5832989698621,-33.40064943382358]]]}},{"type":"Feature","properties":{"comuna":"Vitacura","zona":"U-V","zona_code":"U-V","nombre":"U-V","decreto":""},"geometry":{"type":"Polygon","coordinates":[[[-70.581324632414,-33.4000196224146],[-70.58170648852402,-33.3994277662739],[-70.58252155752366,-33.399900563168686],[-70.5831433195479,-33.40078361688565],[-70.58186296742757,-33.40029193750592],[-70.58206056174114,-33.40012835313548],[-70.58176864234174,-33.40003185817814],[-70.58184272465303,-33.400116814163496],[-70.5817898587966,-33.40026065675357],[-70.581324632414,-33.4000196224146]]]}},{"type":"Feature","properties":{"comuna":"Vitacura","zona":"U POC","zona_code":"U POC","nombre":"U POC","decreto":""},"geometry":{"type":"Polygon","coordinates":[[[-70.58261843155424,-33.40181072595915],[-70.5824570944093,-33.402090182855055],[-70.58057127743308,-33.40131672064317],[-70.58058271614271,-33.40124141167492],[-70.58071861278363,-33.401019881104226],[-70.58261843155424,-33.40181072595915]]]}},{"type":"Feature","properties":{"comuna":"Vitacura","zona":"U-V","zona_code":"U-V","nombre":"U-V","decreto":""},"geometry":{"type":"Polygon","coordinates":[[[-70.58071861278363,-33.401019881104226],[-70.58088598709425,-33.40078656800311],[-70.5827564737028,-33.40157161691247],[-70.58261843155424,-33.40181072595915],[-70.58071861278363,-33.401019881104226]]]}},{"type":"Feature","properties":{"comuna":"Vitacura","zona":"U-V","zona_code":"U-V","nombre":"U-V","decreto":""},"geometry":{"type":"Polygon","coordinates":[[[-70.58281211190081,-33.401455178954045],[-70.58094058048941,-33.40065940770695],[-70.58122594000413,-33.40015826267836],[-70.58313074046045,-33.40095360525899],[-70.58281211190081,-33.401455178954045]]]}},{"type":"Feature","properties":{"comuna":"Vitacura","zona":"U POC","zona_code":"U POC","nombre":"U POC","decreto":""},"geometry":{"type":"Polygon","coordinates":[[[-70.58058000866266,-33.40098385716557],[-70.5803852138327,-33.401235678704616],[-70.57950710497323,-33.400873330185306],[-70.57968022261959,-33.40058511524811],[-70.58058000866266,-33.40098385716557]]]}},{"type":"Feature","properties":{"comuna":"Vitacura","zona":"U-V","zona_code":"U-V","nombre":"U-V","decreto":""},"geometry":{"type":"Polygon","coordinates":[[[-70.57968022261959,-33.40058511524811],[-70.57982123765834,-33.40035034631269],[-70.58065947247573,-33.4006886408565],[-70.58070397062455,-33.400789484364715],[-70.58058000866266,-33.40098385716557],[-70.57968022261959,-33.40058511524811]]]}},{"type":"Feature","properties":{"comuna":"Vitacura","zona":"U-V","zona_code":"U-V","nombre":"U-V","decreto":""},"geometry":{"type":"Polygon","coordinates":[[[-70.57992255633197,-33.40025062791553],[-70.58018335733773,-33.39972832233595],[-70.58109689419541,-33.400101447214226],[-70.58077962630617,-33.40060093062326],[-70.57992255633197,-33.40025062791553]]]}},{"type":"Feature","properties":{"comuna":"Vitacura","zona":"U-V","zona_code":"U-V","nombre":"U-V","decreto":""},"geometry":{"type":"Polygon","coordinates":[[[-70.58063968817835,-33.39890898662608],[-70.58107687259904,-33.3990943071635],[-70.58089686555738,-33.39936504026189],[-70.5809898400024,-33.3993936821209],[-70.58115244866985,-33.39914404921595],[-70.58155173384971,-33.3993179196692],[-70.58116185150188,-33.39997338005041],[-70.58073092546161,-33.39982350288411],[-70.58080687137023,-33.399697262801574],[-70.58073528190376,-33.39967133162835],[-70.5806557810417,-33.399797616061335],[-70.58025441660013,-33.399626752525464],[-70.58063968817835,-33.39890898662608]]]}},{"type":"Feature","properties":{"comuna":"Vitacura","zona":"U-V","zona_code":"U-V","nombre":"U-V","decreto":""},"geometry":{"type":"Polygon","coordinates":[[[-70.57810950717513,-33.39834528059512],[-70.57838550333571,-33.39779773114367],[-70.57944973121229,-33.39828587192539],[-70.57926726586471,-33.39857810965263],[-70.5790284902561,-33.398588307811906],[-70.57833013968619,-33.39985626592642],[-70.57793883402186,-33.39972277995339],[-70.57802356153533,-33.39949203686129],[-70.57752944552185,-33.39930444704046],[-70.57763582829016,-33.39909132501627],[-70.5777204945898,-33.399098973654745],[-70.57802027919384,-33.3983721623239],[-70.57810950717513,-33.39834528059512]]]}},{"type":"Feature","properties":{"comuna":"Vitacura","zona":"U POC","zona_code":"U POC","nombre":"U POC","decreto":""},"geometry":{"type":"Polygon","coordinates":[[[-70.5796601575496,-33.400296780794605],[-70.57939594589364,-33.40078179150491],[-70.57929025105574,-33.40079173074935],[-70.57823676659224,-33.400348790094775],[-70.57843671206442,-33.400000256590936],[-70.57861178304053,-33.39990303777315],[-70.5796601575496,-33.400296780794605]]]}},{"type":"Feature","properties":{"comuna":"Vitacura","zona":"U POC","zona_code":"U POC","nombre":"U POC","decreto":""},"geometry":{"type":"Polygon","coordinates":[[[-70.57833013968619,-33.39985626592642],[-70.57804359974119,-33.400285628304715],[-70.57612081723427,-33.39951519053862],[-70.57637744826042,-33.398885437579764],[-70.57729308028642,-33.399212007530586],[-70.57737845683769,-33.39901704807979],[-70.57763582829016,-33.39909132501627],[-70.57752944552185,-33.39930444704046],[-70.57802356153533,-33.39949203686129],[-70.57793883402186,-33.39972277995339],[-70.57833013968619,-33.39985626592642]]]}},{"type":"Feature","properties":{"comuna":"Vitacura","zona":"U-V","zona_code":"U-V","nombre":"U-V","decreto":""},"geometry":{"type":"Polygon","coordinates":[[[-70.57861178304053,-33.39990303777315],[-70.57959587356476,-33.398375876703646],[-70.58048332126943,-33.39884090642776],[-70.5796601575496,-33.400296780794605],[-70.57861178304053,-33.39990303777315]]]}},{"type":"Feature","properties":{"comuna":"Vitacura","zona":"U AVPC","zona_code":"U AVPC","nombre":"U AVPC","decreto":""},"geometry":{"type":"Polygon","coordinates":[[[-70.57892546132875,-33.398790053921374],[-70.57911065468808,-33.39888433480781],[-70.5793203513367,-33.398713443659844],[-70.5786817456354,-33.39978536954469],[-70.57860067386908,-33.399628319669496],[-70.57843101089266,-33.399645650161055],[-70.57892546132875,-33.398790053921374]]]}},{"type":"Feature","properties":{"comuna":"Vitacura","zona":"U AVPC","zona_code":"U AVPC","nombre":"U AVPC","decreto":""},"geometry":{"type":"Polygon","coordinates":[[[-70.57907399514859,-33.39882930014701],[-70.57910028544269,-33.3986786389567],[-70.5791824296353,-33.398690478910005],[-70.57918269078787,-33.39879928305262],[-70.57907399514859,-33.39882930014701]]]}},{"type":"Feature","properties":{"comuna":"Vitacura","zona":"U-V","zona_code":"U-V","nombre":"U-V","decreto":""},"geometry":{"type":"Polygon","coordinates":[[[-70.57783478887218,-33.39801948893962],[-70.57729308028642,-33.399212007530586],[-70.57637744826042,-33.398885437579764],[-70.57709732659445,-33.39711616863931],[-70.578251053376,-33.3976777485557],[-70.57810879193806,-33.39806969152904],[-70.57783478887218,-33.39801948893962]]]}},{"type":"Feature","properties":{"comuna":"Vitacura","zona":"U AVPC","zona_code":"U AVPC","nombre":"U AVPC","decreto":""},"geometry":{"type":"Polygon","coordinates":[[[-70.5777204945898,-33.399098973654745],[-70.57738574945793,-33.39899346772714],[-70.57776123336399,-33.39819938366693],[-70.57809580330353,-33.39829534664807],[-70.5777204945898,-33.399098973654745]]]}},{"type":"Feature","properties":{"comuna":"Vitacura","zona":"U-V","zona_code":"U-V","nombre":"U-V","decreto":""},"geometry":{"type":"Polygon","coordinates":[[[-70.58391664472133,-33.39960581501337],[-70.58341011968913,-33.39932296252958],[-70.58393437583565,-33.39842743710875],[-70.58448641015501,-33.39867093157722],[-70.58391664472133,-33.39960581501337]]]}},{"type":"Feature","properties":{"comuna":"Vitacura","zona":"U-V","zona_code":"U-V","nombre":"U-V","decreto":""},"geometry":{"type":"Polygon","coordinates":[[[-70.58276828668295,-33.399029903766525],[-70.58326481065485,-33.39817350870852],[-70.58378753432281,-33.39836965848177],[-70.5832662468277,-33.399286591251986],[-70.58276828668295,-33.399029903766525]]]}},{"type":"Feature","properties":{"comuna":"Vitacura","zona":"U-V","zona_code":"U-V","nombre":"U-V","decreto":""},"geometry":{"type":"Polygon","coordinates":[[[-70.58216211622283,-33.39874235248587],[-70.58213883933588,-33.39863527315581],[-70.58257041669226,-33.39792287663978],[-70.58311823934362,-33.398130639606464],[-70.58261035654516,-33.398966139001644],[-70.58216211622283,-33.39874235248587]]]}},{"type":"Feature","properties":{"comuna":"Vitacura","zona":"U POC","zona_code":"U POC","nombre":"U POC","decreto":""},"geometry":{"type":"Polygon","coordinates":[[[-70.5830947754918,-33.39764896237282],[-70.58325611843884,-33.39732519068054],[-70.58490183438663,-33.397892518448735],[-70.58475632363988,-33.398210568849564],[-70.58413413037708,-33.39791306087667],[-70.584076091819,-33.39800686134202],[-70.5830947754918,-33.39764896237282]]]}},{"type":"Feature","properties":{"comuna":"Vitacura","zona":"U-V","zona_code":"U-V","nombre":"U-V","decreto":""},"geometry":{"type":"Polygon","coordinates":[[[-70.58460905930714,-33.39846548541522],[-70.58266799952537,-33.39777428772961],[-70.58279586275671,-33.39753994302923],[-70.584076091819,-33.39800686134202],[-70.58413413037708,-33.39791306087667],[-70.58475632363988,-33.398210568849564],[-70.58460905930714,-33.39846548541522]]]}},{"type":"Feature","properties":{"comuna":"Vitacura","zona":"U-V","zona_code":"U-V","nombre":"U-V","decreto":""},"geometry":{"type":"Polygon","coordinates":[[[-70.58162180235504,-33.397910395836554],[-70.58132354185408,-33.397738221130105],[-70.5816856853056,-33.397113083923635],[-70.58214429017214,-33.3973089913759],[-70.58203775842615,-33.39751317091385],[-70.58252099219098,-33.397703876656415],[-70.58165125315578,-33.399159603915244],[-70.58120660993659,-33.398938743248465],[-70.58141763913822,-33.39861392572596],[-70.58112074771596,-33.398910011801696],[-70.58073317268268,-33.39871511121487],[-70.58129612796503,-33.39779524060155],[-70.58162180235504,-33.397910395836554]]]}},{"type":"Feature","properties":{"comuna":"Vitacura","zona":"U POCsz","zona_code":"U POCsz","nombre":"U POCsz","decreto":""},"geometry":{"type":"Polygon","coordinates":[[[-70.58203775842615,-33.39751317091385],[-70.58214429017214,-33.3973089913759],[-70.58185855067364,-33.39718692881626],[-70.58196560849991,-33.39704689446047],[-70.58178978624568,-33.396976469326],[-70.58191856718878,-33.3968227115532],[-70.58282103723965,-33.39717508590122],[-70.58252099219098,-33.397703876656415],[-70.58203775842615,-33.39751317091385]]]}},{"type":"Feature","properties":{"comuna":"Vitacura","zona":"U POC","zona_code":"U POC","nombre":"U POC","decreto":""},"geometry":{"type":"Polygon","coordinates":[[[-70.58760124609086,-33.398526000508795],[-70.58562614910443,-33.39785331657967],[-70.58590617947686,-33.39724237489086],[-70.58688417620486,-33.39710707616505],[-70.58754531426273,-33.39732768589548],[-70.58743927680955,-33.397597481608905],[-70.58794841920911,-33.397751326080844],[-70.58760124609086,-33.398526000508795]]]}},{"type":"Feature","properties":{"comuna":"Vitacura","zona":"U-V","zona_code":"U-V","nombre":"U-V","decreto":""},"geometry":{"type":"Polygon","coordinates":[[[-70.58590617947686,-33.39724237489086],[-70.58634286664117,-33.396201303090024],[-70.58781186965022,-33.39673370664873],[-70.58754531426273,-33.39732768589548],[-70.58688417620486,-33.39710707616505],[-70.58590617947686,-33.39724237489086]]]}},{"type":"Feature","properties":{"comuna":"Vitacura","zona":"U-V","zona_code":"U-V","nombre":"U-V","decreto":""},"geometry":{"type":"Polygon","coordinates":[[[-70.5883615008093,-33.3939139010226],[-70.58800326582622,-33.39368941856707],[-70.58842090962746,-33.39319229011681],[-70.58939008004236,-33.39392793006659],[-70.58921074666947,-33.39425057808009],[-70.58896656910396,-33.39418576069878],[-70.58851221151022,-33.39444070756861],[-70.5880008713633,-33.39527390972326],[-70.58858432827897,-33.39543630064207],[-70.5881412938583,-33.396313924653704],[-70.58763819476205,-33.39611653013957],[-70.58745489572998,-33.396404326025674],[-70.58706408383013,-33.39624552967983],[-70.58813903809666,-33.394585342738296],[-70.58815789209805,-33.39444909266113],[-70.58771044423847,-33.394011715137864],[-70.58794891553545,-33.39375095974676],[-70.5882902183374,-33.39398281794563],[-70.5883615008093,-33.3939139010226]]]}},{"type":"Feature","properties":{"comuna":"Vitacura","zona":"U-V","zona_code":"U-V","nombre":"U-V","decreto":""},"geometry":{"type":"Polygon","coordinates":[[[-70.58689258569929,-33.39620047764939],[-70.5864454076429,-33.396012919922505],[-70.58749353775792,-33.39428507788837],[-70.58797936285245,-33.394486454104204],[-70.58744236003594,-33.39545970953679],[-70.58689258569929,-33.39620047764939]]]}},{"type":"Feature","properties":{"comuna":"Vitacura","zona":"U-V","zona_code":"U-V","nombre":"U-V","decreto":""},"geometry":{"type":"Polygon","coordinates":[[[-70.58905438616345,-33.39351990745599],[-70.58964486316965,-33.39290745936431],[-70.59061251691234,-33.39364657758738],[-70.59005882007959,-33.39415986838032],[-70.58994299859859,-33.394048981286446],[-70.59018579342293,-33.393791746613644],[-70.59011255506165,-33.39375331443556],[-70.58986149062208,-33.394024972592504],[-70.58960660799063,-33.39385285711776],[-70.58983188470688,-33.3935707925715],[-70.58977577643873,-33.39353572099739],[-70.58952897656914,-33.39380732204863],[-70.58905438616345,-33.39351990745599]]]}},{"type":"Feature","properties":{"comuna":"Vitacura","zona":"U-V","zona_code":"U-V","nombre":"U-V","decreto":""},"geometry":{"type":"Polygon","coordinates":[[[-70.58978467536082,-33.39285282718543],[-70.59065556300322,-33.39217508780106],[-70.5912241161649,-33.39282072791773],[-70.59097362520772,-33.39304269839628],[-70.59049208375382,-33.39270541091861],[-70.59018682085679,-33.39299242663523],[-70.59069885535631,-33.3932861783762],[-70.59052641089701,-33.393438987860534],[-70.58978467536082,-33.39285282718543]]]}},{"type":"Feature","properties":{"comuna":"Vitacura","zona":"U-V","zona_code":"U-V","nombre":"U-V","decreto":""},"geometry":{"type":"Polygon","coordinates":[[[-70.59080355429928,-33.39210112956473],[-70.59176041418779,-33.391537065022014],[-70.59216741732627,-33.392018016270505],[-70.59183685110855,-33.39221911383716],[-70.59172102964419,-33.392107258886064],[-70.5915046193924,-33.39213389596544],[-70.59147490956795,-33.39225954841193],[-70.5916060363366,-33.39243086143871],[-70.59127940332026,-33.392652785657695],[-70.59080355429928,-33.39210112956473]]]}},{"type":"Feature","properties":{"comuna":"Vitacura","zona":"U AVPC","zona_code":"U AVPC","nombre":"U AVPC","decreto":""},"geometry":{"type":"Polygon","coordinates":[[[-70.59162956112311,-33.39235599260669],[-70.59154255968456,-33.39226464633527],[-70.59161164525884,-33.3921534016356],[-70.59175557882328,-33.392247000772706],[-70.59162956112311,-33.39235599260669]]]}},{"type":"Feature","properties":{"comuna":"Vitacura","zona":"U-V","zona_code":"U-V","nombre":"U-V","decreto":""},"geometry":{"type":"Polygon","coordinates":[[[-70.59221526497682,-33.39175612132755],[-70.59484562984873,-33.39030974857494],[-70.59518718680421,-33.39067751382339],[-70.59484576180598,-33.39086032700613],[-70.5946939933863,-33.39068109310496],[-70.5924396971748,-33.392007440665836],[-70.59221526497682,-33.39175612132755]]]}},{"type":"Feature","properties":{"comuna":"Vitacura","zona":"U-V","zona_code":"U-V","nombre":"U-V","decreto":""},"geometry":{"type":"Polygon","coordinates":[[[-70.59363687025503,-33.38868123693195],[-70.59420591239683,-33.38830025930555],[-70.59494348531449,-33.388970827575505],[-70.59558452987399,-33.38972853303292],[-70.59538639608216,-33.38985993242514],[-70.59561970157758,-33.389785347716064],[-70.59576341115577,-33.3899445631466],[-70.59547957201403,-33.390055588456065],[-70.59556717353867,-33.390179735069026],[-70.59579877926596,-33.3900121125809],[-70.5959632440929,-33.390210687762014],[-70.59527678250825,-33.39054204151437],[-70.59496254316429,-33.390169850822076],[-70.59511307380302,-33.390079628948484],[-70.59490050751879,-33.39012173232867],[-70.5947436755732,-33.389944788381364],[-70.59481016186803,-33.38984729599877],[-70.59471309602691,-33.38990581058185],[-70.59456066043805,-33.389735968705],[-70.59465582879942,-33.389573681973125],[-70.59450357266846,-33.38964722334318],[-70.59363687025503,-33.38868123693195]]]}},{"type":"Feature","properties":{"comuna":"Vitacura","zona":"U-V","zona_code":"U-V","nombre":"U-V","decreto":""},"geometry":{"type":"Polygon","coordinates":[[[-70.59421395862105,-33.39047022179581],[-70.59301529082134,-33.38908257286208],[-70.59351295756359,-33.38876479235241],[-70.59476360011895,-33.39019471869639],[-70.59421395862105,-33.39047022179581]]]}},{"type":"Feature","properties":{"comuna":"Vitacura","zona":"U-V","zona_code":"U-V","nombre":"U-V","decreto":""},"geometry":{"type":"Polygon","coordinates":[[[-70.59239840442059,-33.38947257067867],[-70.59290874181744,-33.38914747199745],[-70.5940942842708,-33.39051739443265],[-70.59353303481736,-33.390803064979934],[-70.59325302202222,-33.39047809085188],[-70.59332902187047,-33.39043416466322],[-70.59239840442059,-33.38947257067867]]]}},{"type":"Feature","properties":{"comuna":"Vitacura","zona":"U-V","zona_code":"U-V","nombre":"U-V","decreto":""},"geometry":{"type":"Polygon","coordinates":[[[-70.59272014401336,-33.39124627604264],[-70.59163332407495,-33.38996438537418],[-70.5921437966701,-33.389646445962],[-70.59241401239059,-33.389957947796134],[-70.5923640640158,-33.39002659408951],[-70.59290469723918,-33.3906603299062],[-70.59299375548504,-33.390630553022916],[-70.59322643429918,-33.39098906453125],[-70.59272014401336,-33.39124627604264]]]}},{"type":"Feature","properties":{"comuna":"Vitacura","zona":"U-V","zona_code":"U-V","nombre":"U-V","decreto":""},"geometry":{"type":"Polygon","coordinates":[[[-70.59212534002731,-33.39164482904359],[-70.59102141581968,-33.39038240955525],[-70.59152376940585,-33.39004787371336],[-70.59263518599789,-33.39133107112449],[-70.59212534002731,-33.39164482904359]]]}},{"type":"Feature","properties":{"comuna":"Vitacura","zona":"U-V","zona_code":"U-V","nombre":"U-V","decreto":""},"geometry":{"type":"Polygon","coordinates":[[[-70.58836798365489,-33.39278613364894],[-70.59126909153285,-33.390972485466946],[-70.59161083312021,-33.39136897214556],[-70.59005494403252,-33.39238751656175],[-70.58932816052298,-33.39301245002502],[-70.58920650202077,-33.39289231640692],[-70.58913909525715,-33.39293970857359],[-70.58924014077563,-33.393099478951775],[-70.58891573837921,-33.39339144800126],[-70.58836798365489,-33.39278613364894]]]}},{"type":"Feature","properties":{"comuna":"Vitacura","zona":"U-V","zona_code":"U-V","nombre":"U-V","decreto":""},"geometry":{"type":"Polygon","coordinates":[[[-70.58798832865597,-33.392228343359875],[-70.59078520622673,-33.390470921233494],[-70.5911849566214,-33.39086666543188],[-70.58847293710114,-33.392597955149576],[-70.58828391339308,-33.392674913285056],[-70.58798832865597,-33.392228343359875]]]}},{"type":"Feature","properties":{"comuna":"Vitacura","zona":"U-V","zona_code":"U-V","nombre":"U-V","decreto":""},"geometry":{"type":"Polygon","coordinates":[[[-70.58792646001338,-33.39211102168094],[-70.5876656662688,-33.391613271515226],[-70.58843894995567,-33.391198924392214],[-70.5887922259938,-33.391620325465304],[-70.58792646001338,-33.39211102168094]]]}},{"type":"Feature","properties":{"comuna":"Vitacura","zona":"U-V","zona_code":"U-V","nombre":"U-V","decreto":""},"geometry":{"type":"Polygon","coordinates":[[[-70.5884908883839,-33.39116127485558],[-70.59031639140022,-33.389953175748055],[-70.59073287522973,-33.39033081085879],[-70.5888834245129,-33.39157155652634],[-70.5884908883839,-33.39116127485558]]]}},{"type":"Feature","properties":{"comuna":"Vitacura","zona":"U-V","zona_code":"U-V","nombre":"U-V","decreto":""},"geometry":{"type":"Polygon","coordinates":[[[-70.59355091906761,-33.38851221000016],[-70.59250739311246,-33.387441111608915],[-70.59275823737953,-33.38715871466794],[-70.5940092753738,-33.3881448242273],[-70.59355091906761,-33.38851221000016]]]}},{"type":"Feature","properties":{"comuna":"Vitacura","zona":"U-V","zona_code":"U-V","nombre":"U-V","decreto":""},"geometry":{"type":"Polygon","coordinates":[[[-70.59288891791344,-33.38894305596857],[-70.59196483107675,-33.38787041876352],[-70.59236379872627,-33.3875216962007],[-70.59336843333345,-33.38861727523308],[-70.59288891791344,-33.38894305596857]]]}},{"type":"Feature","properties":{"comuna":"Vitacura","zona":"U-V","zona_code":"U-V","nombre":"U-V","decreto":""},"geometry":{"type":"Polygon","coordinates":[[[-70.59128330553924,-33.3882836105726],[-70.59185316263678,-33.38794701464762],[-70.59278538916038,-33.38899807260987],[-70.5922244883627,-33.38937138103871],[-70.59193264887341,-33.389030491836884],[-70.59208812929575,-33.38889964519748],[-70.59175761172611,-33.388556704098676],[-70.59160128342323,-33.38864103060913],[-70.59128330553924,-33.3882836105726]]]}},{"type":"Feature","properties":{"comuna":"Vitacura","zona":"U-V","zona_code":"U-V","nombre":"U-V","decreto":""},"geometry":{"type":"Polygon","coordinates":[[[-70.5905837768291,-33.388762886609776],[-70.59113605567177,-33.3883978857203],[-70.59142752705915,-33.38870553789706],[-70.59127198071188,-33.38883280425078],[-70.59154290822755,-33.38918366984769],[-70.59178087288228,-33.38913050905725],[-70.59203933176599,-33.38949942873143],[-70.59149466888181,-33.38981422775213],[-70.5905837768291,-33.388762886609776]]]}},{"type":"Feature","properties":{"comuna":"Vitacura","zona":"U AVPC","zona_code":"U AVPC","nombre":"U AVPC","decreto":""},"geometry":{"type":"Polygon","coordinates":[[[-70.59164589917657,-33.389070195544775],[-70.59145960479253,-33.38882681847131],[-70.59176031233623,-33.38870484768382],[-70.59191378565502,-33.388931947771844],[-70.59164589917657,-33.389070195544775]]]}},{"type":"Feature","properties":{"comuna":"Vitacura","zona":"U-V","zona_code":"U-V","nombre":"U-V","decreto":""},"geometry":{"type":"Polygon","coordinates":[[[-70.58998486769566,-33.38917079623059],[-70.5904763360709,-33.388824473624304],[-70.59139906977751,-33.38990131479769],[-70.59087150723825,-33.39021827718756],[-70.58998486769566,-33.38917079623059]]]}},{"type":"Feature","properties":{"comuna":"Vitacura","zona":"U-V","zona_code":"U-V","nombre":"U-V","decreto":""},"geometry":{"type":"Polygon","coordinates":[[[-70.58987834181279,-33.38904840038388],[-70.58949689970437,-33.38860290498267],[-70.59147832559839,-33.38729197759367],[-70.5921245181792,-33.386657328807075],[-70.59265126915369,-33.38707708927752],[-70.59191325515528,-33.38774572878569],[-70.58987834181279,-33.38904840038388]]]}},{"type":"Feature","properties":{"comuna":"Vitacura","zona":"U-V","zona_code":"U-V","nombre":"U-V","decreto":""},"geometry":{"type":"Polygon","coordinates":[[[-70.58755679988948,-33.39153462232683],[-70.58728176880916,-33.391062084983965],[-70.58803905512504,-33.390667630462865],[-70.58989721920638,-33.3894179593539],[-70.59028124493315,-33.38980973263481],[-70.58823684237964,-33.39118110024969],[-70.58755679988948,-33.39153462232683]]]}},{"type":"Feature","properties":{"comuna":"Vitacura","zona":"U-V","zona_code":"U-V","nombre":"U-V","decreto":""},"geometry":{"type":"Polygon","coordinates":[[[-70.58875640892306,-33.38908729863866],[-70.58933409672959,-33.38871124293359],[-70.58954308165656,-33.388941213511046],[-70.5893031307757,-33.38911966783208],[-70.58957407552728,-33.38900309505262],[-70.58987026462839,-33.38933574459147],[-70.58775688557503,-33.39071478894128],[-70.58720396035672,-33.39096763464805],[-70.586839826181,-33.39035632578889],[-70.58705744218842,-33.39021501385235],[-70.58741507577707,-33.390407295081644],[-70.58716323978045,-33.39016713083012],[-70.58746226676266,-33.38995213327059],[-70.58773227197118,-33.390252910001614],[-70.58780407364193,-33.390212620293724],[-70.58751287073214,-33.38991927287013],[-70.58805250349462,-33.3895616060759],[-70.58828766673813,-33.389823456655094],[-70.5884986084129,-33.38969190445667],[-70.58864595513863,-33.389582642673076],[-70.58840225857251,-33.38932090201216],[-70.5887018666022,-33.38913810614506],[-70.58900612899328,-33.389445600305436],[-70.58875640892306,-33.38908729863866]]]}},{"type":"Feature","properties":{"comuna":"Vitacura","zona":"U-V","zona_code":"U-V","nombre":"U-V","decreto":""},"geometry":{"type":"Polygon","coordinates":[[[-70.58809903523503,-33.389539534911556],[-70.58835191672668,-33.38936807527662],[-70.58847363516695,-33.38949178945011],[-70.58820576569907,-33.38965519291992],[-70.58809903523503,-33.389539534911556]]]}},{"type":"Feature","properties":{"comuna":"Vitacura","zona":"U-V","zona_code":"U-V","nombre":"U-V","decreto":""},"geometry":{"type":"Polygon","coordinates":[[[-70.58783176651987,-33.39349745210504],[-70.58744222799771,-33.39299836681376],[-70.58801958798726,-33.39268078129956],[-70.58829233319572,-33.39301433139858],[-70.58783176651987,-33.39349745210504]]]}},{"type":"Feature","properties":{"comuna":"Vitacura","zona":"U-V","zona_code":"U-V","nombre":"U-V","decreto":""},"geometry":{"type":"Polygon","coordinates":[[[-70.5876762452342,-33.393760270707475],[-70.58750884811406,-33.39397489416927],[-70.5872018894301,-33.3938604491012],[-70.58697497088956,-33.393896160881134],[-70.58668524314459,-33.393410709358186],[-70.5866849826565,-33.393005070764694],[-70.58629336119942,-33.39258653933539],[-70.58601908726101,-33.39197263365471],[-70.58583179735214,-33.39184080803835],[-70.58555069476911,-33.39182948771726],[-70.58513110695469,-33.392030809712175],[-70.5848710221323,-33.392041291064515],[-70.58472830148423,-33.39193573781743],[-70.584462675744,-33.391405829337636],[-70.58572189331065,-33.39088660643725],[-70.58727860454738,-33.3934365257638],[-70.5876762452342,-33.393760270707475]]]}},{"type":"Feature","properties":{"comuna":"Vitacura","zona":"U-V","zona_code":"U-V","nombre":"U-V","decreto":""},"geometry":{"type":"Polygon","coordinates":[[[-70.58572189331065,-33.39088660643725],[-70.5859407112837,-33.3907963777246],[-70.58699997895893,-33.392500849044005],[-70.58774556080539,-33.39220497396004],[-70.58796791255648,-33.39260657798324],[-70.58715130575669,-33.39298568417942],[-70.58729654047407,-33.39299456356003],[-70.58780973286856,-33.3935891232599],[-70.5876762452342,-33.393760270707475],[-70.58727860454738,-33.3934365257638],[-70.58572189331065,-33.39088660643725]]]}},{"type":"Feature","properties":{"comuna":"Vitacura","zona":"U-V","zona_code":"U-V","nombre":"U-V","decreto":""},"geometry":{"type":"Polygon","coordinates":[[[-70.58646385693092,-33.39141396125226],[-70.58704848309833,-33.391105235485476],[-70.58766374804135,-33.392090592152414],[-70.58705087598952,-33.39236425864851],[-70.58669824800333,-33.39178976265561],[-70.58691588415688,-33.391634863501864],[-70.58666172415242,-33.391736542082775],[-70.58646385693092,-33.39141396125226]]]}},{"type":"Feature","properties":{"comuna":"Vitacura","zona":"U-V","zona_code":"U-V","nombre":"U-V","decreto":""},"geometry":{"type":"Polygon","coordinates":[[[-70.58636866909556,-33.391263062553854],[-70.58604533542037,-33.39068855876755],[-70.58666325231198,-33.390450993132134],[-70.58698970883817,-33.39100159435292],[-70.58636866909556,-33.391263062553854]]]}},{"type":"Feature","properties":{"comuna":"Vitacura","zona":"U-V","zona_code":"U-V","nombre":"U-V","decreto":""},"geometry":{"type":"Polygon","coordinates":[[[-70.58554554830285,-33.393495610373385],[-70.58532858802059,-33.39290483264728],[-70.584960990102,-33.392438267960074],[-70.58496227200405,-33.39231297917305],[-70.58563469720268,-33.391943484958766],[-70.58590385601876,-33.39208023014417],[-70.58611213767641,-33.39258462113684],[-70.5865006914102,-33.3930300357496],[-70.58652888117146,-33.393211617678034],[-70.58581281602137,-33.3935279869253],[-70.58554554830285,-33.393495610373385]]]}},{"type":"Feature","properties":{"comuna":"Vitacura","zona":"U-V","zona_code":"U-V","nombre":"U-V","decreto":""},"geometry":{"type":"Polygon","coordinates":[[[-70.58668160207515,-33.39534951587574],[-70.58619771488627,-33.39498017763438],[-70.58586440052656,-33.394483351015054],[-70.58710120700196,-33.393980765042926],[-70.58744882749724,-33.39409085185317],[-70.58668160207515,-33.39534951587574]]]}},{"type":"Feature","properties":{"comuna":"Vitacura","zona":"U-V","zona_code":"U-V","nombre":"U-V","decreto":""},"geometry":{"type":"Polygon","coordinates":[[[-70.586286847677,-33.3959637939108],[-70.58556115945564,-33.39540708074763],[-70.58511879376323,-33.39477921543596],[-70.58573752819098,-33.39454581912193],[-70.58610096358395,-33.395056577777645],[-70.5866116961788,-33.39545449699681],[-70.586286847677,-33.3959637939108]]]}},{"type":"Feature","properties":{"comuna":"Vitacura","zona":"U-V","zona_code":"U-V","nombre":"U-V","decreto":""},"geometry":{"type":"Polygon","coordinates":[[[-70.58597315707175,-33.39664129079277],[-70.58473500825505,-33.395662095200734],[-70.58439801865602,-33.39519752448518],[-70.58497390309444,-33.39495394177301],[-70.58545925296355,-33.39559915447328],[-70.58619855635261,-33.3961301629531],[-70.58597315707175,-33.39664129079277]]]}},{"type":"Feature","properties":{"comuna":"Vitacura","zona":"U-V","zona_code":"U-V","nombre":"U-V","decreto":""},"geometry":{"type":"Polygon","coordinates":[[[-70.58577565449522,-33.39715874250927],[-70.58481004951433,-33.39661988444379],[-70.58406782784243,-33.39592784018355],[-70.58375617629947,-33.395448627417416],[-70.58428171692266,-33.395252220229345],[-70.58470131984389,-33.395801636649054],[-70.58593054764954,-33.396759471883634],[-70.58577565449522,-33.39715874250927]]]}},{"type":"Feature","properties":{"comuna":"Vitacura","zona":"U POC","zona_code":"U POC","nombre":"U POC","decreto":""},"geometry":{"type":"Polygon","coordinates":[[[-70.58410352573424,-33.39727175233915],[-70.58446204794369,-33.396978743830466],[-70.58471766802951,-33.39717226023629],[-70.58537613192378,-33.39712690815436],[-70.58570573142022,-33.39730280381662],[-70.58549233148288,-33.397805506619655],[-70.58410352573424,-33.39727175233915]]]}},{"type":"Feature","properties":{"comuna":"Vitacura","zona":"U-V","zona_code":"U-V","nombre":"U-V","decreto":""},"geometry":{"type":"Polygon","coordinates":[[[-70.58385579963799,-33.39647100661005],[-70.58419661868606,-33.39624443370921],[-70.58537613192378,-33.39712690815436],[-70.58471766802951,-33.39717226023629],[-70.58385579963799,-33.39647100661005]]]}},{"type":"Feature","properties":{"comuna":"Vitacura","zona":"U PVO","zona_code":"U PVO","nombre":"U PVO","decreto":""},"geometry":{"type":"Polygon","coordinates":[[[-70.58302758007183,-33.39603749317456],[-70.58335429983828,-33.39587610194051],[-70.58345609533383,-33.39609353860221],[-70.58446204794369,-33.396978743830466],[-70.58410352573424,-33.39727175233915],[-70.58403186941213,-33.397238285389285],[-70.5835809924208,-33.39684675046326],[-70.58302758007183,-33.39603749317456]]]}},{"type":"Feature","properties":{"comuna":"Vitacura","zona":"U PVO","zona_code":"U PVO","nombre":"U PVO","decreto":""},"geometry":{"type":"Polygon","coordinates":[[[-70.5816000547477,-33.396076645817075],[-70.5822929567455,-33.395523133151855],[-70.58284578824932,-33.39636187360969],[-70.58253945265312,-33.39656690346811],[-70.58213668223614,-33.39612165789746],[-70.581907875943,-33.396249848835055],[-70.5816000547477,-33.396076645817075]]]}},{"type":"Feature","properties":{"comuna":"Vitacura","zona":"U AVPC","zona_code":"U AVPC","nombre":"U AVPC","decreto":""},"geometry":{"type":"Polygon","coordinates":[[[-70.58307149392022,-33.396973024787364],[-70.58270880594422,-33.396849464157334],[-70.58274253517193,-33.39678503183039],[-70.58299332253718,-33.396568172818334],[-70.583177604682,-33.39685404692113],[-70.58307149392022,-33.396973024787364]]]}},{"type":"Feature","properties":{"comuna":"Vitacura","zona":"U POCsz","zona_code":"U POCsz","nombre":"U POCsz","decreto":""},"geometry":{"type":"Polygon","coordinates":[[[-70.58147329862669,-33.39620766542106],[-70.5816000547477,-33.396076645817075],[-70.581907875943,-33.396249848835055],[-70.58213668223614,-33.39612165789746],[-70.58253945265312,-33.39656690346811],[-70.58236413423947,-33.396703361050584],[-70.58147329862669,-33.39620766542106]]]}},{"type":"Feature","properties":{"comuna":"Vitacura","zona":"U-V","zona_code":"U-V","nombre":"U-V","decreto":""},"geometry":{"type":"Polygon","coordinates":[[[-70.58150067392252,-33.39714669678581],[-70.58058701679535,-33.39863757597227],[-70.57979464770716,-33.39825656050987],[-70.5801937021892,-33.3976716477619],[-70.58061244977003,-33.39676077563512],[-70.58150067392252,-33.39714669678581]]]}},{"type":"Feature","properties":{"comuna":"Vitacura","zona":"U POC","zona_code":"U POC","nombre":"U POC","decreto":""},"geometry":{"type":"Polygon","coordinates":[[[-70.57239652895325,-33.394380078916804],[-70.57249497269915,-33.39374461458363],[-70.57312152585867,-33.39381451112835],[-70.57293518751774,-33.39448424928512],[-70.57239652895325,-33.394380078916804]]]}},{"type":"Feature","properties":{"comuna":"Vitacura","zona":"U Ee1","zona_code":"U Ee1","nombre":"U Ee1","decreto":""},"geometry":{"type":"Polygon","coordinates":[[[-70.57262504391981,-33.394836116500215],[-70.57234254902257,-33.39470720589327],[-70.57239652895325,-33.394380078916804],[-70.57285885165294,-33.394469487050124],[-70.57262504391981,-33.394836116500215]]]}},{"type":"Feature","properties":{"comuna":"Vitacura","zona":"U PVO","zona_code":"U PVO","nombre":"U PVO","decreto":""},"geometry":{"type":"Polygon","coordinates":[[[-70.57589785007374,-33.39840242973948],[-70.57621389490275,-33.397315108291124],[-70.57657396861433,-33.39687201295516],[-70.57690267625621,-33.39702001986379],[-70.57607309660155,-33.399061154508054],[-70.57535322274597,-33.39886748373611],[-70.57547791959414,-33.39834562070712],[-70.57589785007374,-33.39840242973948]]]}},{"type":"Feature","properties":{"comuna":"Vitacura","zona":"U-V","zona_code":"U-V","nombre":"U-V","decreto":""},"geometry":{"type":"Polygon","coordinates":[[[-70.57547791959414,-33.39834562070712],[-70.57571233417178,-33.397171153757704],[-70.57603251044834,-33.3966278206965],[-70.57657396861433,-33.39687201295516],[-70.57621389490275,-33.397315108291124],[-70.57589785007374,-33.39840242973948],[-70.57547791959414,-33.39834562070712]]]}},{"type":"Feature","properties":{"comuna":"Vitacura","zona":"U-V","zona_code":"U-V","nombre":"U-V","decreto":""},"geometry":{"type":"Polygon","coordinates":[[[-70.5746161715117,-33.39664862032944],[-70.57488641831753,-33.396112603753345],[-70.57587086031762,-33.39656396906759],[-70.57553839138352,-33.39718286017647],[-70.57533216362212,-33.398217993763566],[-70.57506279667234,-33.398194129466994],[-70.57509355072315,-33.398006665765095],[-70.57484478992752,-33.39796782847369],[-70.57480800146757,-33.39819927232795],[-70.57438203240376,-33.398156897181956],[-70.5746161715117,-33.39664862032944]]]}},{"type":"Feature","properties":{"comuna":"Vitacura","zona":"U PVO","zona_code":"U PVO","nombre":"U PVO","decreto":""},"geometry":{"type":"Polygon","coordinates":[[[-70.5746205727873,-33.39868766268971],[-70.57484478992752,-33.39796782847369],[-70.57509355072315,-33.398006665765095],[-70.57506279667234,-33.398194129466994],[-70.57533216362212,-33.398217993763566],[-70.57521546704012,-33.398792374111444],[-70.5746205727873,-33.39868766268971]]]}},{"type":"Feature","properties":{"comuna":"Vitacura","zona":"U-V","zona_code":"U-V","nombre":"U-V","decreto":""},"geometry":{"type":"Polygon","coordinates":[[[-70.57439687873145,-33.39692490229313],[-70.57387350769797,-33.39680173667891],[-70.57417790328634,-33.39576133730728],[-70.57472887745183,-33.39602731929942],[-70.57439687873145,-33.39692490229313]]]}},{"type":"Feature","properties":{"comuna":"Vitacura","zona":"U-V","zona_code":"U-V","nombre":"U-V","decreto":""},"geometry":{"type":"Polygon","coordinates":[[[-70.57376528511949,-33.39673171676973],[-70.5731874274304,-33.39661572995263],[-70.57352608769115,-33.395455780911476],[-70.57404992759244,-33.39573165436433],[-70.57376528511949,-33.39673171676973]]]}},{"type":"Feature","properties":{"comuna":"Vitacura","zona":"U Ee1","zona_code":"U Ee1","nombre":"U Ee1","decreto":""},"geometry":{"type":"Polygon","coordinates":[[[-70.57216763986409,-33.39797504170648],[-70.57191401946721,-33.396360426002786],[-70.57410315837272,-33.39699173139717],[-70.57436661371096,-33.39714515074756],[-70.57421771462786,-33.397871780796784],[-70.57392370153137,-33.39775703397452],[-70.57355165240641,-33.39854722609667],[-70.57226300026612,-33.39805734769928],[-70.57216763986409,-33.39797504170648]]]}},{"type":"Feature","properties":{"comuna":"Vitacura","zona":"U POC","zona_code":"U POC","nombre":"U POC","decreto":""},"geometry":{"type":"Polygon","coordinates":[[[-70.57218690350537,-33.395369407759794],[-70.57255233872796,-33.39535630808359],[-70.57265958607071,-33.395057895200935],[-70.57341892238946,-33.39542748825406],[-70.57335374064021,-33.39565440028173],[-70.57266728830041,-33.395549644256135],[-70.57259996990065,-33.39576047784568],[-70.57210929522005,-33.39568318008685],[-70.57218690350537,-33.395369407759794]]]}},{"type":"Feature","properties":{"comuna":"Vitacura","zona":"U POCsz","zona_code":"U POCsz","nombre":"U POCsz","decreto":""},"geometry":{"type":"Polygon","coordinates":[[[-70.57191401946721,-33.396360426002786],[-70.57207399844489,-33.39577668788226],[-70.57257643716774,-33.3958753105011],[-70.57253881384963,-33.39631340425482],[-70.57237015680327,-33.39626781982574],[-70.57229909409581,-33.39645863013547],[-70.57191401946721,-33.396360426002786]]]}},{"type":"Feature","properties":{"comuna":"Vitacura","zona":"U-V","zona_code":"U-V","nombre":"U-V","decreto":""},"geometry":{"type":"Polygon","coordinates":[[[-70.57302900265283,-33.39557416842302],[-70.57335374064021,-33.39565440028173],[-70.57307565285156,-33.39658434532686],[-70.57280120667282,-33.396509082928766],[-70.57302900265283,-33.39557416842302]]]}},{"type":"Feature","properties":{"comuna":"Vitacura","zona":"U Ee3","zona_code":"U Ee3","nombre":"U Ee3","decreto":""},"geometry":{"type":"Polygon","coordinates":[[[-70.57182864714368,-33.397998944103165],[-70.572000684484,-33.397758150507606],[-70.57211438792422,-33.3980835312169],[-70.57182864714368,-33.397998944103165]]]}},{"type":"Feature","properties":{"comuna":"Vitacura","zona":"U Ee3","zona_code":"U Ee3","nombre":"U Ee3","decreto":""},"geometry":{"type":"Polygon","coordinates":[[[-70.57173669096134,-33.39794761360883],[-70.57141833420336,-33.39780370591211],[-70.57157543037518,-33.397365053281725],[-70.5717846458742,-33.39729320517882],[-70.57188222019191,-33.397814532403345],[-70.57173669096134,-33.39794761360883]]]}},{"type":"Feature","properties":{"comuna":"Vitacura","zona":"U Ee3","zona_code":"U Ee3","nombre":"U Ee3","decreto":""},"geometry":{"type":"Polygon","coordinates":[[[-70.57158190145371,-33.39725043694322],[-70.57179568451949,-33.39649369209281],[-70.57192490732506,-33.39734153643631],[-70.57178051401047,-33.39722167354935],[-70.57158190145371,-33.39725043694322]]]}},{"type":"Feature","properties":{"comuna":"Vitacura","zona":"U Ee3","zona_code":"U Ee3","nombre":"U Ee3","decreto":""},"geometry":{"type":"Polygon","coordinates":[[[-70.57110161014617,-33.39775045004456],[-70.57029111109406,-33.39744812805355],[-70.57018740620146,-33.3972179846402],[-70.57033905433875,-33.397108688802405],[-70.57062074552628,-33.39711228183717],[-70.57111517314051,-33.3972396452714],[-70.57122578141916,-33.39737902619106],[-70.57110161014617,-33.39775045004456]]]}},{"type":"Feature","properties":{"comuna":"Vitacura","zona":"U Ee3","zona_code":"U Ee3","nombre":"U Ee3","decreto":""},"geometry":{"type":"Polygon","coordinates":[[[-70.57105380766005,-33.39707021075648],[-70.5713885335694,-33.39689894259971],[-70.57149710042292,-33.396411391563696],[-70.57154972366222,-33.396349745803775],[-70.57128594895565,-33.397323780985815],[-70.57112317833266,-33.39717074390633],[-70.57038841744,-33.397045825809826],[-70.57018334855292,-33.39711105725878],[-70.57011707544902,-33.39738033668126],[-70.56967222206524,-33.39716226569628],[-70.56957376722572,-33.39702630810842],[-70.57032022684677,-33.39701089738876],[-70.57105380766005,-33.39707021075648]]]}},{"type":"Feature","properties":{"comuna":"Vitacura","zona":"U-V","zona_code":"U-V","nombre":"U-V","decreto":""},"geometry":{"type":"Polygon","coordinates":[[[-70.58370942152804,-33.39258414058338],[-70.58428936130366,-33.39232977209543],[-70.58457530238688,-33.39233327850222],[-70.58510121405507,-33.392863440963126],[-70.58536511659163,-33.393532958987144],[-70.58576470394141,-33.39368533684569],[-70.58647699763834,-33.39341456368348],[-70.58682377893169,-33.39396886954015],[-70.58503183773361,-33.39468256023307],[-70.58370942152804,-33.39258414058338]]]}},{"type":"Feature","properties":{"comuna":"Vitacura","zona":"U-V","zona_code":"U-V","nombre":"U-V","decreto":""},"geometry":{"type":"Polygon","coordinates":[[[-70.58329192806231,-33.39194592835337],[-70.58432447587172,-33.39147461013914],[-70.58455001988301,-33.39191197224895],[-70.5845357492677,-33.39206605956972],[-70.58362573705541,-33.392471390619356],[-70.58329192806231,-33.39194592835337]]]}},{"type":"Feature","properties":{"comuna":"Vitacura","zona":"U-V","zona_code":"U-V","nombre":"U-V","decreto":""},"geometry":{"type":"Polygon","coordinates":[[[-70.58257389761569,-33.39304054143346],[-70.58214227648912,-33.392454285762796],[-70.58309519573166,-33.39202561309729],[-70.58343871490479,-33.39257375600557],[-70.58309181368779,-33.39273805445645],[-70.5828688428285,-33.39299144325097],[-70.58257389761569,-33.39304054143346]]]}},{"type":"Feature","properties":{"comuna":"Vitacura","zona":"U Ee1","zona_code":"U Ee1","nombre":"U Ee1","decreto":""},"geometry":{"type":"Polygon","coordinates":[[[-70.58381545837156,-33.3931534819707],[-70.58485139338329,-33.39476223541982],[-70.58262095548294,-33.395706648497324],[-70.58178767522085,-33.3940332962423],[-70.58172102860235,-33.39371086726521],[-70.58218395392171,-33.39351011412042],[-70.58233120954209,-33.39378741463463],[-70.58381545837156,-33.3931534819707]]]}},{"type":"Feature","properties":{"comuna":"Vitacura","zona":"U-V","zona_code":"U-V","nombre":"U-V","decreto":""},"geometry":{"type":"Polygon","coordinates":[[[-70.58172102860235,-33.39371086726521],[-70.58132853925908,-33.39285055707575],[-70.58200885030904,-33.39252273891695],[-70.58229138506667,-33.39300531035038],[-70.58252887326654,-33.393160362962945],[-70.58291608750021,-33.393140510541244],[-70.5832514083533,-33.39280813847415],[-70.58351236028406,-33.39268848390645],[-70.58381545837156,-33.3931534819707],[-70.58233120954209,-33.39378741463463],[-70.58218395392171,-33.39351011412042],[-70.58172102860235,-33.39371086726521]]]}},{"type":"Feature","properties":{"comuna":"Vitacura","zona":"U POCsz","zona_code":"U POCsz","nombre":"U POCsz","decreto":""},"geometry":{"type":"Polygon","coordinates":[[[-70.580728021582,-33.39478131389475],[-70.58175453540522,-33.39574584969522],[-70.58137451154565,-33.39612706967177],[-70.58050624018615,-33.395559314102066],[-70.58082137000211,-33.39521050257882],[-70.58099274348989,-33.395248883827556],[-70.58066494291158,-33.395055011987616],[-70.5807667715109,-33.39518018021477],[-70.58045442094227,-33.395525375877405],[-70.58002246652428,-33.395234997023586],[-70.58016884491718,-33.395087829442986],[-70.58033177689175,-33.395206321726555],[-70.580728021582,-33.39478131389475]]]}},{"type":"Feature","properties":{"comuna":"Vitacura","zona":"U PVEV","zona_code":"U PVEV","nombre":"U PVEV","decreto":""},"geometry":{"type":"Polygon","coordinates":[[[-70.58115970875706,-33.39520094239533],[-70.5817294558546,-33.394945124612846],[-70.5819927757093,-33.395574091526164],[-70.58175453540522,-33.39574584969522],[-70.58115970875706,-33.39520094239533]]]}},{"type":"Feature","properties":{"comuna":"Vitacura","zona":"U PVEV","zona_code":"U PVEV","nombre":"U PVEV","decreto":""},"geometry":{"type":"Polygon","coordinates":[[[-70.5805366835682,-33.39472688125158],[-70.58141615534106,-33.394403414417425],[-70.58167950506392,-33.39484413081803],[-70.58104064398324,-33.395066450835444],[-70.580728021582,-33.39478131389475],[-70.58042908818754,-33.395101945464354],[-70.58027257002512,-33.39498354296254],[-70.5805366835682,-33.39472688125158]]]}},{"type":"Feature","properties":{"comuna":"Vitacura","zona":"U PVEV","zona_code":"U PVEV","nombre":"U PVEV","decreto":""},"geometry":{"type":"Polygon","coordinates":[[[-70.57988437281081,-33.39469923656049],[-70.580236318703,-33.39437227110367],[-70.58123336909887,-33.39403295241547],[-70.58139945127041,-33.39435873533511],[-70.5805732960679,-33.394601819641466],[-70.58023069023666,-33.394951471109124],[-70.57988437281081,-33.39469923656049]]]}},{"type":"Feature","properties":{"comuna":"Vitacura","zona":"U POCsz","zona_code":"U POCsz","nombre":"U POCsz","decreto":""},"geometry":{"type":"Polygon","coordinates":[[[-70.5799553118097,-33.395191907167764],[-70.57960713185953,-33.39497204473124],[-70.57978019068234,-33.3947975258661],[-70.58013906745181,-33.395035654624856],[-70.5799553118097,-33.395191907167764]]]}},{"type":"Feature","properties":{"comuna":"Vitacura","zona":"U PVEV","zona_code":"U PVEV","nombre":"U PVEV","decreto":""},"geometry":{"type":"Polygon","coordinates":[[[-70.57954453229182,-33.39430293366889],[-70.58005950126389,-33.39387582115776],[-70.58102181290411,-33.39363403918351],[-70.58120323141581,-33.393959953446675],[-70.58027459322224,-33.39426500343439],[-70.57990099612006,-33.39455859959926],[-70.57954453229182,-33.39430293366889]]]}},{"type":"Feature","properties":{"comuna":"Vitacura","zona":"U POCsz","zona_code":"U POCsz","nombre":"U POCsz","decreto":""},"geometry":{"type":"Polygon","coordinates":[[[-70.57903205716971,-33.3945826509704],[-70.5792201854317,-33.39438007949667],[-70.57970359685187,-33.39474695530867],[-70.57950640610926,-33.394908199518305],[-70.57903205716971,-33.3945826509704]]]}},{"type":"Feature","properties":{"comuna":"Vitacura","zona":"U Ee1","zona_code":"U Ee1","nombre":"U Ee1","decreto":""},"geometry":{"type":"Polygon","coordinates":[[[-70.5786992096308,-33.39435544994192],[-70.57905571956783,-33.39401387211988],[-70.57947415848759,-33.39430102124611],[-70.57933465069661,-33.39445463171961],[-70.5792201854317,-33.39438007949667],[-70.57903205716971,-33.3945826509704],[-70.5786992096308,-33.39435544994192]]]}},{"type":"Feature","properties":{"comuna":"Vitacura","zona":"U PVEV","zona_code":"U PVEV","nombre":"U PVEV","decreto":""},"geometry":{"type":"Polygon","coordinates":[[[-70.58060425653727,-33.39316995840368],[-70.58084915505336,-33.393041021968614],[-70.58112190787662,-33.39348071990886],[-70.5808033023531,-33.39359467666911],[-70.58060425653727,-33.39316995840368]]]}},{"type":"Feature","properties":{"comuna":"Vitacura","zona":"U PVEV","zona_code":"U PVEV","nombre":"U PVEV","decreto":""},"geometry":{"type":"Polygon","coordinates":[[[-70.57945012552749,-33.39415581459355],[-70.57918675149938,-33.393906236748734],[-70.58050273930063,-33.3932189754441],[-70.58068076050652,-33.39362473711984],[-70.5799528468693,-33.393798651277606],[-70.57945012552749,-33.39415581459355]]]}},{"type":"Feature","properties":{"comuna":"Vitacura","zona":"U-V","zona_code":"U-V","nombre":"U-V","decreto":""},"geometry":{"type":"Polygon","coordinates":[[[-70.57954744328941,-33.39346840276374],[-70.5786900527162,-33.394092964642624],[-70.57808363779067,-33.39368985117008],[-70.57793655982083,-33.39384579477465],[-70.57734254799774,-33.39344968498968],[-70.57776103222557,-33.39299577100894],[-70.57835705623093,-33.39339383278681],[-70.57844922420523,-33.393299600688366],[-70.57789267065175,-33.39288194803057],[-70.57834267460083,-33.39244099301914],[-70.57954744328941,-33.39346840276374]]]}},{"type":"Feature","properties":{"comuna":"Vitacura","zona":"U POCsz","zona_code":"U POCsz","nombre":"U POCsz","decreto":""},"geometry":{"type":"Polygon","coordinates":[[[-70.57793655982083,-33.39384579477465],[-70.57808363779067,-33.39368985117008],[-70.5786900527162,-33.394092964642624],[-70.57849426971647,-33.394217689896315],[-70.57793655982083,-33.39384579477465]]]}},{"type":"Feature","properties":{"comuna":"Vitacura","zona":"U AVPC","zona_code":"U AVPC","nombre":"U AVPC","decreto":""},"geometry":{"type":"Polygon","coordinates":[[[-70.57834267460083,-33.39244099301914],[-70.57842932601433,-33.39235637624159],[-70.57964965203459,-33.39345755637603],[-70.57958812083163,-33.393515606895505],[-70.57834267460083,-33.39244099301914]]]}},{"type":"Feature","properties":{"comuna":"Vitacura","zona":"U-V","zona_code":"U-V","nombre":"U-V","decreto":""},"geometry":{"type":"Polygon","coordinates":[[[-70.57858528283687,-33.39226028908772],[-70.57926452257708,-33.391872846068296],[-70.58023961795355,-33.39312715624151],[-70.57980620041226,-33.393315527414806],[-70.57858528283687,-33.39226028908772]]]}},{"type":"Feature","properties":{"comuna":"Vitacura","zona":"U AVPC","zona_code":"U AVPC","nombre":"U AVPC","decreto":""},"geometry":{"type":"Polygon","coordinates":[[[-70.57857057830242,-33.39223363185857],[-70.579871214791,-33.39337136966904],[-70.57975449606143,-33.39340566587255],[-70.57848935531092,-33.39226449194213],[-70.57857057830242,-33.39223363185857]]]}},{"type":"Feature","properties":{"comuna":"Vitacura","zona":"U-V","zona_code":"U-V","nombre":"U-V","decreto":""},"geometry":{"type":"MultiPolygon","coordinates":[[[[-70.5803475581698,-33.39306413402654],[-70.57940256882861,-33.391838278861144],[-70.57979880170042,-33.39158095952539],[-70.5799525146533,-33.391772267572236],[-70.57980703595541,-33.39185100407647],[-70.58062069380395,-33.39293913295231],[-70.5803475581698,-33.39306413402654]]],[[[-70.57999184570076,-33.39147663804032],[-70.57999336182455,-33.391475819699174],[-70.58006014939323,-33.39155979309869],[-70.57999184570076,-33.39147663804032]]]]}},{"type":"Feature","properties":{"comuna":"Vitacura","zona":"U-V","zona_code":"U-V","nombre":"U-V","decreto":""},"geometry":{"type":"Polygon","coordinates":[[[-70.58116824265683,-33.392593471250755],[-70.58075533101933,-33.39194015983452],[-70.57886183599732,-33.38963420670395],[-70.57988711223615,-33.38899694309851],[-70.57994839372243,-33.38931829102402],[-70.5806728135805,-33.389974796484196],[-70.5811276957974,-33.39106137359102],[-70.58185013206419,-33.39227872773697],[-70.58116824265683,-33.392593471250755]]]}},{"type":"Feature","properties":{"comuna":"Vitacura","zona":"U-V","zona_code":"U-V","nombre":"U-V","decreto":""},"geometry":{"type":"Polygon","coordinates":[[[-70.58131232137833,-33.39106289593654],[-70.58075124605743,-33.389823988222176],[-70.58004219591867,-33.389126126364495],[-70.58009587739389,-33.38894886871591],[-70.58028149448538,-33.38883197049743],[-70.58102732914898,-33.38855044936722],[-70.58226642951968,-33.39062032978863],[-70.58131232137833,-33.39106289593654]]]}},{"type":"Feature","properties":{"comuna":"Vitacura","zona":"U AVPC","zona_code":"U AVPC","nombre":"U AVPC","decreto":""},"geometry":{"type":"Polygon","coordinates":[[[-70.58187108667832,-33.39080371229422],[-70.58226642951968,-33.39062032978863],[-70.5829544980803,-33.39177541944152],[-70.58235812925072,-33.39205493715126],[-70.58239353079772,-33.391803231842616],[-70.58209422137988,-33.3917682739778],[-70.58215210181966,-33.39143049413609],[-70.58159025142831,-33.39135194518375],[-70.5819238799907,-33.39119777382654],[-70.58184658062568,-33.39105260824065],[-70.58198042159155,-33.39098230030994],[-70.58187108667832,-33.39080371229422]],[[-70.5823529739083,-33.39093877484016],[-70.58210214745456,-33.39090358190295],[-70.58204587845815,-33.39125885411488],[-70.58259494280934,-33.391341332001325],[-70.5823529739083,-33.39093877484016]],[[-70.58231003979415,-33.391708850841255],[-70.5828516197115,-33.39177054438734],[-70.58263124784115,-33.39138262611264],[-70.58237805357842,-33.39134760284578],[-70.58231003979415,-33.391708850841255]]]}},{"type":"Feature","properties":{"comuna":"Vitacura","zona":"U AVPC","zona_code":"U AVPC","nombre":"U AVPC","decreto":""},"geometry":{"type":"Polygon","coordinates":[[[-70.58131232137833,-33.39106289593654],[-70.58139101251733,-33.39102639550426],[-70.58183067672834,-33.39174478992153],[-70.58196597655682,-33.39175499629491],[-70.58193130414048,-33.39200001675539],[-70.58204826763577,-33.39219593372477],[-70.58131232137833,-33.39106289593654]]]}},{"type":"Feature","properties":{"comuna":"Vitacura","zona":"U Ee1","zona_code":"U Ee1","nombre":"U Ee1","decreto":""},"geometry":{"type":"Polygon","coordinates":[[[-70.58235812925072,-33.39205493715126],[-70.58204826763577,-33.39219593372477],[-70.58193130414048,-33.39200001675539],[-70.58196597655682,-33.39175499629491],[-70.58183067672834,-33.39174478992153],[-70.58159025142831,-33.39135194518375],[-70.58215210181966,-33.39143049413609],[-70.58209422137988,-33.3917682739778],[-70.58239353079772,-33.391803231842616],[-70.58235812925072,-33.39205493715126]]]}},{"type":"Feature","properties":{"comuna":"Vitacura","zona":"U Ee1","zona_code":"U Ee1","nombre":"U Ee1","decreto":""},"geometry":{"type":"Polygon","coordinates":[[[-70.58159025142831,-33.39135194518375],[-70.58139101251733,-33.39102639550426],[-70.58187108667832,-33.39080371229422],[-70.58198042159155,-33.39098230030994],[-70.58184658062568,-33.39105260824065],[-70.5819238799907,-33.39119777382654],[-70.58159025142831,-33.39135194518375]]]}},{"type":"Feature","properties":{"comuna":"Vitacura","zona":"U Ee1","zona_code":"U Ee1","nombre":"U Ee1","decreto":""},"geometry":{"type":"Polygon","coordinates":[[[-70.58204587845815,-33.39125885411488],[-70.58210214745456,-33.39090358190295],[-70.5823529739083,-33.39093877484016],[-70.58259494280934,-33.391341332001325],[-70.58204587845815,-33.39125885411488]]]}},{"type":"Feature","properties":{"comuna":"Vitacura","zona":"U Ee1","zona_code":"U Ee1","nombre":"U Ee1","decreto":""},"geometry":{"type":"Polygon","coordinates":[[[-70.58231003979415,-33.391708850841255],[-70.58237805357842,-33.39134760284578],[-70.58263124784115,-33.39138262611264],[-70.5828516197115,-33.39177054438734],[-70.58231003979415,-33.391708850841255]]]}},{"type":"Feature","properties":{"comuna":"Vitacura","zona":"U-V","zona_code":"U-V","nombre":"U-V","decreto":""},"geometry":{"type":"Polygon","coordinates":[[[-70.58312365304648,-33.39166735314549],[-70.58122241201258,-33.38846554204915],[-70.58145326814821,-33.38833374880707],[-70.5818767212751,-33.38815654954803],[-70.58220806654842,-33.38823345300168],[-70.58274942128159,-33.388990112645295],[-70.58345795266933,-33.39041633267248],[-70.58392654581822,-33.39084558160538],[-70.58416862979126,-33.39125409981299],[-70.58312365304648,-33.39166735314549]]]}},{"type":"Feature","properties":{"comuna":"Vitacura","zona":"U-V","zona_code":"U-V","nombre":"U-V","decreto":""},"geometry":{"type":"Polygon","coordinates":[[[-70.58069036243462,-33.38757052113922],[-70.58274210588468,-33.38648432565604],[-70.58314133906937,-33.38614851436034],[-70.58323156309966,-33.38618315471113],[-70.58339269808671,-33.386363638338175],[-70.58367382182148,-33.387043678764556],[-70.5840568527849,-33.38746113506777],[-70.5852795310567,-33.38947528549909],[-70.58580945889561,-33.3906026032278],[-70.58537597725383,-33.390697622845884],[-70.58430065746487,-33.3911623369454],[-70.58388714472953,-33.39047683080182],[-70.58406654709923,-33.3902526300317],[-70.58460201579481,-33.39013483693313],[-70.58468109647026,-33.389790224340516],[-70.58416140019003,-33.38913112913914],[-70.58318507701009,-33.387289562906574],[-70.58273285972359,-33.387291752589455],[-70.581820319398,-33.388026388353815],[-70.58117279674843,-33.38831739875798],[-70.58069036243462,-33.38757052113922]]]}},{"type":"Feature","properties":{"comuna":"Vitacura","zona":"U POC","zona_code":"U POC","nombre":"U POC","decreto":""},"geometry":{"type":"Polygon","coordinates":[[[-70.57604552937401,-33.39258549403798],[-70.57634187950522,-33.39225960095998],[-70.57652156285363,-33.39236469345705],[-70.57638842281662,-33.39250371991521],[-70.57738519123825,-33.39319350948837],[-70.57721517089861,-33.39336254652407],[-70.57604552937401,-33.39258549403798]]]}},{"type":"Feature","properties":{"comuna":"Vitacura","zona":"U-V","zona_code":"U-V","nombre":"U-V","decreto":""},"geometry":{"type":"Polygon","coordinates":[[[-70.57638842281662,-33.39250371991521],[-70.57652570865768,-33.39239744990759],[-70.57747513561247,-33.39299086492136],[-70.57748413065033,-33.39309514452145],[-70.57738519123825,-33.39319350948837],[-70.57638842281662,-33.39250371991521]]]}},{"type":"Feature","properties":{"comuna":"Vitacura","zona":"U-V","zona_code":"U-V","nombre":"U-V","decreto":""},"geometry":{"type":"Polygon","coordinates":[[[-70.57756686175527,-33.39295092473777],[-70.57709858454675,-33.39261685353458],[-70.57642117108433,-33.39219449127971],[-70.57668761940467,-33.391912200955524],[-70.57787128753607,-33.39267861314572],[-70.57756686175527,-33.39295092473777]]]}},{"type":"Feature","properties":{"comuna":"Vitacura","zona":"U-V","zona_code":"U-V","nombre":"U-V","decreto":""},"geometry":{"type":"Polygon","coordinates":[[[-70.57821738476491,-33.39236152355087],[-70.57794464745704,-33.39260609623701],[-70.57675273322612,-33.39183382382025],[-70.57714791935125,-33.39141122691726],[-70.57821738476491,-33.39236152355087]]]}},{"type":"Feature","properties":{"comuna":"Vitacura","zona":"U AVPC","zona_code":"U AVPC","nombre":"U AVPC","decreto":""},"geometry":{"type":"Polygon","coordinates":[[[-70.57714791935125,-33.39141122691726],[-70.57724626929134,-33.391344358464345],[-70.57832679228697,-33.39230595078938],[-70.57821738476491,-33.39236152355087],[-70.57714791935125,-33.39141122691726]]]}},{"type":"Feature","properties":{"comuna":"Vitacura","zona":"U-V","zona_code":"U-V","nombre":"U-V","decreto":""},"geometry":{"type":"Polygon","coordinates":[[[-70.57737199436164,-33.391218233386155],[-70.5777778245981,-33.390996721620574],[-70.57890317158936,-33.39193249449316],[-70.57848407991062,-33.39215556208225],[-70.57737199436164,-33.391218233386155]]]}},{"type":"Feature","properties":{"comuna":"Vitacura","zona":"U AVPC","zona_code":"U AVPC","nombre":"U AVPC","decreto":""},"geometry":{"type":"Polygon","coordinates":[[[-70.57848407991062,-33.39215556208225],[-70.57838933854254,-33.392225368905216],[-70.57830644433498,-33.39216378757668],[-70.57727305100761,-33.391252300350004],[-70.57735389642058,-33.39120056724839],[-70.57848407991062,-33.39215556208225]]]}},{"type":"Feature","properties":{"comuna":"Vitacura","zona":"U-V","zona_code":"U-V","nombre":"U-V","decreto":""},"geometry":{"type":"Polygon","coordinates":[[[-70.57945896454002,-33.39160070765234],[-70.57858558556465,-33.39049332017495],[-70.57876563484231,-33.39037375339272],[-70.57886104496924,-33.390496521397424],[-70.57878690926302,-33.39053991098788],[-70.57944481618304,-33.39133969185091],[-70.57951502217999,-33.391299419969165],[-70.5796766332759,-33.391499018601955],[-70.57945896454002,-33.39160070765234]]]}},{"type":"Feature","properties":{"comuna":"Vitacura","zona":"U-V","zona_code":"U-V","nombre":"U-V","decreto":""},"geometry":{"type":"Polygon","coordinates":[[[-70.57895167383866,-33.391861884184245],[-70.57855878096898,-33.39152805222044],[-70.57903309640302,-33.391173641263904],[-70.57938664514222,-33.39165853917251],[-70.57895167383866,-33.391861884184245]]]}},{"type":"Feature","properties":{"comuna":"Vitacura","zona":"U AVPC","zona_code":"U AVPC","nombre":"U AVPC","decreto":""},"geometry":{"type":"Polygon","coordinates":[[[-70.57848397746865,-33.39148128096831],[-70.57840490786577,-33.39135582204757],[-70.57886547743797,-33.39102783389042],[-70.57900913716634,-33.391107133896014],[-70.57848397746865,-33.39148128096831]]]}},{"type":"Feature","properties":{"comuna":"Vitacura","zona":"U-V","zona_code":"U-V","nombre":"U-V","decreto":""},"geometry":{"type":"Polygon","coordinates":[[[-70.57832306135045,-33.39133555713539],[-70.57786844686062,-33.39094745757148],[-70.57848999433546,-33.39055538380888],[-70.57884216654298,-33.39099711066041],[-70.57832306135045,-33.39133555713539]]]}},{"type":"Feature","properties":{"comuna":"Vitacura","zona":"U-V","zona_code":"U-V","nombre":"U-V","decreto":""},"geometry":{"type":"Polygon","coordinates":[[[-70.57566969325985,-33.39091097363255],[-70.57611462152084,-33.39054322618218],[-70.57634929051437,-33.39074008314334],[-70.57621318373292,-33.390881998737434],[-70.57643600463669,-33.39081653112359],[-70.57702481177347,-33.39132803358939],[-70.57666873501323,-33.391693462979205],[-70.57633770400857,-33.391476951476896],[-70.57634669961675,-33.391384374590494],[-70.5761719195189,-33.39155064069702],[-70.57629601666721,-33.39153116795327],[-70.57661616558491,-33.39173588823392],[-70.57637249564314,-33.39202532021124],[-70.57603457030942,-33.39182082692638],[-70.57605396175485,-33.39171320328874],[-70.5758753557539,-33.391864606476176],[-70.57572338539929,-33.39177890335459],[-70.57566812886914,-33.39187095572348],[-70.57506878775983,-33.39141154304825],[-70.57525632684695,-33.39125445779212],[-70.57554900267603,-33.39151321655411],[-70.57553650658254,-33.39160882115043],[-70.57571532797306,-33.3914693471246],[-70.57533027753759,-33.39121474313876],[-70.5755996192609,-33.39096853367408],[-70.57590608468904,-33.391203255463644],[-70.57587915350172,-33.3912871120191],[-70.57605818901712,-33.39115956620798],[-70.57566969325985,-33.39091097363255]]]}},{"type":"Feature","properties":{"comuna":"Vitacura","zona":"U POC","zona_code":"U POC","nombre":"U POC","decreto":""},"geometry":{"type":"Polygon","coordinates":[[[-70.57469588929534,-33.39172388498428],[-70.57506878775983,-33.39141154304825],[-70.57618568991167,-33.392221691215255],[-70.57596334794971,-33.392405737789325],[-70.57506052827173,-33.39183259874771],[-70.5749442408904,-33.39189074507956],[-70.57469588929534,-33.39172388498428]]]}},{"type":"Feature","properties":{"comuna":"Vitacura","zona":"U AVPC","zona_code":"U AVPC","nombre":"U AVPC","decreto":""},"geometry":{"type":"Polygon","coordinates":[[[-70.57611462152084,-33.39054322618218],[-70.57615878851706,-33.39042932388861],[-70.57711298405785,-33.39128813892788],[-70.57702481177347,-33.39132803358939],[-70.57611462152084,-33.39054322618218]]]}},{"type":"Feature","properties":{"comuna":"Vitacura","zona":"U-V","zona_code":"U-V","nombre":"U-V","decreto":""},"geometry":{"type":"Polygon","coordinates":[[[-70.57635260266589,-33.39032485394373],[-70.57666807571835,-33.39007388058408],[-70.57766057392521,-33.39089971482902],[-70.57727581813292,-33.39112202248655],[-70.57635260266589,-33.39032485394373]]]}},{"type":"Feature","properties":{"comuna":"Vitacura","zona":"U AVPC","zona_code":"U AVPC","nombre":"U AVPC","decreto":""},"geometry":{"type":"Polygon","coordinates":[[[-70.57727581813292,-33.39112202248655],[-70.57714021802848,-33.39117385452518],[-70.57629527307716,-33.390458012888466],[-70.57626328121921,-33.39034030550965],[-70.5763179598714,-33.39029666046885],[-70.57727581813292,-33.39112202248655]]]}},{"type":"Feature","properties":{"comuna":"Vitacura","zona":"U-V","zona_code":"U-V","nombre":"U-V","decreto":""},"geometry":{"type":"Polygon","coordinates":[[[-70.57727251923394,-33.39046706951227],[-70.57675365838054,-33.39002012796965],[-70.5770631744985,-33.38974315156637],[-70.57753802960062,-33.39028473364787],[-70.57727251923394,-33.39046706951227]]]}},{"type":"Feature","properties":{"comuna":"Vitacura","zona":"U-V","zona_code":"U-V","nombre":"U-V","decreto":""},"geometry":{"type":"Polygon","coordinates":[[[-70.57746647682278,-33.38939442080653],[-70.57797629996018,-33.38998208645944],[-70.57768216008922,-33.39023279182557],[-70.57714616927657,-33.38966311302407],[-70.57746647682278,-33.38939442080653]]]}},{"type":"Feature","properties":{"comuna":"Vitacura","zona":"U-V","zona_code":"U-V","nombre":"U-V","decreto":""},"geometry":{"type":"Polygon","coordinates":[[[-70.57846175937625,-33.390401835921914],[-70.57754649144086,-33.38933613542851],[-70.57773750387346,-33.38914900788099],[-70.57867210574545,-33.39027842075542],[-70.57846175937625,-33.390401835921914]]]}},{"type":"Feature","properties":{"comuna":"Vitacura","zona":"U-V","zona_code":"U-V","nombre":"U-V","decreto":""},"geometry":{"type":"Polygon","coordinates":[[[-70.57743294504877,-33.390577035636085],[-70.57811494469104,-33.390161765385585],[-70.57837989034493,-33.390467638007124],[-70.57775202215012,-33.39084779164314],[-70.57743294504877,-33.390577035636085]]]}},{"type":"Feature","properties":{"comuna":"Vitacura","zona":"U AVPC","zona_code":"U AVPC","nombre":"U AVPC","decreto":""},"geometry":{"type":"Polygon","coordinates":[[[-70.57743294504877,-33.390577035636085],[-70.57736769118677,-33.39049196355125],[-70.57811856309901,-33.390110178907825],[-70.57811494469104,-33.390161765385585],[-70.57743294504877,-33.390577035636085]]]}},{"type":"Feature","properties":{"comuna":"Vitacura","zona":"U-V","zona_code":"U-V","nombre":"U-V","decreto":""},"geometry":{"type":"Polygon","coordinates":[[[-70.5800395445869,-33.38788323987138],[-70.58039886188388,-33.38768332596451],[-70.5808989410497,-33.38843932664633],[-70.58024649965245,-33.38869460253993],[-70.57878597658764,-33.38956504539411],[-70.57832019413834,-33.38902920025696],[-70.5786704660662,-33.38883993715604],[-70.57858548129707,-33.388692220226105],[-70.57954076301854,-33.38816074453975],[-70.57979905029133,-33.388489126986684],[-70.58027660134732,-33.38823608095713],[-70.5800395445869,-33.38788323987138]]]}},{"type":"Feature","properties":{"comuna":"Vitacura","zona":"U Ee1","zona_code":"U Ee1","nombre":"U Ee1","decreto":""},"geometry":{"type":"Polygon","coordinates":[[[-70.57832019413834,-33.38902920025696],[-70.57823213622763,-33.3889027804729],[-70.57858548129707,-33.388692220226105],[-70.5786704660662,-33.38883993715604],[-70.57832019413834,-33.38902920025696]]]}},{"type":"Feature","properties":{"comuna":"Vitacura","zona":"U Ee1","zona_code":"U Ee1","nombre":"U Ee1","decreto":""},"geometry":{"type":"Polygon","coordinates":[[[-70.57954076301854,-33.38816074453975],[-70.5800395445869,-33.38788323987138],[-70.58027660134732,-33.38823608095713],[-70.57979905029133,-33.388489126986684],[-70.57954076301854,-33.38816074453975]]]}},{"type":"Feature","properties":{"comuna":"Vitacura","zona":"U-V","zona_code":"U-V","nombre":"U-V","decreto":""},"geometry":{"type":"Polygon","coordinates":[[[-70.58553654241139,-33.389832472192694],[-70.58571792332617,-33.38963926364768],[-70.5862038998426,-33.38992893243622],[-70.58653895042778,-33.3902759195471],[-70.58591022799204,-33.39051728956574],[-70.58553654241139,-33.389832472192694]]]}},{"type":"Feature","properties":{"comuna":"Vitacura","zona":"U-V","zona_code":"U-V","nombre":"U-V","decreto":""},"geometry":{"type":"Polygon","coordinates":[[[-70.58553654241139,-33.389832472192694],[-70.58542346774746,-33.38971461033103],[-70.58539258956016,-33.3894238968304],[-70.58573692024835,-33.38958891260805],[-70.58553654241139,-33.389832472192694]]]}},{"type":"Feature","properties":{"comuna":"Vitacura","zona":"U-V","zona_code":"U-V","nombre":"U-V","decreto":""},"geometry":{"type":"Polygon","coordinates":[[[-70.58640027678693,-33.389867856952556],[-70.58589474315274,-33.38950815279435],[-70.58625650555793,-33.38906686639267],[-70.58673958444159,-33.38966676747882],[-70.58640027678693,-33.389867856952556]]]}},{"type":"Feature","properties":{"comuna":"Vitacura","zona":"U-V","zona_code":"U-V","nombre":"U-V","decreto":""},"geometry":{"type":"Polygon","coordinates":[[[-70.5857583208549,-33.38945396403079],[-70.58527833156596,-33.389084139463705],[-70.58602947519508,-33.388625947703844],[-70.58617786068066,-33.38896526809346],[-70.5857583208549,-33.38945396403079]]]}},{"type":"Feature","properties":{"comuna":"Vitacura","zona":"U-V","zona_code":"U-V","nombre":"U-V","decreto":""},"geometry":{"type":"Polygon","coordinates":[[[-70.58520348348799,-33.3890349874658],[-70.58489976292603,-33.38859981802252],[-70.58577165030333,-33.38821214644532],[-70.58595656979074,-33.388527139237354],[-70.58520348348799,-33.3890349874658]]]}},{"type":"Feature","properties":{"comuna":"Vitacura","zona":"U-V","zona_code":"U-V","nombre":"U-V","decreto":""},"geometry":{"type":"Polygon","coordinates":[[[-70.58468196404992,-33.388196957464146],[-70.58547753489232,-33.38783603192453],[-70.58572173848282,-33.388126406584554],[-70.58485906223534,-33.38849438291626],[-70.58468196404992,-33.388196957464146]]]}},{"type":"Feature","properties":{"comuna":"Vitacura","zona":"U-V","zona_code":"U-V","nombre":"U-V","decreto":""},"geometry":{"type":"Polygon","coordinates":[[[-70.58461764450283,-33.38810429280942],[-70.58435923783856,-33.3876546538674],[-70.58528252890775,-33.38743526742524],[-70.58547050536625,-33.3877621515757],[-70.58461764450283,-33.38810429280942]]]}},{"type":"Feature","properties":{"comuna":"Vitacura","zona":"U-V","zona_code":"U-V","nombre":"U-V","decreto":""},"geometry":{"type":"Polygon","coordinates":[[[-70.58431333387186,-33.387554544545104],[-70.58428475395569,-33.38703235186188],[-70.58498927734786,-33.38702812074432],[-70.58523998654341,-33.38736374906964],[-70.58431333387186,-33.387554544545104]]]}},{"type":"Feature","properties":{"comuna":"Vitacura","zona":"U-V","zona_code":"U-V","nombre":"U-V","decreto":""},"geometry":{"type":"Polygon","coordinates":[[[-70.58325749850545,-33.38609577591628],[-70.5836577546387,-33.3858950048251],[-70.58391262868071,-33.38614706844273],[-70.58407185655166,-33.38645761971462],[-70.58407784080771,-33.386944314884744],[-70.58374191046539,-33.386971010260844],[-70.58351896714082,-33.38639786450238],[-70.58325749850545,-33.38609577591628]]]}},{"type":"Feature","properties":{"comuna":"Vitacura","zona":"U AVPC","zona_code":"U AVPC","nombre":"U AVPC","decreto":""},"geometry":{"type":"Polygon","coordinates":[[[-70.58374191046539,-33.386971010260844],[-70.58414333356845,-33.386948250425235],[-70.58410680568716,-33.38729289313795],[-70.58385436774083,-33.387169078218825],[-70.58374191046539,-33.386971010260844]]]}},{"type":"Feature","properties":{"comuna":"Vitacura","zona":"U AVPC","zona_code":"U AVPC","nombre":"U AVPC","decreto":""},"geometry":{"type":"Polygon","coordinates":[[[-70.58325749850545,-33.38609577591628],[-70.58317369113433,-33.38602287501048],[-70.58333123877229,-33.385770320540225],[-70.58371143854652,-33.38587523030961],[-70.58325749850545,-33.38609577591628]]]}},{"type":"Feature","properties":{"comuna":"Vitacura","zona":"U Ee4","zona_code":"U Ee4","nombre":"U Ee4","decreto":""},"geometry":{"type":"Polygon","coordinates":[[[-70.58458279359313,-33.38640380681877],[-70.5888946780355,-33.38435215110134],[-70.59195952621242,-33.386521206681174],[-70.59144615547491,-33.387069444612884],[-70.59033898549556,-33.38781140963729],[-70.59028366681103,-33.387764834089225],[-70.58699113114886,-33.38937662786161],[-70.58521493095546,-33.38656520183465],[-70.58480912460156,-33.38673443194691],[-70.58458279359313,-33.38640380681877]]]}},{"type":"Feature","properties":{"comuna":"Vitacura","zona":"U-V","zona_code":"U-V","nombre":"U-V","decreto":""},"geometry":{"type":"Polygon","coordinates":[[[-70.58727596846846,-33.38985053859814],[-70.58678090773824,-33.39017389860273],[-70.58650506592568,-33.38993848425241],[-70.58709226105603,-33.38957603787038],[-70.58727596846846,-33.38985053859814]]]}},{"type":"Feature","properties":{"comuna":"Vitacura","zona":"U-V","zona_code":"U-V","nombre":"U-V","decreto":""},"geometry":{"type":"Polygon","coordinates":[[[-70.58560056188905,-33.3877331755249],[-70.58504732562771,-33.38680741756725],[-70.58496046279889,-33.38691888584491],[-70.58430265938897,-33.38691654915251],[-70.58419277268221,-33.38619018063297],[-70.58438445557454,-33.38609467369686],[-70.58479124373032,-33.3867286955236],[-70.58521493095546,-33.38656520183465],[-70.58588919247838,-33.387611358781825],[-70.58560056188905,-33.3877331755249]]]}},{"type":"Feature","properties":{"comuna":"Vitacura","zona":"U-V","zona_code":"U-V","nombre":"U-V","decreto":""},"geometry":{"type":"Polygon","coordinates":[[[-70.58588220738697,-33.388141933563496],[-70.58614581530756,-33.38802516620114],[-70.5870375300685,-33.38949918838287],[-70.58682986021766,-33.38961518547313],[-70.58588220738697,-33.388141933563496]]]}},{"type":"Feature","properties":{"comuna":"Vitacura","zona":"U AVPC","zona_code":"U AVPC","nombre":"U AVPC","decreto":""},"geometry":{"type":"Polygon","coordinates":[[[-70.58588220738697,-33.388141933563496],[-70.58560056188905,-33.3877331755249],[-70.58588919247838,-33.387611358781825],[-70.58614581530756,-33.38802516620114],[-70.58588220738697,-33.388141933563496]]]}},{"type":"Feature","properties":{"comuna":"Vitacura","zona":"U-V","zona_code":"U-V","nombre":"U-V","decreto":""},"geometry":{"type":"Polygon","coordinates":[[[-70.58699113114886,-33.38937662786161],[-70.59028366681103,-33.387764834089225],[-70.59033898549556,-33.38781140963729],[-70.58727596846846,-33.38985053859814],[-70.58699113114886,-33.38937662786161]]]}},{"type":"Feature","properties":{"comuna":"Vitacura","zona":"U Ee2","zona_code":"U Ee2","nombre":"U Ee2","decreto":""},"geometry":{"type":"Polygon","coordinates":[[[-70.60141387147232,-33.38934188451868],[-70.601723020925,-33.38916748304851],[-70.60190698987057,-33.38896228755845],[-70.60191241689077,-33.3892580971783],[-70.60141387147232,-33.38934188451868]]]}},{"type":"Feature","properties":{"comuna":"Vitacura","zona":"U AVPC","zona_code":"U AVPC","nombre":"U AVPC","decreto":""},"geometry":{"type":"Polygon","coordinates":[[[-70.60055703167409,-33.389490339579936],[-70.60046239964066,-33.38944861006888],[-70.60076623324736,-33.389441809186664],[-70.60055703167409,-33.389490339579936]]]}},{"type":"Feature","properties":{"comuna":"Vitacura","zona":"U AVPC","zona_code":"U AVPC","nombre":"U AVPC","decreto":""},"geometry":{"type":"Polygon","coordinates":[[[-70.59995642876002,-33.38966765537654],[-70.60009769739689,-33.389415136142254],[-70.60046939935992,-33.38952010344526],[-70.59995642876002,-33.38966765537654]]]}},{"type":"Feature","properties":{"comuna":"Vitacura","zona":"U AVPC","zona_code":"U AVPC","nombre":"U AVPC","decreto":""},"geometry":{"type":"Polygon","coordinates":[[[-70.5996068317209,-33.389724914317455],[-70.59919351178877,-33.38927885328896],[-70.60004086538041,-33.38941825440451],[-70.59993914283896,-33.389610457123524],[-70.5996068317209,-33.389724914317455]]]}},{"type":"Feature","properties":{"comuna":"Vitacura","zona":"U AVPC","zona_code":"U AVPC","nombre":"U AVPC","decreto":""},"geometry":{"type":"Polygon","coordinates":[[[-70.59920033258481,-33.38909216981761],[-70.59954017253547,-33.38882436040516],[-70.59973940753521,-33.388986434752276],[-70.60003576651837,-33.389364759787675],[-70.59916888139358,-33.38923860589912],[-70.59920033258481,-33.38909216981761]]]}},{"type":"Feature","properties":{"comuna":"Vitacura","zona":"U AVPC","zona_code":"U AVPC","nombre":"U AVPC","decreto":""},"geometry":{"type":"Polygon","coordinates":[[[-70.59895226775453,-33.389152633749895],[-70.59944244382046,-33.3887998500963],[-70.59945113184429,-33.388808328144776],[-70.59916014445055,-33.38904114752769],[-70.59910485868497,-33.38921139367888],[-70.59895226775453,-33.389152633749895]]]}},{"type":"Feature","properties":{"comuna":"Vitacura","zona":"U AVPC","zona_code":"U AVPC","nombre":"U AVPC","decreto":""},"geometry":{"type":"Polygon","coordinates":[[[-70.60009493238145,-33.38938844662788],[-70.60008461797386,-33.389291225847195],[-70.59983474787857,-33.38897375210327],[-70.60023825142235,-33.38938939401857],[-70.60009493238145,-33.38938844662788]]]}},{"type":"Feature","properties":{"comuna":"Vitacura","zona":"U AVPC","zona_code":"U AVPC","nombre":"U AVPC","decreto":""},"geometry":{"type":"Polygon","coordinates":[[[-70.5997849775576,-33.388958645861706],[-70.59961875509414,-33.38876463293996],[-70.59981204155625,-33.38894541139929],[-70.5997849775576,-33.388958645861706]]]}},{"type":"Feature","properties":{"comuna":"Vitacura","zona":"U AVPC","zona_code":"U AVPC","nombre":"U AVPC","decreto":""},"geometry":{"type":"Polygon","coordinates":[[[-70.59975115762845,-33.388797183294905],[-70.5997537845468,-33.38866113997648],[-70.6001550982418,-33.38839539966886],[-70.60006773303225,-33.38875015105667],[-70.60016320102112,-33.389023801218165],[-70.60039297100563,-33.38924942846322],[-70.60083629174008,-33.38938210525683],[-70.60036482342001,-33.38940918568784],[-70.59975115762845,-33.388797183294905]]]}},{"type":"Feature","properties":{"comuna":"Vitacura","zona":"U Ee2","zona_code":"U Ee2","nombre":"U Ee2","decreto":""},"geometry":{"type":"Polygon","coordinates":[[[-70.60199469614443,-33.389229236524294],[-70.60201879708234,-33.38852740377147],[-70.60189269753013,-33.38799993501262],[-70.60212786739046,-33.38873597479657],[-70.60199469614443,-33.389229236524294]]]}},{"type":"Feature","properties":{"comuna":"Vitacura","zona":"U Ee2","zona_code":"U Ee2","nombre":"U Ee2","decreto":""},"geometry":{"type":"Polygon","coordinates":[[[-70.60190802212622,-33.388535992786984],[-70.60135139212879,-33.38734295577538],[-70.60140144157367,-33.38697007381889],[-70.60150342053815,-33.38679218425926],[-70.60170401004248,-33.38671801144919],[-70.6016878685188,-33.38754381968144],[-70.60190802212622,-33.388535992786984]]]}},{"type":"Feature","properties":{"comuna":"Vitacura","zona":"U Ee2","zona_code":"U Ee2","nombre":"U Ee2","decreto":""},"geometry":{"type":"Polygon","coordinates":[[[-70.60076736928218,-33.389309501609134],[-70.60025081252563,-33.38906084987178],[-70.60014306230185,-33.38861364725117],[-70.60028017813586,-33.38833508837821],[-70.60089307249989,-33.38778791703114],[-70.6011471715197,-33.386908929407305],[-70.60133437490425,-33.38672516857445],[-70.6014433527047,-33.38677387024666],[-70.60131162373735,-33.387345855280365],[-70.60165040280201,-33.38805990591075],[-70.60160306635186,-33.388270495378265],[-70.60174630338219,-33.38832591333508],[-70.60188529858637,-33.38877032479924],[-70.60146588248396,-33.38919649294512],[-70.60076736928218,-33.389309501609134]]]}},{"type":"Feature","properties":{"comuna":"Vitacura","zona":"U AVPC","zona_code":"U AVPC","nombre":"U AVPC","decreto":""},"geometry":{"type":"Polygon","coordinates":[[[-70.59882676606215,-33.38898682496022],[-70.59939154573433,-33.38860731004503],[-70.59948390053067,-33.38868008950675],[-70.59890039379358,-33.38912427103418],[-70.59865598612181,-33.388992089009406],[-70.59882676606215,-33.38898682496022]]]}},{"type":"Feature","properties":{"comuna":"Vitacura","zona":"U AVPC","zona_code":"U AVPC","nombre":"U AVPC","decreto":""},"geometry":{"type":"Polygon","coordinates":[[[-70.59952310043244,-33.3886461781577],[-70.59943760499003,-33.38854566614906],[-70.60017428421554,-33.38801500252542],[-70.60031996932968,-33.38804891592948],[-70.60030014954185,-33.38820904192768],[-70.59952310043244,-33.3886461781577]]]}},{"type":"Feature","properties":{"comuna":"Vitacura","zona":"U AVPC","zona_code":"U AVPC","nombre":"U AVPC","decreto":""},"geometry":{"type":"Polygon","coordinates":[[[-70.60045442973748,-33.38809108600935],[-70.60025458350098,-33.38789561464036],[-70.60091774526349,-33.38683239235403],[-70.6011922271892,-33.386599781965046],[-70.60083470413585,-33.387733033677314],[-70.60045442973748,-33.38809108600935]]]}},{"type":"Feature","properties":{"comuna":"Vitacura","zona":"U AVPC","zona_code":"U AVPC","nombre":"U AVPC","decreto":""},"geometry":{"type":"Polygon","coordinates":[[[-70.60129810267118,-33.38654902270671],[-70.60127899312998,-33.386375559269666],[-70.60140887475139,-33.38626125839087],[-70.60154505557995,-33.386242320689426],[-70.60174539094972,-33.386371448765246],[-70.60165236399378,-33.38663416923386],[-70.60146396322897,-33.38665950774231],[-70.60129810267118,-33.38654902270671]]]}},{"type":"Feature","properties":{"comuna":"Vitacura","zona":"U Ee4","zona_code":"U Ee4","nombre":"U Ee4","decreto":""},"geometry":{"type":"Polygon","coordinates":[[[-70.58425059280806,-33.37403014498189],[-70.58458165329806,-33.371977643045234],[-70.58469250275544,-33.36943087357131],[-70.58611775803314,-33.36960891773229],[-70.59171821234952,-33.36991875887497],[-70.59206879113599,-33.37039597588331],[-70.59206839822549,-33.370959706473414],[-70.59185132119133,-33.37153218121566],[-70.59198303415891,-33.37251775624155],[-70.59191744083205,-33.37281984637475],[-70.59245638273377,-33.37356217972684],[-70.59276415458588,-33.37367455378819],[-70.59319392214489,-33.37423872743178],[-70.59317567882607,-33.37460284876859],[-70.59305869936102,-33.37481611979332],[-70.5951484673222,-33.37499682027995],[-70.59596692774463,-33.375430715632554],[-70.596546351697,-33.37562310070332],[-70.59699847141384,-33.37604678845249],[-70.59693550047972,-33.376685889567455],[-70.59735586518522,-33.377759665370455],[-70.59707674193686,-33.377760334052326],[-70.59693583612373,-33.37801794085896],[-70.59241245764754,-33.382009275770415],[-70.59015817760127,-33.379914951452676],[-70.58928737033872,-33.37982493619478],[-70.58916876854535,-33.38005934203393],[-70.58853662008895,-33.38049531330386],[-70.5886509622423,-33.378270332990695],[-70.58933507700112,-33.378354632043056],[-70.58943330627902,-33.37789165734097],[-70.5896132884216,-33.374653749995616],[-70.58425059280806,-33.37403014498189]]]}},{"type":"Feature","properties":{"comuna":"Vitacura","zona":"U Ee1","zona_code":"U Ee1","nombre":"U Ee1","decreto":""},"geometry":{"type":"Polygon","coordinates":[[[-70.59752297790394,-33.38111350951084],[-70.59776934422355,-33.38103136143838],[-70.59819747588375,-33.381268018338204],[-70.59862142997044,-33.381316244175856],[-70.59934560208421,-33.381062334945675],[-70.59978202625243,-33.38101495228642],[-70.60047594652934,-33.3812446175656],[-70.60121162989918,-33.38165776996869],[-70.60161737805274,-33.38226397919295],[-70.60183780988407,-33.383039607650346],[-70.60194083955498,-33.384004660841214],[-70.60180254889006,-33.385963071270574],[-70.60030780953696,-33.38593234540145],[-70.5997103835497,-33.385739614566745],[-70.5980551836879,-33.38423350102234],[-70.59755183744124,-33.383927400070085],[-70.59678504082018,-33.383679568147926],[-70.59681774953016,-33.382543945218195],[-70.59653943191509,-33.38210643309227],[-70.59752297790394,-33.38111350951084]]]}},{"type":"Feature","properties":{"comuna":"Vitacura","zona":"U POC","zona_code":"U POC","nombre":"U POC","decreto":""},"geometry":{"type":"Polygon","coordinates":[[[-70.59644535295725,-33.38376363470287],[-70.59649740895827,-33.384310602743504],[-70.59694286520696,-33.3851839608338],[-70.60012698250797,-33.38785064133394],[-70.59868109409835,-33.388887865212396],[-70.59377832304321,-33.384955702292395],[-70.59504943493043,-33.383757973897765],[-70.59644535295725,-33.38376363470287]]]}},{"type":"Feature","properties":{"comuna":"Vitacura","zona":"U PVO","zona_code":"U PVO","nombre":"U PVO","decreto":""},"geometry":{"type":"Polygon","coordinates":[[[-70.60030105426264,-33.38760670642407],[-70.59721653356188,-33.38508793559675],[-70.59684055583757,-33.384359039847894],[-70.59678504082018,-33.383679568147926],[-70.59787656667056,-33.384109337628736],[-70.59943611891607,-33.38556180409757],[-70.59988933068365,-33.38581938948076],[-70.60033536609384,-33.38593237508788],[-70.60039036299808,-33.38736484758252],[-70.60030105426264,-33.38760670642407]]]}},{"type":"Feature","properties":{"comuna":"Vitacura","zona":"U AVPC","zona_code":"U AVPC","nombre":"U AVPC","decreto":""},"geometry":{"type":"Polygon","coordinates":[[[-70.60030105426264,-33.38760670642407],[-70.60039036299808,-33.38736484758252],[-70.60033536609384,-33.38593237508788],[-70.60154246207411,-33.38593361766861],[-70.60154579918999,-33.386115517558295],[-70.60124912826139,-33.386223739936604],[-70.60036525552455,-33.38765966152113],[-70.60030105426264,-33.38760670642407]]]}},{"type":"Feature","properties":{"comuna":"Vitacura","zona":"U PVO","zona_code":"U PVO","nombre":"U PVO","decreto":""},"geometry":{"type":"Polygon","coordinates":[[[-70.59504943493043,-33.383757973897765],[-70.59646295824473,-33.38242600207158],[-70.59644535295725,-33.38376363470287],[-70.59504943493043,-33.383757973897765]]]}},{"type":"Feature","properties":{"comuna":"Vitacura","zona":"U POC","zona_code":"U POC","nombre":"U POC","decreto":""},"geometry":{"type":"Polygon","coordinates":[[[-70.59072190594621,-33.38254007917925],[-70.58944970866798,-33.38157956544027],[-70.58338842553476,-33.3796019923134],[-70.5834604310028,-33.379181113734944],[-70.58475017983143,-33.37959881557458],[-70.58489520416364,-33.37923050847271],[-70.58980642774249,-33.380879922708644],[-70.5912521859934,-33.382035168448546],[-70.59072190594621,-33.38254007917925]]]}},{"type":"Feature","properties":{"comuna":"Vitacura","zona":"U-V","zona_code":"U-V","nombre":"U-V","decreto":""},"geometry":{"type":"Polygon","coordinates":[[[-70.5834604310028,-33.379181113734944],[-70.5834801517629,-33.37901383213961],[-70.58369547421552,-33.3790203112214],[-70.58489520416364,-33.37923050847271],[-70.58475017983143,-33.37959881557458],[-70.5834604310028,-33.379181113734944]]]}},{"type":"Feature","properties":{"comuna":"Vitacura","zona":"U PVO","zona_code":"U PVO","nombre":"U PVO","decreto":""},"geometry":{"type":"Polygon","coordinates":[[[-70.58853662008895,-33.38049531330386],[-70.58504581135529,-33.379302738253536],[-70.58496426496481,-33.37926362963031],[-70.58856839643379,-33.37967526850046],[-70.58853662008895,-33.38049531330386]]]}},{"type":"Feature","properties":{"comuna":"Vitacura","zona":"U-V","zona_code":"U-V","nombre":"U-V","decreto":""},"geometry":{"type":"Polygon","coordinates":[[[-70.58026660379436,-33.3829095634298],[-70.5803980621832,-33.38235947318457],[-70.58321790651004,-33.38293159743688],[-70.58309935013753,-33.38345209492284],[-70.58026660379436,-33.3829095634298]]]}},{"type":"Feature","properties":{"comuna":"Vitacura","zona":"U-V","zona_code":"U-V","nombre":"U-V","decreto":""},"geometry":{"type":"Polygon","coordinates":[[[-70.5799343110791,-33.38281834961938],[-70.5792238945699,-33.38265738029667],[-70.57938480370105,-33.382118450811596],[-70.58008111528125,-33.382276197132576],[-70.5799343110791,-33.38281834961938]]]}},{"type":"Feature","properties":{"comuna":"Vitacura","zona":"U-V","zona_code":"U-V","nombre":"U-V","decreto":""},"geometry":{"type":"Polygon","coordinates":[[[-70.58177629085941,-33.38494109451937],[-70.58168806389307,-33.385264418718315],[-70.58044179974658,-33.384991504785354],[-70.5808125242961,-33.38378774812098],[-70.58137776444578,-33.38390223924355],[-70.58120555897905,-33.384523636323884],[-70.58106867578873,-33.384503904864594],[-70.58104457256717,-33.38458653423608],[-70.58141269821598,-33.38465342722473],[-70.58136802836249,-33.384856817932096],[-70.58177629085941,-33.38494109451937]]]}},{"type":"Feature","properties":{"comuna":"Vitacura","zona":"U AVPC","zona_code":"U AVPC","nombre":"U AVPC","decreto":""},"geometry":{"type":"Polygon","coordinates":[[[-70.58141269821598,-33.38465342722473],[-70.58191753625707,-33.38473050682093],[-70.58184055353524,-33.38495578525668],[-70.58136802836249,-33.384856817932096],[-70.58141269821598,-33.38465342722473]]]}},{"type":"Feature","properties":{"comuna":"Vitacura","zona":"U-V","zona_code":"U-V","nombre":"U-V","decreto":""},"geometry":{"type":"Polygon","coordinates":[[[-70.58192079137574,-33.383868672706775],[-70.5806423602771,-33.38363680494311],[-70.58028816043281,-33.384968009653555],[-70.57931376073644,-33.38477736913465],[-70.57986520527162,-33.38410293216566],[-70.58019637494068,-33.38303926930716],[-70.5820628606599,-33.383389633728875],[-70.58192079137574,-33.383868672706775]]]}},{"type":"Feature","properties":{"comuna":"Vitacura","zona":"U AVPC","zona_code":"U AVPC","nombre":"U AVPC","decreto":""},"geometry":{"type":"Polygon","coordinates":[[[-70.58155620374464,-33.383839913902214],[-70.58203212493885,-33.38389111436306],[-70.58196983335877,-33.38406371006888],[-70.58155620374464,-33.383839913902214]]]}},{"type":"Feature","properties":{"comuna":"Vitacura","zona":"U-V","zona_code":"U-V","nombre":"U-V","decreto":""},"geometry":{"type":"Polygon","coordinates":[[[-70.57862947685823,-33.38465661379196],[-70.57919101121873,-33.38279461964712],[-70.57987874649166,-33.382961469355045],[-70.57946726435378,-33.384192586669485],[-70.5789504118231,-33.38470920154381],[-70.57862947685823,-33.38465661379196]]]}},{"type":"Feature","properties":{"comuna":"Vitacura","zona":"U AVPC","zona_code":"U AVPC","nombre":"U AVPC","decreto":""},"geometry":{"type":"Polygon","coordinates":[[[-70.57864030820879,-33.385059136646],[-70.57847183972639,-33.384786874260314],[-70.57887086714565,-33.38483250308305],[-70.57887927061918,-33.384903980169504],[-70.57864030820879,-33.385059136646]]]}},{"type":"Feature","properties":{"comuna":"Vitacura","zona":"U AVPC","zona_code":"U AVPC","nombre":"U AVPC","decreto":""},"geometry":{"type":"Polygon","coordinates":[[[-70.5791471846768,-33.38573796263795],[-70.57875906495593,-33.385138157875964],[-70.57906723060614,-33.384877727383554],[-70.57977351639757,-33.38500594069844],[-70.57977810771092,-33.385456265750285],[-70.5791471846768,-33.38573796263795]]]}},{"type":"Feature","properties":{"comuna":"Vitacura","zona":"U-V","zona_code":"U-V","nombre":"U-V","decreto":""},"geometry":{"type":"Polygon","coordinates":[[[-70.5811839222241,-33.38704599546521],[-70.57988669178731,-33.38534631369634],[-70.57988590802007,-33.38506714564527],[-70.58087072717767,-33.38526219684596],[-70.58081580428757,-33.38552775773638],[-70.58173392225802,-33.3867508830678],[-70.5811839222241,-33.38704599546521]]]}},{"type":"Feature","properties":{"comuna":"Vitacura","zona":"U-V","zona_code":"U-V","nombre":"U-V","decreto":""},"geometry":{"type":"Polygon","coordinates":[[[-70.58170991005765,-33.386163293460235],[-70.58222603390722,-33.38588946594788],[-70.58232487204575,-33.38556750858048],[-70.58309918925679,-33.38572943359252],[-70.58310574651865,-33.38584006673468],[-70.5828189197693,-33.38621023652359],[-70.58205717642406,-33.38661700453588],[-70.58170991005765,-33.386163293460235]]]}},{"type":"Feature","properties":{"comuna":"Vitacura","zona":"U AVPC","zona_code":"U AVPC","nombre":"U AVPC","decreto":""},"geometry":{"type":"Polygon","coordinates":[[[-70.58205717642406,-33.38661700453588],[-70.58184774841517,-33.386738026394355],[-70.58151095836823,-33.3862345499588],[-70.58169143426655,-33.38614825712542],[-70.58205717642406,-33.38661700453588]]]}},{"type":"Feature","properties":{"comuna":"Vitacura","zona":"U-V","zona_code":"U-V","nombre":"U-V","decreto":""},"geometry":{"type":"Polygon","coordinates":[[[-70.5812116908667,-33.38584264683622],[-70.58097622002118,-33.38553067683003],[-70.58100833494493,-33.38529356299634],[-70.58218672918221,-33.38552861040323],[-70.58212328726509,-33.385794757498914],[-70.58177205980293,-33.386001579573595],[-70.5812116908667,-33.38584264683622]]]}},{"type":"Feature","properties":{"comuna":"Vitacura","zona":"U AVPC","zona_code":"U AVPC","nombre":"U AVPC","decreto":""},"geometry":{"type":"Polygon","coordinates":[[[-70.58177205980293,-33.386001579573595],[-70.58143930394323,-33.38618335008456],[-70.58117780862835,-33.385856441235],[-70.58126191165992,-33.385851551090546],[-70.58177205980293,-33.386001579573595]]]}},{"type":"Feature","properties":{"comuna":"Vitacura","zona":"U-V","zona_code":"U-V","nombre":"U-V","decreto":""},"geometry":{"type":"Polygon","coordinates":[[[-70.58052895332126,-33.38740257311635],[-70.57929259926586,-33.38580409308014],[-70.57982920775359,-33.385514504779984],[-70.58109061327598,-33.387126274482604],[-70.58052895332126,-33.38740257311635]]]}},{"type":"Feature","properties":{"comuna":"Vitacura","zona":"U-V","zona_code":"U-V","nombre":"U-V","decreto":""},"geometry":{"type":"Polygon","coordinates":[[[-70.57986579251754,-33.38777251782542],[-70.57866460414697,-33.38623085095801],[-70.57910246243524,-33.38590673050432],[-70.58035023619888,-33.38749816067011],[-70.57986579251754,-33.38777251782542]]]}},{"type":"Feature","properties":{"comuna":"Vitacura","zona":"U-V","zona_code":"U-V","nombre":"U-V","decreto":""},"geometry":{"type":"Polygon","coordinates":[[[-70.57814641240029,-33.38668997435354],[-70.578552227889,-33.386323909043],[-70.57972804740338,-33.38783905564752],[-70.5792477089286,-33.3880967813537],[-70.57814641240029,-33.38668997435354]]]}},{"type":"Feature","properties":{"comuna":"Vitacura","zona":"U-V","zona_code":"U-V","nombre":"U-V","decreto":""},"geometry":{"type":"Polygon","coordinates":[[[-70.57791533737544,-33.38637706412313],[-70.5788155066762,-33.38554453022391],[-70.57901197001928,-33.385794301832284],[-70.57805896712719,-33.38657297265865],[-70.57791533737544,-33.38637706412313]]]}},{"type":"Feature","properties":{"comuna":"Vitacura","zona":"U-V","zona_code":"U-V","nombre":"U-V","decreto":""},"geometry":{"type":"Polygon","coordinates":[[[-70.57863243681815,-33.38844248083429],[-70.57788720230333,-33.387482684327615],[-70.57832997153672,-33.38719369948639],[-70.57914018724674,-33.38815275924095],[-70.57863243681815,-33.38844248083429]]]}},{"type":"Feature","properties":{"comuna":"Vitacura","zona":"U-V","zona_code":"U-V","nombre":"U-V","decreto":""},"geometry":{"type":"Polygon","coordinates":[[[-70.57742794147674,-33.386795173827764],[-70.5773747243338,-33.38665146843876],[-70.57782052132046,-33.386490024745335],[-70.5782670081044,-33.38705431477793],[-70.5772466603737,-33.38764890906701],[-70.57705228279032,-33.3873203031165],[-70.57764354324834,-33.386984693654504],[-70.57757465652597,-33.386911003080904],[-70.57721601402872,-33.387133296741965],[-70.57713576541941,-33.38702097457947],[-70.57742794147674,-33.386795173827764]]]}},{"type":"Feature","properties":{"comuna":"Vitacura","zona":"U-V","zona_code":"U-V","nombre":"U-V","decreto":""},"geometry":{"type":"Polygon","coordinates":[[[-70.57742268412275,-33.38774245286075],[-70.57777792248037,-33.387534779308105],[-70.57849282674196,-33.38853203989938],[-70.57828510994307,-33.38864578415985],[-70.57801241078852,-33.3883249868193],[-70.57788190040205,-33.38838609800109],[-70.57751858187443,-33.387889626985185],[-70.57745897213653,-33.387917456429335],[-70.57742268412275,-33.38774245286075]]]}},{"type":"Feature","properties":{"comuna":"Vitacura","zona":"U-V","zona_code":"U-V","nombre":"U-V","decreto":""},"geometry":{"type":"Polygon","coordinates":[[[-70.57583811868723,-33.38930481919514],[-70.57718486094066,-33.38859280152686],[-70.57761208415491,-33.389004513560984],[-70.57708592679397,-33.38948295771979],[-70.57690522776691,-33.38932120684134],[-70.57702242732792,-33.389510609142874],[-70.57685470722198,-33.38967380494085],[-70.5765552460823,-33.389433031591594],[-70.57626515387149,-33.38951426691317],[-70.57636775767531,-33.38968297573902],[-70.57657231752789,-33.389590895585],[-70.57676028914126,-33.3897615026357],[-70.57631503007535,-33.39009793544095],[-70.57544368503864,-33.38930994705172],[-70.57571487194441,-33.38916631693741],[-70.57583811868723,-33.38930481919514]]]}},{"type":"Feature","properties":{"comuna":"Vitacura","zona":"U AVPC","zona_code":"U AVPC","nombre":"U AVPC","decreto":""},"geometry":{"type":"Polygon","coordinates":[[[-70.57571487194441,-33.38916631693741],[-70.57600658039142,-33.388977687723525],[-70.57628196316269,-33.38906665133841],[-70.57583811868723,-33.38930481919514],[-70.57571487194441,-33.38916631693741]]]}},{"type":"Feature","properties":{"comuna":"Vitacura","zona":"U AVPC","zona_code":"U AVPC","nombre":"U AVPC","decreto":""},"geometry":{"type":"Polygon","coordinates":[[[-70.57541842629573,-33.38928938913075],[-70.57637861429694,-33.39014252743622],[-70.5761593801209,-33.39022548665203],[-70.57535158502225,-33.38932901265452],[-70.57541842629573,-33.38928938913075]]]}},{"type":"Feature","properties":{"comuna":"Vitacura","zona":"U-V","zona_code":"U-V","nombre":"U-V","decreto":""},"geometry":{"type":"Polygon","coordinates":[[[-70.5760124720222,-33.39037964741716],[-70.57501332851167,-33.391221044069674],[-70.5745441497029,-33.39085308740479],[-70.57561981381481,-33.389900248498506],[-70.5760124720222,-33.39037964741716]]]}},{"type":"Feature","properties":{"comuna":"Vitacura","zona":"U AVPC","zona_code":"U AVPC","nombre":"U AVPC","decreto":""},"geometry":{"type":"Polygon","coordinates":[[[-70.57561981381481,-33.389900248498506],[-70.57571223960812,-33.38982033192453],[-70.57592031078325,-33.390001422381914],[-70.57605280170603,-33.390407768741866],[-70.57561981381481,-33.389900248498506]]]}},{"type":"Feature","properties":{"comuna":"Vitacura","zona":"U AVPC","zona_code":"U AVPC","nombre":"U AVPC","decreto":""},"geometry":{"type":"Polygon","coordinates":[[[-70.5741378750114,-33.391574402690125],[-70.57289822571836,-33.39105324245521],[-70.57289413399687,-33.391023467572275],[-70.5731462674633,-33.390808501367225],[-70.5741378750114,-33.391574402690125]]]}},{"type":"Feature","properties":{"comuna":"Vitacura","zona":"U-V","zona_code":"U-V","nombre":"U-V","decreto":""},"geometry":{"type":"Polygon","coordinates":[[[-70.57553396572153,-33.389824457180744],[-70.57449606788131,-33.39072821113407],[-70.5741042928172,-33.39042176655879],[-70.57516580678184,-33.389472928565674],[-70.57553396572153,-33.389824457180744]]]}},{"type":"Feature","properties":{"comuna":"Vitacura","zona":"U AVPC","zona_code":"U AVPC","nombre":"U AVPC","decreto":""},"geometry":{"type":"Polygon","coordinates":[[[-70.57516580678184,-33.389472928565674],[-70.57524638727539,-33.38939860354516],[-70.57562172844328,-33.389769893049994],[-70.57553396572153,-33.389824457180744],[-70.57516580678184,-33.389472928565674]]]}},{"type":"Feature","properties":{"comuna":"Vitacura","zona":"U-V","zona_code":"U-V","nombre":"U-V","decreto":""},"geometry":{"type":"Polygon","coordinates":[[[-70.5748162286677,-33.38947818482479],[-70.5746083864624,-33.38932157735902],[-70.57482358830771,-33.38915432692567],[-70.57508244551566,-33.389393049745884],[-70.57396369557019,-33.390393606185256],[-70.57364658754763,-33.39014344403885],[-70.5744961210677,-33.38941217923875],[-70.57474169209937,-33.38955556768194],[-70.5748162286677,-33.38947818482479]]]}},{"type":"Feature","properties":{"comuna":"Vitacura","zona":"U AVPC","zona_code":"U AVPC","nombre":"U AVPC","decreto":""},"geometry":{"type":"Polygon","coordinates":[[[-70.5751276027571,-33.38937338622676],[-70.57457858863934,-33.38889835393122],[-70.57466894378098,-33.3888614166216],[-70.57514897531937,-33.389296759226546],[-70.5751276027571,-33.38937338622676]]]}},{"type":"Feature","properties":{"comuna":"Vitacura","zona":"U-V","zona_code":"U-V","nombre":"U-V","decreto":""},"geometry":{"type":"Polygon","coordinates":[[[-70.5765342301857,-33.38808400938856],[-70.57695078264553,-33.38853854917162],[-70.57636867170838,-33.38884740953146],[-70.57621876167825,-33.38873668787222],[-70.57530720925199,-33.38928550285374],[-70.57494190445438,-33.389014963605405],[-70.57510943697197,-33.388894811515314],[-70.57501719108906,-33.3888322842044],[-70.57534972331285,-33.38874525612963],[-70.57519582491138,-33.38863255288768],[-70.57564610832931,-33.38852002198469],[-70.57559242266638,-33.38838230823903],[-70.57583569546739,-33.38830763396003],[-70.57599128357484,-33.38841780781588],[-70.57590648841082,-33.38829003267481],[-70.5765342301857,-33.38808400938856]]]}},{"type":"Feature","properties":{"comuna":"Vitacura","zona":"U AVPC","zona_code":"U AVPC","nombre":"U AVPC","decreto":""},"geometry":{"type":"Polygon","coordinates":[[[-70.5760075970429,-33.38888826491898],[-70.57627553532997,-33.388730239926076],[-70.57639683447644,-33.38889477470305],[-70.5762323074629,-33.38898276567657],[-70.5760075970429,-33.38888826491898]]]}},{"type":"Feature","properties":{"comuna":"Vitacura","zona":"U-V","zona_code":"U-V","nombre":"U-V","decreto":""},"geometry":{"type":"Polygon","coordinates":[[[-70.5759509555234,-33.38797961439948],[-70.57652330296068,-33.387717551508175],[-70.57663990905111,-33.38793629885045],[-70.57607648126627,-33.38812152265168],[-70.5759509555234,-33.38797961439948]]]}},{"type":"Feature","properties":{"comuna":"Vitacura","zona":"U AVPC","zona_code":"U AVPC","nombre":"U AVPC","decreto":""},"geometry":{"type":"Polygon","coordinates":[[[-70.57549892377384,-33.388269747445165],[-70.57541916379557,-33.388137137254574],[-70.57558917103867,-33.38797463038917],[-70.57577564931404,-33.38822041966822],[-70.57549892377384,-33.388269747445165]]]}},{"type":"Feature","properties":{"comuna":"Vitacura","zona":"U Ee3","zona_code":"U Ee3","nombre":"U Ee3","decreto":""},"geometry":{"type":"Polygon","coordinates":[[[-70.56544873052579,-33.39572129530255],[-70.56573030679895,-33.395242900018104],[-70.56934193382932,-33.396501294001276],[-70.5694571063253,-33.3966462165997],[-70.5694722157602,-33.39696136397199],[-70.56888031987188,-33.396933057845224],[-70.56510599372386,-33.39564449017164],[-70.56544873052579,-33.39572129530255]]]}},{"type":"Feature","properties":{"comuna":"Vitacura","zona":"U PVO","zona_code":"U PVO","nombre":"U PVO","decreto":""},"geometry":{"type":"Polygon","coordinates":[[[-70.57029812665441,-33.39550624364218],[-70.57153197161753,-33.39609156576355],[-70.57126547742267,-33.39690362695041],[-70.57085136708564,-33.39696780562975],[-70.57045332194265,-33.39680445765755],[-70.56959503985156,-33.39678668549897],[-70.56953759667621,-33.3965029844735],[-70.56914965019898,-33.39631700070887],[-70.56902441168093,-33.39523694474998],[-70.57015138798342,-33.395770285433855],[-70.57029812665441,-33.39550624364218]]]}},{"type":"Feature","properties":{"comuna":"Vitacura","zona":"U-V","zona_code":"U-V","nombre":"U-V","decreto":""},"geometry":{"type":"Polygon","coordinates":[[[-70.56893191031143,-33.39434760995802],[-70.56916824128413,-33.39432858636116],[-70.56931982429738,-33.39503869378766],[-70.57029812665441,-33.39550624364218],[-70.57015138798342,-33.395770285433855],[-70.56902441168093,-33.39523694474998],[-70.56893191031143,-33.39434760995802]]]}},{"type":"Feature","properties":{"comuna":"Vitacura","zona":"U-V","zona_code":"U-V","nombre":"U-V","decreto":""},"geometry":{"type":"Polygon","coordinates":[[[-70.56840311619642,-33.3960650863201],[-70.56820541652358,-33.39471941637404],[-70.56876482490186,-33.39466462220298],[-70.56897034092594,-33.396252803285726],[-70.56840311619642,-33.3960650863201]]]}},{"type":"Feature","properties":{"comuna":"Vitacura","zona":"U AVPC","zona_code":"U AVPC","nombre":"U AVPC","decreto":""},"geometry":{"type":"Polygon","coordinates":[[[-70.56746474697583,-33.39576913344619],[-70.56740865435953,-33.3956553076253],[-70.56790313934104,-33.39467790091342],[-70.56809165641845,-33.3947208542277],[-70.56825425584651,-33.39585460224154],[-70.5680748596902,-33.39597670887899],[-70.56746474697583,-33.39576913344619]]]}},{"type":"Feature","properties":{"comuna":"Vitacura","zona":"U AVPC","zona_code":"U AVPC","nombre":"U AVPC","decreto":""},"geometry":{"type":"Polygon","coordinates":[[[-70.56893191031143,-33.39434760995802],[-70.56907558677999,-33.39385825761596],[-70.56913253484527,-33.393861354915245],[-70.56919089049245,-33.394322573179814],[-70.56893191031143,-33.39434760995802]]]}},{"type":"Feature","properties":{"comuna":"Vitacura","zona":"U-V","zona_code":"U-V","nombre":"U-V","decreto":""},"geometry":{"type":"Polygon","coordinates":[[[-70.56864387929119,-33.39330104012089],[-70.56880477086763,-33.39423209396816],[-70.56875187108386,-33.39458094856343],[-70.56819724011017,-33.39461659380329],[-70.56817510826232,-33.39427136086557],[-70.56864387929119,-33.39330104012089]]]}},{"type":"Feature","properties":{"comuna":"Vitacura","zona":"U AVPC","zona_code":"U AVPC","nombre":"U AVPC","decreto":""},"geometry":{"type":"Polygon","coordinates":[[[-70.56864387929119,-33.39330104012089],[-70.5687449557453,-33.39318294869909],[-70.56904015408327,-33.39340064984725],[-70.56884337988389,-33.39422778825322],[-70.56864387929119,-33.39330104012089]]]}},{"type":"Feature","properties":{"comuna":"Vitacura","zona":"U AVPC","zona_code":"U AVPC","nombre":"U AVPC","decreto":""},"geometry":{"type":"Polygon","coordinates":[[[-70.56806427045593,-33.39462915069868],[-70.56795998265137,-33.39457517290279],[-70.5680299762751,-33.39443350558715],[-70.56806427045593,-33.39462915069868]]]}},{"type":"Feature","properties":{"comuna":"Vitacura","zona":"U-V","zona_code":"U-V","nombre":"U-V","decreto":""},"geometry":{"type":"Polygon","coordinates":[[[-70.56722981465558,-33.39566329179888],[-70.56679342549864,-33.39551966971161],[-70.56732550077696,-33.394457081833316],[-70.56778369746469,-33.3946272709378],[-70.56722981465558,-33.39566329179888]]]}},{"type":"Feature","properties":{"comuna":"Vitacura","zona":"U-V","zona_code":"U-V","nombre":"U-V","decreto":""},"geometry":{"type":"Polygon","coordinates":[[[-70.56670385359449,-33.39548202595502],[-70.56631362798863,-33.39533483678556],[-70.56686040954087,-33.39429890950278],[-70.56721551083236,-33.39447040177818],[-70.56670385359449,-33.39548202595502]]]}},{"type":"Feature","properties":{"comuna":"Vitacura","zona":"U-V","zona_code":"U-V","nombre":"U-V","decreto":""},"geometry":{"type":"Polygon","coordinates":[[[-70.56619669771497,-33.39530230971236],[-70.56578852618765,-33.3951299331652],[-70.56628218280589,-33.394105488290094],[-70.56673137207909,-33.39428116376139],[-70.56619669771497,-33.39530230971236]]]}},{"type":"Feature","properties":{"comuna":"Vitacura","zona":"U-V","zona_code":"U-V","nombre":"U-V","decreto":""},"geometry":{"type":"Polygon","coordinates":[[[-70.56741776634406,-33.39439132328713],[-70.56803095023798,-33.39305449514131],[-70.56850220405214,-33.393160090597675],[-70.56782946147855,-33.39453052063792],[-70.56741776634406,-33.39439132328713]]]}},{"type":"Feature","properties":{"comuna":"Vitacura","zona":"U-V","zona_code":"U-V","nombre":"U-V","decreto":""},"geometry":{"type":"Polygon","coordinates":[[[-70.56727440014662,-33.39432811217252],[-70.56690814355058,-33.394208659505644],[-70.56690384464459,-33.39412758457693],[-70.56749424986263,-33.392947577428174],[-70.567908119059,-33.39302586262581],[-70.56727440014662,-33.39432811217252]]]}},{"type":"Feature","properties":{"comuna":"Vitacura","zona":"U-V","zona_code":"U-V","nombre":"U-V","decreto":""},"geometry":{"type":"Polygon","coordinates":[[[-70.56676231382819,-33.394166595637806],[-70.56633556536356,-33.39400495377996],[-70.56692327909151,-33.392833096207575],[-70.56738260803834,-33.39290842366849],[-70.56676231382819,-33.394166595637806]]]}},{"type":"Feature","properties":{"comuna":"Vitacura","zona":"U-V","zona_code":"U-V","nombre":"U-V","decreto":""},"geometry":{"type":"Polygon","coordinates":[[[-70.5712687976563,-33.39590590199685],[-70.57091763986554,-33.395705407987855],[-70.5713043365739,-33.39493694717385],[-70.57089304289137,-33.39484441881838],[-70.57094399818304,-33.39426155636519],[-70.57155428141296,-33.39453203257587],[-70.57138979742474,-33.39475413565982],[-70.57157163429721,-33.39486827699115],[-70.5712687976563,-33.39590590199685]]]}},{"type":"Feature","properties":{"comuna":"Vitacura","zona":"U AVPC","zona_code":"U AVPC","nombre":"U AVPC","decreto":""},"geometry":{"type":"Polygon","coordinates":[[[-70.57115385601475,-33.395027451126644],[-70.57085845837906,-33.39505219016313],[-70.5708498813591,-33.394954944500576],[-70.5711118034295,-33.39496689893725],[-70.57115385601475,-33.395027451126644]]]}},{"type":"Feature","properties":{"comuna":"Vitacura","zona":"U-V","zona_code":"U-V","nombre":"U-V","decreto":""},"geometry":{"type":"Polygon","coordinates":[[[-70.57077655681086,-33.395632151696425],[-70.57003031608755,-33.39526363286544],[-70.57020559640577,-33.39400115158877],[-70.57081484349465,-33.394218690943106],[-70.57072108759678,-33.39507888795881],[-70.57103922898006,-33.395179850010635],[-70.57077655681086,-33.395632151696425]]]}},{"type":"Feature","properties":{"comuna":"Vitacura","zona":"U-V","zona_code":"U-V","nombre":"U-V","decreto":""},"geometry":{"type":"Polygon","coordinates":[[[-70.5699155311901,-33.39518701887977],[-70.56937357907245,-33.39490753925594],[-70.56919795144466,-33.393445267025136],[-70.57007275634629,-33.39384580868045],[-70.5700197304366,-33.39485164124984],[-70.5699155311901,-33.39518701887977]]]}},{"type":"Feature","properties":{"comuna":"Vitacura","zona":"U-V","zona_code":"U-V","nombre":"U-V","decreto":""},"geometry":{"type":"Polygon","coordinates":[[[-70.57092326029274,-33.391488505970315],[-70.57147237842179,-33.39152698461251],[-70.57138896203294,-33.39308762161094],[-70.57094238820959,-33.39305738867874],[-70.5708658581318,-33.392598310604555],[-70.57092326029274,-33.391488505970315]]]}},{"type":"Feature","properties":{"comuna":"Vitacura","zona":"U AVPC","zona_code":"U AVPC","nombre":"U AVPC","decreto":""},"geometry":{"type":"Polygon","coordinates":[[[-70.57138896203294,-33.39308762161094],[-70.57137134336642,-33.39337303550963],[-70.57126088429597,-33.39343132017296],[-70.57098522071394,-33.39328782535424],[-70.57091529255759,-33.39306918519449],[-70.57138896203294,-33.39308762161094]]]}},{"type":"Feature","properties":{"comuna":"Vitacura","zona":"U AVPC","zona_code":"U AVPC","nombre":"U AVPC","decreto":""},"geometry":{"type":"Polygon","coordinates":[[[-70.57092326029274,-33.391488505970315],[-70.57099528443274,-33.391191331218906],[-70.57117626221856,-33.391131771469254],[-70.57135560844948,-33.39123449049894],[-70.57151098713949,-33.39152267718902],[-70.57092326029274,-33.391488505970315]]]}},{"type":"Feature","properties":{"comuna":"Vitacura","zona":"U POC","zona_code":"U POC","nombre":"U POC","decreto":""},"geometry":{"type":"Polygon","coordinates":[[[-70.57157973824057,-33.39143797436384],[-70.57219839791333,-33.39145592582058],[-70.57218098675203,-33.39222949384756],[-70.57158956853718,-33.39218517637743],[-70.57157973824057,-33.39143797436384]]]}},{"type":"Feature","properties":{"comuna":"Vitacura","zona":"U Ee1","zona_code":"U Ee1","nombre":"U Ee1","decreto":""},"geometry":{"type":"Polygon","coordinates":[[[-70.57095675369955,-33.3911127307588],[-70.57116999174632,-33.39052260406498],[-70.57179479735984,-33.390790467997384],[-70.57219749415468,-33.391291227709],[-70.57219839791333,-33.39145592582058],[-70.57157973824057,-33.39143797436384],[-70.57129067599347,-33.39109451928707],[-70.57095675369955,-33.3911127307588]]]}},{"type":"Feature","properties":{"comuna":"Vitacura","zona":"U-V","zona_code":"U-V","nombre":"U-V","decreto":""},"geometry":{"type":"Polygon","coordinates":[[[-70.56963271014904,-33.392811267328064],[-70.56910260052658,-33.39279411153725],[-70.56892097854433,-33.39218495999545],[-70.56994580358287,-33.39222866696776],[-70.57003483592999,-33.39362045003741],[-70.56916836309279,-33.393226943502476],[-70.56911880299651,-33.39290426557569],[-70.56962737021418,-33.39290976329417],[-70.56963271014904,-33.392811267328064]]]}},{"type":"Feature","properties":{"comuna":"Vitacura","zona":"U-V","zona_code":"U-V","nombre":"U-V","decreto":""},"geometry":{"type":"Polygon","coordinates":[[[-70.56909458816459,-33.39144813117082],[-70.56851450372224,-33.39141967418217],[-70.5685633455566,-33.390971655070175],[-70.56944135537019,-33.39135426502795],[-70.56944364370379,-33.39167934815569],[-70.56952524485398,-33.39166936781676],[-70.5695342641672,-33.391379934141135],[-70.56993999956661,-33.39140164532954],[-70.56997058225595,-33.392120075952676],[-70.56883912000863,-33.392071758173],[-70.5685521416348,-33.39153552216556],[-70.56909005045891,-33.39159135760711],[-70.56909458816459,-33.39144813117082]]]}},{"type":"Feature","properties":{"comuna":"Vitacura","zona":"U-V","zona_code":"U-V","nombre":"U-V","decreto":""},"geometry":{"type":"Polygon","coordinates":[[[-70.5686364306848,-33.39083740568828],[-70.5690182522152,-33.390240814921306],[-70.56953476287048,-33.39064947086589],[-70.56968249923717,-33.39051302298232],[-70.57016992348842,-33.390694555173866],[-70.57012058366132,-33.39079954303906],[-70.56977178873316,-33.39070135329199],[-70.5696936183856,-33.39078347057113],[-70.56986833760662,-33.390850458750585],[-70.56985855071173,-33.39127071861089],[-70.56910771222367,-33.39110346519382],[-70.5686364306848,-33.39083740568828]]]}},{"type":"Feature","properties":{"comuna":"Vitacura","zona":"U PC","zona_code":"U PC","nombre":"U PC","decreto":""},"geometry":{"type":"Polygon","coordinates":[[[-70.56950583191542,-33.39042457537483],[-70.56970961642243,-33.390149403460406],[-70.5692552716464,-33.389907914695826],[-70.56943522358087,-33.38970104568622],[-70.57053987966275,-33.39023110715821],[-70.57025767112961,-33.39051385820235],[-70.56993688630403,-33.39039145155144],[-70.56983085034636,-33.39057403007507],[-70.56950583191542,-33.39042457537483]]]}},{"type":"Feature","properties":{"comuna":"Vitacura","zona":"U PVO","zona_code":"U PVO","nombre":"U PVO","decreto":""},"geometry":{"type":"Polygon","coordinates":[[[-70.5690880192989,-33.39016596138353],[-70.56914971463996,-33.39002925662022],[-70.56960456691247,-33.39027611074055],[-70.56950583191542,-33.39042457537483],[-70.5690880192989,-33.39016596138353]]]}},{"type":"Feature","properties":{"comuna":"Vitacura","zona":"U PVO","zona_code":"U PVO","nombre":"U PVO","decreto":""},"geometry":{"type":"MultiPolygon","coordinates":[[[[-70.56914971463996,-33.39002925662022],[-70.5692552716464,-33.389907914695826],[-70.56970961642243,-33.390149403460406],[-70.56960456691247,-33.39027611074055],[-70.56914971463996,-33.39002925662022]]],[[[-70.57016992348842,-33.390694555173866],[-70.56983085034636,-33.39057403007507],[-70.56991529444731,-33.39045615086881],[-70.57019579334694,-33.390552820057195],[-70.57016992348842,-33.390694555173866]]]]}},{"type":"Feature","properties":{"comuna":"Vitacura","zona":"U AVPC","zona_code":"U AVPC","nombre":"U AVPC","decreto":""},"geometry":{"type":"Polygon","coordinates":[[[-70.57245679865635,-33.39099745707578],[-70.57218944117587,-33.39084097304122],[-70.57217188037849,-33.39049759215635],[-70.57241930250615,-33.39033697103213],[-70.57268395167311,-33.39034316200034],[-70.57292364395015,-33.39054294522523],[-70.57292798464644,-33.39078389052194],[-70.57274928640255,-33.390969887974975],[-70.57245679865635,-33.39099745707578]]]}},{"type":"Feature","properties":{"comuna":"Vitacura","zona":"U AVPC","zona_code":"U AVPC","nombre":"U AVPC","decreto":""},"geometry":{"type":"Polygon","coordinates":[[[-70.5720064122077,-33.39062853997401],[-70.57078031606434,-33.39014775049411],[-70.57077997273443,-33.39012866635744],[-70.57208713150585,-33.390372200081906],[-70.5720064122077,-33.39062853997401]]]}},{"type":"Feature","properties":{"comuna":"Vitacura","zona":"U POC","zona_code":"U POC","nombre":"U POC","decreto":""},"geometry":{"type":"Polygon","coordinates":[[[-70.57197892475438,-33.38888593217389],[-70.5722339505179,-33.388799079950275],[-70.57275537774665,-33.389750016065726],[-70.57241264159074,-33.389927288987096],[-70.57197892475438,-33.38888593217389]]]}},{"type":"Feature","properties":{"comuna":"Vitacura","zona":"U PVO","zona_code":"U PVO","nombre":"U PVO","decreto":""},"geometry":{"type":"Polygon","coordinates":[[[-70.57263024610674,-33.38956351486591],[-70.5723783878034,-33.38915229397229],[-70.5722339505179,-33.388799079950275],[-70.57259217823564,-33.38878271525591],[-70.57289685994637,-33.38939303499486],[-70.57263024610674,-33.38956351486591]]]}},{"type":"Feature","properties":{"comuna":"Vitacura","zona":"U-V","zona_code":"U-V","nombre":"U-V","decreto":""},"geometry":{"type":"Polygon","coordinates":[[[-70.5729526356097,-33.38929176215857],[-70.57388611379832,-33.38841196830999],[-70.57415502235091,-33.388658624572855],[-70.5731608400361,-33.38946255299754],[-70.5729526356097,-33.38929176215857]]]}},{"type":"Feature","properties":{"comuna":"Vitacura","zona":"U AVPC","zona_code":"U AVPC","nombre":"U AVPC","decreto":""},"geometry":{"type":"Polygon","coordinates":[[[-70.57287791183836,-33.38915699868608],[-70.57271518641167,-33.38880829905111],[-70.57322777808075,-33.38884117186184],[-70.57322299278482,-33.388891341819026],[-70.57287791183836,-33.38915699868608]]]}},{"type":"Feature","properties":{"comuna":"Vitacura","zona":"U POC","zona_code":"U POC","nombre":"U POC","decreto":""},"geometry":{"type":"Polygon","coordinates":[[[-70.57167289445687,-33.38815650666931],[-70.57199643619936,-33.38810478518521],[-70.57224501735458,-33.388680274765115],[-70.57194431470043,-33.38876461776621],[-70.57167289445687,-33.38815650666931]]]}},{"type":"Feature","properties":{"comuna":"Vitacura","zona":"U-V","zona_code":"U-V","nombre":"U-V","decreto":""},"geometry":{"type":"Polygon","coordinates":[[[-70.57161677660872,-33.38804552737683],[-70.57123914989985,-33.387095376765075],[-70.57189688391858,-33.38689615414806],[-70.57212193111403,-33.387349651872945],[-70.57225506504625,-33.387437446216026],[-70.57423695209238,-33.38771655013483],[-70.57453457937557,-33.387659085035665],[-70.57518310353944,-33.387264896215235],[-70.57566292082316,-33.38729486357799],[-70.57490177070973,-33.387764958880744],[-70.57503049953776,-33.38794413784864],[-70.5746287447509,-33.38801057145511],[-70.57471889532042,-33.38816430862726],[-70.57419849521405,-33.38852681655168],[-70.57377350859636,-33.38816135942642],[-70.57204250451787,-33.38799360447881],[-70.57161677660872,-33.38804552737683]]]}},{"type":"Feature","properties":{"comuna":"Vitacura","zona":"U-V","zona_code":"U-V","nombre":"U-V","decreto":""},"geometry":{"type":"Polygon","coordinates":[[[-70.57430455801948,-33.38758783584717],[-70.57232963913576,-33.387332266729125],[-70.57203004356941,-33.38680633963561],[-70.5743868296316,-33.38705527897033],[-70.57430455801948,-33.38758783584717]]]}},{"type":"Feature","properties":{"comuna":"Vitacura","zona":"U AVPC","zona_code":"U AVPC","nombre":"U AVPC","decreto":""},"geometry":{"type":"Polygon","coordinates":[[[-70.5743868296316,-33.38705527897033],[-70.57513983895247,-33.38711014843159],[-70.57516458606659,-33.38717127706061],[-70.5743051601612,-33.387621234395866],[-70.5743868296316,-33.38705527897033]]]}},{"type":"Feature","properties":{"comuna":"Vitacura","zona":"U-V","zona_code":"U-V","nombre":"U-V","decreto":""},"geometry":{"type":"Polygon","coordinates":[[[-70.57441464055103,-33.38692235288597],[-70.57239793066556,-33.38665132780147],[-70.57195567973143,-33.386668014956435],[-70.571811188921,-33.3862433340389],[-70.57203304440091,-33.386053450740306],[-70.57450420689187,-33.3863578167598],[-70.57441464055103,-33.38692235288597]]]}},{"type":"Feature","properties":{"comuna":"Vitacura","zona":"U AVPC","zona_code":"U AVPC","nombre":"U AVPC","decreto":""},"geometry":{"type":"Polygon","coordinates":[[[-70.57450420689187,-33.3863578167598],[-70.57462802203494,-33.386388967295815],[-70.57519947222434,-33.38703647084029],[-70.57442442900556,-33.38696040654548],[-70.57450420689187,-33.3863578167598]]]}},{"type":"Feature","properties":{"comuna":"Vitacura","zona":"U AVPC","zona_code":"U AVPC","nombre":"U AVPC","decreto":""},"geometry":{"type":"Polygon","coordinates":[[[-70.5766238822382,-33.38721823548778],[-70.57655578200159,-33.38708452281305],[-70.57669435039102,-33.38700831384547],[-70.57670008888347,-33.387137093062265],[-70.5766238822382,-33.38721823548778]]]}},{"type":"Feature","properties":{"comuna":"Vitacura","zona":"U AVPC","zona_code":"U AVPC","nombre":"U AVPC","decreto":""},"geometry":{"type":"Polygon","coordinates":[[[-70.5763491441228,-33.38736059953373],[-70.57643174288526,-33.38720922327177],[-70.57654438927631,-33.38729278113504],[-70.57649422676283,-33.387361619666734],[-70.5763491441228,-33.38736059953373]]]}},{"type":"Feature","properties":{"comuna":"Vitacura","zona":"U AVPC","zona_code":"U AVPC","nombre":"U AVPC","decreto":""},"geometry":{"type":"Polygon","coordinates":[[[-70.57616422477489,-33.38723266525466],[-70.57620473730881,-33.38701882979052],[-70.57629328058835,-33.38700768279162],[-70.57634164907904,-33.387134488341864],[-70.57616422477489,-33.38723266525466]]]}},{"type":"Feature","properties":{"comuna":"Vitacura","zona":"U AVPC","zona_code":"U AVPC","nombre":"U AVPC","decreto":""},"geometry":{"type":"Polygon","coordinates":[[[-70.5764724873106,-33.38700826945745],[-70.57641077895448,-33.386898814502516],[-70.57658478975534,-33.38689517152899],[-70.5764724873106,-33.38700826945745]]]}},{"type":"Feature","properties":{"comuna":"Vitacura","zona":"U-V","zona_code":"U-V","nombre":"U-V","decreto":""},"geometry":{"type":"MultiPolygon","coordinates":[[[[-70.57423223943691,-33.385712424104376],[-70.57423547587032,-33.38557637196413],[-70.57380220339908,-33.38552460075041],[-70.57380277501129,-33.38524064348295],[-70.57341631444747,-33.38478740447285],[-70.5736284939365,-33.38464434141879],[-70.57433952307011,-33.38539617425403],[-70.57429144858793,-33.38565917643612],[-70.57461641845784,-33.38576953885867],[-70.57457977280629,-33.38596627632521],[-70.57509893959113,-33.38603433306097],[-70.57499227459371,-33.386153500591455],[-70.5758191352548,-33.387022854453456],[-70.57530957240463,-33.386968177756295],[-70.57459400886916,-33.38627859807515],[-70.57303261652217,-33.38606646858764],[-70.57305323207187,-33.38563193018072],[-70.57270994458683,-33.38520677527949],[-70.573304286689,-33.38488427098199],[-70.57366670880552,-33.385266230216594],[-70.5736656638787,-33.38552394614805],[-70.57343584229514,-33.38555549418846],[-70.57347422664039,-33.38563375129784],[-70.57423223943691,-33.385712424104376]]],[[[-70.5738650862076,-33.38448481629751],[-70.57387437112766,-33.38447855695545],[-70.57388163521281,-33.38448626579479],[-70.5738650862076,-33.38448481629751]]]]}},{"type":"Feature","properties":{"comuna":"Vitacura","zona":"U-V","zona_code":"U-V","nombre":"U-V","decreto":""},"geometry":{"type":"MultiPolygon","coordinates":[[[[-70.57621785413458,-33.38481003656289],[-70.57633750750199,-33.38450547640913],[-70.57762352410903,-33.38468479560867],[-70.57762132723342,-33.384878101773744],[-70.57734312301253,-33.38506537161664],[-70.57720593829745,-33.384871450858675],[-70.57695268009738,-33.38486512630954],[-70.57725983940846,-33.38517857842814],[-70.57710253161312,-33.38528795346878],[-70.57716289646488,-33.3853229786969],[-70.5777528265808,-33.38491460858641],[-70.57780625081841,-33.38472303734677],[-70.57823396277547,-33.3847820241774],[-70.57711218854276,-33.38550421426235],[-70.57667151548263,-33.384888503709654],[-70.57554671603563,-33.385647486570335],[-70.5753645351839,-33.38546841309136],[-70.57621785413458,-33.38481003656289]]],[[[-70.5771792373832,-33.38559789356082],[-70.57733557703209,-33.3856881994293],[-70.57673156666426,-33.3860089879073],[-70.57678723486906,-33.38609895392629],[-70.57637312604048,-33.38631670844653],[-70.57626960243648,-33.38620639306789],[-70.5771792373832,-33.38559789356082]]]]}},{"type":"Feature","properties":{"comuna":"Vitacura","zona":"U Ee1","zona_code":"U Ee1","nombre":"U Ee1","decreto":""},"geometry":{"type":"Polygon","coordinates":[[[-70.57536504269366,-33.38577007244032],[-70.57667151548263,-33.384888503709654],[-70.5771792373832,-33.38559789356082],[-70.57596553606503,-33.386413170699434],[-70.57536504269366,-33.38577007244032]]]}},{"type":"Feature","properties":{"comuna":"Vitacura","zona":"U-V","zona_code":"U-V","nombre":"U-V","decreto":""},"geometry":{"type":"Polygon","coordinates":[[[-70.57423287562263,-33.38425413909018],[-70.57473042591937,-33.38424305337844],[-70.57474282884695,-33.38445764910336],[-70.57522809298051,-33.38486906462634],[-70.57559130841769,-33.38466401786448],[-70.57567722754179,-33.384381361408636],[-70.57621936973158,-33.38447708090505],[-70.57586769877491,-33.38500649784117],[-70.5753109511185,-33.38537194828563],[-70.57514029988927,-33.38518155420235],[-70.57529135830838,-33.38513717044193],[-70.57454351804776,-33.38433345082618],[-70.57433329435725,-33.38436000447889],[-70.57423287562263,-33.38425413909018]]]}},{"type":"Feature","properties":{"comuna":"Vitacura","zona":"U-V","zona_code":"U-V","nombre":"U-V","decreto":""},"geometry":{"type":"Polygon","coordinates":[[[-70.57489668772187,-33.38447240045013],[-70.57485016186946,-33.38425823782038],[-70.5756124336122,-33.384382551203615],[-70.5755263857628,-33.38463710952144],[-70.57489668772187,-33.38447240045013]]]}},{"type":"Feature","properties":{"comuna":"Vitacura","zona":"U AVPC","zona_code":"U AVPC","nombre":"U AVPC","decreto":""},"geometry":{"type":"Polygon","coordinates":[[[-70.5755263857628,-33.38463710952144],[-70.5752154267601,-33.38479764225737],[-70.57489668772187,-33.38447240045013],[-70.5755263857628,-33.38463710952144]]]}},{"type":"Feature","properties":{"comuna":"Vitacura","zona":"U-V","zona_code":"U-V","nombre":"U-V","decreto":""},"geometry":{"type":"Polygon","coordinates":[[[-70.57819409548408,-33.38364156884971],[-70.57842809045087,-33.38299147204292],[-70.57764101782378,-33.38287740151017],[-70.57766269556582,-33.38231399681896],[-70.5790312723597,-33.382750910770376],[-70.57845268781473,-33.384604189262575],[-70.57760895637882,-33.384503517665166],[-70.57762299168058,-33.383013163755926],[-70.57827057353116,-33.38308892064819],[-70.57810720071082,-33.38361785877194],[-70.57819409548408,-33.38364156884971]]]}},{"type":"Feature","properties":{"comuna":"Vitacura","zona":"U-V","zona_code":"U-V","nombre":"U-V","decreto":""},"geometry":{"type":"Polygon","coordinates":[[[-70.57688714243353,-33.384391843299575],[-70.57691458481743,-33.38301325965284],[-70.57750401961734,-33.38301913047375],[-70.577482687279,-33.38448353636078],[-70.57688714243353,-33.384391843299575]]]}},{"type":"Feature","properties":{"comuna":"Vitacura","zona":"U-V","zona_code":"U-V","nombre":"U-V","decreto":""},"geometry":{"type":"Polygon","coordinates":[[[-70.57671831603038,-33.38436726329606],[-70.57623693202585,-33.38429702244356],[-70.57625159120197,-33.38347027776816],[-70.57598087904442,-33.38347371621241],[-70.5759864007474,-33.383023142174366],[-70.57675782528865,-33.383026705076546],[-70.57671831603038,-33.38436726329606]]]}},{"type":"Feature","properties":{"comuna":"Vitacura","zona":"U-V","zona_code":"U-V","nombre":"U-V","decreto":""},"geometry":{"type":"Polygon","coordinates":[[[-70.57614179710774,-33.384281647717415],[-70.5754344655895,-33.38417370931866],[-70.57544701216167,-33.383765519481614],[-70.57614675838835,-33.38376856396109],[-70.57614179710774,-33.384281647717415]]]}},{"type":"Feature","properties":{"comuna":"Vitacura","zona":"U AVPC","zona_code":"U AVPC","nombre":"U AVPC","decreto":""},"geometry":{"type":"Polygon","coordinates":[[[-70.57597074767047,-33.38370398799313],[-70.57596899267757,-33.38353220852563],[-70.57615356987391,-33.38351554738959],[-70.576165458374,-33.38370151494667],[-70.57597074767047,-33.38370398799313]]]}},{"type":"Feature","properties":{"comuna":"Vitacura","zona":"U-V","zona_code":"U-V","nombre":"U-V","decreto":""},"geometry":{"type":"Polygon","coordinates":[[[-70.57543439005626,-33.38369648194766],[-70.57546210721333,-33.38302562422548],[-70.57592285653813,-33.38302454621393],[-70.57590218676197,-33.38369173505143],[-70.57543439005626,-33.38369648194766]]]}},{"type":"Feature","properties":{"comuna":"Vitacura","zona":"U-V","zona_code":"U-V","nombre":"U-V","decreto":""},"geometry":{"type":"Polygon","coordinates":[[[-70.57906995794127,-33.38262129848726],[-70.57712167333258,-33.381992272752235],[-70.57737457907841,-33.381507058259736],[-70.57922824795612,-33.38207385121093],[-70.57906995794127,-33.38262129848726]]]}},{"type":"Feature","properties":{"comuna":"Vitacura","zona":"U-V","zona_code":"U-V","nombre":"U-V","decreto":""},"geometry":{"type":"Polygon","coordinates":[[[-70.57751915897776,-33.38288232182366],[-70.57691312981854,-33.38287093521313],[-70.57692226585283,-33.382431769596046],[-70.57705039981875,-33.38212471468633],[-70.5775364352318,-33.3822640912333],[-70.57751915897776,-33.38288232182366]]]}},{"type":"Feature","properties":{"comuna":"Vitacura","zona":"U-V","zona_code":"U-V","nombre":"U-V","decreto":""},"geometry":{"type":"Polygon","coordinates":[[[-70.57618933012931,-33.3823227284772],[-70.57636387903487,-33.38190818608166],[-70.57688568027493,-33.382075267427595],[-70.5767548705851,-33.38289585313701],[-70.57618125764583,-33.38288405104774],[-70.57618933012931,-33.3823227284772]]]}},{"type":"Feature","properties":{"comuna":"Vitacura","zona":"U-V","zona_code":"U-V","nombre":"U-V","decreto":""},"geometry":{"type":"Polygon","coordinates":[[[-70.57604367646391,-33.38288536923354],[-70.57546634090954,-33.382887927930135],[-70.5754850112762,-33.38218855225507],[-70.57571198995709,-33.38168457988261],[-70.57624131954879,-33.38185920433017],[-70.57604859554904,-33.382369900517524],[-70.57604367646391,-33.38288536923354]]]}},{"type":"Feature","properties":{"comuna":"Vitacura","zona":"U-V","zona_code":"U-V","nombre":"U-V","decreto":""},"geometry":{"type":"Polygon","coordinates":[[[-70.57529946347485,-33.382889211404915],[-70.57474780554034,-33.382896213355345],[-70.57478570341394,-33.382000929886786],[-70.57503784798989,-33.38147277824169],[-70.57555308658026,-33.38165474248333],[-70.57532860654969,-33.382139593469915],[-70.57529946347485,-33.382889211404915]]]}},{"type":"Feature","properties":{"comuna":"Vitacura","zona":"U-V","zona_code":"U-V","nombre":"U-V","decreto":""},"geometry":{"type":"Polygon","coordinates":[[[-70.57697362385152,-33.38194593163343],[-70.57448220304748,-33.38113980426819],[-70.57438574988575,-33.38111418453621],[-70.57461858005526,-33.380619087914695],[-70.5772075816752,-33.38145118584622],[-70.57697362385152,-33.38194593163343]]]}},{"type":"Feature","properties":{"comuna":"Vitacura","zona":"U-V","zona_code":"U-V","nombre":"U-V","decreto":""},"geometry":{"type":"Polygon","coordinates":[[[-70.5752732777252,-33.38414179032891],[-70.57471140393373,-33.38405586308638],[-70.57473271857688,-33.38302955166968],[-70.57529010686096,-33.383024863313686],[-70.5752732777252,-33.38414179032891]]]}},{"type":"Feature","properties":{"comuna":"Vitacura","zona":"U-V","zona_code":"U-V","nombre":"U-V","decreto":""},"geometry":{"type":"Polygon","coordinates":[[[-70.57456327646217,-33.384043425958176],[-70.5739488365714,-33.384039289670596],[-70.57397886242143,-33.38302241288704],[-70.57459618192017,-33.383028897990634],[-70.57456327646217,-33.384043425958176]]]}},{"type":"Feature","properties":{"comuna":"Vitacura","zona":"U-V","zona_code":"U-V","nombre":"U-V","decreto":""},"geometry":{"type":"Polygon","coordinates":[[[-70.57459628528918,-33.382884733759894],[-70.57398654914417,-33.38288865175318],[-70.57402884181288,-33.38195274756115],[-70.57433218131399,-33.38123496583737],[-70.5749250457598,-33.38143169685617],[-70.57466349224939,-33.38194278749514],[-70.57459628528918,-33.382884733759894]]]}},{"type":"Feature","properties":{"comuna":"Vitacura","zona":"U-V","zona_code":"U-V","nombre":"U-V","decreto":""},"geometry":{"type":"Polygon","coordinates":[[[-70.56897743286882,-33.393099393922114],[-70.56826312814553,-33.392923499330685],[-70.56803799667514,-33.392267173338],[-70.5678346385411,-33.392031128993345],[-70.5683181943804,-33.39163428719486],[-70.56866442481183,-33.39210415538269],[-70.56897743286882,-33.393099393922114]]]}},{"type":"Feature","properties":{"comuna":"Vitacura","zona":"U-V","zona_code":"U-V","nombre":"U-V","decreto":""},"geometry":{"type":"Polygon","coordinates":[[[-70.56572546114411,-33.39484954858012],[-70.56450835557102,-33.39445925872669],[-70.56465975152231,-33.39401829885554],[-70.56594384890639,-33.394413412631344],[-70.56572546114411,-33.39484954858012]]]}},{"type":"Feature","properties":{"comuna":"Vitacura","zona":"U-V","zona_code":"U-V","nombre":"U-V","decreto":""},"geometry":{"type":"Polygon","coordinates":[[[-70.565978801942,-33.39428799444419],[-70.56473168535916,-33.39390524338616],[-70.56491474745015,-33.39348535952221],[-70.56618223737229,-33.393894099921596],[-70.565978801942,-33.39428799444419]]]}},{"type":"Feature","properties":{"comuna":"Vitacura","zona":"U-V","zona_code":"U-V","nombre":"U-V","decreto":""},"geometry":{"type":"Polygon","coordinates":[[[-70.56630754937038,-33.39371634403855],[-70.5650863467308,-33.393378204688624],[-70.56522726092363,-33.39298748658313],[-70.56646256164422,-33.39334652010616],[-70.56630754937038,-33.39371634403855]]]}},{"type":"Feature","properties":{"comuna":"Vitacura","zona":"U-V","zona_code":"U-V","nombre":"U-V","decreto":""},"geometry":{"type":"Polygon","coordinates":[[[-70.5656163671184,-33.392953943574206],[-70.56577684253517,-33.39254388773645],[-70.56676223469277,-33.39276767631716],[-70.56650761575877,-33.39324323271938],[-70.5656163671184,-33.392953943574206]]]}},{"type":"Feature","properties":{"comuna":"Vitacura","zona":"U AVPC","zona_code":"U AVPC","nombre":"U AVPC","decreto":""},"geometry":{"type":"Polygon","coordinates":[[[-70.5656163671184,-33.392953943574206],[-70.5652133193325,-33.39284449333571],[-70.56535303345682,-33.392386977776425],[-70.56578460469355,-33.39250083931398],[-70.5656163671184,-33.392953943574206]]]}},{"type":"Feature","properties":{"comuna":"Vitacura","zona":"U-V","zona_code":"U-V","nombre":"U-V","decreto":""},"geometry":{"type":"Polygon","coordinates":[[[-70.56562933845757,-33.39183722466513],[-70.56732818177242,-33.392190399761596],[-70.5676870007624,-33.39208828853209],[-70.56789108776293,-33.392331228449144],[-70.5680829524715,-33.39287761619687],[-70.56550082964104,-33.39228505400204],[-70.56562933845757,-33.39183722466513]]]}},{"type":"Feature","properties":{"comuna":"Vitacura","zona":"U-V","zona_code":"U-V","nombre":"U-V","decreto":""},"geometry":{"type":"Polygon","coordinates":[[[-70.56588303042129,-33.39123223772391],[-70.56676908521267,-33.3914692107126],[-70.5670973485694,-33.39137439159777],[-70.56760896509782,-33.39198593999125],[-70.56723485544272,-33.39206225020398],[-70.56568111654535,-33.39169808725068],[-70.56588303042129,-33.39123223772391]]]}},{"type":"Feature","properties":{"comuna":"Vitacura","zona":"U-V","zona_code":"U-V","nombre":"U-V","decreto":""},"geometry":{"type":"Polygon","coordinates":[[[-70.56670258443795,-33.39134581199382],[-70.56596462589893,-33.391118899995114],[-70.56619694149748,-33.39059101688652],[-70.5666219416549,-33.3908147206249],[-70.56698439513836,-33.39126856421813],[-70.56670258443795,-33.39134581199382]]]}},{"type":"Feature","properties":{"comuna":"Vitacura","zona":"U-V","zona_code":"U-V","nombre":"U-V","decreto":""},"geometry":{"type":"Polygon","coordinates":[[[-70.56671779200009,-33.39070327126615],[-70.56627785576592,-33.39045875778276],[-70.56656479730724,-33.38983664662383],[-70.56773948587298,-33.39049756562035],[-70.56739783991023,-33.39086075752289],[-70.56745436071022,-33.390966942133915],[-70.56780611496706,-33.390532992404204],[-70.56840835794036,-33.39086898566617],[-70.56831335465594,-33.39142447149807],[-70.56787558625045,-33.39109212631943],[-70.56779698330104,-33.39118188383732],[-70.56822657857094,-33.3915343761343],[-70.56773619678586,-33.39190186754941],[-70.56671779200009,-33.39070327126615]]]}},{"type":"Feature","properties":{"comuna":"Vitacura","zona":"U-V","zona_code":"U-V","nombre":"U-V","decreto":""},"geometry":{"type":"Polygon","coordinates":[[[-70.56792835410074,-33.39043486445584],[-70.56849989447562,-33.38974606270472],[-70.56896235830692,-33.390001237257344],[-70.56848927092481,-33.39074526838694],[-70.56792835410074,-33.39043486445584]]]}},{"type":"Feature","properties":{"comuna":"Vitacura","zona":"U PC","zona_code":"U PC","nombre":"U PC","decreto":""},"geometry":{"type":"Polygon","coordinates":[[[-70.56882884112332,-33.389724263847334],[-70.56892880288768,-33.38962035529588],[-70.56869314117193,-33.38951316351383],[-70.56882625951363,-33.38935273375408],[-70.56929702556015,-33.38963013545466],[-70.56907539920962,-33.38987589043987],[-70.56882884112332,-33.389724263847334]]]}},{"type":"Feature","properties":{"comuna":"Vitacura","zona":"U-V","zona_code":"U-V","nombre":"U-V","decreto":""},"geometry":{"type":"Polygon","coordinates":[[[-70.56676965506169,-33.389349489338024],[-70.56716806918458,-33.38886692970955],[-70.5674347906595,-33.389023252533256],[-70.56729919372594,-33.3891868235221],[-70.56742898076088,-33.38918194281552],[-70.56760160454688,-33.38928327063158],[-70.56744688685642,-33.38920492655497],[-70.56736638757992,-33.38931570546838],[-70.56776578826249,-33.38953972875307],[-70.56767434145733,-33.389674509058516],[-70.56777193053206,-33.389723384450846],[-70.56800994653535,-33.3894297403547],[-70.56841445292784,-33.38969788388177],[-70.56783201370767,-33.39037642827974],[-70.56663638620124,-33.389690005129935],[-70.56676965506169,-33.389349489338024]]]}},{"type":"Feature","properties":{"comuna":"Vitacura","zona":"U PC","zona_code":"U PC","nombre":"U PC","decreto":""},"geometry":{"type":"Polygon","coordinates":[[[-70.56810372838753,-33.38931403863522],[-70.5683034475904,-33.3890676369477],[-70.56874309168221,-33.38931501127579],[-70.56861683553164,-33.389462102456825],[-70.56842847463716,-33.38934959370059],[-70.56833623366872,-33.389447753294526],[-70.56810372838753,-33.38931403863522]]]}},{"type":"Feature","properties":{"comuna":"Vitacura","zona":"U PC","zona_code":"U PC","nombre":"U PC","decreto":""},"geometry":{"type":"Polygon","coordinates":[[[-70.56727978511272,-33.388731065844446],[-70.56742377819742,-33.388551416196606],[-70.56823709774395,-33.38901598084594],[-70.5680235320467,-33.389267916188345],[-70.56727978511272,-33.388731065844446]]]}},{"type":"Feature","properties":{"comuna":"Vitacura","zona":"U PC","zona_code":"U PC","nombre":"U PC","decreto":""},"geometry":{"type":"Polygon","coordinates":[[[-70.57072197371207,-33.389745320385515],[-70.57113410864525,-33.389172169971836],[-70.57140715054635,-33.389642212383976],[-70.57191458133444,-33.389552205386885],[-70.57216852738854,-33.39019722424893],[-70.57057474995361,-33.389964253088266],[-70.57029884655508,-33.389806680776545],[-70.57042814571723,-33.38962006476497],[-70.57072197371207,-33.389745320385515]]]}},{"type":"Feature","properties":{"comuna":"Vitacura","zona":"U PVEV","zona_code":"U PVEV","nombre":"U PVEV","decreto":""},"geometry":{"type":"Polygon","coordinates":[[[-70.5705718986294,-33.389412588129595],[-70.57124702920666,-33.388438157454885],[-70.5714386000681,-33.3884142548404],[-70.57151034684136,-33.38858578645349],[-70.57088299387276,-33.389563536667545],[-70.5705718986294,-33.389412588129595]]]}},{"type":"Feature","properties":{"comuna":"Vitacura","zona":"U-V","zona_code":"U-V","nombre":"U-V","decreto":""},"geometry":{"type":"Polygon","coordinates":[[[-70.57083307022047,-33.38802967659282],[-70.57071675491179,-33.38776199287701],[-70.57082559413948,-33.38773409174576],[-70.57091458248397,-33.38791008065051],[-70.57113418680551,-33.38796841472975],[-70.5709607862812,-33.38822864842807],[-70.57116499841817,-33.38833027836957],[-70.57034046172343,-33.38952651490161],[-70.56979289874546,-33.38932314202813],[-70.57036095199771,-33.38872858838994],[-70.57083307022047,-33.38802967659282]]]}},{"type":"Feature","properties":{"comuna":"Vitacura","zona":"U PVEV","zona_code":"U PVEV","nombre":"U PVEV","decreto":""},"geometry":{"type":"Polygon","coordinates":[[[-70.57009181037941,-33.387169310106934],[-70.56958969569607,-33.38692750498293],[-70.56969777583524,-33.386762320851126],[-70.57037512635073,-33.3871424896312],[-70.56930096206054,-33.38868070242699],[-70.56911052283942,-33.38857393506872],[-70.56945952383302,-33.38807259081889],[-70.5689629218721,-33.38782116656405],[-70.56919813126655,-33.38747138870479],[-70.56969544614793,-33.387746999588984],[-70.57009181037941,-33.387169310106934]]]}},{"type":"Feature","properties":{"comuna":"Vitacura","zona":"U PVOsz","zona_code":"U PVOsz","nombre":"U PVOsz","decreto":""},"geometry":{"type":"Polygon","coordinates":[[[-70.56934940761776,-33.38685180129201],[-70.56948975781972,-33.38665427568593],[-70.56969777583524,-33.386762320851126],[-70.56956168754976,-33.38695172034068],[-70.56934940761776,-33.38685180129201]]]}},{"type":"Feature","properties":{"comuna":"Vitacura","zona":"U PVOsz","zona_code":"U PVOsz","nombre":"U PVOsz","decreto":""},"geometry":{"type":"Polygon","coordinates":[[[-70.5689629218721,-33.38782116656405],[-70.56873723614521,-33.38776675367539],[-70.56897751949899,-33.387367138222594],[-70.56919813126655,-33.38747138870479],[-70.5689629218721,-33.38782116656405]]]}},{"type":"Feature","properties":{"comuna":"Vitacura","zona":"U-V","zona_code":"U-V","nombre":"U-V","decreto":""},"geometry":{"type":"Polygon","coordinates":[[[-70.57008105826804,-33.388188085001325],[-70.56994874698256,-33.38880251991513],[-70.56974964135222,-33.38879063469162],[-70.56970553775486,-33.3884697239091],[-70.56993637862728,-33.38811460872724],[-70.57008105826804,-33.388188085001325]]]}},{"type":"Feature","properties":{"comuna":"Vitacura","zona":"U AVPC","zona_code":"U AVPC","nombre":"U AVPC","decreto":""},"geometry":{"type":"Polygon","coordinates":[[[-70.56994874698256,-33.38880251991513],[-70.5699207619882,-33.388954632273105],[-70.56982951911144,-33.38896958134419],[-70.56974964135222,-33.38879063469162],[-70.56994874698256,-33.38880251991513]]]}},{"type":"Feature","properties":{"comuna":"Vitacura","zona":"U AVPC","zona_code":"U AVPC","nombre":"U AVPC","decreto":""},"geometry":{"type":"Polygon","coordinates":[[[-70.56993637862728,-33.38811460872724],[-70.57013607490568,-33.38783089866493],[-70.57018059303019,-33.38783892541289],[-70.57011347777583,-33.38818767477023],[-70.56993637862728,-33.38811460872724]]]}},{"type":"Feature","properties":{"comuna":"Vitacura","zona":"U-V","zona_code":"U-V","nombre":"U-V","decreto":""},"geometry":{"type":"Polygon","coordinates":[[[-70.57006285789598,-33.38883686854147],[-70.57029004725653,-33.38787856529784],[-70.57061287189251,-33.38781913759371],[-70.57068836337203,-33.38812599494821],[-70.57015716682098,-33.3888614454226],[-70.57006285789598,-33.38883686854147]]]}},{"type":"Feature","properties":{"comuna":"Vitacura","zona":"U PVEV","zona_code":"U PVEV","nombre":"U PVEV","decreto":""},"geometry":{"type":"Polygon","coordinates":[[[-70.5686341278819,-33.388308209543695],[-70.56889870825425,-33.3879290007033],[-70.56928418558924,-33.38810847083318],[-70.56902482411732,-33.388502243333754],[-70.5686341278819,-33.388308209543695]]]}},{"type":"Feature","properties":{"comuna":"Vitacura","zona":"U PVOsz","zona_code":"U PVOsz","nombre":"U PVOsz","decreto":""},"geometry":{"type":"Polygon","coordinates":[[[-70.5686341278819,-33.388308209543695],[-70.56841833392906,-33.388202933121676],[-70.56869042391868,-33.38783202778695],[-70.56889870825425,-33.3879290007033],[-70.5686341278819,-33.388308209543695]]]}},{"type":"Feature","properties":{"comuna":"Vitacura","zona":"U PVEV","zona_code":"U PVEV","nombre":"U PVEV","decreto":""},"geometry":{"type":"Polygon","coordinates":[[[-70.56927053672965,-33.38740791999303],[-70.56952203172703,-33.38702859217196],[-70.56993302498984,-33.387231945879606],[-70.5696755161294,-33.38761054342733],[-70.56927053672965,-33.38740791999303]]]}},{"type":"Feature","properties":{"comuna":"Vitacura","zona":"U PVOsz","zona_code":"U PVOsz","nombre":"U PVOsz","decreto":""},"geometry":{"type":"Polygon","coordinates":[[[-70.56927053672965,-33.38740791999303],[-70.5690502174669,-33.387300379607524],[-70.56933206524243,-33.386934599169194],[-70.56952203172703,-33.38702859217196],[-70.56927053672965,-33.38740791999303]]]}},{"type":"Feature","properties":{"comuna":"Vitacura","zona":"U-V","zona_code":"U-V","nombre":"U-V","decreto":""},"geometry":{"type":"Polygon","coordinates":[[[-70.5715606133118,-33.38559771470266],[-70.57256841459468,-33.38529264367111],[-70.57289514956852,-33.3856673024512],[-70.57287331939251,-33.38603444860991],[-70.57189089957235,-33.38597233118719],[-70.57168493415666,-33.38618372673628],[-70.57180344708775,-33.386644541108616],[-70.57111945271652,-33.38683516562833],[-70.57061244328904,-33.38566042524503],[-70.5715606133118,-33.38559771470266]]]}},{"type":"Feature","properties":{"comuna":"Vitacura","zona":"U Ee2","zona_code":"U Ee2","nombre":"U Ee2","decreto":""},"geometry":{"type":"Polygon","coordinates":[[[-70.5793950159857,-33.38170726568047],[-70.57477557321674,-33.38024277959211],[-70.56975227699535,-33.378559468252185],[-70.5697321295984,-33.378387920105475],[-70.57182149893399,-33.37901865322998],[-70.57659908573864,-33.380813369178696],[-70.57896317443743,-33.381363273256476],[-70.58033791958746,-33.38151795558644],[-70.58021758464758,-33.381897228920174],[-70.5793950159857,-33.38170726568047]]]}},{"type":"Feature","properties":{"comuna":"Vitacura","zona":"U Ee2","zona_code":"U Ee2","nombre":"U Ee2","decreto":""},"geometry":{"type":"Polygon","coordinates":[[[-70.58049535538359,-33.38100255031753],[-70.57900260728607,-33.380830662343406],[-70.576533217363,-33.38022376600142],[-70.57197358684856,-33.37850035216935],[-70.56984452847122,-33.37785369446706],[-70.56986729031752,-33.37769592126714],[-70.57020370016447,-33.37761435337859],[-70.5704538113387,-33.377383550318804],[-70.57743939007803,-33.37926600218727],[-70.5783031872363,-33.37940964076325],[-70.58094280975848,-33.37951480092319],[-70.58049535538359,-33.38100255031753]]]}},{"type":"Feature","properties":{"comuna":"Vitacura","zona":"U-V","zona_code":"U-V","nombre":"U-V","decreto":""},"geometry":{"type":"Polygon","coordinates":[[[-70.57187236873361,-33.38531998949949],[-70.57132721495671,-33.38545216696412],[-70.57053936077432,-33.385463093597366],[-70.5703784330372,-33.38508537780071],[-70.57164469778222,-33.384720372774055],[-70.57187236873361,-33.38531998949949]]]}},{"type":"Feature","properties":{"comuna":"Vitacura","zona":"U AVPC","zona_code":"U AVPC","nombre":"U AVPC","decreto":""},"geometry":{"type":"Polygon","coordinates":[[[-70.57164469778222,-33.384720372774055],[-70.57199768625871,-33.384578698039654],[-70.57245296040993,-33.38518139577404],[-70.57188776885731,-33.38538541370239],[-70.57164469778222,-33.384720372774055]]]}},{"type":"Feature","properties":{"comuna":"Vitacura","zona":"U-V","zona_code":"U-V","nombre":"U-V","decreto":""},"geometry":{"type":"Polygon","coordinates":[[[-70.57028630863512,-33.38490519658975],[-70.57015249994379,-33.38454193385734],[-70.5717546691234,-33.38411409297369],[-70.57193539077105,-33.384475690027344],[-70.57028630863512,-33.38490519658975]]]}},{"type":"Feature","properties":{"comuna":"Vitacura","zona":"U-V","zona_code":"U-V","nombre":"U-V","decreto":""},"geometry":{"type":"Polygon","coordinates":[[[-70.57256825988765,-33.385068779282555],[-70.5721505185742,-33.38457596636354],[-70.57192106272764,-33.38407480028835],[-70.57276394232343,-33.38369426895895],[-70.57293970642938,-33.38392881562908],[-70.57229750885918,-33.384130281584],[-70.5728143644175,-33.38494946165665],[-70.57256825988765,-33.385068779282555]]]}},{"type":"Feature","properties":{"comuna":"Vitacura","zona":"U Ee1","zona_code":"U Ee1","nombre":"U Ee1","decreto":""},"geometry":{"type":"Polygon","coordinates":[[[-70.57229750885918,-33.384130281584],[-70.57329126526477,-33.38384461026921],[-70.57374986482017,-33.384346904453714],[-70.5728143644175,-33.38494946165665],[-70.57229750885918,-33.384130281584]]]}},{"type":"Feature","properties":{"comuna":"Vitacura","zona":"U-V","zona_code":"U-V","nombre":"U-V","decreto":""},"geometry":{"type":"Polygon","coordinates":[[[-70.5706356665587,-33.38429011623644],[-70.57037276705965,-33.38359709293903],[-70.57046398916862,-33.38345038390121],[-70.5707330058485,-33.38354242417799],[-70.57114515884493,-33.384159989696286],[-70.5706356665587,-33.38429011623644]]]}},{"type":"Feature","properties":{"comuna":"Vitacura","zona":"U-V","zona_code":"U-V","nombre":"U-V","decreto":""},"geometry":{"type":"Polygon","coordinates":[[[-70.5697099582186,-33.38343367717787],[-70.57019810019115,-33.383057649128354],[-70.57087811984229,-33.38291303219241],[-70.57164883680514,-33.384015215679256],[-70.57126941971217,-33.384110693252055],[-70.57076201250284,-33.38341559184621],[-70.57043638098996,-33.38333858406219],[-70.57024114488625,-33.383553421798396],[-70.57052518923733,-33.38432293761421],[-70.57010988009428,-33.384432811208384],[-70.5697099582186,-33.38343367717787]]]}},{"type":"Feature","properties":{"comuna":"Vitacura","zona":"U-V","zona_code":"U-V","nombre":"U-V","decreto":""},"geometry":{"type":"Polygon","coordinates":[[[-70.56968267687712,-33.38334000827377],[-70.56944511310962,-33.382782268586794],[-70.57056827339927,-33.382448315430665],[-70.57081352729068,-33.382800746463715],[-70.57004918679823,-33.38300131096339],[-70.56968267687712,-33.38334000827377]]]}},{"type":"Feature","properties":{"comuna":"Vitacura","zona":"U-V","zona_code":"U-V","nombre":"U-V","decreto":""},"geometry":{"type":"Polygon","coordinates":[[[-70.57107620145995,-33.382894489644514],[-70.57149544906525,-33.38267347349289],[-70.57235666840067,-33.383746826853944],[-70.5718469544754,-33.383967071882296],[-70.57107620145995,-33.382894489644514]]]}},{"type":"Feature","properties":{"comuna":"Vitacura","zona":"U-V","zona_code":"U-V","nombre":"U-V","decreto":""},"geometry":{"type":"Polygon","coordinates":[[[-70.57070893676729,-33.38240447557324],[-70.57138267157319,-33.381969126668764],[-70.57273037045765,-33.383581584804304],[-70.5724575848859,-33.38367958788458],[-70.57152333168025,-33.382520152635074],[-70.57101157069057,-33.382784335572076],[-70.57070893676729,-33.38240447557324]]]}},{"type":"Feature","properties":{"comuna":"Vitacura","zona":"U-V","zona_code":"U-V","nombre":"U-V","decreto":""},"geometry":{"type":"Polygon","coordinates":[[[-70.57342952152887,-33.38350464303343],[-70.57326375615962,-33.38329441845287],[-70.57332310705947,-33.38321722811585],[-70.57324926597403,-33.38301338552141],[-70.5736553083779,-33.38301393300529],[-70.57365188771092,-33.383547056304046],[-70.57342952152887,-33.38350464303343]]]}},{"type":"Feature","properties":{"comuna":"Vitacura","zona":"U AVPC","zona_code":"U AVPC","nombre":"U AVPC","decreto":""},"geometry":{"type":"Polygon","coordinates":[[[-70.57378431387261,-33.38385937648188],[-70.57364990111468,-33.383856690941734],[-70.573663237912,-33.382980426230766],[-70.57380317608121,-33.3830120577257],[-70.57378431387261,-33.38385937648188]]]}},{"type":"Feature","properties":{"comuna":"Vitacura","zona":"U-V","zona_code":"U-V","nombre":"U-V","decreto":""},"geometry":{"type":"Polygon","coordinates":[[[-70.57204235694105,-33.38173216200209],[-70.57235246336224,-33.38155056374795],[-70.57314344686368,-33.382388096659476],[-70.57367593833376,-33.38239088830623],[-70.57365061849686,-33.38287989144164],[-70.57301337967621,-33.38288667228013],[-70.5729181277201,-33.382653325485464],[-70.57281767964713,-33.3826970648571],[-70.57204235694105,-33.38173216200209]]]}},{"type":"Feature","properties":{"comuna":"Vitacura","zona":"U AVPC","zona_code":"U AVPC","nombre":"U AVPC","decreto":""},"geometry":{"type":"Polygon","coordinates":[[[-70.57367593833376,-33.38239088830623],[-70.5738351445447,-33.38238696090671],[-70.57382385313626,-33.38289678384268],[-70.5737309264964,-33.38291705178066],[-70.57365061849686,-33.38287989144164],[-70.57367593833376,-33.38239088830623]]]}},{"type":"Feature","properties":{"comuna":"Vitacura","zona":"U AVPC","zona_code":"U AVPC","nombre":"U AVPC","decreto":""},"geometry":{"type":"Polygon","coordinates":[[[-70.57299270061935,-33.38210367024002],[-70.57281416807581,-33.38191885941393],[-70.57298544151101,-33.381826970011375],[-70.57299270061935,-33.38210367024002]]]}},{"type":"Feature","properties":{"comuna":"Vitacura","zona":"U-V","zona_code":"U-V","nombre":"U-V","decreto":""},"geometry":{"type":"Polygon","coordinates":[[[-70.57367509926827,-33.38226538889173],[-70.57319992103952,-33.38225471087521],[-70.57311603966147,-33.38217703129066],[-70.5730992156308,-33.381716718996636],[-70.57346958403879,-33.3809618208319],[-70.57402011557839,-33.38112913454935],[-70.57374843251914,-33.38175764246983],[-70.57367509926827,-33.38226538889173]]]}},{"type":"Feature","properties":{"comuna":"Vitacura","zona":"U AVPC","zona_code":"U AVPC","nombre":"U AVPC","decreto":""},"geometry":{"type":"Polygon","coordinates":[[[-70.57402011557839,-33.38112913454935],[-70.57417550554356,-33.3811509172165],[-70.57389944274993,-33.38177243036683],[-70.57383169362792,-33.382274379311376],[-70.57368142877877,-33.38230321505924],[-70.57374843251914,-33.38175764246983],[-70.57402011557839,-33.38112913454935]]]}},{"type":"Feature","properties":{"comuna":"Vitacura","zona":"U-V","zona_code":"U-V","nombre":"U-V","decreto":""},"geometry":{"type":"Polygon","coordinates":[[[-70.57278618963579,-33.38183009167401],[-70.57247229915208,-33.38145705955169],[-70.57282635836567,-33.38074388731712],[-70.57335190681826,-33.38091964724108],[-70.57297193219128,-33.38172036073513],[-70.57278618963579,-33.38183009167401]]]}},{"type":"Feature","properties":{"comuna":"Vitacura","zona":"U-V","zona_code":"U-V","nombre":"U-V","decreto":""},"geometry":{"type":"Polygon","coordinates":[[[-70.56986844868104,-33.382051367307135],[-70.57067935648244,-33.38172040807593],[-70.57093578923396,-33.38205865927721],[-70.57003499644648,-33.38245585916176],[-70.56986844868104,-33.382051367307135]]]}},{"type":"Feature","properties":{"comuna":"Vitacura","zona":"U-V","zona_code":"U-V","nombre":"U-V","decreto":""},"geometry":{"type":"Polygon","coordinates":[[[-70.57105996847186,-33.38199810905109],[-70.57063878265124,-33.38147848963753],[-70.5708601021276,-33.381344839135394],[-70.5712768551034,-33.38187460199231],[-70.57105996847186,-33.38199810905109]]]}},{"type":"Feature","properties":{"comuna":"Vitacura","zona":"U-V","zona_code":"U-V","nombre":"U-V","decreto":""},"geometry":{"type":"Polygon","coordinates":[[[-70.56982250222632,-33.38196938800433],[-70.56973407725361,-33.38116399037994],[-70.57016806844791,-33.38109884618652],[-70.57058820940736,-33.38163157986735],[-70.56982250222632,-33.38196938800433]]]}},{"type":"Feature","properties":{"comuna":"Vitacura","zona":"U-V","zona_code":"U-V","nombre":"U-V","decreto":""},"geometry":{"type":"Polygon","coordinates":[[[-70.5691958330194,-33.37988521335448],[-70.56975475275405,-33.37986135574955],[-70.57009690930549,-33.380351556404015],[-70.5696126575174,-33.38046125421883],[-70.56962891236738,-33.38057439107132],[-70.5702104400207,-33.38042319485381],[-70.57084576187633,-33.38124979637025],[-70.5705732282233,-33.38139441218019],[-70.57019175639113,-33.38093990691592],[-70.5696097942418,-33.38100095806485],[-70.56958437915297,-33.381565004809076],[-70.56990575999889,-33.382497860027364],[-70.56939267641943,-33.38266227266076],[-70.569037052103,-33.38166757102484],[-70.56903289325993,-33.381238118512066],[-70.5691958330194,-33.37988521335448]]]}},{"type":"Feature","properties":{"comuna":"Vitacura","zona":"U-V","zona_code":"U-V","nombre":"U-V","decreto":""},"geometry":{"type":"Polygon","coordinates":[[[-70.57237044158467,-33.38133705444925],[-70.5717858153733,-33.3806178800909],[-70.57191501309411,-33.38044802016514],[-70.57268714433123,-33.38068162413723],[-70.57237044158467,-33.38133705444925]]]}},{"type":"Feature","properties":{"comuna":"Vitacura","zona":"U AVPC","zona_code":"U AVPC","nombre":"U AVPC","decreto":""},"geometry":{"type":"Polygon","coordinates":[[[-70.57166497093056,-33.38054066762769],[-70.57150787989886,-33.38034580087716],[-70.57149460058216,-33.38027032025294],[-70.5718026344017,-33.38036712206456],[-70.57166497093056,-33.38054066762769]]]}},{"type":"Feature","properties":{"comuna":"Vitacura","zona":"U-V","zona_code":"U-V","nombre":"U-V","decreto":""},"geometry":{"type":"Polygon","coordinates":[[[-70.570847507015,-33.38023747903031],[-70.57109242981136,-33.380097413032914],[-70.57129417843926,-33.380245185862734],[-70.57224530769355,-33.38141666597793],[-70.5722180749982,-33.3814838234747],[-70.57197038719785,-33.38161096717967],[-70.570847507015,-33.38023747903031]]]}},{"type":"Feature","properties":{"comuna":"Vitacura","zona":"U-V","zona_code":"U-V","nombre":"U-V","decreto":""},"geometry":{"type":"Polygon","coordinates":[[[-70.57408601499647,-33.38101095210632],[-70.57217791063327,-33.38039804078714],[-70.57115463889097,-33.37994677620238],[-70.57135209764603,-33.37953791606219],[-70.57433492442527,-33.38052615223373],[-70.57408601499647,-33.38101095210632]]]}},{"type":"Feature","properties":{"comuna":"Vitacura","zona":"U AVPC","zona_code":"U AVPC","nombre":"U AVPC","decreto":""},"geometry":{"type":"Polygon","coordinates":[[[-70.57408601499647,-33.38101095210632],[-70.57425268253182,-33.380697208198036],[-70.57438144663551,-33.38074031437458],[-70.57423143150629,-33.38108523508682],[-70.57408601499647,-33.38101095210632]]]}},{"type":"Feature","properties":{"comuna":"Vitacura","zona":"U Ee1","zona_code":"U Ee1","nombre":"U Ee1","decreto":""},"geometry":{"type":"Polygon","coordinates":[[[-70.56991302190279,-33.37945218365048],[-70.56989957174106,-33.37929725396674],[-70.57027827978652,-33.37920298205477],[-70.5712078293467,-33.37949246698346],[-70.57093334824629,-33.380044755137526],[-70.5705450199567,-33.38024689009819],[-70.56991302190279,-33.37945218365048]]]}},{"type":"Feature","properties":{"comuna":"Vitacura","zona":"U AVPC","zona_code":"U AVPC","nombre":"U AVPC","decreto":""},"geometry":{"type":"Polygon","coordinates":[[[-70.56950833499036,-33.379287885876884],[-70.56928382091111,-33.3792579159573],[-70.56912491162493,-33.379119739358664],[-70.56910796248765,-33.37896783711338],[-70.5692471363346,-33.37879904688543],[-70.56955243469066,-33.37877430725822],[-70.56972593625632,-33.3789331774246],[-70.56971234493139,-33.37916599821514],[-70.56950833499036,-33.379287885876884]]]}},{"type":"Feature","properties":{"comuna":"Vitacura","zona":"U-V","zona_code":"U-V","nombre":"U-V","decreto":""},"geometry":{"type":"Polygon","coordinates":[[[-70.58201071516474,-33.37761632055788],[-70.58204929554697,-33.376998415744126],[-70.58215774960458,-33.37690158711158],[-70.58340030893255,-33.37705306358932],[-70.58331099540071,-33.37776378550704],[-70.58201071516474,-33.37761632055788]]]}},{"type":"Feature","properties":{"comuna":"Vitacura","zona":"U-V","zona_code":"U-V","nombre":"U-V","decreto":""},"geometry":{"type":"Polygon","coordinates":[[[-70.58309428945097,-33.378556958632785],[-70.58205742230187,-33.37841855402451],[-70.58209467781639,-33.37773754053187],[-70.58330949532895,-33.377877145945796],[-70.58322837978105,-33.3785015593044],[-70.58309428945097,-33.378556958632785]]]}},{"type":"Feature","properties":{"comuna":"Vitacura","zona":"U-V","zona_code":"U-V","nombre":"U-V","decreto":""},"geometry":{"type":"MultiPolygon","coordinates":[[[[-70.58234929937466,-33.378849578425125],[-70.57966974181596,-33.37863713507501],[-70.57973638473338,-33.37779852539439],[-70.57879209045075,-33.37791352236088],[-70.5787793503551,-33.37777958072493],[-70.5789115375165,-33.37772227397931],[-70.57893717973299,-33.376859357392796],[-70.57785378104242,-33.37686955818234],[-70.57685941553333,-33.37668173418847],[-70.57700095506529,-33.37598651882428],[-70.58062541484911,-33.37591083130338],[-70.58059608344927,-33.376451069245796],[-70.58027749779674,-33.37652671051091],[-70.5801935138726,-33.37669492907977],[-70.58009337720993,-33.37823240148102],[-70.58106434818694,-33.3782558272213],[-70.58115588518898,-33.37663506834152],[-70.5810575463496,-33.37650508360601],[-70.58077589873672,-33.376460948458444],[-70.5808197154169,-33.37593543891748],[-70.58356841188316,-33.37627812220705],[-70.58341670089597,-33.37693028093297],[-70.58190204483918,-33.37672291373522],[-70.58177840219992,-33.37853318395583],[-70.583195138609,-33.37870415830291],[-70.58316421971287,-33.378934425153425],[-70.58234929937466,-33.378849578425125]]],[[[-70.58234929937466,-33.378849578425125],[-70.58235107169345,-33.37885822797797],[-70.58234450030734,-33.3788573810636],[-70.58234929937466,-33.378849578425125]]]]}},{"type":"Feature","properties":{"comuna":"Vitacura","zona":"U Ee1","zona_code":"U Ee1","nombre":"U Ee1","decreto":""},"geometry":{"type":"Polygon","coordinates":[[[-70.58235296943215,-33.378850005999716],[-70.58316421971287,-33.378934425153425],[-70.58309912050379,-33.37941923752834],[-70.58296774264109,-33.379467443281975],[-70.58226879607055,-33.37926965124437],[-70.58235296943215,-33.378850005999716]]]}},{"type":"Feature","properties":{"comuna":"Vitacura","zona":"U Ee1","zona_code":"U Ee1","nombre":"U Ee1","decreto":""},"geometry":{"type":"Polygon","coordinates":[[[-70.5768572729208,-33.37669225711142],[-70.57785378104242,-33.37686955818234],[-70.57893717973299,-33.376859357392796],[-70.57888965220715,-33.37777027544848],[-70.57773269144631,-33.37764340973154],[-70.57744308041157,-33.37779384529647],[-70.57720742117507,-33.37875596566364],[-70.57731186500516,-33.37880821512427],[-70.57640423332721,-33.37857650272443],[-70.5768572729208,-33.37669225711142]]]}},{"type":"Feature","properties":{"comuna":"Vitacura","zona":"U-V","zona_code":"U-V","nombre":"U-V","decreto":""},"geometry":{"type":"Polygon","coordinates":[[[-70.58279146374069,-33.375970338578384],[-70.58206511054836,-33.37590801620606],[-70.58232941498987,-33.37471992778445],[-70.58295863685638,-33.37483717645373],[-70.58279146374069,-33.375970338578384]]]}},{"type":"Feature","properties":{"comuna":"Vitacura","zona":"U-V","zona_code":"U-V","nombre":"U-V","decreto":""},"geometry":{"type":"Polygon","coordinates":[[[-70.58107749022236,-33.37578817169596],[-70.58038978378109,-33.3757396639144],[-70.58059076764604,-33.37411572075004],[-70.58130418108773,-33.37417105895685],[-70.58107749022236,-33.37578817169596]]]}},{"type":"Feature","properties":{"comuna":"Vitacura","zona":"U-V","zona_code":"U-V","nombre":"U-V","decreto":""},"geometry":{"type":"Polygon","coordinates":[[[-70.58022764754999,-33.37573814909718],[-70.57924636636183,-33.375732743776666],[-70.5793459916126,-33.3746362368573],[-70.58033682661099,-33.374698787220716],[-70.58022764754999,-33.37573814909718]]]}},{"type":"Feature","properties":{"comuna":"Vitacura","zona":"U-V","zona_code":"U-V","nombre":"U-V","decreto":""},"geometry":{"type":"Polygon","coordinates":[[[-70.58033601672118,-33.374600951649505],[-70.57926288743909,-33.374522759813615],[-70.5792848462086,-33.37384958874796],[-70.58044342857504,-33.37398874574971],[-70.58033601672118,-33.374600951649505]]]}},{"type":"Feature","properties":{"comuna":"Vitacura","zona":"U-V","zona_code":"U-V","nombre":"U-V","decreto":""},"geometry":{"type":"Polygon","coordinates":[[[-70.57858351541536,-33.375745472447164],[-70.5785480674506,-33.3754363210222],[-70.57822107645693,-33.374653052585025],[-70.57843904727821,-33.372471732791524],[-70.57907548415706,-33.37251732475762],[-70.57926947338197,-33.372629391050985],[-70.57909331482071,-33.374329969737715],[-70.57910125814956,-33.37575320164669],[-70.57858351541536,-33.375745472447164]]]}},{"type":"Feature","properties":{"comuna":"Vitacura","zona":"U-V","zona_code":"U-V","nombre":"U-V","decreto":""},"geometry":{"type":"Polygon","coordinates":[[[-70.57841753184088,-33.37575941225877],[-70.57703222552173,-33.37571269938013],[-70.5773731833463,-33.372386855436474],[-70.57826163407985,-33.372450724065104],[-70.5780613874784,-33.374590060920276],[-70.57838844097105,-33.37545565143294],[-70.57841753184088,-33.37575941225877]]]}},{"type":"Feature","properties":{"comuna":"Vitacura","zona":"U-V","zona_code":"U-V","nombre":"U-V","decreto":""},"geometry":{"type":"Polygon","coordinates":[[[-70.5829992485208,-33.373982539450225],[-70.58240640825979,-33.37375387189498],[-70.58250800174599,-33.37276829283531],[-70.58315400980146,-33.37287100992072],[-70.5829992485208,-33.373982539450225]]]}},{"type":"Feature","properties":{"comuna":"Vitacura","zona":"U-V","zona_code":"U-V","nombre":"U-V","decreto":""},"geometry":{"type":"Polygon","coordinates":[[[-70.57747605843473,-33.37149541690602],[-70.58381466818831,-33.37210189828164],[-70.58402412692121,-33.37220421540116],[-70.58414963000378,-33.372381574165686],[-70.58389511438394,-33.374186358385586],[-70.58312896055803,-33.37396706498651],[-70.58335990314171,-33.37274384642311],[-70.58238982648972,-33.37257010007293],[-70.58222855200363,-33.373715117194244],[-70.58227418289947,-33.373879179285204],[-70.58249002259464,-33.37401959544918],[-70.58387701031474,-33.37428585296257],[-70.58360284200417,-33.376105203884876],[-70.58295834799117,-33.37600233230241],[-70.58313351886825,-33.37468294850921],[-70.58214455440331,-33.37456670794225],[-70.58192951820604,-33.37588421338962],[-70.58127097475591,-33.3757971600001],[-70.58149480108972,-33.374022001448864],[-70.57933206604464,-33.37371250049286],[-70.57944801246427,-33.372417735329265],[-70.57739664966256,-33.37225581631835],[-70.57747605843473,-33.37149541690602]],[[-70.58181328178084,-33.37383313618096],[-70.58206595730377,-33.37194551899259],[-70.57997678572993,-33.37174783957019],[-70.57971470662588,-33.37351366309813],[-70.58181328178084,-33.37383313618096]]]}},{"type":"Feature","properties":{"comuna":"Vitacura","zona":"U Ee3","zona_code":"U Ee3","nombre":"U Ee3","decreto":""},"geometry":{"type":"Polygon","coordinates":[[[-70.57957551122605,-33.371546375526684],[-70.57742835740137,-33.37139144670919],[-70.57740533652273,-33.37112449109978],[-70.57818692591846,-33.3709408437827],[-70.58129672697794,-33.37080199757913],[-70.58251652912627,-33.37104164774458],[-70.5836887860045,-33.371556597728556],[-70.5841603299053,-33.37155824550206],[-70.58434390340798,-33.37176140241041],[-70.58429692144402,-33.37199345748467],[-70.58412417671306,-33.372033841270834],[-70.5821163207696,-33.37182580161637],[-70.58216889176242,-33.371207890193716],[-70.58108562373468,-33.3710642098308],[-70.57963046437418,-33.371113758799915],[-70.57957551122605,-33.371546375526684]]]}},{"type":"Feature","properties":{"comuna":"Vitacura","zona":"U Ee1","zona_code":"U Ee1","nombre":"U Ee1","decreto":""},"geometry":{"type":"Polygon","coordinates":[[[-70.57957551122605,-33.371546375526684],[-70.57963046437418,-33.371113758799915],[-70.58108562373468,-33.3710642098308],[-70.58216889176242,-33.371207890193716],[-70.58211666045976,-33.371718897751066],[-70.57957551122605,-33.371546375526684]]]}},{"type":"Feature","properties":{"comuna":"Vitacura","zona":"U-V","zona_code":"U-V","nombre":"U-V","decreto":""},"geometry":{"type":"Polygon","coordinates":[[[-70.58371719978939,-33.37141921126282],[-70.5825188855366,-33.370890455505155],[-70.58123000909752,-33.37066019610026],[-70.58125470213179,-33.37006036313627],[-70.5824899782207,-33.370157960569514],[-70.5840455889945,-33.37086588953319],[-70.58428118810058,-33.37089664569394],[-70.58426673963842,-33.3712289415039],[-70.58397601807826,-33.3714206800203],[-70.58371719978939,-33.37141921126282]]]}},{"type":"Feature","properties":{"comuna":"Vitacura","zona":"U-V","zona_code":"U-V","nombre":"U-V","decreto":""},"geometry":{"type":"Polygon","coordinates":[[[-70.58410271275336,-33.37074621136371],[-70.58253133788513,-33.370031326118365],[-70.58215190024778,-33.369964578586824],[-70.58213558881415,-33.36937779575219],[-70.5826307715673,-33.369397729866165],[-70.58391828360986,-33.36998499936596],[-70.58431770006909,-33.37000246745435],[-70.5842962657811,-33.37075567133894],[-70.58410271275336,-33.37074621136371]]]}},{"type":"Feature","properties":{"comuna":"Vitacura","zona":"U-V","zona_code":"U-V","nombre":"U-V","decreto":""},"geometry":{"type":"Polygon","coordinates":[[[-70.58404031624414,-33.36988615701261],[-70.5836249780853,-33.36972144459558],[-70.58369149226145,-33.36829189419399],[-70.58440991857708,-33.36831255201968],[-70.58435676494254,-33.369890208310466],[-70.58404031624414,-33.36988615701261]]]}},{"type":"Feature","properties":{"comuna":"Vitacura","zona":"U-V","zona_code":"U-V","nombre":"U-V","decreto":""},"geometry":{"type":"Polygon","coordinates":[[[-70.58338213442023,-33.36962239428696],[-70.58277815463514,-33.36934232942257],[-70.5828548573223,-33.36914950489225],[-70.58216151235287,-33.369022334937654],[-70.58217987817586,-33.368395380889766],[-70.58241764527821,-33.36798074023392],[-70.5831859015523,-33.36824845143655],[-70.58349564643098,-33.368267406992466],[-70.58350683886025,-33.369412326030776],[-70.58338213442023,-33.36962239428696]]]}},{"type":"Feature","properties":{"comuna":"Vitacura","zona":"U-V","zona_code":"U-V","nombre":"U-V","decreto":""},"geometry":{"type":"Polygon","coordinates":[[[-70.58130510135982,-33.369926756247864],[-70.58135998040184,-33.36774607687057],[-70.58152013731458,-33.36763904584354],[-70.58229584107234,-33.36791788314892],[-70.58205880649574,-33.36833370738904],[-70.58198224556021,-33.369916695847266],[-70.58130510135982,-33.369926756247864]]]}},{"type":"Feature","properties":{"comuna":"Vitacura","zona":"U-V","zona_code":"U-V","nombre":"U-V","decreto":""},"geometry":{"type":"Polygon","coordinates":[[[-70.57875833005127,-33.367260353459336],[-70.58190088064731,-33.36672283073822],[-70.58352559217319,-33.36719375808395],[-70.58440016097931,-33.367200492498725],[-70.58447357356059,-33.36732840767604],[-70.58441807643149,-33.368188604433364],[-70.58329383974939,-33.36813613833803],[-70.58158471799443,-33.36750651169063],[-70.58120193749947,-33.36756865602789],[-70.58106907507471,-33.370654684350114],[-70.57754429306362,-33.37089652525854],[-70.57799140462312,-33.367309239160996],[-70.57875833005127,-33.367260353459336]]]}},{"type":"Feature","properties":{"comuna":"Vitacura","zona":"U-V","zona_code":"U-V","nombre":"U-V","decreto":""},"geometry":{"type":"MultiPolygon","coordinates":[[[[-70.57235698089312,-33.37583150016847],[-70.57245791882683,-33.37551405675325],[-70.57227568885067,-33.37546267673248],[-70.57251823485387,-33.37471751245104],[-70.57301430589516,-33.37482456831134],[-70.57275200390363,-33.37565707712889],[-70.57313822043741,-33.37578342078344],[-70.57298811643815,-33.37613429711738],[-70.57314202220994,-33.376191999922575],[-70.5732418298709,-33.375811933302884],[-70.5740316073963,-33.37604053340754],[-70.57386761333574,-33.376409483179934],[-70.57402125149426,-33.37645227531259],[-70.57412094809445,-33.37606624464592],[-70.57441678017715,-33.37615481411771],[-70.57440638210278,-33.37627007591588],[-70.57432570771849,-33.37624571594444],[-70.57398999244462,-33.377701465712356],[-70.57375553295479,-33.3776275368431],[-70.5740046795137,-33.37701561546971],[-70.5704774824398,-33.376090930023075],[-70.5707482019455,-33.3753299024746],[-70.57212316698114,-33.37567936245125],[-70.57212138290313,-33.375777812765676],[-70.57235698089312,-33.37583150016847]]],[[[-70.57646842658151,-33.37688410600933],[-70.57552558248344,-33.37660815922017],[-70.57555326208177,-33.37649352569614],[-70.57525448564769,-33.37640560780438],[-70.57557227350915,-33.375575968263796],[-70.57668139488345,-33.37588878400265],[-70.57646842658151,-33.37688410600933]]]]}},{"type":"Feature","properties":{"comuna":"Vitacura","zona":"U Ee1","zona_code":"U Ee1","nombre":"U Ee1","decreto":""},"geometry":{"type":"Polygon","coordinates":[[[-70.57563069616745,-33.37666335972887],[-70.57646842658151,-33.37688410600933],[-70.57608494590063,-33.378492535193644],[-70.57487913797375,-33.37817032885545],[-70.57503510333845,-33.37745394021266],[-70.57492055411294,-33.37738244353071],[-70.57501792704984,-33.37697454307154],[-70.57554408464866,-33.37705376525225],[-70.57563069616745,-33.37666335972887]]]}},{"type":"Feature","properties":{"comuna":"Vitacura","zona":"U AVPC","zona_code":"U AVPC","nombre":"U AVPC","decreto":""},"geometry":{"type":"Polygon","coordinates":[[[-70.57552499875214,-33.37660785819904],[-70.57440638210278,-33.37627007591588],[-70.57441678017715,-33.37615481411771],[-70.57555326208177,-33.37649352569614],[-70.57552499875214,-33.37660785819904]]]}},{"type":"Feature","properties":{"comuna":"Vitacura","zona":"U-V","zona_code":"U-V","nombre":"U-V","decreto":""},"geometry":{"type":"Polygon","coordinates":[[[-70.57166233703587,-33.37702387031716],[-70.57174917696034,-33.37678977083905],[-70.57037301024097,-33.37643344655283],[-70.57045697897203,-33.376193376128526],[-70.57381611189591,-33.377158967578914],[-70.5736524846064,-33.37758686077742],[-70.57166233703587,-33.37702387031716]]]}},{"type":"Feature","properties":{"comuna":"Vitacura","zona":"U PC","zona_code":"U PC","nombre":"U PC","decreto":""},"geometry":{"type":"Polygon","coordinates":[[[-70.57157023313775,-33.37725709306215],[-70.5704737608299,-33.376968661381945],[-70.57028514743378,-33.37672050198993],[-70.57037301024097,-33.37643344655283],[-70.57174917696034,-33.37678977083905],[-70.57157023313775,-33.37725709306215]]]}},{"type":"Feature","properties":{"comuna":"Vitacura","zona":"U AVPC","zona_code":"U AVPC","nombre":"U AVPC","decreto":""},"geometry":{"type":"Polygon","coordinates":[[[-70.56988609891994,-33.377393004090585],[-70.56963715797896,-33.377340793905304],[-70.56951636831738,-33.37720297068676],[-70.56950669811712,-33.37704465354058],[-70.56970826842293,-33.3768664835634],[-70.56995428127358,-33.37688246103513],[-70.57012308046954,-33.37703303821073],[-70.57011334262585,-33.377250778326186],[-70.56988609891994,-33.377393004090585]]]}},{"type":"Feature","properties":{"comuna":"Vitacura","zona":"U-V","zona_code":"U-V","nombre":"U-V","decreto":""},"geometry":{"type":"Polygon","coordinates":[[[-70.57315149992043,-33.37487437806252],[-70.57536827233284,-33.37549886894845],[-70.57517318713131,-33.37624435584574],[-70.57297091004077,-33.3755853519699],[-70.57315149992043,-33.37487437806252]]]}},{"type":"Feature","properties":{"comuna":"Vitacura","zona":"U-V","zona_code":"U-V","nombre":"U-V","decreto":""},"geometry":{"type":"Polygon","coordinates":[[[-70.57206136889941,-33.375552255987216],[-70.57079719803394,-33.3752353963016],[-70.57104657181533,-33.37439470201363],[-70.57237419164615,-33.374682122741945],[-70.57206136889941,-33.375552255987216]]]}},{"type":"Feature","properties":{"comuna":"Vitacura","zona":"U-V","zona_code":"U-V","nombre":"U-V","decreto":""},"geometry":{"type":"Polygon","coordinates":[[[-70.57671549536697,-33.37568422391531],[-70.57574492253951,-33.375428945845734],[-70.5758395456992,-33.37515632071179],[-70.5759889212142,-33.372795124260485],[-70.57700765010928,-33.37271059874975],[-70.57671549536697,-33.37568422391531]]]}},{"type":"Feature","properties":{"comuna":"Vitacura","zona":"U-V","zona_code":"U-V","nombre":"U-V","decreto":""},"geometry":{"type":"Polygon","coordinates":[[[-70.57125528469906,-33.373710457030825],[-70.57178131329107,-33.37383121653601],[-70.57218886266541,-33.373816033032824],[-70.57396099298533,-33.374204345736146],[-70.57540421672948,-33.37477254789646],[-70.57559486954317,-33.374999196909],[-70.57557738976305,-33.37529148310421],[-70.57552337627354,-33.37536532941496],[-70.5730995272603,-33.37467066362859],[-70.57116407842537,-33.374237041338],[-70.57125528469906,-33.373710457030825]]]}},{"type":"Feature","properties":{"comuna":"Vitacura","zona":"U-V","zona_code":"U-V","nombre":"U-V","decreto":""},"geometry":{"type":"Polygon","coordinates":[[[-70.57461058307,-33.37429011975197],[-70.5734865593251,-33.373937863819464],[-70.57379397026129,-33.37284731546331],[-70.57400924838329,-33.37264176331576],[-70.57472221436262,-33.37275202641509],[-70.57486674279889,-33.372881430365695],[-70.57461058307,-33.37429011975197]]]}},{"type":"Feature","properties":{"comuna":"Vitacura","zona":"U AVPC","zona_code":"U AVPC","nombre":"U AVPC","decreto":""},"geometry":{"type":"Polygon","coordinates":[[[-70.57114426965192,-33.37346499583721],[-70.5709508136579,-33.37347944744779],[-70.57123170138165,-33.37247554752092],[-70.57159462239765,-33.37162387017444],[-70.57231716914782,-33.3710029107193],[-70.57283994255279,-33.3708173258061],[-70.57285669201991,-33.370957896641855],[-70.57223349390193,-33.37125213066486],[-70.57172465271863,-33.37173819049706],[-70.57152693408497,-33.3721296363671],[-70.57114426965192,-33.37346499583721]]]}},{"type":"Feature","properties":{"comuna":"Vitacura","zona":"U-V","zona_code":"U-V","nombre":"U-V","decreto":""},"geometry":{"type":"Polygon","coordinates":[[[-70.57293829207241,-33.37059351216285],[-70.57288130163954,-33.36999471508271],[-70.57329971382778,-33.36973886658091],[-70.5742944475382,-33.36970537447612],[-70.5773135248738,-33.37014576311531],[-70.5772209308509,-33.37094328696719],[-70.57700631220513,-33.370968611764],[-70.57392576619148,-33.37055116671689],[-70.57293829207241,-33.37059351216285]]]}},{"type":"Feature","properties":{"comuna":"Vitacura","zona":"U-V","zona_code":"U-V","nombre":"U-V","decreto":""},"geometry":{"type":"Polygon","coordinates":[[[-70.5727228285231,-33.37060692052649],[-70.571865532461,-33.371019607856994],[-70.57118346304601,-33.369621610408075],[-70.5711662927543,-33.36937844120999],[-70.57136745972274,-33.36862545040082],[-70.57161120860279,-33.36842192820499],[-70.57219393193625,-33.368249903914645],[-70.57233789099973,-33.36834829829415],[-70.5720333658107,-33.36912526769888],[-70.57202851601686,-33.36948802397207],[-70.57262827190635,-33.37028312572981],[-70.5727228285231,-33.37060692052649]]]}},{"type":"Feature","properties":{"comuna":"Vitacura","zona":"U-V","zona_code":"U-V","nombre":"U-V","decreto":""},"geometry":{"type":"Polygon","coordinates":[[[-70.57264769168573,-33.370011145382136],[-70.57218346819506,-33.36930953333532],[-70.57240878438462,-33.36902988622467],[-70.57434829647097,-33.368716576388145],[-70.57495728582053,-33.36873987019437],[-70.57743408435263,-33.36916015318695],[-70.57732741958273,-33.37000508491442],[-70.57418373791222,-33.369558586913456],[-70.57319508975843,-33.36961407281653],[-70.57300847182721,-33.36967370552006],[-70.57264769168573,-33.370011145382136]]]}},{"type":"Feature","properties":{"comuna":"Vitacura","zona":"U-V","zona_code":"U-V","nombre":"U-V","decreto":""},"geometry":{"type":"Polygon","coordinates":[[[-70.57239703966765,-33.36856946879806],[-70.57275400466474,-33.368178390039425],[-70.57475489642738,-33.36776109509047],[-70.57755595229395,-33.36819201685697],[-70.57742342985718,-33.36898565110646],[-70.57464520091553,-33.36857795291917],[-70.57238866223307,-33.368894090901314],[-70.57231388177469,-33.36884731509889],[-70.57239703966765,-33.36856946879806]]]}},{"type":"Feature","properties":{"comuna":"Vitacura","zona":"U-V","zona_code":"U-V","nombre":"U-V","decreto":""},"geometry":{"type":"Polygon","coordinates":[[[-70.57169710471226,-33.367626857798],[-70.57191101703798,-33.367503887261385],[-70.57493490436138,-33.36673801828655],[-70.57767570590617,-33.36722768503076],[-70.57757942056939,-33.36805204030408],[-70.57470187314847,-33.36761979245457],[-70.57157936937733,-33.36829074342985],[-70.57145876143434,-33.3681624637307],[-70.57169710471226,-33.367626857798]]]}},{"type":"Feature","properties":{"comuna":"Vitacura","zona":"U AVPC","zona_code":"U AVPC","nombre":"U AVPC","decreto":""},"geometry":{"type":"Polygon","coordinates":[[[-70.57003000961237,-33.37678542097731],[-70.56990121951647,-33.376708784236214],[-70.57069518347328,-33.37429923028404],[-70.57080640162954,-33.37428445996155],[-70.5708869417135,-33.37433498119335],[-70.5708095493492,-33.3745860289602],[-70.57003000961237,-33.37678542097731]]]}},{"type":"Feature","properties":{"comuna":"Vitacura","zona":"U AVPC","zona_code":"U AVPC","nombre":"U AVPC","decreto":""},"geometry":{"type":"Polygon","coordinates":[[[-70.57082308974209,-33.37420025687097],[-70.57074927081455,-33.37414392288737],[-70.5708993000097,-33.37363043496957],[-70.57100793342593,-33.3735985169785],[-70.57107268744437,-33.37365687388207],[-70.5709647454674,-33.37410683512402],[-70.57082308974209,-33.37420025687097]]]}},{"type":"Feature","properties":{"comuna":"Vitacura","zona":"U-V","zona_code":"U-V","nombre":"U-V","decreto":""},"geometry":{"type":"Polygon","coordinates":[[[-70.57072206534342,-33.36373401613513],[-70.57175495717175,-33.36400987511046],[-70.57225826281874,-33.36448311722586],[-70.57345351945104,-33.364629275304324],[-70.57358189273344,-33.36449402359057],[-70.57357462334872,-33.363458527325754],[-70.57383053759763,-33.3625103680255],[-70.57436407724019,-33.36213613443065],[-70.57463751393738,-33.362161299769625],[-70.57529208366401,-33.36187620153384],[-70.5754703426656,-33.3613537586656],[-70.57560048844157,-33.361252162906084],[-70.57651647272453,-33.36212419097357],[-70.57546202482317,-33.36286272964828],[-70.57532478191189,-33.36305774954774],[-70.57537930884348,-33.36324317668029],[-70.57482938177318,-33.36349712102751],[-70.57417928394624,-33.36411025670271],[-70.57433383620706,-33.36416556397984],[-70.57522920764654,-33.363434780229454],[-70.57631283245132,-33.363209850324324],[-70.57755997864703,-33.36401006769504],[-70.57728802197315,-33.36406721268092],[-70.57613409740065,-33.36394228051966],[-70.57614120155253,-33.36409967661193],[-70.57729441675656,-33.36418524566716],[-70.57769366337553,-33.364090691130336],[-70.57882708312339,-33.36481192829898],[-70.57886972985193,-33.36496887112981],[-70.57842544583265,-33.36524654267681],[-70.57633600828025,-33.36481018297973],[-70.5759150714363,-33.364805983777366],[-70.575449949217,-33.3650218693813],[-70.57492259375563,-33.365582147443526],[-70.57505535039094,-33.36569022604174],[-70.57551244830867,-33.365176175188125],[-70.57600287466354,-33.36493372064482],[-70.57827777363373,-33.36534148043271],[-70.576931464568,-33.36606011857065],[-70.57663199960264,-33.36585394178625],[-70.57615738769634,-33.365712028452634],[-70.57609992182132,-33.36583683814162],[-70.57658276164683,-33.365961944031696],[-70.57680761869136,-33.366130889889625],[-70.57580018551435,-33.36667997111568],[-70.57487055129614,-33.36653667005564],[-70.57315444084433,-33.366935603089004],[-70.5718500227567,-33.36690291061509],[-70.57143701165514,-33.3667036630354],[-70.57158580774444,-33.36657797590239],[-70.57072206534342,-33.36373401613513]]]}},{"type":"Feature","properties":{"comuna":"Vitacura","zona":"U Ee3","zona_code":"U Ee3","nombre":"U Ee3","decreto":""},"geometry":{"type":"Polygon","coordinates":[[[-70.57072206534342,-33.36373401613513],[-70.57019433176781,-33.36206985583942],[-70.57027822752347,-33.36199124444147],[-70.57163816006046,-33.362504952516936],[-70.57239558795415,-33.36232534694823],[-70.57254280249138,-33.362210139324105],[-70.57267081346735,-33.36181778562297],[-70.5729661777286,-33.36167902716523],[-70.57314925916204,-33.36142377419305],[-70.57402937612632,-33.36079957554812],[-70.57432882661874,-33.36005905506297],[-70.57560048844157,-33.361252162906084],[-70.5754703426656,-33.3613537586656],[-70.57529208366401,-33.36187620153384],[-70.57463751393738,-33.362161299769625],[-70.57436407724019,-33.36213613443065],[-70.57383053759763,-33.3625103680255],[-70.57357462334872,-33.363458527325754],[-70.57358189273344,-33.36449402359057],[-70.57345351945104,-33.364629275304324],[-70.57225826281874,-33.36448311722586],[-70.57175495717175,-33.36400987511046],[-70.57072206534342,-33.36373401613513]]]}},{"type":"Feature","properties":{"comuna":"Vitacura","zona":"U-V","zona_code":"U-V","nombre":"U-V","decreto":""},"geometry":{"type":"Polygon","coordinates":[[[-70.5690943071091,-33.37597966713406],[-70.56922071784662,-33.375892167714575],[-70.56939046519534,-33.375367455831174],[-70.57010199872697,-33.37555531144683],[-70.56985815450568,-33.37630391112957],[-70.5691395935312,-33.37612584336671],[-70.56909130609661,-33.3762875186574],[-70.56770056151265,-33.376107961371616],[-70.5677517999268,-33.375814094158066],[-70.5690943071091,-33.37597966713406]]]}},{"type":"Feature","properties":{"comuna":"Vitacura","zona":"U PC","zona_code":"U PC","nombre":"U PC","decreto":""},"geometry":{"type":"Polygon","coordinates":[[[-70.5691395935312,-33.37612584336671],[-70.56985815450568,-33.37630391112957],[-70.56977850152947,-33.376548444844325],[-70.56951487726172,-33.3765935545955],[-70.56919994314231,-33.37687313666899],[-70.56839191526534,-33.37676066001714],[-70.568483993248,-33.376202135750994],[-70.56909130609661,-33.3762875186574],[-70.5691395935312,-33.37612584336671]]]}},{"type":"Feature","properties":{"comuna":"Vitacura","zona":"U-V","zona_code":"U-V","nombre":"U-V","decreto":""},"geometry":{"type":"Polygon","coordinates":[[[-70.56901435916812,-33.37588284627888],[-70.56777797448629,-33.37570757619932],[-70.56785625294138,-33.37513689831288],[-70.56919266308091,-33.375319847601155],[-70.56901435916812,-33.37588284627888]]]}},{"type":"Feature","properties":{"comuna":"Vitacura","zona":"U-V","zona_code":"U-V","nombre":"U-V","decreto":""},"geometry":{"type":"Polygon","coordinates":[[[-70.569270013046,-33.37511366108148],[-70.56789950087939,-33.374968395184844],[-70.56798657505335,-33.37443551438121],[-70.5693352411135,-33.37462844877082],[-70.569270013046,-33.37511366108148]]]}},{"type":"Feature","properties":{"comuna":"Vitacura","zona":"U-V","zona_code":"U-V","nombre":"U-V","decreto":""},"geometry":{"type":"Polygon","coordinates":[[[-70.56807088042389,-33.37391951862459],[-70.56925769892722,-33.37396894400458],[-70.57051273798209,-33.37425372226822],[-70.57016087436706,-33.37540209914451],[-70.56944246000236,-33.37523007172768],[-70.56960963324238,-33.37456222269042],[-70.56801842883637,-33.374324633610705],[-70.56807088042389,-33.37391951862459]]]}},{"type":"Feature","properties":{"comuna":"Vitacura","zona":"U-V","zona_code":"U-V","nombre":"U-V","decreto":""},"geometry":{"type":"Polygon","coordinates":[[[-70.567413368423,-33.37573115565611],[-70.56565688962246,-33.37547653349672],[-70.56578182659534,-33.37483069772181],[-70.56754363721156,-33.37506616065902],[-70.567413368423,-33.37573115565611]]]}},{"type":"Feature","properties":{"comuna":"Vitacura","zona":"U-V","zona_code":"U-V","nombre":"U-V","decreto":""},"geometry":{"type":"Polygon","coordinates":[[[-70.5644137797929,-33.37562165146616],[-70.56388667877256,-33.37555719297157],[-70.56387392732272,-33.374575971617745],[-70.56451472205302,-33.37442770992519],[-70.56461263136819,-33.37473369070347],[-70.5644137797929,-33.37562165146616]]]}},{"type":"Feature","properties":{"comuna":"Vitacura","zona":"U-V","zona_code":"U-V","nombre":"U-V","decreto":""},"geometry":{"type":"Polygon","coordinates":[[[-70.56131941011002,-33.375437207707044],[-70.56103165241532,-33.373928799852955],[-70.56311463950442,-33.37431419215813],[-70.56369839889615,-33.37455440156551],[-70.56373874059405,-33.37552670956566],[-70.56328225611584,-33.37553499471493],[-70.56320427435641,-33.37477628575676],[-70.56281849213762,-33.374804197457756],[-70.56290345278441,-33.37568173132673],[-70.56283349169519,-33.375684255531304],[-70.5628115598532,-33.37547085282794],[-70.5624289419139,-33.37548558897805],[-70.56238471727019,-33.37503438746008],[-70.56214086440693,-33.375051212144946],[-70.56206489520433,-33.37516435489774],[-70.56216673104107,-33.37571523072282],[-70.56207318386743,-33.375731072297434],[-70.5620460650865,-33.375431990428226],[-70.56131941011002,-33.375437207707044]]]}},{"type":"Feature","properties":{"comuna":"Vitacura","zona":"U-V","zona_code":"U-V","nombre":"U-V","decreto":""},"geometry":{"type":"Polygon","coordinates":[[[-70.56523295251372,-33.37416347892763],[-70.56607562372703,-33.374052629389546],[-70.56705396505222,-33.37365730255011],[-70.56787280960565,-33.373883189231776],[-70.56769117170079,-33.37493419544697],[-70.56685731025036,-33.37482303400693],[-70.56700568073794,-33.37429501464459],[-70.56678797223995,-33.37428702588747],[-70.56675908589803,-33.374817115190645],[-70.56555301599141,-33.37464621515833],[-70.56538189952224,-33.37557181334342],[-70.56751141635164,-33.37585274641426],[-70.56742893450908,-33.37639299466561],[-70.56681036292893,-33.37624403732665],[-70.56672717921369,-33.37654091022203],[-70.56677893141394,-33.37625152268191],[-70.56609098685887,-33.376171610101686],[-70.56604048863382,-33.37644664758081],[-70.56594767670728,-33.376434426272006],[-70.56598804204894,-33.37616340546085],[-70.56531740607053,-33.37607792399333],[-70.56526987362943,-33.37621614121072],[-70.56519875864429,-33.37618799768918],[-70.5652875583856,-33.37593252372686],[-70.5648927452925,-33.3758814925179],[-70.56485999734572,-33.37605984034252],[-70.56484848618297,-33.375874116126525],[-70.56455282421992,-33.375835893404535],[-70.56474343288048,-33.374699376615524],[-70.56464797142661,-33.374371291412324],[-70.56523295251372,-33.37416347892763]]]}},{"type":"Feature","properties":{"comuna":"Vitacura","zona":"U-V","zona_code":"U-V","nombre":"U-V","decreto":""},"geometry":{"type":"Polygon","coordinates":[[[-70.57844102966504,-33.36296575494785],[-70.57918519735598,-33.36234217211097],[-70.57939093470578,-33.36251553405553],[-70.5806501162213,-33.362565124454946],[-70.58198108145334,-33.36359568706401],[-70.58257986039341,-33.364274070117744],[-70.5829165467744,-33.3642190714314],[-70.58378835515097,-33.364467442757444],[-70.58520124261426,-33.36517159345114],[-70.58694742664149,-33.366199181642315],[-70.58739384034251,-33.36666622853],[-70.58796952042388,-33.36689151228784],[-70.58945140954111,-33.36778428932796],[-70.5902634166082,-33.36857205075666],[-70.59122501920176,-33.36915407517555],[-70.59171821234952,-33.36991875887497],[-70.58611775803314,-33.36960891773229],[-70.58469250275544,-33.36943087357131],[-70.5847319949329,-33.36876159121175],[-70.58501666964416,-33.368581977821435],[-70.58521563401521,-33.36857645439784],[-70.58664682886213,-33.36908908311949],[-70.58751131037211,-33.36889954625272],[-70.58813346174536,-33.36909918122538],[-70.58885116597212,-33.36915800028603],[-70.58891927080953,-33.369149969573],[-70.58892816159558,-33.368935103624416],[-70.58851403133593,-33.368915350439906],[-70.58850712878684,-33.36900491907054],[-70.58757300482087,-33.36877348434172],[-70.58674457701377,-33.36895945924835],[-70.58625632302066,-33.368851165796976],[-70.58619609843716,-33.36882330184674],[-70.58636906647914,-33.368717294058165],[-70.58656385328734,-33.36840341284254],[-70.58657105959334,-33.368095508713914],[-70.58602295485677,-33.36774459246596],[-70.58595253416489,-33.367860026862346],[-70.58639201021956,-33.36810137587336],[-70.58645825332025,-33.368225802003224],[-70.58618044558085,-33.368666016002216],[-70.58598957440691,-33.368725723323486],[-70.58511419255706,-33.36843983141672],[-70.58472785987311,-33.36854140305328],[-70.58477235945006,-33.36726311596016],[-70.58448302356783,-33.36698942064633],[-70.58330519175534,-33.36692093634413],[-70.58185418521971,-33.36648905276129],[-70.5783893536016,-33.367092115873454],[-70.57640828129593,-33.36679988623203],[-70.57637220835214,-33.36657366019795],[-70.57726298527813,-33.36610002828038],[-70.5783186816875,-33.36629539642749],[-70.58073994121506,-33.36584144062439],[-70.58070642435456,-33.36571778850756],[-70.5782583165027,-33.366207081231],[-70.57738406282645,-33.36604400535439],[-70.57891921201922,-33.365232286697804],[-70.58024000240928,-33.36499118061925],[-70.5802153612152,-33.364886503859196],[-70.57902203296727,-33.36509974082107],[-70.57905351819161,-33.36479629935351],[-70.57886803285687,-33.36460299563458],[-70.57678407907623,-33.36330084981157],[-70.57681477149794,-33.36322887474774],[-70.57829913530614,-33.36315035498759],[-70.57920215510418,-33.36356963219956],[-70.5793365468597,-33.36333527332869],[-70.57903367526265,-33.36329438587033],[-70.57844102966504,-33.36296575494785]]]}},{"type":"Feature","properties":{"comuna":"Vitacura","zona":"U-V","zona_code":"U-V","nombre":"U-V","decreto":""},"geometry":{"type":"Polygon","coordinates":[[[-70.58023942175424,-33.37803050510855],[-70.58032632009548,-33.376702704662634],[-70.58104311219782,-33.376707891675544],[-70.58094319622107,-33.37806637495555],[-70.58023942175424,-33.37803050510855]]]}},{"type":"Feature","properties":{"comuna":"Vitacura","zona":"U-V","zona_code":"U-V","nombre":"U-V","decreto":""},"geometry":{"type":"Polygon","coordinates":[[[-70.56608501030014,-33.364194421349175],[-70.56618134497037,-33.36352134502758],[-70.56640913994302,-33.36353604856165],[-70.56877111662983,-33.364902116689336],[-70.57007169159391,-33.36445706257061],[-70.57095471411529,-33.366504955509384],[-70.57119832076873,-33.36641239050366],[-70.57158580774444,-33.36657797590239],[-70.57133726540431,-33.36682522535733],[-70.571835272355,-33.367042621637864],[-70.57136959544225,-33.36723940981019],[-70.57105251880812,-33.36759538033537],[-70.5706504615319,-33.36935428728137],[-70.5706610369127,-33.36974488597277],[-70.57142943605858,-33.37135773929419],[-70.5705789065218,-33.37408719096275],[-70.56920900010257,-33.37378179300406],[-70.56825466285422,-33.373769129939724],[-70.5673978178317,-33.373565200535964],[-70.56731834265096,-33.37349461993712],[-70.56730440266652,-33.3730068287316],[-70.56694232897925,-33.37271909769029],[-70.56550121511454,-33.372761145229354],[-70.5649367408697,-33.37254134159558],[-70.56475182306237,-33.372379028713155],[-70.56479242618622,-33.371946624457955],[-70.5654251477487,-33.371547316579154],[-70.56529147593758,-33.371229258823],[-70.56535041380765,-33.37118556488497],[-70.5662544775089,-33.37180410218866],[-70.5663266904096,-33.37170774449166],[-70.56545041902831,-33.371053064529505],[-70.56518693935155,-33.37110888334646],[-70.56502586181513,-33.37084843834841],[-70.56503677188599,-33.37018733661866],[-70.56522587856715,-33.369948723078366],[-70.56578835942413,-33.36991538083882],[-70.56601367647798,-33.369793230563936],[-70.56657011604733,-33.37059678395217],[-70.566861387061,-33.37082217700882],[-70.56715004846781,-33.370902047364694],[-70.56874419324424,-33.37083179958389],[-70.56900905641297,-33.37069482719849],[-70.56911029047552,-33.37041993528195],[-70.56917670916688,-33.36920931854951],[-70.56931496841283,-33.368990431255746],[-70.56914907995518,-33.36893764746651],[-70.56902383653815,-33.369089557414036],[-70.56889690568251,-33.37057296030744],[-70.5686489734292,-33.37070256048676],[-70.56722413338238,-33.37076207912637],[-70.56693857137769,-33.37069648666986],[-70.56672233623038,-33.37053218576221],[-70.56611012691212,-33.36969521529618],[-70.56612840345514,-33.36928695343035],[-70.56651642032185,-33.36919854179542],[-70.56720705203097,-33.369175506271226],[-70.56720094245101,-33.36946907965091],[-70.56732022696171,-33.3694604145082],[-70.56737906805748,-33.36877723260241],[-70.56724552509147,-33.36878369153706],[-70.56722787222658,-33.369067866414014],[-70.56663055271018,-33.369061090522436],[-70.56599353774354,-33.369186547657975],[-70.56592785693785,-33.36909192993672],[-70.56578364374406,-33.368383870545316],[-70.56589460083929,-33.36658142409647],[-70.56600827012842,-33.36649766728797],[-70.5662139341352,-33.366548760358185],[-70.56697984085594,-33.36739452908293],[-70.56815964587827,-33.367533534798945],[-70.56819294033083,-33.36742382886051],[-70.5674639076113,-33.367366225071436],[-70.56765646293007,-33.36700348513535],[-70.56751205389949,-33.36640399852433],[-70.56807946619698,-33.36599703222963],[-70.56795380300278,-33.36588766418055],[-70.56742708526949,-33.36624866005268],[-70.566498210312,-33.36503629041429],[-70.56663106236533,-33.36499166305387],[-70.5671137581954,-33.36510964995765],[-70.56737916328241,-33.36500369438882],[-70.56755412349322,-33.36477002863268],[-70.56745830794556,-33.36418424487654],[-70.56728832627765,-33.36421979764558],[-70.56738315777754,-33.364750711862094],[-70.56710274862192,-33.36497139187988],[-70.56649504608872,-33.36485975520958],[-70.56638100382044,-33.36436726161344],[-70.56608501030014,-33.364194421349175]]]}},{"type":"Feature","properties":{"comuna":"Vitacura","zona":"U Ee3","zona_code":"U Ee3","nombre":"U Ee3","decreto":""},"geometry":{"type":"Polygon","coordinates":[[[-70.56618134497037,-33.36352134502758],[-70.56657260409075,-33.3612807407637],[-70.56664292847547,-33.36123809571522],[-70.56657890141341,-33.36187004260782],[-70.56666914796975,-33.36214569611709],[-70.56695579453192,-33.36243199594631],[-70.56763367925697,-33.362652506800046],[-70.56782956777796,-33.363347982180166],[-70.56816114057673,-33.36352275510097],[-70.56854878330849,-33.3632565730554],[-70.56890413101597,-33.362854788147125],[-70.56898443413972,-33.36233836556189],[-70.56913640947587,-33.36225054323778],[-70.57007169159391,-33.36445706257061],[-70.56877111662983,-33.364902116689336],[-70.56640913994302,-33.36353604856165],[-70.56618134497037,-33.36352134502758]]]}},{"type":"Feature","properties":{"comuna":"Vitacura","zona":"U Ee2","zona_code":"U Ee2","nombre":"U Ee2","decreto":""},"geometry":{"type":"Polygon","coordinates":[[[-70.55770740263314,-33.37609796448909],[-70.56053595346148,-33.37618650935187],[-70.56355772997152,-33.37609848572208],[-70.56569456305326,-33.376806926188294],[-70.56915462442397,-33.377281061150455],[-70.56935480348226,-33.37755717941877],[-70.56956977538773,-33.37764990605224],[-70.56953001780694,-33.37781147449687],[-70.5678029926452,-33.377457486308046],[-70.56685012270057,-33.37745162426913],[-70.5623094744453,-33.37681092105338],[-70.55752840210077,-33.37626724197291],[-70.55770740263314,-33.37609796448909]]]}},{"type":"Feature","properties":{"comuna":"Vitacura","zona":"U Ee4","zona_code":"U Ee4","nombre":"U Ee4","decreto":""},"geometry":{"type":"Polygon","coordinates":[[[-70.557822157575,-33.37918253259115],[-70.55804832479328,-33.377284653304606],[-70.56751393284979,-33.37849913404618],[-70.56833996665637,-33.38049558967721],[-70.5687257123563,-33.38169036667777],[-70.56874914657253,-33.38182788723171],[-70.56839947473794,-33.38194060292369],[-70.56957431091818,-33.38494135571175],[-70.56681240719486,-33.38455691906856],[-70.56587341975765,-33.3823049577368],[-70.56428974877302,-33.382654218039235],[-70.56251617652627,-33.38165815720037],[-70.56201625163213,-33.38172411191704],[-70.56192728634733,-33.381549778781455],[-70.56026617053426,-33.382101592602176],[-70.55963282035461,-33.38107754627009],[-70.55934770313151,-33.38122212450931],[-70.55905116187458,-33.38085863707856],[-70.55935623638942,-33.380658792305596],[-70.5590934235178,-33.38037146076307],[-70.55880544606013,-33.38055265992688],[-70.5583806313916,-33.38003692097832],[-70.557822157575,-33.37918253259115]]]}},{"type":"Feature","properties":{"comuna":"Vitacura","zona":"U-V","zona_code":"U-V","nombre":"U-V","decreto":""},"geometry":{"type":"Polygon","coordinates":[[[-70.56566939476495,-33.38338711943569],[-70.56527544016498,-33.383621250893086],[-70.56447648631426,-33.38316355021616],[-70.56460744348463,-33.38301157177073],[-70.56542819997676,-33.38278408152704],[-70.56566939476495,-33.38338711943569]]]}},{"type":"Feature","properties":{"comuna":"Vitacura","zona":"U AVPC","zona_code":"U AVPC","nombre":"U AVPC","decreto":""},"geometry":{"type":"Polygon","coordinates":[[[-70.56542819997676,-33.38278408152704],[-70.56563005367605,-33.38277914865278],[-70.56585083105378,-33.38335381010679],[-70.56566939476495,-33.38338711943569],[-70.56542819997676,-33.38278408152704]]]}},{"type":"Feature","properties":{"comuna":"Vitacura","zona":"U-V","zona_code":"U-V","nombre":"U-V","decreto":""},"geometry":{"type":"Polygon","coordinates":[[[-70.56224654605259,-33.38173733072746],[-70.56251617652627,-33.38165815720037],[-70.56428974877302,-33.382654218039235],[-70.56587341975765,-33.3823049577368],[-70.56681240719486,-33.38455691906856],[-70.56957431091818,-33.38494135571175],[-70.56839947473794,-33.38194060292369],[-70.56874914657253,-33.38182788723171],[-70.57016055944072,-33.385411356072],[-70.56669664204732,-33.384937945989854],[-70.56620594111739,-33.38422113796126],[-70.5654145503641,-33.38370736585035],[-70.56547770544807,-33.38358105799004],[-70.56598126212577,-33.38342914954207],[-70.56603319501019,-33.38331157313556],[-70.56567442596703,-33.382655137489614],[-70.56460901855107,-33.382889890741104],[-70.56437099644799,-33.383098696183055],[-70.56232078695257,-33.38189446765869],[-70.56224654605259,-33.38173733072746]]]}},{"type":"Feature","properties":{"comuna":"Vitacura","zona":"U-V","zona_code":"U-V","nombre":"U-V","decreto":""},"geometry":{"type":"Polygon","coordinates":[[[-70.56821238839349,-33.38020186831197],[-70.5677887424489,-33.37919494690895],[-70.56754827829401,-33.37863805206228],[-70.56832014671025,-33.378668386980316],[-70.56877515254685,-33.378977925710025],[-70.5689331035272,-33.37941116086837],[-70.56884339313353,-33.38019005795682],[-70.56821238839349,-33.38020186831197]]]}},{"type":"Feature","properties":{"comuna":"Vitacura","zona":"U-V","zona_code":"U-V","nombre":"U-V","decreto":""},"geometry":{"type":"Polygon","coordinates":[[[-70.55934770313151,-33.38122212450931],[-70.55963282035461,-33.38107754627009],[-70.56026617053426,-33.382101592602176],[-70.56192728634733,-33.381549778781455],[-70.5620436799875,-33.381826370937375],[-70.56005340776132,-33.382469659074005],[-70.55980784723629,-33.38184280321753],[-70.55934770313151,-33.38122212450931]]]}},{"type":"Feature","properties":{"comuna":"Vitacura","zona":"U-V","zona_code":"U-V","nombre":"U-V","decreto":""},"geometry":{"type":"Polygon","coordinates":[[[-70.55880544606013,-33.38055265992688],[-70.5590934235178,-33.38037146076307],[-70.55935623638942,-33.380658792305596],[-70.55905116187458,-33.38085863707856],[-70.55880544606013,-33.38055265992688]]]}},{"type":"Feature","properties":{"comuna":"Vitacura","zona":"U-V","zona_code":"U-V","nombre":"U-V","decreto":""},"geometry":{"type":"Polygon","coordinates":[[[-70.55720365837784,-33.37838890644613],[-70.55743600511862,-33.37730470722706],[-70.55804832479328,-33.377284653304606],[-70.55789964412217,-33.37848411399106],[-70.55720365837784,-33.37838890644613]]]}},{"type":"Feature","properties":{"comuna":"Vitacura","zona":"U AVPC","zona_code":"U AVPC","nombre":"U AVPC","decreto":""},"geometry":{"type":"Polygon","coordinates":[[[-70.55789964412217,-33.37848411399106],[-70.55780047398575,-33.379242458570054],[-70.55720365837784,-33.37838890644613],[-70.55789964412217,-33.37848411399106]]]}},{"type":"Feature","properties":{"comuna":"Vitacura","zona":"U-V","zona_code":"U-V","nombre":"U-V","decreto":""},"geometry":{"type":"Polygon","coordinates":[[[-70.56241747982321,-33.39380789837735],[-70.56265606224719,-33.39337881045968],[-70.5645385020675,-33.394035350474674],[-70.56438326175726,-33.39443178669543],[-70.56241747982321,-33.39380789837735]]]}},{"type":"Feature","properties":{"comuna":"Vitacura","zona":"U-V","zona_code":"U-V","nombre":"U-V","decreto":""},"geometry":{"type":"Polygon","coordinates":[[[-70.56269253130372,-33.39327813874594],[-70.562881783088,-33.39284036735519],[-70.5648373685595,-33.39345043655651],[-70.56459568939128,-33.39387405004498],[-70.56269253130372,-33.39327813874594]]]}},{"type":"Feature","properties":{"comuna":"Vitacura","zona":"U-V","zona_code":"U-V","nombre":"U-V","decreto":""},"geometry":{"type":"Polygon","coordinates":[[[-70.56484838680228,-33.393311304917006],[-70.56312018133862,-33.39279619299653],[-70.56319949385974,-33.39265144468426],[-70.56299567630198,-33.39257757543792],[-70.56308817639069,-33.39230121317925],[-70.56498577365095,-33.39288245366021],[-70.56484838680228,-33.393311304917006]]]}},{"type":"Feature","properties":{"comuna":"Vitacura","zona":"U-V","zona_code":"U-V","nombre":"U-V","decreto":""},"geometry":{"type":"Polygon","coordinates":[[[-70.56302991105905,-33.39215547272594],[-70.56324184612346,-33.39178497513283],[-70.56519949635371,-33.39242758236059],[-70.56503254235278,-33.39278116709174],[-70.56302991105905,-33.39215547272594]]]}},{"type":"Feature","properties":{"comuna":"Vitacura","zona":"U Ee4","zona_code":"U Ee4","nombre":"U Ee4","decreto":""},"geometry":{"type":"Polygon","coordinates":[[[-70.56498175568797,-33.39211887786795],[-70.56308565129457,-33.39155895048137],[-70.56371194138175,-33.390077122476164],[-70.5655934728518,-33.39066712820895],[-70.56498175568797,-33.39211887786795]]]}},{"type":"Feature","properties":{"comuna":"Vitacura","zona":"U-V","zona_code":"U-V","nombre":"U-V","decreto":""},"geometry":{"type":"Polygon","coordinates":[[[-70.5638980493866,-33.390136118748785],[-70.56399617527738,-33.38991279560598],[-70.56604342357322,-33.390537370169234],[-70.56531209575972,-33.39218707135125],[-70.56498175568797,-33.39211887786795],[-70.5655934728518,-33.39066712820895],[-70.5638980493866,-33.390136118748785]]]}},{"type":"Feature","properties":{"comuna":"Vitacura","zona":"U-V","zona_code":"U-V","nombre":"U-V","decreto":""},"geometry":{"type":"Polygon","coordinates":[[[-70.56520244010692,-33.39001607044185],[-70.5654425187429,-33.38944513931491],[-70.56637849738591,-33.38832219502796],[-70.56672314045022,-33.388521901229254],[-70.56657995921401,-33.38863404828166],[-70.56696659033334,-33.388888793666425],[-70.56658814190202,-33.38934287096045],[-70.56617402782675,-33.390317696486235],[-70.56520244010692,-33.39001607044185]]]}},{"type":"Feature","properties":{"comuna":"Vitacura","zona":"U AVPC","zona_code":"U AVPC","nombre":"U AVPC","decreto":""},"geometry":{"type":"Polygon","coordinates":[[[-70.56616652314351,-33.390322217481014],[-70.56615715933091,-33.390434483990404],[-70.5660578387747,-33.39044766816055],[-70.56511349070821,-33.39013172801295],[-70.56520244010692,-33.39001607044185],[-70.56616652314351,-33.390322217481014]]]}},{"type":"Feature","properties":{"comuna":"Vitacura","zona":"U PC","zona_code":"U PC","nombre":"U PC","decreto":""},"geometry":{"type":"Polygon","coordinates":[[[-70.56672314045022,-33.388521901229254],[-70.56637849738591,-33.38832219502796],[-70.56658677030416,-33.388061529039554],[-70.56730238103526,-33.38847102134842],[-70.567178506026,-33.3886330931767],[-70.56672314045022,-33.388521901229254]]]}},{"type":"Feature","properties":{"comuna":"Vitacura","zona":"U-V","zona_code":"U-V","nombre":"U-V","decreto":""},"geometry":{"type":"Polygon","coordinates":[[[-70.56525164140736,-33.38804008066554],[-70.56552492912253,-33.38840946936175],[-70.56571008317408,-33.38817318123452],[-70.56614281313719,-33.388374374854166],[-70.56533212307232,-33.38935621745727],[-70.56499959024855,-33.39007786431585],[-70.56449255574762,-33.38992635585662],[-70.56491739761356,-33.388832322146314],[-70.56464267046228,-33.38838241886491],[-70.56494982638479,-33.38823898975446],[-70.56506464027864,-33.38829009229713],[-70.56525164140736,-33.38804008066554]]]}},{"type":"Feature","properties":{"comuna":"Vitacura","zona":"U PC","zona_code":"U PC","nombre":"U PC","decreto":""},"geometry":{"type":"Polygon","coordinates":[[[-70.56533115496589,-33.38791380553699],[-70.56479687942006,-33.38776861737053],[-70.56505787015523,-33.38714772229592],[-70.566470162058,-33.3879829460214],[-70.56624691224506,-33.3882498991639],[-70.56584124426885,-33.38800579898741],[-70.56552492912253,-33.38840946936175],[-70.56525164140736,-33.38804008066554],[-70.56533115496589,-33.38791380553699]]]}},{"type":"Feature","properties":{"comuna":"Vitacura","zona":"U-V","zona_code":"U-V","nombre":"U-V","decreto":""},"geometry":{"type":"Polygon","coordinates":[[[-70.56437396713655,-33.38987625096582],[-70.56410444226309,-33.38980130172735],[-70.5646181374353,-33.38879734551763],[-70.56444638557954,-33.38874696048028],[-70.56452990062394,-33.38853935185605],[-70.56463483930705,-33.38856058385158],[-70.56480041562904,-33.38887167689716],[-70.56437396713655,-33.38987625096582]]]}},{"type":"Feature","properties":{"comuna":"Vitacura","zona":"U AVPC","zona_code":"U AVPC","nombre":"U AVPC","decreto":""},"geometry":{"type":"Polygon","coordinates":[[[-70.56465956318345,-33.388551323950985],[-70.56433490636148,-33.38848979721574],[-70.56438862929573,-33.38831314232859],[-70.56447739029525,-33.388306058391905],[-70.56465956318345,-33.388551323950985]]]}},{"type":"Feature","properties":{"comuna":"Vitacura","zona":"U-V","zona_code":"U-V","nombre":"U-V","decreto":""},"geometry":{"type":"Polygon","coordinates":[[[-70.56129502168524,-33.393466630052366],[-70.56225922271699,-33.39151276806958],[-70.56261694452269,-33.39160078574698],[-70.56258223594081,-33.39170464135091],[-70.56244144457715,-33.39164020793789],[-70.56160341128408,-33.39332631743129],[-70.56178035279181,-33.39337501940311],[-70.56169144998941,-33.39358855964248],[-70.56129502168524,-33.393466630052366]]]}},{"type":"Feature","properties":{"comuna":"Vitacura","zona":"U-V","zona_code":"U-V","nombre":"U-V","decreto":""},"geometry":{"type":"Polygon","coordinates":[[[-70.5611266593184,-33.39339716352051],[-70.56071522754068,-33.39325618892076],[-70.56170467666148,-33.39132169985918],[-70.56209837914338,-33.391465877864825],[-70.5611266593184,-33.39339716352051]]]}},{"type":"Feature","properties":{"comuna":"Vitacura","zona":"U-V","zona_code":"U-V","nombre":"U-V","decreto":""},"geometry":{"type":"Polygon","coordinates":[[[-70.56229700180961,-33.391319014673634],[-70.5613564745873,-33.391017672641],[-70.56153423288718,-33.39061873884485],[-70.5625310470104,-33.39088656155715],[-70.56229700180961,-33.391319014673634]]]}},{"type":"Feature","properties":{"comuna":"Vitacura","zona":"U-V","zona_code":"U-V","nombre":"U-V","decreto":""},"geometry":{"type":"Polygon","coordinates":[[[-70.56267142814802,-33.39143204565079],[-70.5624186129104,-33.39135924160224],[-70.56285447208644,-33.390282970381634],[-70.5630895344497,-33.39034638174466],[-70.56267142814802,-33.39143204565079]]]}},{"type":"Feature","properties":{"comuna":"Vitacura","zona":"U-V","zona_code":"U-V","nombre":"U-V","decreto":""},"geometry":{"type":"Polygon","coordinates":[[[-70.5631121274232,-33.39028771690737],[-70.56236605253471,-33.39009894518629],[-70.56254954235568,-33.38967094610969],[-70.56327626417446,-33.38987710294964],[-70.5631121274232,-33.39028771690737]]]}},{"type":"Feature","properties":{"comuna":"Vitacura","zona":"U AVPC","zona_code":"U AVPC","nombre":"U AVPC","decreto":""},"geometry":{"type":"Polygon","coordinates":[[[-70.5625361478544,-33.39082982700729],[-70.56209418530024,-33.390675042554676],[-70.56231033640387,-33.39016455003482],[-70.5627769122687,-33.39029611592045],[-70.5625361478544,-33.39082982700729]]]}},{"type":"Feature","properties":{"comuna":"Vitacura","zona":"U-V","zona_code":"U-V","nombre":"U-V","decreto":""},"geometry":{"type":"Polygon","coordinates":[[[-70.56201224796274,-33.39067416578955],[-70.56157069773478,-33.39054228118791],[-70.5619803535263,-33.38952730931396],[-70.56245120205907,-33.38964355172299],[-70.56201224796274,-33.39067416578955]]]}},{"type":"Feature","properties":{"comuna":"Vitacura","zona":"U PVEV","zona_code":"U PVEV","nombre":"U PVEV","decreto":""},"geometry":{"type":"Polygon","coordinates":[[[-70.56994576448575,-33.38632874264743],[-70.57001612389824,-33.385888397623106],[-70.56985804125974,-33.38587608087729],[-70.56981011518167,-33.38629545544916],[-70.56936979676195,-33.386247336436526],[-70.56946252334099,-33.38570928221668],[-70.57013789468013,-33.38577948019585],[-70.57007535260954,-33.38633505007365],[-70.56994576448575,-33.38632874264743]]]}},{"type":"Feature","properties":{"comuna":"Vitacura","zona":"U-V","zona_code":"U-V","nombre":"U-V","decreto":""},"geometry":{"type":"Polygon","coordinates":[[[-70.57013789468013,-33.38577948019585],[-70.56924453014246,-33.38568698413421],[-70.56927518200318,-33.38549331887555],[-70.57024131616899,-33.385599210733396],[-70.5706605268866,-33.38656025409746],[-70.5703082834885,-33.38655573172595],[-70.57033199423496,-33.3863711734789],[-70.57007535260954,-33.38633505007365],[-70.57013789468013,-33.38577948019585]]]}},{"type":"Feature","properties":{"comuna":"Vitacura","zona":"U PVOsz","zona_code":"U PVOsz","nombre":"U PVOsz","decreto":""},"geometry":{"type":"Polygon","coordinates":[[[-70.56981011518167,-33.38629545544916],[-70.56982231246502,-33.386499316104256],[-70.56928776515858,-33.386430914113404],[-70.56931854573763,-33.3862444060986],[-70.56981011518167,-33.38629545544916]]]}},{"type":"Feature","properties":{"comuna":"Vitacura","zona":"U PVOsz","zona_code":"U PVOsz","nombre":"U PVOsz","decreto":""},"geometry":{"type":"Polygon","coordinates":[[[-70.56994576448575,-33.38632874264743],[-70.57033199423496,-33.3863711734789],[-70.5703082834885,-33.38655573172595],[-70.56991641291434,-33.386512442398924],[-70.56994576448575,-33.38632874264743]]]}},{"type":"Feature","properties":{"comuna":"Vitacura","zona":"U PVEV","zona_code":"U PVEV","nombre":"U PVEV","decreto":""},"geometry":{"type":"Polygon","coordinates":[[[-70.56872603210402,-33.38615192222052],[-70.56879270440312,-33.38571059358111],[-70.56930566287132,-33.385764954002596],[-70.56923413819311,-33.38621237849794],[-70.56872603210402,-33.38615192222052]]]}},{"type":"Feature","properties":{"comuna":"Vitacura","zona":"U PVOsz","zona_code":"U PVOsz","nombre":"U PVOsz","decreto":""},"geometry":{"type":"Polygon","coordinates":[[[-70.56923413819311,-33.38621237849794],[-70.56919673271557,-33.3864463668593],[-70.5686935633223,-33.386366843412766],[-70.56872603210402,-33.38615192222052],[-70.56923413819311,-33.38621237849794]]]}},{"type":"Feature","properties":{"comuna":"Vitacura","zona":"U PVEV","zona_code":"U PVEV","nombre":"U PVEV","decreto":""},"geometry":{"type":"Polygon","coordinates":[[[-70.5681427500273,-33.38610536445164],[-70.5682396213605,-33.38556009976643],[-70.5686543431775,-33.38560854555124],[-70.56861205626564,-33.386164905840786],[-70.5681427500273,-33.38610536445164]]]}},{"type":"Feature","properties":{"comuna":"Vitacura","zona":"U-V","zona_code":"U-V","nombre":"U-V","decreto":""},"geometry":{"type":"Polygon","coordinates":[[[-70.56915437498756,-33.3856559120627],[-70.56791034006588,-33.3855177309798],[-70.56793297726568,-33.38535280093279],[-70.56916828643261,-33.38548035387804],[-70.56915437498756,-33.3856559120627]]]}},{"type":"Feature","properties":{"comuna":"Vitacura","zona":"U PVOsz","zona_code":"U PVOsz","nombre":"U PVOsz","decreto":""},"geometry":{"type":"Polygon","coordinates":[[[-70.56861205626564,-33.386164905840786],[-70.56859590927438,-33.38635689682989],[-70.56807370512286,-33.38629951464297],[-70.56808723326553,-33.386102486609715],[-70.56861205626564,-33.386164905840786]]]}},{"type":"Feature","properties":{"comuna":"Vitacura","zona":"U PVEV","zona_code":"U PVEV","nombre":"U PVEV","decreto":""},"geometry":{"type":"Polygon","coordinates":[[[-70.56749510602172,-33.385995834722706],[-70.56756914261295,-33.385572151141204],[-70.56808197119456,-33.38561935942743],[-70.56801401526509,-33.38607435433399],[-70.56749510602172,-33.385995834722706]]]}},{"type":"Feature","properties":{"comuna":"Vitacura","zona":"U PVOsz","zona_code":"U PVOsz","nombre":"U PVOsz","decreto":""},"geometry":{"type":"Polygon","coordinates":[[[-70.56801401526509,-33.38607435433399],[-70.56798399904066,-33.38627532526492],[-70.56745693904672,-33.386214247433685],[-70.56749510602172,-33.385995834722706],[-70.56801401526509,-33.38607435433399]]]}},{"type":"Feature","properties":{"comuna":"Vitacura","zona":"U PVEV","zona_code":"U PVEV","nombre":"U PVEV","decreto":""},"geometry":{"type":"Polygon","coordinates":[[[-70.56743078298703,-33.38547010169625],[-70.5673637652583,-33.38601498875009],[-70.566942309995,-33.385962872014964],[-70.56686005278253,-33.38538029437032],[-70.56743078298703,-33.38547010169625]]]}},{"type":"Feature","properties":{"comuna":"Vitacura","zona":"U PVOsz","zona_code":"U PVOsz","nombre":"U PVOsz","decreto":""},"geometry":{"type":"Polygon","coordinates":[[[-70.5673637652583,-33.38601498875009],[-70.56736628118692,-33.38621410116064],[-70.56694805196607,-33.38614909057955],[-70.566942309995,-33.385962872014964],[-70.5673637652583,-33.38601498875009]]]}},{"type":"Feature","properties":{"comuna":"Vitacura","zona":"U-V","zona_code":"U-V","nombre":"U-V","decreto":""},"geometry":{"type":"Polygon","coordinates":[[[-70.56686005278253,-33.38538029437032],[-70.56680727238316,-33.38519879748507],[-70.5678419063421,-33.38531816003009],[-70.5678193963804,-33.38549024642107],[-70.56686005278253,-33.38538029437032]]]}},{"type":"Feature","properties":{"comuna":"Vitacura","zona":"U PC","zona_code":"U PC","nombre":"U PC","decreto":""},"geometry":{"type":"Polygon","coordinates":[[[-70.56697662449862,-33.38747190613596],[-70.56694365602962,-33.386427191142495],[-70.56705560630948,-33.38632555955536],[-70.56916666955345,-33.38658068488899],[-70.56920463523035,-33.38679400298762],[-70.56855830076297,-33.38771356390938],[-70.5683317537611,-33.38760177120826],[-70.56840463498051,-33.38747867946252],[-70.56780772049093,-33.387184614626925],[-70.56743018634826,-33.38770288267135],[-70.56697662449862,-33.38747190613596]]]}},{"type":"Feature","properties":{"comuna":"Vitacura","zona":"U Ee1","zona_code":"U Ee1","nombre":"U Ee1","decreto":""},"geometry":{"type":"Polygon","coordinates":[[[-70.56697662449862,-33.38747190613596],[-70.56743018634826,-33.38770288267135],[-70.56780772049093,-33.387184614626925],[-70.56840463498051,-33.38747867946252],[-70.5683317537611,-33.38760177120826],[-70.56855830076297,-33.38771356390938],[-70.56794162296178,-33.3885304728254],[-70.56681866351991,-33.38786284153148],[-70.56697662449862,-33.38747190613596]]]}},{"type":"Feature","properties":{"comuna":"Vitacura","zona":"U PC","zona_code":"U PC","nombre":"U PC","decreto":""},"geometry":{"type":"Polygon","coordinates":[[[-70.5656834233805,-33.38620040817971],[-70.56571584964807,-33.38701062315895],[-70.56592560486682,-33.38701060060745],[-70.56593934819702,-33.38727629187897],[-70.5667642813407,-33.3872162478907],[-70.56663514940891,-33.38775542819605],[-70.5651678661603,-33.386890881042326],[-70.56515334375968,-33.38620767270657],[-70.5656834233805,-33.38620040817971]]]}},{"type":"Feature","properties":{"comuna":"Vitacura","zona":"U PVEV","zona_code":"U PVEV","nombre":"U PVEV","decreto":""},"geometry":{"type":"Polygon","coordinates":[[[-70.5656834233805,-33.38620040817971],[-70.56649409107911,-33.38623465756567],[-70.56650146164169,-33.38662971090583],[-70.56590451589244,-33.386602885238275],[-70.56591825959268,-33.3868686071886],[-70.5657088967354,-33.38686926869048],[-70.5656834233805,-33.38620040817971]]]}},{"type":"Feature","properties":{"comuna":"Vitacura","zona":"U PVOsz","zona_code":"U PVOsz","nombre":"U PVOsz","decreto":""},"geometry":{"type":"Polygon","coordinates":[[[-70.56649409107911,-33.38623465756567],[-70.5667412423009,-33.38618572421742],[-70.56674687666313,-33.386626612409344],[-70.56650146164169,-33.38662971090583],[-70.56649409107911,-33.38623465756567]]]}},{"type":"Feature","properties":{"comuna":"Vitacura","zona":"U PVEV","zona_code":"U PVEV","nombre":"U PVEV","decreto":""},"geometry":{"type":"Polygon","coordinates":[[[-70.56649321382739,-33.38715011440291],[-70.56603695952316,-33.38716272491966],[-70.5660119823414,-33.38672160371437],[-70.56648675807726,-33.38671161655891],[-70.56649321382739,-33.38715011440291]]]}},{"type":"Feature","properties":{"comuna":"Vitacura","zona":"U PVOsz","zona_code":"U PVOsz","nombre":"U PVOsz","decreto":""},"geometry":{"type":"Polygon","coordinates":[[[-70.56648675807726,-33.38671161655891],[-70.56674685140013,-33.3866992033486],[-70.56675341827196,-33.387143761974684],[-70.56649321382739,-33.38715011440291],[-70.56648675807726,-33.38671161655891]]]}},{"type":"Feature","properties":{"comuna":"Vitacura","zona":"U PVEV","zona_code":"U PVEV","nombre":"U PVEV","decreto":""},"geometry":{"type":"Polygon","coordinates":[[[-70.56597477158252,-33.38569076250932],[-70.56670971758129,-33.385673133209416],[-70.56672537557641,-33.386115119588375],[-70.56599681861239,-33.386127148198796],[-70.56597477158252,-33.38569076250932]]]}},{"type":"Feature","properties":{"comuna":"Vitacura","zona":"U-V","zona_code":"U-V","nombre":"U-V","decreto":""},"geometry":{"type":"Polygon","coordinates":[[[-70.56567039787073,-33.38613508755251],[-70.56514310029289,-33.38616637462332],[-70.56510807223711,-33.38522763005751],[-70.56652432372884,-33.3851517275159],[-70.56662151821169,-33.38536116219356],[-70.5656501979739,-33.38538610246414],[-70.56567039787073,-33.38613508755251]]]}},{"type":"Feature","properties":{"comuna":"Vitacura","zona":"U PVEV","zona_code":"U PVEV","nombre":"U PVEV","decreto":""},"geometry":{"type":"Polygon","coordinates":[[[-70.56567039787073,-33.38613508755251],[-70.5656501979739,-33.38538610246414],[-70.56662151821169,-33.38536116219356],[-70.56667107182886,-33.385594651744455],[-70.56586950013701,-33.385560864911525],[-70.56588654708347,-33.38613408708524],[-70.56567039787073,-33.38613508755251]]]}},{"type":"Feature","properties":{"comuna":"Vitacura","zona":"U-V","zona_code":"U-V","nombre":"U-V","decreto":""},"geometry":{"type":"Polygon","coordinates":[[[-70.56388218232814,-33.38458260852554],[-70.56449590109436,-33.38454623859793],[-70.56459637254316,-33.38428010978105],[-70.5653810287009,-33.3847355124213],[-70.56556645374773,-33.38502444570456],[-70.56465304695413,-33.38506205068525],[-70.56392140298058,-33.38534329499094],[-70.56388218232814,-33.38458260852554]]]}},{"type":"Feature","properties":{"comuna":"Vitacura","zona":"U AVPC","zona_code":"U AVPC","nombre":"U AVPC","decreto":""},"geometry":{"type":"Polygon","coordinates":[[[-70.56449590109436,-33.38454623859793],[-70.56384521456307,-33.38458307442644],[-70.56372767877201,-33.38373747458493],[-70.56459848980796,-33.38423951884785],[-70.56449590109436,-33.38454623859793]]]}},{"type":"Feature","properties":{"comuna":"Vitacura","zona":"U-V","zona_code":"U-V","nombre":"U-V","decreto":""},"geometry":{"type":"Polygon","coordinates":[[[-70.56570478540003,-33.38501464683419],[-70.56547506799856,-33.3846395797024],[-70.56370348806541,-33.383614876401744],[-70.56363998624482,-33.38324534688856],[-70.5637991994672,-33.38298754562727],[-70.56594563893128,-33.384249855264876],[-70.56641327516793,-33.38497538959518],[-70.56570478540003,-33.38501464683419]]]}},{"type":"Feature","properties":{"comuna":"Vitacura","zona":"U-V","zona_code":"U-V","nombre":"U-V","decreto":""},"geometry":{"type":"Polygon","coordinates":[[[-70.56218157205606,-33.38300591573598],[-70.5621315805169,-33.38283474284519],[-70.5624571364436,-33.38266957931726],[-70.56272035102593,-33.3823584511925],[-70.56366433807885,-33.38289776065445],[-70.56349217296122,-33.3832900643195],[-70.56371200493452,-33.38405086065508],[-70.56378429887101,-33.385379184020785],[-70.56315263584551,-33.38551397704693],[-70.56282769381907,-33.38528144121169],[-70.5630984100414,-33.38511100177975],[-70.56320103453082,-33.38528270337123],[-70.56334353939336,-33.38529880433841],[-70.5633298326234,-33.385128964166014],[-70.56316487928915,-33.38505051079038],[-70.56313075250162,-33.38493163335013],[-70.56332168639689,-33.38487255584023],[-70.5633115885057,-33.3847056535014],[-70.56298622018744,-33.384802215142585],[-70.56298725469908,-33.38505871308829],[-70.56275208560979,-33.38522870460234],[-70.56228575157243,-33.384799106516795],[-70.56328639628784,-33.38429137847961],[-70.56286513611029,-33.3831587321613],[-70.56290289395,-33.38307521798159],[-70.56138986614833,-33.383824784481],[-70.56106923250134,-33.38354963854402],[-70.56218157205606,-33.38300591573598]]]}},{"type":"Feature","properties":{"comuna":"Vitacura","zona":"U PVO","zona_code":"U PVO","nombre":"U PVO","decreto":""},"geometry":{"type":"Polygon","coordinates":[[[-70.5633438626241,-33.38974895542825],[-70.56372393994124,-33.388905261741805],[-70.56395955582727,-33.38896638106466],[-70.56360149951551,-33.3898244403315],[-70.5633438626241,-33.38974895542825]]]}},{"type":"Feature","properties":{"comuna":"Vitacura","zona":"U-V","zona_code":"U-V","nombre":"U-V","decreto":""},"geometry":{"type":"Polygon","coordinates":[[[-70.56303337597139,-33.389664068421276],[-70.56203996900724,-33.38938725846407],[-70.56221761443557,-33.388982360294705],[-70.56321446599105,-33.38925315979128],[-70.56303337597139,-33.389664068421276]]]}},{"type":"Feature","properties":{"comuna":"Vitacura","zona":"U-V","zona_code":"U-V","nombre":"U-V","decreto":""},"geometry":{"type":"Polygon","coordinates":[[[-70.56273067462602,-33.389041518039285],[-70.56224105715872,-33.38890153280601],[-70.56260636773642,-33.38805581600929],[-70.56308160208734,-33.38818703384021],[-70.56273067462602,-33.389041518039285]]]}},{"type":"Feature","properties":{"comuna":"Vitacura","zona":"U-V","zona_code":"U-V","nombre":"U-V","decreto":""},"geometry":{"type":"Polygon","coordinates":[[[-70.56377391727433,-33.38884497645531],[-70.56298646775203,-33.38863265214309],[-70.5631638948562,-33.38821582306841],[-70.56395037102516,-33.3884324549938],[-70.56377391727433,-33.38884497645531]]]}},{"type":"Feature","properties":{"comuna":"Vitacura","zona":"U AVPC","zona_code":"U AVPC","nombre":"U AVPC","decreto":""},"geometry":{"type":"Polygon","coordinates":[[[-70.56324014987443,-33.38921811777008],[-70.5627869476819,-33.389070636109636],[-70.56294357713631,-33.388667790909224],[-70.56342733670532,-33.38880629691013],[-70.56324014987443,-33.38921811777008]]]}},{"type":"Feature","properties":{"comuna":"Vitacura","zona":"U-V","zona_code":"U-V","nombre":"U-V","decreto":""},"geometry":{"type":"Polygon","coordinates":[[[-70.56402082182565,-33.38830533353543],[-70.56374806020025,-33.38823785183802],[-70.56408072141446,-33.387372738678586],[-70.56438716107088,-33.38745530327451],[-70.56402082182565,-33.38830533353543]]]}},{"type":"Feature","properties":{"comuna":"Vitacura","zona":"U-V","zona_code":"U-V","nombre":"U-V","decreto":""},"geometry":{"type":"Polygon","coordinates":[[[-70.56362138896502,-33.38819693956149],[-70.56266382196364,-33.38792317911783],[-70.56282703714217,-33.38750688839588],[-70.56382875393412,-33.38778824034023],[-70.56362138896502,-33.38819693956149]]]}},{"type":"Feature","properties":{"comuna":"Vitacura","zona":"U AVPC","zona_code":"U AVPC","nombre":"U AVPC","decreto":""},"geometry":{"type":"Polygon","coordinates":[[[-70.56342086278207,-33.387629214296055],[-70.56356818265725,-33.38721503213828],[-70.5640250672603,-33.38733516035439],[-70.56388243135127,-33.38773602320711],[-70.56342086278207,-33.387629214296055]]]}},{"type":"Feature","properties":{"comuna":"Vitacura","zona":"U POC","zona_code":"U POC","nombre":"U POC","decreto":""},"geometry":{"type":"Polygon","coordinates":[[[-70.56369810370192,-33.38671685267785],[-70.56351703828246,-33.38716026253909],[-70.56325702523704,-33.387108092053836],[-70.5631007834422,-33.38751777871999],[-70.56285864746529,-33.387448602423724],[-70.56321446496062,-33.38657641693035],[-70.56369810370192,-33.38671685267785]]]}},{"type":"Feature","properties":{"comuna":"Vitacura","zona":"U-V","zona_code":"U-V","nombre":"U-V","decreto":""},"geometry":{"type":"Polygon","coordinates":[[[-70.5631007834422,-33.38751777871999],[-70.56325702523704,-33.387108092053836],[-70.56351703828246,-33.38716026253909],[-70.56333380847123,-33.387583876784824],[-70.5631007834422,-33.38751777871999]]]}},{"type":"Feature","properties":{"comuna":"Vitacura","zona":"U PC","zona_code":"U PC","nombre":"U PC","decreto":""},"geometry":{"type":"Polygon","coordinates":[[[-70.56321446496062,-33.38657641693035],[-70.563297885415,-33.386371690749684],[-70.56378112385497,-33.38651354262985],[-70.56369810370192,-33.38671685267785],[-70.56321446496062,-33.38657641693035]]]}},{"type":"Feature","properties":{"comuna":"Vitacura","zona":"U PC","zona_code":"U PC","nombre":"U PC","decreto":""},"geometry":{"type":"Polygon","coordinates":[[[-70.56376927855307,-33.38674547681253],[-70.56385270606808,-33.386539949352404],[-70.5647962731153,-33.38700528291775],[-70.56462054021719,-33.38745520511955],[-70.56440226492802,-33.387391124932776],[-70.56449212413933,-33.38717519343545],[-70.56419941981511,-33.38709489182461],[-70.56423621405007,-33.386989437544884],[-70.5639321359639,-33.38690927776572],[-70.56396448338455,-33.386809606342176],[-70.56376927855307,-33.38674547681253]]]}},{"type":"Feature","properties":{"comuna":"Vitacura","zona":"U POC","zona_code":"U POC","nombre":"U POC","decreto":""},"geometry":{"type":"Polygon","coordinates":[[[-70.56440226492802,-33.387391124932776],[-70.56361583815696,-33.38716333200512],[-70.56376927855307,-33.38674547681253],[-70.56396448338455,-33.386809606342176],[-70.5639321359639,-33.38690927776572],[-70.56423621405007,-33.386989437544884],[-70.56419941981511,-33.38709489182461],[-70.56449212413933,-33.38717519343545],[-70.56440226492802,-33.387391124932776]]]}},{"type":"Feature","properties":{"comuna":"Vitacura","zona":"U-V","zona_code":"U-V","nombre":"U-V","decreto":""},"geometry":{"type":"Polygon","coordinates":[[[-70.55920750048142,-33.39271832750635],[-70.5593722050673,-33.39238410690958],[-70.56077366673497,-33.392874256246664],[-70.5605919264247,-33.393217758260775],[-70.55920750048142,-33.39271832750635]]]}},{"type":"Feature","properties":{"comuna":"Vitacura","zona":"U AVPC","zona_code":"U AVPC","nombre":"U AVPC","decreto":""},"geometry":{"type":"Polygon","coordinates":[[[-70.56026652660697,-33.39263820273571],[-70.55944891236022,-33.39234687319126],[-70.55944089382459,-33.39228016145574],[-70.55950503253442,-33.39217627405716],[-70.56032943555543,-33.39246560867543],[-70.56026652660697,-33.39263820273571]]]}},{"type":"Feature","properties":{"comuna":"Vitacura","zona":"U-V","zona_code":"U-V","nombre":"U-V","decreto":""},"geometry":{"type":"Polygon","coordinates":[[[-70.55912746068296,-33.392696426387594],[-70.55873585530689,-33.39255817836457],[-70.55930112048806,-33.39141419674642],[-70.55969375995382,-33.3915786783703],[-70.55912746068296,-33.392696426387594]]]}},{"type":"Feature","properties":{"comuna":"Vitacura","zona":"U-V","zona_code":"U-V","nombre":"U-V","decreto":""},"geometry":{"type":"Polygon","coordinates":[[[-70.56081626945974,-33.392791040710314],[-70.56040401435354,-33.3926435126195],[-70.56095076235815,-33.39156287074996],[-70.56134629212191,-33.391729696099844],[-70.56081626945974,-33.392791040710314]]]}},{"type":"Feature","properties":{"comuna":"Vitacura","zona":"U-V","zona_code":"U-V","nombre":"U-V","decreto":""},"geometry":{"type":"Polygon","coordinates":[[[-70.56042335396192,-33.39245237794326],[-70.55949587105671,-33.39212520662032],[-70.55967734708524,-33.39177454786903],[-70.560590010482,-33.39206849894977],[-70.56042335396192,-33.39245237794326]]]}},{"type":"Feature","properties":{"comuna":"Vitacura","zona":"U AVPC","zona_code":"U AVPC","nombre":"U AVPC","decreto":""},"geometry":{"type":"Polygon","coordinates":[[[-70.5597735278995,-33.39174470511286],[-70.55982479181023,-33.39158896170401],[-70.56066793485027,-33.3919720726213],[-70.56058758451273,-33.39202432177675],[-70.5597735278995,-33.39174470511286]]]}},{"type":"Feature","properties":{"comuna":"Vitacura","zona":"U-V","zona_code":"U-V","nombre":"U-V","decreto":""},"geometry":{"type":"Polygon","coordinates":[[[-70.56066336368151,-33.39187549169617],[-70.55933946535217,-33.391331393231816],[-70.55952102572783,-33.39098550620583],[-70.56090205384581,-33.39154320096673],[-70.56066336368151,-33.39187549169617]]]}},{"type":"Feature","properties":{"comuna":"Vitacura","zona":"U POC","zona_code":"U POC","nombre":"U POC","decreto":""},"geometry":{"type":"Polygon","coordinates":[[[-70.55856829173231,-33.39250933885262],[-70.5580527651808,-33.392312991569824],[-70.55823933954778,-33.39192886544268],[-70.55880329571585,-33.39212937613627],[-70.55856829173231,-33.39250933885262]]]}},{"type":"Feature","properties":{"comuna":"Vitacura","zona":"U AVPC","zona_code":"U AVPC","nombre":"U AVPC","decreto":""},"geometry":{"type":"Polygon","coordinates":[[[-70.55790466777125,-33.39230292066003],[-70.55673927802496,-33.39187372499543],[-70.55689083730196,-33.39143993069399],[-70.5581355102457,-33.39184904000034],[-70.55790466777125,-33.39230292066003]]]}},{"type":"Feature","properties":{"comuna":"Vitacura","zona":"U-V","zona_code":"U-V","nombre":"U-V","decreto":""},"geometry":{"type":"Polygon","coordinates":[[[-70.55746666613734,-33.3915090606989],[-70.55764271757444,-33.39117278971946],[-70.55904016198132,-33.391694507608264],[-70.55880145985435,-33.39200848749896],[-70.55746666613734,-33.3915090606989]]]}},{"type":"Feature","properties":{"comuna":"Vitacura","zona":"U-V","zona_code":"U-V","nombre":"U-V","decreto":""},"geometry":{"type":"Polygon","coordinates":[[[-70.5569964895544,-33.391335046546246],[-70.55761813994825,-33.39010004893769],[-70.5580403439503,-33.39023218979054],[-70.55741003495805,-33.39148999491707],[-70.5569964895544,-33.391335046546246]]]}},{"type":"Feature","properties":{"comuna":"Vitacura","zona":"U AVPC","zona_code":"U AVPC","nombre":"U AVPC","decreto":""},"geometry":{"type":"Polygon","coordinates":[[[-70.55854287649828,-33.391422292339804],[-70.5576888440654,-33.39112949909058],[-70.5577895493075,-33.390906800267565],[-70.55864578715321,-33.39119574673235],[-70.55854287649828,-33.391422292339804]]]}},{"type":"Feature","properties":{"comuna":"Vitacura","zona":"U-V","zona_code":"U-V","nombre":"U-V","decreto":""},"geometry":{"type":"Polygon","coordinates":[[[-70.55872497258763,-33.3911699367137],[-70.55781345134008,-33.39084350604675],[-70.55798478009505,-33.390497749622256],[-70.55890064364962,-33.39081267106322],[-70.55872497258763,-33.3911699367137]]]}},{"type":"Feature","properties":{"comuna":"Vitacura","zona":"U-V","zona_code":"U-V","nombre":"U-V","decreto":""},"geometry":{"type":"Polygon","coordinates":[[[-70.55666668405543,-33.38175096546668],[-70.55587118834691,-33.38164483047645],[-70.5555112816898,-33.381494719300335],[-70.55573869495834,-33.381232255544916],[-70.55677036426604,-33.381412118583405],[-70.55666668405543,-33.38175096546668]]]}},{"type":"Feature","properties":{"comuna":"Vitacura","zona":"U-V","zona_code":"U-V","nombre":"U-V","decreto":""},"geometry":{"type":"Polygon","coordinates":[[[-70.55680317030355,-33.3812890851745],[-70.55583936340484,-33.381135547929176],[-70.5558425528958,-33.381059150983695],[-70.55603611240798,-33.380812382168926],[-70.55694612229651,-33.38093268335437],[-70.55680317030355,-33.3812890851745]]]}},{"type":"Feature","properties":{"comuna":"Vitacura","zona":"U-V","zona_code":"U-V","nombre":"U-V","decreto":""},"geometry":{"type":"Polygon","coordinates":[[[-70.55700545593903,-33.3808063319371],[-70.55620976784299,-33.380717048847785],[-70.55614084272692,-33.380679735153734],[-70.55628082170445,-33.38036300764181],[-70.55709463791544,-33.3804482453381],[-70.55716563319832,-33.380474079026214],[-70.55700545593903,-33.3808063319371]]]}},{"type":"Feature","properties":{"comuna":"Vitacura","zona":"U-V","zona_code":"U-V","nombre":"U-V","decreto":""},"geometry":{"type":"Polygon","coordinates":[[[-70.55722028519037,-33.38034413285866],[-70.55631611482043,-33.380249525306795],[-70.55627505559848,-33.37986062035482],[-70.55741783560678,-33.3800199953562],[-70.55722028519037,-33.38034413285866]]]}},{"type":"Feature","properties":{"comuna":"Vitacura","zona":"U-V","zona_code":"U-V","nombre":"U-V","decreto":""},"geometry":{"type":"Polygon","coordinates":[[[-70.55741975038595,-33.379489292013645],[-70.55768810423056,-33.379354207764536],[-70.55780215651933,-33.379497854043805],[-70.557503965958,-33.379894450045875],[-70.55638957589234,-33.37977519209375],[-70.5561988957118,-33.37967259269005],[-70.55661202371957,-33.37948988116032],[-70.55741975038595,-33.379489292013645]]]}},{"type":"Feature","properties":{"comuna":"Vitacura","zona":"U-V","zona_code":"U-V","nombre":"U-V","decreto":""},"geometry":{"type":"Polygon","coordinates":[[[-70.54563762694544,-33.37942902508462],[-70.54508145679546,-33.379372956545616],[-70.54501076495343,-33.37807767632874],[-70.54560040690103,-33.37809705956654],[-70.54562966964401,-33.37885072033944],[-70.54575178716864,-33.37893700997889],[-70.54563762694544,-33.37942902508462]]]}},{"type":"Feature","properties":{"comuna":"Vitacura","zona":"U-V","zona_code":"U-V","nombre":"U-V","decreto":""},"geometry":{"type":"Polygon","coordinates":[[[-70.5456915672725,-33.37810546848552],[-70.54621489054269,-33.37823448326877],[-70.54586196930227,-33.37886309793684],[-70.5457084091676,-33.37880010708892],[-70.5456915672725,-33.37810546848552]]]}},{"type":"Feature","properties":{"comuna":"Vitacura","zona":"U-V","zona_code":"U-V","nombre":"U-V","decreto":""},"geometry":{"type":"Polygon","coordinates":[[[-70.5449861842998,-33.377755613353436],[-70.5458334806183,-33.37778712991585],[-70.54798053083245,-33.37849939425395],[-70.54787173074637,-33.37867628510664],[-70.54597134075414,-33.378010593431576],[-70.54499516160634,-33.37794162141039],[-70.5449861842998,-33.377755613353436]]]}},{"type":"Feature","properties":{"comuna":"Vitacura","zona":"U-V","zona_code":"U-V","nombre":"U-V","decreto":""},"geometry":{"type":"Polygon","coordinates":[[[-70.5458334806183,-33.37778712991585],[-70.5458373724868,-33.37771427218631],[-70.54630403635491,-33.377717724043876],[-70.54804880604831,-33.37834977850308],[-70.54798053083245,-33.37849939425395],[-70.5458334806183,-33.37778712991585]]]}},{"type":"Feature","properties":{"comuna":"Vitacura","zona":"U AVPC","zona_code":"U AVPC","nombre":"U AVPC","decreto":""},"geometry":{"type":"Polygon","coordinates":[[[-70.5458334806183,-33.37778712991585],[-70.5449861842998,-33.377755613353436],[-70.54493912920594,-33.37773233703621],[-70.54581436821663,-33.377690417945985],[-70.5458334806183,-33.37778712991585]]]}},{"type":"Feature","properties":{"comuna":"Vitacura","zona":"U-V","zona_code":"U-V","nombre":"U-V","decreto":""},"geometry":{"type":"Polygon","coordinates":[[[-70.54728419060633,-33.37796472677564],[-70.54739309560313,-33.377679350408556],[-70.54821849596063,-33.37771247917132],[-70.54807395438112,-33.37822253273735],[-70.54728419060633,-33.37796472677564]]]}},{"type":"Feature","properties":{"comuna":"Vitacura","zona":"U-V","zona_code":"U-V","nombre":"U-V","decreto":""},"geometry":{"type":"Polygon","coordinates":[[[-70.54877663087412,-33.36339312302588],[-70.54892226076934,-33.36310861256532],[-70.54983470027305,-33.36252693166104],[-70.55023418684638,-33.361963582040886],[-70.55061498949478,-33.36163837720755],[-70.55106090323841,-33.36167919298433],[-70.5519107469535,-33.362098079577706],[-70.55236273821254,-33.36273072536267],[-70.551830588058,-33.362588244348366],[-70.55043598001971,-33.36291885561066],[-70.549093262097,-33.36367085512272],[-70.54877663087412,-33.36339312302588]]]}},{"type":"Feature","properties":{"comuna":"Vitacura","zona":"U-V","zona_code":"U-V","nombre":"U-V","decreto":""},"geometry":{"type":"Polygon","coordinates":[[[-70.5455649033335,-33.36713074097098],[-70.54636612785995,-33.36641906776923],[-70.54654414642683,-33.365872804658665],[-70.54710464690044,-33.365246611335955],[-70.54770042081812,-33.364364656392105],[-70.5483333407385,-33.363974977624366],[-70.54870418838162,-33.363519357523714],[-70.54898889624863,-33.36376688737511],[-70.54793801489052,-33.36584521874856],[-70.5475605238226,-33.36717066437761],[-70.5462151624473,-33.367316284597806],[-70.5455649033335,-33.36713074097098]]]}},{"type":"Feature","properties":{"comuna":"Vitacura","zona":"U-V","zona_code":"U-V","nombre":"U-V","decreto":""},"geometry":{"type":"Polygon","coordinates":[[[-70.55752208285075,-33.36708147652432],[-70.55670770413926,-33.366728798641006],[-70.55588357470523,-33.366560170274205],[-70.55532784347537,-33.366292727713585],[-70.5542248917984,-33.366135932862235],[-70.55338783460242,-33.36563935376774],[-70.55133576142065,-33.36493902919856],[-70.55076025954776,-33.36439740407529],[-70.55052548047334,-33.364307277512964],[-70.55035815784815,-33.36449310122665],[-70.55022481904882,-33.36563296418818],[-70.5497366132519,-33.36648614711564],[-70.54978445509724,-33.36693891951154],[-70.54778474870783,-33.36713965220012],[-70.54800138843906,-33.366212134869635],[-70.54881630713362,-33.36469868897994],[-70.5491000455624,-33.363957348021394],[-70.54955094273437,-33.36359856852406],[-70.55050777597624,-33.36309888868795],[-70.55179156961563,-33.36277300334704],[-70.55252920882967,-33.36299762290212],[-70.55405781983848,-33.36404669773537],[-70.55529160484537,-33.364506089862445],[-70.55571181390518,-33.364788912585574],[-70.5572183087814,-33.36545743340923],[-70.55813484574333,-33.366024574030966],[-70.55752208285075,-33.36708147652432]]]}},{"type":"Feature","properties":{"comuna":"Vitacura","zona":"U AVPC","zona_code":"U AVPC","nombre":"U AVPC","decreto":""},"geometry":{"type":"Polygon","coordinates":[[[-70.55813484574333,-33.366024574030966],[-70.55933833171346,-33.36655280724681],[-70.55988979208288,-33.36701833636829],[-70.55911014384922,-33.36699234041622],[-70.55751720521498,-33.36712687472675],[-70.55813484574333,-33.366024574030966]]]}},{"type":"Feature","properties":{"comuna":"Vitacura","zona":"U-V","zona_code":"U-V","nombre":"U-V","decreto":""},"geometry":{"type":"Polygon","coordinates":[[[-70.55879176576575,-33.3621642252647],[-70.5596550156232,-33.36201737160422],[-70.56009182373731,-33.36239366711043],[-70.56081362197425,-33.36280515381829],[-70.56121280902774,-33.36286575244677],[-70.56161078738407,-33.362500635038195],[-70.56210257505946,-33.36249206078343],[-70.56244000591998,-33.362597578271384],[-70.56269987139459,-33.36290291519412],[-70.56301868237978,-33.36308024903544],[-70.56366207741807,-33.363254090608756],[-70.5652132913631,-33.36289007421879],[-70.56510926018247,-33.3635595079351],[-70.56508321922664,-33.366070991385925],[-70.56469784417796,-33.36614743538658],[-70.56441527039948,-33.366088957113135],[-70.56404404164867,-33.36632032020562],[-70.56350672788724,-33.366169603064876],[-70.56306678827656,-33.36589835058741],[-70.56214836768646,-33.366049452662935],[-70.56169397591619,-33.36592393231575],[-70.56067567072607,-33.36622785170016],[-70.56013051443585,-33.36611539741842],[-70.56006504898143,-33.36627131978842],[-70.56017482998463,-33.36667300080601],[-70.56008097631944,-33.36683166720964],[-70.55994739287019,-33.36683573245707],[-70.5572355607864,-33.36530088811274],[-70.55576779108347,-33.36463784692186],[-70.55542588304414,-33.36440053370212],[-70.55418352693178,-33.363938863907016],[-70.55346593277862,-33.3634307711993],[-70.55605354370266,-33.363596571838535],[-70.55806862185091,-33.364291813936994],[-70.55844321824436,-33.36424893228943],[-70.55902088657983,-33.363952953776504],[-70.55944869034373,-33.363864064727764],[-70.55973585920297,-33.363573123834605],[-70.56076141150912,-33.36367655728435],[-70.56103147171571,-33.36406985967571],[-70.56156632391925,-33.363924536452856],[-70.56139450323997,-33.36365825546517],[-70.56138231286302,-33.363771750820604],[-70.56112958557193,-33.36395090884031],[-70.56078102321646,-33.36354069742875],[-70.55986547925637,-33.36342693354464],[-70.55828015087297,-33.36362580751553],[-70.55748916686278,-33.362789047079985],[-70.55879176576575,-33.3621642252647]]]}},{"type":"Feature","properties":{"comuna":"Vitacura","zona":"U-V","zona_code":"U-V","nombre":"U-V","decreto":""},"geometry":{"type":"Polygon","coordinates":[[[-70.54770617220156,-33.36737857795967],[-70.54982359374672,-33.36717460542349],[-70.5499358478272,-33.36773156442858],[-70.54987879440843,-33.36812241309085],[-70.54935123163703,-33.369403208001565],[-70.54915281736497,-33.369520219988864],[-70.54823839213827,-33.36919160251027],[-70.54780641775882,-33.36864578832912],[-70.54770617220156,-33.36737857795967]]]}},{"type":"Feature","properties":{"comuna":"Vitacura","zona":"U PVO","zona_code":"U PVO","nombre":"U PVO","decreto":""},"geometry":{"type":"Polygon","coordinates":[[[-70.53788081279595,-33.38037741518664],[-70.5378157206872,-33.38050864065661],[-70.53756688080975,-33.380366596001444],[-70.53765653267165,-33.38025324951206],[-70.53788081279595,-33.38037741518664]]]}},{"type":"Feature","properties":{"comuna":"Vitacura","zona":"U PVO","zona_code":"U PVO","nombre":"U PVO","decreto":""},"geometry":{"type":"Polygon","coordinates":[[[-70.53764766773575,-33.380630453135865],[-70.53754955573106,-33.38074540151723],[-70.53739904939691,-33.380662232245726],[-70.53751549523416,-33.38049733855209],[-70.53764766773575,-33.380630453135865]]]}},{"type":"Feature","properties":{"comuna":"Vitacura","zona":"U PVO","zona_code":"U PVO","nombre":"U PVO","decreto":""},"geometry":{"type":"Polygon","coordinates":[[[-70.53710353692014,-33.38133371090856],[-70.5369666777152,-33.381484991961855],[-70.53682929200004,-33.38140696601995],[-70.53695700632012,-33.381247182971556],[-70.53710353692014,-33.38133371090856]]]}},{"type":"Feature","properties":{"comuna":"Vitacura","zona":"U PVO","zona_code":"U PVO","nombre":"U PVO","decreto":""},"geometry":{"type":"Polygon","coordinates":[[[-70.53683772968047,-33.38163051756672],[-70.53661668000751,-33.38192030948293],[-70.53656033009327,-33.38189187917355],[-70.53650900032503,-33.381806005352445],[-70.53669200185635,-33.38154948970685],[-70.53683772968047,-33.38163051756672]]]}},{"type":"Feature","properties":{"comuna":"Vitacura","zona":"U PVO","zona_code":"U PVO","nombre":"U PVO","decreto":""},"geometry":{"type":"Polygon","coordinates":[[[-70.53533049971982,-33.38329831664913],[-70.53545169015771,-33.383130966303106],[-70.53557128249074,-33.38319288495527],[-70.53545791174714,-33.383351551208285],[-70.53533049971982,-33.38329831664913]]]}},{"type":"Feature","properties":{"comuna":"Vitacura","zona":"U PVO","zona_code":"U PVO","nombre":"U PVO","decreto":""},"geometry":{"type":"Polygon","coordinates":[[[-70.53544196539889,-33.383012568659524],[-70.53554326775485,-33.38287211768591],[-70.53574685809524,-33.382981486687484],[-70.53564074922956,-33.38311830782055],[-70.53544196539889,-33.383012568659524]]]}},{"type":"Feature","properties":{"comuna":"Vitacura","zona":"U POCsz","zona_code":"U POCsz","nombre":"U POCsz","decreto":""},"geometry":{"type":"Polygon","coordinates":[[[-70.53822148618798,-33.37935886301186],[-70.53885785529782,-33.379267175955974],[-70.53927500154931,-33.379387991424366],[-70.53912406516896,-33.37967337190992],[-70.53834124865062,-33.37960251396753],[-70.53822148618798,-33.37935886301186]]]}},{"type":"Feature","properties":{"comuna":"Vitacura","zona":"U POC","zona_code":"U POC","nombre":"U POC","decreto":""},"geometry":{"type":"Polygon","coordinates":[[[-70.5389765853785,-33.38524197478968],[-70.5386591189481,-33.3855987453094],[-70.53726189737667,-33.384953522017696],[-70.53751478539482,-33.38459026187446],[-70.5389765853785,-33.38524197478968]]]}},{"type":"Feature","properties":{"comuna":"Vitacura","zona":"U PVO","zona_code":"U PVO","nombre":"U PVO","decreto":""},"geometry":{"type":"Polygon","coordinates":[[[-70.56402082182565,-33.38830533353543],[-70.56438716107088,-33.38745530327451],[-70.56458833830308,-33.38750950740209],[-70.56422849947771,-33.38835671285309],[-70.56402082182565,-33.38830533353543]]]}},{"type":"Feature","properties":{"comuna":"Vitacura","zona":"U-V","zona_code":"U-V","nombre":"U-V","decreto":""},"geometry":{"type":"Polygon","coordinates":[[[-70.5633438626241,-33.38974895542825],[-70.56311556228796,-33.38968689326977],[-70.5634880306284,-33.38884406810361],[-70.56372393994124,-33.388905261741805],[-70.5633438626241,-33.38974895542825]]]}},{"type":"Feature","properties":{"comuna":"Vitacura","zona":"U PVO","zona_code":"U PVO","nombre":"U PVO","decreto":""},"geometry":{"type":"Polygon","coordinates":[[[-70.56377391727433,-33.38884497645531],[-70.56395037102516,-33.3884324549938],[-70.56417867255567,-33.38849533814128],[-70.56399164526414,-33.38890532912677],[-70.56377391727433,-33.38884497645531]]]}},{"type":"Feature","properties":{"comuna":"Vitacura","zona":"U PVO","zona_code":"U PVO","nombre":"U PVO","decreto":""},"geometry":{"type":"Polygon","coordinates":[[[-70.5631121274232,-33.39028771690737],[-70.56327626417446,-33.38987710294964],[-70.56353532344892,-33.38995059140883],[-70.56336938352807,-33.39035734685442],[-70.5631121274232,-33.39028771690737]]]}},{"type":"Feature","properties":{"comuna":"Vitacura","zona":"U AVPC","zona_code":"U AVPC","nombre":"U AVPC","decreto":""},"geometry":{"type":"Polygon","coordinates":[[[-70.55891013581608,-33.39076210330272],[-70.55808818057889,-33.39047002525227],[-70.55816823995869,-33.39027001526292],[-70.55900519583128,-33.390594516080284],[-70.55891013581608,-33.39076210330272]]]}},{"type":"Feature","properties":{"comuna":"Vitacura","zona":"U-V","zona_code":"U-V","nombre":"U-V","decreto":""},"geometry":{"type":"Polygon","coordinates":[[[-70.55907901510452,-33.3915724755004],[-70.55867539336892,-33.391430082667135],[-70.5592865055375,-33.39022551338428],[-70.55967178722004,-33.39039247305003],[-70.55907901510452,-33.3915724755004]]]}},{"type":"Feature","properties":{"comuna":"Vitacura","zona":"U-V","zona_code":"U-V","nombre":"U-V","decreto":""},"geometry":{"type":"Polygon","coordinates":[[[-70.5590225381633,-33.3905442473898],[-70.55769494230216,-33.3899825190154],[-70.55785740664744,-33.38965023672023],[-70.55923732589764,-33.39021130593036],[-70.5590225381633,-33.3905442473898]]]}},{"type":"Feature","properties":{"comuna":"Vitacura","zona":"U-V","zona_code":"U-V","nombre":"U-V","decreto":""},"geometry":{"type":"MultiPolygon","coordinates":[[[[-70.55425277468696,-33.39133019982429],[-70.55438192767797,-33.39110383477862],[-70.5563698283373,-33.39183469595319],[-70.5562706576305,-33.392042234185126],[-70.55425277468696,-33.39133019982429]]],[[[-70.5534827741771,-33.3910584840222],[-70.55344517450881,-33.39075941814162],[-70.5538532439153,-33.390909453558585],[-70.55370655395684,-33.39113745087871],[-70.5534827741771,-33.3910584840222]]]]}},{"type":"Feature","properties":{"comuna":"Vitacura","zona":"U-V","zona_code":"U-V","nombre":"U-V","decreto":""},"geometry":{"type":"Polygon","coordinates":[[[-70.55610121388459,-33.39159588624699],[-70.55470968782491,-33.391085992213796],[-70.55486859998564,-33.39074516806607],[-70.55628283139578,-33.39125238933211],[-70.55610121388459,-33.39159588624699]]]}},{"type":"Feature","properties":{"comuna":"Vitacura","zona":"U-V","zona_code":"U-V","nombre":"U-V","decreto":""},"geometry":{"type":"Polygon","coordinates":[[[-70.55658800629712,-33.39177649618148],[-70.55618353971944,-33.39162647073578],[-70.55687053483878,-33.39027266193373],[-70.55728729444874,-33.390434462422725],[-70.55658800629712,-33.39177649618148]]]}},{"type":"Feature","properties":{"comuna":"Vitacura","zona":"U AVPC","zona_code":"U AVPC","nombre":"U AVPC","decreto":""},"geometry":{"type":"Polygon","coordinates":[[[-70.55624852006906,-33.391191972855616],[-70.55545233140857,-33.39089891647703],[-70.55559201420135,-33.39059651048254],[-70.55643359803517,-33.39089376916287],[-70.55624852006906,-33.391191972855616]]]}},{"type":"Feature","properties":{"comuna":"Vitacura","zona":"U-V","zona_code":"U-V","nombre":"U-V","decreto":""},"geometry":{"type":"Polygon","coordinates":[[[-70.55650117060344,-33.39085474353595],[-70.55557273362874,-33.39052144691091],[-70.55572869067663,-33.39020525848966],[-70.55662674662177,-33.39051910801437],[-70.55650117060344,-33.39085474353595]]]}},{"type":"Feature","properties":{"comuna":"Vitacura","zona":"U-V","zona_code":"U-V","nombre":"U-V","decreto":""},"geometry":{"type":"Polygon","coordinates":[[[-70.55730655158939,-33.390357863895744],[-70.5559679233486,-33.38978289345507],[-70.55611524083218,-33.38943028259929],[-70.55749142451597,-33.39000597328849],[-70.55730655158939,-33.390357863895744]]]}},{"type":"Feature","properties":{"comuna":"Vitacura","zona":"U-V","zona_code":"U-V","nombre":"U-V","decreto":""},"geometry":{"type":"Polygon","coordinates":[[[-70.55754392573816,-33.38991941225531],[-70.5557067367178,-33.389140715966136],[-70.55586566720106,-33.38880132156843],[-70.55772263067678,-33.38957260940906],[-70.55754392573816,-33.38991941225531]]]}},{"type":"Feature","properties":{"comuna":"Vitacura","zona":"U-V","zona_code":"U-V","nombre":"U-V","decreto":""},"geometry":{"type":"Polygon","coordinates":[[[-70.55530236013901,-33.39079147071506],[-70.5549244184973,-33.390653039097614],[-70.5556650327501,-33.38923473535402],[-70.55605303437576,-33.38940322445663],[-70.55530236013901,-33.39079147071506]]]}},{"type":"Feature","properties":{"comuna":"Vitacura","zona":"U-V","zona_code":"U-V","nombre":"U-V","decreto":""},"geometry":{"type":"Polygon","coordinates":[[[-70.55342170177559,-33.39061256627247],[-70.55338681178965,-33.390186359760825],[-70.55473954707048,-33.390723480543734],[-70.5545753516453,-33.39103448886045],[-70.55342170177559,-33.39061256627247]]]}},{"type":"Feature","properties":{"comuna":"Vitacura","zona":"U Ee1","zona_code":"U Ee1","nombre":"U Ee1","decreto":""},"geometry":{"type":"Polygon","coordinates":[[[-70.55339874337318,-33.390089571801575],[-70.55394460970577,-33.389037574252725],[-70.5553017849128,-33.38961474968129],[-70.55481188015624,-33.39058565090627],[-70.55339874337318,-33.390089571801575]]]}},{"type":"Feature","properties":{"comuna":"Vitacura","zona":"U AVPC","zona_code":"U AVPC","nombre":"U AVPC","decreto":""},"geometry":{"type":"Polygon","coordinates":[[[-70.55339874337318,-33.390089571801575],[-70.55326554953805,-33.39003755035166],[-70.55317380885128,-33.38871796617133],[-70.55394460970577,-33.389037574252725],[-70.55339874337318,-33.390089571801575]]]}},{"type":"Feature","properties":{"comuna":"Vitacura","zona":"U-V","zona_code":"U-V","nombre":"U-V","decreto":""},"geometry":{"type":"Polygon","coordinates":[[[-70.56013917063176,-33.38998894780199],[-70.56022619794962,-33.389848807425864],[-70.56033353486639,-33.38988623263458],[-70.560348772908,-33.38934617564315],[-70.56081832463902,-33.389358166209846],[-70.56078355245572,-33.39039657683531],[-70.56138730462274,-33.39055601015435],[-70.56122152918086,-33.390956532640246],[-70.56050020969533,-33.39069721493258],[-70.56052757275617,-33.39000011727483],[-70.56013917063176,-33.38998894780199]]]}},{"type":"Feature","properties":{"comuna":"Vitacura","zona":"U-V","zona_code":"U-V","nombre":"U-V","decreto":""},"geometry":{"type":"Polygon","coordinates":[[[-70.56137546683976,-33.390490540656124],[-70.5609680306434,-33.39037337653127],[-70.56131967357942,-33.38955766307871],[-70.56175602431168,-33.3897013056865],[-70.56137546683976,-33.390490540656124]]]}},{"type":"Feature","properties":{"comuna":"Vitacura","zona":"U AVPC","zona_code":"U AVPC","nombre":"U AVPC","decreto":""},"geometry":{"type":"Polygon","coordinates":[[[-70.56086111935014,-33.39035980853549],[-70.56089153546952,-33.389276712903886],[-70.56138214800735,-33.3892735225334],[-70.56138767547863,-33.38938381214347],[-70.56086111935014,-33.39035980853549]]]}},{"type":"Feature","properties":{"comuna":"Vitacura","zona":"U Ee1","zona_code":"U Ee1","nombre":"U Ee1","decreto":""},"geometry":{"type":"Polygon","coordinates":[[[-70.56050020969533,-33.39069721493258],[-70.55993956779051,-33.39032367490852],[-70.56013917063176,-33.38998894780199],[-70.56052757275617,-33.39000011727483],[-70.56050020969533,-33.39069721493258]]]}},{"type":"Feature","properties":{"comuna":"Vitacura","zona":"U-V","zona_code":"U-V","nombre":"U-V","decreto":""},"geometry":{"type":"Polygon","coordinates":[[[-70.56163313510848,-33.38879432784443],[-70.56162378339215,-33.38807263682575],[-70.56206807182153,-33.38806406203082],[-70.56209367216283,-33.38889888996852],[-70.56189209347436,-33.38935723876129],[-70.56145946836072,-33.38922303715912],[-70.56036761852292,-33.38920694577426],[-70.56035823965271,-33.38868211126561],[-70.56163313510848,-33.38879432784443]]]}},{"type":"Feature","properties":{"comuna":"Vitacura","zona":"U AVPC","zona_code":"U AVPC","nombre":"U AVPC","decreto":""},"geometry":{"type":"Polygon","coordinates":[[[-70.56215388699016,-33.38889602877354],[-70.56213178977063,-33.388048346000005],[-70.56252933170089,-33.38801053123937],[-70.56225775811714,-33.38872979371873],[-70.56215388699016,-33.38889602877354]]]}},{"type":"Feature","properties":{"comuna":"Vitacura","zona":"U-V","zona_code":"U-V","nombre":"U-V","decreto":""},"geometry":{"type":"Polygon","coordinates":[[[-70.5602954715802,-33.387955126847274],[-70.56070501086926,-33.387991733704574],[-70.56066052132016,-33.388287578329745],[-70.56073872604433,-33.38828659466468],[-70.56078703623268,-33.38800561492387],[-70.56107189433789,-33.38802887586476],[-70.56102751265126,-33.388330684970015],[-70.56114675658588,-33.388039864550876],[-70.56144233248253,-33.38806597220183],[-70.56145277348523,-33.38864984983862],[-70.56031021595788,-33.38858130411365],[-70.5602954715802,-33.387955126847274]]]}},{"type":"Feature","properties":{"comuna":"Vitacura","zona":"U-V","zona_code":"U-V","nombre":"U-V","decreto":""},"geometry":{"type":"Polygon","coordinates":[[[-70.56140783341542,-33.387926220314014],[-70.56026803096658,-33.387812302535416],[-70.56027214140023,-33.38744538152809],[-70.56140911298407,-33.38740125266492],[-70.56140783341542,-33.387926220314014]]]}},{"type":"Feature","properties":{"comuna":"Vitacura","zona":"U AVPC","zona_code":"U AVPC","nombre":"U AVPC","decreto":""},"geometry":{"type":"Polygon","coordinates":[[[-70.56210654225293,-33.38703455253265],[-70.56294829236842,-33.38702395272717],[-70.56258039408074,-33.38792339014708],[-70.56254664709688,-33.38746806160597],[-70.56267940691339,-33.387416280320366],[-70.56213094508418,-33.38744466208391],[-70.56210654225293,-33.38703455253265]]]}},{"type":"Feature","properties":{"comuna":"Vitacura","zona":"U PC","zona_code":"U PC","nombre":"U PC","decreto":""},"geometry":{"type":"Polygon","coordinates":[[[-70.56227025334837,-33.38677348598686],[-70.56180614187673,-33.386778243571115],[-70.56179371274159,-33.38640138945387],[-70.56154130007283,-33.386387928898074],[-70.56153627037604,-33.38616124220304],[-70.56226934966868,-33.38624134996316],[-70.56227025334837,-33.38677348598686]]]}},{"type":"Feature","properties":{"comuna":"Vitacura","zona":"U-V","zona_code":"U-V","nombre":"U-V","decreto":""},"geometry":{"type":"Polygon","coordinates":[[[-70.561553345278,-33.38689481009883],[-70.56178529458037,-33.386884928599216],[-70.56178505440919,-33.38703048635797],[-70.56204686687003,-33.38703769007376],[-70.56204817761214,-33.38742900092063],[-70.56193731327751,-33.38743278280979],[-70.56194152271615,-33.387509086618124],[-70.56249295705011,-33.38748782712583],[-70.56250685839849,-33.3879077158528],[-70.5615879591221,-33.387938270374676],[-70.561553345278,-33.38689481009883]]]}},{"type":"Feature","properties":{"comuna":"Vitacura","zona":"U POC","zona_code":"U POC","nombre":"U POC","decreto":""},"geometry":{"type":"Polygon","coordinates":[[[-70.561553345278,-33.38689481009883],[-70.56154130007283,-33.386387928898074],[-70.56179371274159,-33.38640138945387],[-70.56180614187673,-33.386778243571115],[-70.56247731089177,-33.38677136225543],[-70.56247533306573,-33.3869797998082],[-70.56178505440919,-33.38703048635797],[-70.56178529458037,-33.386884928599216],[-70.561553345278,-33.38689481009883]]]}},{"type":"Feature","properties":{"comuna":"Vitacura","zona":"U Ee1","zona_code":"U Ee1","nombre":"U Ee1","decreto":""},"geometry":{"type":"Polygon","coordinates":[[[-70.56227025334837,-33.38677348598686],[-70.56226934966868,-33.38624134996316],[-70.5628630772991,-33.38630622589288],[-70.56282708698701,-33.38676777531358],[-70.56227025334837,-33.38677348598686]]]}},{"type":"Feature","properties":{"comuna":"Vitacura","zona":"U AVPC","zona_code":"U AVPC","nombre":"U AVPC","decreto":""},"geometry":{"type":"Polygon","coordinates":[[[-70.56247731089177,-33.38677136225543],[-70.56282708698701,-33.38676777531358],[-70.5628630772991,-33.38630622589288],[-70.5632006325384,-33.386343108979844],[-70.56294170785321,-33.38697392627004],[-70.56247533306573,-33.3869797998082],[-70.56247731089177,-33.38677136225543]]]}},{"type":"Feature","properties":{"comuna":"Vitacura","zona":"U-V","zona_code":"U-V","nombre":"U-V","decreto":""},"geometry":{"type":"Polygon","coordinates":[[[-70.56024599368314,-33.38685752459225],[-70.5613888800823,-33.38682644536316],[-70.56140540765453,-33.387298704106115],[-70.56026593600262,-33.38733688960336],[-70.56024599368314,-33.38685752459225]]]}},{"type":"Feature","properties":{"comuna":"Vitacura","zona":"U PC","zona_code":"U PC","nombre":"U PC","decreto":""},"geometry":{"type":"Polygon","coordinates":[[[-70.56023210851444,-33.386502111938476],[-70.56023103275555,-33.38602017564672],[-70.56136530517094,-33.38614430505559],[-70.56137413990741,-33.386321020251856],[-70.5610841325224,-33.3863268037946],[-70.56108936355719,-33.38646036129323],[-70.56023210851444,-33.386502111938476]]]}},{"type":"Feature","properties":{"comuna":"Vitacura","zona":"U POC","zona_code":"U POC","nombre":"U POC","decreto":""},"geometry":{"type":"Polygon","coordinates":[[[-70.56023210851444,-33.386502111938476],[-70.56108936355719,-33.38646036129323],[-70.5610841325224,-33.3863268037946],[-70.56137413990741,-33.386321020251856],[-70.5613942751666,-33.38672378408416],[-70.56023265730511,-33.38674793007672],[-70.56023210851444,-33.386502111938476]]]}},{"type":"Feature","properties":{"comuna":"Vitacura","zona":"U-V","zona_code":"U-V","nombre":"U-V","decreto":""},"geometry":{"type":"Polygon","coordinates":[[[-70.55899372097626,-33.389910798460456],[-70.55881322381532,-33.389834075996426],[-70.55894495754659,-33.389565172536386],[-70.55894043331053,-33.387782300605146],[-70.5594947972316,-33.3878612355431],[-70.55949480684278,-33.38849881359159],[-70.55955877981256,-33.388513281441995],[-70.55966461632994,-33.38845086533116],[-70.55958603768434,-33.38838313215412],[-70.55959506812835,-33.38786952043646],[-70.5601310968759,-33.38794104701256],[-70.56015732219674,-33.38891851228777],[-70.5593741252,-33.388895905474904],[-70.56015651418959,-33.38900060599051],[-70.56015273036104,-33.38920796688425],[-70.55915488565647,-33.389106733290184],[-70.55915505457396,-33.38962595606629],[-70.55899372097626,-33.389910798460456]]]}},{"type":"Feature","properties":{"comuna":"Vitacura","zona":"U Ee1","zona_code":"U Ee1","nombre":"U Ee1","decreto":""},"geometry":{"type":"Polygon","coordinates":[[[-70.55899372097626,-33.389910798460456],[-70.55915505457396,-33.38962595606629],[-70.55915488565647,-33.389106733290184],[-70.56015273036104,-33.38920796688425],[-70.56015167122247,-33.389621064654904],[-70.55975712643459,-33.39024148423389],[-70.55899372097626,-33.389910798460456]]]}},{"type":"Feature","properties":{"comuna":"Vitacura","zona":"U-V","zona_code":"U-V","nombre":"U-V","decreto":""},"geometry":{"type":"Polygon","coordinates":[[[-70.56008657482478,-33.3864664519343],[-70.56012074159503,-33.38776424443184],[-70.55919001766905,-33.387666896173755],[-70.55916884066276,-33.38636742664897],[-70.56008657482478,-33.3864664519343]]]}},{"type":"Feature","properties":{"comuna":"Vitacura","zona":"U PC","zona_code":"U PC","nombre":"U PC","decreto":""},"geometry":{"type":"Polygon","coordinates":[[[-70.55916884066276,-33.38636742664897],[-70.55916576665605,-33.385910400972975],[-70.56007411854476,-33.38600635989864],[-70.56008657482478,-33.3864664519343],[-70.55916884066276,-33.38636742664897]]]}},{"type":"Feature","properties":{"comuna":"Vitacura","zona":"U PC","zona_code":"U PC","nombre":"U PC","decreto":""},"geometry":{"type":"Polygon","coordinates":[[[-70.55826928887362,-33.38632518290762],[-70.55832786012046,-33.38580926871087],[-70.55902836023176,-33.385889959994586],[-70.5590329420004,-33.38640149253498],[-70.55826928887362,-33.38632518290762]]]}},{"type":"Feature","properties":{"comuna":"Vitacura","zona":"U-V","zona_code":"U-V","nombre":"U-V","decreto":""},"geometry":{"type":"Polygon","coordinates":[[[-70.55905094297809,-33.38702739124469],[-70.55822123260266,-33.3869305339494],[-70.55824844690186,-33.38643234442905],[-70.55904632684147,-33.386513949972574],[-70.55905094297809,-33.38702739124469]]]}},{"type":"Feature","properties":{"comuna":"Vitacura","zona":"U-V","zona_code":"U-V","nombre":"U-V","decreto":""},"geometry":{"type":"Polygon","coordinates":[[[-70.55906199233961,-33.387658785622044],[-70.5582004249881,-33.38756684412412],[-70.5582047778363,-33.38704565509584],[-70.55904830146527,-33.387134323292194],[-70.55906199233961,-33.387658785622044]]]}},{"type":"Feature","properties":{"comuna":"Vitacura","zona":"U-V","zona_code":"U-V","nombre":"U-V","decreto":""},"geometry":{"type":"Polygon","coordinates":[[[-70.55831489378369,-33.38823682140412],[-70.55820074134567,-33.38770566627566],[-70.55883683452078,-33.38777403353972],[-70.55884119989518,-33.389548126207615],[-70.55870667938761,-33.38978843087783],[-70.55797322702112,-33.38949336148412],[-70.55810182276406,-33.389239769279094],[-70.558239400043,-33.3892981723688],[-70.55830609350697,-33.38921000245795],[-70.55831489378369,-33.38823682140412]]]}},{"type":"Feature","properties":{"comuna":"Vitacura","zona":"U AVPC","zona_code":"U AVPC","nombre":"U AVPC","decreto":""},"geometry":{"type":"Polygon","coordinates":[[[-70.55809958486762,-33.38911959897307],[-70.55812877275633,-33.388119851330025],[-70.55815800682514,-33.38810039478875],[-70.55823030397498,-33.38819875069733],[-70.55823550780828,-33.38900043078186],[-70.55809958486762,-33.38911959897307]]]}},{"type":"Feature","properties":{"comuna":"Vitacura","zona":"U-V","zona_code":"U-V","nombre":"U-V","decreto":""},"geometry":{"type":"Polygon","coordinates":[[[-70.55779150512986,-33.38941375704036],[-70.55738865507561,-33.38923631505842],[-70.55750087017884,-33.3890211079183],[-70.55760410130432,-33.38766448003456],[-70.55804403197364,-33.38770667994845],[-70.55801928247072,-33.38912531587848],[-70.55779150512986,-33.38941375704036]]]}},{"type":"Feature","properties":{"comuna":"Vitacura","zona":"U-V","zona_code":"U-V","nombre":"U-V","decreto":""},"geometry":{"type":"Polygon","coordinates":[[[-70.55722526642334,-33.387762453705825],[-70.5572254301323,-33.387612124220325],[-70.55747339162733,-33.38764003207331],[-70.55738631129437,-33.388977367733965],[-70.5572550401987,-33.38917183061933],[-70.55665986147831,-33.38891489936423],[-70.5568914690015,-33.38850396179731],[-70.55694640615089,-33.38775640880904],[-70.55722526642334,-33.387762453705825]]]}},{"type":"Feature","properties":{"comuna":"Vitacura","zona":"U Ee4","zona_code":"U Ee4","nombre":"U Ee4","decreto":""},"geometry":{"type":"Polygon","coordinates":[[[-70.55622748133557,-33.38736481890019],[-70.55637015399137,-33.38558747093283],[-70.55786387724768,-33.38576095855806],[-70.55775443874185,-33.38753371762334],[-70.55622748133557,-33.38736481890019]]]}},{"type":"Feature","properties":{"comuna":"Vitacura","zona":"U-V","zona_code":"U-V","nombre":"U-V","decreto":""},"geometry":{"type":"Polygon","coordinates":[[[-70.5581180531023,-33.386189803469726],[-70.5580380257815,-33.38756135926671],[-70.55775443874185,-33.38753371762334],[-70.55779893158886,-33.3861567099519],[-70.5581180531023,-33.386189803469726]]]}},{"type":"Feature","properties":{"comuna":"Vitacura","zona":"U PC","zona_code":"U PC","nombre":"U PC","decreto":""},"geometry":{"type":"Polygon","coordinates":[[[-70.55779893158886,-33.3861567099519],[-70.55786387724768,-33.38576095855806],[-70.55816866315978,-33.385796355805],[-70.5581180531023,-33.386189803469726],[-70.55779893158886,-33.3861567099519]]]}},{"type":"Feature","properties":{"comuna":"Vitacura","zona":"U PVO","zona_code":"U PVO","nombre":"U PVO","decreto":""},"geometry":{"type":"Polygon","coordinates":[[[-70.55775675378896,-33.3849069128138],[-70.55776779246503,-33.38482412875447],[-70.5580182406479,-33.38483784179661],[-70.55800120924742,-33.3849303418871],[-70.55775675378896,-33.3849069128138]]]}},{"type":"Feature","properties":{"comuna":"Vitacura","zona":"U PC","zona_code":"U PC","nombre":"U PC","decreto":""},"geometry":{"type":"Polygon","coordinates":[[[-70.55693406063727,-33.38497723799479],[-70.55720511861901,-33.38499820107446],[-70.55719331069578,-33.38516363752678],[-70.55748054385639,-33.38519188235655],[-70.55744292941526,-33.38544092311233],[-70.55643965100732,-33.385324658827834],[-70.55648292092819,-33.385029366372535],[-70.55690742247205,-33.38507376169414],[-70.55693406063727,-33.38497723799479]]]}},{"type":"Feature","properties":{"comuna":"Vitacura","zona":"U-V","zona_code":"U-V","nombre":"U-V","decreto":""},"geometry":{"type":"Polygon","coordinates":[[[-70.55740482865068,-33.38473987426288],[-70.55653741802398,-33.384657472443735],[-70.55657760407377,-33.38444721254349],[-70.55766631338776,-33.38456956058928],[-70.55765368390955,-33.38469660032998],[-70.55740083611802,-33.38467549804641],[-70.55740482865068,-33.38473987426288]]]}},{"type":"Feature","properties":{"comuna":"Vitacura","zona":"U-V","zona_code":"U-V","nombre":"U-V","decreto":""},"geometry":{"type":"Polygon","coordinates":[[[-70.56075757242758,-33.38401074586662],[-70.56106144536182,-33.38382557605318],[-70.56144035144432,-33.384289074888805],[-70.56104639319658,-33.38451106691761],[-70.5592291804449,-33.384304843837356],[-70.55929006903148,-33.38389175233494],[-70.56075757242758,-33.38401074586662]]]}},{"type":"Feature","properties":{"comuna":"Vitacura","zona":"U PVEV","zona_code":"U PVEV","nombre":"U PVEV","decreto":""},"geometry":{"type":"Polygon","coordinates":[[[-70.56029067281388,-33.38360429119896],[-70.5605038183796,-33.3838173188256],[-70.56048688838796,-33.383905049873455],[-70.55993325669994,-33.383849307987454],[-70.55998291266262,-33.383571890893265],[-70.56029067281388,-33.38360429119896]]]}},{"type":"Feature","properties":{"comuna":"Vitacura","zona":"U AVPC","zona_code":"U AVPC","nombre":"U AVPC","decreto":""},"geometry":{"type":"Polygon","coordinates":[[[-70.55998291266262,-33.383571890893265],[-70.5601673756074,-33.38345312773101],[-70.5603134222396,-33.383604005147774],[-70.56029067281388,-33.38360429119896],[-70.55998291266262,-33.383571890893265]]]}},{"type":"Feature","properties":{"comuna":"Vitacura","zona":"U-V","zona_code":"U-V","nombre":"U-V","decreto":""},"geometry":{"type":"Polygon","coordinates":[[[-70.56022475190751,-33.38341957270808],[-70.56047575026493,-33.38323602418406],[-70.56096564035985,-33.3837195000022],[-70.56071004814598,-33.38389630734721],[-70.56022475190751,-33.38341957270808]]]}},{"type":"Feature","properties":{"comuna":"Vitacura","zona":"U-V","zona_code":"U-V","nombre":"U-V","decreto":""},"geometry":{"type":"Polygon","coordinates":[[[-70.55944436636827,-33.383456107708255],[-70.56018397506385,-33.38298389789599],[-70.56041776074719,-33.38317423631861],[-70.55990139304976,-33.38356489824367],[-70.55981241097975,-33.38383803796448],[-70.55857254272098,-33.3836638363377],[-70.55863896162337,-33.38311069052893],[-70.55913163263347,-33.38314506564516],[-70.55912812665031,-33.38342667520106],[-70.55944436636827,-33.383456107708255]]]}},{"type":"Feature","properties":{"comuna":"Vitacura","zona":"U-V","zona_code":"U-V","nombre":"U-V","decreto":""},"geometry":{"type":"Polygon","coordinates":[[[-70.55923675304918,-33.383138495152515],[-70.5599432586287,-33.38272397105955],[-70.56015955525103,-33.38289066781933],[-70.55942037421923,-33.383386733237565],[-70.55923675304918,-33.383138495152515]]]}},{"type":"Feature","properties":{"comuna":"Vitacura","zona":"U-V","zona_code":"U-V","nombre":"U-V","decreto":""},"geometry":{"type":"Polygon","coordinates":[[[-70.56099981742794,-33.38346741089558],[-70.5606869493133,-33.38314921656147],[-70.56188682898524,-33.38264973224793],[-70.5620403278796,-33.38296277178517],[-70.56099981742794,-33.38346741089558]]]}},{"type":"Feature","properties":{"comuna":"Vitacura","zona":"U-V","zona_code":"U-V","nombre":"U-V","decreto":""},"geometry":{"type":"Polygon","coordinates":[[[-70.5601656361174,-33.382626047397984],[-70.56206099604304,-33.382051002886286],[-70.56255357317285,-33.38225525958867],[-70.56215372382188,-33.38263969176642],[-70.56203488995885,-33.38267459306776],[-70.56193564698121,-33.38253267374431],[-70.56063425273346,-33.38308115840801],[-70.5601656361174,-33.382626047397984]]]}},{"type":"Feature","properties":{"comuna":"Vitacura","zona":"U-V","zona_code":"U-V","nombre":"U-V","decreto":""},"geometry":{"type":"Polygon","coordinates":[[[-70.5591186888451,-33.382965690793164],[-70.55896211805099,-33.38275886982184],[-70.55976429303318,-33.38228647350993],[-70.55985434075404,-33.38255080010274],[-70.5591186888451,-33.382965690793164]]]}},{"type":"Feature","properties":{"comuna":"Vitacura","zona":"U-V","zona_code":"U-V","nombre":"U-V","decreto":""},"geometry":{"type":"Polygon","coordinates":[[[-70.55926640040194,-33.381481440371644],[-70.55949114374356,-33.38172319601554],[-70.55936643007036,-33.38190670688553],[-70.55957890034044,-33.381859296920176],[-70.55970555698374,-33.38218281728742],[-70.558882703584,-33.38267933502502],[-70.55866426087319,-33.382404688995464],[-70.55875179351543,-33.38232902277584],[-70.55867560597822,-33.382243481562035],[-70.55857693081832,-33.38229244412266],[-70.55835865933474,-33.38201481293943],[-70.55926640040194,-33.381481440371644]]]}},{"type":"Feature","properties":{"comuna":"Vitacura","zona":"U AVPC","zona_code":"U AVPC","nombre":"U AVPC","decreto":""},"geometry":{"type":"Polygon","coordinates":[[[-70.55897014349243,-33.38300931451272],[-70.55794059773855,-33.382893988926035],[-70.55800947853041,-33.382171314275304],[-70.5582348911584,-33.382052158872746],[-70.55897014349243,-33.38300931451272]]]}},{"type":"Feature","properties":{"comuna":"Vitacura","zona":"U-V","zona_code":"U-V","nombre":"U-V","decreto":""},"geometry":{"type":"Polygon","coordinates":[[[-70.55753646338279,-33.380312118245314],[-70.55776401059823,-33.379834418162815],[-70.55792943750194,-33.379701103349085],[-70.55823681612931,-33.38019117743094],[-70.55783970783365,-33.38041091620854],[-70.55753646338279,-33.380312118245314]]]}},{"type":"Feature","properties":{"comuna":"Vitacura","zona":"U-V","zona_code":"U-V","nombre":"U-V","decreto":""},"geometry":{"type":"Polygon","coordinates":[[[-70.5578384809673,-33.380501605414715],[-70.55830056501654,-33.38025718868997],[-70.55857135625757,-33.38060932429108],[-70.55786973956211,-33.38097844315241],[-70.55724444812303,-33.38084312272248],[-70.55747467069405,-33.38035584440598],[-70.5578384809673,-33.380501605414715]]]}},{"type":"Feature","properties":{"comuna":"Vitacura","zona":"U-V","zona_code":"U-V","nombre":"U-V","decreto":""},"geometry":{"type":"Polygon","coordinates":[[[-70.55792586053954,-33.38190407550249],[-70.55689134493184,-33.38177671945293],[-70.55699565327616,-33.38140555754208],[-70.55794256950726,-33.38155354486729],[-70.55792586053954,-33.38190407550249]]]}},{"type":"Feature","properties":{"comuna":"Vitacura","zona":"U-V","zona_code":"U-V","nombre":"U-V","decreto":""},"geometry":{"type":"Polygon","coordinates":[[[-70.55790678714699,-33.381460934912816],[-70.55702824507088,-33.3813192473951],[-70.55717817640932,-33.380954670863034],[-70.55784017860317,-33.38107521479806],[-70.55790678714699,-33.381460934912816]]]}},{"type":"Feature","properties":{"comuna":"Vitacura","zona":"U-V","zona_code":"U-V","nombre":"U-V","decreto":""},"geometry":{"type":"Polygon","coordinates":[[[-70.55844016973496,-33.38106768125423],[-70.5583085500134,-33.38086412540873],[-70.558661226004,-33.3807045960755],[-70.55917947246314,-33.38137575180892],[-70.55826115095678,-33.381874061012276],[-70.55799920523646,-33.38106128775518],[-70.5582721370188,-33.38089560268508],[-70.55844016973496,-33.38106768125423]]]}},{"type":"Feature","properties":{"comuna":"Vitacura","zona":"U-V","zona_code":"U-V","nombre":"U-V","decreto":""},"geometry":{"type":"Polygon","coordinates":[[[-70.55771125386171,-33.38282897503554],[-70.55675210600681,-33.38273069899975],[-70.55684357451833,-33.381926373841296],[-70.55791748963212,-33.382050337981084],[-70.55781752124629,-33.38276027915934],[-70.55771125386171,-33.38282897503554]]]}},{"type":"Feature","properties":{"comuna":"Vitacura","zona":"U-V","zona_code":"U-V","nombre":"U-V","decreto":""},"geometry":{"type":"Polygon","coordinates":[[[-70.5566486082943,-33.383721891198846],[-70.55667372252759,-33.38337558508062],[-70.5577196347607,-33.38349131178505],[-70.55766838093285,-33.38383311766665],[-70.5566486082943,-33.383721891198846]]]}},{"type":"Feature","properties":{"comuna":"Vitacura","zona":"U-V","zona_code":"U-V","nombre":"U-V","decreto":""},"geometry":{"type":"Polygon","coordinates":[[[-70.55774059598414,-33.38339083061328],[-70.5567065308654,-33.38324582298854],[-70.55671415492662,-33.38293125410388],[-70.55779078830936,-33.3830155748815],[-70.55774059598414,-33.38339083061328]]]}},{"type":"Feature","properties":{"comuna":"Vitacura","zona":"U-V","zona_code":"U-V","nombre":"U-V","decreto":""},"geometry":{"type":"Polygon","coordinates":[[[-70.55794198499994,-33.38304087921197],[-70.55850010215373,-33.383076821457905],[-70.55841910969356,-33.383638583431285],[-70.55824280382504,-33.38364079749977],[-70.55824756306663,-33.3837481146446],[-70.55912532215513,-33.383844465104154],[-70.55907064112924,-33.384286589341485],[-70.55827037940024,-33.38422982969315],[-70.557531118956,-33.38440375528456],[-70.55659345097601,-33.38429764489986],[-70.55664223820163,-33.38386032839169],[-70.55782217199815,-33.38397775294676],[-70.55794198499994,-33.38304087921197]]]}},{"type":"Feature","properties":{"comuna":"Vitacura","zona":"U-V","zona_code":"U-V","nombre":"U-V","decreto":""},"geometry":{"type":"Polygon","coordinates":[[[-70.54898218128008,-33.3894766291151],[-70.54902712410174,-33.38929703272546],[-70.55280191650641,-33.39053155888828],[-70.55315421667859,-33.390667931723186],[-70.55318968600477,-33.39096073849053],[-70.54898218128008,-33.3894766291151]]]}},{"type":"Feature","properties":{"comuna":"Vitacura","zona":"U-V","zona_code":"U-V","nombre":"U-V","decreto":""},"geometry":{"type":"Polygon","coordinates":[[[-70.55310095525988,-33.390496684269905],[-70.55122258541627,-33.38985142429138],[-70.54907204974087,-33.38916895563449],[-70.54924555036187,-33.38881311260843],[-70.5520226223686,-33.38969438571164],[-70.5530898881602,-33.390072630671206],[-70.55310095525988,-33.390496684269905]]]}},{"type":"Feature","properties":{"comuna":"Vitacura","zona":"U AVPC","zona_code":"U AVPC","nombre":"U AVPC","decreto":""},"geometry":{"type":"Polygon","coordinates":[[[-70.55306203334305,-33.38998224154043],[-70.55221677026735,-33.3896745937723],[-70.5527920490604,-33.38855631779724],[-70.55302401011976,-33.388644088511136],[-70.5531665770279,-33.38994275494683],[-70.55306203334305,-33.38998224154043]]]}},{"type":"Feature","properties":{"comuna":"Vitacura","zona":"U-V","zona_code":"U-V","nombre":"U-V","decreto":""},"geometry":{"type":"Polygon","coordinates":[[[-70.55217959459382,-33.38962581693433],[-70.5517422807095,-33.3895072075926],[-70.552322652407,-33.388392775004654],[-70.55272362806137,-33.38854762974744],[-70.55217959459382,-33.38962581693433]]]}},{"type":"Feature","properties":{"comuna":"Vitacura","zona":"U-V","zona_code":"U-V","nombre":"U-V","decreto":""},"geometry":{"type":"Polygon","coordinates":[[[-70.55126999533444,-33.389341309819216],[-70.55179566151477,-33.38818938549168],[-70.55219077777718,-33.38833477099459],[-70.55165000572282,-33.389436776322505],[-70.55126999533444,-33.389341309819216]]]}},{"type":"Feature","properties":{"comuna":"Vitacura","zona":"U-V","zona_code":"U-V","nombre":"U-V","decreto":""},"geometry":{"type":"Polygon","coordinates":[[[-70.55069411613661,-33.389156185132705],[-70.55126279686483,-33.38799150708566],[-70.55166109504218,-33.38812396979849],[-70.55109563799489,-33.38929193530048],[-70.55069411613661,-33.389156185132705]]]}},{"type":"Feature","properties":{"comuna":"Vitacura","zona":"U Ee1","zona_code":"U Ee1","nombre":"U Ee1","decreto":""},"geometry":{"type":"Polygon","coordinates":[[[-70.55050801330206,-33.38910045602872],[-70.54902760596335,-33.38862844084213],[-70.54940635748584,-33.387787604605734],[-70.55090935359516,-33.38836441045626],[-70.55050801330206,-33.38910045602872]]]}},{"type":"Feature","properties":{"comuna":"Vitacura","zona":"U-V","zona_code":"U-V","nombre":"U-V","decreto":""},"geometry":{"type":"Polygon","coordinates":[[[-70.54977957879292,-33.38781050691183],[-70.54984836131855,-33.387420463277394],[-70.55114871009312,-33.38792707482956],[-70.55099097590043,-33.38827074315693],[-70.54977957879292,-33.38781050691183]]]}},{"type":"Feature","properties":{"comuna":"Vitacura","zona":"U-V","zona_code":"U-V","nombre":"U-V","decreto":""},"geometry":{"type":"Polygon","coordinates":[[[-70.55529743674063,-33.38951700314567],[-70.5531980186122,-33.388628357457364],[-70.55315456768389,-33.38818448062218],[-70.5555367470204,-33.389180683359555],[-70.55529743674063,-33.38951700314567]]]}},{"type":"Feature","properties":{"comuna":"Vitacura","zona":"U-V","zona_code":"U-V","nombre":"U-V","decreto":""},"geometry":{"type":"Polygon","coordinates":[[[-70.55553626714871,-33.38907390862159],[-70.55313175463024,-33.38806128309981],[-70.55309266477576,-33.387622721221845],[-70.55576635413338,-33.38873696361461],[-70.55553626714871,-33.38907390862159]]]}},{"type":"Feature","properties":{"comuna":"Vitacura","zona":"U-V","zona_code":"U-V","nombre":"U-V","decreto":""},"geometry":{"type":"Polygon","coordinates":[[[-70.54993014525972,-33.38733533967297],[-70.5500338871152,-33.387161502661435],[-70.55022146868176,-33.38724064687048],[-70.55030201600374,-33.387064705006196],[-70.55286278603886,-33.38806508598707],[-70.55290341820925,-33.388507180106124],[-70.54993014525972,-33.38733533967297]]]}},{"type":"Feature","properties":{"comuna":"Vitacura","zona":"U-V","zona_code":"U-V","nombre":"U-V","decreto":""},"geometry":{"type":"Polygon","coordinates":[[[-70.55026478731577,-33.386927736248474],[-70.55035870228335,-33.386763593987304],[-70.55021194737942,-33.3867043127181],[-70.5503087602275,-33.38650733308402],[-70.5528031034682,-33.38750807120276],[-70.55284236011038,-33.38795216847508],[-70.55026478731577,-33.386927736248474]]]}},{"type":"Feature","properties":{"comuna":"Vitacura","zona":"U-V","zona_code":"U-V","nombre":"U-V","decreto":""},"geometry":{"type":"Polygon","coordinates":[[[-70.5558068687548,-33.38854893951436],[-70.55434815317737,-33.38794561427328],[-70.55442401992649,-33.38761358587124],[-70.55495240191574,-33.387735221149995],[-70.55596646541372,-33.388175876907376],[-70.55596779385812,-33.388250427853826],[-70.5558068687548,-33.38854893951436]]]}},{"type":"Feature","properties":{"comuna":"Vitacura","zona":"U-V","zona_code":"U-V","nombre":"U-V","decreto":""},"geometry":{"type":"Polygon","coordinates":[[[-70.55567014245577,-33.387908168218964],[-70.55442916463545,-33.387503162080954],[-70.55446205535311,-33.3871537757064],[-70.55600512573541,-33.38755201130016],[-70.5559881757056,-33.38793313886643],[-70.55567014245577,-33.387908168218964]]]}},{"type":"Feature","properties":{"comuna":"Vitacura","zona":"U-V","zona_code":"U-V","nombre":"U-V","decreto":""},"geometry":{"type":"Polygon","coordinates":[[[-70.55602783953555,-33.38744239977417],[-70.55482207743829,-33.38708543567205],[-70.55448010388172,-33.387049155989494],[-70.55451070263953,-33.38669085014413],[-70.55603640486129,-33.38707259993985],[-70.55602783953555,-33.38744239977417]]]}},{"type":"Feature","properties":{"comuna":"Vitacura","zona":"U-V","zona_code":"U-V","nombre":"U-V","decreto":""},"geometry":{"type":"Polygon","coordinates":[[[-70.55574671985279,-33.38693783540288],[-70.55489605040411,-33.386607278754695],[-70.55452568415693,-33.38657374124395],[-70.55456197045157,-33.38621536411319],[-70.55607896269318,-33.38658767839278],[-70.55606509850242,-33.386959582883165],[-70.55574671985279,-33.38693783540288]]]}},{"type":"Feature","properties":{"comuna":"Vitacura","zona":"U-V","zona_code":"U-V","nombre":"U-V","decreto":""},"geometry":{"type":"Polygon","coordinates":[[[-70.55489914288844,-33.38614194146137],[-70.5549500696197,-33.385807241905965],[-70.55613047696524,-33.386126505618186],[-70.55611154413275,-33.386488814891685],[-70.5557523116385,-33.386453377400116],[-70.55489914288844,-33.38614194146137]]]}},{"type":"Feature","properties":{"comuna":"Vitacura","zona":"U AVPC","zona_code":"U AVPC","nombre":"U AVPC","decreto":""},"geometry":{"type":"Polygon","coordinates":[[[-70.55489914288844,-33.38614194146137],[-70.5545264018558,-33.38613468111331],[-70.55455678792269,-33.38576444730872],[-70.55494977226972,-33.38579054247217],[-70.55489914288844,-33.38614194146137]]]}},{"type":"Feature","properties":{"comuna":"Vitacura","zona":"U PC","zona_code":"U PC","nombre":"U PC","decreto":""},"geometry":{"type":"Polygon","coordinates":[[[-70.55465521939155,-33.38543061639086],[-70.55475232992127,-33.38521289617847],[-70.55616705947455,-33.385561674783226],[-70.55615939090717,-33.385769842989454],[-70.55465521939155,-33.38543061639086]]]}},{"type":"Feature","properties":{"comuna":"Vitacura","zona":"U-V","zona_code":"U-V","nombre":"U-V","decreto":""},"geometry":{"type":"Polygon","coordinates":[[[-70.55615939090717,-33.385769842989454],[-70.5561361750928,-33.386020172833504],[-70.55461054067226,-33.38568426679507],[-70.55465521939155,-33.38543061639086],[-70.55615939090717,-33.385769842989454]]]}},{"type":"Feature","properties":{"comuna":"Vitacura","zona":"U-V","zona_code":"U-V","nombre":"U-V","decreto":""},"geometry":{"type":"Polygon","coordinates":[[[-70.55354158833775,-33.38525219923744],[-70.55355258911734,-33.38502039425147],[-70.55370918673283,-33.385029915930986],[-70.5545072404016,-33.38536896924638],[-70.55419283045558,-33.387871271510335],[-70.55361038579775,-33.38763014745125],[-70.55362277934006,-33.38752738702101],[-70.55393011984592,-33.38753546994065],[-70.55362443484238,-33.38746055455492],[-70.55365503719557,-33.3871022488377],[-70.55396445488681,-33.387067354190926],[-70.55367108104562,-33.38704478048621],[-70.5536931089178,-33.38668419580974],[-70.55401097197864,-33.386644423634706],[-70.5537063512054,-33.38662914882566],[-70.5537311814481,-33.386266143641684],[-70.554047048141,-33.38627411868285],[-70.55374162218514,-33.386213517124496],[-70.55376929505348,-33.385850476320655],[-70.55409093294412,-33.38586315159939],[-70.5537911537484,-33.38580009311915],[-70.5538075781571,-33.385444351124484],[-70.55412233912844,-33.38539030070727],[-70.55354158833775,-33.38525219923744]]]}},{"type":"Feature","properties":{"comuna":"Vitacura","zona":"U PC","zona_code":"U PC","nombre":"U PC","decreto":""},"geometry":{"type":"Polygon","coordinates":[[[-70.55338339009559,-33.38499999057677],[-70.55341883377884,-33.384697104198864],[-70.55460512140667,-33.38518811162471],[-70.5545072404016,-33.38536896924638],[-70.55370918673283,-33.385029915930986],[-70.55338339009559,-33.38499999057677]]]}},{"type":"Feature","properties":{"comuna":"Vitacura","zona":"U POC","zona_code":"U POC","nombre":"U POC","decreto":""},"geometry":{"type":"Polygon","coordinates":[[[-70.55354158833775,-33.38525219923744],[-70.55336205922501,-33.38518315732556],[-70.55338339009559,-33.38499999057677],[-70.55355258911734,-33.38502039425147],[-70.55354158833775,-33.38525219923744]]]}},{"type":"Feature","properties":{"comuna":"Vitacura","zona":"U-V","zona_code":"U-V","nombre":"U-V","decreto":""},"geometry":{"type":"Polygon","coordinates":[[[-70.5533241563757,-33.38752969444624],[-70.55350756350245,-33.385527804931044],[-70.5536944165074,-33.3855426457139],[-70.55349645573624,-33.38758957745432],[-70.5533241563757,-33.38752969444624]]]}},{"type":"Feature","properties":{"comuna":"Vitacura","zona":"U AVPC","zona_code":"U AVPC","nombre":"U AVPC","decreto":""},"geometry":{"type":"Polygon","coordinates":[[[-70.55371940681256,-33.38554042449107],[-70.55322499126613,-33.3855046177681],[-70.55327497381178,-33.38524437922016],[-70.5537290495295,-33.385442948137964],[-70.55371940681256,-33.38554042449107]]]}},{"type":"Feature","properties":{"comuna":"Vitacura","zona":"U Ee4","zona_code":"U Ee4","nombre":"U Ee4","decreto":""},"geometry":{"type":"Polygon","coordinates":[[[-70.55085779353311,-33.38605178905785],[-70.55162006594445,-33.38453003681197],[-70.55177742310956,-33.3845817580555],[-70.55184968497062,-33.384446633763005],[-70.55246394605517,-33.38467709650952],[-70.55238589238549,-33.384809779242026],[-70.55259715340503,-33.384893634371075],[-70.55238263008856,-33.38662627629763],[-70.55085779353311,-33.38605178905785]]]}},{"type":"Feature","properties":{"comuna":"Vitacura","zona":"U AVPC","zona_code":"U AVPC","nombre":"U AVPC","decreto":""},"geometry":{"type":"Polygon","coordinates":[[[-70.55184968497062,-33.384446633763005],[-70.5519932060783,-33.38417825721005],[-70.55262368292966,-33.38440555831588],[-70.55246394605517,-33.38467709650952],[-70.55184968497062,-33.384446633763005]]]}},{"type":"Feature","properties":{"comuna":"Vitacura","zona":"U PC","zona_code":"U PC","nombre":"U PC","decreto":""},"geometry":{"type":"Polygon","coordinates":[[[-70.5561786323263,-33.38528623102861],[-70.55477290654716,-33.384931613809734],[-70.55340679196729,-33.38440468030504],[-70.55346173452462,-33.38413555135399],[-70.55381889034594,-33.38362700486378],[-70.55510326513657,-33.38406186408594],[-70.5548550532332,-33.38471643483338],[-70.55625306582652,-33.38510652567857],[-70.5561786323263,-33.38528623102861]]]}},{"type":"Feature","properties":{"comuna":"Vitacura","zona":"U-V","zona_code":"U-V","nombre":"U-V","decreto":""},"geometry":{"type":"Polygon","coordinates":[[[-70.55552173143907,-33.38405645495484],[-70.55568916017211,-33.3837155219982],[-70.55642040815981,-33.38389008617757],[-70.55635577886784,-33.38425359101211],[-70.55552173143907,-33.38405645495484]]]}},{"type":"Feature","properties":{"comuna":"Vitacura","zona":"U-V","zona_code":"U-V","nombre":"U-V","decreto":""},"geometry":{"type":"Polygon","coordinates":[[[-70.55469538746024,-33.38253430589314],[-70.55593723409496,-33.38282440692799],[-70.55591815682034,-33.383030809042886],[-70.55601590972881,-33.38302576579438],[-70.55608316750563,-33.382841665590085],[-70.55648205611253,-33.3828805686122],[-70.55642629970271,-33.38383763645226],[-70.55600570729221,-33.38373028452102],[-70.55603157113725,-33.38339399044811],[-70.5558625824566,-33.38335983967089],[-70.55574476298952,-33.38338804227618],[-70.55542370674586,-33.38401437507019],[-70.55391641915982,-33.383513436501076],[-70.55469538746024,-33.38253430589314]]]}},{"type":"Feature","properties":{"comuna":"Vitacura","zona":"U AVPC","zona_code":"U AVPC","nombre":"U AVPC","decreto":""},"geometry":{"type":"Polygon","coordinates":[[[-70.55590771560077,-33.38372196895973],[-70.55573159560785,-33.383670727190214],[-70.55581603340369,-33.3834291451708],[-70.55596254585076,-33.38347884886522],[-70.55590771560077,-33.38372196895973]]]}},{"type":"Feature","properties":{"comuna":"Vitacura","zona":"U PC","zona_code":"U PC","nombre":"U PC","decreto":""},"geometry":{"type":"Polygon","coordinates":[[[-70.55158838436209,-33.38349686527462],[-70.55256913076524,-33.383876045718466],[-70.55290504477718,-33.38327380103398],[-70.5536730112413,-33.38357290860106],[-70.55339840743117,-33.383925321078166],[-70.55324753879074,-33.38433983318889],[-70.55147448667603,-33.38369884472426],[-70.55158838436209,-33.38349686527462]]]}},{"type":"Feature","properties":{"comuna":"Vitacura","zona":"U-V","zona_code":"U-V","nombre":"U-V","decreto":""},"geometry":{"type":"Polygon","coordinates":[[[-70.55158838436209,-33.38349686527462],[-70.55201792782968,-33.38286882619625],[-70.55290504477718,-33.38327380103398],[-70.55256913076524,-33.383876045718466],[-70.55158838436209,-33.38349686527462]]]}},{"type":"Feature","properties":{"comuna":"Vitacura","zona":"U Ee1","zona_code":"U Ee1","nombre":"U Ee1","decreto":""},"geometry":{"type":"Polygon","coordinates":[[[-70.5524609273016,-33.382361196571544],[-70.55322486717175,-33.382683711807566],[-70.55323187160316,-33.382477819141315],[-70.5534374638981,-33.382111182090156],[-70.55455388530056,-33.382446350842955],[-70.55375777944616,-33.38346148780698],[-70.55210985896792,-33.38276030022831],[-70.5524609273016,-33.382361196571544]]]}},{"type":"Feature","properties":{"comuna":"Vitacura","zona":"U-V","zona_code":"U-V","nombre":"U-V","decreto":""},"geometry":{"type":"Polygon","coordinates":[[[-70.5524609273016,-33.382361196571544],[-70.55280225964201,-33.38191051969797],[-70.5534374638981,-33.382111182090156],[-70.55323187160316,-33.382477819141315],[-70.55322486717175,-33.382683711807566],[-70.5524609273016,-33.382361196571544]]]}},{"type":"Feature","properties":{"comuna":"Vitacura","zona":"U-V","zona_code":"U-V","nombre":"U-V","decreto":""},"geometry":{"type":"Polygon","coordinates":[[[-70.55653433493978,-33.3827038861886],[-70.5558754740979,-33.382640564478955],[-70.55485012431095,-33.38236111301245],[-70.5550788816676,-33.38203015068801],[-70.55653453442773,-33.382316134195996],[-70.55653433493978,-33.3827038861886]]]}},{"type":"Feature","properties":{"comuna":"Vitacura","zona":"U-V","zona_code":"U-V","nombre":"U-V","decreto":""},"geometry":{"type":"Polygon","coordinates":[[[-70.55657017791624,-33.38220950418492],[-70.55576800024207,-33.38210789132913],[-70.55525187280715,-33.381969761064944],[-70.55519567023252,-33.38188026868644],[-70.55543029978355,-33.38163966697914],[-70.5565961412871,-33.38184696036711],[-70.55657017791624,-33.38220950418492]]]}},{"type":"Feature","properties":{"comuna":"Vitacura","zona":"U-V","zona_code":"U-V","nombre":"U-V","decreto":""},"geometry":{"type":"Polygon","coordinates":[[[-70.55593537246708,-33.37914397931049],[-70.55721590730062,-33.37870318197968],[-70.5575953867265,-33.379249620575365],[-70.55734142757706,-33.37936257114116],[-70.5566953569697,-33.37933727087311],[-70.55610357204203,-33.37948547534607],[-70.55593537246708,-33.37914397931049]]]}},{"type":"Feature","properties":{"comuna":"Vitacura","zona":"U AVPC","zona_code":"U AVPC","nombre":"U AVPC","decreto":""},"geometry":{"type":"Polygon","coordinates":[[[-70.55552271878499,-33.378219388626455],[-70.55656080317142,-33.37837817498542],[-70.55695766845301,-33.37843237324748],[-70.55581499577687,-33.378856288503385],[-70.55552271878499,-33.378219388626455]]]}},{"type":"Feature","properties":{"comuna":"Vitacura","zona":"U-V","zona_code":"U-V","nombre":"U-V","decreto":""},"geometry":{"type":"Polygon","coordinates":[[[-70.55530652057564,-33.377519313995315],[-70.55554413441902,-33.37754208549664],[-70.55555806475508,-33.377015846864005],[-70.55680780699896,-33.377260743753126],[-70.5570046819235,-33.37753566326794],[-70.55698603377195,-33.37828455219705],[-70.55546065543746,-33.378072224241144],[-70.55530652057564,-33.377519313995315]]]}},{"type":"Feature","properties":{"comuna":"Vitacura","zona":"U-V","zona_code":"U-V","nombre":"U-V","decreto":""},"geometry":{"type":"Polygon","coordinates":[[[-70.55397989415782,-33.38002367784836],[-70.55464767112149,-33.37957435313344],[-70.55578971958836,-33.379182074235835],[-70.5559606118853,-33.37955165641069],[-70.55490649391284,-33.37992616990917],[-70.55445611496697,-33.380189516977545],[-70.55397989415782,-33.38002367784836]]]}},{"type":"Feature","properties":{"comuna":"Vitacura","zona":"U-V","zona_code":"U-V","nombre":"U-V","decreto":""},"geometry":{"type":"Polygon","coordinates":[[[-70.5553691319866,-33.37996809550409],[-70.55585658414786,-33.37974245931491],[-70.55602288367768,-33.379753736050155],[-70.55614909650416,-33.380196932507225],[-70.5553691319866,-33.37996809550409]]]}},{"type":"Feature","properties":{"comuna":"Vitacura","zona":"U-V","zona_code":"U-V","nombre":"U-V","decreto":""},"geometry":{"type":"Polygon","coordinates":[[[-70.55597844294526,-33.38065231348595],[-70.55467661929573,-33.380250575955344],[-70.55465360001094,-33.380235593303105],[-70.55508842823413,-33.379993438182986],[-70.55529649051883,-33.380050007445355],[-70.55608823737442,-33.38030160414943],[-70.55597844294526,-33.38065231348595]]]}},{"type":"Feature","properties":{"comuna":"Vitacura","zona":"U-V","zona_code":"U-V","nombre":"U-V","decreto":""},"geometry":{"type":"Polygon","coordinates":[[[-70.5541943228443,-33.380638401273686],[-70.55453042034168,-33.3803459446908],[-70.55587414379117,-33.380800608377996],[-70.55564255657978,-33.381084122478754],[-70.5541943228443,-33.380638401273686]]]}},{"type":"Feature","properties":{"comuna":"Vitacura","zona":"U-V","zona_code":"U-V","nombre":"U-V","decreto":""},"geometry":{"type":"Polygon","coordinates":[[[-70.55532978128653,-33.38148032627336],[-70.55394678400376,-33.38105669163694],[-70.55410346809569,-33.38075121077658],[-70.55419717733088,-33.380742879186606],[-70.55554615099796,-33.38117266435873],[-70.55532978128653,-33.38148032627336]]]}},{"type":"Feature","properties":{"comuna":"Vitacura","zona":"U-V","zona_code":"U-V","nombre":"U-V","decreto":""},"geometry":{"type":"Polygon","coordinates":[[[-70.5550059923077,-33.381889035290044],[-70.55377735657721,-33.38150927849423],[-70.55375107729859,-33.381438977302636],[-70.5539077035058,-33.38116213206755],[-70.55525292923244,-33.38157287778609],[-70.5550059923077,-33.381889035290044]]]}},{"type":"Feature","properties":{"comuna":"Vitacura","zona":"U-V","zona_code":"U-V","nombre":"U-V","decreto":""},"geometry":{"type":"Polygon","coordinates":[[[-70.55464182749947,-33.38229867139168],[-70.55352635463537,-33.38194899156986],[-70.55366534368339,-33.38160794103276],[-70.55486438915192,-33.381955140422455],[-70.5548750089004,-33.38207240572272],[-70.55464182749947,-33.38229867139168]]]}},{"type":"Feature","properties":{"comuna":"Vitacura","zona":"U-V","zona_code":"U-V","nombre":"U-V","decreto":""},"geometry":{"type":"Polygon","coordinates":[[[-70.55335588261937,-33.38188901154454],[-70.552902342125,-33.38176031223615],[-70.55356066048112,-33.38045839638871],[-70.5538347620899,-33.38013426647592],[-70.55426490865813,-33.3802682310354],[-70.55394052468023,-33.38070752746159],[-70.55335588261937,-33.38188901154454]]]}},{"type":"Feature","properties":{"comuna":"Vitacura","zona":"U AVPC","zona_code":"U AVPC","nombre":"U AVPC","decreto":""},"geometry":{"type":"Polygon","coordinates":[[[-70.55497255145211,-33.37802425714749],[-70.55503073859813,-33.37729873485258],[-70.55511718497534,-33.37730404394103],[-70.55530745490574,-33.37806480117717],[-70.55497255145211,-33.37802425714749]]]}},{"type":"Feature","properties":{"comuna":"Vitacura","zona":"U-V","zona_code":"U-V","nombre":"U-V","decreto":""},"geometry":{"type":"Polygon","coordinates":[[[-70.55281606788009,-33.37734734437703],[-70.553118351767,-33.37668584876195],[-70.55496176059388,-33.37693869372769],[-70.5549141077595,-33.37761695782753],[-70.55281606788009,-33.37734734437703]]]}},{"type":"Feature","properties":{"comuna":"Vitacura","zona":"U AVPC","zona_code":"U AVPC","nombre":"U AVPC","decreto":""},"geometry":{"type":"Polygon","coordinates":[[[-70.5549141077595,-33.37761695782753],[-70.55483687220466,-33.37807129407655],[-70.5525336677154,-33.377780385168684],[-70.5527336082994,-33.37734837612294],[-70.5549141077595,-33.37761695782753]]]}},{"type":"Feature","properties":{"comuna":"Vitacura","zona":"U-V","zona_code":"U-V","nombre":"U-V","decreto":""},"geometry":{"type":"Polygon","coordinates":[[[-70.55237908684613,-33.37820419052065],[-70.55254668736843,-33.37787280543836],[-70.55494406783582,-33.37818162356725],[-70.55495123985148,-33.37810517669966],[-70.55527611652,-33.37814166997121],[-70.55539635249784,-33.37834537198057],[-70.55478004151843,-33.37855353220417],[-70.55237908684613,-33.37820419052065]]]}},{"type":"Feature","properties":{"comuna":"Vitacura","zona":"U-V","zona_code":"U-V","nombre":"U-V","decreto":""},"geometry":{"type":"Polygon","coordinates":[[[-70.55386306898457,-33.37890361165479],[-70.55277293391757,-33.378760725080085],[-70.55216814967366,-33.378685705680404],[-70.55233543439249,-33.378340509369956],[-70.55437038122382,-33.378643372115555],[-70.55386306898457,-33.37890361165479]]]}},{"type":"Feature","properties":{"comuna":"Vitacura","zona":"U-V","zona_code":"U-V","nombre":"U-V","decreto":""},"geometry":{"type":"Polygon","coordinates":[[[-70.55327413979047,-33.37930212253971],[-70.55196936608722,-33.37913831837874],[-70.55211382854021,-33.37879550457879],[-70.55361033627209,-33.37901539394065],[-70.55327413979047,-33.37930212253971]]]}},{"type":"Feature","properties":{"comuna":"Vitacura","zona":"U-V","zona_code":"U-V","nombre":"U-V","decreto":""},"geometry":{"type":"Polygon","coordinates":[[[-70.55283120004646,-33.37971211893489],[-70.55175166744081,-33.37955811443736],[-70.5518844205651,-33.37925007208943],[-70.55308235839746,-33.37944124974974],[-70.55283120004646,-33.37971211893489]]]}},{"type":"Feature","properties":{"comuna":"Vitacura","zona":"U-V","zona_code":"U-V","nombre":"U-V","decreto":""},"geometry":{"type":"Polygon","coordinates":[[[-70.55351359850737,-33.37988645279037],[-70.55306885585642,-33.379699218238414],[-70.55388779046851,-33.379049477709316],[-70.55543856976666,-33.378483383346136],[-70.55560694449235,-33.378834900212595],[-70.55414943108069,-33.37940006773682],[-70.55351359850737,-33.37988645279037]]]}},{"type":"Feature","properties":{"comuna":"Vitacura","zona":"U-V","zona_code":"U-V","nombre":"U-V","decreto":""},"geometry":{"type":"Polygon","coordinates":[[[-70.55308449066564,-33.38045937394572],[-70.55264483908276,-33.38030261719131],[-70.55194493903586,-33.38022547080486],[-70.55149822767667,-33.380055435487186],[-70.55171526174689,-33.37972056918546],[-70.5534040234162,-33.38000296015501],[-70.55308449066564,-33.38045937394572]]]}},{"type":"Feature","properties":{"comuna":"Vitacura","zona":"U-V","zona_code":"U-V","nombre":"U-V","decreto":""},"geometry":{"type":"Polygon","coordinates":[[[-70.55279212068028,-33.38103166856703],[-70.55156180809826,-33.38068436170199],[-70.55126778059561,-33.38052768844616],[-70.55144363249035,-33.38017997557501],[-70.55264232871598,-33.38041314337427],[-70.55302473740419,-33.38054961782542],[-70.55279212068028,-33.38103166856703]]]}},{"type":"Feature","properties":{"comuna":"Vitacura","zona":"U-V","zona_code":"U-V","nombre":"U-V","decreto":""},"geometry":{"type":"Polygon","coordinates":[[[-70.5525053949949,-33.38160602297196],[-70.55101499958514,-33.38109207095882],[-70.5511988347682,-33.38068126434876],[-70.55274738592112,-33.38113912740434],[-70.5525053949949,-33.38160602297196]]]}},{"type":"Feature","properties":{"comuna":"Vitacura","zona":"U-V","zona_code":"U-V","nombre":"U-V","decreto":""},"geometry":{"type":"Polygon","coordinates":[[[-70.55205452402757,-33.382143773808856],[-70.5507179718191,-33.38165707804149],[-70.5509183097583,-33.38124654179277],[-70.55239262990521,-33.38178408101336],[-70.55205452402757,-33.382143773808856]]]}},{"type":"Feature","properties":{"comuna":"Vitacura","zona":"U-V","zona_code":"U-V","nombre":"U-V","decreto":""},"geometry":{"type":"Polygon","coordinates":[[[-70.55169918336934,-33.38259737449857],[-70.55047098401401,-33.382163642446976],[-70.55066321753092,-33.38177706994014],[-70.55203963270745,-33.38224663757093],[-70.55169918336934,-33.38259737449857]]]}},{"type":"Feature","properties":{"comuna":"Vitacura","zona":"U-V","zona_code":"U-V","nombre":"U-V","decreto":""},"geometry":{"type":"Polygon","coordinates":[[[-70.55012563408246,-33.38284101648542],[-70.55039701681928,-33.38228550483034],[-70.55160378254533,-33.382715200150535],[-70.55124928824014,-33.383273176428546],[-70.55012563408246,-33.38284101648542]]]}},{"type":"Feature","properties":{"comuna":"Vitacura","zona":"U PC","zona_code":"U PC","nombre":"U PC","decreto":""},"geometry":{"type":"MultiPolygon","coordinates":[[[[-70.548648782814,-33.38382472920539],[-70.54890268974768,-33.38325842809421],[-70.54862272453443,-33.383184034832446],[-70.54871063248369,-33.38297337276157],[-70.54919977310604,-33.383129524565476],[-70.54892577498853,-33.38371755372576],[-70.54897827131008,-33.38379086826558],[-70.54905755585794,-33.383770789973056],[-70.54928316825487,-33.38318098015255],[-70.55047400085952,-33.383609931065955],[-70.5504026490666,-33.38375637768791],[-70.55013984602061,-33.38369284820459],[-70.55010215168981,-33.38381262673704],[-70.55041388889092,-33.383908951262214],[-70.55052569367454,-33.38363791893002],[-70.55095898751222,-33.383795605601115],[-70.55075297226895,-33.3842257351643],[-70.54979774972728,-33.38385204839508],[-70.54964038811181,-33.384194343321],[-70.548648782814,-33.38382472920539]]],[[[-70.55036959452555,-33.38439389234874],[-70.55037079846335,-33.3843889225386],[-70.55042748939115,-33.38441079115686],[-70.55036959452555,-33.38439389234874]]],[[[-70.55014241521438,-33.38423344683704],[-70.5501053756366,-33.38421884502111],[-70.5501425438449,-33.384233183693425],[-70.55014241521438,-33.38423344683704]]]]}},{"type":"Feature","properties":{"comuna":"Vitacura","zona":"U-V","zona_code":"U-V","nombre":"U-V","decreto":""},"geometry":{"type":"Polygon","coordinates":[[[-70.54846895441915,-33.385341958659986],[-70.54864912697255,-33.38504931416925],[-70.54925231543078,-33.385307628707],[-70.54909203749659,-33.38557765075741],[-70.54846895441915,-33.385341958659986]]]}},{"type":"Feature","properties":{"comuna":"Vitacura","zona":"U PVO","zona_code":"U PVO","nombre":"U PVO","decreto":""},"geometry":{"type":"Polygon","coordinates":[[[-70.54864912697255,-33.38504931416925],[-70.54876804737191,-33.38485615776225],[-70.54937979452585,-33.38509286295216],[-70.54925231543078,-33.385307628707],[-70.54864912697255,-33.38504931416925]]]}},{"type":"Feature","properties":{"comuna":"Vitacura","zona":"U-V","zona_code":"U-V","nombre":"U-V","decreto":""},"geometry":{"type":"Polygon","coordinates":[[[-70.54764739162414,-33.38501153389249],[-70.54781015208465,-33.38474866861469],[-70.54851992810822,-33.38503072147449],[-70.54835306649377,-33.385313201772036],[-70.54764739162414,-33.38501153389249]]]}},{"type":"Feature","properties":{"comuna":"Vitacura","zona":"U PVO","zona_code":"U PVO","nombre":"U PVO","decreto":""},"geometry":{"type":"Polygon","coordinates":[[[-70.54781015208465,-33.38474866861469],[-70.54793577335174,-33.384541859236215],[-70.54864808742514,-33.38480403810735],[-70.54851992810822,-33.38503072147449],[-70.54781015208465,-33.38474866861469]]]}},{"type":"Feature","properties":{"comuna":"Vitacura","zona":"U-V","zona_code":"U-V","nombre":"U-V","decreto":""},"geometry":{"type":"Polygon","coordinates":[[[-70.54830903259263,-33.38793174113223],[-70.5491981297462,-33.38610001115401],[-70.54946283706471,-33.38619390387693],[-70.54937143844313,-33.38638141980119],[-70.54928714394704,-33.386352529059735],[-70.54860393654982,-33.387764609538934],[-70.5484929784168,-33.38801257828839],[-70.54860762376704,-33.38806199203818],[-70.5483207045938,-33.387948299564506],[-70.54830903259263,-33.38793174113223]]]}},{"type":"Feature","properties":{"comuna":"Vitacura","zona":"U-V","zona_code":"U-V","nombre":"U-V","decreto":""},"geometry":{"type":"Polygon","coordinates":[[[-70.54779347241399,-33.387730578960515],[-70.548410481277,-33.38643435898427],[-70.54882268907065,-33.38658192849751],[-70.54819723813829,-33.38788302743878],[-70.54779347241399,-33.387730578960515]]]}},{"type":"Feature","properties":{"comuna":"Vitacura","zona":"U POC","zona_code":"U POC","nombre":"U POC","decreto":""},"geometry":{"type":"Polygon","coordinates":[[[-70.54675895500802,-33.38886479716737],[-70.54739124304672,-33.387716378141945],[-70.54872783390311,-33.38827016111805],[-70.54824341190256,-33.389410164485334],[-70.54675895500802,-33.38886479716737]]]}},{"type":"Feature","properties":{"comuna":"Vitacura","zona":"U POC","zona_code":"U POC","nombre":"U POC","decreto":""},"geometry":{"type":"Polygon","coordinates":[[[-70.54650768564862,-33.388773922055925],[-70.54553611395569,-33.38841610190848],[-70.54570436464178,-33.387958250261015],[-70.54675751787147,-33.38831975269188],[-70.54650768564862,-33.388773922055925]]]}},{"type":"Feature","properties":{"comuna":"Vitacura","zona":"U-V","zona_code":"U-V","nombre":"U-V","decreto":""},"geometry":{"type":"Polygon","coordinates":[[[-70.54682628886215,-33.38818765716137],[-70.54637643098673,-33.38800237228057],[-70.54670185804383,-33.387425639966594],[-70.54714755438795,-33.38761360630776],[-70.54682628886215,-33.38818765716137]]]}},{"type":"Feature","properties":{"comuna":"Vitacura","zona":"U-V","zona_code":"U-V","nombre":"U-V","decreto":""},"geometry":{"type":"Polygon","coordinates":[[[-70.54622161241576,-33.38794957910217],[-70.54580441320945,-33.387777247853755],[-70.54609196765554,-33.38718189939338],[-70.54657136744605,-33.38739735928728],[-70.54622161241576,-33.38794957910217]]]}},{"type":"Feature","properties":{"comuna":"Vitacura","zona":"U-V","zona_code":"U-V","nombre":"U-V","decreto":""},"geometry":{"type":"Polygon","coordinates":[[[-70.54765949957607,-33.387680195226814],[-70.54633500916879,-33.3871217457865],[-70.54654758322688,-33.386789998422174],[-70.54781387416496,-33.387365974957305],[-70.54765949957607,-33.387680195226814]]]}},{"type":"Feature","properties":{"comuna":"Vitacura","zona":"U-V","zona_code":"U-V","nombre":"U-V","decreto":""},"geometry":{"type":"Polygon","coordinates":[[[-70.54706463181034,-33.38688286484272],[-70.54661484747879,-33.386661190982885],[-70.54735686432812,-33.38543115305448],[-70.54782988101704,-33.38554360627002],[-70.54706463181034,-33.38688286484272]]]}},{"type":"Feature","properties":{"comuna":"Vitacura","zona":"U AVPC","zona_code":"U AVPC","nombre":"U AVPC","decreto":""},"geometry":{"type":"Polygon","coordinates":[[[-70.54740628924768,-33.38655107310969],[-70.54765079875514,-33.386095609262334],[-70.54832526255362,-33.38640407673978],[-70.54811882259457,-33.386824706373076],[-70.54740628924768,-33.38655107310969]]]}},{"type":"Feature","properties":{"comuna":"Vitacura","zona":"U-V","zona_code":"U-V","nombre":"U-V","decreto":""},"geometry":{"type":"Polygon","coordinates":[[[-70.54807766952356,-33.38681376630157],[-70.54787788335095,-33.38722476734092],[-70.54719468615805,-33.38693740513952],[-70.54740628924768,-33.38655107310969],[-70.54807766952356,-33.38681376630157]]]}},{"type":"Feature","properties":{"comuna":"Vitacura","zona":"U-V","zona_code":"U-V","nombre":"U-V","decreto":""},"geometry":{"type":"Polygon","coordinates":[[[-70.5488603270853,-33.386475545345334],[-70.54770696097472,-33.38603060228463],[-70.5479480165663,-33.38558913979505],[-70.54907598311158,-33.386040363549995],[-70.5488603270853,-33.386475545345334]]]}},{"type":"Feature","properties":{"comuna":"Vitacura","zona":"U Ee1","zona_code":"U Ee1","nombre":"U Ee1","decreto":""},"geometry":{"type":"Polygon","coordinates":[[[-70.54502765382271,-33.38823525315639],[-70.54398130740356,-33.38782646452792],[-70.54445908824334,-33.38669604330839],[-70.54484855478265,-33.38680453704739],[-70.54466188648807,-33.38719435038494],[-70.54542146876227,-33.387442596334665],[-70.54502765382271,-33.38823525315639]]]}},{"type":"Feature","properties":{"comuna":"Vitacura","zona":"U-V","zona_code":"U-V","nombre":"U-V","decreto":""},"geometry":{"type":"Polygon","coordinates":[[[-70.54619177449379,-33.38706310938147],[-70.54579403410537,-33.38688910339067],[-70.54667799990332,-33.3854076216341],[-70.54723257782133,-33.385403691190625],[-70.54619177449379,-33.38706310938147]]]}},{"type":"Feature","properties":{"comuna":"Vitacura","zona":"U-V","zona_code":"U-V","nombre":"U-V","decreto":""},"geometry":{"type":"Polygon","coordinates":[[[-70.5453530464774,-33.38569901464245],[-70.54542621945086,-33.38533349922752],[-70.54654685733679,-33.38539589436084],[-70.54568916546692,-33.38681918335589],[-70.54527251307643,-33.38667738546809],[-70.54532411988643,-33.38637895147157],[-70.54521068274342,-33.38665524842619],[-70.54488420866518,-33.38659441000213],[-70.54514694297866,-33.38601082701552],[-70.54556915597756,-33.38620982279105],[-70.54563897166841,-33.386168865877764],[-70.54518704847992,-33.38596260433383],[-70.54525830791829,-33.385746008519746],[-70.54576914179903,-33.38593817414535],[-70.54583128764243,-33.38584958940564],[-70.5453530464774,-33.38569901464245]]]}},{"type":"Feature","properties":{"comuna":"Vitacura","zona":"U-V","zona_code":"U-V","nombre":"U-V","decreto":""},"geometry":{"type":"Polygon","coordinates":[[[-70.54645493542358,-33.38483891847671],[-70.54665420565533,-33.38452718916719],[-70.54753913384945,-33.384899849643865],[-70.54737083592636,-33.385161561622034],[-70.54645493542358,-33.38483891847671]]]}},{"type":"Feature","properties":{"comuna":"Vitacura","zona":"U AVPC","zona_code":"U AVPC","nombre":"U AVPC","decreto":""},"geometry":{"type":"Polygon","coordinates":[[[-70.54737083592636,-33.385161561622034],[-70.54730418512447,-33.38528263926237],[-70.54630295370104,-33.385251230590406],[-70.54640485227964,-33.384837633412445],[-70.54737083592636,-33.385161561622034]]]}},{"type":"Feature","properties":{"comuna":"Vitacura","zona":"U-V","zona_code":"U-V","nombre":"U-V","decreto":""},"geometry":{"type":"Polygon","coordinates":[[[-70.54759238797912,-33.384786885171636],[-70.54671261370216,-33.384416070031776],[-70.54693678262757,-33.384064896791415],[-70.54781663875946,-33.38444048197793],[-70.54759238797912,-33.384786885171636]]]}},{"type":"Feature","properties":{"comuna":"Vitacura","zona":"U-V","zona_code":"U-V","nombre":"U-V","decreto":""},"geometry":{"type":"Polygon","coordinates":[[[-70.54720003475026,-33.38337257231203],[-70.54729073482453,-33.382914947648025],[-70.54774724456188,-33.38301784833552],[-70.54737531456546,-33.384115153626496],[-70.54690092130744,-33.38392445030682],[-70.54633364294843,-33.38478480744874],[-70.5461974953395,-33.38519229562641],[-70.54553047694924,-33.38514242862792],[-70.5463334374712,-33.38294193597022],[-70.54720003475026,-33.38337257231203]]]}},{"type":"Feature","properties":{"comuna":"Vitacura","zona":"U-V","zona_code":"U-V","nombre":"U-V","decreto":""},"geometry":{"type":"Polygon","coordinates":[[[-70.54647241417881,-33.38251655024266],[-70.54705473850555,-33.38276525889666],[-70.54715244002004,-33.38304875713293],[-70.54693937292298,-33.383155658459316],[-70.5463816047242,-33.38282165822113],[-70.54647241417881,-33.38251655024266]]]}},{"type":"Feature","properties":{"comuna":"Vitacura","zona":"U-V","zona_code":"U-V","nombre":"U-V","decreto":""},"geometry":{"type":"Polygon","coordinates":[[[-70.54488713802202,-33.38599469013054],[-70.54300105650411,-33.385416131122874],[-70.54302123533195,-33.385270324916476],[-70.5429381777955,-33.38523795130913],[-70.54279786835157,-33.38550694526114],[-70.54227464434635,-33.385353577312834],[-70.54272425426683,-33.384560079923375],[-70.54309043967406,-33.38467960629921],[-70.54293755702057,-33.38504181705966],[-70.5431507046671,-33.384709876963015],[-70.54351960755831,-33.384822210256274],[-70.54336647459118,-33.38517010772866],[-70.54358539295856,-33.384842867738094],[-70.54393727690696,-33.38495779777329],[-70.54384097672158,-33.38530260145246],[-70.5440115930476,-33.38497834798106],[-70.54430312696482,-33.38505823608591],[-70.5442067437837,-33.38539826935795],[-70.54436615319685,-33.38508369918262],[-70.5446688945018,-33.38515390173226],[-70.54456695145026,-33.385501162464784],[-70.54474634916771,-33.38519111561783],[-70.54514798072411,-33.3853042297012],[-70.54488713802202,-33.38599469013054]]]}},{"type":"Feature","properties":{"comuna":"Vitacura","zona":"U-V","zona_code":"U-V","nombre":"U-V","decreto":""},"geometry":{"type":"Polygon","coordinates":[[[-70.54327925551468,-33.3857875360684],[-70.5438044926015,-33.385893628445885],[-70.54385127642652,-33.38580475871032],[-70.54483207771975,-33.38609798017101],[-70.5446448026484,-33.386597942366734],[-70.54290475374809,-33.38605077309113],[-70.54312053961341,-33.385546042418774],[-70.54336356296508,-33.38561699076935],[-70.54327925551468,-33.3857875360684]]]}},{"type":"Feature","properties":{"comuna":"Vitacura","zona":"U AVPC","zona_code":"U AVPC","nombre":"U AVPC","decreto":""},"geometry":{"type":"Polygon","coordinates":[[[-70.54360877576117,-33.38560256646549],[-70.543482383831,-33.38585420774579],[-70.54327925551468,-33.3857875360684],[-70.54340223704945,-33.385552084157766],[-70.54360877576117,-33.38560256646549]]]}},{"type":"Feature","properties":{"comuna":"Vitacura","zona":"U-V","zona_code":"U-V","nombre":"U-V","decreto":""},"geometry":{"type":"Polygon","coordinates":[[[-70.54246714107117,-33.38638049163991],[-70.54260353707541,-33.38611536514951],[-70.54356891600997,-33.386404969887224],[-70.54337702898519,-33.386749053894505],[-70.54325554220347,-33.3866990222767],[-70.54307679757547,-33.38701431039404],[-70.54244964955096,-33.386778498763924],[-70.5426343952305,-33.386445225226836],[-70.54246714107117,-33.38638049163991]]]}},{"type":"Feature","properties":{"comuna":"Vitacura","zona":"U AVPC","zona_code":"U AVPC","nombre":"U AVPC","decreto":""},"geometry":{"type":"Polygon","coordinates":[[[-70.5426343952305,-33.386445225226836],[-70.54241466490959,-33.386759110938556],[-70.54241223665225,-33.38636399385138],[-70.5426343952305,-33.386445225226836]]]}},{"type":"Feature","properties":{"comuna":"Vitacura","zona":"U AVPC","zona_code":"U AVPC","nombre":"U AVPC","decreto":""},"geometry":{"type":"Polygon","coordinates":[[[-70.54313651982999,-33.38704601811399],[-70.54307679757547,-33.38701431039404],[-70.54325554220347,-33.3866990222767],[-70.54341373196435,-33.38676577764634],[-70.54313651982999,-33.38704601811399]]]}},{"type":"Feature","properties":{"comuna":"Vitacura","zona":"U-V","zona_code":"U-V","nombre":"U-V","decreto":""},"geometry":{"type":"Polygon","coordinates":[[[-70.54161136552658,-33.38644310392399],[-70.54190253268317,-33.385947819941705],[-70.54245424444227,-33.38613567291937],[-70.54217672927365,-33.3866564407443],[-70.54161136552658,-33.38644310392399]]]}},{"type":"Feature","properties":{"comuna":"Vitacura","zona":"U AVPC","zona_code":"U AVPC","nombre":"U AVPC","decreto":""},"geometry":{"type":"Polygon","coordinates":[[[-70.54236676899068,-33.386722800713805],[-70.54217672927365,-33.3866564407443],[-70.54235601696661,-33.38637169193649],[-70.54236676899068,-33.386722800713805]]]}},{"type":"Feature","properties":{"comuna":"Vitacura","zona":"U-V","zona_code":"U-V","nombre":"U-V","decreto":""},"geometry":{"type":"Polygon","coordinates":[[[-70.54280337806145,-33.386015238921125],[-70.5420176848053,-33.38581740973807],[-70.54220724507806,-33.38543804102839],[-70.54295626281801,-33.385653028315865],[-70.54280337806145,-33.386015238921125]]]}},{"type":"Feature","properties":{"comuna":"Vitacura","zona":"U AVPC","zona_code":"U AVPC","nombre":"U AVPC","decreto":""},"geometry":{"type":"Polygon","coordinates":[[[-70.53992896285047,-33.385935016546995],[-70.54001853546407,-33.38578278512036],[-70.54013339371838,-33.385809591161795],[-70.54009734853535,-33.38600749368851],[-70.53992896285047,-33.385935016546995]]]}},{"type":"Feature","properties":{"comuna":"Vitacura","zona":"U-V","zona_code":"U-V","nombre":"U-V","decreto":""},"geometry":{"type":"Polygon","coordinates":[[[-70.54152417418901,-33.38623018217588],[-70.54085678096375,-33.38596644941031],[-70.54099027274148,-33.385633116617136],[-70.54171963587952,-33.385862672374245],[-70.54152417418901,-33.38623018217588]]]}},{"type":"Feature","properties":{"comuna":"Vitacura","zona":"U AVPC","zona_code":"U AVPC","nombre":"U AVPC","decreto":""},"geometry":{"type":"Polygon","coordinates":[[[-70.54117941856224,-33.387002806460174],[-70.53948290626847,-33.38628654433357],[-70.53880574647297,-33.38598474348485],[-70.53910391920392,-33.38595718333749],[-70.54062343521639,-33.386637470429676],[-70.54117941856224,-33.387002806460174]]]}},{"type":"Feature","properties":{"comuna":"Vitacura","zona":"U-V","zona_code":"U-V","nombre":"U-V","decreto":""},"geometry":{"type":"Polygon","coordinates":[[[-70.54019446276963,-33.38569992007691],[-70.53914650535098,-33.38530714365999],[-70.5391428636591,-33.385261851802014],[-70.53935448619863,-33.38500390776222],[-70.54048193702828,-33.38538840415998],[-70.54019446276963,-33.38569992007691]]]}},{"type":"Feature","properties":{"comuna":"Vitacura","zona":"U-V","zona_code":"U-V","nombre":"U-V","decreto":""},"geometry":{"type":"Polygon","coordinates":[[[-70.54181271589655,-33.3857533441208],[-70.54102405456597,-33.385452065114464],[-70.5413400097454,-33.38482058164366],[-70.54220152504307,-33.38512485021432],[-70.54181271589655,-33.3857533441208]]]}},{"type":"Feature","properties":{"comuna":"Vitacura","zona":"U-V","zona_code":"U-V","nombre":"U-V","decreto":""},"geometry":{"type":"Polygon","coordinates":[[[-70.54005637989876,-33.385095655871474],[-70.53999142002057,-33.38431523508144],[-70.54128251229032,-33.38478598109574],[-70.54095242257046,-33.385422411656144],[-70.54005637989876,-33.385095655871474]]]}},{"type":"Feature","properties":{"comuna":"Vitacura","zona":"U AVPC","zona_code":"U AVPC","nombre":"U AVPC","decreto":""},"geometry":{"type":"Polygon","coordinates":[[[-70.54005637989876,-33.385095655871474],[-70.5394185727552,-33.38489597445206],[-70.53985069122203,-33.38423823804661],[-70.53999083107388,-33.38428183596941],[-70.54005637989876,-33.385095655871474]]]}},{"type":"Feature","properties":{"comuna":"Vitacura","zona":"U-V","zona_code":"U-V","nombre":"U-V","decreto":""},"geometry":{"type":"Polygon","coordinates":[[[-70.54224399083996,-33.384990211618465],[-70.54056273627411,-33.384373762302026],[-70.54082921414323,-33.383839773078236],[-70.54255035398906,-33.38450321559061],[-70.54224399083996,-33.384990211618465]]]}},{"type":"Feature","properties":{"comuna":"Vitacura","zona":"U-V","zona_code":"U-V","nombre":"U-V","decreto":""},"geometry":{"type":"Polygon","coordinates":[[[-70.54285931671534,-33.384410609694335],[-70.5431630591265,-33.38389380971503],[-70.54385293940912,-33.384142932722725],[-70.54365604808042,-33.38466038380391],[-70.54285931671534,-33.384410609694335]]]}},{"type":"Feature","properties":{"comuna":"Vitacura","zona":"U-V","zona_code":"U-V","nombre":"U-V","decreto":""},"geometry":{"type":"Polygon","coordinates":[[[-70.54461440105416,-33.382668438012544],[-70.54602355966003,-33.38322118016004],[-70.54593130910818,-33.38347287556894],[-70.54488335736183,-33.38308028089602],[-70.54470261394302,-33.38331398762095],[-70.54503568457125,-33.38349118902009],[-70.5451710561167,-33.383265204797986],[-70.54588151692664,-33.38355223924688],[-70.54524956701579,-33.38511970035028],[-70.5437431012235,-33.38470607988877],[-70.5439631497875,-33.38412112011987],[-70.54320426264877,-33.383829905225184],[-70.5434308077527,-33.3834515068745],[-70.5441867640598,-33.3837379852137],[-70.54421051815017,-33.38347282653163],[-70.54461440105416,-33.382668438012544]]]}},{"type":"Feature","properties":{"comuna":"Vitacura","zona":"U AVPC","zona_code":"U AVPC","nombre":"U AVPC","decreto":""},"geometry":{"type":"Polygon","coordinates":[[[-70.5450420894207,-33.383392322233014],[-70.54483457669772,-33.383334774813115],[-70.54490650925439,-33.38315634885133],[-70.5451260920467,-33.383220904767484],[-70.5450420894207,-33.383392322233014]]]}},{"type":"Feature","properties":{"comuna":"Vitacura","zona":"U-V","zona_code":"U-V","nombre":"U-V","decreto":""},"geometry":{"type":"Polygon","coordinates":[[[-70.54383655301916,-33.38352440664241],[-70.54349779692573,-33.383347273605814],[-70.54403407179088,-33.38246965555212],[-70.54450049373558,-33.382628495969364],[-70.54406693161751,-33.38352392653668],[-70.54383655301916,-33.38352440664241]]]}},{"type":"Feature","properties":{"comuna":"Vitacura","zona":"U-V","zona_code":"U-V","nombre":"U-V","decreto":""},"geometry":{"type":"Polygon","coordinates":[[[-70.54605908926234,-33.38306722881944],[-70.54512790019517,-33.382682724715856],[-70.5454243583689,-33.38223759457315],[-70.54623094610349,-33.382492409909034],[-70.54605908926234,-33.38306722881944]]]}},{"type":"Feature","properties":{"comuna":"Vitacura","zona":"U-V","zona_code":"U-V","nombre":"U-V","decreto":""},"geometry":{"type":"Polygon","coordinates":[[[-70.54451004806718,-33.38248520714588],[-70.54412053152876,-33.3823325687182],[-70.54443032575196,-33.38183716531197],[-70.5447829168159,-33.381992648780404],[-70.54451004806718,-33.38248520714588]]]}},{"type":"Feature","properties":{"comuna":"Vitacura","zona":"U-V","zona_code":"U-V","nombre":"U-V","decreto":""},"geometry":{"type":"Polygon","coordinates":[[[-70.53998254816112,-33.384149546811216],[-70.5403873421454,-33.3836362709419],[-70.54079565812901,-33.38380658401214],[-70.54070032959315,-33.383965254534175],[-70.5405804524252,-33.383941687608406],[-70.54044780648438,-33.38416166831883],[-70.54054215338932,-33.3841891308736],[-70.54047314541862,-33.3843361444863],[-70.53998254816112,-33.384149546811216]]]}},{"type":"Feature","properties":{"comuna":"Vitacura","zona":"U-V","zona_code":"U-V","nombre":"U-V","decreto":""},"geometry":{"type":"Polygon","coordinates":[[[-70.54150145868864,-33.383668966094895],[-70.54197252924874,-33.3830439060719],[-70.54320544447718,-33.383522514092725],[-70.54267387357879,-33.38434518797902],[-70.54166521994881,-33.384003379399864],[-70.54049483699613,-33.383441657791785],[-70.54085560810955,-33.38309357275023],[-70.54140357528945,-33.38344111150019],[-70.54130774300863,-33.38357115401533],[-70.54150145868864,-33.383668966094895]]]}},{"type":"Feature","properties":{"comuna":"Vitacura","zona":"U-V","zona_code":"U-V","nombre":"U-V","decreto":""},"geometry":{"type":"Polygon","coordinates":[[[-70.5415204056506,-33.383428697308354],[-70.54098771095063,-33.3830847734389],[-70.5413610862969,-33.38272579208494],[-70.54187341313883,-33.38298787003382],[-70.5415204056506,-33.383428697308354]]]}},{"type":"Feature","properties":{"comuna":"Vitacura","zona":"U-V","zona_code":"U-V","nombre":"U-V","decreto":""},"geometry":{"type":"Polygon","coordinates":[[[-70.54205963947592,-33.38291604750981],[-70.54277672092344,-33.38203284633487],[-70.54386686783805,-33.382408231978204],[-70.54362207798069,-33.38284842119456],[-70.54315853391857,-33.38262702438626],[-70.54306605655077,-33.38280188643106],[-70.54354153058317,-33.38292578024023],[-70.5432689448395,-33.38340844363924],[-70.54205963947592,-33.38291604750981]]]}},{"type":"Feature","properties":{"comuna":"Vitacura","zona":"U-V","zona_code":"U-V","nombre":"U-V","decreto":""},"geometry":{"type":"Polygon","coordinates":[[[-70.54198481627986,-33.38288577140329],[-70.54147949320588,-33.38263879319954],[-70.5418527830222,-33.38213019955057],[-70.54236717817653,-33.38239678342868],[-70.54198481627986,-33.38288577140329]]]}},{"type":"Feature","properties":{"comuna":"Vitacura","zona":"U-V","zona_code":"U-V","nombre":"U-V","decreto":""},"geometry":{"type":"Polygon","coordinates":[[[-70.54191757516976,-33.38206258255468],[-70.54213104439833,-33.38178122683302],[-70.54269220062336,-33.38198996065266],[-70.54244412916287,-33.382324471506635],[-70.54191757516976,-33.38206258255468]]]}},{"type":"Feature","properties":{"comuna":"Vitacura","zona":"U-V","zona_code":"U-V","nombre":"U-V","decreto":""},"geometry":{"type":"Polygon","coordinates":[[[-70.54275988004889,-33.381876492331024],[-70.54222651910912,-33.38167135085895],[-70.54252154256609,-33.38126502038257],[-70.54304879317527,-33.3815269072064],[-70.54275988004889,-33.381876492331024]]]}},{"type":"Feature","properties":{"comuna":"Vitacura","zona":"U PVO","zona_code":"U PVO","nombre":"U PVO","decreto":""},"geometry":{"type":"Polygon","coordinates":[[[-70.54266898290756,-33.38124432443479],[-70.54283919201491,-33.381018774433144],[-70.54346494417554,-33.38135104369919],[-70.54355493466842,-33.38123023595072],[-70.54439913327384,-33.381556920585865],[-70.544320856107,-33.38168706162425],[-70.54373630721824,-33.38140203189155],[-70.5432476403421,-33.3820447599759],[-70.5428743601162,-33.381916825700664],[-70.54326450946976,-33.381461587440675],[-70.54266898290756,-33.38124432443479]]]}},{"type":"Feature","properties":{"comuna":"Vitacura","zona":"U-V","zona_code":"U-V","nombre":"U-V","decreto":""},"geometry":{"type":"Polygon","coordinates":[[[-70.54360385009409,-33.38175265493757],[-70.54371453659742,-33.381578281150624],[-70.5442655140146,-33.3817742496776],[-70.54393673254125,-33.38228691859912],[-70.54336788688897,-33.38208070309972],[-70.5434823930245,-33.381921195939434],[-70.5436470075213,-33.38198178558728],[-70.54372549358722,-33.381795881739336],[-70.54360385009409,-33.38175265493757]]]}},{"type":"Feature","properties":{"comuna":"Vitacura","zona":"U AVPC","zona_code":"U AVPC","nombre":"U AVPC","decreto":""},"geometry":{"type":"Polygon","coordinates":[[[-70.5434823930245,-33.381921195939434],[-70.54357881057007,-33.381744018224076],[-70.54372549358722,-33.381795881739336],[-70.5436470075213,-33.38198178558728],[-70.5434823930245,-33.381921195939434]]]}},{"type":"Feature","properties":{"comuna":"Vitacura","zona":"U POCsz","zona_code":"U POCsz","nombre":"U POCsz","decreto":""},"geometry":{"type":"Polygon","coordinates":[[[-70.54921340124643,-33.38238006761184],[-70.54973299119257,-33.3825846598326],[-70.54960597547571,-33.382791310725324],[-70.54992531688283,-33.38291014740158],[-70.54983865730999,-33.383079403340496],[-70.54856981229037,-33.38260377487647],[-70.54865300875299,-33.38241963916341],[-70.54912616859036,-33.38254361069439],[-70.54921340124643,-33.38238006761184]]]}},{"type":"Feature","properties":{"comuna":"Vitacura","zona":"U-V","zona_code":"U-V","nombre":"U-V","decreto":""},"geometry":{"type":"Polygon","coordinates":[[[-70.54888691350635,-33.38218760993694],[-70.54903263160257,-33.381904224950034],[-70.54978885285203,-33.38204511064263],[-70.55026151904508,-33.382234871350086],[-70.55004109376783,-33.38267301422869],[-70.54888691350635,-33.38218760993694]]]}},{"type":"Feature","properties":{"comuna":"Vitacura","zona":"U-V","zona_code":"U-V","nombre":"U-V","decreto":""},"geometry":{"type":"Polygon","coordinates":[[[-70.54882114904102,-33.380724525714704],[-70.54932189322975,-33.38089425413794],[-70.54911167209956,-33.38146955510515],[-70.54920095676673,-33.381492301681995],[-70.5493188568676,-33.38112395932563],[-70.54952632855895,-33.381395776075614],[-70.55057144354943,-33.38158852766365],[-70.55030757342794,-33.382132090114574],[-70.54978121806658,-33.38193544258752],[-70.54845386860688,-33.38166567473936],[-70.54882114904102,-33.380724525714704]]]}},{"type":"Feature","properties":{"comuna":"Vitacura","zona":"U PVEV","zona_code":"U PVEV","nombre":"U PVEV","decreto":""},"geometry":{"type":"Polygon","coordinates":[[[-70.55022996227869,-33.38073735842001],[-70.55017278053019,-33.38104111369881],[-70.55033834311003,-33.38107483807627],[-70.55020392323694,-33.38136367758491],[-70.54948178565256,-33.381209615669256],[-70.54962429784324,-33.38066726102643],[-70.55022996227869,-33.38073735842001]]]}},{"type":"Feature","properties":{"comuna":"Vitacura","zona":"U AVPC","zona_code":"U AVPC","nombre":"U AVPC","decreto":""},"geometry":{"type":"Polygon","coordinates":[[[-70.54962429784324,-33.38066726102643],[-70.54977356809484,-33.38034218513424],[-70.55059551065818,-33.38066120601582],[-70.55046431367792,-33.380961114532475],[-70.55020135080662,-33.380888042720784],[-70.55022996227869,-33.38073735842001],[-70.54962429784324,-33.38066726102643]]]}},{"type":"Feature","properties":{"comuna":"Vitacura","zona":"U-V","zona_code":"U-V","nombre":"U-V","decreto":""},"geometry":{"type":"Polygon","coordinates":[[[-70.54808619143422,-33.378555584622205],[-70.54887395448466,-33.37549533270432],[-70.54978336245838,-33.375681553781696],[-70.552957412404,-33.376664163929455],[-70.55234079266168,-33.377950826364625],[-70.55109875292396,-33.377619734394116],[-70.55063179130354,-33.37758977723158],[-70.55065324983728,-33.37778656639023],[-70.54884963856428,-33.378338338680265],[-70.54837232598074,-33.378302298410034],[-70.54808619143422,-33.378555584622205]]]}},{"type":"Feature","properties":{"comuna":"Vitacura","zona":"U-V","zona_code":"U-V","nombre":"U-V","decreto":""},"geometry":{"type":"Polygon","coordinates":[[[-70.55116100049676,-33.380420088613185],[-70.55063016007904,-33.38146501596836],[-70.55038395589169,-33.381361202994526],[-70.55075386962643,-33.38057597459983],[-70.54957840938302,-33.38011342718985],[-70.54953613637828,-33.38016740507196],[-70.5497032827906,-33.380226403881615],[-70.54942609862356,-33.380762454294704],[-70.54891739296725,-33.38056073236426],[-70.54938575267998,-33.379642420190514],[-70.54805255135979,-33.3787344077087],[-70.54808619143422,-33.378555584622205],[-70.54856707156029,-33.3787632597729],[-70.54963038036617,-33.37957464163233],[-70.54955740388436,-33.379821803442624],[-70.55116100049676,-33.380420088613185]]]}},{"type":"Feature","properties":{"comuna":"Vitacura","zona":"U Ee1","zona_code":"U Ee1","nombre":"U Ee1","decreto":""},"geometry":{"type":"Polygon","coordinates":[[[-70.54808619143422,-33.378555584622205],[-70.54837232598074,-33.378302298410034],[-70.54884963856428,-33.378338338680265],[-70.55065324983728,-33.37778656639023],[-70.55063179130354,-33.37758977723158],[-70.55109875292396,-33.377619734394116],[-70.55234079266168,-33.377950826364625],[-70.55116100049676,-33.380420088613185],[-70.54955740388436,-33.379821803442624],[-70.54963038036617,-33.37957464163233],[-70.54856707156029,-33.3787632597729],[-70.54808619143422,-33.378555584622205]]]}},{"type":"Feature","properties":{"comuna":"Vitacura","zona":"U AVPC","zona_code":"U AVPC","nombre":"U AVPC","decreto":""},"geometry":{"type":"Polygon","coordinates":[[[-70.54643844900859,-33.381791163254974],[-70.54661493347201,-33.38147600320182],[-70.54718204344572,-33.38167234471625],[-70.54700351600953,-33.38200850086354],[-70.54643844900859,-33.381791163254974]]]}},{"type":"Feature","properties":{"comuna":"Vitacura","zona":"U-V","zona_code":"U-V","nombre":"U-V","decreto":""},"geometry":{"type":"Polygon","coordinates":[[[-70.5476403500001,-33.38174562204814],[-70.54683754115972,-33.38151128943685],[-70.54640628365294,-33.38131431854357],[-70.54662615540049,-33.381009968496],[-70.54679788585833,-33.38107082240658],[-70.54773319728972,-33.38146385204197],[-70.5476403500001,-33.38174562204814]]]}},{"type":"Feature","properties":{"comuna":"Vitacura","zona":"U POC","zona_code":"U POC","nombre":"U POC","decreto":""},"geometry":{"type":"Polygon","coordinates":[[[-70.54700351600953,-33.38200850086354],[-70.54718204344572,-33.38167234471625],[-70.54764231386763,-33.381813682839926],[-70.54754340621399,-33.38221782032237],[-70.54700351600953,-33.38200850086354]]]}},{"type":"Feature","properties":{"comuna":"Vitacura","zona":"U PVO","zona_code":"U PVO","nombre":"U PVO","decreto":""},"geometry":{"type":"Polygon","coordinates":[[[-70.54621216241996,-33.38152429503837],[-70.5462988492472,-33.381372288180025],[-70.54661493347201,-33.38147600320182],[-70.54651956911097,-33.38164630155116],[-70.54621216241996,-33.38152429503837]]]}},{"type":"Feature","properties":{"comuna":"Vitacura","zona":"U-V","zona_code":"U-V","nombre":"U-V","decreto":""},"geometry":{"type":"Polygon","coordinates":[[[-70.5462811933476,-33.38120807172877],[-70.5460514568083,-33.38112052349442],[-70.54599529926183,-33.38122760017082],[-70.54586063128842,-33.381176122665025],[-70.54618145578745,-33.380866470953556],[-70.54655672850994,-33.38098587410925],[-70.54637015983224,-33.38124617384462],[-70.54613502674437,-33.381152371034254],[-70.5462811933476,-33.38120807172877]]]}},{"type":"Feature","properties":{"comuna":"Vitacura","zona":"U-V","zona_code":"U-V","nombre":"U-V","decreto":""},"geometry":{"type":"Polygon","coordinates":[[[-70.5456230997534,-33.38120971550237],[-70.54543859151437,-33.38110177286427],[-70.54557448624541,-33.38068059474456],[-70.5461145425056,-33.380846147204],[-70.5456230997534,-33.38120971550237]]]}},{"type":"Feature","properties":{"comuna":"Vitacura","zona":"U-V","zona_code":"U-V","nombre":"U-V","decreto":""},"geometry":{"type":"MultiPolygon","coordinates":[[[[-70.54538199486622,-33.38094001625584],[-70.5449903015401,-33.38079794388398],[-70.5450361881077,-33.38067059381862],[-70.54550018924728,-33.38066099752395],[-70.54538199486622,-33.38094001625584]]],[[[-70.5452897348539,-33.381169956005024],[-70.54529685259659,-33.381172466508694],[-70.54532950578454,-33.38118497080234],[-70.5452897348539,-33.381169956005024]]]]}},{"type":"Feature","properties":{"comuna":"Vitacura","zona":"U-V","zona_code":"U-V","nombre":"U-V","decreto":""},"geometry":{"type":"Polygon","coordinates":[[[-70.54306681936825,-33.38033568407745],[-70.54309859872312,-33.380083847013395],[-70.54484409048648,-33.38068014425884],[-70.54480103665907,-33.38082040688601],[-70.54452882659471,-33.38072138716807],[-70.54447204009625,-33.380828490856196],[-70.54306681936825,-33.38033568407745]]]}},{"type":"Feature","properties":{"comuna":"Vitacura","zona":"U-V","zona_code":"U-V","nombre":"U-V","decreto":""},"geometry":{"type":"Polygon","coordinates":[[[-70.54480979260731,-33.380525948661315],[-70.544164195185,-33.380366952542495],[-70.54421831874983,-33.3798890476402],[-70.5448746113909,-33.3800097322886],[-70.54480979260731,-33.380525948661315]]]}},{"type":"Feature","properties":{"comuna":"Vitacura","zona":"U-V","zona_code":"U-V","nombre":"U-V","decreto":""},"geometry":{"type":"Polygon","coordinates":[[[-70.54329937004564,-33.37820961736613],[-70.54329968952526,-33.3780988956313],[-70.54483321210779,-33.37796909769987],[-70.54485055975458,-33.378306761704586],[-70.5443084169892,-33.37827151277852],[-70.54431244664572,-33.37837072684324],[-70.54484006373413,-33.37835652401229],[-70.54486627480891,-33.37868071490969],[-70.54423354244345,-33.37866950133623],[-70.54423479078824,-33.37874011528756],[-70.54487916734708,-33.37876645676225],[-70.54492160072164,-33.37936456731087],[-70.54450524131951,-33.37936593151181],[-70.54449396244094,-33.37911409431343],[-70.54440979422539,-33.379115141818],[-70.54441372795038,-33.37946633463131],[-70.54491242001333,-33.379488761154754],[-70.5448980427566,-33.379962353079605],[-70.54449259709747,-33.379808959732635],[-70.54413327520865,-33.37981915803318],[-70.54406869561895,-33.380325554463184],[-70.54312591378095,-33.37998249355688],[-70.54317245119677,-33.37952568116113],[-70.54383058807898,-33.37981528799429],[-70.54386797792175,-33.379742284140335],[-70.54362183910625,-33.379590722535845],[-70.54393684194523,-33.37848917265905],[-70.54329937004564,-33.37820961736613]]]}},{"type":"Feature","properties":{"comuna":"Vitacura","zona":"U-V","zona_code":"U-V","nombre":"U-V","decreto":""},"geometry":{"type":"Polygon","coordinates":[[[-70.5435732656936,-33.37948156404829],[-70.54319793578486,-33.37935833393129],[-70.54328674564212,-33.37833213684467],[-70.5437678924245,-33.378520862444475],[-70.54360992640218,-33.37898096945404],[-70.54367840663032,-33.37899348039012],[-70.5435732656936,-33.37948156404829]]]}},{"type":"Feature","properties":{"comuna":"Vitacura","zona":"U-V","zona_code":"U-V","nombre":"U-V","decreto":""},"geometry":{"type":"Polygon","coordinates":[[[-70.54115503535738,-33.378218178926154],[-70.54315942843714,-33.37810922907017],[-70.54312345691913,-33.37852009514227],[-70.54263781372006,-33.378463138524275],[-70.54262155600978,-33.378573294517146],[-70.54311837222258,-33.378618658727326],[-70.54309097469749,-33.378870978861116],[-70.54242181204076,-33.378858298919695],[-70.54246215117135,-33.379081141391694],[-70.54238870007669,-33.37917368256328],[-70.543043021056,-33.379247633276364],[-70.54296057159326,-33.379995242716724],[-70.54196014733233,-33.379693692008374],[-70.5420053530533,-33.37935340053821],[-70.54184862348544,-33.37933625929425],[-70.54182088329955,-33.379642461933884],[-70.54128522992103,-33.379509117633134],[-70.54115503535738,-33.378218178926154]]]}},{"type":"Feature","properties":{"comuna":"Vitacura","zona":"U-V","zona_code":"U-V","nombre":"U-V","decreto":""},"geometry":{"type":"Polygon","coordinates":[[[-70.54115503535738,-33.378218178926154],[-70.54114717643567,-33.378106555856],[-70.54291282220005,-33.37715783369867],[-70.54295739024803,-33.37723363587836],[-70.54249704619392,-33.377449340519696],[-70.5426486304761,-33.37804495015808],[-70.54239215236302,-33.37808059035537],[-70.5423896587424,-33.37819706499275],[-70.54115503535738,-33.378218178926154]]]}},{"type":"Feature","properties":{"comuna":"Vitacura","zona":"U-V","zona_code":"U-V","nombre":"U-V","decreto":""},"geometry":{"type":"Polygon","coordinates":[[[-70.54259713852242,-33.37749763338332],[-70.54301531629459,-33.37734210661685],[-70.54318036487619,-33.37798923153258],[-70.54270894036813,-33.378030743004125],[-70.54259713852242,-33.37749763338332]]]}},{"type":"Feature","properties":{"comuna":"Vitacura","zona":"U-V","zona_code":"U-V","nombre":"U-V","decreto":""},"geometry":{"type":"Polygon","coordinates":[[[-70.54324177083214,-33.37797391564262],[-70.54313038057681,-33.37725477442411],[-70.5435420075624,-33.37721147637876],[-70.5436994604583,-33.37791343478698],[-70.54324177083214,-33.37797391564262]]]}},{"type":"Feature","properties":{"comuna":"Vitacura","zona":"U-V","zona_code":"U-V","nombre":"U-V","decreto":""},"geometry":{"type":"Polygon","coordinates":[[[-70.54379780123034,-33.37784539862032],[-70.54362672083771,-33.377177017181005],[-70.54422970154982,-33.37717905993338],[-70.54429184874695,-33.377798687322745],[-70.54379780123034,-33.37784539862032]]]}},{"type":"Feature","properties":{"comuna":"Vitacura","zona":"U AVPC","zona_code":"U AVPC","nombre":"U AVPC","decreto":""},"geometry":{"type":"Polygon","coordinates":[[[-70.54379780123034,-33.37784539862032],[-70.54429184874695,-33.377798687322745],[-70.54432040958248,-33.37780549081958],[-70.54427647491814,-33.37789432530662],[-70.54391021493008,-33.37792990163068],[-70.54379780123034,-33.37784539862032]]]}},{"type":"Feature","properties":{"comuna":"Vitacura","zona":"U-V","zona_code":"U-V","nombre":"U-V","decreto":""},"geometry":{"type":"Polygon","coordinates":[[[-70.54432609463508,-33.37717786045557],[-70.54477281105642,-33.37718900392703],[-70.54480890738196,-33.377782707746654],[-70.5443862202367,-33.37784690019858],[-70.54432609463508,-33.37717786045557]]]}},{"type":"Feature","properties":{"comuna":"Vitacura","zona":"U-V","zona_code":"U-V","nombre":"U-V","decreto":""},"geometry":{"type":"Polygon","coordinates":[[[-70.54433101836773,-33.37641741011133],[-70.54469312427767,-33.3770739634428],[-70.54430297741283,-33.37708349687302],[-70.5442167634593,-33.37687220227694],[-70.54413171338679,-33.376887577444435],[-70.54421478834698,-33.37708220884757],[-70.54332775821311,-33.37710040107216],[-70.54310179933341,-33.37718911237083],[-70.54300657446241,-33.37711155378544],[-70.54433101836773,-33.37641741011133]]]}},{"type":"Feature","properties":{"comuna":"Vitacura","zona":"U-V","zona_code":"U-V","nombre":"U-V","decreto":""},"geometry":{"type":"Polygon","coordinates":[[[-70.54559981100728,-33.37999866581784],[-70.5450817698655,-33.379911579419435],[-70.54508153866065,-33.37951261727821],[-70.5456559078855,-33.37956845913006],[-70.54612518477768,-33.379728689390326],[-70.54579202155466,-33.38031697123657],[-70.54590440091674,-33.38036711218884],[-70.54619855410047,-33.379760227507724],[-70.54663815955307,-33.37991509871948],[-70.54630720572267,-33.380499535911156],[-70.54644688370695,-33.3805493362017],[-70.54671370191659,-33.379940881780755],[-70.5471563774335,-33.38009237329915],[-70.54684627189327,-33.38069754975795],[-70.54696286470957,-33.38072854771189],[-70.54724122261221,-33.380129493570095],[-70.54768324103807,-33.38029196690133],[-70.54734787889618,-33.3808840977045],[-70.54746929197935,-33.38093030702712],[-70.5477656085348,-33.380317665090956],[-70.54820382645033,-33.38048376247887],[-70.54785033529899,-33.38107993829209],[-70.54797867494379,-33.381131787467275],[-70.54827492084682,-33.38051532772316],[-70.5486960982713,-33.38065705868032],[-70.54829655720918,-33.3816134002403],[-70.54629434307394,-33.38078913655185],[-70.54548399458294,-33.380553934728745],[-70.5450182459426,-33.38056522294069],[-70.54506254551072,-33.37998244913554],[-70.54554710623161,-33.38010622237708],[-70.54559981100728,-33.37999866581784]]]}},{"type":"Feature","properties":{"comuna":"Vitacura","zona":"U-V","zona_code":"U-V","nombre":"U-V","decreto":""},"geometry":{"type":"Polygon","coordinates":[[[-70.5483531822885,-33.380381537387585],[-70.54880195271252,-33.37945691075358],[-70.54919283467675,-33.379686828799635],[-70.54875643038018,-33.380528209441074],[-70.5483531822885,-33.380381537387585]]]}},{"type":"Feature","properties":{"comuna":"Vitacura","zona":"U-V","zona_code":"U-V","nombre":"U-V","decreto":""},"geometry":{"type":"Polygon","coordinates":[[[-70.54818226759731,-33.37954023640531],[-70.54836574009481,-33.379108439542414],[-70.54876140550614,-33.3793516620586],[-70.54860333753359,-33.379676242360446],[-70.54818226759731,-33.37954023640531]]]}},{"type":"Feature","properties":{"comuna":"Vitacura","zona":"U-V","zona_code":"U-V","nombre":"U-V","decreto":""},"geometry":{"type":"Polygon","coordinates":[[[-70.54853970280378,-33.37980875278],[-70.54825328114632,-33.380367560563705],[-70.54783202904976,-33.38019134849509],[-70.54810446817807,-33.379643907145386],[-70.54853970280378,-33.37980875278]]]}},{"type":"Feature","properties":{"comuna":"Vitacura","zona":"U-V","zona_code":"U-V","nombre":"U-V","decreto":""},"geometry":{"type":"Polygon","coordinates":[[[-70.54801527678578,-33.37961829429225],[-70.54774983075663,-33.38017519343626],[-70.54730988407823,-33.380001240981485],[-70.54757847865574,-33.3794634434659],[-70.54801527678578,-33.37961829429225]]]}},{"type":"Feature","properties":{"comuna":"Vitacura","zona":"U-V","zona_code":"U-V","nombre":"U-V","decreto":""},"geometry":{"type":"Polygon","coordinates":[[[-70.54763434318222,-33.37935158632637],[-70.54789881377084,-33.378824108046196],[-70.54831413794258,-33.37902127276129],[-70.54804510119199,-33.379503768557825],[-70.54763434318222,-33.37935158632637]]]}},{"type":"Feature","properties":{"comuna":"Vitacura","zona":"U AVPC","zona_code":"U AVPC","nombre":"U AVPC","decreto":""},"geometry":{"type":"Polygon","coordinates":[[[-70.54860333753359,-33.379676242360446],[-70.54853970280378,-33.37980875278],[-70.54757847865574,-33.3794634434659],[-70.54763434318222,-33.37935158632637],[-70.54860333753359,-33.379676242360446]]]}},{"type":"Feature","properties":{"comuna":"Vitacura","zona":"U-V","zona_code":"U-V","nombre":"U-V","decreto":""},"geometry":{"type":"Polygon","coordinates":[[[-70.54702506826355,-33.37931150853867],[-70.5473510513478,-33.37867416839369],[-70.54779975268875,-33.37882892305631],[-70.54748105702959,-33.37947213198459],[-70.54702506826355,-33.37931150853867]]]}},{"type":"Feature","properties":{"comuna":"Vitacura","zona":"U AVPC","zona_code":"U AVPC","nombre":"U AVPC","decreto":""},"geometry":{"type":"Polygon","coordinates":[[[-70.54748105702959,-33.37947213198459],[-70.54722856119082,-33.38000791044856],[-70.54676427536324,-33.37984478138534],[-70.54702506826355,-33.37931150853867],[-70.54748105702959,-33.37947213198459]]]}},{"type":"Feature","properties":{"comuna":"Vitacura","zona":"U-V","zona_code":"U-V","nombre":"U-V","decreto":""},"geometry":{"type":"Polygon","coordinates":[[[-70.54661539587724,-33.37897005929221],[-70.54683375238413,-33.378451928380656],[-70.54728234921895,-33.37860095859452],[-70.54703663089605,-33.37911561380848],[-70.54661539587724,-33.37897005929221]]]}},{"type":"Feature","properties":{"comuna":"Vitacura","zona":"U-V","zona_code":"U-V","nombre":"U-V","decreto":""},"geometry":{"type":"Polygon","coordinates":[[[-70.54696647282924,-33.37926538506637],[-70.54669350035446,-33.37978305153867],[-70.54629741469576,-33.37964443614379],[-70.54651054021183,-33.379076916109696],[-70.54696647282924,-33.37926538506637]]]}},{"type":"Feature","properties":{"comuna":"Vitacura","zona":"U-V","zona_code":"U-V","nombre":"U-V","decreto":""},"geometry":{"type":"Polygon","coordinates":[[[-70.54642563707709,-33.37904725435057],[-70.54620326911544,-33.37959597756778],[-70.54577541122084,-33.37946195626452],[-70.54584139454958,-33.37894763322425],[-70.5459791376876,-33.37888826824413],[-70.54642563707709,-33.37904725435057]]]}},{"type":"Feature","properties":{"comuna":"Vitacura","zona":"U-V","zona_code":"U-V","nombre":"U-V","decreto":""},"geometry":{"type":"Polygon","coordinates":[[[-70.54606582807494,-33.378772652120496],[-70.5462958312722,-33.37826964896438],[-70.54676951726931,-33.37842218599198],[-70.54649398705433,-33.37892384901487],[-70.54606582807494,-33.378772652120496]]]}},{"type":"Feature","properties":{"comuna":"Vitacura","zona":"U AVPC","zona_code":"U AVPC","nombre":"U AVPC","decreto":""},"geometry":{"type":"Polygon","coordinates":[[[-70.54703663089605,-33.37911561380848],[-70.54696647282924,-33.37926538506637],[-70.54597655960603,-33.378871120075694],[-70.54606582807494,-33.378772652120496],[-70.54703663089605,-33.37911561380848]]]}},{"type":"Feature","properties":{"comuna":"Vitacura","zona":"U AVPC","zona_code":"U AVPC","nombre":"U AVPC","decreto":""},"geometry":{"type":"Polygon","coordinates":[[[-70.54728419060633,-33.37796472677564],[-70.54668348932283,-33.37775786712347],[-70.54668302469098,-33.377731625405566],[-70.54739309560313,-33.377679350408556],[-70.54728419060633,-33.37796472677564]]]}},{"type":"Feature","properties":{"comuna":"Vitacura","zona":"U-V","zona_code":"U-V","nombre":"U-V","decreto":""},"geometry":{"type":"Polygon","coordinates":[[[-70.54499235896044,-33.377257556927745],[-70.54829157163577,-33.37722831368667],[-70.5483333327234,-33.37727557279172],[-70.54823650761774,-33.37758936720698],[-70.54497886791293,-33.377620421141074],[-70.54499235896044,-33.377257556927745]]]}},{"type":"Feature","properties":{"comuna":"Vitacura","zona":"U POCsz","zona_code":"U POCsz","nombre":"U POCsz","decreto":""},"geometry":{"type":"Polygon","coordinates":[[[-70.54063665938851,-33.37933071300538],[-70.54112305181519,-33.37937569869858],[-70.5410730836645,-33.379767649461904],[-70.54022584304636,-33.37946319471396],[-70.54028574999282,-33.379312123077405],[-70.54059449223934,-33.37940135105674],[-70.54063665938851,-33.37933071300538]]]}},{"type":"Feature","properties":{"comuna":"Vitacura","zona":"U AVPC","zona_code":"U AVPC","nombre":"U AVPC","decreto":""},"geometry":{"type":"Polygon","coordinates":[[[-70.54063665938851,-33.37933071300538],[-70.54059449223934,-33.37940135105674],[-70.5403575937847,-33.37931592909745],[-70.54063665938851,-33.37933071300538]]]}},{"type":"Feature","properties":{"comuna":"Vitacura","zona":"U POC","zona_code":"U POC","nombre":"U POC","decreto":""},"geometry":{"type":"Polygon","coordinates":[[[-70.54010992045072,-33.378470416899525],[-70.54106213844278,-33.37814775967236],[-70.54111666490725,-33.37930389131208],[-70.54024423071459,-33.37924791059555],[-70.5401168241357,-33.37942049852577],[-70.54010992045072,-33.378470416899525]]]}},{"type":"Feature","properties":{"comuna":"Vitacura","zona":"U-V","zona_code":"U-V","nombre":"U-V","decreto":""},"geometry":{"type":"Polygon","coordinates":[[[-70.5401168241357,-33.37942049852577],[-70.5391565173406,-33.37904784437187],[-70.53908097376357,-33.37874740984091],[-70.53928765938949,-33.3786136068432],[-70.54010992045072,-33.378470416899525],[-70.5401168241357,-33.37942049852577]]]}},{"type":"Feature","properties":{"comuna":"Vitacura","zona":"U AVPC","zona_code":"U AVPC","nombre":"U AVPC","decreto":""},"geometry":{"type":"Polygon","coordinates":[[[-70.53806227588173,-33.38571742785412],[-70.53782682762451,-33.3853760303867],[-70.53900472257533,-33.385879222921595],[-70.53869407118825,-33.385996538416485],[-70.53806227588173,-33.38571742785412]]]}},{"type":"Feature","properties":{"comuna":"Vitacura","zona":"U-V","zona_code":"U-V","nombre":"U-V","decreto":""},"geometry":{"type":"Polygon","coordinates":[[[-70.53751478539482,-33.38459026187446],[-70.53772341115288,-33.38434887781342],[-70.53909280182451,-33.38506683747681],[-70.5389703949612,-33.385239266644575],[-70.53751478539482,-33.38459026187446]]]}},{"type":"Feature","properties":{"comuna":"Vitacura","zona":"U-V","zona_code":"U-V","nombre":"U-V","decreto":""},"geometry":{"type":"Polygon","coordinates":[[[-70.53912026715449,-33.38495415123562],[-70.53781569070182,-33.38425896937241],[-70.53803077596048,-33.38387451868602],[-70.5394051763307,-33.38455423390986],[-70.53922417700723,-33.384935877760704],[-70.53912026715449,-33.38495415123562]]]}},{"type":"Feature","properties":{"comuna":"Vitacura","zona":"U-V","zona_code":"U-V","nombre":"U-V","decreto":""},"geometry":{"type":"Polygon","coordinates":[[[-70.53945814501674,-33.384489251248496],[-70.53813745772779,-33.383794929973455],[-70.53840589778748,-33.38337163915425],[-70.53979748106363,-33.38405829513921],[-70.53957123811148,-33.384454818704015],[-70.53945814501674,-33.384489251248496]]]}},{"type":"Feature","properties":{"comuna":"Vitacura","zona":"U-V","zona_code":"U-V","nombre":"U-V","decreto":""},"geometry":{"type":"Polygon","coordinates":[[[-70.53994576431181,-33.38391853562789],[-70.53853703732364,-33.3832273212264],[-70.53882813913943,-33.38279897503872],[-70.54017489015554,-33.383524361918596],[-70.53994576431181,-33.38391853562789]]]}},{"type":"Feature","properties":{"comuna":"Vitacura","zona":"U-V","zona_code":"U-V","nombre":"U-V","decreto":""},"geometry":{"type":"Polygon","coordinates":[[[-70.53839167851274,-33.38228181877918],[-70.53870759188291,-33.3818869694202],[-70.53972124813316,-33.38246616335997],[-70.53963237135186,-33.382587528171435],[-70.53973314070794,-33.38262445690552],[-70.54025316398922,-33.382049143529606],[-70.54060325667852,-33.38228914022448],[-70.54015402618231,-33.38287884748693],[-70.54026884835216,-33.38293850751445],[-70.5403935848733,-33.38278615408408],[-70.54071233778271,-33.38300363236317],[-70.54033765242362,-33.38339656207993],[-70.53839167851274,-33.38228181877918]]]}},{"type":"Feature","properties":{"comuna":"Vitacura","zona":"U-V","zona_code":"U-V","nombre":"U-V","decreto":""},"geometry":{"type":"Polygon","coordinates":[[[-70.54077306464713,-33.382939483542785],[-70.54040148648727,-33.382689083389145],[-70.54068430597705,-33.38234005634064],[-70.54110750055227,-33.38259632422655],[-70.54077306464713,-33.382939483542785]]]}},{"type":"Feature","properties":{"comuna":"Vitacura","zona":"U-V","zona_code":"U-V","nombre":"U-V","decreto":""},"geometry":{"type":"Polygon","coordinates":[[[-70.54078706606296,-33.382231881169695],[-70.54112663820719,-33.38174661534069],[-70.5416523704111,-33.38201115225415],[-70.54125579273808,-33.38248949152204],[-70.54078706606296,-33.382231881169695]]]}},{"type":"Feature","properties":{"comuna":"Vitacura","zona":"U Ee1","zona_code":"U Ee1","nombre":"U Ee1","decreto":""},"geometry":{"type":"Polygon","coordinates":[[[-70.53982497192096,-33.38163094471905],[-70.5409461023114,-33.380016933724924],[-70.54118219944242,-33.380106879137905],[-70.54107552396235,-33.38027597921639],[-70.54163320791515,-33.381070205200245],[-70.54159151974059,-33.38114958559346],[-70.54131624493773,-33.38102319857131],[-70.54053149677488,-33.38207100714733],[-70.53982497192096,-33.38163094471905]]]}},{"type":"Feature","properties":{"comuna":"Vitacura","zona":"U-V","zona_code":"U-V","nombre":"U-V","decreto":""},"geometry":{"type":"Polygon","coordinates":[[[-70.54053149677488,-33.38207100714733],[-70.54131624493773,-33.38102319857131],[-70.54160293930391,-33.38112784886898],[-70.5419915391138,-33.38155133671856],[-70.5416991478427,-33.38195003967259],[-70.54124412398677,-33.381699341206684],[-70.54152422495878,-33.38132553068374],[-70.54140264582738,-33.381269773255816],[-70.54071312411918,-33.382167895608426],[-70.54053149677488,-33.38207100714733]]]}},{"type":"Feature","properties":{"comuna":"Vitacura","zona":"U-V","zona_code":"U-V","nombre":"U-V","decreto":""},"geometry":{"type":"Polygon","coordinates":[[[-70.54075035654998,-33.3803053769421],[-70.53982497192096,-33.38163094471905],[-70.53943404357513,-33.381408030174015],[-70.5399707684529,-33.38095754547653],[-70.54009442653482,-33.380792559038206],[-70.54002610951272,-33.38070869762323],[-70.53985507386598,-33.380686958827425],[-70.53931343620778,-33.38132091472119],[-70.53888727463168,-33.381105480713806],[-70.53926952155794,-33.38036222412991],[-70.53962422193968,-33.38053881417678],[-70.53997170876933,-33.380041015738705],[-70.54075035654998,-33.3803053769421]]]}},{"type":"Feature","properties":{"comuna":"Vitacura","zona":"U AVPC","zona_code":"U AVPC","nombre":"U AVPC","decreto":""},"geometry":{"type":"Polygon","coordinates":[[[-70.53962422193968,-33.38053881417678],[-70.53920047638168,-33.380317743473015],[-70.53938869675055,-33.38010423445328],[-70.53983348066875,-33.380085591561944],[-70.54022152040937,-33.37967155028079],[-70.53962422193968,-33.38053881417678]]]}},{"type":"Feature","properties":{"comuna":"Vitacura","zona":"U POC","zona_code":"U POC","nombre":"U POC","decreto":""},"geometry":{"type":"Polygon","coordinates":[[[-70.53997170876933,-33.380041015738705],[-70.5402013083928,-33.3797350345684],[-70.5409461023114,-33.380016933724924],[-70.54075035654998,-33.3803053769421],[-70.53997170876933,-33.380041015738705]]]}},{"type":"Feature","properties":{"comuna":"Vitacura","zona":"U-V","zona_code":"U-V","nombre":"U-V","decreto":""},"geometry":{"type":"Polygon","coordinates":[[[-70.53852067413962,-33.381662478137265],[-70.53755069454796,-33.381107548278855],[-70.53786660200765,-33.380698941496775],[-70.5388547112667,-33.38124982569487],[-70.53852067413962,-33.381662478137265]]]}},{"type":"Feature","properties":{"comuna":"Vitacura","zona":"U-V","zona_code":"U-V","nombre":"U-V","decreto":""},"geometry":{"type":"Polygon","coordinates":[[[-70.53936590221171,-33.38001432828415],[-70.5390508008949,-33.380338935578855],[-70.53900736710239,-33.38058572615856],[-70.53873896188246,-33.380978093292235],[-70.53803410514831,-33.380619172727485],[-70.53837200632847,-33.38003848813885],[-70.53863375260798,-33.37978479213287],[-70.5388498947588,-33.37978402040886],[-70.53936590221171,-33.38001432828415]]]}},{"type":"Feature","properties":{"comuna":"Vitacura","zona":"U POC","zona_code":"U POC","nombre":"U POC","decreto":""},"geometry":{"type":"MultiPolygon","coordinates":[[[[-70.53786468374533,-33.37959064150396],[-70.53822148618798,-33.37935886301186],[-70.53834124865062,-33.37960251396753],[-70.53848044164825,-33.37962248341139],[-70.53789017848565,-33.38038269941897],[-70.53765653267165,-33.38025324951206],[-70.53756688080975,-33.380366596001444],[-70.53739581263771,-33.380228305863255],[-70.53786468374533,-33.37959064150396]]],[[[-70.5378157206872,-33.38050864065661],[-70.53781739691792,-33.38050652397724],[-70.53781604429116,-33.38050882603567],[-70.5378157206872,-33.38050864065661]]]]}},{"type":"Feature","properties":{"comuna":"Vitacura","zona":"U-V","zona_code":"U-V","nombre":"U-V","decreto":""},"geometry":{"type":"Polygon","coordinates":[[[-70.53848044164825,-33.37962248341139],[-70.53878924305562,-33.37958299904245],[-70.53912406516896,-33.37967337190992],[-70.53903336660156,-33.37974986645161],[-70.53865831031518,-33.37964189020311],[-70.5385251390368,-33.37970271730238],[-70.53789845828737,-33.38055586990126],[-70.53781604429116,-33.38050882603567],[-70.53848044164825,-33.37962248341139]]]}},{"type":"Feature","properties":{"comuna":"Vitacura","zona":"U AVPC","zona_code":"U AVPC","nombre":"U AVPC","decreto":""},"geometry":{"type":"Polygon","coordinates":[[[-70.53783171613206,-33.379455533025414],[-70.53807390700146,-33.37886840010762],[-70.53894180992033,-33.37918406620743],[-70.53834794767388,-33.37918379415668],[-70.53783171613206,-33.379455533025414]]]}},{"type":"Feature","properties":{"comuna":"Vitacura","zona":"U AVPC","zona_code":"U AVPC","nombre":"U AVPC","decreto":""},"geometry":{"type":"Polygon","coordinates":[[[-70.53812358788188,-33.378658524565424],[-70.53840208621506,-33.37862231173812],[-70.53907642405473,-33.37912441393122],[-70.53813310877321,-33.378741676506145],[-70.53812358788188,-33.378658524565424]]]}},{"type":"Feature","properties":{"comuna":"Vitacura","zona":"U Ee2","zona_code":"U Ee2","nombre":"U Ee2","decreto":""},"geometry":{"type":"Polygon","coordinates":[[[-70.5390108139773,-33.378564480406624],[-70.53912320434844,-33.37816364303071],[-70.54028795122127,-33.37802320319286],[-70.54027619057723,-33.37832400540625],[-70.5390108139773,-33.378564480406624]]]}},{"type":"Feature","properties":{"comuna":"Vitacura","zona":"U Ee2","zona_code":"U Ee2","nombre":"U Ee2","decreto":""},"geometry":{"type":"Polygon","coordinates":[[[-70.53844798127142,-33.37861445761836],[-70.53818196950965,-33.37820803032224],[-70.53908263646746,-33.378185621993836],[-70.5389732798022,-33.37856494587735],[-70.53844798127142,-33.37861445761836]]]}},{"type":"Feature","properties":{"comuna":"Vitacura","zona":"U Ee2","zona_code":"U Ee2","nombre":"U Ee2","decreto":""},"geometry":{"type":"Polygon","coordinates":[[[-70.53812358788188,-33.378658524565424],[-70.5381376839654,-33.37822620955542],[-70.53816642429112,-33.37822704648823],[-70.53840208621506,-33.37862231173812],[-70.53812358788188,-33.378658524565424]]]}},{"type":"Feature","properties":{"comuna":"Vitacura","zona":"U AVPC","zona_code":"U AVPC","nombre":"U AVPC","decreto":""},"geometry":{"type":"Polygon","coordinates":[[[-70.53844798127142,-33.37861445761836],[-70.5389732798022,-33.37856494587735],[-70.53868222496338,-33.37870456526684],[-70.53844798127142,-33.37861445761836]]]}},{"type":"Feature","properties":{"comuna":"Vitacura","zona":"U AVPC","zona_code":"U AVPC","nombre":"U AVPC","decreto":""},"geometry":{"type":"Polygon","coordinates":[[[-70.53916948169987,-33.37856251260294],[-70.53897475066742,-33.378745320873996],[-70.5390026213376,-33.37903875940426],[-70.5385411707606,-33.37870535992551],[-70.53878497878465,-33.378725244119714],[-70.5390108139773,-33.378564480406624],[-70.53916948169987,-33.37856251260294]]]}},{"type":"Feature","properties":{"comuna":"Vitacura","zona":"U AVPC","zona_code":"U AVPC","nombre":"U AVPC","decreto":""},"geometry":{"type":"Polygon","coordinates":[[[-70.53730378271548,-33.379357082990865],[-70.53768893076908,-33.3789075314928],[-70.53786237813588,-33.37880802712093],[-70.5373769060794,-33.37927791156892],[-70.53742318481375,-33.37945105058102],[-70.53767100649402,-33.3794403441345],[-70.53731996627668,-33.37992584481121],[-70.53730378271548,-33.379357082990865]]]}},{"type":"Feature","properties":{"comuna":"Vitacura","zona":"U AVPC","zona_code":"U AVPC","nombre":"U AVPC","decreto":""},"geometry":{"type":"Polygon","coordinates":[[[-70.53751598188599,-33.37942317537569],[-70.53743391126187,-33.379284840447845],[-70.53785896731517,-33.37887402915816],[-70.5377052873659,-33.37931965719022],[-70.53751598188599,-33.37942317537569]]]}},{"type":"Feature","properties":{"comuna":"Vitacura","zona":"U AVPC","zona_code":"U AVPC","nombre":"U AVPC","decreto":""},"geometry":{"type":"Polygon","coordinates":[[[-70.53736639245568,-33.37868054751878],[-70.53789632075627,-33.37865698160619],[-70.537599171784,-33.37884946671549],[-70.53736639245568,-33.37868054751878]]]}},{"type":"Feature","properties":{"comuna":"Vitacura","zona":"U Ee2","zona_code":"U Ee2","nombre":"U Ee2","decreto":""},"geometry":{"type":"Polygon","coordinates":[[[-70.53768469100268,-33.37866418003902],[-70.53779525612073,-33.37861414778785],[-70.53791314792821,-33.37846209173286],[-70.53789632075627,-33.37865698160619],[-70.53768469100268,-33.37866418003902]]]}},{"type":"Feature","properties":{"comuna":"Vitacura","zona":"U AVPC","zona_code":"U AVPC","nombre":"U AVPC","decreto":""},"geometry":{"type":"Polygon","coordinates":[[[-70.5374432767688,-33.37906555594818],[-70.53709491692955,-33.378405564859385],[-70.53707589493683,-33.37810037143115],[-70.5371829037293,-33.37849228492548],[-70.53742563055326,-33.37883861205266],[-70.53759494017758,-33.37889187380045],[-70.5374432767688,-33.37906555594818]]]}},{"type":"Feature","properties":{"comuna":"Vitacura","zona":"U AVPC","zona_code":"U AVPC","nombre":"U AVPC","decreto":""},"geometry":{"type":"Polygon","coordinates":[[[-70.53776211155765,-33.38553522029056],[-70.53626580670809,-33.384878472114146],[-70.53694898025483,-33.38507044906342],[-70.5375940674863,-33.38536072712604],[-70.53776211155765,-33.38553522029056]]]}},{"type":"Feature","properties":{"comuna":"Vitacura","zona":"U AVPC","zona_code":"U AVPC","nombre":"U AVPC","decreto":""},"geometry":{"type":"Polygon","coordinates":[[[-70.53421227631517,-33.38407922391096],[-70.53465822913752,-33.38371530658659],[-70.53468512803342,-33.38395120361332],[-70.53485417093951,-33.3841829562321],[-70.53647339912395,-33.38477902390063],[-70.53740690622023,-33.38517959845733],[-70.53659605639831,-33.38487657814994],[-70.53570191185273,-33.38462421499151],[-70.53567226298429,-33.38468230052233],[-70.53421227631517,-33.38407922391096]]]}},{"type":"Feature","properties":{"comuna":"Vitacura","zona":"U AVPC","zona_code":"U AVPC","nombre":"U AVPC","decreto":""},"geometry":{"type":"Polygon","coordinates":[[[-70.53594209872654,-33.3845506154176],[-70.53488528015336,-33.384133989500036],[-70.5347404438438,-33.383920072007236],[-70.53471781655693,-33.38366837309613],[-70.53487705692186,-33.38353659707588],[-70.53477175604647,-33.38388914166442],[-70.53493271862268,-33.384114313185826],[-70.53594209872654,-33.3845506154176]]]}},{"type":"Feature","properties":{"comuna":"Vitacura","zona":"U AVPC","zona_code":"U AVPC","nombre":"U AVPC","decreto":""},"geometry":{"type":"Polygon","coordinates":[[[-70.53413536787068,-33.38404201824123],[-70.5342435995348,-33.38389623023481],[-70.534651445878,-33.38360341544393],[-70.53413536787068,-33.38404201824123]]]}},{"type":"Feature","properties":{"comuna":"Vitacura","zona":"U AVPC","zona_code":"U AVPC","nombre":"U AVPC","decreto":""},"geometry":{"type":"Polygon","coordinates":[[[-70.53417326317788,-33.383778268919556],[-70.53402827568976,-33.38349085855904],[-70.5342546694609,-33.38336063854947],[-70.53438256589057,-33.38354947273997],[-70.53417326317788,-33.383778268919556]]]}},{"type":"Feature","properties":{"comuna":"Vitacura","zona":"U AVPC","zona_code":"U AVPC","nombre":"U AVPC","decreto":""},"geometry":{"type":"Polygon","coordinates":[[[-70.534708651803,-33.383556893796495],[-70.53478565396998,-33.383471472035176],[-70.53480592710993,-33.38345976775093],[-70.53479310761412,-33.383507171706434],[-70.534708651803,-33.383556893796495]]]}},{"type":"Feature","properties":{"comuna":"Vitacura","zona":"U AVPC","zona_code":"U AVPC","nombre":"U AVPC","decreto":""},"geometry":{"type":"Polygon","coordinates":[[[-70.53469178737573,-33.38347120082107],[-70.53465833784311,-33.383412915562374],[-70.5345778407015,-33.38329937475739],[-70.53477578926851,-33.38339571389296],[-70.53469178737573,-33.38347120082107]]]}},{"type":"Feature","properties":{"comuna":"Vitacura","zona":"U AVPC","zona_code":"U AVPC","nombre":"U AVPC","decreto":""},"geometry":{"type":"Polygon","coordinates":[[[-70.53395456947189,-33.38366672299509],[-70.53295338906314,-33.38261894066444],[-70.53352049433754,-33.3831674314873],[-70.5337724460382,-33.38326167272394],[-70.53431371222095,-33.383245437157626],[-70.53448778052143,-33.38331009680511],[-70.53462813271105,-33.383527887640135],[-70.5344444273673,-33.383670760156434],[-70.53442684385364,-33.38334991952063],[-70.53409451426089,-33.38327843506728],[-70.53390739145024,-33.38350695660413],[-70.53395456947189,-33.38366672299509]]]}},{"type":"Feature","properties":{"comuna":"Vitacura","zona":"U-V","zona_code":"U-V","nombre":"U-V","decreto":""},"geometry":{"type":"Polygon","coordinates":[[[-70.53555526689037,-33.38321769471932],[-70.53748670711735,-33.38418456402027],[-70.53758817841428,-33.384293666477404],[-70.5370908407741,-33.38488540833281],[-70.53495173445775,-33.383983295696275],[-70.53487043945937,-33.38380832260173],[-70.53518489818414,-33.383218381250224],[-70.53545791174714,-33.383351551208285],[-70.53555526689037,-33.38321769471932]]]}},{"type":"Feature","properties":{"comuna":"Vitacura","zona":"U POC","zona_code":"U POC","nombre":"U POC","decreto":""},"geometry":{"type":"Polygon","coordinates":[[[-70.53518489818414,-33.383218381250224],[-70.53529800041828,-33.38305139264921],[-70.53545169015771,-33.383130966303106],[-70.53533049971982,-33.38329831664913],[-70.53518489818414,-33.383218381250224]]]}},{"type":"Feature","properties":{"comuna":"Vitacura","zona":"U-V","zona_code":"U-V","nombre":"U-V","decreto":""},"geometry":{"type":"Polygon","coordinates":[[[-70.53763106902252,-33.38416445232442],[-70.53680165646634,-33.38372393127812],[-70.53705383871271,-33.383346181682505],[-70.53792641966757,-33.38379589889605],[-70.53763106902252,-33.38416445232442]]]}},{"type":"Feature","properties":{"comuna":"Vitacura","zona":"U-V","zona_code":"U-V","nombre":"U-V","decreto":""},"geometry":{"type":"Polygon","coordinates":[[[-70.53797992754426,-33.3837083259646],[-70.53716063835661,-33.383273274169895],[-70.5374346433814,-33.38284275752423],[-70.53831541530907,-33.38327328108013],[-70.53797992754426,-33.3837083259646]]]}},{"type":"Feature","properties":{"comuna":"Vitacura","zona":"U-V","zona_code":"U-V","nombre":"U-V","decreto":""},"geometry":{"type":"Polygon","coordinates":[[[-70.53564074922956,-33.38311830782055],[-70.5363127004681,-33.382197415963105],[-70.53638649700962,-33.38227494732924],[-70.53590855264852,-33.38291558103694],[-70.53596333619208,-33.38295785462745],[-70.5360530335976,-33.382882774339336],[-70.53639733426093,-33.38305270134503],[-70.53635339007404,-33.38314153324726],[-70.53645078728354,-33.383180890907894],[-70.53692011355972,-33.38253558930682],[-70.53734784655626,-33.38275936168673],[-70.53668154893984,-33.38366807526561],[-70.53564074922956,-33.38311830782055]]]}},{"type":"Feature","properties":{"comuna":"Vitacura","zona":"U-V","zona_code":"U-V","nombre":"U-V","decreto":""},"geometry":{"type":"Polygon","coordinates":[[[-70.53644739668633,-33.38290969690606],[-70.53615907826175,-33.38276692535684],[-70.53652939304891,-33.382313743425975],[-70.53681732417454,-33.382513001105],[-70.53644739668633,-33.38290969690606]]]}},{"type":"Feature","properties":{"comuna":"Vitacura","zona":"U POC","zona_code":"U POC","nombre":"U POC","decreto":""},"geometry":{"type":"Polygon","coordinates":[[[-70.53602981737599,-33.38204790575492],[-70.5363127004681,-33.382197415963105],[-70.53574235420847,-33.382979061428316],[-70.53554326775485,-33.38287211768591],[-70.53544196539889,-33.383012568659524],[-70.53535768214176,-33.38296773602294],[-70.53602981737599,-33.38204790575492]]]}},{"type":"Feature","properties":{"comuna":"Vitacura","zona":"U AVPC","zona_code":"U AVPC","nombre":"U AVPC","decreto":""},"geometry":{"type":"Polygon","coordinates":[[[-70.53721883510423,-33.382580209591296],[-70.53759841767568,-33.38200760088279],[-70.53877623745962,-33.382670669909125],[-70.53837846355836,-33.38317908103971],[-70.53721883510423,-33.382580209591296]]]}},{"type":"Feature","properties":{"comuna":"Vitacura","zona":"U-V","zona_code":"U-V","nombre":"U-V","decreto":""},"geometry":{"type":"Polygon","coordinates":[[[-70.53645862379636,-33.382127517564285],[-70.53683772968047,-33.38163051756672],[-70.53744175240386,-33.38198090722563],[-70.53710008859275,-33.38244566933633],[-70.53645862379636,-33.382127517564285]]]}},{"type":"Feature","properties":{"comuna":"Vitacura","zona":"U POC","zona_code":"U POC","nombre":"U POC","decreto":""},"geometry":{"type":"Polygon","coordinates":[[[-70.53611854575247,-33.38194479879503],[-70.53648500536764,-33.38143439611719],[-70.53669200185635,-33.38154948970685],[-70.53650900032503,-33.381806005352445],[-70.53661668000751,-33.38192030948293],[-70.53645862379636,-33.382127517564285],[-70.53611854575247,-33.38194479879503]]]}},{"type":"Feature","properties":{"comuna":"Vitacura","zona":"U POCsz","zona_code":"U POCsz","nombre":"U POCsz","decreto":""},"geometry":{"type":"Polygon","coordinates":[[[-70.53729062515801,-33.380369753382325],[-70.53751549523416,-33.38049733855209],[-70.53739904939691,-33.380662232245726],[-70.53754955573106,-33.38074540151723],[-70.53764766773575,-33.380630453135865],[-70.53710353692014,-33.38133371090856],[-70.53695700632012,-33.381247182971556],[-70.53682929200004,-33.38140696601995],[-70.53664157813728,-33.381242536077],[-70.53729062515801,-33.380369753382325]]]}},{"type":"Feature","properties":{"comuna":"Vitacura","zona":"U-V","zona_code":"U-V","nombre":"U-V","decreto":""},"geometry":{"type":"Polygon","coordinates":[[[-70.5299716997209,-33.378269085661714],[-70.53019263584606,-33.378127534611906],[-70.53081657294949,-33.37867581523653],[-70.53144707968646,-33.37813830827049],[-70.53306251755141,-33.37951789375555],[-70.53410990921367,-33.38022726504782],[-70.53328747116745,-33.38107544946311],[-70.53337482050475,-33.38112591112785],[-70.53420200860577,-33.38028912096735],[-70.53480371409053,-33.38058150198637],[-70.53403527163304,-33.38166985810189],[-70.5341418593842,-33.381714354608945],[-70.53491653745458,-33.380641024977194],[-70.53547694037617,-33.38091338459673],[-70.5344339468168,-33.382357058567756],[-70.53307283167285,-33.38144160892675],[-70.53245992427914,-33.380810642175135],[-70.5315201041735,-33.3802515067697],[-70.53127253677162,-33.37995247392644],[-70.53149701853505,-33.37971347380515],[-70.5299716997209,-33.378269085661714]]]}},{"type":"Feature","properties":{"comuna":"Vitacura","zona":"U POC","zona_code":"U POC","nombre":"U POC","decreto":""},"geometry":{"type":"Polygon","coordinates":[[[-70.53483563929217,-33.38320347226417],[-70.53433326297224,-33.38271336420973],[-70.53462982891153,-33.382497805562174],[-70.53505820383226,-33.38289397091485],[-70.53483563929217,-33.38320347226417]]]}},{"type":"Feature","properties":{"comuna":"Vitacura","zona":"U PCsz","zona_code":"U PCsz","nombre":"U PCsz","decreto":""},"geometry":{"type":"Polygon","coordinates":[[[-70.53462982891153,-33.382497805562174],[-70.53433326297224,-33.38271336420973],[-70.53474178983764,-33.383118087540076],[-70.53418831782759,-33.38302232675699],[-70.53408698839608,-33.382920974689966],[-70.53379560596892,-33.383172736950456],[-70.53361628757848,-33.38316540801295],[-70.53050077096034,-33.38021735380505],[-70.52914073466675,-33.37880146725363],[-70.5299716997209,-33.378269085661714],[-70.53149701853505,-33.37971347380515],[-70.53127253677162,-33.37995247392644],[-70.5315201041735,-33.3802515067697],[-70.53245992427914,-33.380810642175135],[-70.53307283167285,-33.38144160892675],[-70.53462982891153,-33.382497805562174]]]}},{"type":"Feature","properties":{"comuna":"Vitacura","zona":"U POC","zona_code":"U POC","nombre":"U POC","decreto":""},"geometry":{"type":"Polygon","coordinates":[[[-70.53474055499119,-33.381926101209494],[-70.53547694037617,-33.38091338459673],[-70.5362136975463,-33.3812794977755],[-70.53549193544409,-33.382288230952085],[-70.53474055499119,-33.381926101209494]]]}},{"type":"Feature","properties":{"comuna":"Vitacura","zona":"U Ee1","zona_code":"U Ee1","nombre":"U Ee1","decreto":""},"geometry":{"type":"Polygon","coordinates":[[[-70.53547202989695,-33.38228847725613],[-70.53505820383226,-33.38289397091485],[-70.5344339468168,-33.382357058567756],[-70.53474055499119,-33.381926101209494],[-70.53547202989695,-33.38228847725613]]]}},{"type":"Feature","properties":{"comuna":"Vitacura","zona":"U PVO","zona_code":"U PVO","nombre":"U PVO","decreto":""},"geometry":{"type":"Polygon","coordinates":[[[-70.51849921424902,-33.371541092454386],[-70.51906317149688,-33.37098957921842],[-70.52030038538506,-33.371655498939795],[-70.52109080665633,-33.37197152551443],[-70.52361728618172,-33.372767343896456],[-70.52512367225852,-33.373383561402626],[-70.52590355407057,-33.37382418025003],[-70.52573278770247,-33.37425336635613],[-70.52675307885838,-33.37470135014001],[-70.52603393000526,-33.375758469155876],[-70.52500735126306,-33.375156229481796],[-70.52506184505009,-33.37507879385159],[-70.52445729295016,-33.374848100554225],[-70.52452797071699,-33.37478138242506],[-70.52409657327811,-33.37445213006091],[-70.52336021098513,-33.374204744004246],[-70.52369783694301,-33.37368136443223],[-70.52162797031502,-33.3727809089497],[-70.52141943312459,-33.37312049311181],[-70.52047138093613,-33.37271098358475],[-70.52000990928438,-33.37227922086109],[-70.51932815588194,-33.37191845257698],[-70.51849852050064,-33.37157279403023],[-70.51842330895259,-33.371651017849246],[-70.51849921424902,-33.371541092454386]]]}},{"type":"Feature","properties":{"comuna":"Vitacura","zona":"U POC","zona_code":"U POC","nombre":"U POC","decreto":""},"geometry":{"type":"Polygon","coordinates":[[[-70.53678932377997,-33.37909231440746],[-70.53711668465081,-33.379370623247695],[-70.53722390292366,-33.37983889034539],[-70.53712795248805,-33.38010780673134],[-70.53659382165519,-33.38082497401787],[-70.53601803007255,-33.38053348955427],[-70.53578429478775,-33.380853925117236],[-70.53554752220928,-33.38073729639394],[-70.53678932377997,-33.37909231440746]]]}},{"type":"Feature","properties":{"comuna":"Vitacura","zona":"U Ee1","zona_code":"U Ee1","nombre":"U Ee1","decreto":""},"geometry":{"type":"Polygon","coordinates":[[[-70.53372301678628,-33.37853768683506],[-70.5359522872902,-33.37875052118027],[-70.53678932377997,-33.37909231440746],[-70.53554752220928,-33.38073729639394],[-70.53411827395533,-33.38001374869739],[-70.53300715334393,-33.37921435696462],[-70.53372301678628,-33.37853768683506]]]}},{"type":"Feature","properties":{"comuna":"Vitacura","zona":"U AVPC","zona_code":"U AVPC","nombre":"U AVPC","decreto":""},"geometry":{"type":"Polygon","coordinates":[[[-70.531166080037,-33.377647219119375],[-70.53193118930231,-33.37796852666832],[-70.53174733230018,-33.378136751806004],[-70.531166080037,-33.377647219119375]]]}},{"type":"Feature","properties":{"comuna":"Vitacura","zona":"U Ee2","zona_code":"U Ee2","nombre":"U Ee2","decreto":""},"geometry":{"type":"Polygon","coordinates":[[[-70.51938664512437,-33.370688098657226],[-70.5194364811448,-33.370641651644064],[-70.52080140130504,-33.3713687983897],[-70.52362347477325,-33.37227648464015],[-70.52520490850056,-33.3729075300324],[-70.52927331665134,-33.37526181370118],[-70.53198745693578,-33.376629254977516],[-70.53469136731103,-33.377470355660414],[-70.5365185109638,-33.3777476396705],[-70.53777791574782,-33.37779443063237],[-70.53777031006103,-33.377854791254684],[-70.53668758785653,-33.37782405888723],[-70.5346514312753,-33.37751280648739],[-70.53204507267971,-33.37671641415782],[-70.52962677136334,-33.375531290002435],[-70.52526024918194,-33.37299771107736],[-70.52349833056053,-33.372299325438284],[-70.52081589693519,-33.37143383137781],[-70.51938664512437,-33.370688098657226]]]}},{"type":"Feature","properties":{"comuna":"Vitacura","zona":"U Ee2","zona_code":"U Ee2","nombre":"U Ee2","decreto":""},"geometry":{"type":"Polygon","coordinates":[[[-70.52582019401851,-33.37404708161172],[-70.52590355407057,-33.37382418025003],[-70.52694004162572,-33.37441281172727],[-70.52687968796037,-33.374488616644236],[-70.52582019401851,-33.37404708161172]]]}},{"type":"Feature","properties":{"comuna":"Vitacura","zona":"U Ee1","zona_code":"U Ee1","nombre":"U Ee1","decreto":""},"geometry":{"type":"Polygon","coordinates":[[[-70.52743630667551,-33.37643933924208],[-70.52630280435953,-33.37575111337957],[-70.52693792669074,-33.37479285462166],[-70.52828060058015,-33.37560258198006],[-70.52743630667551,-33.37643933924208]]]}},{"type":"Feature","properties":{"comuna":"Vitacura","zona":"U PCsz","zona_code":"U PCsz","nombre":"U PCsz","decreto":""},"geometry":{"type":"Polygon","coordinates":[[[-70.52948151777584,-33.378359809376896],[-70.52898339456094,-33.378652664403255],[-70.52811055629326,-33.37753237316022],[-70.5271335613266,-33.37679753034069],[-70.52602932373696,-33.376163727886095],[-70.52630280435953,-33.37575111337957],[-70.52704910500023,-33.37625321109639],[-70.52833631686278,-33.3768786482679],[-70.52896603512889,-33.377696811666965],[-70.52893294885442,-33.37775639633087],[-70.52948151777584,-33.378359809376896]]]}},{"type":"Feature","properties":{"comuna":"Vitacura","zona":"U-V","zona_code":"U-V","nombre":"U-V","decreto":""},"geometry":{"type":"Polygon","coordinates":[[[-70.52743630667551,-33.37643933924208],[-70.52828060058015,-33.37560258198006],[-70.52856607239733,-33.37584658592978],[-70.52791128791564,-33.376383741541495],[-70.5280820206765,-33.37638879747216],[-70.52868670051392,-33.37681324651062],[-70.52979667325448,-33.378157295765696],[-70.52948151777584,-33.378359809376896],[-70.52893294885442,-33.37775639633087],[-70.52896603512889,-33.377696811666965],[-70.52833631686278,-33.3768786482679],[-70.52743630667551,-33.37643933924208]]]}},{"type":"Feature","properties":{"comuna":"Vitacura","zona":"U Ee2","zona_code":"U Ee2","nombre":"U Ee2","decreto":""},"geometry":{"type":"Polygon","coordinates":[[[-70.52707590159987,-33.37458499000389],[-70.52710632837966,-33.37451523763715],[-70.52722098185649,-33.37456632294361],[-70.52993092017513,-33.37618138696625],[-70.53125405951059,-33.376827229472056],[-70.530847343535,-33.37739078755178],[-70.52862916485918,-33.3755608991154],[-70.52707590159987,-33.37458499000389]]]}},{"type":"Feature","properties":{"comuna":"Vitacura","zona":"U Ee2","zona_code":"U Ee2","nombre":"U Ee2","decreto":""},"geometry":{"type":"Polygon","coordinates":[[[-70.53788103395249,-33.37823116784103],[-70.53787345470472,-33.37844329027065],[-70.53764498469323,-33.378632241364556],[-70.53741555747558,-33.37860525774199],[-70.5371868009369,-33.37829311815764],[-70.53718987942278,-33.378228543367086],[-70.53788103395249,-33.37823116784103]]]}},{"type":"Feature","properties":{"comuna":"Vitacura","zona":"U-V","zona_code":"U-V","nombre":"U-V","decreto":""},"geometry":{"type":"Polygon","coordinates":[[[-70.530313296894,-33.37805078517273],[-70.53084890297727,-33.37764845804146],[-70.53134600412096,-33.378067539724796],[-70.53077355201593,-33.37844680040251],[-70.530313296894,-33.37805078517273]]]}},{"type":"Feature","properties":{"comuna":"Vitacura","zona":"U-V","zona_code":"U-V","nombre":"U-V","decreto":""},"geometry":{"type":"Polygon","coordinates":[[[-70.53876660874123,-33.381802597966185],[-70.53909840359384,-33.381391881913174],[-70.54011844358094,-33.381946177240394],[-70.53978589274212,-33.382366227778036],[-70.53876660874123,-33.381802597966185]]]}},{"type":"Feature","properties":{"comuna":"Vitacura","zona":"U AVPC","zona_code":"U AVPC","nombre":"U AVPC","decreto":""},"geometry":{"type":"Polygon","coordinates":[[[-70.5388547112667,-33.38124982569487],[-70.53911586232535,-33.381349668786164],[-70.53874864432991,-33.381816183481014],[-70.53851642730253,-33.38167971109157],[-70.5388547112667,-33.38124982569487]]]}},{"type":"Feature","properties":{"comuna":"Vitacura","zona":"U-V","zona_code":"U-V","nombre":"U-V","decreto":""},"geometry":{"type":"Polygon","coordinates":[[[-70.5369666777152,-33.381484991961855],[-70.53768028135659,-33.38059083282939],[-70.53775488328836,-33.380633159495844],[-70.53720685728632,-33.38129852951325],[-70.53729665220224,-33.381358503295004],[-70.53745765468922,-33.381198067471324],[-70.53844702978506,-33.38177040324829],[-70.53812962515947,-33.38213891378916],[-70.5369666777152,-33.381484991961855]]]}},{"type":"Feature","properties":{"comuna":"Vitacura","zona":"U AVPC","zona_code":"U AVPC","nombre":"U AVPC","decreto":""},"geometry":{"type":"Polygon","coordinates":[[[-70.53844544913639,-33.381748774761924],[-70.53872103945687,-33.38187534914146],[-70.53833203938947,-33.38232729814568],[-70.53808430894776,-33.38219018216557],[-70.53844544913639,-33.381748774761924]]]}},{"type":"Feature","properties":{"comuna":"Vitacura","zona":"U AVPC","zona_code":"U AVPC","nombre":"U AVPC","decreto":""},"geometry":{"type":"Polygon","coordinates":[[[-70.54491867063692,-33.377176595078296],[-70.54486648940103,-33.37703387082783],[-70.54839842666547,-33.377011329652674],[-70.54835818480701,-33.377147842753864],[-70.54491867063692,-33.377176595078296]]]}},{"type":"Feature","properties":{"comuna":"Vitacura","zona":"U-V","zona_code":"U-V","nombre":"U-V","decreto":""},"geometry":{"type":"Polygon","coordinates":[[[-70.54481576236579,-33.37695118281935],[-70.54450267029802,-33.37632255268063],[-70.54548098150215,-33.37583791449667],[-70.54724039839691,-33.375458068300446],[-70.54876571629592,-33.3754700626333],[-70.54841433707256,-33.376906140225955],[-70.54481576236579,-33.37695118281935]]]}},{"type":"Feature","properties":{"comuna":"Vitacura","zona":"U Ee2","zona_code":"U Ee2","nombre":"U Ee2","decreto":""},"geometry":{"type":"Polygon","coordinates":[[[-70.55730650964037,-33.37625966071139],[-70.55377977322686,-33.375948806888765],[-70.55260167786903,-33.37559131090367],[-70.55441061833747,-33.37591903361627],[-70.55743146363459,-33.376089869560225],[-70.55730650964037,-33.37625966071139]]]}},{"type":"Feature","properties":{"comuna":"Vitacura","zona":"U-V","zona_code":"U-V","nombre":"U-V","decreto":""},"geometry":{"type":"Polygon","coordinates":[[[-70.55341796860299,-33.37440492028335],[-70.55390924455021,-33.37384398892851],[-70.5549830204652,-33.373254880940735],[-70.55840269899743,-33.37252835617504],[-70.5604659505534,-33.37222516119442],[-70.56086523398749,-33.37228886130297],[-70.56070443804583,-33.37258485607226],[-70.56063189238125,-33.373108812796374],[-70.5609252813428,-33.37481890401855],[-70.5576219543106,-33.374913463116194],[-70.55761660104884,-33.37501195829965],[-70.56095271728975,-33.37489845746374],[-70.5610027892389,-33.37518000577669],[-70.56032160492519,-33.37535563785328],[-70.56031383618046,-33.37528080439322],[-70.5596988856518,-33.37537441215713],[-70.55965716994149,-33.374971675803835],[-70.55755606928174,-33.375034982895826],[-70.55665036889528,-33.37490312341006],[-70.55661048635017,-33.374507752542186],[-70.55531557976347,-33.374678367893225],[-70.5552940573361,-33.37453738967184],[-70.55492227373448,-33.37457733231031],[-70.55496622062711,-33.37489299961238],[-70.55451841968988,-33.37483271478917],[-70.55441140037755,-33.37472755380624],[-70.55439560382237,-33.37481612407051],[-70.55408257160019,-33.37477856276351],[-70.55403471174496,-33.37505814799599],[-70.5534818473902,-33.37500084881591],[-70.55341796860299,-33.37440492028335]]]}},{"type":"Feature","properties":{"comuna":"Vitacura","zona":"U-V","zona_code":"U-V","nombre":"U-V","decreto":""},"geometry":{"type":"Polygon","coordinates":[[[-70.55054369606013,-33.373933106459205],[-70.55054322850542,-33.373579101056755],[-70.55158822698867,-33.37366184475939],[-70.55248873881304,-33.37418042854648],[-70.55215119805752,-33.37439081379274],[-70.55179668762229,-33.37441433739355],[-70.55141297118425,-33.374325578363404],[-70.55137652012722,-33.37389340660827],[-70.55075354759342,-33.374018849769804],[-70.55054369606013,-33.373933106459205]]]}},{"type":"Feature","properties":{"comuna":"Vitacura","zona":"U Ee2","zona_code":"U Ee2","nombre":"U Ee2","decreto":""},"geometry":{"type":"Polygon","coordinates":[[[-70.55707753042199,-33.376925349890804],[-70.5563278791356,-33.37675221240615],[-70.55527941709153,-33.37656849946679],[-70.55706862155904,-33.37677283787712],[-70.55707753042199,-33.376925349890804]]]}},{"type":"Feature","properties":{"comuna":"Vitacura","zona":"U Ee2","zona_code":"U Ee2","nombre":"U Ee2","decreto":""},"geometry":{"type":"Polygon","coordinates":[[[-70.55725608257173,-33.37693026750127],[-70.55728212424725,-33.37679572010177],[-70.55793712166935,-33.37684417060249],[-70.5647933837013,-33.37767896229863],[-70.55725608257173,-33.37693026750127]]]}},{"type":"Feature","properties":{"comuna":"Vitacura","zona":"U-V","zona_code":"U-V","nombre":"U-V","decreto":""},"geometry":{"type":"Polygon","coordinates":[[[-70.56088560785436,-33.36711418474511],[-70.56104023662957,-33.367370493320514],[-70.5613133159703,-33.36753408948163],[-70.56263387082856,-33.36743395600636],[-70.5640513354358,-33.367614599704034],[-70.56404627298038,-33.367490584172366],[-70.56268652566591,-33.367307273841675],[-70.56135192688359,-33.367417129705],[-70.56120250884753,-33.36733072158261],[-70.560735273831,-33.366605838361274],[-70.56050188496596,-33.36659445595327],[-70.56034802847796,-33.3667371728254],[-70.5602172148677,-33.36625920089263],[-70.56054909859806,-33.36637195008357],[-70.5616470976198,-33.36607180166029],[-70.5621837255826,-33.36618435658568],[-70.56304545857358,-33.36603033904986],[-70.56343400594845,-33.366290069358094],[-70.56391064922994,-33.36645109554379],[-70.56413508224418,-33.36643872322611],[-70.56441003075214,-33.36623004827182],[-70.56488249240856,-33.366252727196205],[-70.56509437471043,-33.36633357065464],[-70.56509330239237,-33.36659128800388],[-70.56571372976725,-33.366658627047556],[-70.56564910869226,-33.36852779848818],[-70.56574414869706,-33.36907064165041],[-70.56596710161497,-33.36937206350431],[-70.56598316617605,-33.369554400690134],[-70.5657871363341,-33.36975559294157],[-70.56523681951671,-33.36980118941185],[-70.56491829911296,-33.37002282328771],[-70.56487050927932,-33.370879576558515],[-70.56526182938386,-33.37148311028126],[-70.56464623530086,-33.371886018042645],[-70.56455235040866,-33.372265167835465],[-70.56480614893363,-33.3726213228797],[-70.5654406513718,-33.37289250060951],[-70.56688874622006,-33.372848456387985],[-70.5671606361178,-33.37310272693436],[-70.56715779805143,-33.37342012086898],[-70.5659235279518,-33.373896227069594],[-70.56558962171142,-33.37351388349206],[-70.56457789865438,-33.37339540389747],[-70.56457486041467,-33.37354338344597],[-70.56548875909685,-33.37359867069044],[-70.56577300371391,-33.373907670491185],[-70.56530174000139,-33.37395417948814],[-70.56405513905226,-33.37437792799881],[-70.56375366012632,-33.374376954439],[-70.5631749183653,-33.37414690273499],[-70.56101672079498,-33.37373927441908],[-70.56093560134605,-33.37333573723147],[-70.5615430376836,-33.373310199589284],[-70.56186233975025,-33.373473212485976],[-70.56233763384019,-33.37341354210842],[-70.56233274690192,-33.37333903594685],[-70.5618324144791,-33.373390074138456],[-70.56155236666521,-33.373235515419985],[-70.56092334054668,-33.373246410736435],[-70.56092023485488,-33.37287361398168],[-70.56106586899807,-33.372469119531004],[-70.56183470914462,-33.37172868801484],[-70.56217733824231,-33.37120837037069],[-70.56224600131279,-33.37087344533355],[-70.56214831831313,-33.37057938823113],[-70.56178806724134,-33.370312497394565],[-70.56076935820433,-33.370443897398566],[-70.56101110902739,-33.369423270749664],[-70.56042100026342,-33.368028826680195],[-70.56088560785436,-33.36711418474511]]]}},{"type":"Feature","properties":{"comuna":"Vitacura","zona":"U-V","zona_code":"U-V","nombre":"U-V","decreto":""},"geometry":{"type":"Polygon","coordinates":[[[-70.55738241612899,-33.3692127201985],[-70.55728312079528,-33.369003388244],[-70.55689781916199,-33.368686091376624],[-70.55598635551851,-33.368431663377926],[-70.55652351180147,-33.36765539331778],[-70.55688520801846,-33.36740627648223],[-70.55733410831797,-33.36726344078798],[-70.55954895933452,-33.36710959299889],[-70.55958404575175,-33.36728874233896],[-70.55858693032472,-33.367506476370224],[-70.55822612318968,-33.36880191515],[-70.55738241612899,-33.3692127201985]]]}},{"type":"Feature","properties":{"comuna":"Vitacura","zona":"U-V","zona_code":"U-V","nombre":"U-V","decreto":""},"geometry":{"type":"Polygon","coordinates":[[[-70.56070736592704,-33.369374254728385],[-70.56079341150888,-33.3693753028819],[-70.56079866962506,-33.369470683258356],[-70.5606172654262,-33.37045527574459],[-70.55899953411617,-33.37046388080654],[-70.55833160839221,-33.37036912141102],[-70.55961099831227,-33.37024619904466],[-70.56006335643167,-33.37009734507148],[-70.56070736592704,-33.369374254728385]]]}},{"type":"Feature","properties":{"comuna":"Vitacura","zona":"U Ee4","zona_code":"U Ee4","nombre":"U Ee4","decreto":""},"geometry":{"type":"Polygon","coordinates":[[[-70.56070736592704,-33.369374254728385],[-70.56006335643167,-33.37009734507148],[-70.55961099831227,-33.37024619904466],[-70.55833160839221,-33.37036912141102],[-70.55778926954754,-33.370117335468244],[-70.55738241612899,-33.3692127201985],[-70.55822612318968,-33.36880191515],[-70.55858693032472,-33.367506476370224],[-70.55958404575175,-33.36728874233896],[-70.55954895933452,-33.36710959299889],[-70.5600794961439,-33.36713003811561],[-70.56040299260594,-33.366932097027664],[-70.56051675602089,-33.36673380885024],[-70.56064098096371,-33.366723298791975],[-70.56078865705634,-33.36694106343569],[-70.56023283421051,-33.368041929609916],[-70.56070736592704,-33.369374254728385]]]}},{"type":"Feature","properties":{"comuna":"Vitacura","zona":"U AVPC","zona_code":"U AVPC","nombre":"U AVPC","decreto":""},"geometry":{"type":"Polygon","coordinates":[[[-70.56070736592704,-33.369374254728385],[-70.56023283421051,-33.368041929609916],[-70.56078865705634,-33.36694106343569],[-70.56088560785436,-33.36711418474511],[-70.56042100026342,-33.368028826680195],[-70.56101110902739,-33.369423270749664],[-70.56076935820433,-33.370443897398566],[-70.5606172654262,-33.37045527574459],[-70.56079866962506,-33.369470683258356],[-70.56079341150888,-33.3693753028819],[-70.56070736592704,-33.369374254728385]]]}},{"type":"Feature","properties":{"comuna":"Vitacura","zona":"U-V","zona_code":"U-V","nombre":"U-V","decreto":""},"geometry":{"type":"Polygon","coordinates":[[[-70.55069894187588,-33.361545915661836],[-70.55079661061404,-33.361288431944075],[-70.55127673947123,-33.36094359810014],[-70.55138622135716,-33.360703613779755],[-70.55201759319316,-33.36042024386227],[-70.55334445511794,-33.36105456620554],[-70.55446727827153,-33.361259838450735],[-70.55654387709315,-33.3622312293615],[-70.55724729011655,-33.362768836526655],[-70.55810658404634,-33.36375546676541],[-70.5584176622863,-33.36381837345406],[-70.55899920024525,-33.363739486314664],[-70.55815972491578,-33.36410437113621],[-70.55598268801909,-33.36337288252918],[-70.55346319549886,-33.36322040764407],[-70.55255727423449,-33.36280730369191],[-70.55199051671127,-33.362037100869955],[-70.55121994572474,-33.36163869913539],[-70.55069894187588,-33.361545915661836]]]}},{"type":"Feature","properties":{"comuna":"Vitacura","zona":"U-V","zona_code":"U-V","nombre":"U-V","decreto":""},"geometry":{"type":"Polygon","coordinates":[[[-70.55351743321508,-33.360921419010594],[-70.55446618649029,-33.36093924872062],[-70.55512864078294,-33.36137210348377],[-70.55562845208149,-33.3614631976047],[-70.55587747959041,-33.361650968093144],[-70.55690967329441,-33.36206490900449],[-70.5585306816756,-33.36207439459144],[-70.55730790118007,-33.362637265117485],[-70.5567457612964,-33.3621800598133],[-70.55458450004527,-33.36114902797066],[-70.55351743321508,-33.360921419010594]]]}},{"type":"Feature","properties":{"comuna":"Vitacura","zona":"U-V","zona_code":"U-V","nombre":"U-V","decreto":""},"geometry":{"type":"Polygon","coordinates":[[[-70.55197422257216,-33.36913862243847],[-70.54987150950573,-33.368673706689876],[-70.55010344021635,-33.3678010560967],[-70.54998212868932,-33.36718240818361],[-70.55234641064182,-33.367477975432394],[-70.55239903203285,-33.36783882042668],[-70.55278040648466,-33.36829636743503],[-70.55245146687272,-33.36898948490283],[-70.55225827579125,-33.36912015633233],[-70.55197422257216,-33.36913862243847]]]}},{"type":"Feature","properties":{"comuna":"Vitacura","zona":"U-V","zona_code":"U-V","nombre":"U-V","decreto":""},"geometry":{"type":"Polygon","coordinates":[[[-70.55594030705363,-33.37055006829811],[-70.55562071731119,-33.37032977574277],[-70.55490443368431,-33.36939144793241],[-70.55407838434385,-33.368996147890755],[-70.5536875961476,-33.36857757742795],[-70.55267150574716,-33.36798516302483],[-70.55252455500359,-33.367525041645],[-70.55566485759303,-33.36858347986474],[-70.5566475263375,-33.368830773672094],[-70.55698124354458,-33.369046113858005],[-70.55728783438491,-33.36979703787667],[-70.55643714837643,-33.37050327432295],[-70.55594030705363,-33.37055006829811]]]}},{"type":"Feature","properties":{"comuna":"Vitacura","zona":"U-V","zona_code":"U-V","nombre":"U-V","decreto":""},"geometry":{"type":"Polygon","coordinates":[[[-70.5501219267931,-33.37204647560696],[-70.5505685823225,-33.37224462463077],[-70.55121069296304,-33.37237022556248],[-70.55251478610167,-33.372179043943675],[-70.55287227422585,-33.37279953513266],[-70.55304742063703,-33.372797343563256],[-70.55305899905613,-33.37268075516995],[-70.55263093661219,-33.37214970298297],[-70.55304040575811,-33.37189069318138],[-70.55327167310315,-33.37159000663358],[-70.55327486846562,-33.37125781364517],[-70.55313472800908,-33.371053404045284],[-70.55252147756744,-33.37072701527512],[-70.55037699176441,-33.370207471387815],[-70.54952661826565,-33.36940202498307],[-70.54981716492821,-33.36878754077652],[-70.55156109909106,-33.36919983404417],[-70.55226646536934,-33.36926152570519],[-70.55260975784597,-33.36899189151233],[-70.55293278626036,-33.368350269430096],[-70.55355484813047,-33.36866127517521],[-70.55403296713305,-33.36913252016572],[-70.55487291958782,-33.36954196411443],[-70.55546900039873,-33.37038422092421],[-70.55592947954257,-33.37069103538863],[-70.55655970871693,-33.37060220176959],[-70.55732693018453,-33.36992922682694],[-70.55775334440321,-33.37039872029579],[-70.55825446543722,-33.370581413564636],[-70.55911223149555,-33.37068040379911],[-70.5606290693208,-33.37067613399498],[-70.56165544680013,-33.37052403222524],[-70.56190265047024,-33.37067124923136],[-70.56197429917614,-33.37086123956434],[-70.56152038712229,-33.371718806894],[-70.56098213920673,-33.37219122306307],[-70.56042299081427,-33.37209271081662],[-70.55807571879372,-33.3724324011332],[-70.55570584914648,-33.3730014991245],[-70.55484984984135,-33.37287502290448],[-70.55481984447565,-33.37262723811593],[-70.5549732520303,-33.37229841300774],[-70.55489364075027,-33.37229941042577],[-70.55472453162031,-33.37270478920402],[-70.55475916129956,-33.372892861311556],[-70.55551242470095,-33.37303136417443],[-70.55489182262238,-33.37315606322322],[-70.5540070007231,-33.37361574182316],[-70.55370266576253,-33.373104562368034],[-70.55339342334526,-33.3731466114267],[-70.55324438530681,-33.37292179178936],[-70.552437265892,-33.37311323834142],[-70.5515012231293,-33.373024725110724],[-70.55123581577459,-33.37313303362251],[-70.55052571422918,-33.37302259927528],[-70.5501219267931,-33.37204647560696]]]}},{"type":"Feature","properties":{"comuna":"Vitacura","zona":"U AVPC","zona_code":"U AVPC","nombre":"U AVPC","decreto":""},"geometry":{"type":"Polygon","coordinates":[[[-70.5381349183618,-33.37666642823672],[-70.53809508467695,-33.37634240423541],[-70.53813839601156,-33.376217786775065],[-70.53822477873925,-33.376663028276006],[-70.5381349183618,-33.37666642823672]]]}},{"type":"Feature","properties":{"comuna":"Vitacura","zona":"U AVPC","zona_code":"U AVPC","nombre":"U AVPC","decreto":""},"geometry":{"type":"Polygon","coordinates":[[[-70.53843811081276,-33.37664717715525],[-70.53834305146731,-33.37637273635322],[-70.53839784869628,-33.37609287650393],[-70.5385990724722,-33.37621446263067],[-70.53866553618235,-33.376435551475645],[-70.53843811081276,-33.37664717715525]]]}},{"type":"Feature","properties":{"comuna":"Vitacura","zona":"U AVPC","zona_code":"U AVPC","nombre":"U AVPC","decreto":""},"geometry":{"type":"Polygon","coordinates":[[[-70.5385692188795,-33.3766899094925],[-70.5387129215932,-33.37654234138937],[-70.5387405853955,-33.37633678877758],[-70.5384335949817,-33.37602323504016],[-70.5389753712686,-33.37578028805963],[-70.53875294070971,-33.376069385635326],[-70.53879795853543,-33.37636471126349],[-70.53921626743956,-33.37670074468563],[-70.5385692188795,-33.3766899094925]]]}},{"type":"Feature","properties":{"comuna":"Vitacura","zona":"U AVPC","zona_code":"U AVPC","nombre":"U AVPC","decreto":""},"geometry":{"type":"Polygon","coordinates":[[[-70.53737811324343,-33.37600386318251],[-70.53812830262815,-33.37580606042317],[-70.53792923349641,-33.37596840094498],[-70.53786996658381,-33.37631751435543],[-70.53761244982141,-33.376067772106815],[-70.53737924676935,-33.376068274890216],[-70.53723353026288,-33.37619177429665],[-70.53722443476093,-33.376482998234884],[-70.53756378148775,-33.37669593559702],[-70.53665469407287,-33.376666875213225],[-70.53737811324343,-33.37600386318251]]]}},{"type":"Feature","properties":{"comuna":"Vitacura","zona":"U AVPC","zona_code":"U AVPC","nombre":"U AVPC","decreto":""},"geometry":{"type":"Polygon","coordinates":[[[-70.53783995842036,-33.376661185024304],[-70.53738530471568,-33.376574066007485],[-70.53725993026227,-33.37639904326906],[-70.53726309760106,-33.37625583470427],[-70.53741721900829,-33.37612507222519],[-70.53767651742278,-33.3761528799089],[-70.53780130440494,-33.37629450393147],[-70.53783995842036,-33.376661185024304]]]}},{"type":"Feature","properties":{"comuna":"Vitacura","zona":"U AVPC","zona_code":"U AVPC","nombre":"U AVPC","decreto":""},"geometry":{"type":"Polygon","coordinates":[[[-70.53635884788834,-33.37662572491159],[-70.53636466644652,-33.376433990829554],[-70.5365261455141,-33.37623632718707],[-70.53719128725632,-33.376053899910644],[-70.5366747796204,-33.37660195545463],[-70.53635884788834,-33.37662572491159]]]}},{"type":"Feature","properties":{"comuna":"Vitacura","zona":"U-V","zona_code":"U-V","nombre":"U-V","decreto":""},"geometry":{"type":"Polygon","coordinates":[[[-70.5446349791711,-33.36723441344799],[-70.54473281271663,-33.36716599064537],[-70.5453745410901,-33.36727253875654],[-70.54610168428842,-33.36753671968869],[-70.54754834459186,-33.36741576776856],[-70.54761364901702,-33.36853406165236],[-70.54782914407585,-33.36897997254258],[-70.54821379667605,-33.36934264324669],[-70.54886117780661,-33.36960658852166],[-70.54915823633375,-33.369663886970855],[-70.54943112288969,-33.369528765004205],[-70.54996368269954,-33.37005279637578],[-70.55028933519853,-33.371002331909224],[-70.55046399329245,-33.371229221590326],[-70.5509601099171,-33.371461637742485],[-70.55157510935048,-33.37156888478937],[-70.55174411576348,-33.37147729097932],[-70.55169542300315,-33.371377680526116],[-70.55096930069153,-33.371365281710965],[-70.55049179505987,-33.37109982278896],[-70.5502836672451,-33.37058939840478],[-70.55036154777672,-33.370370689504945],[-70.55268144993234,-33.37093256005016],[-70.55309349872213,-33.371234980309445],[-70.55314676295173,-33.3714156617895],[-70.5530692196125,-33.37166097452376],[-70.55253186113188,-33.37202084841708],[-70.55202027279002,-33.37216659840462],[-70.55119202789811,-33.37223157991512],[-70.55076969801196,-33.37215095622151],[-70.55023423735928,-33.37194527743836],[-70.5493369931787,-33.37122393169894],[-70.54817463372258,-33.37061298867883],[-70.54714504476227,-33.370606737772306],[-70.54620579387439,-33.37024142897473],[-70.54688083258468,-33.37129652886876],[-70.5473256354883,-33.37232538347194],[-70.5468985522612,-33.3725383030307],[-70.54668327935107,-33.373149455333504],[-70.54669134445153,-33.37336410944306],[-70.54594566840834,-33.373560117019125],[-70.54567744005108,-33.37334870323073],[-70.54523256670572,-33.37376227647524],[-70.54486880062551,-33.37345541141776],[-70.54462870279247,-33.3730737161562],[-70.54509821693131,-33.3724635093437],[-70.54533510226531,-33.37162659829024],[-70.5452562941302,-33.37102984642216],[-70.54470341028473,-33.369676618112784],[-70.54463393932852,-33.3688426042047],[-70.54506605142079,-33.36880767209845],[-70.54494134019461,-33.36834869555086],[-70.54501925361711,-33.367930147537834],[-70.54456862677469,-33.368016885943945],[-70.544562199343,-33.367814142579846],[-70.54474288956298,-33.36741817693219],[-70.5446349791711,-33.36723441344799]]]}},{"type":"Feature","properties":{"comuna":"Vitacura","zona":"U PVO","zona_code":"U PVO","nombre":"U PVO","decreto":""},"geometry":{"type":"Polygon","coordinates":[[[-70.54523256670572,-33.37376227647524],[-70.54567744005108,-33.37334870323073],[-70.54594566840834,-33.373560117019125],[-70.54644678508625,-33.373432179680776],[-70.54656432885778,-33.374131173255044],[-70.54538255099442,-33.37433109434035],[-70.54407909446252,-33.37476221114781],[-70.54105272382228,-33.376305970188305],[-70.54028954755744,-33.376557401022],[-70.53928870136534,-33.37660420109796],[-70.5390200803855,-33.376491206985186],[-70.53889529466927,-33.376269052278815],[-70.53890149144058,-33.3760154453949],[-70.5389991731949,-33.37590984000967],[-70.53966656784785,-33.37565399771622],[-70.54032056266647,-33.37524321830246],[-70.5408840561514,-33.37514375896538],[-70.54170216247847,-33.37516939152542],[-70.54230306529384,-33.374974015202376],[-70.54367156166714,-33.374048968247166],[-70.54440148716833,-33.37331937050026],[-70.54482063194737,-33.37386762308398],[-70.54523256670572,-33.37376227647524]]]}},{"type":"Feature","properties":{"comuna":"Vitacura","zona":"U Ee3","zona_code":"U Ee3","nombre":"U Ee3","decreto":""},"geometry":{"type":"Polygon","coordinates":[[[-70.54440148716833,-33.37331937050026],[-70.54462870279247,-33.3730737161562],[-70.54486880062551,-33.37345541141776],[-70.54523256670572,-33.37376227647524],[-70.54482063194737,-33.37386762308398],[-70.54440148716833,-33.37331937050026]]]}},{"type":"Feature","properties":{"comuna":"Vitacura","zona":"U POC","zona_code":"U POC","nombre":"U POC","decreto":""},"geometry":{"type":"Polygon","coordinates":[[[-70.54856516270715,-33.37188147606932],[-70.54900247745981,-33.372380023698895],[-70.5490444860252,-33.37334589300387],[-70.54822523408642,-33.373254704125166],[-70.5480568544658,-33.373382077239626],[-70.54819063033011,-33.373508664597786],[-70.54905566588805,-33.3735754210134],[-70.54908040411027,-33.374168668198614],[-70.54793389593617,-33.37406664789714],[-70.54656432885778,-33.374131173255044],[-70.54644678508625,-33.373432179680776],[-70.54669134445153,-33.37336410944306],[-70.54668327935107,-33.373149455333504],[-70.54692344441249,-33.37249862058169],[-70.5473256354883,-33.37232538347194],[-70.54694327014387,-33.37147371062734],[-70.54856516270715,-33.37188147606932]]]}},{"type":"Feature","properties":{"comuna":"Vitacura","zona":"U PVEV","zona_code":"U PVEV","nombre":"U PVEV","decreto":""},"geometry":{"type":"Polygon","coordinates":[[[-70.54694327014387,-33.37147371062734],[-70.54620579387439,-33.37024142897473],[-70.54714504476227,-33.370606737772306],[-70.54817463372258,-33.37061298867883],[-70.54901005396698,-33.37110989598515],[-70.54845953059677,-33.37102967190673],[-70.54814325809248,-33.37123644139219],[-70.54815724911474,-33.37142417603899],[-70.54856516270715,-33.37188147606932],[-70.54694327014387,-33.37147371062734]]]}},{"type":"Feature","properties":{"comuna":"Vitacura","zona":"U Ee3","zona_code":"U Ee3","nombre":"U Ee3","decreto":""},"geometry":{"type":"Polygon","coordinates":[[[-70.54217918892508,-33.37105697782186],[-70.54309595220823,-33.37043114652098],[-70.54297350816138,-33.37014036440673],[-70.54307989052533,-33.36952162270112],[-70.54298814352241,-33.368956050856674],[-70.54287841752422,-33.36878143519188],[-70.54297316373331,-33.3687116551482],[-70.54320147405002,-33.369455088280375],[-70.54306131557233,-33.36997283833592],[-70.5432268048068,-33.37048678730288],[-70.54245599590651,-33.37092289547608],[-70.54228118762268,-33.37108911686229],[-70.54228079202251,-33.371268082961734],[-70.54329088943085,-33.371699949640266],[-70.5437387097233,-33.37209704443767],[-70.54443076612426,-33.37283743814193],[-70.54417624973013,-33.37310784137326],[-70.54368085095014,-33.37276588872841],[-70.54350482662153,-33.37246085978981],[-70.54304400047205,-33.37213252808506],[-70.54297739270282,-33.37198422115129],[-70.54261197868153,-33.3718247154004],[-70.54136518954519,-33.37248446851381],[-70.5407642266383,-33.3724740341819],[-70.54029263802259,-33.37230092566186],[-70.53999467727101,-33.37294292122829],[-70.54000024885347,-33.3732590186693],[-70.54011814383995,-33.37409867701075],[-70.54038213469624,-33.37491892670667],[-70.53999486225571,-33.375087487845185],[-70.53975985444012,-33.373940266803444],[-70.5397148133825,-33.37299829254417],[-70.53913978547578,-33.372442291024136],[-70.5380111746705,-33.37352074898775],[-70.53717219901694,-33.37319707995447],[-70.53682947660671,-33.37424646361616],[-70.53699093438352,-33.37534114336519],[-70.53676759571061,-33.37525562118094],[-70.53662096624598,-33.37548889406073],[-70.53648860054854,-33.37443107766019],[-70.5358882144638,-33.37324900801808],[-70.53541730336599,-33.37351063053839],[-70.53495379586316,-33.37328729282716],[-70.53434925190996,-33.37420421399191],[-70.53342434014328,-33.37497921786036],[-70.53330742175227,-33.37479931382105],[-70.53412549571674,-33.3739325718038],[-70.53444066050679,-33.37309351827188],[-70.53409180557449,-33.37298568158659],[-70.53347544495288,-33.372219704466296],[-70.53339307319942,-33.37222549481019],[-70.53322466517254,-33.373000691669695],[-70.53253762602239,-33.373717390663515],[-70.53229335356752,-33.37422150098004],[-70.53214068902993,-33.37411123644862],[-70.53202749765552,-33.37414365397934],[-70.53211074603394,-33.373701186204165],[-70.53198784921845,-33.373017874025535],[-70.53185812092872,-33.37283693344293],[-70.53190544938496,-33.37196778578467],[-70.5309635198085,-33.37258310783075],[-70.53059146652271,-33.37212478138784],[-70.52920077424815,-33.37342377154115],[-70.52893730756054,-33.37331963986936],[-70.52983883137121,-33.37234452064782],[-70.53010284688139,-33.37199288543875],[-70.53014739757039,-33.37177614962193],[-70.52977685034014,-33.3717282222044],[-70.52935825607244,-33.37185984733138],[-70.52883567875988,-33.37173743292634],[-70.528371392479,-33.3715331684099],[-70.52808206318096,-33.37108813142903],[-70.52792405623406,-33.370997016848605],[-70.52599183295138,-33.37097568955364],[-70.5258218606547,-33.371013572144335],[-70.52526246329855,-33.37188441135085],[-70.52171125187131,-33.37058995022059],[-70.52038088771833,-33.369666557033916],[-70.52122487995744,-33.3693949745005],[-70.52248933139276,-33.369497585880424],[-70.5232461658645,-33.36935586748516],[-70.52408238531501,-33.36936349851318],[-70.52550503222858,-33.369014343404274],[-70.52650000475487,-33.369807442397374],[-70.52706076384524,-33.36991865965143],[-70.52844254333094,-33.369972878079324],[-70.53038781240275,-33.370464319196586],[-70.53150025534373,-33.370411225929516],[-70.53262548788165,-33.37011457557784],[-70.53364755151784,-33.370259437063844],[-70.53535449036353,-33.37005221293315],[-70.53680436397232,-33.370266919632655],[-70.53854677722376,-33.37024583051621],[-70.5388377844862,-33.37046015327038],[-70.53868940656218,-33.370512698720255],[-70.53902690149297,-33.370702389503165],[-70.54217130336237,-33.36940167669586],[-70.54217918892508,-33.37105697782186]],[[-70.53235247690237,-33.372999532739804],[-70.53244413494143,-33.373253314038514],[-70.53250719120243,-33.373226694577156],[-70.53283508774143,-33.37278836319984],[-70.5328297244447,-33.37215848259671],[-70.5325143669746,-33.37201443481699],[-70.53240937583483,-33.372189920955556],[-70.53235247690237,-33.372999532739804]]]}},{"type":"Feature","properties":{"comuna":"Vitacura","zona":"U PVO","zona_code":"U PVO","nombre":"U PVO","decreto":""},"geometry":{"type":"Polygon","coordinates":[[[-70.54463393932852,-33.3688426042047],[-70.54445030298498,-33.36798678803883],[-70.5446349791711,-33.36723441344799],[-70.54474288956298,-33.36741817693219],[-70.544562199343,-33.367814142579846],[-70.54456862677469,-33.368016885943945],[-70.54501925361711,-33.367930147537834],[-70.54494134019461,-33.36834869555086],[-70.54506605142079,-33.36880767209845],[-70.54463393932852,-33.3688426042047]]]}},{"type":"Feature","properties":{"comuna":"Vitacura","zona":"U AVPC","zona_code":"U AVPC","nombre":"U AVPC","decreto":""},"geometry":{"type":"Polygon","coordinates":[[[-70.53854677722376,-33.37024583051621],[-70.54033813397423,-33.36987950645668],[-70.54133504378439,-33.36954905532476],[-70.5424865248876,-33.368728228494255],[-70.54364872088792,-33.36754933280078],[-70.54436603456628,-33.367199681091236],[-70.54415206298182,-33.36761737649809],[-70.54384543039549,-33.36778213666737],[-70.54353508181467,-33.36812304194789],[-70.54341340702689,-33.36847949684652],[-70.54310845150485,-33.36852206291865],[-70.54287841752422,-33.36878143519188],[-70.5430747570449,-33.369432205470964],[-70.54296339820573,-33.36997047619333],[-70.54309595220823,-33.37043114652098],[-70.54217918892508,-33.37105697782186],[-70.54217130336237,-33.36940167669586],[-70.53902690149297,-33.370702389503165],[-70.53868940656218,-33.370512698720255],[-70.5388377844862,-33.37046015327038],[-70.53854677722376,-33.37024583051621]]]}},{"type":"Feature","properties":{"comuna":"Vitacura","zona":"U-V","zona_code":"U-V","nombre":"U-V","decreto":""},"geometry":{"type":"Polygon","coordinates":[[[-70.54297316373331,-33.3687116551482],[-70.54310845150485,-33.36852206291865],[-70.54341340702689,-33.36847949684652],[-70.54366012697422,-33.36795743866831],[-70.54415206298182,-33.36761737649809],[-70.54411862391116,-33.367978102135936],[-70.54436472282887,-33.369673985961875],[-70.54492459592579,-33.37110109979192],[-70.54499286675589,-33.37158464084503],[-70.54488883821787,-33.372134751439496],[-70.54443076612426,-33.37283743814193],[-70.54335554747512,-33.37173792082188],[-70.54228079202251,-33.371268082961734],[-70.54228118762268,-33.37108911686229],[-70.54245599590651,-33.37092289547608],[-70.5432268048068,-33.37048678730288],[-70.54306131557233,-33.36997283833592],[-70.54320147405002,-33.369455088280375],[-70.54297316373331,-33.3687116551482]]]}},{"type":"Feature","properties":{"comuna":"Vitacura","zona":"U-V","zona_code":"U-V","nombre":"U-V","decreto":""},"geometry":{"type":"Polygon","coordinates":[[[-70.54038213469624,-33.37491892670667],[-70.54011814383995,-33.37409867701075],[-70.54000024885347,-33.3732590186693],[-70.53999467727101,-33.37294292122829],[-70.54029263802259,-33.37230092566186],[-70.5407642266383,-33.3724740341819],[-70.54136518954519,-33.37248446851381],[-70.54261197868153,-33.3718247154004],[-70.54297739270282,-33.37198422115129],[-70.54304400047205,-33.37213252808506],[-70.54350482662153,-33.37246085978981],[-70.54368085095014,-33.37276588872841],[-70.54417624973013,-33.37310784137326],[-70.54327754813977,-33.37397424378457],[-70.54191411538598,-33.37483617766961],[-70.54038213469624,-33.37491892670667]]]}},{"type":"Feature","properties":{"comuna":"Vitacura","zona":"U-V","zona_code":"U-V","nombre":"U-V","decreto":""},"geometry":{"type":"Polygon","coordinates":[[[-70.52533276442814,-33.37176377720434],[-70.5258218606547,-33.371013572144335],[-70.5264113198227,-33.370976497011796],[-70.52792405623406,-33.370997016848605],[-70.52808206318096,-33.37108813142903],[-70.528371392479,-33.3715331684099],[-70.52883567875988,-33.37173743292634],[-70.52935825607244,-33.37185984733138],[-70.52977685034014,-33.3717282222044],[-70.53014739757039,-33.37177614962193],[-70.53010284688139,-33.37199288543875],[-70.52983883137121,-33.37234452064782],[-70.52893730756054,-33.37331963986936],[-70.52920077424815,-33.37342377154115],[-70.53059146652271,-33.37212478138784],[-70.5309635198085,-33.37258310783075],[-70.53190544938496,-33.37196778578467],[-70.53185812092872,-33.37283693344293],[-70.53198784921845,-33.373017874025535],[-70.53211074603394,-33.373701186204165],[-70.53202749765552,-33.37414365397934],[-70.53214068902993,-33.37411123644862],[-70.53229335356752,-33.37422150098004],[-70.53253762602239,-33.373717390663515],[-70.53322466517254,-33.373000691669695],[-70.53339307319942,-33.37222549481019],[-70.53347544495288,-33.372219704466296],[-70.53409180557449,-33.37298568158659],[-70.53444066050679,-33.37309351827188],[-70.53412549571674,-33.3739325718038],[-70.53330742175227,-33.37479931382105],[-70.53342434014328,-33.37497921786036],[-70.53434925190996,-33.37420421399191],[-70.53495379586316,-33.37328729282716],[-70.53541730336599,-33.37351063053839],[-70.5358882144638,-33.37324900801808],[-70.53648860054854,-33.37443107766019],[-70.53662096624598,-33.37548889406073],[-70.53676759571061,-33.37525562118094],[-70.53699093438352,-33.37534114336519],[-70.53682947660671,-33.37424646361616],[-70.53717219901694,-33.37319707995447],[-70.5380111746705,-33.37352074898775],[-70.53913978547578,-33.372442291024136],[-70.5397148133825,-33.37299829254417],[-70.53975985444012,-33.373940266803444],[-70.53999486225571,-33.375087487845185],[-70.53937775139254,-33.37541250351242],[-70.53652502808458,-33.37614248234995],[-70.53633907701668,-33.376307043361535],[-70.53626633453783,-33.37656946714243],[-70.5356658646019,-33.376472798712356],[-70.53404649027202,-33.37592396533467],[-70.5322429840633,-33.375010272990046],[-70.53031223785845,-33.3745749977012],[-70.52672327651969,-33.37245256046944],[-70.52533276442814,-33.37176377720434]]]}},{"type":"Feature","properties":{"comuna":"Vitacura","zona":"U-V","zona_code":"U-V","nombre":"U-V","decreto":""},"geometry":{"type":"Polygon","coordinates":[[[-70.53235247690237,-33.372999532739804],[-70.53240937583483,-33.372189920955556],[-70.5325143669746,-33.37201443481699],[-70.5328297244447,-33.37215848259671],[-70.53283508774143,-33.37278836319984],[-70.53250719120243,-33.373226694577156],[-70.53244413494143,-33.373253314038514],[-70.53235247690237,-33.372999532739804]]]}},{"type":"Feature","properties":{"comuna":"Vitacura","zona":"U Ee2","zona_code":"U Ee2","nombre":"U Ee2","decreto":""},"geometry":{"type":"Polygon","coordinates":[[[-70.53626633453783,-33.37656946714243],[-70.53634750166326,-33.376786080666555],[-70.53459006940902,-33.37647376140808],[-70.53205420739974,-33.375605966433476],[-70.53043470048596,-33.3747714629127],[-70.52661095195784,-33.37252640630626],[-70.52526246329855,-33.37188441135085],[-70.52533276442814,-33.37176377720434],[-70.52637289079998,-33.372256432558935],[-70.53031223785845,-33.3745749977012],[-70.5322429840633,-33.375010272990046],[-70.53445912823427,-33.37610021259845],[-70.53518936609574,-33.37635270495529],[-70.53626633453783,-33.37656946714243]]]}},{"type":"Feature","properties":{"comuna":"Vitacura","zona":"U-V","zona_code":"U-V","nombre":"U-V","decreto":""},"geometry":{"type":"Polygon","coordinates":[[[-70.52992617052936,-33.37809189133159],[-70.52880035949978,-33.37673670383137],[-70.52826001153709,-33.376331745887796],[-70.52867918131446,-33.375906619033366],[-70.53065272953002,-33.377545807155066],[-70.52992617052936,-33.37809189133159]]]}},{"type":"Feature","properties":{"comuna":"Vitacura","zona":"U AVPC","zona_code":"U AVPC","nombre":"U AVPC","decreto":""},"geometry":{"type":"Polygon","coordinates":[[[-70.55023289798896,-33.373328789807346],[-70.54984344249998,-33.37223439315665],[-70.54911477127006,-33.371282323720266],[-70.5501219267931,-33.37204647560696],[-70.55052571422918,-33.37302259927528],[-70.55123581577459,-33.37313303362251],[-70.5515012231293,-33.373024725110724],[-70.552437265892,-33.37311323834142],[-70.55324438530681,-33.37292179178936],[-70.55339342334526,-33.3731466114267],[-70.55370266576253,-33.373104562368034],[-70.5540070007231,-33.37361574182316],[-70.55339451823106,-33.374157510339934],[-70.55310903682036,-33.374256529820876],[-70.55245656586534,-33.37395005073452],[-70.55258293759908,-33.37372219256996],[-70.55324509883457,-33.373215200341356],[-70.55320694820865,-33.37314886591081],[-70.55242838760095,-33.37334711301961],[-70.5516574666972,-33.3733352788678],[-70.55146989727265,-33.373464550449256],[-70.55023289798896,-33.373328789807346]]]}},{"type":"Feature","properties":{"comuna":"Vitacura","zona":"U-V","zona_code":"U-V","nombre":"U-V","decreto":""},"geometry":{"type":"Polygon","coordinates":[[[-70.55146989727265,-33.373464550449256],[-70.5516574666972,-33.3733352788678],[-70.55242838760095,-33.37334711301961],[-70.55324463231247,-33.3731889586858],[-70.55258293759908,-33.37372219256996],[-70.55245656586534,-33.37395005073452],[-70.55204322170644,-33.37365423468727],[-70.55146989727265,-33.373464550449256]]]}},{"type":"Feature","properties":{"comuna":"Vitacura","zona":"U-V","zona_code":"U-V","nombre":"U-V","decreto":""},"geometry":{"type":"Polygon","coordinates":[[[-70.55023289798896,-33.373328789807346],[-70.54987527958525,-33.373080684401025],[-70.54835189992029,-33.37137033141356],[-70.54834623243335,-33.371251094198406],[-70.54871479817875,-33.37118684172451],[-70.54911477127006,-33.371282323720266],[-70.54984344249998,-33.37223439315665],[-70.55023289798896,-33.373328789807346]]]}},{"type":"Feature","properties":{"comuna":"Vitacura","zona":"U-V","zona_code":"U-V","nombre":"U-V","decreto":""},"geometry":{"type":"Polygon","coordinates":[[[-70.58659818616555,-33.38442142246041],[-70.58767030431596,-33.38389529508136],[-70.5884638289602,-33.384159042353616],[-70.58672541580395,-33.384974898032695],[-70.58691599731088,-33.38528862406042],[-70.58458279359313,-33.38640380681877],[-70.58432839124146,-33.38598324155084],[-70.58411951660108,-33.3860718090348],[-70.58345432023124,-33.38562216137019],[-70.58516753620161,-33.38467048972848],[-70.58536280873555,-33.38439693025995],[-70.58544133294629,-33.384084774313976],[-70.58599645476056,-33.384205577310745],[-70.58591226357747,-33.38470678754343],[-70.58610599630052,-33.384223266527286],[-70.58659885594535,-33.38432568580265],[-70.58659818616555,-33.38442142246041]]]}},{"type":"Feature","properties":{"comuna":"Vitacura","zona":"U AVPC","zona_code":"U AVPC","nombre":"U AVPC","decreto":""},"geometry":{"type":"Polygon","coordinates":[[[-70.58691599731088,-33.38528862406042],[-70.58672541580395,-33.384974898032695],[-70.5884638289602,-33.384159042353616],[-70.5888946780355,-33.38435215110134],[-70.58691599731088,-33.38528862406042]]]}},{"type":"Feature","properties":{"comuna":"Vitacura","zona":"U AVPC","zona_code":"U AVPC","nombre":"U AVPC","decreto":""},"geometry":{"type":"Polygon","coordinates":[[[-70.58672040546993,-33.38435094433145],[-70.58659818616555,-33.38442142246041],[-70.58659885594535,-33.38432568580265],[-70.58672040546993,-33.38435094433145]]]}},{"type":"Feature","properties":{"comuna":"Vitacura","zona":"U-V","zona_code":"U-V","nombre":"U-V","decreto":""},"geometry":{"type":"Polygon","coordinates":[[[-70.58680987198287,-33.3842351803477],[-70.5854718246164,-33.383954817584794],[-70.58562930408475,-33.38342487353209],[-70.58747244732577,-33.38384092998193],[-70.5874377390067,-33.38394810098488],[-70.58680987198287,-33.3842351803477]]]}},{"type":"Feature","properties":{"comuna":"Vitacura","zona":"U AVPC","zona_code":"U AVPC","nombre":"U AVPC","decreto":""},"geometry":{"type":"Polygon","coordinates":[[[-70.58692081109923,-33.38425842436798],[-70.58680987198287,-33.3842351803477],[-70.5874377390067,-33.38394810098488],[-70.58747244732577,-33.38384092998193],[-70.58767030431596,-33.38389529508136],[-70.58692081109923,-33.38425842436798]]]}},{"type":"Feature","properties":{"comuna":"Vitacura","zona":"U-V","zona_code":"U-V","nombre":"U-V","decreto":""},"geometry":{"type":"Polygon","coordinates":[[[-70.59052817916239,-33.398525312546454],[-70.59087053710375,-33.397799119215115],[-70.5913532998679,-33.397948026499165],[-70.59158275903864,-33.39895521705222],[-70.59052817916239,-33.398525312546454]]]}},{"type":"Feature","properties":{"comuna":"Vitacura","zona":"U-V","zona_code":"U-V","nombre":"U-V","decreto":""},"geometry":{"type":"Polygon","coordinates":[[[-70.54466188648807,-33.38719435038494],[-70.54489344610187,-33.386729411268426],[-70.54525739721059,-33.3868024296128],[-70.54508620560304,-33.387174414218194],[-70.54532551850556,-33.3868343906096],[-70.54596661446269,-33.38709782957518],[-70.54556829969788,-33.387957441623236],[-70.54526715602398,-33.38784731736567],[-70.5450681294157,-33.388247865682665],[-70.54542146876227,-33.387442596334665],[-70.54466188648807,-33.38719435038494]]]}},{"type":"Feature","properties":{"comuna":"Vitacura","zona":"U-V","zona_code":"U-V","nombre":"U-V","decreto":""},"geometry":{"type":"Polygon","coordinates":[[[-70.56261254630937,-33.38337301884133],[-70.56291714679519,-33.38370562915704],[-70.56312251680426,-33.38421487029761],[-70.56278855314208,-33.38438730037233],[-70.56244210516599,-33.38386193881464],[-70.56219694835454,-33.38399029762573],[-70.56228940293433,-33.38415019842854],[-70.56240361122639,-33.384095072521916],[-70.56264525602379,-33.38448574349619],[-70.56218995629585,-33.38469984842138],[-70.5614362222639,-33.38391755066485],[-70.56261254630937,-33.38337301884133]]]}},{"type":"Feature","properties":{"comuna":"Vitacura","zona":"U PC","zona_code":"U PC","nombre":"U PC","decreto":""},"geometry":{"type":"Polygon","coordinates":[[[-70.55124928824014,-33.383273176428546],[-70.55104287514395,-33.38354686648618],[-70.5499752424417,-33.3831364259174],[-70.55012563408246,-33.38284101648542],[-70.55124928824014,-33.383273176428546]]]}},{"type":"Feature","properties":{"comuna":"Vitacura","zona":"U-V","zona_code":"U-V","nombre":"U-V","decreto":""},"geometry":{"type":"Polygon","coordinates":[[[-70.55679597164492,-33.38745525514421],[-70.55671791211005,-33.38850136768194],[-70.55650449539972,-33.388854914845055],[-70.55598069115682,-33.388632308407004],[-70.55615928834669,-33.38827930431691],[-70.55622748133557,-33.38736481890019],[-70.55679597164492,-33.38745525514421]]]}},{"type":"Feature","properties":{"comuna":"Vitacura","zona":"U PC","zona_code":"U PC","nombre":"U PC","decreto":""},"geometry":{"type":"Polygon","coordinates":[[[-70.57034046172343,-33.38952651490161],[-70.57017048698876,-33.38974696249082],[-70.56966435255467,-33.3895041537196],[-70.56979289874546,-33.38932314202813],[-70.57034046172343,-33.38952651490161]]]}},{"type":"Feature","properties":{"comuna":"Vitacura","zona":"U AVPC","zona_code":"U AVPC","nombre":"U AVPC","decreto":""},"geometry":{"type":"Polygon","coordinates":[[[-70.55658081060226,-33.39046985534889],[-70.55577195489322,-33.39015739329438],[-70.55591870621583,-33.38983676392476],[-70.55675075292457,-33.390173750287474],[-70.55658081060226,-33.39046985534889]]]}},{"type":"Feature","properties":{"comuna":"Vitacura","zona":"U Ee3","zona_code":"U Ee3","nombre":"U Ee3","decreto":""},"geometry":{"type":"Polygon","coordinates":[[[-70.59894932005744,-33.400548564573114],[-70.5989870851233,-33.4006837632874],[-70.59827950856821,-33.40080645100453],[-70.59826267855856,-33.400709171678784],[-70.59894932005744,-33.400548564573114]]]}},{"type":"Feature","properties":{"comuna":"Vitacura","zona":"U Ee1","zona_code":"U Ee1","nombre":"U Ee1","decreto":""},"geometry":{"type":"Polygon","coordinates":[[[-70.59072190594621,-33.38254007917925],[-70.5912521859934,-33.382035168448546],[-70.59177924659753,-33.38246169331151],[-70.59122241617848,-33.38294165180076],[-70.59072190594621,-33.38254007917925]]]}},{"type":"Feature","properties":{"comuna":"Vitacura","zona":"U-V","zona_code":"U-V","nombre":"U-V","decreto":""},"geometry":{"type":"Polygon","coordinates":[[[-70.58440521512847,-33.389993809025015],[-70.58354146405455,-33.390204078389324],[-70.58338191745699,-33.390033119131566],[-70.58278958525595,-33.38874023305772],[-70.58231525891587,-33.388072199833594],[-70.582380797636,-33.387764745828875],[-70.58279462823845,-33.387449270011224],[-70.58300069153678,-33.387440675577366],[-70.58322443243647,-33.38762274691171],[-70.58387461220136,-33.38896858042768],[-70.58446389740017,-33.38970075843616],[-70.58440521512847,-33.389993809025015]]]}},{"type":"Feature","properties":{"comuna":"Vitacura","zona":"U-V","zona_code":"U-V","nombre":"U-V","decreto":""},"geometry":{"type":"Polygon","coordinates":[[[-70.56158304531326,-33.39128765374425],[-70.56140779421338,-33.391628095551106],[-70.55957414755355,-33.39089236297623],[-70.55979387974074,-33.39045412897434],[-70.56050562355767,-33.39088661612529],[-70.56158304531326,-33.39128765374425]]]}},{"type":"Feature","properties":{"comuna":"Vitacura","zona":"U-V","zona_code":"U-V","nombre":"U-V","decreto":""},"geometry":{"type":"Polygon","coordinates":[[[-70.5704145280913,-33.38773268807524],[-70.57042715259713,-33.387446191901574],[-70.57064724409872,-33.38722562094474],[-70.57078464032082,-33.38764236659918],[-70.5704145280913,-33.38773268807524]]]}},{"type":"Feature","properties":{"comuna":"Vitacura","zona":"U-V","zona_code":"U-V","nombre":"U-V","decreto":""},"geometry":{"type":"Polygon","coordinates":[[[-70.5430619263797,-33.37919226885243],[-70.54258819036757,-33.37914148693948],[-70.54260153815166,-33.37889077459085],[-70.54308254005213,-33.37895041431348],[-70.5430619263797,-33.37919226885243]]]}},{"type":"Feature","properties":{"comuna":"Vitacura","zona":"U-V","zona_code":"U-V","nombre":"U-V","decreto":""},"geometry":{"type":"Polygon","coordinates":[[[-70.55576637349512,-33.3683803035257],[-70.55258543305742,-33.367307743519675],[-70.54995154816169,-33.36695489988356],[-70.54990841886578,-33.36644718734423],[-70.55039723534775,-33.36562859573998],[-70.55055982133518,-33.36445436470101],[-70.55122716806517,-33.36504375859635],[-70.5533477897383,-33.36578486472759],[-70.55427217373524,-33.36630272192791],[-70.55516507196444,-33.36638101859893],[-70.55579877864237,-33.36667564125219],[-70.55672634815961,-33.366874788394526],[-70.5571458620643,-33.36711768602065],[-70.55648877223022,-33.36742658360162],[-70.55576637349512,-33.3683803035257]]]}},{"type":"Feature","properties":{"comuna":"Vitacura","zona":"U-V","zona_code":"U-V","nombre":"U-V","decreto":""},"geometry":{"type":"Polygon","coordinates":[[[-70.57741930518976,-33.36293033388354],[-70.5755047037673,-33.363198038444736],[-70.57545082160975,-33.363048394881545],[-70.57660468599201,-33.362224840657255],[-70.57741930518976,-33.36293033388354]]]}},{"type":"Feature","properties":{"comuna":"Vitacura","zona":"U-V","zona_code":"U-V","nombre":"U-V","decreto":""},"geometry":{"type":"Polygon","coordinates":[[[-70.56606321286358,-33.364340460705435],[-70.56625327056034,-33.364473119293166],[-70.56642042375083,-33.36523171469305],[-70.56723486879854,-33.36624747804287],[-70.56749212349494,-33.36695530235443],[-70.56746651715795,-33.367113112220096],[-70.56723646369547,-33.367287819736866],[-70.56696224345048,-33.3672196976058],[-70.5662853106426,-33.36641957505581],[-70.56602104408265,-33.3663513251714],[-70.56576073047319,-33.36650374375735],[-70.56606321286358,-33.364340460705435]]]}},{"type":"Feature","properties":{"comuna":"Vitacura","zona":"R-7","zona_code":"R-7","nombre":"R-7","decreto":""},"geometry":{"type":"Polygon","coordinates":[[[-70.58218285416226,-33.35060224403011],[-70.58256062981452,-33.35075563331889],[-70.5829990280848,-33.35155040688305],[-70.5835639134438,-33.35216784537075],[-70.58396934196223,-33.35218980086249],[-70.58545827912455,-33.35274759761518],[-70.58618245399137,-33.35324116209937],[-70.58633111418591,-33.35386481193883],[-70.58661631890605,-33.35401536348481],[-70.58724306416632,-33.35424569950509],[-70.58967539283306,-33.354326748696835],[-70.59024942513692,-33.35452901146081],[-70.59087845321976,-33.354612071171665],[-70.5925130203707,-33.35538676657245],[-70.59308811665213,-33.35616849867206],[-70.59336104055667,-33.35686132289636],[-70.59448480362396,-33.357324766236665],[-70.59462359414204,-33.35770460171619],[-70.59502887480356,-33.3582112253452],[-70.59552869698284,-33.35851758226229],[-70.59625570670227,-33.358723495615024],[-70.59656243712935,-33.35976262085164],[-70.59777916294358,-33.36074311567998],[-70.59917453568545,-33.361513222772096],[-70.59977354285316,-33.36212172246915],[-70.60062220251366,-33.36265640721728],[-70.60060230525495,-33.36281054019695],[-70.59993823629662,-33.363064868769875],[-70.59869748103321,-33.36395863044713],[-70.59798999606467,-33.36464388836484],[-70.59794109833825,-33.364975626736395],[-70.59711582196061,-33.36524463802362],[-70.59699651009481,-33.365987601823875],[-70.59728967792715,-33.36631778990926],[-70.5971537487649,-33.367687318783226],[-70.59744782215601,-33.36952323991804],[-70.5971415254259,-33.37110273501668],[-70.59702216611632,-33.371283353822285],[-70.59798942845522,-33.37198246776467],[-70.59877029255915,-33.373364881781306],[-70.59887770388605,-33.37371704428675],[-70.59942619807087,-33.37436079948037],[-70.59965012562752,-33.37485944122084],[-70.59973239984576,-33.375240542316455],[-70.59967758895796,-33.37569112623599],[-70.59991673537864,-33.37612083985679],[-70.59958952828686,-33.377293074736656],[-70.59974774497681,-33.37861945923832],[-70.59994185170244,-33.379014182598326],[-70.60046646888132,-33.37954740876069],[-70.60129636801358,-33.380049483221335],[-70.60175485644778,-33.38052366374977],[-70.60319375539869,-33.38138607776696],[-70.60345200057856,-33.38175766029032],[-70.60369570728339,-33.382795077760726],[-70.60300928669142,-33.38497269964231],[-70.60297086809916,-33.38537891284024],[-70.60252089462999,-33.38614616784334],[-70.60228418469387,-33.38623425393164],[-70.60179673168835,-33.385962412265926],[-70.60194083955498,-33.384004660841214],[-70.60183780988407,-33.383039607650346],[-70.60161737805274,-33.38226397919295],[-70.60121162989918,-33.38165776996869],[-70.60047594652934,-33.3812446175656],[-70.59978202625243,-33.38101495228642],[-70.59934560208421,-33.381062334945675],[-70.59862142997044,-33.381316244175856],[-70.59819747588375,-33.381268018338204],[-70.59777763002809,-33.38105568928923],[-70.59741356937968,-33.37950014421466],[-70.59748982889286,-33.378810166843714],[-70.59735290522468,-33.37773817105279],[-70.59693550047972,-33.376685889567455],[-70.59699847141384,-33.37604678845249],[-70.596546351697,-33.37562310070332],[-70.59596692774463,-33.375430715632554],[-70.5951484673222,-33.37499682027995],[-70.59305869936102,-33.37481611979332],[-70.59317567882607,-33.37460284876859],[-70.59319392214489,-33.37423872743178],[-70.59276415458588,-33.37367455378819],[-70.59245638273377,-33.37356217972684],[-70.59191744083205,-33.37281984637475],[-70.59198303415891,-33.37251775624155],[-70.59185132119133,-33.37153218121566],[-70.59206839822549,-33.370959706473414],[-70.59206879113599,-33.37039597588331],[-70.59122501920176,-33.36915407517555],[-70.5902634166082,-33.36857205075666],[-70.58945140954111,-33.36778428932796],[-70.58796952042388,-33.36689151228784],[-70.58739384034251,-33.36666622853],[-70.58694742664149,-33.366199181642315],[-70.58572539392,-33.3654572014068],[-70.58378835515097,-33.364467442757444],[-70.5829165467744,-33.3642190714314],[-70.58257986039341,-33.364274070117744],[-70.58198108145334,-33.36359568706401],[-70.5806501162213,-33.362565124454946],[-70.57939093470578,-33.36251553405553],[-70.57918519735598,-33.36234217211097],[-70.57829913530614,-33.36315035498759],[-70.57769477511158,-33.363173284752435],[-70.57432882661874,-33.36005905506297],[-70.57402937612632,-33.36079957554812],[-70.57314925916204,-33.36142377419305],[-70.5729661777286,-33.36167902716523],[-70.57267081346735,-33.36181778562297],[-70.57254280249138,-33.362210139324105],[-70.57239558795415,-33.36232534694823],[-70.57163816006046,-33.362504952516936],[-70.57041315990053,-33.36198357258689],[-70.57019433176781,-33.36206985583942],[-70.57153188283532,-33.36657818069488],[-70.57119832076873,-33.36641239050366],[-70.57095471411529,-33.366504955509384],[-70.56913640947587,-33.36225054323778],[-70.56898443413972,-33.36233836556189],[-70.56890413101597,-33.362854788147125],[-70.56854878330849,-33.3632565730554],[-70.56816114057673,-33.36352275510097],[-70.56782956777796,-33.363347982180166],[-70.56763367925697,-33.362652506800046],[-70.56695579453192,-33.36243199594631],[-70.56666914796975,-33.36214569611709],[-70.56657890141341,-33.36187004260782],[-70.56664292847547,-33.36123809571522],[-70.5662299031926,-33.36318205665623],[-70.56577938567796,-33.36648761240666],[-70.56569133178662,-33.36663862696501],[-70.56509330239237,-33.36659128800388],[-70.56504001342245,-33.36631516573003],[-70.56519027288442,-33.36287509252578],[-70.56366207741807,-33.363254090608756],[-70.56294408244214,-33.363043009398105],[-70.56244000591998,-33.362597578271384],[-70.56177504056828,-33.36246277583394],[-70.56114184142663,-33.362872609866194],[-70.56073830333105,-33.36276732484446],[-70.56009182373731,-33.36239366711043],[-70.5596550156232,-33.36201737160422],[-70.55941149881686,-33.36199537583151],[-70.55879176576575,-33.3621642252647],[-70.55847005655971,-33.36206322425951],[-70.55690967329441,-33.36206490900449],[-70.55587747959041,-33.361650968093144],[-70.55562845208149,-33.3614631976047],[-70.55512864078294,-33.36137210348377],[-70.55446618649029,-33.36093924872062],[-70.55301383279324,-33.36085110632417],[-70.55201759319316,-33.36042024386227],[-70.55250028585758,-33.359902678279724],[-70.55340072216535,-33.35967740369752],[-70.55455567193319,-33.35911759103796],[-70.55606713226274,-33.359949173332545],[-70.5565286735696,-33.359245946009466],[-70.55788166439577,-33.358475015390184],[-70.55930362733291,-33.35819641464363],[-70.55995427211808,-33.35817851268197],[-70.56012204909811,-33.358037298851755],[-70.56052250192866,-33.357979815468966],[-70.5616161202209,-33.35757959739218],[-70.56427374163032,-33.35709209039616],[-70.56533253126206,-33.35633271767468],[-70.56611707661479,-33.35543176577529],[-70.56663080504758,-33.355071535921965],[-70.56708544045956,-33.35511741433525],[-70.57050286724538,-33.35628629253177],[-70.57253356494329,-33.355379538446336],[-70.57302116412087,-33.35461787686575],[-70.57315766399917,-33.35457684813672],[-70.57322921915454,-33.35422121273798],[-70.57342591389792,-33.35387950855567],[-70.57419502013991,-33.353227889481055],[-70.57579337463618,-33.35215841296663],[-70.57657773039033,-33.35187102019182],[-70.57803056590588,-33.3516122294998],[-70.57890511578448,-33.351684078545816],[-70.57946731241846,-33.35156631356107],[-70.57969964529278,-33.351627437561866],[-70.58011335556166,-33.351422454375964],[-70.58049716836695,-33.35095979146487],[-70.58077524656773,-33.35077843146136],[-70.58122909469276,-33.350659015148906],[-70.58218285416226,-33.35060224403011]]]}},{"type":"Feature","properties":{"comuna":"Vitacura","zona":"U POC","zona_code":"U POC","nombre":"U POC","decreto":""},"geometry":{"type":"Polygon","coordinates":[[[-70.59350973245539,-33.384770871295565],[-70.59138920644882,-33.38307425920949],[-70.59481602613458,-33.38012630675792],[-70.59685630458759,-33.38180853355575],[-70.5964863660201,-33.38215631497112],[-70.5963939594073,-33.382080940914584],[-70.59350973245539,-33.384770871295565]]]}},{"type":"Feature","properties":{"comuna":"Vitacura","zona":"U Ee1","zona_code":"U Ee1","nombre":"U Ee1","decreto":""},"geometry":{"type":"Polygon","coordinates":[[[-70.58181328178084,-33.37383313618096],[-70.57971470662588,-33.37351366309813],[-70.57997678572993,-33.37174783957019],[-70.58206595730377,-33.37194551899259],[-70.58181328178084,-33.37383313618096]]]}},{"type":"Feature","properties":{"comuna":"Vitacura","zona":"U PVEV","zona_code":"U PVEV","nombre":"U PVEV","decreto":""},"geometry":{"type":"MultiPolygon","coordinates":[[[[-70.58234929937466,-33.378849578425125],[-70.58226350812787,-33.3792865471132],[-70.58126731848617,-33.3791363641454],[-70.57812416017572,-33.378970292243395],[-70.57720742117507,-33.37875596566364],[-70.57744308041157,-33.37779384529647],[-70.57773269144631,-33.37764340973154],[-70.57828958418496,-33.37776076891835],[-70.57877455952834,-33.37772921130213],[-70.57879209045075,-33.37791352236088],[-70.57973638473338,-33.37779852539439],[-70.57966974181596,-33.37863713507501],[-70.58234929937466,-33.378849578425125]]],[[[-70.58235533581845,-33.378839765125406],[-70.58235296943215,-33.378850005999716],[-70.58234929937466,-33.378849578425125],[-70.58235533581845,-33.378839765125406]]]]}},{"type":"Feature","properties":{"comuna":"Vitacura","zona":"U PVEV","zona_code":"U PVEV","nombre":"U PVEV","decreto":""},"geometry":{"type":"Polygon","coordinates":[[[-70.57393946290635,-33.37791602664009],[-70.57432570771849,-33.37624571594444],[-70.57563088112623,-33.37666252948459],[-70.57554408464866,-33.37705376525225],[-70.57501792704984,-33.37697454307154],[-70.57492055411294,-33.37738244353071],[-70.57503510333845,-33.37745394021266],[-70.57487913797375,-33.37817032885545],[-70.57393946290635,-33.37791602664009]]]}},{"type":"Feature","properties":{"comuna":"Vitacura","zona":"U PVEV","zona_code":"U PVEV","nombre":"U PVEV","decreto":""},"geometry":{"type":"Polygon","coordinates":[[[-70.568483993248,-33.376202135750994],[-70.56839191526534,-33.37676066001714],[-70.56760481825124,-33.37665706744167],[-70.56770056151265,-33.376107961371616],[-70.568483993248,-33.376202135750994]]]}},{"type":"Feature","properties":{"comuna":"Vitacura","zona":"U PVEV","zona_code":"U PVEV","nombre":"U PVEV","decreto":""},"geometry":{"type":"MultiPolygon","coordinates":[[[[-70.57353904223014,-33.37780316084029],[-70.57344263850653,-33.3777764240835],[-70.57157023313775,-33.37725709306215],[-70.57166233703587,-33.37702387031716],[-70.5736524846064,-33.37758686077742],[-70.57353904223014,-33.37780316084029]]],[[[-70.5736854060667,-33.37784288369966],[-70.57375553295479,-33.3776275368431],[-70.57398999244462,-33.377701465712356],[-70.57393946290635,-33.37791602664009],[-70.5736854060667,-33.37784288369966]]]]}},{"type":"Feature","properties":{"comuna":"Vitacura","zona":"U PVO","zona_code":"U PVO","nombre":"U PVO","decreto":""},"geometry":{"type":"Polygon","coordinates":[[[-70.56702124707599,-33.376333803418305],[-70.56742893450908,-33.37639299466561],[-70.56738832414588,-33.37662734797865],[-70.56694840564545,-33.37657212227577],[-70.56702124707599,-33.376333803418305]]]}},{"type":"Feature","properties":{"comuna":"Vitacura","zona":"U PVEV","zona_code":"U PVEV","nombre":"U PVEV","decreto":""},"geometry":{"type":"Polygon","coordinates":[[[-70.56702124707599,-33.376333803418305],[-70.56694840564545,-33.37657212227577],[-70.5667580600495,-33.37654526769719],[-70.56681036292893,-33.37624403732665],[-70.56702124707599,-33.376333803418305]]]}},{"type":"Feature","properties":{"comuna":"Vitacura","zona":"U PVEV","zona_code":"U PVEV","nombre":"U PVEV","decreto":""},"geometry":{"type":"Polygon","coordinates":[[[-70.56604048863382,-33.37644664758081],[-70.56609098685887,-33.376171610101686],[-70.56677893141394,-33.37625152268191],[-70.56672717921369,-33.37654091022203],[-70.56604048863382,-33.37644664758081]]]}},{"type":"Feature","properties":{"comuna":"Vitacura","zona":"U PVEV","zona_code":"U PVEV","nombre":"U PVEV","decreto":""},"geometry":{"type":"Polygon","coordinates":[[[-70.56526987362943,-33.37621614121072],[-70.56531740607053,-33.37607792399333],[-70.56598804204894,-33.37616340546085],[-70.56594193152834,-33.37643281952235],[-70.56526987362943,-33.37621614121072]]]}},{"type":"Feature","properties":{"comuna":"Vitacura","zona":"U PVEV","zona_code":"U PVEV","nombre":"U PVEV","decreto":""},"geometry":{"type":"Polygon","coordinates":[[[-70.56485999734572,-33.37605984034252],[-70.5648927452925,-33.3758814925179],[-70.5652875583856,-33.37593252372686],[-70.56519875864429,-33.37618799768918],[-70.56485999734572,-33.37605984034252]]]}},{"type":"Feature","properties":{"comuna":"Vitacura","zona":"U PVEV","zona_code":"U PVEV","nombre":"U PVEV","decreto":""},"geometry":{"type":"Polygon","coordinates":[[[-70.56480937905792,-33.37604106538416],[-70.56453529617033,-33.37594041146623],[-70.56455282421992,-33.375835893404535],[-70.56484848618297,-33.375874116126525],[-70.56480937905792,-33.37604106538416]]]}},{"type":"Feature","properties":{"comuna":"Vitacura","zona":"U PVEV","zona_code":"U PVEV","nombre":"U PVEV","decreto":""},"geometry":{"type":"Polygon","coordinates":[[[-70.56440943662989,-33.37589353448555],[-70.56390630777204,-33.37574400546439],[-70.56388667984723,-33.37555719295803],[-70.56446051663409,-33.375627781088184],[-70.56440943662989,-33.37589353448555]]]}},{"type":"Feature","properties":{"comuna":"Vitacura","zona":"U PVEV","zona_code":"U PVEV","nombre":"U PVEV","decreto":""},"geometry":{"type":"Polygon","coordinates":[[[-70.56290345278441,-33.37568173132673],[-70.56281849213762,-33.374804197457756],[-70.56320427435641,-33.37477628575676],[-70.56328225611584,-33.37553499471493],[-70.56373874059405,-33.37552670956566],[-70.56374038066826,-33.375708171715885],[-70.56290345278441,-33.37568173132673]]]}},{"type":"Feature","properties":{"comuna":"Vitacura","zona":"U PVEV","zona_code":"U PVEV","nombre":"U PVEV","decreto":""},"geometry":{"type":"Polygon","coordinates":[[[-70.56216673104107,-33.37571523072282],[-70.56206489520433,-33.37516435489774],[-70.56214086440693,-33.375051212144946],[-70.56238471727019,-33.37503438746008],[-70.5624289419139,-33.37548558897805],[-70.5628115598532,-33.37547085282794],[-70.56283349169519,-33.375684255531304],[-70.56216673104107,-33.37571523072282]]]}},{"type":"Feature","properties":{"comuna":"Vitacura","zona":"U PVEV","zona_code":"U PVEV","nombre":"U PVEV","decreto":""},"geometry":{"type":"Polygon","coordinates":[[[-70.56131941011002,-33.375437207707044],[-70.5620460650865,-33.375431990428226],[-70.56207318386743,-33.375731072297434],[-70.56152281135027,-33.375751006790914],[-70.56131941011002,-33.375437207707044]]]}},{"type":"Feature","properties":{"comuna":"Vitacura","zona":"U PVEV","zona_code":"U PVEV","nombre":"U PVEV","decreto":""},"geometry":{"type":"MultiPolygon","coordinates":[[[[-70.56101199631321,-33.375231773410356],[-70.56108258020969,-33.375600739731226],[-70.56097797715275,-33.375715396384145],[-70.55904842588849,-33.37567150739601],[-70.55505455387251,-33.37552746343756],[-70.55351599419255,-33.375319379190636],[-70.5534818473902,-33.37500084881591],[-70.55403471174496,-33.37505814799599],[-70.55408257160019,-33.37477856276351],[-70.55439560382237,-33.37481612407051],[-70.55441140037755,-33.37472755380624],[-70.55451841968988,-33.37483271478917],[-70.55496622062711,-33.37489299961238],[-70.55492227373448,-33.37457733231031],[-70.5552940573361,-33.37453738967184],[-70.55531557976347,-33.374678367893225],[-70.55661048635017,-33.374507752542186],[-70.55665036889528,-33.37490312341006],[-70.55755606928174,-33.375034982895826],[-70.55965716994149,-33.374971675803835],[-70.5596988856518,-33.37537441215713],[-70.56101199631321,-33.375231773410356]]],[[[-70.5610027892389,-33.37518000577669],[-70.56100059659447,-33.375167681615665],[-70.56101585987992,-33.375178977400104],[-70.5610027892389,-33.37518000577669]]]]}},{"type":"Feature","properties":{"comuna":"Vitacura","zona":"U PVEV","zona_code":"U PVEV","nombre":"U PVEV","decreto":""},"geometry":{"type":"Polygon","coordinates":[[[-70.54936301379365,-33.37299069953213],[-70.54948731451802,-33.37294380979511],[-70.54997307469026,-33.37339350070665],[-70.55054322850542,-33.373579101056755],[-70.55054369606013,-33.373933106459205],[-70.55075354759342,-33.374018849769804],[-70.55137652012722,-33.37389340660827],[-70.55140968680828,-33.374401995456516],[-70.55225932925583,-33.3744581825017],[-70.5526106854656,-33.3742571693282],[-70.55311474224425,-33.37443574201956],[-70.55324563446231,-33.37533698177905],[-70.54942151137661,-33.37420452269493],[-70.54936301379365,-33.37299069953213]]]}},{"type":"Feature","properties":{"comuna":"Vitacura","zona":"U PCsz","zona_code":"U PCsz","nombre":"U PCsz","decreto":""},"geometry":{"type":"Polygon","coordinates":[[[-70.5177970936249,-33.37257477931095],[-70.51849852050064,-33.37157279403023],[-70.51932815588194,-33.37191845257698],[-70.52000990928438,-33.37227922086109],[-70.52047138093613,-33.37271098358475],[-70.52141943312459,-33.37312049311181],[-70.52162797031502,-33.3727809089497],[-70.52369783694301,-33.37368136443223],[-70.52336021098513,-33.374204744004246],[-70.52409657327811,-33.37445213006091],[-70.52452797071699,-33.37478138242506],[-70.52445729295016,-33.374848100554225],[-70.52506184505009,-33.37507879385159],[-70.52500735126306,-33.375156229481796],[-70.52603393000526,-33.375758469155876],[-70.52580013228729,-33.376053498232906],[-70.5177970936249,-33.37257477931095]]]}},{"type":"Feature","properties":{"comuna":"Vitacura","zona":"U-V","zona_code":"U-V","nombre":"U-V","decreto":""},"geometry":{"type":"Polygon","coordinates":[[[-70.53372301678628,-33.37853768683506],[-70.53300715334393,-33.37921435696462],[-70.53174733230018,-33.378136751806004],[-70.53193118930231,-33.37796852666832],[-70.53372301678628,-33.37853768683506]]]}},{"type":"Feature","properties":{"comuna":"Vitacura","zona":"U-V","zona_code":"U-V","nombre":"U-V","decreto":""},"geometry":{"type":"Polygon","coordinates":[]}},{"type":"Feature","properties":{"comuna":"Vitacura","zona":"U-V","zona_code":"U-V","nombre":"U-V","decreto":""},"geometry":{"type":"MultiPolygon","coordinates":[[[[-70.53695141677811,-33.37821532845778],[-70.53700355811743,-33.3784764565855],[-70.53732788707875,-33.37893855516346],[-70.53680969446616,-33.378930913501],[-70.5358894422114,-33.37862754658265],[-70.5351044186581,-33.37867890556532],[-70.53503464163357,-33.37834612774568],[-70.53122669138182,-33.37714271315942],[-70.53139740982151,-33.37690122188275],[-70.53411087326018,-33.377804277468336],[-70.5352561728068,-33.3780376786481],[-70.53695141677811,-33.37821532845778]]],[[[-70.53695141677811,-33.37821532845778],[-70.53695188021466,-33.37820012377524],[-70.53698378211537,-33.3782183221953],[-70.53695141677811,-33.37821532845778]]]]}},{"type":"Feature","properties":{"comuna":"Vitacura","zona":"U Ee2","zona_code":"U Ee2","nombre":"U Ee2","decreto":""},"geometry":{"type":"MultiPolygon","coordinates":[[[[-70.5351044186581,-33.37867890556532],[-70.53372301678628,-33.37853768683506],[-70.53193118930231,-33.37796852666832],[-70.53099788644295,-33.377540382566984],[-70.53122669138182,-33.37714271315942],[-70.53503464163357,-33.37834612774568],[-70.5351044186581,-33.37867890556532]]],[[[-70.5351044186581,-33.37867890556532],[-70.5358894422114,-33.37862754658265],[-70.53691204880775,-33.37893799890036],[-70.53678932377997,-33.37909231440746],[-70.5359522872902,-33.37875052118027],[-70.5351044186581,-33.37867890556532]]]]}},{"type":"Feature","properties":{"comuna":"Vitacura","zona":"U POCsz","zona_code":"U POCsz","nombre":"U POCsz","decreto":""},"geometry":{"type":"Polygon","coordinates":[[[-70.53578429478775,-33.380853925117236],[-70.53601803007255,-33.38053348955427],[-70.53659382165519,-33.38082497401787],[-70.53634802778717,-33.38113227922584],[-70.53578429478775,-33.380853925117236]]]}},{"type":"Feature","properties":{"comuna":"Vitacura","zona":"U-V","zona_code":"U-V","nombre":"U-V","decreto":""},"geometry":{"type":"Polygon","coordinates":[[[-70.53893446088954,-33.3855174287797],[-70.53911029580998,-33.38537488180925],[-70.54001853546407,-33.38578278512036],[-70.53992896285047,-33.385935016546995],[-70.53893446088954,-33.3855174287797]]]}},{"type":"Feature","properties":{"comuna":"Vitacura","zona":"U-V","zona_code":"U-V","nombre":"U-V","decreto":""},"geometry":{"type":"Polygon","coordinates":[[[-70.54009734853535,-33.38600749368851],[-70.5402178219173,-33.38584235547351],[-70.5405304412913,-33.38590488168498],[-70.5414990375322,-33.3863128164005],[-70.54137304982419,-33.386453645455305],[-70.54028647856511,-33.386022445479796],[-70.54023147710068,-33.386089948240645],[-70.54009734853535,-33.38600749368851]]]}},{"type":"Feature","properties":{"comuna":"Vitacura","zona":"U-V","zona_code":"U-V","nombre":"U-V","decreto":""},"geometry":{"type":"Polygon","coordinates":[[[-70.54054201377618,-33.385432279266425],[-70.54090352263792,-33.38560913864991],[-70.54074346941209,-33.38588792075452],[-70.5405718353,-33.385832784153706],[-70.54050719343601,-33.3859612366535],[-70.5402178219173,-33.38584235547351],[-70.54054201377618,-33.385432279266425]]]}},{"type":"Feature","properties":{"comuna":"Vitacura","zona":"U POC","zona_code":"U POC","nombre":"U POC","decreto":""},"geometry":{"type":"Polygon","coordinates":[[[-70.54126661593693,-33.38670954951787],[-70.5388492659104,-33.385694285262986],[-70.53885150764235,-33.385619690491566],[-70.53893446088954,-33.3855174287797],[-70.54023147710068,-33.386089948240645],[-70.54028647856511,-33.386022445479796],[-70.54141358969875,-33.3864640678031],[-70.54126661593693,-33.38670954951787]]]}},{"type":"Feature","properties":{"comuna":"Vitacura","zona":"U POC","zona_code":"U POC","nombre":"U POC","decreto":""},"geometry":{"type":"Polygon","coordinates":[[[-70.54232109957753,-33.3867138231752],[-70.54212462246831,-33.387056053152456],[-70.54142051071439,-33.38676559629846],[-70.5416113655425,-33.38644310482564],[-70.54232109957753,-33.3867138231752]]]}},{"type":"Feature","properties":{"comuna":"Vitacura","zona":"U-V","zona_code":"U-V","nombre":"U-V","decreto":""},"geometry":{"type":"Polygon","coordinates":[[[-70.5423549229355,-33.38692553723797],[-70.54244964955096,-33.386778498763924],[-70.54313651982999,-33.38704601811399],[-70.54304030748895,-33.387197629017315],[-70.5423549229355,-33.38692553723797]]]}},{"type":"Feature","properties":{"comuna":"Vitacura","zona":"U POC","zona_code":"U POC","nombre":"U POC","decreto":""},"geometry":{"type":"Polygon","coordinates":[[[-70.54292388479767,-33.38737508931291],[-70.54225930693539,-33.387110375186566],[-70.54225425058146,-33.387081804239315],[-70.5423549229355,-33.38692553723797],[-70.54304030748895,-33.387197629017315],[-70.54292388479767,-33.38737508931291]]]}},{"type":"Feature","properties":{"comuna":"Vitacura","zona":"U POCsz","zona_code":"U POCsz","nombre":"U POCsz","decreto":""},"geometry":{"type":"Polygon","coordinates":[[[-70.54304122128576,-33.387431613873574],[-70.543251080578,-33.38706046774884],[-70.54354283218194,-33.38717669852201],[-70.54345122365959,-33.38733499290082],[-70.54387377589948,-33.38751969670561],[-70.54377557609068,-33.387729473442604],[-70.54304122128576,-33.387431613873574]]]}},{"type":"Feature","properties":{"comuna":"Vitacura","zona":"U PVEV","zona_code":"U PVEV","nombre":"U PVEV","decreto":""},"geometry":{"type":"Polygon","coordinates":[[[-70.54522309889151,-33.387949060940194],[-70.54526715602398,-33.38784731736567],[-70.54556829969788,-33.387957441623236],[-70.54551988597036,-33.388059142162604],[-70.54522309889151,-33.387949060940194]]]}},{"type":"Feature","properties":{"comuna":"Vitacura","zona":"U POC","zona_code":"U POC","nombre":"U POC","decreto":""},"geometry":{"type":"Polygon","coordinates":[[[-70.54537355060971,-33.388343033133495],[-70.5450681294157,-33.388247865682665],[-70.54522309889151,-33.387949060940194],[-70.54551988597036,-33.388059142162604],[-70.54537355060971,-33.388343033133495]]]}},{"type":"Feature","properties":{"comuna":"Vitacura","zona":"U POC","zona_code":"U POC","nombre":"U POC","decreto":""},"geometry":{"type":"Polygon","coordinates":[[[-70.54946283706471,-33.38619390387693],[-70.54967973087106,-33.386311136037925],[-70.54881551630287,-33.3881019952615],[-70.5484929784168,-33.38801257828839],[-70.54928714394704,-33.386352529059735],[-70.54937143844313,-33.38638141980119],[-70.54946283706471,-33.38619390387693]]]}},{"type":"Feature","properties":{"comuna":"Vitacura","zona":"U POCsz","zona_code":"U POCsz","nombre":"U POCsz","decreto":""},"geometry":{"type":"Polygon","coordinates":[[[-70.549841588266,-33.385274960566804],[-70.55016166386494,-33.38537926747046],[-70.54977043191226,-33.386114036525704],[-70.54938341957514,-33.38595769798904],[-70.549841588266,-33.385274960566804]]]}},{"type":"Feature","properties":{"comuna":"Vitacura","zona":"U PVO","zona_code":"U PVO","nombre":"U PVO","decreto":""},"geometry":{"type":"Polygon","coordinates":[[[-70.54942703276718,-33.38513337947692],[-70.54984806421095,-33.38526405747358],[-70.54970573618205,-33.385551003880224],[-70.549627475701,-33.38552091609448],[-70.54966764680937,-33.3854371663826],[-70.5493230297904,-33.38530468056403],[-70.54942703276718,-33.38513337947692]]]}},{"type":"Feature","properties":{"comuna":"Vitacura","zona":"U-V","zona_code":"U-V","nombre":"U-V","decreto":""},"geometry":{"type":"Polygon","coordinates":[[[-70.54920484105394,-33.385607762154],[-70.54937374920901,-33.38532418019886],[-70.54966764680937,-33.3854371663826],[-70.54968285833073,-33.38554220796111],[-70.54951445619831,-33.385737341303845],[-70.54920484105394,-33.385607762154]]]}},{"type":"Feature","properties":{"comuna":"Vitacura","zona":"U POC","zona_code":"U POC","nombre":"U POC","decreto":""},"geometry":{"type":"Polygon","coordinates":[[[-70.5493368578234,-33.38594000606962],[-70.54908221886213,-33.385843252955326],[-70.54920484105394,-33.385607762154],[-70.54951445619831,-33.385737341303845],[-70.5493368578234,-33.38594000606962]]]}},{"type":"Feature","properties":{"comuna":"Vitacura","zona":"U PVO","zona_code":"U PVO","nombre":"U PVO","decreto":""},"geometry":{"type":"Polygon","coordinates":[[[-70.54909203749659,-33.38557765075741],[-70.54895458899001,-33.38579039607045],[-70.5483455904625,-33.38554176997954],[-70.54846895441915,-33.385341958659986],[-70.54909203749659,-33.38557765075741]]]}},{"type":"Feature","properties":{"comuna":"Vitacura","zona":"U PVO","zona_code":"U PVO","nombre":"U PVO","decreto":""},"geometry":{"type":"Polygon","coordinates":[[[-70.54835306649377,-33.385313201772036],[-70.54819231784572,-33.385491099090736],[-70.5475332301302,-33.38519591262138],[-70.54764739162414,-33.38501153389249],[-70.54835306649377,-33.385313201772036]]]}},{"type":"Feature","properties":{"comuna":"Vitacura","zona":"U POCsz","zona_code":"U POCsz","nombre":"U POCsz","decreto":""},"geometry":{"type":"Polygon","coordinates":[[[-70.55037079846335,-33.3843889225386],[-70.55050221162618,-33.384123797671734],[-70.55075297226895,-33.3842257351643],[-70.55061261995651,-33.38446482733531],[-70.55037079846335,-33.3843889225386]]]}},{"type":"Feature","properties":{"comuna":"Vitacura","zona":"U POCsz","zona_code":"U POCsz","nombre":"U POCsz","decreto":""},"geometry":{"type":"Polygon","coordinates":[[[-70.55010031325683,-33.384839331095215],[-70.55031382287791,-33.384456629268115],[-70.55058261040334,-33.38453678582996],[-70.55021718158956,-33.38526149203945],[-70.55004244921629,-33.38519570055577],[-70.55014193536331,-33.3850048869568],[-70.55006635375032,-33.38497719736428],[-70.55010031325683,-33.384839331095215]]]}},{"type":"Feature","properties":{"comuna":"Vitacura","zona":"U-V","zona_code":"U-V","nombre":"U-V","decreto":""},"geometry":{"type":"Polygon","coordinates":[[[-70.54923200302919,-33.38437544244336],[-70.54908498167649,-33.384679167097154],[-70.54864923699697,-33.3845123453025],[-70.54879374622922,-33.38420195173889],[-70.54923200302919,-33.38437544244336]]]}},{"type":"Feature","properties":{"comuna":"Vitacura","zona":"U PVO","zona_code":"U PVO","nombre":"U PVO","decreto":""},"geometry":{"type":"Polygon","coordinates":[[[-70.54945071200424,-33.384603500750416],[-70.54979774972728,-33.38385204839508],[-70.55050221162618,-33.384123797671734],[-70.55038814625657,-33.3843173044646],[-70.5501053756366,-33.38421884502111],[-70.55006537788014,-33.384080335177664],[-70.54982593780234,-33.38453192277516],[-70.55025639086749,-33.38458619781389],[-70.55010031325683,-33.384839331095215],[-70.55006635375032,-33.38497719736428],[-70.55014193536331,-33.3850048869568],[-70.55004244921629,-33.38519570055577],[-70.54977908923374,-33.3850965380069],[-70.54983397385035,-33.38498571309132],[-70.54972021685178,-33.38507436987318],[-70.54949556316573,-33.38498978060328],[-70.54954871266398,-33.38488075412014],[-70.5494354793757,-33.38496755170318],[-70.54909680723502,-33.384834336235116],[-70.54916302117768,-33.3846923663356],[-70.54931723241731,-33.38475357778402],[-70.54945071200424,-33.384603500750416]]]}},{"type":"Feature","properties":{"comuna":"Vitacura","zona":"U-V","zona_code":"U-V","nombre":"U-V","decreto":""},"geometry":{"type":"Polygon","coordinates":[[[-70.54813359375854,-33.384216176044106],[-70.54854500856393,-33.38334408943511],[-70.5488191918488,-33.38343982248362],[-70.548648782814,-33.38382472920539],[-70.54964038811181,-33.384194343321],[-70.54931723241731,-33.38475357778402],[-70.54916302117768,-33.3846923663356],[-70.54935919193679,-33.38435592564279],[-70.54870082947551,-33.38412075799544],[-70.54856546397659,-33.3844809187304],[-70.54813359375854,-33.384216176044106]]]}},{"type":"Feature","properties":{"comuna":"Vitacura","zona":"U PVO","zona_code":"U PVO","nombre":"U PVO","decreto":""},"geometry":{"type":"Polygon","coordinates":[[[-70.54908498167649,-33.384679167097154],[-70.54901772734674,-33.38480285319293],[-70.54859373037544,-33.38463157010938],[-70.54864923699697,-33.3845123453025],[-70.54908498167649,-33.384679167097154]]]}},{"type":"Feature","properties":{"comuna":"Vitacura","zona":"U PVO","zona_code":"U PVO","nombre":"U PVO","decreto":""},"geometry":{"type":"Polygon","coordinates":[[[-70.54856546397659,-33.3844809187304],[-70.54850747391791,-33.38460517255142],[-70.54804842933235,-33.38442395363399],[-70.54806085318602,-33.38434492815112],[-70.54813359375854,-33.384216176044106],[-70.54856546397659,-33.3844809187304]]]}},{"type":"Feature","properties":{"comuna":"Vitacura","zona":"U PVO","zona_code":"U PVO","nombre":"U PVO","decreto":""},"geometry":{"type":"Polygon","coordinates":[[[-70.54854500856393,-33.38334408943511],[-70.54862272453443,-33.383184034832446],[-70.54890268974768,-33.38325842809421],[-70.5488191918488,-33.38343982248362],[-70.54854500856393,-33.38334408943511]]]}},{"type":"Feature","properties":{"comuna":"Vitacura","zona":"U POC","zona_code":"U POC","nombre":"U POC","decreto":""},"geometry":{"type":"Polygon","coordinates":[[[-70.54805010865364,-33.382906930505065],[-70.54813650370329,-33.38274900450728],[-70.54864885572671,-33.38293111642335],[-70.54854116889905,-33.38314924189098],[-70.54805010865364,-33.382906930505065]]]}},{"type":"Feature","properties":{"comuna":"Vitacura","zona":"U PVO","zona_code":"U PVO","nombre":"U PVO","decreto":""},"geometry":{"type":"Polygon","coordinates":[[[-70.54788809528866,-33.38318952740712],[-70.54804816340364,-33.382906291009604],[-70.54855719456727,-33.383155040116776],[-70.54845858036109,-33.38331654139436],[-70.54788809528866,-33.38318952740712]]]}},{"type":"Feature","properties":{"comuna":"Vitacura","zona":"U-V","zona_code":"U-V","nombre":"U-V","decreto":""},"geometry":{"type":"Polygon","coordinates":[[[-70.54788809528866,-33.38318952740712],[-70.54845858036109,-33.38331654139436],[-70.54793243387374,-33.38435945550266],[-70.54750796798207,-33.384196172091336],[-70.54788809528866,-33.38318952740712]]]}},{"type":"Feature","properties":{"comuna":"Vitacura","zona":"U POCsz","zona_code":"U POCsz","nombre":"U POCsz","decreto":""},"geometry":{"type":"Polygon","coordinates":[[[-70.54741573634828,-33.38295408589447],[-70.54755392475245,-33.3825249147823],[-70.54801675667352,-33.38268996972629],[-70.54785416581205,-33.38301651469686],[-70.54741573634828,-33.38295408589447]]]}},{"type":"Feature","properties":{"comuna":"Vitacura","zona":"U POC","zona_code":"U POC","nombre":"U POC","decreto":""},"geometry":{"type":"Polygon","coordinates":[[[-70.54735235620709,-33.38269921395909],[-70.54741681205103,-33.38247601724307],[-70.54755392475245,-33.3825249147823],[-70.54748646909198,-33.382734409264984],[-70.54735235620709,-33.38269921395909]]]}},{"type":"Feature","properties":{"comuna":"Vitacura","zona":"U PVO","zona_code":"U PVO","nombre":"U PVO","decreto":""},"geometry":{"type":"Polygon","coordinates":[[[-70.54729073482453,-33.382914947648025],[-70.54735235620709,-33.38269921395909],[-70.54748646909198,-33.382734409264984],[-70.54741573634828,-33.38295408589447],[-70.54729073482453,-33.382914947648025]]]}},{"type":"Feature","properties":{"comuna":"Vitacura","zona":"U POC","zona_code":"U POC","nombre":"U POC","decreto":""},"geometry":{"type":"Polygon","coordinates":[[[-70.54723891601625,-33.382663986213345],[-70.54652028018286,-33.38235572713804],[-70.54658348107496,-33.3821433849068],[-70.54733529068396,-33.38245280283244],[-70.54723891601625,-33.382663986213345]]]}},{"type":"Feature","properties":{"comuna":"Vitacura","zona":"U PVO","zona_code":"U PVO","nombre":"U PVO","decreto":""},"geometry":{"type":"Polygon","coordinates":[[[-70.54712970976345,-33.38279324477959],[-70.54647241417881,-33.38251655024266],[-70.54652028018286,-33.38235572713804],[-70.54723762015684,-33.38271935982049],[-70.54712970976345,-33.38279324477959]]]}},{"type":"Feature","properties":{"comuna":"Vitacura","zona":"U POCsz","zona_code":"U POCsz","nombre":"U POCsz","decreto":""},"geometry":{"type":"Polygon","coordinates":[[[-70.54455378159466,-33.381602498184556],[-70.54466193218659,-33.3814238641332],[-70.54639141193014,-33.38207760576178],[-70.54633320250892,-33.38226904210779],[-70.54455378159466,-33.381602498184556]]]}},{"type":"Feature","properties":{"comuna":"Vitacura","zona":"U PVO","zona_code":"U PVO","nombre":"U PVO","decreto":""},"geometry":{"type":"Polygon","coordinates":[[[-70.54504414763343,-33.38196792075357],[-70.54447124955117,-33.381738823063564],[-70.54455378159466,-33.381602498184556],[-70.54633320250892,-33.38226904210779],[-70.54627852606052,-33.3824488654481],[-70.54543329958558,-33.382085136988096],[-70.54529979712335,-33.3822377551144],[-70.54520716952148,-33.38221489223473],[-70.54500086569017,-33.382114321567364],[-70.54504414763343,-33.38196792075357]]]}},{"type":"Feature","properties":{"comuna":"Vitacura","zona":"U-V","zona_code":"U-V","nombre":"U-V","decreto":""},"geometry":{"type":"Polygon","coordinates":[[[-70.54529979712335,-33.3822377551144],[-70.5450408990361,-33.382658606629434],[-70.54462743677563,-33.382529082115234],[-70.54487997870179,-33.382012916262426],[-70.54529979712335,-33.3822377551144]]]}},{"type":"Feature","properties":{"comuna":"Vitacura","zona":"U POCsz","zona_code":"U POCsz","nombre":"U POCsz","decreto":""},"geometry":{"type":"Polygon","coordinates":[[[-70.54266898290756,-33.38124432443479],[-70.5425771483941,-33.381192743734246],[-70.54290002557575,-33.38075325584455],[-70.54451426693909,-33.38136550708353],[-70.54439913327384,-33.381556920585865],[-70.54355493466842,-33.38123023595072],[-70.54346494417554,-33.38135104369919],[-70.54283919201491,-33.381018774433144],[-70.54266898290756,-33.38124432443479]]]}},{"type":"Feature","properties":{"comuna":"Vitacura","zona":"U POC","zona_code":"U POC","nombre":"U POC","decreto":""},"geometry":{"type":"Polygon","coordinates":[[[-70.5419892382287,-33.38042867963222],[-70.54162368783693,-33.381038467325546],[-70.54107552396235,-33.38027597921639],[-70.54118219944242,-33.380106879137905],[-70.5419892382287,-33.38042867963222]]]}},{"type":"Feature","properties":{"comuna":"Vitacura","zona":"U POCsz","zona_code":"U POCsz","nombre":"U POCsz","decreto":""},"geometry":{"type":"MultiPolygon","coordinates":[[[[-70.5426630010276,-33.38067849535924],[-70.54252566434495,-33.38085995619496],[-70.54206968854103,-33.380694511100955],[-70.54194377706794,-33.38090322581636],[-70.54175554055597,-33.38082329760048],[-70.54199676416849,-33.380414620025476],[-70.5426630010276,-33.38067849535924]]],[[[-70.54266324893145,-33.380678167610576],[-70.54266793226785,-33.38066956884707],[-70.54266309716577,-33.380683938648026],[-70.54266324893145,-33.380678167610576]]]]}},{"type":"Feature","properties":{"comuna":"Vitacura","zona":"U PVO","zona_code":"U PVO","nombre":"U PVO","decreto":""},"geometry":{"type":"Polygon","coordinates":[[[-70.5419438436697,-33.3809032231851],[-70.54206968854103,-33.380694511100955],[-70.54252566434495,-33.38085995619496],[-70.5423593448863,-33.381079714438826],[-70.5419438436697,-33.3809032231851]]]}},{"type":"Feature","properties":{"comuna":"Vitacura","zona":"U-V","zona_code":"U-V","nombre":"U-V","decreto":""},"geometry":{"type":"Polygon","coordinates":[[[-70.54162368783693,-33.381038467325546],[-70.54175562502188,-33.380823332625184],[-70.5423593448863,-33.381079714438826],[-70.5420846387717,-33.38143023704732],[-70.54162368783693,-33.381038467325546]]]}},{"type":"Feature","properties":{"comuna":"Vitacura","zona":"U PVO","zona_code":"U PVO","nombre":"U PVO","decreto":""},"geometry":{"type":"Polygon","coordinates":[[[-70.53929952504785,-33.37962915484946],[-70.53955033065365,-33.37972265915705],[-70.53936590221171,-33.38001432828415],[-70.53906170419035,-33.37986874632816],[-70.53918280655847,-33.379847436947976],[-70.53929952504785,-33.37962915484946]]]}},{"type":"Feature","properties":{"comuna":"Vitacura","zona":"U POC","zona_code":"U POC","nombre":"U POC","decreto":""},"geometry":{"type":"Polygon","coordinates":[[[-70.53940355571402,-33.379434257264194],[-70.54001289429796,-33.379672238334265],[-70.5397600520707,-33.38000484617715],[-70.53938809098126,-33.3800075867534],[-70.53955033065365,-33.37972265915705],[-70.53929952504785,-33.37962915484946],[-70.53940355571402,-33.379434257264194]]]}},{"type":"Feature","properties":{"comuna":"Vitacura","zona":"U POCsz","zona_code":"U POCsz","nombre":"U POCsz","decreto":""},"geometry":{"type":"Polygon","coordinates":[[[-70.54175991172652,-33.38003673029945],[-70.54124614652623,-33.37984722070334],[-70.54128522992103,-33.379509117633134],[-70.54156889120198,-33.3795649271626],[-70.54153847754121,-33.37974418748389],[-70.5418028306836,-33.37984173596485],[-70.54175991172652,-33.38003673029945]]]}},{"type":"Feature","properties":{"comuna":"Vitacura","zona":"U PVO","zona_code":"U PVO","nombre":"U PVO","decreto":""},"geometry":{"type":"Polygon","coordinates":[[[-70.54181117502459,-33.37963988420789],[-70.5418028306836,-33.37984173596485],[-70.54153847754121,-33.37974418748389],[-70.54156716588311,-33.379575098047326],[-70.54181117502459,-33.37963988420789]]]}},{"type":"Feature","properties":{"comuna":"Vitacura","zona":"U PVO","zona_code":"U PVO","nombre":"U PVO","decreto":""},"geometry":{"type":"Polygon","coordinates":[[[-70.54217446265487,-33.37989724472079],[-70.54193293921271,-33.379868403316394],[-70.54196014733233,-33.379693692008374],[-70.54220556814109,-33.37971571743115],[-70.54217446265487,-33.37989724472079]]]}},{"type":"Feature","properties":{"comuna":"Vitacura","zona":"U POC","zona_code":"U POC","nombre":"U POC","decreto":""},"geometry":{"type":"Polygon","coordinates":[[[-70.54220036694093,-33.37974637111037],[-70.54296057159326,-33.379995242716724],[-70.54289576389452,-33.3804560113404],[-70.54189885465158,-33.38008727360026],[-70.54193293921271,-33.379868403316394],[-70.54217476642711,-33.37989728062729],[-70.54220036694093,-33.37974637111037]]]}},{"type":"Feature","properties":{"comuna":"Vitacura","zona":"U POCsz","zona_code":"U POCsz","nombre":"U POCsz","decreto":""},"geometry":{"type":"Polygon","coordinates":[[[-70.54480103665907,-33.38082040688601],[-70.54463882717576,-33.381110729250224],[-70.54304371138889,-33.38051880938417],[-70.54306681936825,-33.38033568407745],[-70.54447204009625,-33.380828490856196],[-70.54452882659471,-33.38072138716807],[-70.54480103665907,-33.38082040688601]]]}},{"type":"Feature","properties":{"comuna":"Vitacura","zona":"U PVO","zona_code":"U PVO","nombre":"U PVO","decreto":""},"geometry":{"type":"Polygon","coordinates":[[[-70.54551503957296,-33.381243035627485],[-70.54499746762127,-33.38105782256146],[-70.54509661898359,-33.38083858516719],[-70.54538199486622,-33.38094001625584],[-70.54534732081355,-33.38115158605032],[-70.54551503957296,-33.381243035627485]]]}},{"type":"Feature","properties":{"comuna":"Vitacura","zona":"U POC","zona_code":"U POC","nombre":"U POC","decreto":""},"geometry":{"type":"Polygon","coordinates":[[[-70.54551202269637,-33.381248353544116],[-70.5453996515701,-33.381408640383576],[-70.54478318658595,-33.381160520035166],[-70.5449903015401,-33.38079794388398],[-70.54509661898359,-33.38083858516719],[-70.54499746762127,-33.38105782256146],[-70.54551202269637,-33.381248353544116]]]}},{"type":"Feature","properties":{"comuna":"Vitacura","zona":"U PVO","zona_code":"U PVO","nombre":"U PVO","decreto":""},"geometry":{"type":"Polygon","coordinates":[[[-70.54578308155013,-33.38127567192772],[-70.54586063128842,-33.381176122665025],[-70.54596745176316,-33.38121695532623],[-70.54590956311971,-33.38132401926056],[-70.54578308155013,-33.38127567192772]]]}},{"type":"Feature","properties":{"comuna":"Vitacura","zona":"U POCsz","zona_code":"U POCsz","nombre":"U POCsz","decreto":""},"geometry":{"type":"MultiPolygon","coordinates":[[[[-70.54637015983224,-33.38124617384462],[-70.54605878171036,-33.38164874789599],[-70.54548378307136,-33.38142951304311],[-70.54557879849813,-33.381269888710655],[-70.54590956311971,-33.38132401926056],[-70.5460514568083,-33.38112052349442],[-70.54637015983224,-33.38124617384462]]],[[[-70.54613502674437,-33.381152371034254],[-70.54612480897505,-33.381148293906655],[-70.5462811933476,-33.38120807172877],[-70.54613502674437,-33.381152371034254]]]]}},{"type":"Feature","properties":{"comuna":"Vitacura","zona":"U POCsz","zona_code":"U POCsz","nombre":"U POCsz","decreto":""},"geometry":{"type":"Polygon","coordinates":[[[-70.54643844900859,-33.381791163254974],[-70.54612671401013,-33.38167413458922],[-70.54621216241996,-33.38152429503837],[-70.54651956911097,-33.38164630155116],[-70.54643844900859,-33.381791163254974]]]}},{"type":"Feature","properties":{"comuna":"Vitacura","zona":"U POCsz","zona_code":"U POCsz","nombre":"U POCsz","decreto":""},"geometry":{"type":"Polygon","coordinates":[[[-70.54808121770084,-33.38222881462156],[-70.54800136382671,-33.38239077593975],[-70.54762649736831,-33.38220520790954],[-70.54770154296943,-33.38207446485733],[-70.54808121770084,-33.38222881462156]]]}},{"type":"Feature","properties":{"comuna":"Vitacura","zona":"U POCsz","zona_code":"U POCsz","nombre":"U POCsz","decreto":""},"geometry":{"type":"Polygon","coordinates":[[[-70.54817790331076,-33.38246370679525],[-70.54822079100171,-33.38229184159966],[-70.54856947437143,-33.3824109542637],[-70.54848988864444,-33.382576719248156],[-70.54817790331076,-33.38246370679525]]]}},{"type":"Feature","properties":{"comuna":"Vitacura","zona":"U PVO","zona_code":"U PVO","nombre":"U PVO","decreto":""},"geometry":{"type":"Polygon","coordinates":[[[-70.54822079100171,-33.38229184159966],[-70.54833051209789,-33.38200886412088],[-70.5487527567133,-33.38216065058903],[-70.54856947437143,-33.3824109542637],[-70.54822079100171,-33.38229184159966]]]}},{"type":"Feature","properties":{"comuna":"Vitacura","zona":"U PVO","zona_code":"U PVO","nombre":"U PVO","decreto":""},"geometry":{"type":"Polygon","coordinates":[[[-70.54770154296943,-33.38207446485733],[-70.54772224945644,-33.38180100420694],[-70.54817858968467,-33.381951289702215],[-70.54808121770084,-33.38222881462156],[-70.54770154296943,-33.38207446485733]]]}},{"type":"Feature","properties":{"comuna":"Vitacura","zona":"U-V","zona_code":"U-V","nombre":"U-V","decreto":""},"geometry":{"type":"Polygon","coordinates":[[[-70.54772224945644,-33.38180100420694],[-70.54780962408252,-33.38149662264166],[-70.54826173143978,-33.38171432625745],[-70.54817858968467,-33.381951289702215],[-70.54772224945644,-33.38180100420694]]]}},{"type":"Feature","properties":{"comuna":"Vitacura","zona":"U-V","zona_code":"U-V","nombre":"U-V","decreto":""},"geometry":{"type":"Polygon","coordinates":[[[-70.54893285109183,-33.38189115356194],[-70.5487527567133,-33.38216065058903],[-70.54833051209789,-33.38200886412088],[-70.5484299262908,-33.38175903193518],[-70.54893285109183,-33.38189115356194]]]}},{"type":"Feature","properties":{"comuna":"Vitacura","zona":"U PVO","zona_code":"U PVO","nombre":"U PVO","decreto":""},"geometry":{"type":"Polygon","coordinates":[[[-70.54865300875299,-33.38241963916341],[-70.54890491270862,-33.38225360100102],[-70.54922077558297,-33.38236388201263],[-70.54912616859036,-33.38254361069439],[-70.54865300875299,-33.38241963916341]]]}},{"type":"Feature","properties":{"comuna":"Vitacura","zona":"U PVO","zona_code":"U PVO","nombre":"U PVO","decreto":""},"geometry":{"type":"Polygon","coordinates":[[[-70.54992531688283,-33.38291014740158],[-70.54960597547571,-33.382791310725324],[-70.54973299119257,-33.3825846598326],[-70.54998328635251,-33.382717366944945],[-70.54992531688283,-33.38291014740158]]]}},{"type":"Feature","properties":{"comuna":"Vitacura","zona":"U-V","zona_code":"U-V","nombre":"U-V","decreto":""},"geometry":{"type":"Polygon","coordinates":[[[-70.54395921492466,-33.387329405350414],[-70.543251080578,-33.38706046774884],[-70.54368703914915,-33.38643550263077],[-70.54430171614449,-33.386628387175385],[-70.54395921492466,-33.387329405350414]]]}},{"type":"Feature","properties":{"comuna":"Vitacura","zona":"U-V","zona_code":"U-V","nombre":"U-V","decreto":""},"geometry":{"type":"Polygon","coordinates":[[[-70.54387377589948,-33.38751969670561],[-70.54345122365959,-33.38733499290082],[-70.54354283218194,-33.38717669852201],[-70.54395921492466,-33.387329405350414],[-70.54387377589948,-33.38751969670561]]]}},{"type":"Feature","properties":{"comuna":"Vitacura","zona":"U Ee1","zona_code":"U Ee1","nombre":"U Ee1","decreto":""},"geometry":{"type":"Polygon","coordinates":[[[-70.55530652057564,-33.377519313995315],[-70.55519441839856,-33.37709604630736],[-70.55533122996232,-33.37699292043338],[-70.55555806475508,-33.377015846864005],[-70.55554413441902,-33.37754208549664],[-70.55530652057564,-33.377519313995315]]]}},{"type":"Feature","properties":{"comuna":"Vitacura","zona":"U-V","zona_code":"U-V","nombre":"U-V","decreto":""},"geometry":{"type":"Polygon","coordinates":[[[-70.55635768445963,-33.38440051360793],[-70.55630018777929,-33.38480114196001],[-70.55538893121488,-33.38462502787188],[-70.55548093874667,-33.38420152563467],[-70.55635768445963,-33.38440051360793]]]}},{"type":"Feature","properties":{"comuna":"Vitacura","zona":"U POC","zona_code":"U POC","nombre":"U POC","decreto":""},"geometry":{"type":"Polygon","coordinates":[[[-70.55625306582652,-33.38510652567857],[-70.5548550532332,-33.38471643483338],[-70.55510326513657,-33.38406186408594],[-70.55536805171177,-33.38417132539756],[-70.55518751690217,-33.38461502565556],[-70.55626239411019,-33.38487893874997],[-70.55625306582652,-33.38510652567857]]]}},{"type":"Feature","properties":{"comuna":"Vitacura","zona":"U POC","zona_code":"U POC","nombre":"U POC","decreto":""},"geometry":{"type":"Polygon","coordinates":[[[-70.55648292092819,-33.385029366372535],[-70.55653741802398,-33.384657472443735],[-70.5568158129475,-33.384676564108574],[-70.55678804040596,-33.38505753455998],[-70.55648292092819,-33.385029366372535]]]}},{"type":"Feature","properties":{"comuna":"Vitacura","zona":"U PVO","zona_code":"U PVO","nombre":"U PVO","decreto":""},"geometry":{"type":"Polygon","coordinates":[[[-70.55678804040596,-33.38505753455998],[-70.5568158129475,-33.384676564108574],[-70.55765368390955,-33.38469660032998],[-70.55758212230184,-33.38495240095403],[-70.55699211865678,-33.384883449469164],[-70.55690742247205,-33.38507376169414],[-70.55678804040596,-33.38505753455998]]]}},{"type":"Feature","properties":{"comuna":"Vitacura","zona":"U PVO","zona_code":"U PVO","nombre":"U PVO","decreto":""},"geometry":{"type":"Polygon","coordinates":[[[-70.55748054385639,-33.38519188235655],[-70.55719331069578,-33.38516363752678],[-70.55720511861901,-33.38499820107446],[-70.5574896854128,-33.38503230530115],[-70.55748054385639,-33.38519188235655]]]}},{"type":"Feature","properties":{"comuna":"Vitacura","zona":"U-V","zona_code":"U-V","nombre":"U-V","decreto":""},"geometry":{"type":"Polygon","coordinates":[[[-70.5590240270051,-33.38442361127182],[-70.55895602026197,-33.38491601230626],[-70.55843214412928,-33.38488680026364],[-70.55848249477589,-33.38436121581567],[-70.5590240270051,-33.38442361127182]]]}},{"type":"Feature","properties":{"comuna":"Vitacura","zona":"U-V","zona_code":"U-V","nombre":"U-V","decreto":""},"geometry":{"type":"Polygon","coordinates":[[[-70.55776779246503,-33.38482412875447],[-70.55781334679978,-33.384479380450365],[-70.5583743075971,-33.38435541566121],[-70.55830392373814,-33.38487409277745],[-70.55776779246503,-33.38482412875447]]]}},{"type":"Feature","properties":{"comuna":"Vitacura","zona":"U PVO","zona_code":"U PVO","nombre":"U PVO","decreto":""},"geometry":{"type":"Polygon","coordinates":[[[-70.55775675378896,-33.3849069128138],[-70.55889261731551,-33.38502895740519],[-70.55889986899817,-33.38535100503366],[-70.55851846363481,-33.3853095438089],[-70.55853754914284,-33.385171939827195],[-70.55773196056859,-33.385092833688574],[-70.55775675378896,-33.3849069128138]]]}},{"type":"Feature","properties":{"comuna":"Vitacura","zona":"U-V","zona_code":"U-V","nombre":"U-V","decreto":""},"geometry":{"type":"Polygon","coordinates":[[[-70.56103295157452,-33.38464062878857],[-70.56096938139186,-33.385122113948704],[-70.56043478812839,-33.38512793775329],[-70.56052583926757,-33.38459451063658],[-70.56103295157452,-33.38464062878857]]]}},{"type":"Feature","properties":{"comuna":"Vitacura","zona":"U-V","zona_code":"U-V","nombre":"U-V","decreto":""},"geometry":{"type":"Polygon","coordinates":[[[-70.56034510543914,-33.385012281481536],[-70.5597757257839,-33.3849462746878],[-70.55983367343366,-33.384527970296816],[-70.56037180947723,-33.3845593834258],[-70.56034510543914,-33.385012281481536]]]}},{"type":"Feature","properties":{"comuna":"Vitacura","zona":"U-V","zona_code":"U-V","nombre":"U-V","decreto":""},"geometry":{"type":"Polygon","coordinates":[[[-70.55966646078251,-33.38490231936131],[-70.55914739343483,-33.38483717794709],[-70.55920110104552,-33.38446433698528],[-70.55970799904154,-33.384498530006034],[-70.55966646078251,-33.38490231936131]]]}},{"type":"Feature","properties":{"comuna":"Vitacura","zona":"U PC","zona_code":"U PC","nombre":"U PC","decreto":""},"geometry":{"type":"Polygon","coordinates":[[[-70.55906413214547,-33.385415180300384],[-70.5596012456374,-33.38547716598105],[-70.55962825861053,-33.385289348275904],[-70.5598967177105,-33.38535040004556],[-70.55984919641725,-33.38566571386973],[-70.559041668184,-33.385571125311735],[-70.55906413214547,-33.385415180300384]]]}},{"type":"Feature","properties":{"comuna":"Vitacura","zona":"U PC","zona_code":"U PC","nombre":"U PC","decreto":""},"geometry":{"type":"Polygon","coordinates":[[[-70.55757486281817,-33.38546069504979],[-70.55759917209613,-33.38522893386731],[-70.55771304804227,-33.38523466146329],[-70.55773196056859,-33.385092833688574],[-70.55853754914284,-33.385171939827195],[-70.55851846363481,-33.3853095438089],[-70.55889986899817,-33.38535100503366],[-70.55885323889726,-33.38559925124768],[-70.55757486281817,-33.38546069504979]]]}},{"type":"Feature","properties":{"comuna":"Vitacura","zona":"U PC","zona_code":"U PC","nombre":"U PC","decreto":""},"geometry":{"type":"Polygon","coordinates":[[[-70.56066891817748,-33.38555469900403],[-70.56174510890901,-33.38565532376449],[-70.56170897676043,-33.38590860998219],[-70.56007119026923,-33.38573364784337],[-70.56012701752928,-33.38535593520448],[-70.56070049931341,-33.385411062944115],[-70.56066891817748,-33.38555469900403]]]}},{"type":"Feature","properties":{"comuna":"Vitacura","zona":"U PVO","zona_code":"U PVO","nombre":"U PVO","decreto":""},"geometry":{"type":"Polygon","coordinates":[[[-70.56043478812839,-33.38512793775329],[-70.56096938139186,-33.385122113948704],[-70.56091019857196,-33.385570382882875],[-70.56066891817748,-33.38555469900403],[-70.56070049931341,-33.385411062944115],[-70.56040340982868,-33.38538347983598],[-70.56043478812839,-33.38512793775329]]]}},{"type":"Feature","properties":{"comuna":"Vitacura","zona":"U PVO","zona_code":"U PVO","nombre":"U PVO","decreto":""},"geometry":{"type":"Polygon","coordinates":[[[-70.56034510543914,-33.385012281481536],[-70.56031801928133,-33.385237669467834],[-70.55973686217385,-33.38515913061801],[-70.5597757257839,-33.3849462746878],[-70.56034510543914,-33.385012281481536]]]}},{"type":"Feature","properties":{"comuna":"Vitacura","zona":"U PVO","zona_code":"U PVO","nombre":"U PVO","decreto":""},"geometry":{"type":"Polygon","coordinates":[[[-70.55966646078251,-33.38490231936131],[-70.5596012456374,-33.38547716598105],[-70.55906413214547,-33.385415180300384],[-70.55914739343483,-33.38483717794709],[-70.55966646078251,-33.38490231936131]]]}},{"type":"Feature","properties":{"comuna":"Vitacura","zona":"U-V","zona_code":"U-V","nombre":"U-V","decreto":""},"geometry":{"type":"Polygon","coordinates":[[[-70.56232823693085,-33.38512219638954],[-70.56216795942164,-33.38530496458693],[-70.56105049163948,-33.385214972439414],[-70.56114366720108,-33.38468970158757],[-70.56157496141236,-33.38435319700604],[-70.56232823693085,-33.38512219638954]]]}},{"type":"Feature","properties":{"comuna":"Vitacura","zona":"U PC","zona_code":"U PC","nombre":"U PC","decreto":""},"geometry":{"type":"Polygon","coordinates":[[[-70.5623598732109,-33.38515047324391],[-70.56331874439145,-33.38586925265318],[-70.56322707432483,-33.3860772645047],[-70.5618089659822,-33.385907212615784],[-70.56182596954302,-33.38577382261307],[-70.56208721547507,-33.38580900336963],[-70.56216795942164,-33.38530496458693],[-70.5623598732109,-33.38515047324391]]]}},{"type":"Feature","properties":{"comuna":"Vitacura","zona":"U PVO","zona_code":"U PVO","nombre":"U PVO","decreto":""},"geometry":{"type":"Polygon","coordinates":[[[-70.56182596954302,-33.38577382261307],[-70.56185885268592,-33.38551585337444],[-70.56101830918269,-33.38543396741865],[-70.56105049163948,-33.385214972439414],[-70.56216795942164,-33.38530496458693],[-70.56208721547507,-33.38580900336963],[-70.56182596954302,-33.38577382261307]]]}},{"type":"Feature","properties":{"comuna":"Vitacura","zona":"U PC","zona_code":"U PC","nombre":"U PC","decreto":""},"geometry":{"type":"Polygon","coordinates":[[[-70.55110767666878,-33.38442562335124],[-70.55135015598228,-33.38394641859956],[-70.5519932060783,-33.38417825721005],[-70.55177742310956,-33.3845817580555],[-70.55162006594445,-33.38453003681197],[-70.55157379586767,-33.38462240932625],[-70.55110767666878,-33.38442562335124]]]}},{"type":"Feature","properties":{"comuna":"Vitacura","zona":"U PC","zona_code":"U PC","nombre":"U PC","decreto":""},"geometry":{"type":"Polygon","coordinates":[[[-70.55238589238549,-33.384809779242026],[-70.55262368292966,-33.38440555831588],[-70.55315720279671,-33.384597901959445],[-70.55308914906718,-33.385158684590806],[-70.55258082216746,-33.38503382391261],[-70.55259715340503,-33.384893634371075],[-70.55238589238549,-33.384809779242026]]]}},{"type":"Feature","properties":{"comuna":"Vitacura","zona":"U POCsz","zona_code":"U POCsz","nombre":"U POCsz","decreto":""},"geometry":{"type":"Polygon","coordinates":[[[-70.55096462377463,-33.38658540982543],[-70.55017912114693,-33.38627562054473],[-70.55110767666878,-33.38442562335124],[-70.55157379586767,-33.38462240932625],[-70.55085779353311,-33.38605178905785],[-70.55119991820357,-33.38618068885388],[-70.55096462377463,-33.38658540982543]]]}},{"type":"Feature","properties":{"comuna":"Vitacura","zona":"U POCsz","zona_code":"U POCsz","nombre":"U POCsz","decreto":""},"geometry":{"type":"Polygon","coordinates":[[[-70.55238263008856,-33.38662627629763],[-70.55258082216746,-33.38503382391261],[-70.55308914906718,-33.385158684590806],[-70.55282226262335,-33.38731749601014],[-70.55243158656292,-33.38716393662936],[-70.55250572829277,-33.386930174773774],[-70.55223391298092,-33.38686078704089],[-70.55238263008856,-33.38662627629763]]]}},{"type":"Feature","properties":{"comuna":"Vitacura","zona":"U PVO","zona_code":"U PVO","nombre":"U PVO","decreto":""},"geometry":{"type":"Polygon","coordinates":[[[-70.55243158656292,-33.38716393662936],[-70.55096462377463,-33.38658540982543],[-70.55119991820357,-33.38618068885388],[-70.55238263008856,-33.38662627629763],[-70.55223391298092,-33.38686078704089],[-70.55250572829277,-33.386930174773774],[-70.55243158656292,-33.38716393662936]]]}},{"type":"Feature","properties":{"comuna":"Vitacura","zona":"U POC","zona_code":"U POC","nombre":"U POC","decreto":""},"geometry":{"type":"Polygon","coordinates":[[[-70.5533241563757,-33.38752969444624],[-70.55307433030913,-33.387428784231474],[-70.55331157530867,-33.385511169003365],[-70.55350756350245,-33.385527804931044],[-70.5533241563757,-33.38752969444624]]]}},{"type":"Feature","properties":{"comuna":"Vitacura","zona":"U POC","zona_code":"U POC","nombre":"U POC","decreto":""},"geometry":{"type":"Polygon","coordinates":[[[-70.55026478731577,-33.386927736248474],[-70.54990333010589,-33.386792687584055],[-70.55009227310931,-33.386420474901556],[-70.5503087602275,-33.38650733308402],[-70.55021194737942,-33.3867043127181],[-70.55035870228335,-33.386763593987304],[-70.55026478731577,-33.386927736248474]]]}},{"type":"Feature","properties":{"comuna":"Vitacura","zona":"U POCsz","zona_code":"U POCsz","nombre":"U POCsz","decreto":""},"geometry":{"type":"Polygon","coordinates":[[[-70.54993014525972,-33.38733533967297],[-70.54968026620894,-33.387245859570804],[-70.54985170382174,-33.38688877977327],[-70.55030201600374,-33.387064705006196],[-70.55022146868176,-33.38724064687048],[-70.5500338871152,-33.387161502661435],[-70.54993014525972,-33.38733533967297]]]}},{"type":"Feature","properties":{"comuna":"Vitacura","zona":"U POC","zona_code":"U POC","nombre":"U POC","decreto":""},"geometry":{"type":"Polygon","coordinates":[[[-70.54977957879292,-33.38781050691183],[-70.54946305655048,-33.38769997715059],[-70.54962952268447,-33.387335202919594],[-70.54984836131855,-33.387420463277394],[-70.54977957879292,-33.38781050691183]]]}},{"type":"Feature","properties":{"comuna":"Vitacura","zona":"U POC","zona_code":"U POC","nombre":"U POC","decreto":""},"geometry":{"type":"Polygon","coordinates":[[[-70.54907204974087,-33.38916895563449],[-70.54885277235374,-33.38909383806691],[-70.54900541234456,-33.388731767842835],[-70.54924555036187,-33.38881311260843],[-70.54907204974087,-33.38916895563449]]]}},{"type":"Feature","properties":{"comuna":"Vitacura","zona":"U POCsz","zona_code":"U POCsz","nombre":"U POCsz","decreto":""},"geometry":{"type":"Polygon","coordinates":[[[-70.55318968600477,-33.39096073849053],[-70.5532188418081,-33.391251926985305],[-70.54877781386556,-33.389597488566174],[-70.54868957997867,-33.38943394447993],[-70.54878819210613,-33.389220347699684],[-70.54902712410174,-33.38929703272546],[-70.54898218128008,-33.3894766291151],[-70.55318968600477,-33.39096073849053]]]}},{"type":"Feature","properties":{"comuna":"Vitacura","zona":"U Ee1","zona_code":"U Ee1","nombre":"U Ee1","decreto":""},"geometry":{"type":"Polygon","coordinates":[[[-70.56821238839349,-33.38020186831197],[-70.56884339313353,-33.38019005795682],[-70.5687257123563,-33.38169036667777],[-70.56833996665637,-33.38049558967721],[-70.56821238839349,-33.38020186831197]]]}},{"type":"Feature","properties":{"comuna":"Vitacura","zona":"U PC","zona_code":"U PC","nombre":"U PC","decreto":""},"geometry":{"type":"Polygon","coordinates":[[[-70.56378429887101,-33.385379184020785],[-70.56363335107844,-33.38585339142265],[-70.56330158166095,-33.38562274480962],[-70.56357814699221,-33.38555730860635],[-70.56355660230716,-33.38537951553479],[-70.56378429887101,-33.385379184020785]]]}},{"type":"Feature","properties":{"comuna":"Vitacura","zona":"U POC","zona_code":"U POC","nombre":"U POC","decreto":""},"geometry":{"type":"Polygon","coordinates":[[[-70.56315263584551,-33.38551397704693],[-70.56354060691815,-33.385439370747704],[-70.56357814699221,-33.38555730860635],[-70.56330158166095,-33.38562274480962],[-70.56315263584551,-33.38551397704693]]]}},{"type":"Feature","properties":{"comuna":"Vitacura","zona":"U POC","zona_code":"U POC","nombre":"U POC","decreto":""},"geometry":{"type":"Polygon","coordinates":[[[-70.5639226762224,-33.38614697275316],[-70.56379488263867,-33.386008039324054],[-70.5645948198161,-33.38604567764526],[-70.56459407029274,-33.38616260809569],[-70.5639226762224,-33.38614697275316]]]}},{"type":"Feature","properties":{"comuna":"Vitacura","zona":"U PC","zona_code":"U PC","nombre":"U PC","decreto":""},"geometry":{"type":"Polygon","coordinates":[[[-70.5639226762224,-33.38614697275316],[-70.56459407029274,-33.38616260809569],[-70.56461161390011,-33.38648392097585],[-70.56485439441835,-33.3864808594501],[-70.56488775442372,-33.386648503519446],[-70.56503857153288,-33.386657089883485],[-70.56504529434422,-33.38682417703606],[-70.56405641460564,-33.386317327253806],[-70.5639226762224,-33.38614697275316]]]}},{"type":"Feature","properties":{"comuna":"Vitacura","zona":"U-V","zona_code":"U-V","nombre":"U-V","decreto":""},"geometry":{"type":"Polygon","coordinates":[[[-70.56413262843886,-33.38549076060762],[-70.56440254564825,-33.385315555855726],[-70.56498133383315,-33.38523428611506],[-70.56502747465161,-33.38638126256071],[-70.56461576851538,-33.38637691842775],[-70.5645948198161,-33.38604567764526],[-70.56379488263867,-33.386008039324054],[-70.56407350967424,-33.385524912063254],[-70.56434457687361,-33.38573147595597],[-70.56442054521729,-33.38568518048849],[-70.56413262843886,-33.38549076060762]]]}},{"type":"Feature","properties":{"comuna":"Vitacura","zona":"U PVO","zona_code":"U PVO","nombre":"U PVO","decreto":""},"geometry":{"type":"Polygon","coordinates":[[[-70.5648742470121,-33.386572280128384],[-70.56485439441835,-33.3864808594501],[-70.56461161390011,-33.38648392097585],[-70.56461576851538,-33.38637691842775],[-70.56502747465161,-33.38638126256071],[-70.56503549686994,-33.38658066728768],[-70.5648742470121,-33.386572280128384]]]}},{"type":"Feature","properties":{"comuna":"Vitacura","zona":"U POC","zona_code":"U POC","nombre":"U POC","decreto":""},"geometry":{"type":"Polygon","coordinates":[[[-70.56503857153288,-33.386657089883485],[-70.56488775442372,-33.386648503519446],[-70.5648742470121,-33.386572280128384],[-70.56503549686994,-33.38658066728768],[-70.56503857153288,-33.386657089883485]]]}},{"type":"Feature","properties":{"comuna":"Vitacura","zona":"U POC","zona_code":"U POC","nombre":"U POC","decreto":""},"geometry":{"type":"Polygon","coordinates":[[[-70.56592560486682,-33.38701060060745],[-70.56571584964807,-33.38701062315895],[-70.5657088967354,-33.38686926869048],[-70.56591825959268,-33.3868686071886],[-70.56592560486682,-33.38701060060745]]]}},{"type":"Feature","properties":{"comuna":"Vitacura","zona":"U PVO","zona_code":"U PVO","nombre":"U PVO","decreto":""},"geometry":{"type":"Polygon","coordinates":[[[-70.56930096206054,-33.38868070242699],[-70.56911743058187,-33.38888283491826],[-70.56843239019918,-33.3885607779392],[-70.56854106517274,-33.388405377719586],[-70.56905744852583,-33.388649394600996],[-70.56911052283942,-33.38857393506872],[-70.56930096206054,-33.38868070242699]]]}},{"type":"Feature","properties":{"comuna":"Vitacura","zona":"U-V","zona_code":"U-V","nombre":"U-V","decreto":""},"geometry":{"type":"Polygon","coordinates":[[[-70.56916427136618,-33.388871423099964],[-70.57058113445342,-33.386922887046595],[-70.5706766556054,-33.387147830500815],[-70.57046891470966,-33.387260818987336],[-70.56961994127026,-33.38849147526538],[-70.56960545685853,-33.38877751871124],[-70.56941314313859,-33.38904272245937],[-70.56916427136618,-33.388871423099964]]]}},{"type":"Feature","properties":{"comuna":"Vitacura","zona":"U PVEV","zona_code":"U PVEV","nombre":"U PVEV","decreto":""},"geometry":{"type":"Polygon","coordinates":[[[-70.57082559413948,-33.38773409174576],[-70.57112216129234,-33.38765568749821],[-70.5713175367156,-33.388143803683896],[-70.57116499841817,-33.38833027836957],[-70.5709607862812,-33.38822864842807],[-70.57113418680551,-33.38796841472975],[-70.57091458248397,-33.38791008065051],[-70.57082559413948,-33.38773409174576]]]}},{"type":"Feature","properties":{"comuna":"Vitacura","zona":"U PVEV","zona_code":"U PVEV","nombre":"U PVEV","decreto":""},"geometry":{"type":"Polygon","coordinates":[[[-70.57064724409872,-33.38722562094474],[-70.57091944448456,-33.387141692490424],[-70.57109774078599,-33.38756595812836],[-70.57078464032082,-33.38764236659918],[-70.57064724409872,-33.38722562094474]]]}},{"type":"Feature","properties":{"comuna":"Vitacura","zona":"U PVEV","zona_code":"U PVEV","nombre":"U PVEV","decreto":""},"geometry":{"type":"Polygon","coordinates":[[[-70.56948975781972,-33.38665427568593],[-70.56984598288496,-33.38662742524447],[-70.57037390617292,-33.38688083597164],[-70.57047043312642,-33.386712583222085],[-70.57074903227023,-33.3867042842266],[-70.57090297561247,-33.38707934708558],[-70.5706766556054,-33.387147830500815],[-70.57058113445342,-33.386922887046595],[-70.57037512635073,-33.3871424896312],[-70.56948975781972,-33.38665427568593]]]}},{"type":"Feature","properties":{"comuna":"Vitacura","zona":"U PC","zona_code":"U PC","nombre":"U PC","decreto":""},"geometry":{"type":"Polygon","coordinates":[[[-70.56924805483719,-33.38928408307346],[-70.56814123333467,-33.38863234360361],[-70.56838230154845,-33.38827614780262],[-70.56856873123763,-33.38836207841347],[-70.56843239019918,-33.3885607779392],[-70.56941314313859,-33.38904272245937],[-70.56924805483719,-33.38928408307346]]]}},{"type":"Feature","properties":{"comuna":"Vitacura","zona":"U POC","zona_code":"U POC","nombre":"U POC","decreto":""},"geometry":{"type":"Polygon","coordinates":[[[-70.57113410864525,-33.389172169971836],[-70.57151034684136,-33.38858578645349],[-70.57191458133444,-33.389552205386885],[-70.57140715054635,-33.389642212383976],[-70.57113410864525,-33.389172169971836]]]}},{"type":"Feature","properties":{"comuna":"Vitacura","zona":"U PVO","zona_code":"U PVO","nombre":"U PVO","decreto":""},"geometry":{"type":"Polygon","coordinates":[[[-70.5562706576305,-33.392042234185126],[-70.5563698283373,-33.39183469595319],[-70.55652048789057,-33.39189843895578],[-70.55643813095408,-33.39210132748433],[-70.5562706576305,-33.392042234185126]]]}},{"type":"Feature","properties":{"comuna":"Vitacura","zona":"U PVO","zona_code":"U PVO","nombre":"U PVO","decreto":""},"geometry":{"type":"Polygon","coordinates":[[[-70.55370655395684,-33.39113745087871],[-70.5538532439153,-33.390909453558585],[-70.55438192767797,-33.39110383477862],[-70.55425277468696,-33.39133019982429],[-70.55370655395684,-33.39113745087871]]]}},{"type":"Feature","properties":{"comuna":"Vitacura","zona":"U POC","zona_code":"U POC","nombre":"U POC","decreto":""},"geometry":{"type":"Polygon","coordinates":[[[-70.55627810845453,-33.39239399699871],[-70.55352469738114,-33.39139194457854],[-70.5534827741771,-33.3910584840222],[-70.55643813095408,-33.39210132748433],[-70.55627810845453,-33.39239399699871]]]}},{"type":"Feature","properties":{"comuna":"Vitacura","zona":"U-V","zona_code":"U-V","nombre":"U-V","decreto":""},"geometry":{"type":"Polygon","coordinates":[[[-70.55817110465773,-33.39274370816526],[-70.55828283910472,-33.39253981740563],[-70.5616834470101,-33.393727647715046],[-70.56157085105568,-33.393963366717195],[-70.55817110465773,-33.39274370816526]]]}},{"type":"Feature","properties":{"comuna":"Vitacura","zona":"U-V","zona_code":"U-V","nombre":"U-V","decreto":""},"geometry":{"type":"Polygon","coordinates":[[[-70.55834033140604,-33.393161691684185],[-70.55705601759972,-33.392691588877],[-70.5564294058575,-33.39245487142732],[-70.55657302307696,-33.39217035282743],[-70.55850946940431,-33.3928651020362],[-70.55834033140604,-33.393161691684185]]]}},{"type":"Feature","properties":{"comuna":"Vitacura","zona":"U PVO","zona_code":"U PVO","nombre":"U PVO","decreto":""},"geometry":{"type":"Polygon","coordinates":[[[-70.55828283910472,-33.39253981740563],[-70.55817110465773,-33.39274370816526],[-70.55657302307696,-33.39217035282743],[-70.55667668084361,-33.39196499465569],[-70.55828283910472,-33.39253981740563]]]}},{"type":"Feature","properties":{"comuna":"Vitacura","zona":"U POCsz","zona_code":"U POCsz","nombre":"U POCsz","decreto":""},"geometry":{"type":"Polygon","coordinates":[[[-70.55834033140604,-33.393161691684185],[-70.55850946940431,-33.3928651020362],[-70.56179789796059,-33.39404481536959],[-70.56167089439445,-33.39432652786539],[-70.55834033140604,-33.393161691684185]]]}},{"type":"Feature","properties":{"comuna":"Vitacura","zona":"U PVO","zona_code":"U PVO","nombre":"U PVO","decreto":""},"geometry":{"type":"Polygon","coordinates":[[[-70.5616834470101,-33.393727647715046],[-70.56190333608522,-33.39380127347107],[-70.56179789796059,-33.39404481536959],[-70.56157085105568,-33.393963366717195],[-70.5616834470101,-33.393727647715046]]]}},{"type":"Feature","properties":{"comuna":"Vitacura","zona":"U PVO","zona_code":"U PVO","nombre":"U PVO","decreto":""},"geometry":{"type":"Polygon","coordinates":[[[-70.56169144998941,-33.39358855964248],[-70.56178035279181,-33.39337501940311],[-70.56160341128408,-33.39332631743129],[-70.56244144457715,-33.39164020793789],[-70.56282366829222,-33.39166075946873],[-70.56197026657532,-33.39364603818807],[-70.56169144998941,-33.39358855964248]]]}},{"type":"Feature","properties":{"comuna":"Vitacura","zona":"U PVO","zona_code":"U PVO","nombre":"U PVO","decreto":""},"geometry":{"type":"Polygon","coordinates":[[[-70.56267142814802,-33.39143204565079],[-70.5630895344497,-33.39034638174466],[-70.56334038465303,-33.3904140506652],[-70.56290065507599,-33.39147247777669],[-70.56267142814802,-33.39143204565079]]]}},{"type":"Feature","properties":{"comuna":"Vitacura","zona":"U PVO","zona_code":"U PVO","nombre":"U PVO","decreto":""},"geometry":{"type":"Polygon","coordinates":[[[-70.56464267046228,-33.38838241886491],[-70.56459696753704,-33.38821298242344],[-70.56479687942006,-33.38776861737053],[-70.56533115496589,-33.38791380553699],[-70.56506464027864,-33.38829009229713],[-70.56494982638479,-33.38823898975446],[-70.56464267046228,-33.38838241886491]]]}},{"type":"Feature","properties":{"comuna":"Vitacura","zona":"U PVO","zona_code":"U PVO","nombre":"U PVO","decreto":""},"geometry":{"type":"Polygon","coordinates":[[[-70.56410444226309,-33.38980130172735],[-70.56385924655076,-33.389724658214554],[-70.5643850465365,-33.3885100446477],[-70.56452990062394,-33.38853935185605],[-70.56444638557954,-33.38874696048028],[-70.5646181374353,-33.38879734551763],[-70.56410444226309,-33.38980130172735]]]}},{"type":"Feature","properties":{"comuna":"Vitacura","zona":"U PVO","zona_code":"U PVO","nombre":"U PVO","decreto":""},"geometry":{"type":"Polygon","coordinates":[[[-70.56571008317408,-33.38817318123452],[-70.56584124426885,-33.38800579898741],[-70.56624691224506,-33.3882498991639],[-70.56614281313719,-33.388374374854166],[-70.56571008317408,-33.38817318123452]]]}},{"type":"Feature","properties":{"comuna":"Vitacura","zona":"U PVO","zona_code":"U PVO","nombre":"U PVO","decreto":""},"geometry":{"type":"Polygon","coordinates":[[[-70.56657995921401,-33.38863404828166],[-70.56672314045022,-33.388521901229254],[-70.56709302775378,-33.388736234833154],[-70.56696659033334,-33.388888793666425],[-70.56657995921401,-33.38863404828166]]]}},{"type":"Feature","properties":{"comuna":"Vitacura","zona":"U POC","zona_code":"U POC","nombre":"U POC","decreto":""},"geometry":{"type":"Polygon","coordinates":[[[-70.56685930862268,-33.38860080515395],[-70.5669538534445,-33.388524225802634],[-70.567178506026,-33.3886330931767],[-70.56709302775378,-33.388736234833154],[-70.56685930862268,-33.38860080515395]]]}},{"type":"Feature","properties":{"comuna":"Vitacura","zona":"U PVO","zona_code":"U PVO","nombre":"U PVO","decreto":""},"geometry":{"type":"Polygon","coordinates":[[[-70.56716806918458,-33.38886692970955],[-70.56727978511272,-33.388731065844446],[-70.5680235320467,-33.389267916188345],[-70.56785270558363,-33.389469433573474],[-70.56742898076088,-33.38918194281552],[-70.56729919372594,-33.3891868235221],[-70.5674347906595,-33.389023252533256],[-70.56716806918458,-33.38886692970955]]]}},{"type":"Feature","properties":{"comuna":"Vitacura","zona":"U POC","zona_code":"U POC","nombre":"U POC","decreto":""},"geometry":{"type":"Polygon","coordinates":[[[-70.56833623366872,-33.389447753294526],[-70.56842847463716,-33.38934959370059],[-70.56861683553164,-33.389462102456825],[-70.56853234443489,-33.389560537582796],[-70.56833623366872,-33.389447753294526]]]}},{"type":"Feature","properties":{"comuna":"Vitacura","zona":"U PVO","zona_code":"U PVO","nombre":"U PVO","decreto":""},"geometry":{"type":"Polygon","coordinates":[[[-70.56823391369268,-33.38961480785015],[-70.56830129474308,-33.38956140557259],[-70.56800994653535,-33.3894297403547],[-70.56810372838753,-33.38931403863522],[-70.56853234443489,-33.389560537582796],[-70.56841445292784,-33.38969788388177],[-70.56823391369268,-33.38961480785015]]]}},{"type":"Feature","properties":{"comuna":"Vitacura","zona":"U POC","zona_code":"U POC","nombre":"U POC","decreto":""},"geometry":{"type":"Polygon","coordinates":[[[-70.56862301252202,-33.38959768379284],[-70.56869314117193,-33.38951316351383],[-70.56892880288768,-33.38962035529588],[-70.56882884112332,-33.389724263847334],[-70.56862301252202,-33.38959768379284]]]}},{"type":"Feature","properties":{"comuna":"Vitacura","zona":"U PVO","zona_code":"U PVO","nombre":"U PVO","decreto":""},"geometry":{"type":"Polygon","coordinates":[[[-70.56849989447562,-33.38974606270472],[-70.56862301252202,-33.38959768379284],[-70.56907539920962,-33.38987589043987],[-70.56896235830692,-33.390001237257344],[-70.56849989447562,-33.38974606270472]]]}},{"type":"Feature","properties":{"comuna":"Vitacura","zona":"U PC","zona_code":"U PC","nombre":"U PC","decreto":""},"geometry":{"type":"Polygon","coordinates":[[[-70.57059298812358,-33.39043440192911],[-70.57072074467222,-33.390325887021135],[-70.57116999174632,-33.39052260406498],[-70.57099575744809,-33.39094319212888],[-70.57066986165042,-33.390797442910696],[-70.57080161480863,-33.390523466062604],[-70.57059298812358,-33.39043440192911]]]}},{"type":"Feature","properties":{"comuna":"Vitacura","zona":"U POC","zona_code":"U POC","nombre":"U POC","decreto":""},"geometry":{"type":"Polygon","coordinates":[[[-70.57044244474363,-33.390541296818164],[-70.57059298812358,-33.39043440192911],[-70.57080161480863,-33.390523466062604],[-70.57073847627295,-33.39065476075526],[-70.57044244474363,-33.390541296818164]]]}},{"type":"Feature","properties":{"comuna":"Vitacura","zona":"U PVO","zona_code":"U PVO","nombre":"U PVO","decreto":""},"geometry":{"type":"Polygon","coordinates":[[[-70.57099575744809,-33.39094319212888],[-70.57080531124593,-33.39154806465581],[-70.57012205335693,-33.3915162741457],[-70.57010415704988,-33.391074824917375],[-70.57038466030727,-33.39117149357792],[-70.57017071727947,-33.39097973064091],[-70.57042859217293,-33.3908464225224],[-70.57035587929327,-33.39066265548861],[-70.57044244474363,-33.390541296818164],[-70.57073847627295,-33.39065476075526],[-70.57066986165042,-33.390797442910696],[-70.57099575744809,-33.39094319212888]]]}},{"type":"Feature","properties":{"comuna":"Vitacura","zona":"U POC","zona_code":"U POC","nombre":"U POC","decreto":""},"geometry":{"type":"Polygon","coordinates":[[[-70.57217923899809,-33.39236396319186],[-70.57205126835808,-33.393603294245466],[-70.57205044857164,-33.39370715037438],[-70.57141943781441,-33.39345331655109],[-70.5715799317148,-33.392334571104655],[-70.57217923899809,-33.39236396319186]]]}},{"type":"Feature","properties":{"comuna":"Vitacura","zona":"U POC","zona_code":"U POC","nombre":"U POC","decreto":""},"geometry":{"type":"Polygon","coordinates":[[[-70.57142944367308,-33.39427199374387],[-70.57185354646904,-33.39378311305963],[-70.57203415021931,-33.393816319697066],[-70.57194134141027,-33.39449604795823],[-70.57142944367308,-33.39427199374387]]]}},{"type":"Feature","properties":{"comuna":"Vitacura","zona":"U-V","zona_code":"U-V","nombre":"U-V","decreto":""},"geometry":{"type":"Polygon","coordinates":[[[-70.57015277982555,-33.3918588268334],[-70.57076672212942,-33.39187615066521],[-70.57074544785296,-33.39276758835163],[-70.57085382808764,-33.393226143304034],[-70.57073857724083,-33.393397495800826],[-70.57089476271145,-33.39347760261951],[-70.57097522795426,-33.39339640969016],[-70.57162295269913,-33.39368522050624],[-70.57144475618603,-33.39394328440878],[-70.57161697389922,-33.394028912139305],[-70.57142944367308,-33.39427199374387],[-70.57023726192095,-33.39365977454556],[-70.57015277982555,-33.3918588268334]]]}},{"type":"Feature","properties":{"comuna":"Vitacura","zona":"U POC","zona_code":"U POC","nombre":"U POC","decreto":""},"geometry":{"type":"Polygon","coordinates":[[[-70.5712687976563,-33.39590590199685],[-70.57157163429721,-33.39486827699115],[-70.57138979742474,-33.39475413565982],[-70.57155428141296,-33.39453203257587],[-70.57189767848348,-33.394675433552884],[-70.57158713281815,-33.395985176140364],[-70.5712687976563,-33.39590590199685]]]}},{"type":"Feature","properties":{"comuna":"Vitacura","zona":"U PVO","zona_code":"U PVO","nombre":"U PVO","decreto":""},"geometry":{"type":"Polygon","coordinates":[[[-70.56371194138175,-33.390077122476164],[-70.56380894663751,-33.389855674107665],[-70.56399617527738,-33.38991279560598],[-70.5638980493866,-33.390136118748785],[-70.56371194138175,-33.390077122476164]]]}},{"type":"Feature","properties":{"comuna":"Vitacura","zona":"U PVO","zona_code":"U PVO","nombre":"U PVO","decreto":""},"geometry":{"type":"Polygon","coordinates":[[[-70.56302991105905,-33.39215547272594],[-70.56287966663758,-33.39210487060844],[-70.56300412245268,-33.39174776747753],[-70.56324184612346,-33.39178497513283],[-70.56302991105905,-33.39215547272594]]]}},{"type":"Feature","properties":{"comuna":"Vitacura","zona":"U-V","zona_code":"U-V","nombre":"U-V","decreto":""},"geometry":{"type":"Polygon","coordinates":[[[-70.56238258224978,-33.39397970688577],[-70.56556155098772,-33.395076161499496],[-70.56544417367817,-33.39544434788499],[-70.56395911065884,-33.39492651054698],[-70.56397676915205,-33.394781905847125],[-70.56225538905353,-33.394209077311],[-70.56238258224978,-33.39397970688577]]]}},{"type":"Feature","properties":{"comuna":"Vitacura","zona":"U PVO","zona_code":"U PVO","nombre":"U PVO","decreto":""},"geometry":{"type":"Polygon","coordinates":[[[-70.56312018133862,-33.39279619299653],[-70.56263482966622,-33.39264960950111],[-70.56279234655922,-33.39223243658232],[-70.56308817639069,-33.39230121317925],[-70.56299567630198,-33.39257757543792],[-70.56319949385974,-33.39265144468426],[-70.56312018133862,-33.39279619299653]]]}},{"type":"Feature","properties":{"comuna":"Vitacura","zona":"U PVO","zona_code":"U PVO","nombre":"U PVO","decreto":""},"geometry":{"type":"Polygon","coordinates":[[[-70.56269253130372,-33.39327813874594],[-70.56238962467718,-33.39317406819603],[-70.56256738326901,-33.392775133950686],[-70.562881783088,-33.39284036735519],[-70.56269253130372,-33.39327813874594]]]}},{"type":"Feature","properties":{"comuna":"Vitacura","zona":"U PVO","zona_code":"U PVO","nombre":"U PVO","decreto":""},"geometry":{"type":"Polygon","coordinates":[[[-70.56241747982321,-33.39380789837735],[-70.56216436002686,-33.393700187264955],[-70.56239608212572,-33.39329639644739],[-70.56265606224719,-33.39337881045968],[-70.56241747982321,-33.39380789837735]]]}},{"type":"Feature","properties":{"comuna":"Vitacura","zona":"U PVO","zona_code":"U PVO","nombre":"U PVO","decreto":""},"geometry":{"type":"Polygon","coordinates":[[[-70.56199712282357,-33.39410630065815],[-70.56210405583379,-33.39385914681872],[-70.5623990871336,-33.39394994369969],[-70.56225538905353,-33.394209077311],[-70.56199712282357,-33.39410630065815]]]}},{"type":"Feature","properties":{"comuna":"Vitacura","zona":"U POCsz","zona_code":"U POCsz","nombre":"U POCsz","decreto":""},"geometry":{"type":"Polygon","coordinates":[[[-70.56544417367817,-33.39544434788499],[-70.56536786508572,-33.3955998078615],[-70.56187049862068,-33.39439896962462],[-70.56199712282357,-33.39410630065815],[-70.56397676915205,-33.394781905847125],[-70.56395911065884,-33.39492651054698],[-70.56544417367817,-33.39544434788499]]]}},{"type":"Feature","properties":{"comuna":"Vitacura","zona":"U PVEV","zona_code":"U PVEV","nombre":"U PVEV","decreto":""},"geometry":{"type":"Polygon","coordinates":[[[-70.5707805981203,-33.39171724103143],[-70.57076672212942,-33.39187615066521],[-70.57015277982555,-33.3918588268334],[-70.57015154114477,-33.391694183394634],[-70.5707805981203,-33.39171724103143]]]}},{"type":"Feature","properties":{"comuna":"Vitacura","zona":"U PVEV","zona_code":"U PVEV","nombre":"U PVEV","decreto":""},"geometry":{"type":"Polygon","coordinates":[[[-70.57161697389922,-33.394028912139305],[-70.57144475618603,-33.39394328440878],[-70.57162295269913,-33.39368522050624],[-70.57185354646904,-33.39378311305963],[-70.57161697389922,-33.394028912139305]]]}},{"type":"Feature","properties":{"comuna":"Vitacura","zona":"U PVO","zona_code":"U PVO","nombre":"U PVO","decreto":""},"geometry":{"type":"Polygon","coordinates":[[[-70.57772459654886,-33.39456319963708],[-70.57789468433583,-33.39440520143562],[-70.57818555524264,-33.39463588223643],[-70.57809601656659,-33.39475331402614],[-70.57772459654886,-33.39456319963708]]]}},{"type":"Feature","properties":{"comuna":"Vitacura","zona":"U POCsz","zona_code":"U POCsz","nombre":"U POCsz","decreto":""},"geometry":{"type":"Polygon","coordinates":[[[-70.57218690350537,-33.395369407759794],[-70.57229134352418,-33.39489297035563],[-70.57265958607071,-33.395057895200935],[-70.57255233872796,-33.39535630808359],[-70.57218690350537,-33.395369407759794]]]}},{"type":"Feature","properties":{"comuna":"Vitacura","zona":"U PVEV","zona_code":"U PVEV","nombre":"U PVEV","decreto":""},"geometry":{"type":"Polygon","coordinates":[[[-70.5727532972035,-33.39558673090318],[-70.57298177131435,-33.39563680700201],[-70.57277716791565,-33.396580548675935],[-70.57229909409581,-33.39645863013547],[-70.57237015680327,-33.39626781982574],[-70.57253881384963,-33.39631340425482],[-70.57264153322923,-33.39617275270052],[-70.5727532972035,-33.39558673090318]]]}},{"type":"Feature","properties":{"comuna":"Vitacura","zona":"U PVEV","zona_code":"U PVEV","nombre":"U PVEV","decreto":""},"geometry":{"type":"Polygon","coordinates":[[[-70.57377571320485,-33.39807538135567],[-70.57392370153137,-33.39775703397452],[-70.57421771462786,-33.397871780796784],[-70.57412854127028,-33.39816733756973],[-70.57377571320485,-33.39807538135567]]]}},{"type":"Feature","properties":{"comuna":"Vitacura","zona":"U PVO","zona_code":"U PVO","nombre":"U PVO","decreto":""},"geometry":{"type":"Polygon","coordinates":[[[-70.57363144295422,-33.39836373474004],[-70.57377571320485,-33.39807538135567],[-70.57412854127028,-33.39816733756973],[-70.57405306842006,-33.39847404581606],[-70.57363144295422,-33.39836373474004]]]}},{"type":"Feature","properties":{"comuna":"Vitacura","zona":"U POC","zona_code":"U POC","nombre":"U POC","decreto":""},"geometry":{"type":"Polygon","coordinates":[[[-70.57405306842006,-33.39847404581606],[-70.57396267010861,-33.39870167391899],[-70.57355165240641,-33.39854722609667],[-70.57363144295422,-33.39836373474004],[-70.57405306842006,-33.39847404581606]]]}},{"type":"Feature","properties":{"comuna":"Vitacura","zona":"U POCsz","zona_code":"U POCsz","nombre":"U POCsz","decreto":""},"geometry":{"type":"Polygon","coordinates":[[[-70.57607309660155,-33.399061154508054],[-70.57592010087697,-33.39942102569422],[-70.57521631243361,-33.399162716665444],[-70.57535322274597,-33.39886748373611],[-70.57607309660155,-33.399061154508054]]]}},{"type":"Feature","properties":{"comuna":"Vitacura","zona":"U PVEV","zona_code":"U PVEV","nombre":"U PVEV","decreto":""},"geometry":{"type":"Polygon","coordinates":[[[-70.57480800146757,-33.39819927232795],[-70.57471812736686,-33.39848259132689],[-70.57434053337973,-33.398321220469164],[-70.57438203240376,-33.398156897181956],[-70.57480800146757,-33.39819927232795]]]}},{"type":"Feature","properties":{"comuna":"Vitacura","zona":"U POC","zona_code":"U POC","nombre":"U POC","decreto":""},"geometry":{"type":"Polygon","coordinates":[[[-70.5750422874999,-33.39909114806967],[-70.5741898091337,-33.39876552220109],[-70.57434053337973,-33.398321220469164],[-70.57471812736686,-33.39848259132689],[-70.5746205727873,-33.39868766268971],[-70.57521546704012,-33.398792374111444],[-70.5750422874999,-33.39909114806967]]]}},{"type":"Feature","properties":{"comuna":"Vitacura","zona":"U PVEV","zona_code":"U PVEV","nombre":"U PVEV","decreto":""},"geometry":{"type":"Polygon","coordinates":[[[-70.583124197648,-33.401846153355756],[-70.58318679565294,-33.401745732432545],[-70.58379017011626,-33.40200074291503],[-70.58372720043486,-33.40212846855487],[-70.583124197648,-33.401846153355756]]]}},{"type":"Feature","properties":{"comuna":"Vitacura","zona":"U PVO","zona_code":"U PVO","nombre":"U PVO","decreto":""},"geometry":{"type":"Polygon","coordinates":[[[-70.5787700495211,-33.39515037761035],[-70.57888261151685,-33.395060575265084],[-70.57907674066776,-33.395200256953395],[-70.57900103745175,-33.395296283866635],[-70.5787700495211,-33.39515037761035]]]}},{"type":"Feature","properties":{"comuna":"Vitacura","zona":"U PVO","zona_code":"U PVO","nombre":"U PVO","decreto":""},"geometry":{"type":"Polygon","coordinates":[[[-70.579029296126,-33.39549383757249],[-70.57917876967892,-33.3952948965349],[-70.57939611963683,-33.395426672372636],[-70.57927430559506,-33.39561931662474],[-70.579029296126,-33.39549383757249]]]}},{"type":"Feature","properties":{"comuna":"Vitacura","zona":"U POC","zona_code":"U POC","nombre":"U POC","decreto":""},"geometry":{"type":"Polygon","coordinates":[[[-70.57927430559506,-33.39561931662474],[-70.57939611963683,-33.395426672372636],[-70.57917876967892,-33.3952948965349],[-70.57932497263448,-33.39511940522821],[-70.58003320739876,-33.39558642075111],[-70.57981629636373,-33.39586120265852],[-70.57927430559506,-33.39561931662474]]]}},{"type":"Feature","properties":{"comuna":"Vitacura","zona":"U POCsz","zona_code":"U POCsz","nombre":"U POCsz","decreto":""},"geometry":{"type":"Polygon","coordinates":[[[-70.58025668972748,-33.39618547780316],[-70.57991386037224,-33.3959819563401],[-70.58015134299879,-33.39566962461412],[-70.58050737238445,-33.395905454491825],[-70.58025668972748,-33.39618547780316]]]}},{"type":"Feature","properties":{"comuna":"Vitacura","zona":"U POCsz","zona_code":"U POCsz","nombre":"U POCsz","decreto":""},"geometry":{"type":"Polygon","coordinates":[[[-70.58158709045114,-33.39699889946049],[-70.58137582392465,-33.39687287418092],[-70.58160932906189,-33.39661960530154],[-70.58180438751646,-33.3967455843279],[-70.58158709045114,-33.39699889946049]]]}},{"type":"Feature","properties":{"comuna":"Vitacura","zona":"U PVO","zona_code":"U PVO","nombre":"U PVO","decreto":""},"geometry":{"type":"Polygon","coordinates":[[[-70.58178978624568,-33.396976469326],[-70.58196560849991,-33.39704689446047],[-70.58185855067364,-33.39718692881626],[-70.5816856853056,-33.397113083923635],[-70.58178978624568,-33.396976469326]]]}},{"type":"Feature","properties":{"comuna":"Vitacura","zona":"U POCsz","zona_code":"U POCsz","nombre":"U POCsz","decreto":""},"geometry":{"type":"Polygon","coordinates":[[[-70.58279586275671,-33.39753994302923],[-70.58296955982074,-33.3972264033124],[-70.58325611843884,-33.39732519068054],[-70.5830947754918,-33.39764896237282],[-70.58279586275671,-33.39753994302923]]]}},{"type":"Feature","properties":{"comuna":"Vitacura","zona":"U PVO","zona_code":"U PVO","nombre":"U PVO","decreto":""},"geometry":{"type":"Polygon","coordinates":[[[-70.58496238406372,-33.39877181377294],[-70.58521592075691,-33.398583086968856],[-70.58557497070352,-33.39887736751144],[-70.5853433151373,-33.39906485406512],[-70.58496238406372,-33.39877181377294]]]}},{"type":"Feature","properties":{"comuna":"Vitacura","zona":"U POC","zona_code":"U POC","nombre":"U POC","decreto":""},"geometry":{"type":"Polygon","coordinates":[[[-70.58605184223521,-33.40290358972551],[-70.58631623943621,-33.402019928122826],[-70.58661078033998,-33.40207971783247],[-70.58636025084907,-33.40295951954912],[-70.58605184223521,-33.40290358972551]]]}},{"type":"Feature","properties":{"comuna":"Vitacura","zona":"U POC","zona_code":"U POC","nombre":"U POC","decreto":""},"geometry":{"type":"Polygon","coordinates":[[[-70.58610976365131,-33.4015891788736],[-70.5864936975128,-33.40165387187595],[-70.58679139681331,-33.40039716012843],[-70.58706049519049,-33.40044594355042],[-70.58665852099462,-33.40190032424138],[-70.58605365972826,-33.401789086090766],[-70.58610976365131,-33.4015891788736]]]}},{"type":"Feature","properties":{"comuna":"Vitacura","zona":"U-V","zona_code":"U-V","nombre":"U-V","decreto":""},"geometry":{"type":"Polygon","coordinates":[[[-70.58596566458539,-33.39983494810487],[-70.58638153401292,-33.39993971343628],[-70.5866685337543,-33.40013138310467],[-70.58664914530051,-33.40024846385973],[-70.58589130465099,-33.400102975772725],[-70.58596566458539,-33.39983494810487]]]}},{"type":"Feature","properties":{"comuna":"Vitacura","zona":"U POCsz","zona_code":"U POCsz","nombre":"U POCsz","decreto":""},"geometry":{"type":"Polygon","coordinates":[[[-70.56921043849209,-33.379783977482774],[-70.56982920747518,-33.37966423309859],[-70.56992378074594,-33.379771302661204],[-70.56931146741114,-33.37990995881002],[-70.5691958330194,-33.37988521335448],[-70.56921043849209,-33.379783977482774]]]}},{"type":"Feature","properties":{"comuna":"Vitacura","zona":"U PVO","zona_code":"U PVO","nombre":"U PVO","decreto":""},"geometry":{"type":"Polygon","coordinates":[[[-70.57138267157319,-33.381969126668764],[-70.57161290271323,-33.38187084607306],[-70.57291637952169,-33.38349599568705],[-70.57273037045765,-33.383581584804304],[-70.57138267157319,-33.381969126668764]]]}},{"type":"Feature","properties":{"comuna":"Vitacura","zona":"U PVO","zona_code":"U PVO","nombre":"U PVO","decreto":""},"geometry":{"type":"Polygon","coordinates":[[[-70.5708601021276,-33.381344839135394],[-70.57099474099238,-33.381281183186836],[-70.57139328312977,-33.38180681485983],[-70.5712768551034,-33.38187460199231],[-70.5708601021276,-33.381344839135394]]]}},{"type":"Feature","properties":{"comuna":"Vitacura","zona":"U PVO","zona_code":"U PVO","nombre":"U PVO","decreto":""},"geometry":{"type":"Polygon","coordinates":[[[-70.5702104400207,-33.38042319485381],[-70.57037120931821,-33.38033533342991],[-70.57103074552366,-33.38113509340435],[-70.57084576187633,-33.38124979637025],[-70.5702104400207,-33.38042319485381]]]}},{"type":"Feature","properties":{"comuna":"Vitacura","zona":"U PVO","zona_code":"U PVO","nombre":"U PVO","decreto":""},"geometry":{"type":"Polygon","coordinates":[[[-70.56975475275405,-33.37986135574955],[-70.56992378074594,-33.379771302661204],[-70.57030906905437,-33.380240673600525],[-70.57009690930549,-33.380351556404015],[-70.56975475275405,-33.37986135574955]]]}},{"type":"Feature","properties":{"comuna":"Vitacura","zona":"U AVPC","zona_code":"U AVPC","nombre":"U AVPC","decreto":""},"geometry":{"type":"Polygon","coordinates":[[[-70.56921043849209,-33.379783977482774],[-70.56944574487349,-33.37948206437691],[-70.56961290826548,-33.379485914981956],[-70.56982920747518,-33.37966423309859],[-70.56921043849209,-33.379783977482774]]]}},{"type":"Feature","properties":{"comuna":"Vitacura","zona":"U PVO","zona_code":"U PVO","nombre":"U PVO","decreto":""},"geometry":{"type":"Polygon","coordinates":[[[-70.57276394232343,-33.38369426895895],[-70.57300662516698,-33.38354802282536],[-70.57329126526477,-33.38384461026921],[-70.57293970642938,-33.38392881562908],[-70.57276394232343,-33.38369426895895]]]}},{"type":"Feature","properties":{"comuna":"Vitacura","zona":"U PVO","zona_code":"U PVO","nombre":"U PVO","decreto":""},"geometry":{"type":"MultiPolygon","coordinates":[[[[-70.57384845965746,-33.384483358763056],[-70.57616852364865,-33.38690263602134],[-70.57608306701837,-33.38698985141137],[-70.5758191352548,-33.387022854453456],[-70.57499227459371,-33.386153500591455],[-70.57509893959113,-33.38603433306097],[-70.57457977280629,-33.38596627632521],[-70.57461641845784,-33.38576953885867],[-70.57429144858793,-33.38565917643612],[-70.57433952307011,-33.38539617425403],[-70.57361899913646,-33.38463430162249],[-70.57384845965746,-33.384483358763056]]],[[[-70.57388163521281,-33.38448626579479],[-70.57387437112766,-33.38447855695545],[-70.57389721091029,-33.38448763203933],[-70.57388163521281,-33.38448626579479]]]]}},{"type":"Feature","properties":{"comuna":"Vitacura","zona":"U-V","zona_code":"U-V","nombre":"U-V","decreto":""},"geometry":{"type":"Polygon","coordinates":[[[-70.57224501735458,-33.388680274765115],[-70.57199643619936,-33.38810478518521],[-70.5737843407202,-33.38827301309417],[-70.57334488180364,-33.38874686630384],[-70.57224501735458,-33.388680274765115]]]}},{"type":"Feature","properties":{"comuna":"Vitacura","zona":"U PVO","zona_code":"U PVO","nombre":"U PVO","decreto":""},"geometry":{"type":"Polygon","coordinates":[[[-70.57042814571723,-33.38962006476497],[-70.5705718986294,-33.389412588129595],[-70.57088299387276,-33.389563536667545],[-70.57072197371207,-33.389745320385515],[-70.57042814571723,-33.38962006476497]]]}},{"type":"Feature","properties":{"comuna":"Vitacura","zona":"U PVO","zona_code":"U PVO","nombre":"U PVO","decreto":""},"geometry":{"type":"Polygon","coordinates":[[[-70.5731608400361,-33.38946255299754],[-70.57415502235091,-33.388658624572855],[-70.57434584443442,-33.38886546609474],[-70.57344667714494,-33.389676228426616],[-70.5731608400361,-33.38946255299754]]]}},{"type":"Feature","properties":{"comuna":"Vitacura","zona":"U PC","zona_code":"U PC","nombre":"U PC","decreto":""},"geometry":{"type":"Polygon","coordinates":[[[-70.57284508791619,-33.39019031457125],[-70.57248805066911,-33.3901083421196],[-70.57241264159074,-33.389927288987096],[-70.5730702104901,-33.38954030304864],[-70.57332467970782,-33.38977262439164],[-70.57284508791619,-33.39019031457125]]]}},{"type":"Feature","properties":{"comuna":"Vitacura","zona":"U PVEV","zona_code":"U PVEV","nombre":"U PVEV","decreto":""},"geometry":{"type":"Polygon","coordinates":[[[-70.57289685994637,-33.38939303499486],[-70.5730702104901,-33.38954030304864],[-70.57275537774665,-33.389750016065726],[-70.57263024610674,-33.38956351486591],[-70.57289685994637,-33.38939303499486]]]}},{"type":"Feature","properties":{"comuna":"Vitacura","zona":"U PVO","zona_code":"U PVO","nombre":"U PVO","decreto":""},"geometry":{"type":"Polygon","coordinates":[[[-70.57419849521405,-33.38852681655168],[-70.57471889532042,-33.38816430862726],[-70.5746287447509,-33.38801057145511],[-70.57503049953776,-33.38794413784864],[-70.57490177070973,-33.387764958880744],[-70.57566292082316,-33.38729486357799],[-70.57597206598042,-33.38732407673229],[-70.57442568366498,-33.388758547465066],[-70.57419849521405,-33.38852681655168]]]}},{"type":"Feature","properties":{"comuna":"Vitacura","zona":"U PVO","zona_code":"U PVO","nombre":"U PVO","decreto":""},"geometry":{"type":"Polygon","coordinates":[[[-70.57596553606503,-33.386413170699434],[-70.57626960352755,-33.38620639395588],[-70.57637312604048,-33.38631670844653],[-70.57605700467444,-33.386511127236304],[-70.57596553606503,-33.386413170699434]]]}},{"type":"Feature","properties":{"comuna":"Vitacura","zona":"U PVO","zona_code":"U PVO","nombre":"U PVO","decreto":""},"geometry":{"type":"Polygon","coordinates":[[[-70.57605700467444,-33.386511127236304],[-70.57695337549055,-33.38600616920247],[-70.57720767094128,-33.386227233476234],[-70.57664545879422,-33.38675360176512],[-70.57648685681033,-33.38663392362443],[-70.57632398848152,-33.38679968864332],[-70.57605700467444,-33.386511127236304]]]}},{"type":"Feature","properties":{"comuna":"Vitacura","zona":"U PVO","zona_code":"U PVO","nombre":"U PVO","decreto":""},"geometry":{"type":"Polygon","coordinates":[[[-70.57711218854276,-33.38550421426235],[-70.57823396277547,-33.3847820241774],[-70.5784788227349,-33.385110583273985],[-70.57728057325843,-33.38616903959239],[-70.57701572086802,-33.3859934454353],[-70.57733557703209,-33.3856881994293],[-70.57711218854276,-33.38550421426235]]]}},{"type":"Feature","properties":{"comuna":"Vitacura","zona":"U PVO","zona_code":"U PVO","nombre":"U PVO","decreto":""},"geometry":{"type":"Polygon","coordinates":[[[-70.57536453625868,-33.38546841307772],[-70.57554671603563,-33.385647486570335],[-70.57536504269366,-33.38577007244032],[-70.57520238691423,-33.38558315548604],[-70.57536453625868,-33.38546841307772]]]}},{"type":"Feature","properties":{"comuna":"Vitacura","zona":"U PVO","zona_code":"U PVO","nombre":"U PVO","decreto":""},"geometry":{"type":"Polygon","coordinates":[[[-70.5753109511185,-33.38537194828563],[-70.5751152454578,-33.385503279475884],[-70.57405544701787,-33.38435183594714],[-70.57423287562263,-33.38425413909018],[-70.57433329435725,-33.38436000447889],[-70.57454351804776,-33.38433345082618],[-70.57529135830838,-33.38513717044193],[-70.57514029988927,-33.38518155420235],[-70.5753109511185,-33.38537194828563]]]}},{"type":"Feature","properties":{"comuna":"Vitacura","zona":"U PVO","zona_code":"U PVO","nombre":"U PVO","decreto":""},"geometry":{"type":"Polygon","coordinates":[[[-70.57364990111468,-33.383856690941734],[-70.57356522503603,-33.38385499788021],[-70.57280485617999,-33.38301278550762],[-70.57324926597403,-33.38301338552141],[-70.57332310705947,-33.38321722811585],[-70.57326375615962,-33.38329441845287],[-70.57342952152887,-33.38350464303343],[-70.57365188771092,-33.383547056304046],[-70.57364990111468,-33.383856690941734]]]}},{"type":"Feature","properties":{"comuna":"Vitacura","zona":"U PVO","zona_code":"U PVO","nombre":"U PVO","decreto":""},"geometry":{"type":"Polygon","coordinates":[[[-70.57301337967621,-33.38288667228013],[-70.57271333461654,-33.382889865744495],[-70.57185935442975,-33.38183932898204],[-70.57204235694105,-33.38173216200209],[-70.57281767964713,-33.3826970648571],[-70.5729181277201,-33.382653325485464],[-70.57301337967621,-33.38288667228013]]]}},{"type":"Feature","properties":{"comuna":"Vitacura","zona":"U PVO","zona_code":"U PVO","nombre":"U PVO","decreto":""},"geometry":{"type":"Polygon","coordinates":[[[-70.57197038719785,-33.38161096717967],[-70.57175022552983,-33.38172215979669],[-70.5706642652335,-33.380328085737624],[-70.570847507015,-33.38023747903031],[-70.57197038719785,-33.38161096717967]]]}},{"type":"Feature","properties":{"comuna":"Vitacura","zona":"U POC","zona_code":"U POC","nombre":"U POC","decreto":""},"geometry":{"type":"Polygon","coordinates":[[[-70.5733895309428,-33.390101504353325],[-70.57474402163011,-33.39117754745744],[-70.57490098725113,-33.391302242840695],[-70.57450785587734,-33.391625823714],[-70.57326535797864,-33.39070856209609],[-70.57314817420855,-33.390322301009554],[-70.5733895309428,-33.390101504353325]]]}},{"type":"Feature","properties":{"comuna":"Vitacura","zona":"U PVO","zona_code":"U PVO","nombre":"U PVO","decreto":""},"geometry":{"type":"Polygon","coordinates":[[[-70.57566812886914,-33.39187095572348],[-70.57572338539929,-33.39177890335459],[-70.5762954736879,-33.39209191702748],[-70.57618568991167,-33.392221691215255],[-70.57566812886914,-33.39187095572348]]]}},{"type":"Feature","properties":{"comuna":"Vitacura","zona":"U Ee1","zona_code":"U Ee1","nombre":"U Ee1","decreto":""},"geometry":{"type":"Polygon","coordinates":[[[-70.57685199437145,-33.38796638589114],[-70.57701486868359,-33.38792280217271],[-70.57716458814082,-33.38810370694289],[-70.57697245967232,-33.38820231812058],[-70.57685199437145,-33.38796638589114]]]}},{"type":"Feature","properties":{"comuna":"Vitacura","zona":"U PVO","zona_code":"U PVO","nombre":"U PVO","decreto":""},"geometry":{"type":"Polygon","coordinates":[[[-70.57564483868553,-33.38803309902884],[-70.57629656622092,-33.3874540575023],[-70.57641455454787,-33.387561366266596],[-70.5766124496091,-33.387445650424525],[-70.57694742053455,-33.387835204556175],[-70.57663990905111,-33.38793629885045],[-70.57652330296068,-33.387717551508175],[-70.57610807592539,-33.387850223062266],[-70.57617030098133,-33.38793224013799],[-70.5759509555234,-33.38797961439948],[-70.57607648126627,-33.38812152265168],[-70.57577564931404,-33.38822041966822],[-70.57564483868553,-33.38803309902884]]]}},{"type":"Feature","properties":{"comuna":"Vitacura","zona":"U PVO","zona_code":"U PVO","nombre":"U PVO","decreto":""},"geometry":{"type":"Polygon","coordinates":[[[-70.57695078264553,-33.38853854917162],[-70.57660209267212,-33.38806167057286],[-70.57685199437145,-33.38796638589114],[-70.57697245967232,-33.38820231812058],[-70.57716458814082,-33.38810370694289],[-70.57737482009297,-33.38836312170902],[-70.57695078264553,-33.38853854917162]]]}},{"type":"Feature","properties":{"comuna":"Vitacura","zona":"U PVO","zona_code":"U PVO","nombre":"U PVO","decreto":""},"geometry":{"type":"Polygon","coordinates":[[[-70.57718486094066,-33.38859280152686],[-70.57743439717923,-33.38850021141663],[-70.57779235084676,-33.388829720021015],[-70.57761208415491,-33.389004513560984],[-70.57718486094066,-33.38859280152686]]]}},{"type":"Feature","properties":{"comuna":"Vitacura","zona":"U PVO","zona_code":"U PVO","nombre":"U PVO","decreto":""},"geometry":{"type":"Polygon","coordinates":[[[-70.57773750387346,-33.38914900788099],[-70.57792852597304,-33.38899125303042],[-70.57886706697089,-33.39016403188271],[-70.57867210574545,-33.39027842075542],[-70.57773750387346,-33.38914900788099]]]}},{"type":"Feature","properties":{"comuna":"Vitacura","zona":"U PVO","zona_code":"U PVO","nombre":"U PVO","decreto":""},"geometry":{"type":"Polygon","coordinates":[[[-70.57876563484231,-33.39037375339272],[-70.57898269309058,-33.3902347405687],[-70.57990546341385,-33.39137239353641],[-70.5796766332759,-33.391499018601955],[-70.57951502217999,-33.391299419969165],[-70.57944481618304,-33.39133969185091],[-70.57878690926302,-33.39053991098788],[-70.57886104496924,-33.390496521397424],[-70.57876563484231,-33.39037375339272]]]}},{"type":"Feature","properties":{"comuna":"Vitacura","zona":"U PVO","zona_code":"U PVO","nombre":"U PVO","decreto":""},"geometry":{"type":"Polygon","coordinates":[[[-70.57979880170042,-33.39158095952539],[-70.57999184570076,-33.39147663804032],[-70.58077294337876,-33.39243365022053],[-70.58092923489248,-33.39282177150182],[-70.58063830301087,-33.39296472391383],[-70.58045275191759,-33.3927735094362],[-70.57980703595541,-33.39185100407647],[-70.5799525146533,-33.391772267572236],[-70.57979880170042,-33.39158095952539]]]}},{"type":"Feature","properties":{"comuna":"Vitacura","zona":"U PVO","zona_code":"U PVO","nombre":"U PVO","decreto":""},"geometry":{"type":"Polygon","coordinates":[[[-70.57560086554723,-33.388534914203646],[-70.57519582491138,-33.38863255288768],[-70.57534972331285,-33.38874525612963],[-70.57501719108906,-33.3888322842044],[-70.57510943697197,-33.388894811515314],[-70.57494190445438,-33.389014963605405],[-70.57472695638434,-33.388813255906385],[-70.57537190216425,-33.38829920742478],[-70.57560086554723,-33.388534914203646]]]}},{"type":"Feature","properties":{"comuna":"Vitacura","zona":"U PVO","zona_code":"U PVO","nombre":"U PVO","decreto":""},"geometry":{"type":"Polygon","coordinates":[[[-70.57384058347132,-33.389959576248195],[-70.57364658754763,-33.39014344403885],[-70.57349522987204,-33.390024039142396],[-70.57367422560507,-33.38985473996411],[-70.57384058347132,-33.389959576248195]]]}},{"type":"Feature","properties":{"comuna":"Vitacura","zona":"U PVO","zona_code":"U PVO","nombre":"U PVO","decreto":""},"geometry":{"type":"Polygon","coordinates":[[[-70.57409709525824,-33.389801652105724],[-70.57391206846071,-33.38995193991199],[-70.57372770044199,-33.38982304183532],[-70.57390940810812,-33.38964654727272],[-70.57409709525824,-33.389801652105724]]]}},{"type":"Feature","properties":{"comuna":"Vitacura","zona":"U PVO","zona_code":"U PVO","nombre":"U PVO","decreto":""},"geometry":{"type":"Polygon","coordinates":[[[-70.57431827390174,-33.38960556953919],[-70.57413228448097,-33.38977391762092],[-70.57395142079275,-33.38961022367954],[-70.57411649591923,-33.389457802653624],[-70.57431827390174,-33.38960556953919]]]}},{"type":"Feature","properties":{"comuna":"Vitacura","zona":"U PVO","zona_code":"U PVO","nombre":"U PVO","decreto":""},"geometry":{"type":"Polygon","coordinates":[[[-70.57434580832016,-33.38955511000629],[-70.57416398130304,-33.38940947633441],[-70.57462831058699,-33.38897408044224],[-70.57482358830771,-33.38915432692567],[-70.5746083864624,-33.38932157735902],[-70.5748162286677,-33.38947818482479],[-70.57474169209937,-33.38955556768194],[-70.5744961210677,-33.38941217923875],[-70.57434580832016,-33.38955511000629]]]}},{"type":"Feature","properties":{"comuna":"Vitacura","zona":"U PVO","zona_code":"U PVO","nombre":"U PVO","decreto":""},"geometry":{"type":"Polygon","coordinates":[[[-70.57828510994307,-33.38864578415985],[-70.5779814884091,-33.38876522815473],[-70.57722188593026,-33.387852045476805],[-70.57742268412275,-33.38774245286075],[-70.57745897213653,-33.387917456429335],[-70.57751858187443,-33.387889626985185],[-70.57788190040205,-33.38838609800109],[-70.57801241078852,-33.3883249868193],[-70.57828510994307,-33.38864578415985]]]}},{"type":"Feature","properties":{"comuna":"Vitacura","zona":"U PVO","zona_code":"U PVO","nombre":"U PVO","decreto":""},"geometry":{"type":"Polygon","coordinates":[[[-70.5772466603737,-33.38764890906701],[-70.57711710730548,-33.38772228680473],[-70.57676063864959,-33.387315061383724],[-70.57685101415576,-33.38720057253419],[-70.57705228279032,-33.3873203031165],[-70.5772466603737,-33.38764890906701]]]}},{"type":"Feature","properties":{"comuna":"Vitacura","zona":"U PVO","zona_code":"U PVO","nombre":"U PVO","decreto":""},"geometry":{"type":"Polygon","coordinates":[[[-70.57742794147674,-33.386795173827764],[-70.57702632519764,-33.38706412282319],[-70.5768713206223,-33.386946785760955],[-70.57764472296171,-33.38626287194113],[-70.57782052132046,-33.386490024745335],[-70.5773747243338,-33.38665146843876],[-70.57742794147674,-33.386795173827764]]]}},{"type":"Feature","properties":{"comuna":"Vitacura","zona":"U PVO","zona_code":"U PVO","nombre":"U PVO","decreto":""},"geometry":{"type":"Polygon","coordinates":[[[-70.57791533737544,-33.38637706412313],[-70.5777381831382,-33.38613561639636],[-70.57869888804962,-33.38538965917655],[-70.5788155066762,-33.38554453022391],[-70.57791533737544,-33.38637706412313]]]}},{"type":"Feature","properties":{"comuna":"Vitacura","zona":"U PVO","zona_code":"U PVO","nombre":"U PVO","decreto":""},"geometry":{"type":"Polygon","coordinates":[[[-70.5817294558546,-33.394945124612846],[-70.58196976714106,-33.39486331887506],[-70.58223567041068,-33.39540873796925],[-70.5819927757093,-33.395574091526164],[-70.5817294558546,-33.394945124612846]]]}},{"type":"Feature","properties":{"comuna":"Vitacura","zona":"U PVO","zona_code":"U PVO","nombre":"U PVO","decreto":""},"geometry":{"type":"Polygon","coordinates":[[[-70.58141615534106,-33.394403414417425],[-70.58168984923883,-33.394316088308585],[-70.58191971708891,-33.39475697851061],[-70.58167950506392,-33.39484413081803],[-70.58141615534106,-33.394403414417425]]]}},{"type":"Feature","properties":{"comuna":"Vitacura","zona":"U PVO","zona_code":"U PVO","nombre":"U PVO","decreto":""},"geometry":{"type":"Polygon","coordinates":[[[-70.58123336909887,-33.39403295241547],[-70.5815142704012,-33.393940800167464],[-70.58167384995309,-33.39427043891401],[-70.58139945127041,-33.39435873533511],[-70.58123336909887,-33.39403295241547]]]}},{"type":"Feature","properties":{"comuna":"Vitacura","zona":"U PVO","zona_code":"U PVO","nombre":"U PVO","decreto":""},"geometry":{"type":"Polygon","coordinates":[[[-70.58102181290411,-33.39363403918351],[-70.5812927483296,-33.393528674363836],[-70.58146740745212,-33.393842849401025],[-70.58120323141581,-33.393959953446675],[-70.58102181290411,-33.39363403918351]]]}},{"type":"Feature","properties":{"comuna":"Vitacura","zona":"U PVO","zona_code":"U PVO","nombre":"U PVO","decreto":""},"geometry":{"type":"Polygon","coordinates":[[[-70.58084915505336,-33.393041021968614],[-70.58102691373391,-33.392947436178055],[-70.58123799125362,-33.39345060696371],[-70.58112190787662,-33.39348071990886],[-70.58084915505336,-33.393041021968614]]]}},{"type":"Feature","properties":{"comuna":"Vitacura","zona":"U POC","zona_code":"U POC","nombre":"U POC","decreto":""},"geometry":{"type":"Polygon","coordinates":[[[-70.58236413423947,-33.396703361050584],[-70.58284578824932,-33.39636187360969],[-70.58299332253718,-33.396568172818334],[-70.58270880594422,-33.396849464157334],[-70.58236413423947,-33.396703361050584]]]}},{"type":"Feature","properties":{"comuna":"Vitacura","zona":"U PVO","zona_code":"U PVO","nombre":"U PVO","decreto":""},"geometry":{"type":"Polygon","coordinates":[[[-70.58016884491718,-33.395087829442986],[-70.58027257002512,-33.39498354296254],[-70.58042908818754,-33.395101945464354],[-70.58033177689175,-33.395206321726555],[-70.58016884491718,-33.395087829442986]]]}},{"type":"Feature","properties":{"comuna":"Vitacura","zona":"U PVO","zona_code":"U PVO","nombre":"U PVO","decreto":""},"geometry":{"type":"Polygon","coordinates":[[[-70.57978019068234,-33.3947975258661],[-70.57988437281081,-33.39469923656049],[-70.58023069023666,-33.394951471109124],[-70.58013906745181,-33.395035654624856],[-70.57978019068234,-33.3947975258661]]]}},{"type":"Feature","properties":{"comuna":"Vitacura","zona":"U PVO","zona_code":"U PVO","nombre":"U PVO","decreto":""},"geometry":{"type":"Polygon","coordinates":[[[-70.57954453229182,-33.39430293366889],[-70.57990099612006,-33.39455859959926],[-70.57970359685187,-33.39474695530867],[-70.57933465069661,-33.39445463171961],[-70.57954453229182,-33.39430293366889]]]}},{"type":"Feature","properties":{"comuna":"Vitacura","zona":"U PVO","zona_code":"U PVO","nombre":"U PVO","decreto":""},"geometry":{"type":"Polygon","coordinates":[[[-70.58743927680955,-33.397597481608905],[-70.58781186965022,-33.39673370664873],[-70.58833112141546,-33.39689528252222],[-70.58794841920911,-33.397751326080844],[-70.58743927680955,-33.397597481608905]]]}},{"type":"Feature","properties":{"comuna":"Vitacura","zona":"U PVEV","zona_code":"U PVEV","nombre":"U PVEV","decreto":""},"geometry":{"type":"Polygon","coordinates":[[[-70.58385579963799,-33.39647100661005],[-70.58345609533383,-33.39609353860221],[-70.58388950801505,-33.39591603996001],[-70.58419661868606,-33.39624443370921],[-70.58385579963799,-33.39647100661005]]]}},{"type":"Feature","properties":{"comuna":"Vitacura","zona":"U Ee1","zona_code":"U Ee1","nombre":"U Ee1","decreto":""},"geometry":{"type":"Polygon","coordinates":[[[-70.58290158389535,-33.39585324522539],[-70.58361715139655,-33.395547040892886],[-70.58388950801505,-33.39591603996001],[-70.58345609533383,-33.39609353860221],[-70.58335429983828,-33.39587610194051],[-70.58302758007183,-33.39603749317456],[-70.58290158389535,-33.39585324522539]]]}},{"type":"Feature","properties":{"comuna":"Vitacura","zona":"U PVO","zona_code":"U PVO","nombre":"U PVO","decreto":""},"geometry":{"type":"Polygon","coordinates":[[[-70.59527678250825,-33.39054204151437],[-70.5959632440929,-33.390210687762014],[-70.59614782107823,-33.39043354670934],[-70.59545520591288,-33.39076331762134],[-70.59527678250825,-33.39054204151437]]]}},{"type":"Feature","properties":{"comuna":"Vitacura","zona":"U PVO","zona_code":"U PVO","nombre":"U PVO","decreto":""},"geometry":{"type":"Polygon","coordinates":[[[-70.5924396971748,-33.392007440665836],[-70.5946939933863,-33.39068109310496],[-70.59484576180598,-33.39086032700613],[-70.59518718680421,-33.39067751382339],[-70.59531591665183,-33.39082865243561],[-70.59263545249546,-33.39222664691871],[-70.5924396971748,-33.392007440665836]]]}},{"type":"Feature","properties":{"comuna":"Vitacura","zona":"U PVO","zona_code":"U PVO","nombre":"U PVO","decreto":""},"geometry":{"type":"Polygon","coordinates":[[[-70.59227145841703,-33.3921078312438],[-70.59244652872036,-33.39234897001821],[-70.5915793024704,-33.39299049647895],[-70.5913531211307,-33.39275670913318],[-70.59227145841703,-33.3921078312438]]]}},{"type":"Feature","properties":{"comuna":"Vitacura","zona":"U PVO","zona_code":"U PVO","nombre":"U PVO","decreto":""},"geometry":{"type":"Polygon","coordinates":[[[-70.59018682085679,-33.39299242663523],[-70.59049208375382,-33.39270541091861],[-70.59097362520772,-33.39304269839628],[-70.5912241161649,-33.39282072791773],[-70.59146130666383,-33.39307387031742],[-70.59081919360288,-33.393661933947214],[-70.59052641089701,-33.393438987860534],[-70.59069885644762,-33.393286179264045],[-70.59018682085679,-33.39299242663523]]]}},{"type":"Feature","properties":{"comuna":"Vitacura","zona":"U PVO","zona_code":"U PVO","nombre":"U PVO","decreto":""},"geometry":{"type":"Polygon","coordinates":[[[-70.59005882007959,-33.39415986838032],[-70.59061251691234,-33.39364657758738],[-70.59071365589129,-33.393724134422875],[-70.59022852464464,-33.39426365263329],[-70.59005882007959,-33.39415986838032]]]}},{"type":"Feature","properties":{"comuna":"Vitacura","zona":"U PVO","zona_code":"U PVO","nombre":"U PVO","decreto":""},"geometry":{"type":"Polygon","coordinates":[[[-70.58745489572998,-33.396404326025674],[-70.58763819476205,-33.39611653013957],[-70.5881412938583,-33.396313924653704],[-70.58858432827897,-33.39543630064207],[-70.5880008713633,-33.39527390972326],[-70.58851221151022,-33.39444070756861],[-70.58896656910396,-33.39418576069878],[-70.58921074666947,-33.39425057808009],[-70.58939008004236,-33.39392793006659],[-70.5900898239808,-33.3943949980543],[-70.58885498538561,-33.39594271315855],[-70.58839990118841,-33.39674058368019],[-70.58745489572998,-33.396404326025674]]]}},{"type":"Feature","properties":{"comuna":"Vitacura","zona":"U POC","zona_code":"U POC","nombre":"U POC","decreto":""},"geometry":{"type":"Polygon","coordinates":[[[-70.58954275908165,-33.39978225522704],[-70.58949800159677,-33.399873685661],[-70.58926761326813,-33.399767999603746],[-70.58929502458977,-33.3997109784958],[-70.58954275908165,-33.39978225522704]]]}},{"type":"Feature","properties":{"comuna":"Vitacura","zona":"U POC","zona_code":"U POC","nombre":"U POC","decreto":""},"geometry":{"type":"Polygon","coordinates":[[[-70.58864380760478,-33.39974751911682],[-70.58796919580008,-33.399546013304786],[-70.58804712069644,-33.39925807126323],[-70.58872817754316,-33.399505252726804],[-70.58864380760478,-33.39974751911682]]]}},{"type":"Feature","properties":{"comuna":"Vitacura","zona":"U POC","zona_code":"U POC","nombre":"U POC","decreto":""},"geometry":{"type":"Polygon","coordinates":[[[-70.58798476694996,-33.401895134349694],[-70.58791254710601,-33.40213922604517],[-70.58728546300209,-33.40202330385611],[-70.58792549259422,-33.39967432046478],[-70.58821935164464,-33.39976532707168],[-70.58783596981291,-33.4013469640309],[-70.58811043583039,-33.40141683722596],[-70.58806486534421,-33.40159028386308],[-70.58777076471205,-33.40151978348591],[-70.58768544751759,-33.401839362740965],[-70.58798476694996,-33.401895134349694]]]}},{"type":"Feature","properties":{"comuna":"Vitacura","zona":"U POC","zona_code":"U POC","nombre":"U POC","decreto":""},"geometry":{"type":"Polygon","coordinates":[[[-70.58776149974892,-33.40267892591869],[-70.58772976818456,-33.40307079454876],[-70.58781487630164,-33.40337035764942],[-70.58689129535185,-33.40358261183855],[-70.58724157271536,-33.40219417469266],[-70.58750057106474,-33.40224007232014],[-70.5874647879413,-33.40265114789532],[-70.58776149974892,-33.40267892591869]]]}},{"type":"Feature","properties":{"comuna":"Vitacura","zona":"U POC","zona_code":"U POC","nombre":"U POC","decreto":""},"geometry":{"type":"Polygon","coordinates":[[[-70.58972587319154,-33.39992074051623],[-70.58978103748396,-33.399811318370006],[-70.58995342721174,-33.39993618404931],[-70.58993291083543,-33.39998118736495],[-70.58972587319154,-33.39992074051623]]]}},{"type":"Feature","properties":{"comuna":"Vitacura","zona":"U-V","zona_code":"U-V","nombre":"U-V","decreto":""},"geometry":{"type":"Polygon","coordinates":[[[-70.58783596981291,-33.4013469640309],[-70.58821935164464,-33.39976532707168],[-70.58856919833136,-33.3998736727444],[-70.58811043583039,-33.40141683722596],[-70.58783596981291,-33.4013469640309]]]}},{"type":"Feature","properties":{"comuna":"Vitacura","zona":"U PVO","zona_code":"U PVO","nombre":"U PVO","decreto":""},"geometry":{"type":"Polygon","coordinates":[[[-70.59332721947433,-33.39304513698184],[-70.5930130689742,-33.392681655761834],[-70.59594348897951,-33.39115445626816],[-70.59614034833437,-33.39154130323155],[-70.59332721947433,-33.39304513698184]]]}},{"type":"Feature","properties":{"comuna":"Vitacura","zona":"U PVO","zona_code":"U PVO","nombre":"U PVO","decreto":""},"geometry":{"type":"Polygon","coordinates":[[[-70.5920164680116,-33.393868944024035],[-70.59176506408213,-33.393607147077475],[-70.59284246148722,-33.39278919396656],[-70.59308639580192,-33.39307358922819],[-70.5920164680116,-33.393868944024035]]]}},{"type":"Feature","properties":{"comuna":"Vitacura","zona":"U PVO","zona_code":"U PVO","nombre":"U PVO","decreto":""},"geometry":{"type":"Polygon","coordinates":[[[-70.59113509138919,-33.39486138463331],[-70.59073570978877,-33.39460403192852],[-70.59119254783928,-33.39411199952203],[-70.59150843889577,-33.394335883046836],[-70.59113509138919,-33.39486138463331]]]}},{"type":"Feature","properties":{"comuna":"Vitacura","zona":"U PVO","zona_code":"U PVO","nombre":"U PVO","decreto":""},"geometry":{"type":"Polygon","coordinates":[[[-70.58944180282298,-33.3961628541677],[-70.59059895705249,-33.39474078022138],[-70.59106316186728,-33.39504738137512],[-70.59069475581552,-33.395474308262045],[-70.59077096080102,-33.39550599592034],[-70.59062131969164,-33.39572367488809],[-70.5908370930624,-33.39580677633236],[-70.59040671836848,-33.39645633213643],[-70.58944180282298,-33.3961628541677]]]}},{"type":"Feature","properties":{"comuna":"Vitacura","zona":"U PVO","zona_code":"U PVO","nombre":"U PVO","decreto":""},"geometry":{"type":"Polygon","coordinates":[[[-70.5898378404123,-33.39640417212456],[-70.58946163438003,-33.39710595341157],[-70.58900501904769,-33.39694873954613],[-70.58938708628618,-33.39625485046553],[-70.5898378404123,-33.39640417212456]]]}},{"type":"Feature","properties":{"comuna":"Vitacura","zona":"U PVO","zona_code":"U PVO","nombre":"U PVO","decreto":""},"geometry":{"type":"Polygon","coordinates":[[[-70.5883430080211,-33.39841742599708],[-70.58891160212103,-33.39712566360052],[-70.5893823040271,-33.39725926295677],[-70.58918377670267,-33.397690443694415],[-70.58931411967015,-33.397758840824594],[-70.58911655077512,-33.39816903863093],[-70.5895214304132,-33.39827751099898],[-70.58932545344794,-33.398763212582594],[-70.5883430080211,-33.39841742599708]]]}},{"type":"Feature","properties":{"comuna":"Vitacura","zona":"U PVO","zona_code":"U PVO","nombre":"U PVO","decreto":""},"geometry":{"type":"Polygon","coordinates":[[[-70.59152543817885,-33.3942330010533],[-70.59127650804044,-33.394036356562076],[-70.59165764252128,-33.39368309134086],[-70.59189577795212,-33.3939119115333],[-70.59152543817885,-33.3942330010533]]]}},{"type":"Feature","properties":{"comuna":"Vitacura","zona":"U PVO","zona_code":"U PVO","nombre":"U PVO","decreto":""},"geometry":{"type":"Polygon","coordinates":[[[-70.59303192787243,-33.399668568645595],[-70.59298078258033,-33.39936102469437],[-70.59352850054805,-33.39929259496487],[-70.59358896240082,-33.399575481688515],[-70.59303192787243,-33.399668568645595]]]}},{"type":"Feature","properties":{"comuna":"Vitacura","zona":"U PVEV","zona_code":"U PVEV","nombre":"U PVEV","decreto":""},"geometry":{"type":"Polygon","coordinates":[[[-70.5965309336079,-33.40527671212784],[-70.59666064039911,-33.40513545590493],[-70.59700473526462,-33.40536455253241],[-70.59692128613345,-33.40546060410844],[-70.5965309336079,-33.40527671212784]]]}},{"type":"Feature","properties":{"comuna":"Vitacura","zona":"U PVEV","zona_code":"U PVEV","nombre":"U PVEV","decreto":""},"geometry":{"type":"Polygon","coordinates":[[[-70.59409808012744,-33.402910089408806],[-70.59419792685858,-33.40279317410307],[-70.59448681906406,-33.40296274540617],[-70.59435457791523,-33.403109147217535],[-70.59409808012744,-33.402910089408806]]]}},{"type":"Feature","properties":{"comuna":"Vitacura","zona":"U PVEV","zona_code":"U PVEV","nombre":"U PVEV","decreto":""},"geometry":{"type":"Polygon","coordinates":[[[-70.59317703444016,-33.40254090911855],[-70.59321849852071,-33.402706826681076],[-70.59297401272717,-33.40283752908187],[-70.59281690237457,-33.402531908640746],[-70.5929676116894,-33.402486851046454],[-70.5930510227434,-33.402614631372614],[-70.59317703444016,-33.40254090911855]]]}},{"type":"Feature","properties":{"comuna":"Vitacura","zona":"U PVEV","zona_code":"U PVEV","nombre":"U PVEV","decreto":""},"geometry":{"type":"Polygon","coordinates":[[[-70.59076823852082,-33.403563776219535],[-70.59094765986981,-33.403808439093176],[-70.59064936967981,-33.403974115027076],[-70.59051501669107,-33.40370503822172],[-70.59076823852082,-33.403563776219535]]]}},{"type":"Feature","properties":{"comuna":"Vitacura","zona":"U PVEV","zona_code":"U PVEV","nombre":"U PVEV","decreto":""},"geometry":{"type":"Polygon","coordinates":[[[-70.58842021881003,-33.40370532951454],[-70.58848622854497,-33.40398523838845],[-70.58819754982675,-33.40402098787307],[-70.58817566621616,-33.40375640796976],[-70.58842021881003,-33.40370532951454]]]}},{"type":"Feature","properties":{"comuna":"Vitacura","zona":"U PVEV","zona_code":"U PVEV","nombre":"U PVEV","decreto":""},"geometry":{"type":"Polygon","coordinates":[[[-70.58768544751759,-33.401839362740965],[-70.58777076471205,-33.40151978348591],[-70.58806486534421,-33.40159028386308],[-70.58798476694996,-33.401895134349694],[-70.58768544751759,-33.401839362740965]]]}},{"type":"Feature","properties":{"comuna":"Vitacura","zona":"U PVO","zona_code":"U PVO","nombre":"U PVO","decreto":""},"geometry":{"type":"Polygon","coordinates":[[[-70.5878569231575,-33.40395495783095],[-70.58848622854497,-33.40398523838845],[-70.58842722875623,-33.40432650039471],[-70.58790469505034,-33.404233682780834],[-70.5878569231575,-33.40395495783095]]]}},{"type":"Feature","properties":{"comuna":"Vitacura","zona":"U POC","zona_code":"U POC","nombre":"U POC","decreto":""},"geometry":{"type":"Polygon","coordinates":[[[-70.59916359596804,-33.400873015485246],[-70.60108862360512,-33.40039661285072],[-70.60160716640345,-33.40316098393546],[-70.60069213732024,-33.40334544788245],[-70.6007111821777,-33.40343245511284],[-70.59989187657911,-33.40345128345576],[-70.59944933981225,-33.40111065512427],[-70.5992039441384,-33.40117967113026],[-70.59916359596804,-33.400873015485246]]]}},{"type":"Feature","properties":{"comuna":"Vitacura","zona":"U POC","zona_code":"U POC","nombre":"U POC","decreto":""},"geometry":{"type":"Polygon","coordinates":[[[-70.59836981491807,-33.40107075592136],[-70.59899985411408,-33.40091052153779],[-70.59909624422963,-33.401620345755596],[-70.59877272843478,-33.401665372494506],[-70.5988241510335,-33.4020253502058],[-70.5985016966262,-33.40205033992887],[-70.59836981491807,-33.40107075592136]]]}},{"type":"Feature","properties":{"comuna":"Vitacura","zona":"U PVO","zona_code":"U PVO","nombre":"U PVO","decreto":""},"geometry":{"type":"Polygon","coordinates":[[[-70.59729804069018,-33.40175139284499],[-70.59748374871316,-33.40173652280904],[-70.59754449887183,-33.40213126781095],[-70.59736248322274,-33.402146421382156],[-70.59729804069018,-33.40175139284499]]]}},{"type":"Feature","properties":{"comuna":"Vitacura","zona":"U POC","zona_code":"U POC","nombre":"U POC","decreto":""},"geometry":{"type":"Polygon","coordinates":[[[-70.59640016838665,-33.40393722348531],[-70.59630594283,-33.40381796821206],[-70.59638917646879,-33.403702363409074],[-70.59636271973433,-33.40334478510761],[-70.59666328228096,-33.40331173339661],[-70.59671853994745,-33.4036671047619],[-70.5968835947806,-33.40366975269454],[-70.59692186590131,-33.404051039627824],[-70.59670696806894,-33.404123004052146],[-70.5966272293969,-33.40384287989957],[-70.59640016838665,-33.40393722348531]]]}},{"type":"Feature","properties":{"comuna":"Vitacura","zona":"U PVOsz","zona_code":"U PVOsz","nombre":"U PVOsz","decreto":""},"geometry":{"type":"Polygon","coordinates":[[[-70.59805905509054,-33.4044357136595],[-70.59809691750829,-33.40478815370011],[-70.59761061533585,-33.404803935691724],[-70.59756152874265,-33.4044540515404],[-70.59805905509054,-33.4044357136595]]]}},{"type":"Feature","properties":{"comuna":"Vitacura","zona":"U PVO","zona_code":"U PVO","nombre":"U PVO","decreto":""},"geometry":{"type":"Polygon","coordinates":[[[-70.59800067084606,-33.404089141978275],[-70.59821939529624,-33.404070836005936],[-70.5982409573579,-33.40442621138133],[-70.59805905509054,-33.4044357136595],[-70.59800067084606,-33.404089141978275]]]}},{"type":"Feature","properties":{"comuna":"Vitacura","zona":"U PVO","zona_code":"U PVO","nombre":"U PVO","decreto":""},"geometry":{"type":"Polygon","coordinates":[[[-70.5992938766267,-33.404805377957096],[-70.59956511707743,-33.40477623239133],[-70.59961234821068,-33.405101405669875],[-70.59933599625394,-33.40514728144756],[-70.5992938766267,-33.404805377957096]]]}},{"type":"Feature","properties":{"comuna":"Vitacura","zona":"U PVEV","zona_code":"U PVEV","nombre":"U PVEV","decreto":""},"geometry":{"type":"MultiPolygon","coordinates":[[[[-70.5988295036902,-33.39433219333672],[-70.59906740608845,-33.394824685364064],[-70.59925200353436,-33.394818092603614],[-70.59974034535323,-33.39581604885852],[-70.59958645999559,-33.39596495188683],[-70.59982611367859,-33.3965815994578],[-70.59928654817794,-33.396731928898646],[-70.59895828649911,-33.396670542099635],[-70.59793878287388,-33.394589851398855],[-70.5988295036902,-33.39433219333672]]],[[[-70.5988068527724,-33.39428627669596],[-70.59879659917536,-33.39426548791862],[-70.5988200649935,-33.39428187499751],[-70.5988068527724,-33.39428627669596]]]]}},{"type":"Feature","properties":{"comuna":"Vitacura","zona":"U PVEV","zona_code":"U PVEV","nombre":"U PVEV","decreto":""},"geometry":{"type":"Polygon","coordinates":[[[-70.59952366476904,-33.39859910891384],[-70.59907672741787,-33.39699321105785],[-70.59991980593647,-33.39674404104224],[-70.60011791027837,-33.39737763180298],[-70.60032761288237,-33.39741274653115],[-70.6004540935711,-33.39784952299477],[-70.59974338473927,-33.39798320293882],[-70.59981108100389,-33.39814835340292],[-70.6000912911692,-33.398119556690865],[-70.600260153303,-33.398451250765376],[-70.59952366476904,-33.39859910891384]]]}},{"type":"Feature","properties":{"comuna":"Vitacura","zona":"U PVO","zona_code":"U PVO","nombre":"U PVO","decreto":""},"geometry":{"type":"Polygon","coordinates":[[[-70.60028704724502,-33.39667459300759],[-70.60063335703194,-33.397837250358286],[-70.60045407756344,-33.39784947089453],[-70.60032761288237,-33.39741274653115],[-70.60011791027837,-33.39737763180298],[-70.59991980593647,-33.39674404104224],[-70.60028704724502,-33.39667459300759]]]}},{"type":"Feature","properties":{"comuna":"Vitacura","zona":"U POC","zona_code":"U POC","nombre":"U POC","decreto":""},"geometry":{"type":"Polygon","coordinates":[[[-70.60063335703194,-33.397837250358286],[-70.6007207200498,-33.39833589328668],[-70.600260153303,-33.398451250765376],[-70.6000912911692,-33.398119556690865],[-70.59981108100389,-33.39814835340292],[-70.59974338473927,-33.39798320293882],[-70.60063335703194,-33.397837250358286]]]}},{"type":"Feature","properties":{"comuna":"Vitacura","zona":"U POC","zona_code":"U POC","nombre":"U POC","decreto":""},"geometry":{"type":"Polygon","coordinates":[[[-70.59913536316512,-33.397955256709295],[-70.5993187913502,-33.39865083376696],[-70.59805399143177,-33.39890574504376],[-70.59795094179348,-33.39816001104509],[-70.59913536316512,-33.397955256709295]]]}},{"type":"Feature","properties":{"comuna":"Vitacura","zona":"U PVEV","zona_code":"U PVEV","nombre":"U PVEV","decreto":""},"geometry":{"type":"Polygon","coordinates":[[[-70.59891718738533,-33.40040962997416],[-70.5985932179034,-33.400428122669204],[-70.59853270493765,-33.39901434047442],[-70.5993337825696,-33.398838191748034],[-70.59965786653696,-33.40025581139929],[-70.59907745841767,-33.40034229802935],[-70.59901381373227,-33.39978321985843],[-70.5988376535321,-33.399795035379775],[-70.59891718738533,-33.40040962997416]]]}}]}